dte,short_delta,long_delta,profit_target,stop_loss,dte_min,vix_min,initial_capital,final_value,total_pnl,total_return_pct,annualized_return_pct,sharpe_ratio,sortino_ratio,max_drawdown_pct,calmar_ratio,volatility_pct,total_trades,winning_trades,losing_trades,win_rate_pct,avg_win,avg_loss,largest_win,largest_loss,profit_factor,avg_days_in_trade,positive_months,total_months,positive_months_pct,best_month_pct,worst_month_pct,avg_monthly_return_pct,below_min_trades,stability_score,stability_n
30,0.1,0.12000000000000001,0.9,0.1,13,15,20000,33001.40404842695,13001.40404842695,65.00702024213474,8.765647891127081,3.4121538941455185,3.5796871098142238,-0.7263054590830308,12.068817302012041,1.883624585188171,51,51,0,100.0,258.49811859660645,0.0,611.8048676280877,0.0,inf,14.784313725490197,38,71,53.52112676056338,3.70727659383141,0.0,0.7118240396917804,,2.761534217090915,11
30,0.1,0.12000000000000001,0.9,0.1,5,20,20000,32926.52838381286,12926.52838381286,64.6326419190643,8.724205860714873,3.404473084610389,3.5275156966987113,-0.7249892449143795,12.033565907236586,1.876630705949491,49,49,0,100.0,267.4413955880172,0.0,611.8048676280877,0.0,inf,15.224489795918368,37,71,52.112676056338024,3.2956951052180106,0.0,0.7085237407458572,,2.60035958536445,19
30,0.1,0.12000000000000001,0.9,0.1,5,20,20000,32926.52838381286,12926.52838381286,64.6326419190643,8.724205860714873,3.404473084610389,3.5275156966987113,-0.7249892449143795,12.033565907236586,1.876630705949491,49,49,0,100.0,267.4413955880172,0.0,611.8048676280877,0.0,inf,15.224489795918368,37,71,52.112676056338024,3.2956951052180106,0.0,0.7085237407458572,,2.60035958536445,19
30,0.1,0.12000000000000001,0.9,0.1,5,20,20000,32926.52838381286,12926.52838381286,64.6326419190643,8.724205860714873,3.404473084610389,3.5275156966987113,-0.7249892449143795,12.033565907236586,1.876630705949491,49,49,0,100.0,267.4413955880172,0.0,611.8048676280877,0.0,inf,15.224489795918368,37,71,52.112676056338024,3.2956951052180106,0.0,0.7085237407458572,,2.60035958536445,19
30,0.1,0.12000000000000001,0.8,0.30000000000000004,5,15,20000,33476.38235471065,13476.382354710651,67.38191177355326,9.026730348992862,3.394939293845192,3.4879928208557387,-0.7265247748769432,12.42453204781872,1.9643222531043687,53,53,0,100.0,257.63174254170997,0.0,587.0090008961095,0.0,inf,14.018867924528301,37,71,52.112676056338024,3.502411612463807,0.0,0.7323614552278559,,2.556996011902571,11
30,0.1,0.12000000000000001,0.8,0.2,11,15,20000,33518.61408758386,13518.614087583861,67.5930704379193,9.049794427906455,3.3885196486289257,3.392879424693437,-0.7220058177695867,12.53424031382876,1.9743507064465977,53,53,0,100.0,258.4776242940349,0.0,587.0090008961095,0.0,inf,13.81132075471698,37,71,52.112676056338024,3.4973426440406685,0.0,0.7340740398766445,,2.7674026015424102,19
30,0.1,0.12000000000000001,0.9,0.2,9,15,20000,32853.01172462927,12853.011724629272,64.26505862314636,8.683439632921353,3.3837981475980694,3.500766015800737,-0.7272567595965496,11.939991644407055,1.8770049949572716,49,49,0,100.0,265.94105560467864,0.0,611.8048676280877,0.0,inf,15.122448979591837,37,71,52.112676056338024,3.3039916752554577,0.0,0.7053378198704571,,2.6292918972616484,18
30,0.1,0.12000000000000001,0.8,0.1,9,20,20000,33367.87672319647,13367.876723196467,66.83938361598233,8.967360784123969,3.369564830033488,3.4399281058679465,-0.7273760856308333,12.32836899820101,1.9629250230176933,53,53,0,100.0,255.5844664754047,0.0,587.0090008961095,0.0,inf,13.88679245283019,37,71,52.112676056338024,3.5155028963130386,0.0,0.7276872872602702,,2.684547272579396,19
30,0.1,0.12000000000000001,0.9,0.4,15,20,20000,33391.67724471371,13391.677244713712,66.95838622356855,8.980397136129037,3.3680794615089673,3.0242662233570674,-1.077551899465432,8.334073876705304,1.967375158956396,58,57,1,98.27586206896551,238.4147787355012,-9.465143209893345,517.6187249231117,-9.465143209893345,1435.7566585700608,13.637931034482758,38,71,53.52112676056338,3.461956223991902,0.0,0.7286702979786436,,2.6066777725733465,4
40,0.1,0.13,0.5,0.30000000000000004,15,10,20000,36149.17360496029,16149.173604960291,80.74586802480145,10.440911116986884,3.3257203944386093,2.630084100970819,-1.5481544314190177,6.744101818974793,2.3959444115546393,79,77,2,97.46835443037975,213.18757311602567,-1.8347624868686023,611.6350334186945,-3.1809861628449854,4473.451808454589,10.873417721518987,42,71,59.154929577464785,2.862092951765227,-0.16883046383209255,0.8411748647139512,,2.534859927217206,40
40,0.1,0.13,0.5,0.4,17,10,20000,36149.17360496029,16149.173604960291,80.74586802480145,10.440911116986884,3.3257203944386093,2.630084100970819,-1.5481544314190177,6.744101818974793,2.3959444115546393,79,77,2,97.46835443037975,213.18757311602567,-1.8347624868686023,611.6350334186945,-3.1809861628449854,4473.451808454589,10.873417721518987,42,71,59.154929577464785,2.862092951765227,-0.16883046383209255,0.8411748647139512,,2.4506029993429417,30
40,0.1,0.13,0.5,0.2,17,10,20000,36149.17360496029,16149.173604960291,80.74586802480145,10.440911116986884,3.3257203944386093,2.630084100970819,-1.5481544314190177,6.744101818974793,2.3959444115546393,79,77,2,97.46835443037975,213.18757311602567,-1.8347624868686023,611.6350334186945,-3.1809861628449854,4473.451808454589,10.873417721518987,42,71,59.154929577464785,2.862092951765227,-0.16883046383209255,0.8411748647139512,,2.450978237258789,59
40,0.1,0.13,0.5,0.1,15,10,20000,36149.17360496029,16149.173604960291,80.74586802480145,10.440911116986884,3.3257203944386093,2.630084100970819,-1.5481544314190177,6.744101818974793,2.3959444115546393,79,77,2,97.46835443037975,213.18757311602567,-1.8347624868686023,611.6350334186945,-3.1809861628449854,4473.451808454589,10.873417721518987,42,71,59.154929577464785,2.862092951765227,-0.16883046383209255,0.8411748647139512,,2.357465993433342,42
40,0.1,0.13,0.5,0.2,13,10,20000,36149.17360496029,16149.173604960291,80.74586802480145,10.440911116986884,3.3257203944386093,2.630084100970819,-1.5481544314190177,6.744101818974793,2.3959444115546393,79,77,2,97.46835443037975,213.18757311602567,-1.8347624868686023,611.6350334186945,-3.1809861628449854,4473.451808454589,10.873417721518987,42,71,59.154929577464785,2.862092951765227,-0.16883046383209255,0.8411748647139512,,2.3290538799209783,42
40,0.1,0.13,0.5,0.2,17,15,20000,36149.17360496029,16149.173604960291,80.74586802480145,10.440911116986884,3.3257203944386093,2.630084100970819,-1.5481544314190177,6.744101818974793,2.3959444115546393,79,77,2,97.46835443037975,213.18757311602567,-1.8347624868686023,611.6350334186945,-3.1809861628449854,4473.451808454589,10.873417721518987,42,71,59.154929577464785,2.862092951765227,-0.16883046383209255,0.8411748647139512,,2.447695384617817,60
40,0.1,0.13,0.5,0.2,13,10,20000,36149.17360496029,16149.173604960291,80.74586802480145,10.440911116986884,3.3257203944386093,2.630084100970819,-1.5481544314190177,6.744101818974793,2.3959444115546393,79,77,2,97.46835443037975,213.18757311602567,-1.8347624868686023,611.6350334186945,-3.1809861628449854,4473.451808454589,10.873417721518987,42,71,59.154929577464785,2.862092951765227,-0.16883046383209255,0.8411748647139512,,2.3290538799209783,42
40,0.1,0.13,0.5,0.30000000000000004,19,10,20000,36149.17360496029,16149.173604960291,80.74586802480145,10.440911116986884,3.3257203944386093,2.630084100970819,-1.5481544314190177,6.744101818974793,2.3959444115546393,79,77,2,97.46835443037975,213.18757311602567,-1.8347624868686023,611.6350334186945,-3.1809861628449854,4473.451808454589,10.873417721518987,42,71,59.154929577464785,2.862092951765227,-0.16883046383209255,0.8411748647139512,,2.54720616942693,47
40,0.1,0.13,0.5,0.30000000000000004,19,10,20000,36149.17360496029,16149.173604960291,80.74586802480145,10.440911116986884,3.3257203944386093,2.630084100970819,-1.5481544314190177,6.744101818974793,2.3959444115546393,79,77,2,97.46835443037975,213.18757311602567,-1.8347624868686023,611.6350334186945,-3.1809861628449854,4473.451808454589,10.873417721518987,42,71,59.154929577464785,2.862092951765227,-0.16883046383209255,0.8411748647139512,,2.54720616942693,47
40,0.1,0.13,0.5,0.2,17,10,20000,36149.17360496029,16149.173604960291,80.74586802480145,10.440911116986884,3.3257203944386093,2.630084100970819,-1.5481544314190177,6.744101818974793,2.3959444115546393,79,77,2,97.46835443037975,213.18757311602567,-1.8347624868686023,611.6350334186945,-3.1809861628449854,4473.451808454589,10.873417721518987,42,71,59.154929577464785,2.862092951765227,-0.16883046383209255,0.8411748647139512,,2.450978237258789,59
40,0.1,0.13,0.5,0.30000000000000004,15,10,20000,36149.17360496029,16149.173604960291,80.74586802480145,10.440911116986884,3.3257203944386093,2.630084100970819,-1.5481544314190177,6.744101818974793,2.3959444115546393,79,77,2,97.46835443037975,213.18757311602567,-1.8347624868686023,611.6350334186945,-3.1809861628449854,4473.451808454589,10.873417721518987,42,71,59.154929577464785,2.862092951765227,-0.16883046383209255,0.8411748647139512,,2.534859927217206,40
40,0.1,0.13,0.5,0.2,19,10,20000,36149.17360496029,16149.173604960291,80.74586802480145,10.440911116986884,3.3257203944386093,2.630084100970819,-1.5481544314190177,6.744101818974793,2.3959444115546393,79,77,2,97.46835443037975,213.18757311602567,-1.8347624868686023,611.6350334186945,-3.1809861628449854,4473.451808454589,10.873417721518987,42,71,59.154929577464785,2.862092951765227,-0.16883046383209255,0.8411748647139512,,2.421012037686735,50
40,0.1,0.13,0.5,0.1,17,10,20000,36149.17360496029,16149.173604960291,80.74586802480145,10.440911116986884,3.3257203944386093,2.630084100970819,-1.5481544314190177,6.744101818974793,2.3959444115546393,79,77,2,97.46835443037975,213.18757311602567,-1.8347624868686023,611.6350334186945,-3.1809861628449854,4473.451808454589,10.873417721518987,42,71,59.154929577464785,2.862092951765227,-0.16883046383209255,0.8411748647139512,,2.4367802211116163,39
40,0.1,0.13,0.5,0.1,13,10,20000,36149.17360496029,16149.173604960291,80.74586802480145,10.440911116986884,3.3257203944386093,2.630084100970819,-1.5481544314190177,6.744101818974793,2.3959444115546393,79,77,2,97.46835443037975,213.18757311602567,-1.8347624868686023,611.6350334186945,-3.1809861628449854,4473.451808454589,10.873417721518987,42,71,59.154929577464785,2.862092951765227,-0.16883046383209255,0.8411748647139512,,2.2424897752756427,33
40,0.1,0.13,0.5,0.1,15,10,20000,36149.17360496029,16149.173604960291,80.74586802480145,10.440911116986884,3.3257203944386093,2.630084100970819,-1.5481544314190177,6.744101818974793,2.3959444115546393,79,77,2,97.46835443037975,213.18757311602567,-1.8347624868686023,611.6350334186945,-3.1809861628449854,4473.451808454589,10.873417721518987,42,71,59.154929577464785,2.862092951765227,-0.16883046383209255,0.8411748647139512,,2.357465993433342,42
40,0.1,0.13,0.5,0.2,19,15,20000,36149.17360496029,16149.173604960291,80.74586802480145,10.440911116986884,3.3257203944386093,2.630084100970819,-1.5481544314190177,6.744101818974793,2.3959444115546393,79,77,2,97.46835443037975,213.18757311602567,-1.8347624868686023,611.6350334186945,-3.1809861628449854,4473.451808454589,10.873417721518987,42,71,59.154929577464785,2.862092951765227,-0.16883046383209255,0.8411748647139512,,2.4177374306497494,51
40,0.1,0.13,0.5,0.2,19,15,20000,36149.17360496029,16149.173604960291,80.74586802480145,10.440911116986884,3.3257203944386093,2.630084100970819,-1.5481544314190177,6.744101818974793,2.3959444115546393,79,77,2,97.46835443037975,213.18757311602567,-1.8347624868686023,611.6350334186945,-3.1809861628449854,4473.451808454589,10.873417721518987,42,71,59.154929577464785,2.862092951765227,-0.16883046383209255,0.8411748647139512,,2.4177374306497494,51
40,0.1,0.13,0.5,0.30000000000000004,13,10,20000,36149.17360496029,16149.173604960291,80.74586802480145,10.440911116986884,3.3257203944386093,2.630084100970819,-1.5481544314190177,6.744101818974793,2.3959444115546393,79,77,2,97.46835443037975,213.18757311602567,-1.8347624868686023,611.6350334186945,-3.1809861628449854,4473.451808454589,10.873417721518987,42,71,59.154929577464785,2.862092951765227,-0.16883046383209255,0.8411748647139512,,2.469457385429891,23
40,0.1,0.13,0.5,0.1,23,10,20000,35662.01154584752,15662.01154584752,78.3100577292376,10.189789331821043,3.3040186360827906,2.641217824699742,-1.56388706703867,6.515681053054633,2.34232714009709,75,73,2,97.33333333333334,218.124398230428,-1.8347624868686023,524.2586000731668,-3.1809861628449854,4339.275842181961,10.893333333333333,42,71,59.154929577464785,2.9032573685941587,-0.0853998425875857,0.8217910520124238,,2.467304041743814,13
40,0.1,0.13,0.5,0.2,21,10,20000,35836.52628035607,15836.526280356069,79.18263140178034,10.28007433555298,3.290573551440559,2.569537788196142,-1.557464243446995,6.600520287259385,2.3770631797982618,78,76,2,97.43589743589743,211.82757638591815,-1.8347624868686023,524.2586000731668,-3.1809861628449854,4387.187965894659,10.935897435897436,42,71,59.154929577464785,2.8882208759804184,-0.08488536683846082,0.8287741683542654,,2.436055764871519,38
40,0.1,0.13,0.5,0.2,21,10,20000,35836.52628035607,15836.526280356069,79.18263140178034,10.28007433555298,3.290573551440559,2.569537788196142,-1.557464243446995,6.600520287259385,2.3770631797982618,78,76,2,97.43589743589743,211.82757638591815,-1.8347624868686023,524.2586000731668,-3.1809861628449854,4387.187965894659,10.935897435897436,42,71,59.154929577464785,2.8882208759804184,-0.08488536683846082,0.8287741683542654,,2.436055764871519,38
30,0.1,0.12000000000000001,0.8,0.1,15,15,20000,33201.07848335955,13201.078483359554,66.00539241679778,8.875781950536643,3.2343636173199855,2.8057247896336532,-1.0957829628026579,8.099945200676663,2.019305378947632,57,56,1,98.24561403508771,239.2918504744538,-9.465143209893345,500.1122299541275,-9.465143209893345,1415.7570920388018,13.228070175438596,37,71,52.112676056338024,3.060025817668821,0.0,0.720435486672886,,2.714790451768993,9
40,0.1,0.13,0.7,0.2,19,10,20000,38936.58916326321,18936.589163263212,94.68294581631605,11.825890579415677,3.1946149680487728,3.054484108468805,-1.6177836996816126,7.309933078039461,2.8887849679146966,69,68,1,98.55072463768117,281.9467309128545,-0.4885388108922193,1063.769653130941,-0.4885388108922193,39244.32875058495,14.217391304347826,45,71,63.38028169014085,3.858669128016712,-0.16329232445174702,0.9474921387037624,,2.490330877222226,15
40,0.1,0.13,0.7,0.30000000000000004,15,10,20000,38826.221365935045,18826.221365935045,94.13110682967523,11.772646628288053,3.1786848140922217,3.032353788120601,-1.6177836996816126,7.277021415535936,2.888258355055369,69,68,1,98.55072463768117,280.28543977567557,-0.4885388108922193,1063.769653130941,-0.4885388108922193,39013.09267515042,14.26086956521739,45,71,63.38028169014085,3.858669128016712,-0.16346597242152816,0.9434336577228171,,2.4987129020160124,15
40,0.1,0.13,0.4,0.2,19,10,20000,36693.69205265459,16693.692052654587,83.46846026327293,10.718287226250478,3.1341111232871244,2.626565825647134,-1.571918534414837,6.818602231343033,2.624356429107898,92,91,1,98.91304347826086,187.0239625435763,-0.4885388108922193,761.8721375052522,-0.4885388108922193,34836.905916202,8.619565217391305,41,71,57.74647887323944,2.9317722359600396,-0.08503651460494144,0.8629102318510407,,2.43845048905611,40
40,0.1,0.13,0.4,0.1,13,10,20000,36693.69205265459,16693.692052654587,83.46846026327293,10.718287226250478,3.1341111232871244,2.626565825647134,-1.571918534414837,6.818602231343033,2.624356429107898,92,91,1,98.91304347826086,187.0239625435763,-0.4885388108922193,761.8721375052522,-0.4885388108922193,34836.905916202,8.619565217391305,41,71,57.74647887323944,2.9317722359600396,-0.08503651460494144,0.8629102318510407,,2.318278076788089,27
40,0.1,0.13,0.4,0.2,13,15,20000,36693.69205265459,16693.692052654587,83.46846026327293,10.718287226250478,3.1341111232871244,2.626565825647134,-1.571918534414837,6.818602231343033,2.624356429107898,92,91,1,98.91304347826086,187.0239625435763,-0.4885388108922193,761.8721375052522,-0.4885388108922193,34836.905916202,8.619565217391305,41,71,57.74647887323944,2.9317722359600396,-0.08503651460494144,0.8629102318510407,,2.404039770699519,34
30,0.1,0.14,0.9,0.2,9,20,20000,41102.93534803301,21102.93534803301,105.51467674016506,12.84637535279478,3.0926188723149783,4.714760772979342,-1.1184410429710687,11.485965606796034,3.2819417666118853,56,56,0,100.0,379.55420264344633,0.0,1474.072452754607,0.0,inf,16.821428571428573,37,71,52.112676056338024,6.1603132435053,-0.47313142469067593,1.0304765009686514,,2.662947192685437,28
30,0.1,0.12000000000000001,0.7,0.1,5,20,20000,32695.4571736491,12695.457173649102,63.4772858682455,8.595816639119192,3.0577869895523837,2.964597341238333,-0.795147688503596,10.810339718519245,2.0518397189311863,57,57,0,100.0,226.12556444998418,0.0,483.8302954106297,0.0,inf,11.403508771929825,37,71,52.112676056338024,3.2661371659059135,0.0,0.6985508586705522,,2.5635297680600977,7
30,0.1,0.12000000000000001,0.7,0.2,9,20,20000,32695.4571736491,12695.457173649102,63.4772858682455,8.595816639119192,3.0577869895523837,2.964597341238333,-0.795147688503596,10.810339718519245,2.0518397189311863,57,57,0,100.0,226.12556444998418,0.0,483.8302954106297,0.0,inf,11.403508771929825,37,71,52.112676056338024,3.2661371659059135,0.0,0.6985508586705522,,2.846641562612312,11
30,0.1,0.12000000000000001,0.7,0.1,9,15,20000,32695.4571736491,12695.457173649102,63.4772858682455,8.595816639119192,3.0577869895523837,2.964597341238333,-0.795147688503596,10.810339718519245,2.0518397189311863,57,57,0,100.0,226.12556444998418,0.0,483.8302954106297,0.0,inf,11.403508771929825,37,71,52.112676056338024,3.2661371659059135,0.0,0.6985508586705522,,2.959018403601414,9
30,0.1,0.12000000000000001,0.7,0.2,13,15,20000,32672.793847948247,12672.793847948247,63.36396923974124,8.583183675957962,3.050789662468993,2.9574183342645592,-0.795147688503596,10.794452150280186,2.0527347003646215,57,57,0,100.0,225.72796224470605,0.0,483.8302954106297,0.0,inf,11.385964912280702,37,71,52.112676056338024,3.2686852833406554,0.0,0.6975556889850454,,2.880271733834991,7
30,0.1,0.14,0.9,0.1,7,20,20000,40693.92738060776,20693.92738060776,103.4696369030388,12.65719211070846,3.0355106851305096,4.3942446022889,-1.1184410429710687,11.316816554840852,3.2884183140026906,56,56,0,100.0,372.2737032251386,0.0,1474.072452754607,0.0,inf,16.660714285714285,37,71,52.112676056338024,6.1603132435053,-0.47313142469067593,1.015940723817016,,2.6049494694691258,13
30,0.1,0.14,0.9,0.2,11,15,20000,41200.245404163004,21200.245404163004,106.00122702081502,12.891154485382428,3.0317014438804146,4.648454944608882,-1.1193428711842712,11.516716474679034,3.3618538672939597,54,54,0,100.0,395.41380378079583,0.0,1474.072452754607,0.0,inf,16.333333333333332,36,71,50.70422535211267,6.165613065617803,-0.47349267475531587,1.0342988646608517,,2.757138631207377,29
30,0.1,0.14,0.9,0.2,11,15,20000,41200.245404163004,21200.245404163004,106.00122702081502,12.891154485382428,3.0317014438804146,4.648454944608882,-1.1193428711842712,11.516716474679034,3.3618538672939597,54,54,0,100.0,395.41380378079583,0.0,1474.072452754607,0.0,inf,16.333333333333332,36,71,50.70422535211267,6.165613065617803,-0.47349267475531587,1.0342988646608517,,2.757138631207377,29
30,0.1,0.14,0.9,0.2,13,15,20000,41200.245404163004,21200.245404163004,106.00122702081502,12.891154485382428,3.0317014438804146,4.648454944608882,-1.1193428711842712,11.516716474679034,3.3618538672939597,54,54,0,100.0,395.41380378079583,0.0,1474.072452754607,0.0,inf,16.333333333333332,36,71,50.70422535211267,6.165613065617803,-0.47349267475531587,1.0342988646608517,,2.727558988804927,32
30,0.1,0.14,0.9,0.2,13,15,20000,41200.245404163004,21200.245404163004,106.00122702081502,12.891154485382428,3.0317014438804146,4.648454944608882,-1.1193428711842712,11.516716474679034,3.3618538672939597,54,54,0,100.0,395.41380378079583,0.0,1474.072452754607,0.0,inf,16.333333333333332,36,71,50.70422535211267,6.165613065617803,-0.47349267475531587,1.0342988646608517,,2.727558988804927,32
30,0.11,0.14,0.9,0.1,13,20,20000,35649.650706823275,15649.650706823275,78.24825353411637,10.183380531776276,3.0240919189213944,3.926211056296488,-0.9780199270117113,10.412242379243809,2.5589127170094463,50,50,0,100.0,315.6450141364646,0.0,733.6421391321338,0.0,inf,15.22,32,71,45.07042253521127,4.348733780925196,-0.5067059208044622,0.8248999989961717,,2.722323308103443,24
30,0.11,0.14,0.9,0.4,17,15,20000,36098.296996855286,16098.296996855286,80.49148498427643,10.414817466010318,3.021160714609243,3.979768313810719,-0.9679246690123832,10.75994630515722,2.631541655769493,65,65,0,100.0,250.1061076439279,0.0,726.9011148017975,0.0,inf,12.923076923076923,33,71,46.478873239436616,3.9031621024576246,-0.5016481187663735,0.8422045696139234,,2.6398767918298693,15
30,0.11,0.14,0.9,0.4,17,20,20000,36098.296996855286,16098.296996855286,80.49148498427643,10.414817466010318,3.021160714609243,3.979768313810719,-0.9679246690123832,10.75994630515722,2.631541655769493,65,65,0,100.0,250.1061076439279,0.0,726.9011148017975,0.0,inf,12.923076923076923,33,71,46.478873239436616,3.9031621024576246,-0.5016481187663735,0.8422045696139234,,2.621932953874599,15
35,0.1,0.13,0.8,0.30000000000000004,5,15,20000,44917.1063352371,24917.1063352371,124.5855316761855,14.539038583216568,3.0009388429944424,3.754165741691598,-1.3091979199859414,11.105302232203893,3.885949796187397,64,63,1,98.4375,399.50146955254297,-0.5862465730706639,1595.6544796964113,-0.5862465730706639,42931.75216356699,17.578125,44,71,61.97183098591549,5.3000034610616975,-0.14958235215121185,1.1544469979358398,,2.6027386491910316,11
30,0.11,0.14,0.9,0.30000000000000004,9,20,20000,36140.122562320124,16140.122562320124,80.70061281160062,10.436271244147344,2.9856657584027397,3.8390773521355617,-0.9780199270117113,10.670816571227567,2.6696680852531496,48,48,0,100.0,338.9608867150017,0.0,865.2908534606968,0.0,inf,16.25,33,71,46.478873239436616,4.348733780925196,-0.5067059208044622,0.8439492889944767,,2.5992988181012238,23
30,0.1,0.15,0.8,0.1,15,20,20000,44169.92861006211,24169.92861006211,120.84964305031053,14.21713727309195,2.9774031883682803,5.802891918384379,-0.5843657258745659,24.329177163521152,3.8212488882754596,59,58,1,98.30508474576271,419.3285142998692,-2.9252193303271867,2750.526319958873,-2.9252193303271867,8314.26675505802,13.694915254237289,37,71,52.112676056338024,9.70648083508532,-0.17857148155370206,1.1396801294505727,,2.693413973454945,14
45,0.1,0.12000000000000001,0.8,0.30000000000000004,17,10,20000,34640.03812082421,14640.03812082421,73.20019060412105,9.653566499890754,2.966461678071337,1.9055119683576764,-2.3451700041713965,4.116361066668847,2.44510204764546,46,46,0,100.0,323.0095243657439,0.0,688.0922449565852,0.0,inf,21.847826086956523,46,71,64.7887323943662,2.5304829568530973,0.0,0.7797422084058697,,2.851376648813588,4
30,0.1,0.14,0.9,0.2,15,20,20000,40120.5298152525,20120.5298152525,100.60264907626251,12.389289649732582,2.962418475929233,4.323428821245518,-1.1157116295789273,11.104383356126112,3.2891013687336006,61,60,1,98.36065573770492,338.32819299861546,-16.661764664441435,1474.072452754607,-16.661764664441435,1218.3398330693835,14.754098360655737,37,71,52.112676056338024,6.14427663727406,-0.47203790094678677,0.9960118886643469,,2.771597196556503,20
30,0.1,0.14,0.9,0.4,15,20,20000,40120.5298152525,20120.5298152525,100.60264907626251,12.389289649732582,2.962418475929233,4.323428821245518,-1.1157116295789273,11.104383356126112,3.2891013687336006,61,60,1,98.36065573770492,338.32819299861546,-16.661764664441435,1474.072452754607,-16.661764664441435,1218.3398330693835,14.754098360655737,37,71,52.112676056338024,6.14427663727406,-0.47203790094678677,0.9960118886643469,,2.757870776684895,16
30,0.1,0.14,0.9,0.30000000000000004,15,20,20000,40120.5298152525,20120.5298152525,100.60264907626251,12.389289649732582,2.962418475929233,4.323428821245518,-1.1157116295789273,11.104383356126112,3.2891013687336006,61,60,1,98.36065573770492,338.32819299861546,-16.661764664441435,1474.072452754607,-16.661764664441435,1218.3398330693835,14.754098360655737,37,71,52.112676056338024,6.14427663727406,-0.47203790094678677,0.9960118886643469,,2.7421189560343797,22
30,0.11,0.15,0.9,0.30000000000000004,13,20,20000,43015.68083117944,23015.680831179438,115.07840415589719,13.710838189266973,2.949485125738489,3.9081323830848445,-0.9476147475377412,14.468789373416652,3.7052336823578433,40,40,0,100.0,578.0895207794849,0.0,2750.526319958873,0.0,inf,17.725,32,71,45.07042253521127,12.188547046694431,-0.18661563245373491,1.1040863034340125,,2.82780428142364,23
30,0.11,0.15,0.9,0.2,11,15,20000,43015.68083117944,23015.680831179438,115.07840415589719,13.710838189266973,2.949485125738489,3.9081323830848445,-0.9476147475377412,14.468789373416652,3.7052336823578433,40,40,0,100.0,578.0895207794849,0.0,2750.526319958873,0.0,inf,17.725,32,71,45.07042253521127,12.188547046694431,-0.18661563245373491,1.1040863034340125,,2.7580466359916467,27
30,0.11,0.15,0.9,0.1,11,20,20000,43015.68083117944,23015.680831179438,115.07840415589719,13.710838189266973,2.949485125738489,3.9081323830848445,-0.9476147475377412,14.468789373416652,3.7052336823578433,40,40,0,100.0,578.0895207794849,0.0,2750.526319958873,0.0,inf,17.725,32,71,45.07042253521127,12.188547046694431,-0.18661563245373491,1.1040863034340125,,2.7665832925297793,19
30,0.11,0.15,0.9,0.1,11,20,20000,43015.68083117944,23015.680831179438,115.07840415589719,13.710838189266973,2.949485125738489,3.9081323830848445,-0.9476147475377412,14.468789373416652,3.7052336823578433,40,40,0,100.0,578.0895207794849,0.0,2750.526319958873,0.0,inf,17.725,32,71,45.07042253521127,12.188547046694431,-0.18661563245373491,1.1040863034340125,,2.7665832925297793,19
30,0.11,0.15,0.9,0.2,11,20,20000,43015.68083117944,23015.680831179438,115.07840415589719,13.710838189266973,2.949485125738489,3.9081323830848445,-0.9476147475377412,14.468789373416652,3.7052336823578433,40,40,0,100.0,578.0895207794849,0.0,2750.526319958873,0.0,inf,17.725,32,71,45.07042253521127,12.188547046694431,-0.18661563245373491,1.1040863034340125,,2.78160461470734,26
30,0.11,0.15,0.9,0.30000000000000004,13,15,20000,43015.68083117944,23015.680831179438,115.07840415589719,13.710838189266973,2.949485125738489,3.9081323830848445,-0.9476147475377412,14.468789373416652,3.7052336823578433,40,40,0,100.0,578.0895207794849,0.0,2750.526319958873,0.0,inf,17.725,32,71,45.07042253521127,12.188547046694431,-0.18661563245373491,1.1040863034340125,,2.8217138316926342,23
30,0.11,0.15,0.9,0.30000000000000004,15,20,20000,41101.1028784457,21101.1028784457,105.5055143922285,12.84553125995429,2.9480834898413004,4.5448930650436035,-0.7298176539024415,17.601014707259218,3.444449161925134,43,42,1,97.67441860465115,505.2316213756184,-2.9252193303271867,1833.6842133059154,-2.9252193303271867,7254.06395266865,15.348837209302326,32,71,45.07042253521127,9.972505243516983,-0.18345659116715263,1.0347454314693378,,2.7404119635858075,21
30,0.11,0.15,0.9,0.30000000000000004,15,20,20000,41101.1028784457,21101.1028784457,105.5055143922285,12.84553125995429,2.9480834898413004,4.5448930650436035,-0.7298176539024415,17.601014707259218,3.444449161925134,43,42,1,97.67441860465115,505.2316213756184,-2.9252193303271867,1833.6842133059154,-2.9252193303271867,7254.06395266865,15.348837209302326,32,71,45.07042253521127,9.972505243516983,-0.18345659116715263,1.0347454314693378,,2.7404119635858075,21
40,0.1,0.13,0.6000000000000001,0.30000000000000004,11,15,20000,40638.78361684427,20638.783616844266,103.19391808422134,12.6315648995039,2.9429895874758856,3.4898523251684392,-1.322322103735053,9.552562771071111,3.3850410588004616,75,74,1,98.66666666666667,282.317191292637,-0.4885388108922193,1595.6544796964113,-0.4885388108922193,42763.17805232506,13.386666666666667,42,71,59.154929577464785,5.588226261830309,-0.15634496011591725,1.0095906704096158,,2.4519648223426844,14
30,0.11,0.15,0.9,0.2,9,15,20000,41362.52095317758,21362.520953177584,106.81260476588793,12.965633367577478,2.937970228511789,3.763141248182514,-0.9476147475377412,13.682388756894149,3.4931389802268753,39,39,0,100.0,550.3236141840399,0.0,2747.932343698766,0.0,inf,16.94871794871795,32,71,45.07042253521127,12.188547046694431,-0.18661563245373491,1.0465096092250434,,2.7160629653643946,22
30,0.1,0.15,0.9,0.2,15,20,20000,43443.79636199215,23443.79636199215,117.21898180996075,13.899931097931084,2.932088669801222,5.280645885875789,-0.5819325275970706,23.885812252714253,3.784877812275198,56,55,1,98.21428571428571,428.8567560240446,-2.9252193303271867,2750.526319958873,-2.9252193303271867,8063.368560703524,14.875,37,71,52.112676056338024,9.661678180475942,-0.17774870594599035,1.1153606540898033,,2.8128064390090968,18
30,0.1,0.15,0.9,0.4,15,15,20000,43443.79636199215,23443.79636199215,117.21898180996075,13.899931097931084,2.932088669801222,5.280645885875789,-0.5819325275970706,23.885812252714253,3.784877812275198,56,55,1,98.21428571428571,428.8567560240446,-2.9252193303271867,2750.526319958873,-2.9252193303271867,8063.368560703524,14.875,37,71,52.112676056338024,9.661678180475942,-0.17774870594599035,1.1153606540898033,,2.8337382893182435,14
30,0.1,0.15,0.9,0.5,15,20,20000,43443.79636199215,23443.79636199215,117.21898180996075,13.899931097931084,2.932088669801222,5.280645885875789,-0.5819325275970706,23.885812252714253,3.784877812275198,56,55,1,98.21428571428571,428.8567560240446,-2.9252193303271867,2750.526319958873,-2.9252193303271867,8063.368560703524,14.875,37,71,52.112676056338024,9.661678180475942,-0.17774870594599035,1.1153606540898033,,2.723978178510862,8
40,0.1,0.13,0.6000000000000001,0.2,17,10,20000,40257.040394405805,20257.040394405805,101.28520197202901,12.453357645715556,2.924769773440241,3.5625991159501327,-1.322322103735053,9.417794356261304,3.3515414397439756,72,71,1,98.61111111111111,288.7961821579817,-0.4885388108922193,1595.6544796964113,-0.4885388108922193,41971.1361227765,13.222222222222221,42,71,59.154929577464785,5.588226261830309,-0.15730602341031963,0.996054441543109,,2.555056674103462,46
40,0.1,0.13,0.6000000000000001,0.1,19,10,20000,40257.040394405805,20257.040394405805,101.28520197202901,12.453357645715556,2.924769773440241,3.5625991159501327,-1.322322103735053,9.417794356261304,3.3515414397439756,72,71,1,98.61111111111111,288.7961821579817,-0.4885388108922193,1595.6544796964113,-0.4885388108922193,41971.1361227765,13.222222222222221,42,71,59.154929577464785,5.588226261830309,-0.15730602341031963,0.996054441543109,,2.5498101459325277,26
40,0.1,0.13,0.6000000000000001,0.4,17,15,20000,40257.040394405805,20257.040394405805,101.28520197202901,12.453357645715556,2.924769773440241,3.5625991159501327,-1.322322103735053,9.417794356261304,3.3515414397439756,72,71,1,98.61111111111111,288.7961821579817,-0.4885388108922193,1595.6544796964113,-0.4885388108922193,41971.1361227765,13.222222222222221,42,71,59.154929577464785,5.588226261830309,-0.15730602341031963,0.996054441543109,,2.521861016719829,22
30,0.11,0.15,0.6000000000000001,0.5,7,15,20000,40568.39782736866,20568.39782736866,102.84198913684331,12.598812115086844,2.9165993913381603,4.149920295809485,-0.7431837854449498,16.95248518849727,3.406083354358829,54,54,0,100.0,383.49625606238226,0.0,1771.2957401188676,0.0,inf,11.796296296296296,32,71,45.07042253521127,9.925863855535045,-0.18669493062897224,1.0160289579223887,,2.5101627165990403,8
30,0.11,0.15,0.6000000000000001,0.6,7,20,20000,40568.39782736866,20568.39782736866,102.84198913684331,12.598812115086844,2.9165993913381603,4.149920295809485,-0.7431837854449498,16.95248518849727,3.406083354358829,54,54,0,100.0,383.49625606238226,0.0,1771.2957401188676,0.0,inf,11.796296296296296,32,71,45.07042253521127,9.925863855535045,-0.18669493062897224,1.0160289579223887,,2.489496144746208,5
30,0.11,0.15,0.6000000000000001,0.4,5,20,20000,40568.39782736866,20568.39782736866,102.84198913684331,12.598812115086844,2.9165993913381603,4.149920295809485,-0.7431837854449498,16.95248518849727,3.406083354358829,54,54,0,100.0,383.49625606238226,0.0,1771.2957401188676,0.0,inf,11.796296296296296,32,71,45.07042253521127,9.925863855535045,-0.18669493062897224,1.0160289579223887,,2.5071472167297233,5
30,0.11,0.13,0.9,0.4,11,20,20000,34918.14377635298,14918.143776352983,74.59071888176491,9.800776948688107,2.9094767853903334,3.503380038083572,-0.8432038880929785,11.623258724356585,2.5398707635475115,50,50,0,100.0,301.30087552705936,0.0,835.6446530208508,0.0,inf,16.48,33,71,46.478873239436616,4.491096651825033,-0.11507263086842912,0.7938991133767254,,2.4312575408591273,5
30,0.11,0.13,0.8,0.2,9,20,20000,34782.99235901208,14782.992359012082,73.9149617950604,9.729359220482682,2.899632025238458,3.1401252512186857,-0.8462009446542231,11.497693641146096,2.5259135127937697,52,52,0,100.0,287.46331459638617,0.0,808.2418268358397,0.0,inf,14.288461538461538,33,71,46.478873239436616,3.4942913248401597,-0.11548315792229147,0.7879909141555682,,2.652734758607063,30
30,0.11,0.13,0.8,0.1,7,15,20000,34782.99235901208,14782.992359012082,73.9149617950604,9.729359220482682,2.899632025238458,3.1401252512186857,-0.8462009446542231,11.497693641146096,2.5259135127937697,52,52,0,100.0,287.46331459638617,0.0,808.2418268358397,0.0,inf,14.288461538461538,33,71,46.478873239436616,3.4942913248401597,-0.11548315792229147,0.7879909141555682,,2.6803296370615852,28
30,0.11,0.13,0.8,0.1,5,20,20000,34782.99235901208,14782.992359012082,73.9149617950604,9.729359220482682,2.899632025238458,3.1401252512186857,-0.8462009446542231,11.497693641146096,2.5259135127937697,52,52,0,100.0,287.46331459638617,0.0,808.2418268358397,0.0,inf,14.288461538461538,33,71,46.478873239436616,3.4942913248401597,-0.11548315792229147,0.7879909141555682,,2.631839463421539,18
35,0.1,0.12000000000000001,0.9,0.1,5,20,20000,32484.962732317617,12484.962732317617,62.42481366158808,8.478201453510682,2.888930448328865,1.7771983498556827,-2.17433856264869,3.8992094419660592,2.1348471256382275,55,55,0,100.0,230.07204967850166,0.0,554.8447885651366,0.0,inf,18.363636363636363,40,71,56.33802816901409,2.7745518737172015,-0.27928713099252267,0.6887820063175099,,2.60035958536445,19
30,0.11,0.15,0.8,0.1,13,20,20000,43110.0292062881,23110.029206288098,115.55014603144049,13.752644714395101,2.879308173853566,4.098364413546967,-0.9378128650213343,14.664593787676651,3.809635232154635,43,43,0,100.0,540.0425396811181,0.0,2750.526319958873,0.0,inf,15.255813953488373,32,71,45.07042253521127,12.046436212529876,-0.18444382408295823,1.1072235696540915,,2.762666103108614,22
30,0.11,0.14,0.7,0.30000000000000004,11,20,20000,36458.23832030637,16458.238320306373,82.29119160153186,10.598771035497734,2.878836779361874,3.1220146102862025,-1.095744260967097,9.672668535031454,2.8212995386503725,57,57,0,100.0,291.52347930362015,0.0,758.1893968549263,0.0,inf,12.31578947368421,32,71,45.07042253521127,4.461359077604388,-0.5041664130650769,0.8565970978374157,,2.6786892607556436,10
30,0.11,0.14,0.9,0.2,7,10,20000,35499.6073076091,15499.607307609098,77.49803653804548,10.105438771817887,2.872072013885028,3.5849044945834616,-0.9780199270117113,10.332548951936518,2.6706944444538654,50,50,0,100.0,312.54014615218074,0.0,865.2908534606968,0.0,inf,16.48,33,71,46.478873239436616,4.348733780925196,-0.5067059208044622,0.8182056949696931,,2.5998570943810915,8
40,0.1,0.13,0.6000000000000001,0.2,21,10,20000,39719.97112250335,19719.971122503353,98.59985561251676,12.200244051046848,2.8698585720425216,3.5047471660147025,-1.322322103735053,9.226378366198247,3.3368919060077378,72,69,3,95.83333333333334,290.0435577904538,-15.778121679316598,1595.6544796964113,-46.050579686346325,422.80075947984324,12.652777777777779,42,71,59.154929577464785,5.588226261830309,-0.15860767243237595,0.9768371993898968,,2.5605686822582534,27
35,0.1,0.12000000000000001,0.9,0.1,11,15,20000,32577.190711169605,12577.190711169605,62.885953555848026,8.529812292669758,2.8670145029011938,1.7347158617002807,-2.3069867194510816,3.697382486319349,2.168022327432817,51,51,0,100.0,249.89981786607024,0.0,568.4885946005081,0.0,inf,18.372549019607842,40,71,56.33802816901409,2.7694477300495235,-0.2787022920408555,0.6928604935965205,,2.8248369341988413,14
35,0.12000000000000001,0.13,0.7,0.30000000000000004,11,15,20000,40853.443983627076,20853.443983627076,104.2672199181354,12.731162609292102,2.862289722378136,3.4188489890182066,-1.4285539661425997,8.911922763176358,3.513090627763555,61,61,0,100.0,347.2728521906088,0.0,1084.2840037772628,0.0,inf,14.639344262295081,34,71,47.88732394366197,5.0695549516772465,-0.35615685064540603,1.019053943089177,,2.585446842453652,5
30,0.11,0.15,0.8,0.4,9,20,20000,41863.76275831933,21863.76275831933,109.31881379159665,13.194160565119063,2.85623460512636,3.9102023864461994,-0.9378128650213343,14.069076099546692,3.666045943236663,43,43,0,100.0,510.9991339144024,0.0,2747.932343698766,0.0,inf,15.209302325581396,32,71,45.07042253521127,12.046436212529876,-0.18444382408295823,1.0637735545787785,,2.6610492248940782,9
30,0.11,0.15,0.8,0.30000000000000004,9,20,20000,41863.76275831933,21863.76275831933,109.31881379159665,13.194160565119063,2.85623460512636,3.9102023864461994,-0.9378128650213343,14.069076099546692,3.666045943236663,43,43,0,100.0,510.9991339144024,0.0,2747.932343698766,0.0,inf,15.209302325581396,32,71,45.07042253521127,12.046436212529876,-0.18444382408295823,1.0637735545787785,,2.749360891734339,16
45,0.1,0.12000000000000001,0.4,0.5,15,10,20000,31308.4077233549,11308.4077233549,56.542038616774505,7.80886310727904,2.8509651837023804,2.148608253417949,-0.967021414579661,8.075170817880336,1.9445956368018966,84,84,0,100.0,138.29175861136795,0.0,431.95812146724853,0.0,inf,9.476190476190476,40,71,56.33802816901409,2.801477570099542,0.0,0.6357408697309744,,2.5051399648901467,5
45,0.1,0.12000000000000001,0.4,0.2,19,10,20000,31308.4077233549,11308.4077233549,56.542038616774505,7.80886310727904,2.8509651837023804,2.148608253417949,-0.967021414579661,8.075170817880336,1.9445956368018966,84,84,0,100.0,138.29175861136795,0.0,431.95812146724853,0.0,inf,9.476190476190476,40,71,56.33802816901409,2.801477570099542,0.0,0.6357408697309744,,2.701702055088813,30
30,0.1,0.15,0.9,0.1,7,20,20000,41173.436025370574,21173.436025370574,105.86718012685287,12.878826415306088,2.8449720752962016,5.9789791658340015,-0.5697828497792332,22.603043282710402,3.581255847840121,50,50,0,100.0,425.8867205074104,0.0,2747.932343698766,0.0,inf,16.32,37,71,52.112676056338024,11.56699833579542,-0.1771986727282293,1.038566591949451,,2.70505288669238,6
30,0.1,0.15,0.8,0.1,9,20,20000,44383.201878528234,24383.201878528234,121.91600939264117,14.309479580093832,2.844384097307432,6.3629379222090074,-0.5743928249764125,24.912357811366206,4.03121916284401,57,57,0,100.0,430.2158224303194,0.0,2747.932343698766,0.0,inf,14.385964912280702,37,71,52.112676056338024,11.656771491213046,-0.17857148155370206,1.1478302770552355,,2.8544037633050334,14
30,0.1,0.15,0.9,0.30000000000000004,11,15,20000,45948.783012119384,25948.783012119384,129.74391506059692,14.976261702969262,2.820862619736264,6.611972808705003,-0.5702444607534958,26.262879753676685,4.274747460412883,54,54,0,100.0,483.06079652072884,0.0,2750.526319958873,0.0,inf,16.51851851851852,37,71,52.112676056338024,11.575990243213742,-0.17733617845101524,1.1987433622619583,,2.9050237508356345,18
30,0.1,0.15,0.9,0.2,11,20,20000,45948.783012119384,25948.783012119384,129.74391506059692,14.976261702969262,2.820862619736264,6.611972808705003,-0.5702444607534958,26.262879753676685,4.274747460412883,54,54,0,100.0,483.06079652072884,0.0,2750.526319958873,0.0,inf,16.51851851851852,37,71,52.112676056338024,11.575990243213742,-0.17733617845101524,1.1987433622619583,,2.8585390861972066,24
30,0.1,0.15,0.9,0.1,11,20,20000,45948.783012119384,25948.783012119384,129.74391506059692,14.976261702969262,2.820862619736264,6.611972808705003,-0.5702444607534958,26.262879753676685,4.274747460412883,54,54,0,100.0,483.06079652072884,0.0,2750.526319958873,0.0,inf,16.51851851851852,37,71,52.112676056338024,11.575990243213742,-0.17733617845101524,1.1987433622619583,,2.8734294496710544,17
30,0.11,0.14,0.6000000000000001,0.1,13,20,20000,35752.12840285344,15752.128402853443,78.76064201426722,10.23645698518414,2.809214931348423,2.5380691469730876,-1.508125515186945,6.787536502832288,2.773841624089473,63,63,0,100.0,252.6131492516419,0.0,726.9011148017975,0.0,inf,11.079365079365079,32,71,45.07042253521127,4.299871131135813,-0.5079179641860554,0.8286812208196936,,2.4814593675570324,3
30,0.1,0.15,0.8,0.30000000000000004,13,20,20000,45981.78681662085,25981.78681662085,129.90893408310424,14.990113273553707,2.800327738028373,6.46070039145372,-0.5743928249764125,26.09731985104319,4.310945499504568,56,56,0,100.0,466.5836931539431,0.0,2750.526319958873,0.0,inf,14.446428571428571,37,71,52.112676056338024,11.656771491213046,-0.17857148155370206,1.2004554612844887,,2.8489358103950617,23
30,0.1,0.15,0.8,0.2,13,20,20000,45981.78681662085,25981.78681662085,129.90893408310424,14.990113273553707,2.800327738028373,6.46070039145372,-0.5743928249764125,26.09731985104319,4.310945499504568,56,56,0,100.0,466.5836931539431,0.0,2750.526319958873,0.0,inf,14.446428571428571,37,71,52.112676056338024,11.656771491213046,-0.17857148155370206,1.2004554612844887,,2.81662378262919,29
40,0.11,0.13,0.4,0.1,15,15,20000,34802.20492481779,14802.204924817786,74.01102462408893,9.739525734906774,2.7821443940106656,2.6144660108886937,-1.7999001145927058,5.4111479053440155,2.6369651741547404,83,83,0,100.0,182.78801114238365,0.0,761.8721375052522,0.0,inf,8.578313253012048,41,71,57.74647887323944,2.9351261490998537,-0.019716187956053677,0.787476704908107,,2.3153526617834275,37
40,0.11,0.13,0.4,0.4,19,10,20000,34802.20492481779,14802.204924817786,74.01102462408893,9.739525734906774,2.7821443940106656,2.6144660108886937,-1.7999001145927058,5.4111479053440155,2.6369651741547404,83,83,0,100.0,182.78801114238365,0.0,761.8721375052522,0.0,inf,8.578313253012048,41,71,57.74647887323944,2.9351261490998537,-0.019716187956053677,0.787476704908107,,2.342602261477603,25
40,0.11,0.13,0.4,0.30000000000000004,19,10,20000,34802.20492481779,14802.204924817786,74.01102462408893,9.739525734906774,2.7821443940106656,2.6144660108886937,-1.7999001145927058,5.4111479053440155,2.6369651741547404,83,83,0,100.0,182.78801114238365,0.0,761.8721375052522,0.0,inf,8.578313253012048,41,71,57.74647887323944,2.9351261490998537,-0.019716187956053677,0.787476704908107,,2.5582298486046517,39
40,0.11,0.13,0.4,0.2,19,15,20000,34802.20492481779,14802.204924817786,74.01102462408893,9.739525734906774,2.7821443940106656,2.6144660108886937,-1.7999001145927058,5.4111479053440155,2.6369651741547404,83,83,0,100.0,182.78801114238365,0.0,761.8721375052522,0.0,inf,8.578313253012048,41,71,57.74647887323944,2.9351261490998537,-0.019716187956053677,0.787476704908107,,2.408171810050097,46
40,0.11,0.13,0.4,0.30000000000000004,15,10,20000,34802.20492481779,14802.204924817786,74.01102462408893,9.739525734906774,2.7821443940106656,2.6144660108886937,-1.7999001145927058,5.4111479053440155,2.6369651741547404,83,83,0,100.0,182.78801114238365,0.0,761.8721375052522,0.0,inf,8.578313253012048,41,71,57.74647887323944,2.9351261490998537,-0.019716187956053677,0.787476704908107,,2.4518074196924435,37
40,0.11,0.13,0.4,0.30000000000000004,23,10,20000,34798.85495153641,14798.854951536407,73.99427475768204,9.737753400509863,2.7815039138486735,2.6138960431247393,-1.7999001145927058,5.410163220481483,2.6369913790686215,83,83,0,100.0,182.74765001851165,0.0,761.8721375052522,0.0,inf,8.518072289156626,41,71,57.74647887323944,2.9351261490998537,-0.019716187956053677,0.7873402694552001,,2.3703758290004537,9
40,0.1,0.12000000000000001,0.8,0.1,19,10,20000,33632.101575851,13632.101575850997,68.16050787925498,9.111653920988982,2.7808633886005723,2.0607050323548117,-1.6263172237521681,5.602630155983327,2.429786186726116,53,53,0,100.0,260.56984105379155,0.0,740.4227571698951,0.0,inf,19.09433962264151,40,71,56.33802816901409,3.0413937737949093,0.0,0.7381380823671059,,2.7782582804611455,3
40,0.1,0.13,0.6000000000000001,0.1,23,15,20000,38714.65817708566,18714.658177085657,93.57329088542828,11.718697826431024,2.7659614582607985,3.3925677959010687,-1.3334841057133486,8.788029625716533,3.3061933437558833,75,72,3,96.0,265.9063591440381,-62.933227095018715,1595.6544796964113,-187.5158959334527,101.40513865309224,12.36,42,71,59.154929577464785,5.588226261830309,-0.16065610076354542,0.94023383934856,,2.6944441048410406,10
40,0.11,0.13,0.5,0.2,15,10,20000,33555.22858614029,13555.228586140292,67.77614293070147,9.069771193656573,2.754007257807259,1.8832419381894787,-1.9429449812179798,4.6680535379704775,2.439606224548151,74,74,0,100.0,186.83281873162537,0.0,676.3555737426829,0.0,inf,10.81081081081081,41,71,57.74647887323944,3.033831218437677,-0.020561033996280287,0.7349870846429186,,2.3571228363254617,63
40,0.11,0.13,0.5,0.30000000000000004,17,15,20000,33555.22858614029,13555.228586140292,67.77614293070147,9.069771193656573,2.754007257807259,1.8832419381894787,-1.9429449812179798,4.6680535379704775,2.439606224548151,74,74,0,100.0,186.83281873162537,0.0,676.3555737426829,0.0,inf,10.81081081081081,41,71,57.74647887323944,3.033831218437677,-0.020561033996280287,0.7349870846429186,,2.501601294783616,57
40,0.11,0.13,0.5,0.1,13,10,20000,33555.22858614029,13555.228586140292,67.77614293070147,9.069771193656573,2.754007257807259,1.8832419381894787,-1.9429449812179798,4.6680535379704775,2.439606224548151,74,74,0,100.0,186.83281873162537,0.0,676.3555737426829,0.0,inf,10.81081081081081,41,71,57.74647887323944,3.033831218437677,-0.020561033996280287,0.7349870846429186,,2.2085445709235167,36
40,0.12000000000000001,0.13,0.7,0.2,17,10,20000,34864.67023003853,14864.67023003853,74.32335115019265,9.772547605283787,2.7501837941574165,2.780742367306236,-1.2821804165160777,7.621819425255,2.678972701898348,56,56,0,100.0,271.17446839354545,0.0,874.2811872030431,0.0,inf,15.142857142857142,35,71,49.29577464788733,3.6985559878583985,-0.3797366474559749,0.7908458045256305,,2.4280930452891516,7
30,0.1,0.15,0.7,0.1,15,25,20000,40956.66135504367,20956.661355043667,104.78330677521835,12.77889823254801,2.7473089530118084,4.975550157491389,-0.5879929505849546,21.73308067696244,3.677552227637125,65,64,1,98.46153846153847,329.9310402245932,-2.9252193303271867,1771.2957401188676,-2.9252193303271867,7218.462682595557,11.0,35,71,49.29577464788733,9.926729658056676,-0.18261603035785168,1.0310557478600557,,2.69522484812492,7
30,0.1,0.15,0.9,0.2,15,25,20000,40955.08651237127,20955.086512371272,104.77543256185635,12.778170657106823,2.745115596094618,4.698806556119634,-0.584818131057322,21.849819590929112,3.680293700650666,59,58,1,98.30508474576271,363.6536505465786,-2.9252193303271867,1833.6842133059154,-2.9252193303271867,7210.369326166877,14.457627118644067,35,71,49.29577464788733,9.875352661798775,-0.1816725959711052,1.030401003508108,,2.7745085259109623,15
30,0.1,0.13,0.5,0.30000000000000004,11,20,20000,34492.06154267812,14492.061542678122,72.46030771339062,9.574836308807576,2.739302554563245,3.5400050393226588,-0.7749654819229893,12.355177788110899,2.6231402950294656,82,82,0,100.0,179.28489686192734,0.0,702.6809823373333,0.0,inf,8.987804878048781,38,71,53.52112676056338,4.8065910222468755,0.0,0.7759364518881517,,2.504845902522965,2
45,0.1,0.13,0.5,0.30000000000000004,17,10,20000,33897.66365853211,13897.66365853211,69.48831829266055,9.255729834130122,2.73338220948344,1.858440219483597,-1.775184683305793,5.213953185363154,2.5211559295541557,70,70,0,100.0,201.7509094076006,0.0,674.4245128336257,0.0,inf,12.928571428571429,42,71,59.154929577464785,3.380688380848329,-0.48901550663045246,0.749478869374912,,2.6340548643758432,41
45,0.1,0.13,0.5,0.2,21,10,20000,33897.66365853211,13897.66365853211,69.48831829266055,9.255729834130122,2.73338220948344,1.858440219483597,-1.775184683305793,5.213953185363154,2.5211559295541557,70,70,0,100.0,201.7509094076006,0.0,674.4245128336257,0.0,inf,12.928571428571429,42,71,59.154929577464785,3.380688380848329,-0.48901550663045246,0.749478869374912,,2.5650541023896367,32
30,0.1,0.14,0.9,0.30000000000000004,21,15,20000,36876.732088374294,16876.732088374294,84.38366044187147,10.810758105474427,2.7088679906932662,4.717803392117576,-0.9977943501740371,10.834655561628301,3.071668910983461,76,76,0,100.0,224.5596327417662,0.0,1253.4087442533498,0.0,inf,9.539473684210526,37,71,52.112676056338024,4.690937085634572,-0.49624519212835283,0.8726119802799219,,2.7088679906932662,1
40,0.1,0.12000000000000001,0.7,0.6,13,15,20000,32943.03474487588,12943.034744875877,64.71517372437938,8.733348501866068,2.702368193848629,2.0525650467765395,-1.5959801840150432,5.472090812490784,2.371184749035111,61,61,0,100.0,215.5054876209157,0.0,615.9871710240577,0.0,inf,16.147540983606557,39,71,54.929577464788736,3.1811508769895136,0.0,0.7086915411167513,,2.697161255271405,2
40,0.1,0.12000000000000001,0.7,0.2,13,10,20000,32943.03474487588,12943.034744875877,64.71517372437938,8.733348501866068,2.702368193848629,2.0525650467765395,-1.5959801840150432,5.472090812490784,2.371184749035111,61,61,0,100.0,215.5054876209157,0.0,615.9871710240577,0.0,inf,16.147540983606557,39,71,54.929577464788736,3.1811508769895136,0.0,0.7086915411167513,,2.766809921632756,7
35,0.1,0.12000000000000001,0.8,0.1,9,20,20000,33081.76369139043,13081.763691390428,65.40881845695215,8.810038215993842,2.6986016824114545,1.5691998788545827,-2.4986312162738002,3.5259457892838704,2.4009504985086587,52,52,0,100.0,255.09737868058457,0.0,596.7685752673074,0.0,inf,15.846153846153847,38,71,53.52112676056338,2.670287430381535,-0.2755986195390969,0.7148967939001236,,2.684547272579396,19
45,0.1,0.13,0.6000000000000001,0.2,17,10,20000,35682.52285314526,15682.52285314526,78.4126142657263,10.200419877306533,2.694317963254608,1.6460422292797963,-2.781847536969744,3.666778909248855,2.881202985516846,65,65,0,100.0,244.62958235608036,0.0,843.0306410420322,0.0,inf,15.292307692307693,42,71,59.154929577464785,3.1385982771606757,-0.5118879212328231,0.8227815129080972,,2.5827250254194984,42
40,0.1,0.12000000000000001,0.6000000000000001,0.2,13,10,20000,33172.96757456699,13172.967574566988,65.86483787283495,8.860310264233462,2.6919543166941806,1.8981263034222153,-1.6728632919038824,5.296493925782519,2.424227876362419,64,64,0,100.0,209.40261835260907,0.0,615.9871710240577,0.0,inf,13.34375,39,71,54.929577464788736,3.0648949086838684,-0.2662318041350975,0.7187814131216282,,2.7890605132474646,24
40,0.1,0.12000000000000001,0.6000000000000001,0.1,11,10,20000,33172.96757456699,13172.967574566988,65.86483787283495,8.860310264233462,2.6919543166941806,1.8981263034222153,-1.6728632919038824,5.296493925782519,2.424227876362419,64,64,0,100.0,209.40261835260907,0.0,615.9871710240577,0.0,inf,13.34375,39,71,54.929577464788736,3.0648949086838684,-0.2662318041350975,0.7187814131216282,,2.705138477193603,10
40,0.1,0.12000000000000001,0.6000000000000001,0.5,11,10,20000,33172.96757456699,13172.967574566988,65.86483787283495,8.860310264233462,2.6919543166941806,1.8981263034222153,-1.6728632919038824,5.296493925782519,2.424227876362419,64,64,0,100.0,209.40261835260907,0.0,615.9871710240577,0.0,inf,13.34375,39,71,54.929577464788736,3.0648949086838684,-0.2662318041350975,0.7187814131216282,,2.697161255271405,2
30,0.11,0.12000000000000001,0.8,0.1,13,15,20000,33644.86986280476,13644.869862804757,68.22434931402378,9.11860275244798,2.691705674946869,2.4337731925366475,-1.0690924083407913,8.529293334520874,2.513365330144008,56,55,1,98.21428571428571,254.8067639961644,-21.10215698432273,587.0090008961095,-21.10215698432273,664.1203565209299,13.232142857142858,33,71,46.478873239436616,3.3599323664160297,-0.4968484721316502,0.7403714053684187,,2.4275469041092204,14
30,0.11,0.12000000000000001,0.8,0.1,11,20,20000,33644.86986280476,13644.869862804757,68.22434931402378,9.11860275244798,2.691705674946869,2.4337731925366475,-1.0690924083407913,8.529293334520874,2.513365330144008,56,55,1,98.21428571428571,254.8067639961644,-21.10215698432273,587.0090008961095,-21.10215698432273,664.1203565209299,13.232142857142858,33,71,46.478873239436616,3.3599323664160297,-0.4968484721316502,0.7403714053684187,,2.537953815747848,21
40,0.11,0.13,0.6000000000000001,0.2,15,15,20000,37045.08420067132,17045.08420067132,85.2254210033566,10.895472103011027,2.6910043250843394,2.074419409250085,-2.3613513856944075,4.614083346095047,3.121172762433573,72,72,0,100.0,240.67339167599124,0.0,1063.769653130941,0.0,inf,12.444444444444445,43,71,60.56338028169014,3.9014018283805685,-0.01883539858410499,0.8769199885798068,,2.4073470839081486,54
40,0.11,0.13,0.6000000000000001,0.30000000000000004,19,10,20000,37040.90936660903,17040.909366609027,85.20454683304514,10.893375223766277,2.69037407524354,2.073970201443836,-2.3613513856944075,4.6131953464277995,3.121200665362664,72,72,0,100.0,240.61540786957045,0.0,1063.769653130941,0.0,inf,12.416666666666666,42,71,59.154929577464785,3.9014018283805685,-0.01883539858410499,0.8767609121559503,,2.5956791515454394,44
30,0.1,0.14,0.7,0.4,5,20,20000,38492.491096416525,18492.491096416525,92.46245548208263,11.610877608715487,2.6789743572681664,4.589277344450784,-1.0062247798151012,11.539049565892268,3.37839588522595,66,66,0,100.0,282.7498650972196,0.0,1253.4087442533498,0.0,inf,11.681818181818182,37,71,52.112676056338024,5.3872234998711965,-0.48556222707041297,0.9354138762460785,,2.5788287191691732,6
30,0.1,0.14,0.4,0.9,7,15,20000,35897.34965769623,15897.349657696228,79.48674828848114,10.311455263058322,2.6786772083383803,3.8077818164487134,-1.0324907550557558,9.986971033461206,2.9360680737503126,94,94,0,100.0,171.55478359251157,0.0,733.8553125880563,0.0,inf,7.159574468085107,36,71,50.70422535211267,5.528093582885241,-0.4975940263789447,0.8345712881573509,,2.5964469385351645,2
30,0.1,0.14,0.4,0.5,9,20,20000,35897.34965769623,15897.349657696228,79.48674828848114,10.311455263058322,2.6786772083383803,3.8077818164487134,-1.0324907550557558,9.986971033461206,2.9360680737503126,94,94,0,100.0,171.55478359251157,0.0,733.8553125880563,0.0,inf,7.159574468085107,36,71,50.70422535211267,5.528093582885241,-0.4975940263789447,0.8345712881573509,,2.6786772083383803,1
40,0.12000000000000001,0.13,0.7,0.1,21,10,20000,34131.54942324546,14131.549423245458,70.65774711622728,9.381844447748588,2.677820259646978,2.6636684031353743,-1.4075974898514907,6.6651471854631,2.617471231582858,60,59,1,98.33333333333333,245.14314530053522,-0.39614948608121425,740.9765365463435,-0.39614948608121425,36510.07026616826,15.133333333333333,35,71,49.29577464788733,3.784793465560421,-0.38922715076873393,0.760420554706886,,2.5897515586014315,4
30,0.1,0.14,0.7,0.30000000000000004,9,15,20000,38465.239749204666,18465.239749204666,92.32619874602332,11.597616584539306,2.674765925474957,4.581726336660342,-1.0062247798151012,11.525870578013818,3.379275185605906,66,66,0,100.0,282.3369658970399,0.0,1253.4087442533498,0.0,inf,11.666666666666666,37,71,52.112676056338024,5.3872234998711965,-0.48556222707041297,0.934403504276717,,2.739348865135115,6
30,0.1,0.14,0.7,0.6,9,20,20000,38465.239749204666,18465.239749204666,92.32619874602332,11.597616584539306,2.674765925474957,4.581726336660342,-1.0062247798151012,11.525870578013818,3.379275185605906,66,66,0,100.0,282.3369658970399,0.0,1253.4087442533498,0.0,inf,11.666666666666666,37,71,52.112676056338024,5.3872234998711965,-0.48556222707041297,0.934403504276717,,2.5201692806516873,7
30,0.1,0.14,0.7,0.5,11,15,20000,38436.270970363585,18436.270970363585,92.18135485181791,11.583511249291757,2.6706691650036616,4.5535345178655815,-1.0062247798151012,11.51185250220163,3.379726344020865,66,66,0,100.0,281.89804500550844,0.0,1253.4087442533498,0.0,inf,11.636363636363637,37,71,52.112676056338024,5.3872234998711965,-0.48556222707041297,0.9333305397858541,,2.5223809784789606,4
40,0.1,0.12000000000000001,0.6000000000000001,0.2,17,10,20000,33031.05235194732,13031.05235194732,65.1552617597366,8.782035949231194,2.6593729557490287,1.8696903887101501,-1.6822309770816033,5.220469762402423,2.4268778815112984,64,64,0,100.0,207.1851929991767,0.0,615.9871710240577,0.0,inf,13.296875,39,71,54.929577464788736,3.0799455524169073,-0.26760323335061065,0.712694647815915,,2.692274647102153,41
40,0.11,0.13,0.6000000000000001,0.2,23,10,20000,36148.13226269276,16148.132262692758,80.74066131346379,10.440377338682328,2.640656575603632,2.251362883877719,-1.9425615434582242,5.37454134920017,3.0236431529135728,76,75,1,98.68421052631578,219.1645048654242,-11.005602214029846,1063.769653130941,-11.005602214029846,1493.5427925927252,11.881578947368421,42,71,59.154929577464785,3.9014018283805685,-0.019316493105281385,0.8417626202828093,,2.5155137366625593,15
40,0.1,0.12000000000000001,0.6000000000000001,0.4,21,10,20000,32887.263232916266,12887.263232916266,64.43631616458133,8.702442107751374,2.6403265874078454,1.8408311516018936,-1.6918299681828282,5.143804206931356,2.416540844055153,64,62,2,96.875,212.39670890637453,-26.266359639480108,615.9871710240577,-40.60941549131286,250.67417283820964,13.171875,39,71,54.929577464788736,3.095346441451019,-0.2690072572432811,0.7065500689410787,,2.4427458175818435,9
45,0.11,0.13,0.6000000000000001,0.2,23,10,20000,36147.37694203267,16147.376942032672,80.73688471016337,10.43999016327193,2.6367235858496345,1.742291014685387,-2.674271380888686,3.9038633991598193,3.0281924802299693,65,65,0,100.0,252.1811837235793,0.0,843.0306410420322,0.0,inf,14.907692307692308,43,71,60.56338028169014,3.2675026681026065,-0.4869144067893294,0.8417515437392841,,2.585243863281764,14
30,0.1,0.14,0.8,0.30000000000000004,15,10,20000,37472.08599802912,17472.08599802912,87.3604299901456,11.10890930668913,2.6050352522815046,4.042863721304611,-1.001691090688553,11.090154849089224,3.300072293786648,58,57,1,98.27586206896551,309.413927037521,-11.107843109627622,1253.4087442533498,-11.107843109627622,1587.7604380144999,13.586206896551724,37,71,52.112676056338024,5.362909610922251,-0.48348230733994413,0.8967474859817758,,2.65502285989004,9
30,0.1,0.14,0.8,0.5,15,15,20000,37472.08599802912,17472.08599802912,87.3604299901456,11.10890930668913,2.6050352522815046,4.042863721304611,-1.001691090688553,11.090154849089224,3.300072293786648,58,57,1,98.27586206896551,309.413927037521,-11.107843109627622,1253.4087442533498,-11.107843109627622,1587.7604380144999,13.586206896551724,37,71,52.112676056338024,5.362909610922251,-0.48348230733994413,0.8967474859817758,,2.58142162245356,11
30,0.11,0.12000000000000001,0.9,0.1,5,20,20000,32927.54717949244,12927.547179492438,64.63773589746219,8.724770267741855,2.5967725639908754,2.4022604029966783,-1.0657831755454221,8.1862525773846,2.4654079545005767,51,50,1,98.0392156862745,264.87933478215643,-18.719559615428466,645.271549740197,-18.719559615428466,707.493499376571,15.666666666666666,31,71,43.66197183098591,3.338179873853897,-0.5095973413925758,0.7100397306990884,,2.4650344241973237,21
30,0.11,0.12000000000000001,0.9,0.2,5,20,20000,32927.54717949244,12927.547179492438,64.63773589746219,8.724770267741855,2.5967725639908754,2.4022604029966783,-1.0657831755454221,8.1862525773846,2.4654079545005767,51,50,1,98.0392156862745,264.87933478215643,-18.719559615428466,645.271549740197,-18.719559615428466,707.493499376571,15.666666666666666,31,71,43.66197183098591,3.338179873853897,-0.5095973413925758,0.7100397306990884,,2.5236633688950056,25
30,0.11,0.12000000000000001,0.9,0.1,5,20,20000,32927.54717949244,12927.547179492438,64.63773589746219,8.724770267741855,2.5967725639908754,2.4022604029966783,-1.0657831755454221,8.1862525773846,2.4654079545005767,51,50,1,98.0392156862745,264.87933478215643,-18.719559615428466,645.271549740197,-18.719559615428466,707.493499376571,15.666666666666666,31,71,43.66197183098591,3.338179873853897,-0.5095973413925758,0.7100397306990884,,2.4650344241973237,21
30,0.11,0.12000000000000001,0.9,0.4,5,15,20000,32927.54717949244,12927.547179492438,64.63773589746219,8.724770267741855,2.5967725639908754,2.4022604029966783,-1.0657831755454221,8.1862525773846,2.4654079545005767,51,50,1,98.0392156862745,264.87933478215643,-18.719559615428466,645.271549740197,-18.719559615428466,707.493499376571,15.666666666666666,31,71,43.66197183098591,3.338179873853897,-0.5095973413925758,0.7100397306990884,,2.5838565178154576,6
40,0.12000000000000001,0.13,0.6000000000000001,0.30000000000000004,13,10,20000,34722.283004053315,14722.283004053315,73.61141502026658,9.697203535471544,2.577958092836969,2.7384407807006674,-1.8927518240017043,5.123335987583131,2.832899794229337,66,66,0,100.0,228.58004551595954,0.0,841.8715372039596,0.0,inf,13.636363636363637,36,71,50.70422535211267,3.409480855665925,-0.3692172680362926,0.7853284734534212,,2.3937415227666894,7
40,0.12000000000000001,0.13,0.6000000000000001,0.4,17,10,20000,34722.283004053315,14722.283004053315,73.61141502026658,9.697203535471544,2.577958092836969,2.7384407807006674,-1.8927518240017043,5.123335987583131,2.832899794229337,66,66,0,100.0,228.58004551595954,0.0,841.8715372039596,0.0,inf,13.636363636363637,36,71,50.70422535211267,3.409480855665925,-0.3692172680362926,0.7853284734534212,,2.152996962563198,12
30,0.1,0.11,0.8,0.2,7,20,20000,29718.91605912386,9718.916059123861,48.5945802956193,6.870544360861497,2.5679357668103027,2.2712985090958933,-1.023247285058921,6.714451590717756,1.8172379949808648,45,45,0,100.0,219.9914679805305,0.0,531.4776926222257,0.0,inf,12.577777777777778,30,71,42.25352112676056,3.49871148796872,0.0,0.5627240592493319,,2.7246383577683178,23
30,0.1,0.11,0.8,0.30000000000000004,7,15,20000,29718.91605912386,9718.916059123861,48.5945802956193,6.870544360861497,2.5679357668103027,2.2712985090958933,-1.023247285058921,6.714451590717756,1.8172379949808648,45,45,0,100.0,219.9914679805305,0.0,531.4776926222257,0.0,inf,12.577777777777778,30,71,42.25352112676056,3.49871148796872,0.0,0.5627240592493319,,2.6043699397228837,10
35,0.11,0.14,0.7,0.30000000000000004,5,10,20000,53573.93144545675,33573.93144545675,167.86965722728377,17.97647734777992,2.559709302174279,2.0234911762809205,-4.751447085288987,3.783368945312915,5.746666111347853,75,75,0,100.0,451.93375260609037,0.0,3638.4118288939308,0.0,inf,15.48,40,71,56.33802816901409,18.04905914446966,0.0,1.4232894733729704,,2.780324072584361,2
30,0.11,0.15,0.4,0.7000000000000001,7,10,20000,36653.84416831113,16653.84416831113,83.26922084155566,10.698105414148529,2.5562503519850654,3.852956528022029,-0.6163596178477602,17.356921356244566,3.217011720728364,68,68,0,100.0,247.37564953398632,0.0,1166.871876250159,0.0,inf,8.558823529411764,30,71,42.25352112676056,7.996336235071477,-0.1910259241649892,0.8684416143023392,,2.157381893928361,3
30,0.1,0.11,0.8,0.2,13,20,20000,29676.240735174844,9676.240735174844,48.381203675874225,6.8447816154637575,2.552408929266649,2.249834387712905,-1.023247285058921,6.689274152405515,1.8188494772762975,45,45,0,100.0,219.04312744833013,0.0,531.4776926222257,0.0,inf,12.466666666666667,30,71,42.25352112676056,3.504360527020456,0.0,0.5606873718746385,,2.9378967259879616,9
30,0.1,0.11,0.8,0.1,13,15,20000,29676.240735174844,9676.240735174844,48.381203675874225,6.8447816154637575,2.552408929266649,2.249834387712905,-1.023247285058921,6.689274152405515,1.8188494772762975,45,45,0,100.0,219.04312744833013,0.0,531.4776926222257,0.0,inf,12.466666666666667,30,71,42.25352112676056,3.504360527020456,0.0,0.5606873718746385,,2.9378967259879616,9
40,0.11,0.13,0.30000000000000004,0.30000000000000004,19,10,20000,34493.489120669095,14493.489120669095,72.46744560334548,9.575597186148155,2.5411443167862635,2.586782295812113,-1.9578387171673464,4.890901943139824,2.8301955752774126,93,93,0,100.0,160.0095604373027,0.0,870.5966614567855,0.0,inf,7.623655913978495,42,71,59.154929577464785,2.869245989166447,-0.019783033352138713,0.7744315752568189,,2.2342548857068345,13
30,0.1,0.15,0.4,0.9,9,15,20000,39115.457224895916,19115.457224895916,95.57728612447957,11.911914499005727,2.5142166687319487,4.295675856286381,-0.5865842780155744,20.30725156716432,3.7116171937651954,88,88,0,100.0,219.7324684647243,0.0,1263.9794084786301,0.0,inf,7.193181818181818,36,71,50.70422535211267,7.351461272346516,-0.18219748158386784,0.9606707066066045,,2.5964469385351645,2
30,0.1,0.14,0.8,0.7000000000000001,11,25,20000,37167.662383634015,17167.662383634015,85.83831191817008,10.956951534639625,2.502690759330765,3.4884307360842164,-1.0803075479019109,10.142437267905203,3.381332287473493,54,54,0,100.0,320.6641182154443,0.0,1253.4087442533498,0.0,inf,14.444444444444445,35,71,49.29577464788733,5.517307396296411,-0.4966739073760995,0.8856481439040722,,2.588728342402861,2
30,0.11,0.15,0.8,0.1,17,10,20000,43108.52690494468,23108.52690494468,115.5426345247234,13.751979629404465,2.4877826196499573,4.835965647078711,-0.7371898512097266,18.654597057783015,4.418372738596176,46,46,0,100.0,505.3266718466231,0.0,2180.9391549882475,0.0,inf,13.76086956521739,32,71,45.07042253521127,14.637101039198619,-0.18524324461973718,1.1104346197078883,,2.4877826196499573,1
30,0.1,0.15,0.7,0.30000000000000004,19,25,20000,46708.2860232238,26708.2860232238,133.54143011611902,15.292946248603268,2.4815007750602898,5.695728845473324,-0.6066880303831009,25.20726548527147,4.982904197630187,56,55,1,98.21428571428571,488.8229592491767,-0.17673548097487557,2259.968676518936,-0.17673548097487557,152121.47900582952,11.071428571428571,35,71,49.29577464788733,14.011184930181386,-0.18261603035785168,1.2277105191450113,,2.4815007750602898,1
45,0.11,0.13,0.5,0.30000000000000004,21,10,20000,36561.759562748215,16561.759562748215,82.80879781374108,10.651397253475592,2.479440582972788,1.941423186415258,-2.2605450004672276,4.71187136344292,3.3008589144900244,67,67,0,100.0,251.05163526489835,0.0,843.8234143168727,0.0,inf,15.014925373134329,42,71,59.154929577464785,3.6726101900504737,-0.5114143087074252,0.8580939026058689,,2.610060369672302,31
40,0.12000000000000001,0.13,0.4,0.2,15,15,20000,33385.04362120566,13385.04362120566,66.9252181060283,8.976764453278196,2.477339174671935,2.6127236810147028,-1.635848516413635,5.48752794846706,2.6800301777602153,75,75,0,100.0,183.78858161607573,0.0,571.4041031289393,0.0,inf,10.133333333333333,34,71,47.88732394366197,3.019619614870672,-0.3755630706797075,0.7289045040274101,,1.973037156439491,18
40,0.12000000000000001,0.13,0.4,0.1,19,10,20000,33385.04362120566,13385.04362120566,66.9252181060283,8.976764453278196,2.477339174671935,2.6127236810147028,-1.635848516413635,5.48752794846706,2.6800301777602153,75,75,0,100.0,183.78858161607573,0.0,571.4041031289393,0.0,inf,10.133333333333333,34,71,47.88732394366197,3.019619614870672,-0.3755630706797075,0.7289045040274101,,2.0100613187680683,7
30,0.1,0.11,0.9,0.1,5,15,20000,29687.763086498933,9687.763086498933,48.438815432494664,6.851740602002354,2.471715129533809,2.385889979072427,-1.0209917391426646,6.710867815400562,1.8813229493066446,44,44,0,100.0,224.0173428749754,0.0,531.4776926222257,0.0,inf,15.613636363636363,30,71,42.25352112676056,3.1942679560579723,0.0,0.561323584493483,,2.668704996163839,11
30,0.1,0.11,0.9,0.2,5,20,20000,29687.763086498933,9687.763086498933,48.438815432494664,6.851740602002354,2.471715129533809,2.385889979072427,-1.0209917391426646,6.710867815400562,1.8813229493066446,44,44,0,100.0,224.0173428749754,0.0,531.4776926222257,0.0,inf,15.613636363636363,30,71,42.25352112676056,3.1942679560579723,0.0,0.561323584493483,,2.5991896851666114,16
45,0.11,0.12000000000000001,0.7,0.1,15,15,20000,33910.07521690752,13910.07521690752,69.5503760845376,9.262440493889024,2.468713897539858,2.14261274329181,-1.8602430081001886,4.979156192796812,2.7968047909280647,49,48,1,97.95918367346938,295.7488469080217,-1.1694346775240008,755.8971072968585,-1.1694346775240008,12139.151441653474,19.53061224489796,42,71,59.154929577464785,3.3399270815377857,-0.009641629149914621,0.7504897601254531,,2.592278515030659,9
35,0.1,0.12000000000000001,0.4,0.2,17,10,20000,30839.596209315445,10839.596209315445,54.197981046577226,7.536313946816797,2.467797206526775,1.629805168767937,-1.6982806030171476,4.437614098299104,2.1455125044697367,75,75,0,100.0,147.57861612420515,0.0,530.2659349552072,0.0,inf,9.28,37,71,52.112676056338024,3.167926119080078,-0.2887710483055361,0.6148208854325122,,2.615629958893641,41
30,0.1,0.11,0.9,0.2,9,15,20000,29639.53829694603,9639.53829694603,48.19769148473015,6.822599979799038,2.45432163730538,2.3681263590151156,-1.0209917391426646,6.6823263286420245,1.8835488819637112,44,43,1,97.72727272727273,228.20593301952033,-4.3168228933612465,531.4776926222257,-4.3168228933612465,2273.1660209943666,15.522727272727273,30,71,42.25352112676056,3.199857412510676,0.0,0.55901506890895,,2.887710850827332,9
30,0.1,0.15,0.8,0.1,17,20,20000,48314.77097646991,28314.77097646991,141.57385488234954,15.948917718123191,2.454020648022562,6.866603574956115,-0.5763441726857041,27.672558297593064,5.276030165914094,57,57,0,100.0,499.66966625385777,0.0,2899.688053470611,0.0,inf,13.192982456140351,37,71,52.112676056338024,14.189294878871772,-0.17915229346046058,1.2764304703203089,,2.631601336436776,8
40,0.1,0.12000000000000001,0.5,0.1,9,10,20000,31576.14616014375,11576.146160143751,57.88073080071876,7.9629957769179915,2.4395861891407007,1.6817183151632595,-1.6649098893045513,4.782838896010288,2.3345189902640184,67,67,0,100.0,176.40665910662247,0.0,615.9871710240577,0.0,inf,11.626865671641792,37,71,52.112676056338024,3.189295467713782,-0.27560513726991864,0.6483890104665622,,2.1621025437098105,3
40,0.1,0.12000000000000001,0.5,0.2,13,10,20000,31576.14616014375,11576.146160143751,57.88073080071876,7.9629957769179915,2.4395861891407007,1.6817183151632595,-1.6649098893045513,4.782838896010288,2.3345189902640184,67,67,0,100.0,176.40665910662247,0.0,615.9871710240577,0.0,inf,11.626865671641792,37,71,52.112676056338024,3.189295467713782,-0.27560513726991864,0.6483890104665622,,2.7059951021923343,30
40,0.1,0.12000000000000001,0.5,0.2,15,10,20000,31576.14616014375,11576.146160143751,57.88073080071876,7.9629957769179915,2.4395861891407007,1.6817183151632595,-1.6649098893045513,4.782838896010288,2.3345189902640184,67,67,0,100.0,176.40665910662247,0.0,615.9871710240577,0.0,inf,11.626865671641792,37,71,52.112676056338024,3.189295467713782,-0.27560513726991864,0.6483890104665622,,2.686717739267095,43
40,0.1,0.12000000000000001,0.5,0.1,15,10,20000,31576.14616014375,11576.146160143751,57.88073080071876,7.9629957769179915,2.4395861891407007,1.6817183151632595,-1.6649098893045513,4.782838896010288,2.3345189902640184,67,67,0,100.0,176.40665910662247,0.0,615.9871710240577,0.0,inf,11.626865671641792,37,71,52.112676056338024,3.189295467713782,-0.27560513726991864,0.6483890104665622,,2.7266622075254086,31
40,0.1,0.12000000000000001,0.5,0.30000000000000004,19,10,20000,31541.952356323625,11541.952356323625,57.70976178161813,7.943371683220124,2.4310652689855874,1.6747319205031719,-1.6672193186516309,4.764443162549455,2.3352235007947777,67,67,0,100.0,175.8963038257251,0.0,615.9871710240577,0.0,inf,11.611940298507463,37,71,52.112676056338024,3.1932078097881345,-0.2759578902266635,0.6468591007880101,,2.642470381690565,41
40,0.1,0.12000000000000001,0.5,0.1,19,10,20000,31541.952356323625,11541.952356323625,57.70976178161813,7.943371683220124,2.4310652689855874,1.6747319205031719,-1.6672193186516309,4.764443162549455,2.3352235007947777,67,67,0,100.0,175.8963038257251,0.0,615.9871710240577,0.0,inf,11.611940298507463,37,71,52.112676056338024,3.1932078097881345,-0.2759578902266635,0.6468591007880101,,2.7249888895126486,27
40,0.1,0.12000000000000001,0.5,0.5,17,10,20000,31541.952356323625,11541.952356323625,57.70976178161813,7.943371683220124,2.4310652689855874,1.6747319205031719,-1.6672193186516309,4.764443162549455,2.3352235007947777,67,67,0,100.0,175.8963038257251,0.0,615.9871710240577,0.0,inf,11.611940298507463,37,71,52.112676056338024,3.1932078097881345,-0.2759578902266635,0.6468591007880101,,2.4399926297349337,9
40,0.1,0.12000000000000001,0.5,0.30000000000000004,17,10,20000,31541.952356323625,11541.952356323625,57.70976178161813,7.943371683220124,2.4310652689855874,1.6747319205031719,-1.6672193186516309,4.764443162549455,2.3352235007947777,67,67,0,100.0,175.8963038257251,0.0,615.9871710240577,0.0,inf,11.611940298507463,37,71,52.112676056338024,3.1932078097881345,-0.2759578902266635,0.6468591007880101,,2.658851886471435,42
30,0.1,0.11,0.7,0.5,7,15,20000,29319.300764188945,9319.300764188945,46.596503820944726,6.628083851361022,2.4271189888412463,2.095024714213788,-1.0345487524271162,6.406739011391316,1.8290911847722322,45,45,0,100.0,210.76446142642118,0.0,455.69498122814343,0.0,inf,11.977777777777778,29,71,40.845070422535215,3.5091447303707612,0.0,0.5434351711482438,,2.4271189888412463,1
45,0.1,0.12000000000000001,0.5,0.1,15,10,20000,31538.634695965302,11538.634695965302,57.69317347982651,7.941466709676481,2.420643269901958,1.4842221239327111,-2.5056272600269907,3.16945255041284,2.344679324349087,71,71,0,100.0,166.19626332345462,0.0,584.1319274302132,0.0,inf,13.450704225352112,42,71,59.154929577464785,2.9359720401153977,0.0,0.6462646863468166,,2.7993102463948425,28
30,0.1,0.13,0.4,0.6,5,20,20000,35748.03514121951,15748.035141219509,78.74017570609755,10.23433938410756,2.4162373605998893,4.179761377533537,-0.7342730748250139,13.938056201429593,3.2296216895600596,82,82,0,100.0,194.9504285514568,0.0,940.169385424619,0.0,inf,8.463414634146341,37,71,52.112676056338024,7.3720968657800645,0.0,0.8295536671305659,,2.4162373605998893,1
40,0.1,0.15,0.30000000000000004,0.1,11,15,20000,64675.7669749814,44675.7669749814,223.37883487490703,21.76361243136582,2.4070473278027427,4.436560256624784,-1.757515590004065,12.383168920462028,7.469743116097324,124,124,0,100.0,364.24086270146216,0.0,3407.341471133797,0.0,inf,11.040322580645162,49,71,69.01408450704226,14.465325694194252,-0.20970757208224056,1.6909492339956935,,1.9531034089727943,4
40,0.12000000000000001,0.13,0.6000000000000001,0.1,23,10,20000,33459.43245936068,13459.43245936068,67.2971622968034,9.017466667452535,2.403805813305482,2.5572262946708384,-2.0161549642702883,4.472605939155201,2.778658372668094,61,61,0,100.0,226.18741736656867,0.0,841.8715372039596,0.0,inf,13.573770491803279,35,71,49.29577464788733,3.4983012766816035,-0.3770630495871563,0.7321707295212128,,2.0154942475180966,5
30,0.1,0.13,0.9,0.1,15,15,20000,39584.669637026054,19584.669637026054,97.92334818513028,12.136029347570743,2.4007140144831536,5.534429618544879,-0.7256338860692129,16.724727966209088,3.9744206845484547,62,61,1,98.38709677419355,324.23874278053813,-6.693672586736985,2595.5196683241825,-6.693672586736985,2954.8148723023264,14.048387096774194,38,71,53.52112676056338,11.055569408062848,0.0,0.9791293978927467,,2.905349663137897,9
30,0.1,0.13,0.9,0.30000000000000004,15,15,20000,39584.669637026054,19584.669637026054,97.92334818513028,12.136029347570743,2.4007140144831536,5.534429618544879,-0.7256338860692129,16.724727966209088,3.9744206845484547,62,61,1,98.38709677419355,324.23874278053813,-6.693672586736985,2595.5196683241825,-6.693672586736985,2954.8148723023264,14.048387096774194,38,71,53.52112676056338,11.055569408062848,0.0,0.9791293978927467,,2.880804400399041,11
35,0.1,0.11,0.6000000000000001,0.8,9,10,20000,30187.916492511187,10187.916492511187,50.93958246255593,7.151666444741234,2.3967918107615183,1.9265054443674912,-1.0237624874602482,6.9856695594337515,2.0586583086048655,64,61,3,95.3125,172.7077670816353,-0.48576648951816265,524.8910412216491,-0.8246903433556882,7229.244242042929,11.546875,36,71,50.70422535211267,2.9517245669787417,-0.4452078661351111,0.5846543922554291,,2.3967918107615183,1
35,0.11,0.14,0.9,0.30000000000000004,9,15,20000,51221.66016059862,31221.66016059862,156.1083008029931,17.09107923038029,2.3945764515543067,1.8258984169827859,-4.751447085288987,3.5970261109075987,5.829941070500071,57,57,0,100.0,551.9677221157652,0.0,4627.909816462036,0.0,inf,21.56140350877193,42,71,59.154929577464785,20.1574416698435,0.0,1.362614387041104,,2.610664367925549,24
30,0.1,0.13,0.9,0.6,17,20,20000,38761.96537460719,18761.965374607193,93.80982687303596,11.741590027396942,2.393918269242593,5.214803671126357,-0.7306241475582997,16.07062956601777,3.836243434184327,61,58,3,95.08196721311475,329.35834248582233,-45.57282985683867,1297.7598341620912,-72.24112211750644,139.72348527391352,13.852459016393443,38,71,53.52112676056338,10.101112529367162,0.0,0.9484886486611039,,2.4994767607620485,2
45,0.1,0.13,0.4,0.5,21,10,20000,33317.78273413598,13317.78273413598,66.5889136706799,8.939897305237633,2.388666871880819,1.3657676101059146,-3.269611608503367,2.734238305854861,2.766431595234375,95,95,0,100.0,142.96508141195642,0.0,674.4245128336257,0.0,inf,9.336842105263157,44,71,61.97183098591549,3.420287771574815,-0.48451006759123727,0.7250609714634647,,2.585405632945742,2
40,0.12000000000000001,0.13,0.5,0.30000000000000004,17,15,20000,32578.300486212196,12578.300486212196,62.891502431060985,8.530432582737845,2.381453753073068,2.523915439078677,-1.3354645410936856,6.387614436959743,2.614697430668129,67,67,0,100.0,193.57612665988336,0.0,841.8715372039596,0.0,inf,11.164179104477611,35,71,49.29577464788733,3.063404701898609,-0.3786742045603697,0.6936187075201147,,2.3001292699236635,22
40,0.12000000000000001,0.13,0.5,0.2,19,10,20000,32578.300486212196,12578.300486212196,62.891502431060985,8.530432582737845,2.381453753073068,2.523915439078677,-1.3354645410936856,6.387614436959743,2.614697430668129,67,67,0,100.0,193.57612665988336,0.0,841.8715372039596,0.0,inf,11.164179104477611,35,71,49.29577464788733,3.063404701898609,-0.3786742045603697,0.6936187075201147,,2.1221161986602284,18
40,0.12000000000000001,0.13,0.5,0.30000000000000004,17,10,20000,32578.300486212196,12578.300486212196,62.891502431060985,8.530432582737845,2.381453753073068,2.523915439078677,-1.3354645410936856,6.387614436959743,2.614697430668129,67,67,0,100.0,193.57612665988336,0.0,841.8715372039596,0.0,inf,11.164179104477611,35,71,49.29577464788733,3.063404701898609,-0.3786742045603697,0.6936187075201147,,2.3001292699236635,22
40,0.12000000000000001,0.13,0.5,0.4,13,10,20000,32578.300486212196,12578.300486212196,62.891502431060985,8.530432582737845,2.381453753073068,2.523915439078677,-1.3354645410936856,6.387614436959743,2.614697430668129,67,67,0,100.0,193.57612665988336,0.0,841.8715372039596,0.0,inf,11.164179104477611,35,71,49.29577464788733,3.063404701898609,-0.3786742045603697,0.6936187075201147,,2.246206749621552,5
45,0.1,0.12000000000000001,0.30000000000000004,0.1,11,10,20000,30087.244124254892,10087.244124254892,50.436220621274465,7.091630665383586,2.3812593966635185,1.7330940172284557,-0.9532926926957066,7.439090553951463,2.0484572685419975,97,96,1,98.96907216494846,108.9478471599167,-3.849203097140159,297.295778184619,-3.849203097140159,2717.1840673002466,7.206185567010309,40,71,56.33802816901409,2.2549280139958494,0.0,0.5788625605627784,,2.488415985617814,5
30,0.1,0.13,0.6000000000000001,0.5,7,15,20000,37598.759690575374,17598.759690575374,87.99379845287687,11.17183789349161,2.379355103405593,4.901588230592074,-0.7269891497804944,15.367269094545373,3.641722288164986,73,73,0,100.0,244.0172560352793,0.0,2004.3954911242174,0.0,inf,10.876712328767123,38,71,53.52112676056338,6.595467979923275,0.0,0.9017441932078993,,2.577698462049572,3
35,0.11,0.12000000000000001,0.6000000000000001,0.4,17,10,20000,32073.248623033178,12073.248623033178,60.36624311516589,8.246307929881102,2.3736651474970105,2.2089134566480038,-0.9995365344345064,8.250131581780048,2.5116396226750255,54,49,5,90.74074074074075,253.95276571836854,-10.12737943338119,809.8441401765724,-28.086470275027345,245.74344433435596,12.814814814814815,33,71,46.478873239436616,3.3142888474711585,-0.34737261556673227,0.6716837221627793,,2.5703025115322897,22
35,0.1,0.12000000000000001,0.4,0.1,21,15,20000,30425.279202708785,10425.279202708785,52.12639601354393,7.292560423934136,2.370872046964,1.5203201259405468,-1.7236773742722797,4.230815193599084,2.137345073693079,72,70,2,97.22222222222221,153.21824373438125,-34.29892934897334,530.2659349552072,-44.75125112265197,156.35002702683084,8.972222222222221,37,71,52.112676056338024,3.212614658393531,-0.2929408581211379,0.5956699123994006,,2.7119735411337835,14
30,0.1,0.13,0.9,0.1,5,15,20000,39040.91395787627,19040.91395787627,95.20456978938134,11.876103898581935,2.367230914857914,4.147029950115661,-1.1605001233005636,10.233608476322484,3.931801278112776,59,59,0,100.0,325.4815925063784,0.0,2595.5196683241825,0.0,inf,16.389830508474578,38,71,53.52112676056338,11.0764665251865,0.0,0.9591655497543533,,2.6880940757779666,16
35,0.1,0.13,0.5,0.30000000000000004,13,10,20000,43346.27163468708,23346.27163468708,116.73135817343541,13.856992576076554,2.365883379963199,3.7931121499277056,-1.4003150385554313,9.895625051896511,4.689935967154537,88,88,0,100.0,269.1985413032619,0.0,2554.5165510716793,0.0,inf,10.920454545454545,42,71,59.154929577464785,8.162798064495869,-0.1525818651880395,1.10579793007394,,2.4802630840623197,22
35,0.1,0.13,0.5,0.2,17,10,20000,43346.27163468708,23346.27163468708,116.73135817343541,13.856992576076554,2.365883379963199,3.7931121499277056,-1.4003150385554313,9.895625051896511,4.689935967154537,88,88,0,100.0,269.1985413032619,0.0,2554.5165510716793,0.0,inf,10.920454545454545,42,71,59.154929577464785,8.162798064495869,-0.1525818651880395,1.10579793007394,,2.45222598163623,54
30,0.1,0.13,0.9,0.2,7,20,20000,39028.201729803375,19028.201729803375,95.14100864901688,11.869991263176892,2.362047410581419,4.110544671694539,-1.1605001233005636,10.228341233965233,3.9382201558071324,58,58,0,100.0,330.87416775523155,0.0,2595.5196683241825,0.0,inf,16.25862068965517,38,71,53.52112676056338,11.0764665251865,0.0,0.9587128073000926,,2.78879266054148,25
30,0.1,0.13,0.9,0.2,7,20,20000,39028.201729803375,19028.201729803375,95.14100864901688,11.869991263176892,2.362047410581419,4.110544671694539,-1.1605001233005636,10.228341233965233,3.9382201558071324,58,58,0,100.0,330.87416775523155,0.0,2595.5196683241825,0.0,inf,16.25862068965517,38,71,53.52112676056338,11.0764665251865,0.0,0.9587128073000926,,2.78879266054148,25
30,0.1,0.13,0.9,0.30000000000000004,7,15,20000,39028.201729803375,19028.201729803375,95.14100864901688,11.869991263176892,2.362047410581419,4.110544671694539,-1.1605001233005636,10.228341233965233,3.9382201558071324,58,58,0,100.0,330.87416775523155,0.0,2595.5196683241825,0.0,inf,16.25862068965517,38,71,53.52112676056338,11.0764665251865,0.0,0.9587128073000926,,2.7248380526262466,14
40,0.1,0.12000000000000001,0.4,0.30000000000000004,19,15,20000,31612.752335775902,11612.752335775902,58.06376167887951,7.98398475845381,2.3618739177434827,1.6748933767209706,-1.7725818388307706,4.504155793292005,2.420432239146666,74,74,0,100.0,160.3898964294035,0.0,615.9871710240577,0.0,inf,9.45945945945946,38,71,53.52112676056338,3.1813927995778313,-0.27681372587952113,0.6500979226686658,,2.6319233227204855,34
40,0.1,0.12000000000000001,0.4,0.1,15,10,20000,31612.752335775902,11612.752335775902,58.06376167887951,7.98398475845381,2.3618739177434827,1.6748933767209706,-1.7725818388307706,4.504155793292005,2.420432239146666,74,74,0,100.0,160.3898964294035,0.0,615.9871710240577,0.0,inf,9.45945945945946,38,71,53.52112676056338,3.1813927995778313,-0.27681372587952113,0.6500979226686658,,2.670734735517588,27
40,0.1,0.12000000000000001,0.4,0.1,15,15,20000,31612.752335775902,11612.752335775902,58.06376167887951,7.98398475845381,2.3618739177434827,1.6748933767209706,-1.7725818388307706,4.504155793292005,2.420432239146666,74,74,0,100.0,160.3898964294035,0.0,615.9871710240577,0.0,inf,9.45945945945946,38,71,53.52112676056338,3.1813927995778313,-0.27681372587952113,0.6500979226686658,,2.603638603813718,28
40,0.1,0.12000000000000001,0.4,0.30000000000000004,15,10,20000,31612.752335775902,11612.752335775902,58.06376167887951,7.98398475845381,2.3618739177434827,1.6748933767209706,-1.7725818388307706,4.504155793292005,2.420432239146666,74,74,0,100.0,160.3898964294035,0.0,615.9871710240577,0.0,inf,9.45945945945946,38,71,53.52112676056338,3.1813927995778313,-0.27681372587952113,0.6500979226686658,,2.6430957334279235,27
40,0.1,0.12000000000000001,0.4,0.1,13,10,20000,31612.752335775902,11612.752335775902,58.06376167887951,7.98398475845381,2.3618739177434827,1.6748933767209706,-1.7725818388307706,4.504155793292005,2.420432239146666,74,74,0,100.0,160.3898964294035,0.0,615.9871710240577,0.0,inf,9.45945945945946,38,71,53.52112676056338,3.1813927995778313,-0.27681372587952113,0.6500979226686658,,2.5948056455121424,21
35,0.11,0.12000000000000001,0.8,0.1,17,15,20000,31955.046524457575,11955.046524457575,59.775232622287874,8.179274270079983,2.359296484734092,2.073785941459641,-1.2917436679573877,6.331963897306135,2.500548124736355,49,45,4,91.83673469387756,272.6418783101627,-12.159499874942583,809.8441401765724,-28.086470275027345,252.24895452402922,16.53061224489796,34,71,47.88732394366197,2.922868136519985,-0.15489991605665,0.6663950503071099,,2.606610894575005,8
30,0.12000000000000001,0.15,0.9,0.2,15,20,20000,34249.90509538785,14249.905095387847,71.24952547693924,9.44538970505664,2.354147416358312,3.123709500970177,-0.9100129943584296,10.379400913627343,3.0065855990865855,39,39,0,100.0,368.74884859968785,0.0,1833.6842133059154,0.0,inf,13.564102564102564,25,71,35.2112676056338,10.828362000786452,-0.6322175327620583,0.7753812026603827,,2.668296445698847,9
40,0.11,0.15,0.6000000000000001,0.30000000000000004,15,10,20000,72972.85966282916,52972.859662829156,264.8642983141458,24.254555594876393,2.3436799898269722,3.734180112825395,-2.2506179406502023,10.776842731409698,8.572354263886469,69,69,0,100.0,773.3182559830318,0.0,4848.724166775474,0.0,inf,17.942028985507246,44,71,61.97183098591549,14.013764833962883,-0.6942800046074393,1.8699760765156115,,1.857261814007879,13
30,0.1,0.13,0.9,0.4,15,25,20000,37098.89199912316,17098.89199912316,85.4944599956158,10.92248037041843,2.3358776829524523,4.3678490033482404,-0.7453803558280678,14.653566176001894,3.6127872645579187,58,57,1,98.27586206896551,302.99448546859446,-6.693672586736985,2004.3954911242174,-6.693672586736985,2580.1509482149554,14.413793103448276,34,71,47.88732394366197,5.838160156623529,-0.015904351265838557,0.8828345347162574,,2.8286657903796573,6
45,0.1,0.13,0.30000000000000004,0.5,13,15,20000,32133.665317135554,12133.665317135554,60.66832658567777,8.280491510408726,2.330375903398626,1.6235283911182687,-2.124598270399653,3.897438695010847,2.57256151322689,99,99,0,100.0,125.42490219328747,0.0,674.4245128336257,0.0,inf,7.414141414141414,41,71,57.74647887323944,2.83583217504082,-0.488445061716003,0.6733198163280516,,2.3250477577395183,4
30,0.1,0.13,0.8,0.4,17,20,20000,37148.357225104795,17148.357225104795,85.74178612552397,10.94728018390132,2.322039931348813,4.816687117114631,-0.7180774287936816,15.245264291751884,3.6444682966059303,61,58,3,95.08196721311475,301.5375123219877,-45.57282985683867,2004.3954911242174,-72.24112211750644,127.92107175565891,13.032786885245901,38,71,53.52112676056338,6.664379866971859,0.0,0.8847447955376244,,2.77765608040576,9
35,0.1,0.14,0.6000000000000001,0.30000000000000004,17,10,20000,57514.94998266878,37514.94998266878,187.5747499133439,19.389876456549437,2.306241172572153,2.138334032246977,-4.751447085288987,4.080836029213641,6.9257822000843055,77,77,0,100.0,491.9175322424512,0.0,3202.462630066264,0.0,inf,13.896103896103897,43,71,60.56338028169014,17.392638207179157,0.0,1.5283800316215612,,2.701018670000853,30
40,0.12000000000000001,0.15,0.6000000000000001,0.5,15,15,20000,67272.46472655146,47272.464726551465,236.3623236327573,22.570451558606308,2.3035082637993893,4.195865754883784,-1.6649218802873673,13.556462814165565,8.112367844884256,74,74,0,100.0,644.2806044128575,0.0,4525.475888990442,0.0,inf,16.905405405405407,40,71,56.33802816901409,13.048259240556813,-0.2236442686058493,1.7510678873484553,,1.9037674654522052,2
40,0.11,0.14,0.8,0.5,17,10,20000,49990.12330690042,29990.123306900423,149.95061653450213,16.6139502089667,2.2938269757414402,1.9709465881219108,-4.751447085288987,3.496608488055218,5.909695521050596,58,58,0,100.0,521.6659190844896,0.0,3935.6861387151243,0.0,inf,18.79310344827586,41,71,57.74647887323944,20.1574416698435,-0.06428396962410154,1.3282212443042714,,2.1646459158832467,2
30,0.1,0.13,0.9,0.2,11,15,20000,39425.05118536321,19425.051185363212,97.12525592681607,12.060038421005359,2.2929407510471256,4.201371132680942,-1.16151955193665,10.38298356742868,4.134391278751981,58,58,0,100.0,337.9629514717805,0.0,2595.5196683241825,0.0,inf,15.758620689655173,38,71,53.52112676056338,11.087820613814014,0.0,0.9735477775586583,,2.8323288127908777,21
30,0.1,0.13,0.9,0.30000000000000004,11,15,20000,39425.05118536321,19425.051185363212,97.12525592681607,12.060038421005359,2.2929407510471256,4.201371132680942,-1.16151955193665,10.38298356742868,4.134391278751981,58,58,0,100.0,337.9629514717805,0.0,2595.5196683241825,0.0,inf,15.758620689655173,38,71,53.52112676056338,11.087820613814014,0.0,0.9735477775586583,,2.775569578379465,15
30,0.1,0.13,0.9,0.2,11,15,20000,39425.05118536321,19425.051185363212,97.12525592681607,12.060038421005359,2.2929407510471256,4.201371132680942,-1.16151955193665,10.38298356742868,4.134391278751981,58,58,0,100.0,337.9629514717805,0.0,2595.5196683241825,0.0,inf,15.758620689655173,38,71,53.52112676056338,11.087820613814014,0.0,0.9735477775586583,,2.8323288127908777,21
35,0.11,0.13,0.7,0.2,5,25,20000,34468.213712144134,14468.213712144134,72.34106856072067,9.562121900781895,2.2918099905562683,2.069556499457272,-1.58234525834829,6.043006006643068,3.1365838478639727,42,42,0,100.0,348.4122312415268,0.0,1063.769653130941,0.0,inf,16.428571428571427,32,71,45.07042253521127,4.110526259232161,0.0,0.7752838659064366,,2.533827292065931,4
40,0.1,0.12000000000000001,0.5,0.2,23,10,20000,31441.727171272745,11441.727171272745,57.20863585636372,7.8857494819855045,2.287288786437294,1.3397210643909196,-2.4424107285475243,3.228674599982238,2.459970890716221,66,65,1,98.48484848484848,180.06883253785634,-19.6469436879532,615.9871710240577,-19.6469436879532,595.7401976032244,11.303030303030303,36,71,50.70422535211267,3.204730743465034,-0.27699706350418074,0.6424669541866743,,2.5335037838797274,15
35,0.1,0.15,0.9,0.6,13,15,20000,62901.288973129085,42901.288973129085,214.50644486564542,21.196602018346944,2.282408075030178,2.11021363385268,-4.796282793072146,4.419381202660479,7.679063271174913,63,63,0,100.0,684.8522059226843,0.0,4735.388711253798,0.0,inf,22.19047619047619,45,71,63.38028169014085,19.999742101042095,-4.226799535582648,1.6728199337880614,,2.606510665704301,3
40,0.1,0.15,0.5,0.5,15,20,20000,71066.30913588956,51066.30913588956,255.33154567944783,23.7038723713348,2.271309926091875,4.105587399414215,-1.8318610833890778,12.939776157851933,8.651879731471194,109,109,0,100.0,472.54136821917024,0.0,4269.747878796263,0.0,inf,15.577981651376147,48,71,67.6056338028169,13.178597953609295,-0.6837088268921487,1.8299470610577717,,2.2592264017569414,2
35,0.1,0.14,0.6000000000000001,0.2,9,20,20000,56770.036114852715,36770.036114852715,183.85018057426356,19.129035199739477,2.2703892504826846,2.072433369777316,-4.751447085288987,4.0259388048254,6.939088486407356,79,79,0,100.0,469.9194444918063,0.0,3202.462630066264,0.0,inf,13.772151898734178,43,71,60.56338028169014,17.392638207179157,0.0,1.5097210043081117,,2.4422793141406594,6
45,0.1,0.13,0.4,0.2,19,20,20000,31808.118598489436,11808.118598489436,59.04059299244718,8.09566161230466,2.2540070788004583,1.2525957430676553,-2.811242946674595,2.8797445705932234,2.584021996340393,93,93,0,100.0,129.68084514504628,0.0,674.4245128336257,0.0,inf,9.279569892473118,41,71,57.74647887323944,2.979682051118915,-0.5044605051113482,0.658845076971032,,2.658946476580305,8
40,0.1,0.15,0.4,0.5,15,15,20000,70777.70158391073,50777.70158391073,253.8885079195537,23.61944311990363,2.247142877422008,4.951790665665179,-1.705805162589225,13.846506997347754,8.717035771703012,103,103,0,100.0,497.4932192612691,0.0,4598.190023319051,0.0,inf,13.116504854368932,50,71,70.4225352112676,13.785376820024698,0.0,1.8219589393767326,,1.9670039458154505,7
40,0.1,0.15,0.4,0.30000000000000004,15,10,20000,70777.70158391073,50777.70158391073,253.8885079195537,23.61944311990363,2.247142877422008,4.951790665665179,-1.705805162589225,13.846506997347754,8.717035771703012,103,103,0,100.0,497.4932192612691,0.0,4598.190023319051,0.0,inf,13.116504854368932,50,71,70.4225352112676,13.785376820024698,0.0,1.8219589393767326,,1.7559517453212274,11
40,0.1,0.15,0.4,0.1,9,10,20000,70777.70158391073,50777.70158391073,253.8885079195537,23.61944311990363,2.247142877422008,4.951790665665179,-1.705805162589225,13.846506997347754,8.717035771703012,103,103,0,100.0,497.4932192612691,0.0,4598.190023319051,0.0,inf,13.116504854368932,50,71,70.4225352112676,13.785376820024698,0.0,1.8219589393767326,,2.3270951026123754,2
40,0.1,0.15,0.5,0.6,15,10,20000,74349.46629092171,54349.466290921715,271.74733145460857,24.644774143367965,2.2334441870681174,3.654579945617958,-2.34584396203487,10.505717576368633,9.157625396291484,96,96,0,100.0,570.9881905304347,0.0,5387.471296417194,0.0,inf,15.229166666666666,50,71,70.4225352112676,13.483514859740842,-1.066399419691022,1.8963373163945136,,2.000609435571407,5
40,0.1,0.15,0.5,0.30000000000000004,21,10,20000,74349.46629092171,54349.466290921715,271.74733145460857,24.644774143367965,2.2334441870681174,3.654579945617958,-2.34584396203487,10.505717576368633,9.157625396291484,96,96,0,100.0,570.9881905304347,0.0,5387.471296417194,0.0,inf,15.229166666666666,50,71,70.4225352112676,13.483514859740842,-1.066399419691022,1.8963373163945136,,1.8264538089331521,6
45,0.1,0.14,0.6000000000000001,0.2,11,10,20000,55601.752525765885,35601.752525765885,178.00876262882943,18.71415041173656,2.231732015516459,1.9514549216361963,-5.328837557180268,3.5118635557806486,6.902503715783735,84,84,0,100.0,427.5756253067373,0.0,2629.028204499608,0.0,inf,17.86904761904762,50,71,70.4225352112676,13.432153949532633,-0.015379909058932384,1.4720388367276238,,2.1927681879578755,13
30,0.1,0.13,0.9,0.1,11,25,20000,36204.340089070916,16204.340089070916,81.02170044535458,10.46917044989173,2.205672780838405,3.6304330424999214,-0.925598610599562,11.310702425439318,3.640643501785787,50,50,0,100.0,326.9728017814179,0.0,2004.3954911242174,0.0,inf,15.26,35,71,49.29577464788733,5.838160156623529,0.0,0.8476684484151387,,2.8545553978150062,7
40,0.11,0.15,0.5,0.5,19,10,20000,70455.93329816294,50455.93329816294,252.27966649081472,23.524974571083803,2.2048733938278633,3.7515162925321808,-2.0822752430794407,11.297725720588756,8.854205565999186,79,79,0,100.0,643.9485227615558,0.0,4598.190023319051,0.0,inf,16.734177215189874,44,71,61.97183098591549,13.599712541128728,-0.6678148026689534,1.8197053550810163,,1.814855013875683,5
35,0.1,0.14,0.5,0.30000000000000004,17,10,20000,55293.801105484636,35293.801105484636,176.46900552742318,18.603582282516463,2.2043832898490927,2.1320447762750026,-4.751447085288987,3.9153508286170835,6.946193777073311,85,85,0,100.0,419.8094247704074,0.0,3202.462630066264,0.0,inf,12.08235294117647,43,71,60.56338028169014,17.137689421671286,0.0,1.471361076171539,,2.5861410840658805,38
40,0.1,0.14,0.4,0.5,15,10,20000,54947.72040584832,34947.72040584832,174.73860202924158,18.478710792119536,2.1995414520770074,2.1362836225645845,-4.751447085288987,3.8890701002083548,6.913299177904049,106,106,0,100.0,333.5341547721541,0.0,3202.462630066264,0.0,inf,11.10377358490566,45,71,63.38028169014085,17.05688028848613,-0.06931914562289254,1.4647067817559571,,2.1442267490566893,8
35,0.1,0.15,0.8,0.2,15,20,20000,62468.04313884547,42468.04313884547,212.34021569422734,21.05614479403941,2.1989903042414314,2.2493553905962065,-4.688342146153704,4.491170682010439,7.925823348774852,78,77,1,98.71794871794873,555.5250898891898,-3.1887826221227735,4324.601509080883,-3.1887826221227735,13414.345532588231,19.743589743589745,44,71,61.97183098591549,18.413040001435043,-4.131675145310165,1.662063861793576,,2.763283953674321,20
30,0.1,0.14,0.2,0.6,9,20,20000,36018.081761263515,16018.081761263515,80.09040880631757,10.373614351106841,2.1986419703331896,3.9347099058015713,-1.0080396519679278,10.290879263385259,3.612542584879408,119,119,0,100.0,137.36959463246566,0.0,1253.4087442533498,0.0,inf,5.420168067226891,37,71,52.112676056338024,5.3969566489654675,-0.4863945755804622,0.8402474497225401,,2.1986419703331896,1
40,0.1,0.11,0.8,0.4,11,10,20000,31385.762963503472,11385.762963503472,56.928814817517356,7.8535075878099825,2.1923716380665317,1.3150377053858837,-2.620619319855153,2.996813588416978,2.55390556012222,59,58,1,98.30508474576271,200.94010480221854,-3.5631150252044126,531.6341210928623,-3.5631150252044126,3270.881236246384,16.779661016949152,40,71,56.33802816901409,2.6460337689687696,-0.43091914989237257,0.6396714897114872,,2.1923716380665317,1
35,0.11,0.12000000000000001,0.5,0.1,19,10,20000,30351.58404759665,10351.58404759665,51.75792023798326,7.248914596378531,2.1816480987558577,1.967444443462224,-1.0233661668911957,7.083402628405669,2.3057287531463992,58,53,5,91.37931034482759,203.1415250140994,-11.223355630128491,809.8441401765724,-28.78195495679067,191.85885541834168,11.10344827586207,33,71,46.478873239436616,3.148702603953679,-0.35565053280091075,0.5926123465961047,,2.6982625995440803,26
30,0.1,0.11,0.8,0.1,17,15,20000,28089.377145093706,8089.377145093706,40.446885725468526,5.864179621841004,2.1792728592890285,1.7546002915563856,-1.336721712349804,4.3869861375502355,1.7058985546145249,44,43,1,97.72727272727273,193.36247888108085,-48.40944679275837,370.40376422601804,-48.40944679275837,171.755455654789,10.818181818181818,29,71,40.845070422535215,3.364809787320011,-0.23808404006411266,0.48228220349555656,,2.590977653781035,3
30,0.12000000000000001,0.14,0.8,0.1,11,10,20000,30672.30896500392,10672.308965003918,53.36154482501959,7.438224491568368,2.1455391893836344,1.7250739785247555,-1.5675975333801124,4.744983538937951,2.4281356704533055,42,42,0,100.0,257.97164202390286,0.0,837.6709029863199,0.0,inf,12.166666666666666,26,71,36.61971830985916,5.18924145367321,-0.7918917282009219,0.6110089848782168,,2.3359861010943037,5
40,0.12000000000000001,0.15,0.8,0.30000000000000004,21,10,20000,79076.53624383571,59076.53624383571,295.38268121917855,25.940499081062953,2.1189055748649115,5.238309740192262,-2.1663121857138266,11.974497144101711,10.182894908211164,66,66,0,100.0,901.6975188459968,0.0,5387.471296417194,0.0,inf,20.560606060606062,40,71,56.33802816901409,14.95354437997034,0.0,1.9958342901197892,,2.1189055748649115,1
30,0.1,0.11,0.8,0.2,7,25,20000,27577.301369862125,7577.301369862125,37.88650684931063,5.537899444063288,2.1139557895124055,1.5388632048121944,-1.0899749736254307,5.080758345894265,1.6117195031106128,33,33,0,100.0,233.35761726854986,0.0,437.0711520623234,0.0,inf,13.636363636363637,25,71,35.2112676056338,3.663892334691843,0.0,0.4566064121673337,,2.666834427295658,17
30,0.1,0.11,0.8,0.1,5,25,20000,27577.301369862125,7577.301369862125,37.88650684931063,5.537899444063288,2.1139557895124055,1.5388632048121944,-1.0899749736254307,5.080758345894265,1.6117195031106128,33,33,0,100.0,233.35761726854986,0.0,437.0711520623234,0.0,inf,13.636363636363637,25,71,35.2112676056338,3.663892334691843,0.0,0.4566064121673337,,2.5864451258592043,14
40,0.11,0.15,0.4,0.2,19,10,20000,74759.96008957496,54759.96008957496,273.7998004478748,24.75997027257626,2.0775155669552836,4.653370660765908,-2.167376779470053,11.42393445713225,9.92210529483462,75,75,0,100.0,736.4074678610004,0.0,4598.190023319051,0.0,inf,14.613333333333333,45,71,63.38028169014085,15.014049223506154,0.0,1.9119321450270241,,1.5565721860961665,14
40,0.1,0.11,0.7,0.30000000000000004,17,10,20000,31351.798306380322,11351.798306380322,56.758991531901614,7.833916656796469,2.0657451350420204,1.2601858867042013,-2.5903412160968906,3.024279816155095,2.703532463389487,60,58,2,96.66666666666667,200.5030997441849,-0.8907393911986078,531.6341210928623,-1.3855771129300587,6527.823906784971,14.633333333333333,37,71,52.112676056338024,3.215946399174019,-0.43453442713385915,0.6385562155451469,,2.29345496108227,6
40,0.13,0.15,0.5,0.7000000000000001,11,15,20000,60543.56918738916,40543.56918738916,202.71784593694582,20.42226154754283,2.0608674029591523,4.319840723933417,-1.679241459457995,12.16159917474553,8.211910793539259,67,66,1,98.50746268656717,621.2742161684025,-0.3290797253970834,4525.475888990442,-0.3290797253970834,124602.32309248786,15.880597014925373,36,71,50.70422535211267,12.825818390690324,-0.6707988597198233,1.5991492903450522,,2.0608674029591523,1
40,0.13,0.15,0.5,0.4,19,10,20000,60535.25398331488,40535.25398331488,202.67626991657437,20.419486521261,2.060568934417908,4.308702575324633,-1.679241459457995,12.159946627241894,8.211983142505517,67,65,2,97.01492537313433,630.7692887440596,-2.274892524498296,4525.475888990442,-4.220705323599508,9011.41555630326,15.865671641791044,36,71,50.70422535211267,12.825818390690324,-0.6707988597198233,1.5989526697200058,,1.825794532779187,5
35,0.1,0.13,0.4,0.6,21,15,20000,42247.20712190958,22247.20712190958,111.23603560954791,13.367448996652076,2.0458684146563715,3.5323121473572665,-1.4952163246542232,8.940143828180428,5.224866309851104,93,90,3,96.7741935483871,252.26355455081955,-22.170929221394356,2786.7453284418325,-46.050579686346325,341.34368302532664,8.96774193548387,42,71,59.154929577464785,8.711408608494708,-0.15432909222269364,1.0709835766351479,,2.007626289233996,2
30,0.1,0.11,0.9,0.2,7,25,20000,27249.59152510016,7249.591525100161,36.2479576255008,5.3264363314763585,2.040493365183256,1.464358342905638,-1.0899749736254307,4.886751035906615,1.571048800268772,30,30,0,100.0,245.42305083667307,0.0,513.7627789435265,0.0,inf,16.133333333333333,24,71,33.80281690140845,3.364846283609224,0.0,0.43943949463756504,,2.6147074189947617,15
35,0.12000000000000001,0.14,0.30000000000000004,0.9,17,10,20000,43457.46586001945,23457.465860019453,117.28732930009727,13.905943140021005,2.040346912795702,1.518175998254836,-4.751447085288987,2.9266753665584035,5.479592259424054,87,87,0,100.0,274.87087195424704,0.0,1679.4380211287787,0.0,inf,9.0,35,71,49.29577464788733,9.3826078772826,-0.5230926001998037,1.1116289063749123,,2.040346912795702,1
35,0.12000000000000001,0.14,0.30000000000000004,0.30000000000000004,7,20,20000,43457.46586001945,23457.465860019453,117.28732930009727,13.905943140021005,2.040346912795702,1.518175998254836,-4.751447085288987,2.9266753665584035,5.479592259424054,87,87,0,100.0,274.87087195424704,0.0,1679.4380211287787,0.0,inf,9.0,35,71,49.29577464788733,9.3826078772826,-0.5230926001998037,1.1116289063749123,,2.040346912795702,1
40,0.11,0.14,0.6000000000000001,0.2,17,15,20000,52479.63904961207,32479.639049612073,162.39819524806038,17.56869550604625,2.039444951128747,1.7984820777687234,-4.751447085288987,3.6975462823611993,7.0825022563543465,70,69,1,98.57142857142858,475.28200431067745,-5.419247824629085,3202.462630066264,-5.419247824629085,6051.477872702993,15.528571428571428,41,71,57.74647887323944,15.862813150331334,-0.5827934692539505,1.3955314924782989,,2.4727853078737807,46
35,0.12000000000000001,0.15,0.5,0.4,7,20,20000,64484.93381356875,44484.93381356875,222.42466906784375,21.703260073135944,2.03824726045496,2.061944993635413,-4.815483065524926,4.506974643626976,8.84861226498855,64,64,0,100.0,699.8708408370118,0.0,4598.190023319051,0.0,inf,14.125,39,71,54.929577464788736,17.294216065618006,-4.243720077216196,1.7059741510959252,,2.3213918332483834,5
35,0.11,0.15,0.9,0.2,17,20,20000,67920.48856382283,47920.48856382283,239.60244281911415,22.767755587755325,2.035464856025053,2.447299746015721,-4.688054581869233,4.85654661014576,9.30650590272681,62,62,0,100.0,777.64981554553,0.0,4598.190023319051,0.0,inf,21.048387096774192,40,71,56.33802816901409,17.626871981991155,-4.131421724768359,1.7895602313129888,,2.620396085452022,12
35,0.11,0.15,0.9,0.4,17,15,20000,67920.48856382283,47920.48856382283,239.60244281911415,22.767755587755325,2.035464856025053,2.447299746015721,-4.688054581869233,4.85654661014576,9.30650590272681,62,62,0,100.0,777.64981554553,0.0,4598.190023319051,0.0,inf,21.048387096774192,40,71,56.33802816901409,17.626871981991155,-4.131421724768359,1.7895602313129888,,2.7071833424356315,13
40,0.12000000000000001,0.14,0.6000000000000001,0.30000000000000004,19,10,20000,44931.93918749615,24931.93918749615,124.65969593748076,14.545383667176836,1.9976337891360687,1.6149718761467324,-4.751447085288987,3.0612534257639057,5.888287077118802,64,63,1,98.4375,400.77794691747124,-1.1714683044946483,3202.462630066264,-1.1714683044946483,21553.302431594755,15.75,37,71,52.112676056338024,15.869313150331333,-0.2933580841489536,1.167249591521488,,2.2546244769472756,14
35,0.1,0.11,0.5,0.30000000000000004,15,15,20000,28618.83606492842,8618.836064928419,43.094180324642096,6.196371541446277,1.9959528528046382,1.5923018472136876,-1.0946433353248357,5.660630583026847,2.0226318192383514,63,60,3,95.23809523809523,149.84380698084982,-2.16411797418979,524.8910412216491,-3.787319291706286,1384.8025733157997,9.857142857142858,36,71,50.70422535211267,2.5054108225028626,-0.4639524917709137,0.5082725440774063,,2.2194618999789517,13
40,0.12000000000000001,0.14,0.5,0.30000000000000004,13,10,20000,48583.64420143733,28583.64420143733,142.91822100718665,16.05692710472555,1.9854508410820344,1.6508406896592192,-4.751447085288987,3.379376180877526,6.6074551993327315,67,67,0,100.0,432.55886867817026,0.0,3202.462630066264,0.0,inf,14.059701492537313,37,71,52.112676056338024,15.869313150331333,-0.46656818503449937,1.2827922774923284,,2.2663915374748123,11
30,0.12000000000000001,0.14,0.6000000000000001,0.5,7,15,20000,30243.30393754563,10243.303937545628,51.216519687728145,7.184625625376739,1.9853156832491703,1.5563284758352542,-1.5781429241304687,4.552582352029587,2.505902893792001,47,47,0,100.0,221.87029654352375,0.0,646.9341620254955,0.0,inf,9.574468085106384,26,71,36.61971830985916,4.683756263400052,-0.797224661099627,0.5900698438397057,,2.4545935750082006,6
30,0.12000000000000001,0.13,0.8,0.30000000000000004,15,15,20000,30425.346185944654,10425.346185944654,52.12673092972327,7.2926000546001735,1.9758414556942987,1.8742257614744033,-0.9960189596705258,7.321748229584405,2.5697217940898596,45,44,1,97.77777777777777,244.4212751941108,-61.389922596226164,899.8965393267222,-61.389922596226164,175.18406366588238,11.644444444444444,27,71,38.028169014084504,5.120132900787278,-0.8643210679463165,0.5987180987035408,,2.486170324971125,4
35,0.1,0.14,0.30000000000000004,0.5,19,10,20000,48354.61121898567,28354.611218985672,141.77305609492836,15.964953509140244,1.9693841638116203,1.7674015388664248,-4.751447085288987,3.3600192157394595,6.620213963525358,108,108,0,100.0,266.75565943505234,0.0,2929.984333440456,0.0,inf,8.666666666666666,42,71,59.154929577464785,10.268324691480224,-0.2822452349292126,1.2686327643928386,,2.265798990826219,3
40,0.12000000000000001,0.14,0.5,0.4,19,10,20000,48293.585499671615,28293.585499671615,141.46792749835808,15.940386031790066,1.968433811569322,1.6458354382632023,-4.751447085288987,3.35484869044281,6.613678488220086,70,70,0,100.0,409.7840785667388,0.0,3202.462630066264,0.0,inf,13.842857142857143,37,71,52.112676056338024,15.869313150331333,-0.46656818503449937,1.2740968561356714,,2.1861077925716446,16
30,0.12000000000000001,0.15,0.9,0.2,5,25,20000,35082.985616691774,15082.985616691774,75.41492808345888,9.887573170912978,1.9643888674253756,3.3533708919997274,-0.9083970133827668,10.884638572393346,3.8222540902373265,32,32,0,100.0,475.283925521618,0.0,2747.932343698766,0.0,inf,15.0625,25,71,35.2112676056338,13.165732231746286,-0.6310935067051493,0.812562844906253,,1.7196251145093728,2
30,0.12000000000000001,0.15,0.9,0.2,5,15,20000,35082.985616691774,15082.985616691774,75.41492808345888,9.887573170912978,1.9643888674253756,3.3533708919997274,-0.9083970133827668,10.884638572393346,3.8222540902373265,32,32,0,100.0,475.283925521618,0.0,2747.932343698766,0.0,inf,15.0625,25,71,35.2112676056338,13.165732231746286,-0.6310935067051493,0.812562844906253,,2.1037740809679244,3
35,0.1,0.15,0.4,0.7000000000000001,5,10,20000,56439.44433250679,36439.44433250679,182.19722166253396,19.012360696775097,1.9616949974694287,2.3864258052958007,-4.78256832313782,3.9753453400329426,8.018303051572559,95,95,0,100.0,387.58257192112353,0.0,3941.3057342734724,0.0,inf,10.557894736842105,40,71,56.33802816901409,13.86496946923419,-4.214713443571361,1.5059268237562944,,2.258972674727247,2
35,0.12000000000000001,0.14,0.4,0.2,11,15,20000,51108.19093224304,31108.190932243037,155.54095466121518,17.047520064347864,1.9616155634912584,1.9368231315268543,-4.751447085288987,3.587858553056162,7.138400722875378,75,74,1,98.66666666666667,426.68424147097375,-2.3429366089892967,3202.462630066264,-2.3429366089892967,13476.520767872085,10.533333333333333,37,71,52.112676056338024,15.869313150331333,-0.48682569265999787,1.357401896752372,,1.9125315053337513,5
30,0.12000000000000001,0.15,0.5,0.6,9,15,20000,37170.522171602905,17170.522171602905,85.85261085801451,10.958383853818932,1.9542003323305897,3.6238393735352283,-0.897520636957246,12.209617698563227,4.3492579899652055,46,46,0,100.0,376.9743950348459,0.0,2180.9391549882475,0.0,inf,9.73913043478261,25,71,35.2112676056338,13.19581246494057,-0.6235283628026278,0.8981088553399036,,2.4657930300482294,5
30,0.12000000000000001,0.13,0.8,0.2,19,20,20000,30498.676055997646,10498.676055997646,52.49338027998823,7.335942223004888,1.9535780299670182,2.1049733370195813,-1.0001844891862628,7.3345890706356744,2.620344988099552,52,51,1,98.07692307692307,212.38787209287344,-10.705420738870147,833.6782855999303,-10.705420738870147,1011.8034350025681,10.326923076923077,27,71,38.028169014084504,4.358866257434935,-0.8679392074374959,0.6015514482508701,,2.156437257350555,2
30,0.12000000000000001,0.15,0.5,0.7000000000000001,15,20,20000,37161.35247239065,17161.352472390652,85.80676236195326,10.953790903539517,1.95321178897453,3.621914887724258,-0.897520636957246,12.204500322883726,4.349339417376806,46,46,0,100.0,376.7750537476231,0.0,2180.9391549882475,0.0,inf,9.717391304347826,25,71,35.2112676056338,13.19581246494057,-0.6235283628026278,0.8977488393731429,,1.95321178897453,1
40,0.11,0.12000000000000001,0.5,0.30000000000000004,17,10,20000,29334.866500116234,9334.866500116234,46.674332500581166,6.6375794498101826,1.9486579474044727,1.5312471780616475,-1.2884024727951922,5.151790368276722,2.2875757406325543,59,58,1,98.30508474576271,166.41374243600808,-3.8305611722797277,676.3555737426829,-3.8305611722797277,2519.7344794115793,12.203389830508474,34,71,47.88732394366197,2.976098115071335,-0.13783052102458448,0.5437077669938403,,2.5904378752410957,48
35,0.1,0.15,0.4,0.30000000000000004,17,15,20000,55761.28488847745,35761.28488847745,178.80642444238725,18.77122929986701,1.9336089596658907,2.3709018842793985,-4.78256832313782,3.9249265314314,8.030059094218057,95,95,0,100.0,380.4166830366045,0.0,3941.3057342734724,0.0,inf,10.157894736842104,40,71,56.33802816901409,13.86496946923419,-4.214713443571361,1.4883669377273654,,1.8748938706374376,9
30,0.12000000000000001,0.14,0.8,0.30000000000000004,15,20,20000,29414.049705260917,9414.049705260917,47.07024852630459,6.68581892508453,1.9265184149717163,1.5114872988361245,-1.5675975333801124,4.265009852795773,2.337943196787576,45,44,1,97.77777777777777,217.99826588920934,-12.773993864302607,837.6709029863199,-12.773993864302607,750.8946537018616,10.511111111111111,26,71,36.61971830985916,5.3639257070763335,-0.7918917282009219,0.5509430363265444,,2.5604450599502266,11
45,0.11,0.14,0.2,0.5,13,15,20000,41068.71089293294,21068.71089293294,105.3435544646647,12.830605325325607,1.9193084917800587,1.2203289542942675,-5.328837557180268,2.4077681459884595,5.326727896813644,120,119,1,99.16666666666667,180.72273609509566,-0.4947023835357378,1006.6881675494005,-0.4947023835357378,43472.613658354785,8.408333333333333,44,71,61.97183098591549,5.630240572205536,-0.25029247801388044,1.027826827333826,,2.1248421975893423,2
30,0.12000000000000001,0.14,0.9,0.2,9,20,20000,30625.46618961494,10625.466189614941,53.1273309480747,7.410678288972883,1.89717554890554,1.1936798817333936,-1.666814245425937,4.446013291108609,2.736670832837279,42,42,0,100.0,256.639671181308,0.0,907.0603095494605,0.0,inf,14.761904761904763,26,71,36.61971830985916,4.953343419517053,-0.7894728298796116,0.6083029869333058,,2.495470215651884,15
40,0.11,0.12000000000000001,0.6000000000000001,0.4,19,15,20000,29763.665142145568,9763.665142145568,48.81832571072784,6.897525970756568,1.8961230686440866,1.5005997464213694,-1.8738682818799133,3.6809022477485938,2.4819150414283007,54,53,1,98.14814814814815,190.17893658510962,-5.118496865271021,676.3555737426829,-5.118496865271021,1969.227275960656,14.037037037037036,35,71,49.29577464788733,2.7741810896625863,-0.13621559378345083,0.5644287133167718,,2.452993741090127,22
35,0.1,0.14,0.7,0.5,13,15,20000,65590.11874068363,45590.118740683625,227.95059370341812,22.05074299508649,1.8878542183108649,2.4049779114056324,-4.751447085288987,4.640847851038489,9.741386397066554,66,66,0,100.0,696.6684657679344,0.0,7353.714522287037,0.0,inf,15.545454545454545,45,71,63.38028169014085,18.04905914446966,0.0,1.7308809847625564,,2.3878528785320103,3
35,0.1,0.14,0.7,0.2,13,15,20000,65590.11874068363,45590.118740683625,227.95059370341812,22.05074299508649,1.8878542183108649,2.4049779114056324,-4.751447085288987,4.640847851038489,9.741386397066554,66,66,0,100.0,696.6684657679344,0.0,7353.714522287037,0.0,inf,15.545454545454545,45,71,63.38028169014085,18.04905914446966,0.0,1.7308809847625564,,2.2814439256820367,19
30,0.12000000000000001,0.13,0.8,0.1,5,20,20000,31375.127541439568,11375.127541439568,56.87563770719783,7.847374937994034,1.8860801629166124,1.4033406218076518,-1.747935592606988,4.489510352203501,2.9715724559515047,41,41,0,100.0,283.8787205229164,0.0,899.8965393267222,0.0,inf,12.731707317073171,27,71,38.028169014084504,5.120132900787278,-0.8643210679463165,0.6427799255809467,,1.7398825742992514,11
35,0.1,0.13,0.9,0.2,5,20,20000,55393.27000809211,35393.27000809211,176.96635004046058,18.639351911811943,1.8438039712082321,4.883640103467376,-1.547276423007698,12.046555893083111,8.371387567541994,61,60,1,98.36065573770492,595.3277952642391,-0.0977077621784439,5109.0331021433585,-0.0977077621784439,365576.5613648938,19.983606557377048,46,71,64.7887323943662,14.914624743616445,-0.1211486767996095,1.473637138236326,,2.716408819221305,18
30,0.13,0.15,0.8,0.1,11,15,20000,32070.538798865135,12070.538798865135,60.35269399432567,8.244773464374555,1.8276499393887704,1.1847231913668683,-4.556662038840519,1.8093888451890778,3.273166537948633,30,28,2,93.33333333333333,467.9590053489307,-449.85667545247827,1833.6842133059154,-898.0447407660032,14.563363027336262,15.4,22,71,30.985915492957744,9.298379055180984,-4.317108725236984,0.6817271896798823,,1.8302019141996497,6
45,0.13,0.15,0.7,0.1,17,10,20000,76861.74536803545,56861.74536803545,284.30872684017726,25.341673078338147,1.8235424826966693,1.4983049199286043,-11.071401455668806,2.288930916271909,11.658169795312675,61,59,2,96.72131147540983,1024.727840473085,-1537.2986099382795,5414.572504920872,-3057.0567598440657,19.66402044373779,20.83606557377049,42,71,59.154929577464785,25.01129601811105,-9.466296453959055,1.9899263063616135,,1.8110737712459233,2
35,0.12000000000000001,0.14,0.9,0.1,9,20,20000,45199.904593601925,25199.904593601925,125.99952296800963,14.65971271782729,1.8196063647523368,0.8812396570285758,-8.869950127244742,1.6527390241799491,6.543505251220402,45,44,1,97.77777777777777,613.0748298879939,-1528.3879214697931,1960.9905392765434,-1528.3879214697931,17.649506474201008,21.288888888888888,39,71,54.929577464788736,7.84564409963695,-7.7914396073489485,1.1747766959465327,,2.511086223799429,11
30,0.12000000000000001,0.13,0.7,0.1,9,15,20000,30632.832757422584,10632.832757422584,53.16416378711292,7.415012570183177,1.819286022448836,1.3065808091785742,-1.7405220802515948,4.260223213664331,2.8578577511289116,45,45,0,100.0,242.5251723871683,0.0,899.8965393267222,0.0,inf,10.933333333333334,27,71,38.028169014084504,5.120946998845066,-0.8644573064836125,0.6082989433897366,,2.491158987451251,5
45,0.11,0.15,0.5,0.7000000000000001,13,10,20000,90349.8853624228,70349.8853624228,351.74942681211405,28.7882662574519,1.8188919941848805,2.3745566666261895,-7.011787678636523,4.105695662343547,13.2769523868926,81,81,0,100.0,874.8084612644793,0.0,7647.619959964109,0.0,inf,17.85185185185185,49,71,69.01408450704226,16.930547258151442,-0.21669491857971845,2.211620201855845,,2.026168090626499,2
30,0.12000000000000001,0.14,0.9,0.4,7,20,20000,29822.892192342693,9822.892192342693,49.11446096171347,6.9331852561985485,1.8115971142601837,1.2249215822588224,-1.666814245425937,4.159542837616465,2.618022013081836,40,40,0,100.0,249.34230480856726,0.0,907.0603095494605,0.0,inf,13.65,26,71,36.61971830985916,4.953343419517053,-0.7894728298796116,0.5700668441035701,,2.4141356271900776,6
40,0.1,0.11,0.6000000000000001,0.4,15,10,20000,29776.85041021327,9776.850410213268,48.88425205106634,6.905469633067907,1.7993617814901355,1.0681250486475036,-2.6261011501085347,2.62955203868766,2.621532858143755,61,60,1,98.36065573770492,167.48243853137885,-0.3959016694671569,531.6341210928623,-0.3959016694671569,25382.429746779257,13.60655737704918,35,71,49.29577464788733,2.5736784404205792,-0.4482103426608597,0.5651282157551338,,2.0872149182360387,8
40,0.14,0.15,0.6000000000000001,0.1,15,10,20000,65222.905508300726,45222.905508300726,226.11452754150366,21.935831101302107,1.7986050597951773,4.104679476822402,-1.8887430575112458,11.613983709465732,10.200225972054486,44,43,1,97.72727272727273,1068.0769481289333,-1.1032612433765387,5985.32729873047,-1.1032612433765387,41628.679558237076,18.863636363636363,35,71,49.29577464788733,12.736562114422266,0.0,1.716628575389763,,1.8110737712459233,2
30,0.14,0.15,0.6000000000000001,0.4,5,10,20000,40278.317229894674,20278.317229894674,101.39158614947337,12.463327130973934,1.7983284185666855,1.3837107041202323,-3.1256865509375906,3.987388667374659,5.507783487474961,38,38,0,100.0,541.7820323656504,0.0,2610.0344361925863,0.0,inf,12.394736842105264,21,71,29.577464788732392,12.312636700061464,-0.28729574236470157,1.0175605266098977,,1.7983284185666855,1
30,0.14,0.15,0.6000000000000001,0.4,5,20,20000,40278.317229894674,20278.317229894674,101.39158614947337,12.463327130973934,1.7983284185666855,1.3837107041202323,-3.1256865509375906,3.987388667374659,5.507783487474961,38,38,0,100.0,541.7820323656504,0.0,2610.0344361925863,0.0,inf,12.394736842105264,21,71,29.577464788732392,12.312636700061464,-0.28729574236470157,1.0175605266098977,,1.7983284185666855,1
45,0.1,0.15,0.6000000000000001,0.1,15,10,20000,75383.84504793839,55383.84504793839,276.91922523969197,24.934046020263967,1.7940746484535826,1.5374172637761603,-11.244793314075268,2.2173858890810973,11.667137694411043,90,89,1,98.88888888888889,662.6114218198996,-3155.6714940325833,5414.572504920872,-3155.6714940325833,18.687755253830666,18.5,49,71,69.01408450704226,24.77526800278509,-9.658205780276418,1.962914514204981,,1.4174555734311924,9
35,0.1,0.14,0.4,0.30000000000000004,19,15,20000,63141.58253721071,43141.58253721071,215.70791268605353,21.27415782927029,1.7842691199564125,2.473698483091735,-4.751447085288987,4.477406029657253,9.959610408101677,95,95,0,100.0,459.8145530232717,0.0,7353.714522287037,0.0,inf,10.48421052631579,43,71,60.56338028169014,17.587565252577008,-0.29749845810566056,1.6761662296182804,,2.652397310824295,27
30,0.13,0.15,0.9,0.8,19,15,20000,37257.738499440435,17257.738499440435,86.28869249720216,11.00202199456648,1.7591191328034328,2.2127034589332646,-3.009754059888174,3.6554554876072682,4.867222768682502,44,38,6,86.36363636363636,461.49203642419707,-13.99314744650961,2180.9391549882475,-47.53753270685318,208.87244335314242,12.295454545454545,22,71,30.985915492957744,13.377477067254562,-0.1996950980759693,0.9018430516359185,,1.7591191328034328,1
30,0.13,0.15,0.6000000000000001,0.4,9,25,20000,38432.86070887103,18432.860708871027,92.16430354435514,11.581850159532392,1.7501974398614655,1.3663098362689372,-3.191234419138548,3.629269629981878,5.199943013729337,43,41,2,95.34883720930233,454.88284466994577,-6.617961298369455,2610.0344361925863,-11.567312457785619,1409.0590584190063,11.953488372093023,22,71,30.985915492957744,12.579589952207693,-0.1831952293947614,0.946654632032925,,1.8942223501582127,2
30,0.14,0.15,0.9,0.1,13,15,20000,32582.69186937337,12582.691869373371,62.913459346866865,8.532886899941294,1.7488986159632063,1.0991478527928196,-4.720385169830981,1.807667508676379,3.5784814069747366,32,30,2,93.75,455.59846433166354,-449.03103028826985,1833.6842133059154,-898.0447407660032,15.219386866399105,16.09375,21,71,29.577464788732392,9.949494779054824,-4.460541806145302,0.7069158469640194,,1.066035323088928,4
40,0.1,0.11,0.6000000000000001,0.1,17,15,20000,29510.58661891192,9510.586618911919,47.5529330945596,6.744484531848172,1.7478214155076295,1.0107823960295972,-2.703410315335704,2.4948060949492437,2.6124107061641078,62,59,3,95.16129032258065,167.92546216993978,-40.471883038179676,531.6341210928623,-119.63417033214182,81.60070254765908,13.225806451612904,35,71,49.29577464788733,2.650181901027726,-0.45170297388106295,0.5524292908132227,,2.0776163831470402,11
35,0.12000000000000001,0.15,0.6000000000000001,0.4,21,10,20000,69282.54779714164,49282.54779714164,246.41273898570822,23.177407542845142,1.7401599414041462,2.2828035157452904,-4.64058872006425,4.99449723752383,11.174462326878402,59,58,1,98.30508474576271,857.4086610089728,-23.35454137881676,4763.950099367358,-23.35454137881676,2129.337567879911,14.728813559322035,39,71,54.929577464788736,18.804772783212485,-4.089591688615557,1.816129497626954,,1.9943339740710617,5
30,0.14,0.15,0.9,0.30000000000000004,13,15,20000,38873.45547661125,18873.45547661125,94.36727738305625,11.795448842307167,1.7389919831092249,1.2977135547674497,-3.2669861168755068,3.6104986125830694,5.347895680449927,34,34,0,100.0,561.525161076802,0.0,2747.932343698766,0.0,inf,16.08823529411765,23,71,32.3943661971831,12.888562990232888,-0.18718105518954475,0.9674334470962249,,1.6406669049568174,2
40,0.1,0.14,0.6000000000000001,0.30000000000000004,15,15,20000,60964.94920957278,40964.94920957278,204.82474604786387,20.56247479634299,1.731266654603762,2.252701522437594,-4.751447085288987,4.327623653856257,9.922574721228992,79,79,0,100.0,523.0854330325677,0.0,7686.425709915308,0.0,inf,16.31645569620253,45,71,63.38028169014085,18.72434645575305,-0.06437957991395349,1.6272847839943672,,2.603832341264514,30
35,0.11,0.15,0.9,0.6,21,20,20000,66391.70722315481,46391.70722315481,231.95853611577405,22.299735530581334,1.7251422398709935,2.321589780730293,-4.67162453645461,4.773443447042311,10.835112351302966,69,69,0,100.0,676.6580756978971,0.0,4763.950099367358,0.0,inf,18.840579710144926,40,71,56.33802816901409,18.921491082234287,-4.116942489217779,1.7562750664904911,,1.7251422398709935,1
40,0.1,0.14,0.6000000000000001,0.2,19,10,20000,60398.038583918016,40398.038583918016,201.99019291959007,20.373647866269295,1.717379056404806,2.2321300368184245,-4.751447085288987,4.287882723002092,9.910749882612881,80,80,0,100.0,509.42798229897636,0.0,7686.425709915308,0.0,inf,16.025,45,71,63.38028169014085,18.72434645575305,-0.06490704820651949,1.6138927477953806,,2.5383202758891645,34
40,0.11,0.12000000000000001,0.4,0.30000000000000004,23,10,20000,28108.405021154424,8108.405021154424,40.54202510577212,5.876207955462576,1.7109804180855919,1.4191615380350366,-1.375520297310784,4.271989273405036,2.1848391414838217,62,60,2,96.7741935483871,140.71512264415745,-4.751168747528515,676.3555737426829,-7.6264977335766755,888.5084709989849,10.016129032258064,32,71,45.07042253521127,3.292528896313507,-0.14400631273119302,0.4829955874541393,,2.484396739924854,8
40,0.11,0.14,0.8,0.30000000000000004,13,10,20000,75789.53214615727,55789.532146157275,278.94766073078637,25.04659819356656,1.7085175924528222,2.6881065583374797,-4.751447085288987,5.2713621227338585,12.334412603452314,66,66,0,100.0,851.6974567599593,0.0,9981.604875572479,0.0,inf,19.696969696969695,41,71,57.74647887323944,25.069220531952908,-0.25076759125670645,1.9702543941858326,,2.4093365868085113,4
35,0.1,0.15,0.9,0.1,11,15,20000,56856.10900095341,36856.10900095341,184.28054500476705,19.15931978290415,1.7031280975222516,1.419317948451492,-7.584304889019225,2.52618006043554,9.372190017719102,74,73,1,98.64864864864865,534.2398626413783,-1902.9009718671657,4187.735503833271,-1902.9009718671657,20.49476591236037,21.41891891891892,45,71,63.38028169014085,14.65355934492587,-7.458332763130871,1.5210326135730596,,2.8734294496710544,17
40,0.1,0.14,0.6000000000000001,0.30000000000000004,21,15,20000,59388.98095296183,39388.98095296183,196.94490476480914,20.03387018486047,1.6879063816090398,2.204159653226176,-4.751447085288987,4.216372365144837,9.916337188616078,80,79,1,98.75,503.7585246422832,-53.042493778457896,7686.425709915308,-53.042493778457896,750.2837934611413,16.05,45,71,63.38028169014085,18.75652728660706,-0.0660765888221726,1.5898454974855634,,2.7573789574107863,18
45,0.1,0.15,0.4,0.2,13,15,20000,68880.45896518075,48880.45896518075,244.40229482590374,23.05717803000502,1.6865965774330103,1.39124119860773,-11.338497041784414,2.0335303651828935,11.499519598672583,106,105,1,99.05660377358491,501.34995422287517,-3254.2862282211017,5801.327683843791,-3254.2862282211017,16.176126345892314,12.584905660377359,47,71,66.19718309859155,25.548928247488867,-9.685573034745687,1.8325809421846821,,1.5950842613377278,10
40,0.14,0.15,0.4,0.6,19,25,20000,53048.145579917385,33048.145579917385,165.24072789958691,17.781420119946702,1.664896852776181,2.0198826951802227,-4.017818741198703,4.42564019566539,8.863488867715166,52,50,2,96.15384615384616,672.4570268127295,-0.7028803595592704,3941.3057342734724,-0.8541300974302715,23917.90500571045,13.961538461538462,33,71,46.478873239436616,13.58211785017529,0.0,1.4123273142115012,,1.664896852776181,1
40,0.1,0.14,0.5,0.30000000000000004,15,10,20000,58665.51196861025,38665.51196861025,193.32755984305123,19.787288516852385,1.6567812554720627,2.2101304530969506,-4.751447085288987,4.164476245166667,9.981883592631904,89,89,0,100.0,438.767550209105,0.0,7686.425709915308,0.0,inf,14.224719101123595,47,71,66.19718309859155,18.87562626199717,-0.06672237473147602,1.5723394366495895,,2.5083390386901203,35
40,0.1,0.14,0.5,0.4,13,10,20000,58665.51196861025,38665.51196861025,193.32755984305123,19.787288516852385,1.6567812554720627,2.2101304530969506,-4.751447085288987,4.164476245166667,9.981883592631904,89,89,0,100.0,438.767550209105,0.0,7686.425709915308,0.0,inf,14.224719101123595,47,71,66.19718309859155,18.87562626199717,-0.06672237473147602,1.5723394366495895,,2.4038958267261776,14
40,0.1,0.14,0.5,0.2,15,10,20000,58665.51196861025,38665.51196861025,193.32755984305123,19.787288516852385,1.6567812554720627,2.2101304530969506,-4.751447085288987,4.164476245166667,9.981883592631904,89,89,0,100.0,438.767550209105,0.0,7686.425709915308,0.0,inf,14.224719101123595,47,71,66.19718309859155,18.87562626199717,-0.06672237473147602,1.5723394366495895,,2.3517870313448923,48
40,0.1,0.14,0.5,0.30000000000000004,9,10,20000,58665.51196861025,38665.51196861025,193.32755984305123,19.787288516852385,1.6567812554720627,2.2101304530969506,-4.751447085288987,4.164476245166667,9.981883592631904,89,89,0,100.0,438.767550209105,0.0,7686.425709915308,0.0,inf,14.224719101123595,47,71,66.19718309859155,18.87562626199717,-0.06672237473147602,1.5723394366495895,,2.083882381392357,4
40,0.1,0.14,0.5,0.2,15,10,20000,58665.51196861025,38665.51196861025,193.32755984305123,19.787288516852385,1.6567812554720627,2.2101304530969506,-4.751447085288987,4.164476245166667,9.981883592631904,89,89,0,100.0,438.767550209105,0.0,7686.425709915308,0.0,inf,14.224719101123595,47,71,66.19718309859155,18.87562626199717,-0.06672237473147602,1.5723394366495895,,2.3517870313448923,48
40,0.1,0.14,0.5,0.4,17,10,20000,58665.51196861025,38665.51196861025,193.32755984305123,19.787288516852385,1.6567812554720627,2.2101304530969506,-4.751447085288987,4.164476245166667,9.981883592631904,89,89,0,100.0,438.767550209105,0.0,7686.425709915308,0.0,inf,14.224719101123595,47,71,66.19718309859155,18.87562626199717,-0.06672237473147602,1.5723394366495895,,2.438776272644666,26
40,0.1,0.11,0.5,0.30000000000000004,19,10,20000,29170.879679480884,9170.879679480884,45.854398397404424,6.537330870750679,1.6566500221118314,1.0222629549258682,-2.6047553352887833,2.5097677245091043,2.6392260078100027,66,63,3,95.45454545454545,150.67976141051753,-1.5817631272465489,531.6341210928623,-3.313904380242999,2000.4733547740955,11.5,35,71,49.29577464788733,2.99318830352977,-0.45129241253887287,0.5360153157404478,,2.232794336235467,13
40,0.1,0.11,0.5,0.2,17,10,20000,29170.529585699984,9170.529585699984,45.85264792849992,6.53711634992542,1.6565578526241291,1.0222797369703653,-2.6047553352887833,2.509685367128988,2.6392515954488154,66,63,3,95.45454545454545,150.67976141051753,-1.6984610542134047,531.6341210928623,-3.313904380242999,1863.0247551282914,11.515151515151516,35,71,49.29577464788733,2.99318830352977,-0.4512985199984554,0.535998332521748,,2.2130894587829735,21
45,0.1,0.11,0.5,0.30000000000000004,17,15,20000,28837.053822215308,8837.053822215308,44.18526911107654,6.331798358900209,1.652205943678856,0.856351872457163,-3.0875326903557747,2.0507631801529524,2.5277086859391593,57,57,0,100.0,160.57813723184742,0.0,499.12752174665326,0.0,inf,11.947368421052632,35,71,49.29577464788733,2.5579811006202213,-0.2678048082471185,0.5191763168058798,,2.165027639846443,13
35,0.13,0.14,0.5,0.8,5,20,20000,42557.52675142602,22557.52675142602,112.7876337571301,13.506734758604066,1.6301465359399103,1.5644131036754039,-4.751447085288987,2.8426570929143735,6.68561810799474,65,61,4,93.84615384615384,382.2439569486753,-5.238655610788809,3202.462630066264,-10.613694160589322,1112.7321161296122,12.046153846153846,33,71,46.478873239436616,15.879531190613827,-0.39756818759789647,1.0934573047646028,,1.6223423500526006,2
40,0.1,0.11,0.5,0.1,19,10,20000,28916.97404191762,8916.97404191762,44.5848702095881,6.381183837274307,1.6167420294627788,0.9659671012997959,-2.674318103318999,2.386097536173745,2.6131578115838514,64,60,4,93.75,155.91089169385802,-31.094864928470365,531.6341210928623,-119.63417033214182,75.21059765937743,11.46875,34,71,47.88732394366197,2.99318830352977,-0.45563301206879014,0.5235942994343987,,2.2203157842531294,9
30,0.13,0.15,0.6000000000000001,0.7000000000000001,5,20,20000,36619.310229100716,16619.310229100716,83.09655114550358,10.680600188428846,1.614538164165291,1.2794542914223253,-3.191234419138548,3.346855412555998,5.131836127517669,42,41,1,97.61904761904762,410.39948388389496,-1.6686101389532908,2610.0344361925863,-1.6686101389532908,10084.068439015227,11.642857142857142,23,71,32.3943661971831,12.579589952207693,-0.1831952293947614,0.8764219898768972,,1.6223423500526006,2
35,0.12000000000000001,0.15,0.6000000000000001,0.1,19,10,20000,56130.97622413862,36130.97622413862,180.6548811206931,18.902980149363046,1.6083246088750998,1.3537655715500259,-7.38913309625169,2.558213514783219,9.814305390740543,57,55,2,96.49122807017544,694.8390273180833,-889.8351391779584,4187.735503833271,-1750.6688941177922,21.47372295153413,14.24561403508772,38,71,53.52112676056338,14.428568500645,-7.255922880022592,1.5031202473310246,,1.8238847800019233,2
40,0.1,0.11,0.4,0.30000000000000004,9,10,20000,29070.194855686022,9070.194855686022,45.350974278430115,6.475547510503854,1.5875730739255298,0.8900536628226838,-3.028881228392061,2.137933785519058,2.718859725983159,69,65,4,94.20289855072464,145.21091749026516,-4.053695295304159,531.6341210928623,-13.38358580902646,582.1052736623501,9.927536231884059,34,71,47.88732394366197,2.5751524511727464,-0.4526318925060613,0.5310960978574925,,1.5875730739255298,1
40,0.1,0.11,0.4,0.4,13,10,20000,29070.194855686022,9070.194855686022,45.350974278430115,6.475547510503854,1.5875730739255298,0.8900536628226838,-3.028881228392061,2.137933785519058,2.718859725983159,69,65,4,94.20289855072464,145.21091749026516,-4.053695295304159,531.6341210928623,-13.38358580902646,582.1052736623501,9.927536231884059,34,71,47.88732394366197,2.5751524511727464,-0.4526318925060613,0.5310960978574925,,2.199091257044008,4
35,0.11,0.13,0.8,0.5,7,15,20000,50069.8189518975,30069.818951897498,150.34909475948749,16.645120695470105,1.580505228670515,3.814797077490816,-1.7697002776665736,9.405615688447208,8.704299555552346,57,57,0,100.0,532.9231395069752,0.0,5805.719434253817,0.0,inf,16.982456140350877,38,71,53.52112676056338,18.475629035625364,0.0,1.3290223768225629,,2.2685230379329395,5
40,0.1,0.11,0.4,0.5,19,15,20000,29021.843397922603,9021.843397922603,45.10921698961302,6.44581422519197,1.5761186554056859,0.8826855728281001,-3.0349372252437825,2.123870692143956,2.7209186494185973,69,65,4,94.20289855072464,144.4670489092895,-4.053695295304159,531.6341210928623,-13.38358580902646,579.1233365505852,9.91304347826087,34,71,47.88732394366197,2.580361880190596,-0.4534819905807841,0.5287428388887215,,1.4473151663480779,3
35,0.11,0.13,0.9,0.30000000000000004,11,20,20000,49187.53668898352,29187.53668898352,145.9376834449176,16.297715801864165,1.5736279579011319,3.7342707332709044,-1.7679319654789527,9.218519784752537,8.544853407226057,49,49,0,100.0,601.4742181425215,0.0,5805.719434253817,0.0,inf,18.959183673469386,39,71,54.929577464788736,18.16311186869637,0.0,1.3026438143967882,,2.720669951537345,16
30,0.12000000000000001,0.15,0.9,0.1,21,20,20000,34775.64330007395,14775.643300073949,73.87821650036975,9.725469159357747,1.5724333183214694,3.566229066770459,-0.9033202475971275,10.76635798348142,4.703059815562793,43,40,3,93.02325581395348,375.8996956927392,-38.6815092118876,2116.0162757722765,-54.6360340029819,129.5708477948831,10.046511627906977,25,71,35.2112676056338,8.952602242371466,-0.6275622977190642,0.7970256391556234,,1.5724333183214694,1
40,0.1,0.11,0.30000000000000004,0.2,17,10,20000,27944.648655059224,7944.6486550592235,39.72324327529611,5.772467946812365,1.561825808309434,1.3088486079041957,-1.1478044755982386,5.029138733584167,2.3327823465546125,71,69,2,97.1830985915493,119.99854536506098,-1.2254875649957873,531.6341210928623,-2.390567661916535,3378.2063020026117,9.04225352112676,34,71,47.88732394366197,2.370069651698481,-0.46767124055582254,0.4746531610128422,,2.33258340993036,7
30,0.13,0.15,0.7,0.1,13,25,20000,32705.280239921904,12705.280239921904,63.526401199609516,8.601289936882385,1.5579457512191663,1.0554434946345648,-4.569777067798044,1.8822121537379357,4.069124452326678,33,30,3,90.9090909090909,458.5483672794037,-300.123592820079,1935.028321420717,-898.0447407660032,15.278651137376551,13.727272727272727,21,71,29.577464788732392,8.585000606188586,-4.329539917113623,0.7107310982303389,,1.5579457512191663,1
35,0.12000000000000001,0.15,0.30000000000000004,0.1,17,10,20000,51734.975919891265,31734.975919891265,158.67487959945632,17.2871358911012,1.5528334297107331,1.222397284578873,-7.5689658992262405,2.283949501327312,9.251862747252874,81,80,1,98.76543209876543,423.28306017511386,-1750.6688941177922,3807.032276212064,-1750.6688941177922,19.34268948730787,10.91358024691358,37,71,52.112676056338024,15.58996954135865,-7.444714795667872,1.3846417620130902,,1.5410049402551949,3
30,0.13,0.14,0.9,0.2,11,20,20000,32373.213908758375,12373.213908758375,61.866069543791866,8.415503091231692,1.5423418268044098,1.4483242487284493,-2.044102540823249,4.116967188858541,3.996829788512122,44,42,2,95.45454545454545,302.2944854937712,-6.877240990017294,1662.7570454042013,-7.870295614550384,923.0713602422752,14.022727272727273,25,71,35.2112676056338,7.702964217966057,-0.504237943275021,0.6900732753016434,,1.4823491809063785,7
35,0.1,0.13,0.6000000000000001,0.30000000000000004,21,15,20000,56379.44423896658,36379.44423896658,181.8972211948329,18.991124141401052,1.5392919639936942,5.231228385539239,-1.2666545024292148,14.993136727481332,10.324513627831248,81,79,2,97.53086419753086,467.0967481785006,-46.09943356743555,6502.405766364276,-92.10115937269265,400.2288124877093,12.0,43,71,60.56338028169014,18.460943262365582,-0.11895980878358081,1.5108747490550982,,2.7113685766386104,18
35,0.11,0.13,0.7,0.9,9,10,20000,48589.99366781633,28589.99366781633,142.94996833908164,16.059471737983856,1.5286189428313557,4.3307730932702775,-1.0960184261278172,14.652556339514502,8.66809726918026,53,53,0,100.0,545.418748449365,0.0,5805.719434253817,0.0,inf,14.50943396226415,39,71,54.929577464788736,18.443358258994323,0.0,1.285521141918993,,1.5286189428313557,1
35,0.1,0.14,0.5,0.1,13,10,20000,52049.27478138946,32049.27478138946,160.2463739069473,17.40638203580296,1.504082067570509,1.14250107867994,-8.869950127244742,1.9623990874918116,9.642085576399321,86,85,1,98.83720930232558,399.3748553277563,-1528.3879214697931,5882.971617829629,-1528.3879214697931,22.210894384858697,12.127906976744185,43,71,60.56338028169014,16.77171489197933,-7.7914396073489485,1.3920424468245178,,2.205894654346175,22
40,0.11,0.14,0.5,0.4,11,15,20000,68823.13029932773,48823.130299327735,244.11565149663866,23.039988507194884,1.504026667105021,2.2702215558265975,-4.751447085288987,4.849046636450876,12.981805388236603,82,82,0,100.0,601.2540280405816,0.0,9696.416164841838,0.0,inf,13.158536585365853,40,71,56.33802816901409,25.412644213823434,-0.5591090838057644,1.829664969483691,,2.2663383585465455,9
40,0.11,0.14,0.5,0.5,17,10,20000,68823.13029932773,48823.130299327735,244.11565149663866,23.039988507194884,1.504026667105021,2.2702215558265975,-4.751447085288987,4.849046636450876,12.981805388236603,82,82,0,100.0,601.2540280405816,0.0,9696.416164841838,0.0,inf,13.158536585365853,40,71,56.33802816901409,25.412644213823434,-0.5591090838057644,1.829664969483691,,2.3273620469222727,12
30,0.14,0.15,0.8,0.5,17,20,20000,36505.10202766881,16505.102027668807,82.52551013834403,10.62261012695227,1.492982980688052,1.1284796607771903,-3.408259744189205,3.116725521011984,5.527955338334336,43,40,3,93.02325581395348,420.47451845182593,-13.192903468070972,2485.4469029748093,-28.719983648668915,424.9501958578913,12.209302325581396,20,71,28.169014084507044,9.38911663534392,-0.20071823944564082,0.871596598008429,,1.492982980688052,1
45,0.11,0.14,0.4,0.2,17,10,20000,61589.96776171334,41589.96776171334,207.9498388085667,20.768970180894918,1.4882043635697728,2.0361639596415153,-5.328837557180268,3.897467310278591,11.774283116306943,97,97,0,100.0,434.01616249189163,0.0,8270.472611188627,0.0,inf,11.907216494845361,46,71,64.7887323943662,25.22639870369008,-0.26648849562733723,1.6518085720113893,,2.47887832830314,40
35,0.11,0.14,0.9,0.1,5,20,20000,50490.87562727047,30490.87562727047,152.45437813635235,16.809121937903292,1.47486136159337,1.054022245825152,-8.869950127244742,1.8950638613257549,9.477034857786977,53,52,1,98.11320754716981,620.6300682450047,-1528.3879214697931,5882.971617829629,-1528.3879214697931,21.11555783410323,21.20754716981132,41,71,57.74647887323944,16.531052944899027,-7.7914396073489485,1.3481354631971285,,2.3253829814577784,12
35,0.11,0.14,0.6000000000000001,0.1,13,10,20000,50640.4134978511,30640.4134978511,153.20206748925548,16.867092975515853,1.4718179381440597,1.0705889269709548,-8.869950127244742,1.9015995280184568,9.533408075831428,74,73,1,98.64864864864865,445.2452249222038,-1528.3879214697931,5882.971617829629,-1528.3879214697931,21.266133396333085,14.256756756756756,39,71,54.929577464788736,16.72463323698865,-7.7914396073489485,1.3530117148979426,,2.1476224210696606,18
40,0.11,0.14,0.4,0.2,13,10,20000,61200.0009190936,41200.0009190936,206.000004595468,20.640337644975972,1.471626853233416,2.138785770999381,-4.751447085288987,4.344010840167151,11.837090017093068,85,85,0,100.0,490.30354022463126,0.0,8840.85003264991,0.0,inf,12.0,41,71,57.74647887323944,25.453284503182537,-0.1776266943021798,1.6488076058681638,,2.311253360489353,32
40,0.11,0.14,0.4,0.2,21,10,20000,60625.84987888587,40625.84987888587,203.12924939442937,20.449703931511,1.4582085416052535,2.125489361239575,-4.751447085288987,4.303889649708101,11.837421922966742,85,85,0,100.0,483.5029397515992,0.0,8840.85003264991,0.0,inf,12.305882352941177,41,71,57.74647887323944,25.453284503182537,-0.17915403927182272,1.635468318824574,,2.4172592569928413,27
40,0.11,0.12000000000000001,0.30000000000000004,0.1,13,10,20000,27509.420178518983,7509.420178518983,37.54710089259491,5.4942697654155825,1.4307243671078191,1.1445415903342786,-1.9232624341780955,2.8567446999314754,2.362796494541939,70,67,3,95.71428571428572,118.35561869351707,-3.63542464889467,676.3555737426829,-7.6264977335766755,727.0885080671078,8.257142857142858,33,71,46.478873239436616,2.823064481958948,-0.14457433553021204,0.45228008300412165,,2.145741196688891,11
40,0.12000000000000001,0.13,0.30000000000000004,0.30000000000000004,13,10,20000,33588.093187365645,13588.093187365645,67.94046593682822,9.087686582949406,1.3899570110547887,3.109884711372396,-1.146318516211186,7.9277150760733095,4.906437878094376,78,77,1,98.71794871794873,182.9498472745052,-1.145052771234376,2344.652190473867,-1.145052771234376,12302.610494493501,8.692307692307692,35,71,49.29577464788733,10.432230924984665,-0.34637695357115916,0.7424641814128523,,2.0165365992924125,5
45,0.12000000000000001,0.14,0.5,0.30000000000000004,17,15,20000,63549.74879176984,43549.74879176984,217.7487439588492,21.405334118677356,1.3621761873684906,1.9603690660607203,-5.328837557180268,4.016886213736246,13.369909130401725,85,85,0,100.0,518.6664563737644,0.0,9981.604875572479,0.0,inf,13.08235294117647,43,71,60.56338028169014,26.78743857927921,-0.02619428377937938,1.6998103373859925,,2.3597755529850346,21
45,0.1,0.11,0.5,0.1,11,10,20000,27388.451183548303,7388.451183548303,36.94225591774151,5.416296055992831,1.3547671252945506,0.6328437959304816,-3.615563088639125,1.4980504898426459,2.442354582650445,57,56,1,98.24561403508771,152.34625671202306,-837.4391923249929,499.12752174665326,-837.4391923249929,10.18747445075682,11.87719298245614,35,71,49.29577464788733,2.545503521958037,-2.683346854950208,0.4465498596951387,,2.3299536757846324,6
45,0.11,0.14,0.2,0.1,19,10,20000,33003.979216136315,13003.979216136315,65.01989608068158,8.76707179725409,1.314539992075471,0.5292409117540436,-8.323917428397671,1.0532386791037311,4.973185707745892,106,103,3,97.16981132075472,152.20036033649984,-771.2859661744031,805.3505340395204,-1646.5834856795345,6.775107980773106,7.10377358490566,38,71,53.52112676056338,5.217793036433505,-6.865293989277854,0.7189694055189391,,1.314539992075471,1
35,0.11,0.13,0.4,0.1,15,15,20000,47039.19021628215,27039.19021628215,135.19595108141075,15.429582220038274,1.3121609477421128,4.73607805797421,-1.2860952133629229,11.997231666613944,9.752408101501597,69,69,0,100.0,398.44768429394435,0.0,6270.176988994122,0.0,inf,9.347826086956522,37,71,52.112676056338024,18.152660855572634,0.0,1.2488472136937034,,2.374334850102766,34
35,0.11,0.13,0.4,0.30000000000000004,19,10,20000,47001.98041187922,27001.980411879224,135.00990205939613,15.4142576506324,1.3108756532894676,4.730501471989604,-1.2860952133629229,11.985316087388822,9.751782703502917,69,69,0,100.0,397.90841176636576,0.0,6270.176988994122,0.0,inf,9.333333333333334,37,71,52.112676056338024,18.152660855572634,0.0,1.247715416548972,,2.609800404818215,33
35,0.11,0.13,0.4,0.2,21,10,20000,46742.40841306718,26742.408413067184,133.7120420653359,15.307073148696059,1.3014309056899247,4.700841210218037,-1.2860952133629229,11.90197505569641,9.751011951626708,69,68,1,98.55072463768117,399.9937111943284,-4.763948147130231,6270.176988994122,-4.763948147130231,5709.460204263382,9.159420289855072,37,71,52.112676056338024,18.152660855572634,0.0,1.239932640623365,,2.3839003732761497,30
40,0.11,0.14,0.6000000000000001,0.1,11,10,20000,52598.267158088514,32598.267158088514,162.99133579044258,17.613241735123243,1.1473917874853103,1.125526226430471,-8.998429591982186,1.9573684002391993,13.067243560576816,68,67,1,98.52941176470588,514.320225068035,-1528.3879214697931,5109.798198055297,-1528.3879214697931,22.546275455003588,16.25,41,71,57.74647887323944,28.604344401802926,-7.921439607348946,1.4355868667111595,,1.957249956160866,13
40,0.11,0.14,0.6000000000000001,0.1,11,15,20000,52598.267158088514,32598.267158088514,162.99133579044258,17.613241735123243,1.1473917874853103,1.125526226430471,-8.998429591982186,1.9573684002391993,13.067243560576816,68,67,1,98.52941176470588,514.320225068035,-1528.3879214697931,5109.798198055297,-1528.3879214697931,22.546275455003588,16.25,41,71,57.74647887323944,28.604344401802926,-7.921439607348946,1.4355868667111595,,1.9796170486124243,14
40,0.11,0.14,0.6000000000000001,0.1,13,10,20000,52598.267158088514,32598.267158088514,162.99133579044258,17.613241735123243,1.1473917874853103,1.125526226430471,-8.998429591982186,1.9573684002391993,13.067243560576816,68,67,1,98.52941176470588,514.320225068035,-1528.3879214697931,5109.798198055297,-1528.3879214697931,22.546275455003588,16.25,41,71,57.74647887323944,28.604344401802926,-7.921439607348946,1.4355868667111595,,2.0816583901069032,21
40,0.1,0.14,0.5,0.1,17,10,20000,58348.26433207416,38348.26433207416,191.7413216603708,19.67836133514316,1.1436034379493103,1.3656341744461293,-8.998429591982186,2.186866178591545,14.82633097937278,86,84,2,97.67441860465115,480.44583006719154,-801.1426967849197,7686.425709915308,-1528.3879214697931,25.18742908573173,14.104651162790697,46,71,64.7887323943662,28.604344401802926,-7.921439607348946,1.5992281212064738,,2.3965034400442566,31
40,0.1,0.14,0.5,0.1,17,10,20000,58348.26433207416,38348.26433207416,191.7413216603708,19.67836133514316,1.1436034379493103,1.3656341744461293,-8.998429591982186,2.186866178591545,14.82633097937278,86,84,2,97.67441860465115,480.44583006719154,-801.1426967849197,7686.425709915308,-1528.3879214697931,25.18742908573173,14.104651162790697,46,71,64.7887323943662,28.604344401802926,-7.921439607348946,1.5992281212064738,,2.3965034400442566,31
40,0.1,0.14,0.5,0.1,13,10,20000,58348.26433207416,38348.26433207416,191.7413216603708,19.67836133514316,1.1436034379493103,1.3656341744461293,-8.998429591982186,2.186866178591545,14.82633097937278,86,84,2,97.67441860465115,480.44583006719154,-801.1426967849197,7686.425709915308,-1528.3879214697931,25.18742908573173,14.104651162790697,46,71,64.7887323943662,28.604344401802926,-7.921439607348946,1.5992281212064738,,2.1259192917707668,26
40,0.1,0.14,0.5,0.1,19,15,20000,58286.21821149875,38286.21821149875,191.43109105749377,19.65700015791356,1.1423779809647456,1.3641256747559545,-8.998429591982186,2.184492300237412,14.826625413787104,86,84,2,97.67441860465115,479.70718577462713,-801.1426967849197,7686.425709915308,-1528.3879214697931,25.14870557191552,14.093023255813954,46,71,64.7887323943662,28.604344401802926,-7.921439607348946,1.5977165906683006,,2.4249649819525847,29
40,0.1,0.14,0.5,0.1,19,10,20000,58286.21821149875,38286.21821149875,191.43109105749377,19.65700015791356,1.1423779809647456,1.3641256747559545,-8.998429591982186,2.184492300237412,14.826625413787104,86,84,2,97.67441860465115,479.70718577462713,-801.1426967849197,7686.425709915308,-1528.3879214697931,25.14870557191552,14.093023255813954,46,71,64.7887323943662,28.604344401802926,-7.921439607348946,1.5977165906683006,,2.4310706213508757,28
40,0.1,0.14,0.5,0.1,21,10,20000,57431.32768290574,37431.32768290574,187.15663841452871,19.360735596078715,1.125404121769177,1.351963920313413,-8.998429591982186,2.15156827068243,14.829957826790807,87,85,2,97.70114942528735,463.9601538408905,-801.1426967849197,7686.425709915308,-1528.3879214697931,24.612727067686865,14.068965517241379,46,71,64.7887323943662,28.604344401802926,-7.921439607348946,1.576614276457699,,2.4911727985053207,21
40,0.1,0.14,0.30000000000000004,0.1,23,15,20000,63130.30757806905,43130.30757806905,215.65153789034522,21.27052428327847,1.0836643072420136,1.1349226504733287,-8.998429591982186,2.363804046678435,17.181350668345626,114,110,4,96.49122807017544,434.4204143682267,-1002.7845006089466,8456.521093187343,-2438.6165793015284,11.913388557433445,9.482456140350877,45,71,63.38028169014085,28.576107644093952,-7.921439607348946,1.720553432475824,,1.2811012515123972,3
40,0.12000000000000001,0.14,0.5,0.1,15,10,20000,48902.94806051657,28902.948060516574,144.51474030258288,16.184550760803408,1.0664872309871882,1.045636498922915,-8.998429591982186,1.7985972547058908,12.891585183907752,66,65,1,98.48484848484848,474.6743997228684,-1528.3879214697931,5109.798198055297,-1528.3879214697931,20.18717600981528,14.227272727272727,36,71,50.70422535211267,28.604344401802926,-7.921439607348946,1.3287440415473657,,1.8806386389055105,13
45,0.1,0.14,0.5,0.1,13,10,20000,48698.74556305265,28698.745563052653,143.49372781526327,16.103012606245358,1.0318159490210355,0.8211512061444148,-11.018942603107682,1.4613936369632972,13.329091208012859,88,84,4,95.45454545454545,396.05051628501,-1045.1994512220494,7047.100910989453,-2069.1292188012967,7.9573911297608175,14.045454545454545,48,71,67.6056338028169,26.108381687579787,-7.093008392925936,1.3201174644956815,,2.216775679677533,23
40,0.11,0.14,0.4,0.1,15,10,20000,55129.265381681245,35129.265381681245,175.64632690840622,18.54429649851481,0.9926658240995682,0.9658962969503707,-9.530866545797004,1.9457093863823558,16.33152701551731,83,80,3,96.3855421686747,492.9902403507056,-1273.7179487917317,7892.753020308187,-2290.821635101436,10.32128535349842,11.987951807228916,39,71,54.929577464788736,28.58316683352118,-7.921439607348946,1.5413058938838937,,2.272797777631382,30
35,0.11,0.1,0.9,0.2,5,20,20000,29515.981763422453,9515.981763422453,47.57990881711226,6.7477584533012225,0.9517215377916438,0.7167493644986423,-9.102149053525723,0.7413368440376698,4.890087525318405,38,30,8,78.94736842105263,419.02680823973765,-315.065310471205,1855.1522689282588,-2401.7521066864774,4.98738032615821,25.44736842105263,27,71,38.028169014084504,8.503781707851864,-5.5272785174724,0.5644776403597801,,1.97469321088784,9
40,0.12000000000000001,0.11,0.7,0.1,7,20,20000,30362.514892541836,10362.514892541836,51.81257446270918,7.2553939370114895,0.9190945433637806,0.805257635925527,-9.535024686713843,0.760920309637079,5.6207813593774425,40,32,8,80.0,435.00411280711074,-375.8020896607063,1752.1327267975025,-1609.1799139076154,4.630140435885869,19.575,31,71,43.66197183098591,7.431197103448128,-5.466849730237744,0.6074962641332462,,0.5660490890443626,2
40,0.13,0.14,0.4,0.1,23,10,20000,43403.06768467889,23403.067684678892,117.01533842339447,13.882008701005022,0.9076719949047046,0.9024502034079341,-8.998429591982186,1.5427145991534146,12.947529073423478,67,59,8,88.05970149253731,435.7329896569344,-208.19733813503257,5109.798198055297,-1528.3879214697931,15.435023461422261,12.850746268656716,30,71,42.25352112676056,27.872496050970284,-7.921439607348946,1.1575877125367044,,0.14919465809479948,2
45,0.14,0.15,0.30000000000000004,0.1,21,20,20000,39378.50479609302,19378.504796093017,96.89252398046509,12.037830466165333,0.9054186133539995,0.49427970017256573,-11.63411568177598,1.0347009429364489,11.008756040186366,78,73,5,93.58974358974359,337.5848780387001,-911.0782601464076,3480.7966103062754,-2479.574535202761,5.409786881066603,11.807692307692308,31,71,43.66197183098591,23.944660858921285,-9.436078869761321,1.0133496974024465,,0.9054186133539995,1
30,0.13,0.14,0.9,0.5,21,15,20000,27631.97585097558,7631.975850975581,38.15987925487791,5.572975759002086,0.8934777417427712,0.805674002263347,-2.0870137434560463,2.6703110012938236,3.9194619091476026,43,36,7,83.72093023255815,232.8091462894915,-50.007630778016264,1662.7570454042013,-131.5646794769167,23.94242963103401,8.0,23,71,32.3943661971831,7.864670126465723,-0.4112411615698308,0.4630890520095293,,0.8934777417427712,1
45,0.1,0.11,0.5,0.1,15,20,20000,24902.253930133134,4902.253930133134,24.51126965066567,3.7465722820297698,0.7920430478092182,0.2729730787786564,-3.6646383935031723,1.0223579736194035,2.151606170160307,41,40,1,97.5609756097561,145.5064738031499,-717.8050219928508,303.3297201543961,-717.8050219928508,8.108412136720833,11.195121951219512,26,71,36.61971830985916,2.5458308878790525,-2.4455510792952273,0.3112798422500089,,1.633912793686777,3
35,0.12000000000000001,0.1,0.9,0.4,17,20,20000,29280.446163553424,9280.446163553424,46.40223081776712,6.604362978302669,0.7502735886994322,0.6125710885501342,-9.88095320231448,0.6683933060988171,6.1123438239105345,57,43,14,75.43859649122807,340.4889906851021,-347.0557454218537,1412.1354172273052,-1719.3198889292673,3.0133130715814027,19.649122807017545,33,71,46.478873239436616,7.7856205994609295,-4.222614905875188,0.5540695247651888,,0.7502735886994322,1
30,0.1,0.08,0.9,0.1,9,20,20000,26839.835755896074,6839.835755896074,34.19917877948037,5.0590328131983275,0.7283552320775537,0.48630051885406334,-10.874195019339314,0.46523285670351167,4.153538765450294,66,57,9,86.36363636363636,202.15148400557794,-474.2332036024353,830.9641560001097,-1137.2374590620261,2.699711286155823,17.742424242424242,36,71,50.70422535211267,6.444372026070266,-4.090757603030792,0.4255787343173856,,0.7283552320775537,1
30,0.11,0.08,0.9,0.1,5,15,20000,30318.38847965158,10318.388479651581,51.591942398257906,7.229225762677305,0.5717333493013247,0.4207445934968546,-13.716906686962105,0.5270303230646507,9.520818212871037,138,114,24,82.6086956521739,251.32122152546034,-712.9804489271243,930.1468740109168,-1713.2484179669464,1.6743457748978972,16.63768115942029,44,71,61.97183098591549,6.283069984190459,-6.519119181014599,0.6213057527330549,,0.5717333493013247,1
45,0.11,0.1,0.9,0.2,13,10,20000,28532.148658593014,8532.148658593014,42.66074329296507,6.142334397185811,0.5376170803193924,0.3996014299325702,-10.145496506873325,0.6054247215032336,7.973699390747946,90,76,14,84.44444444444444,248.97444375596078,-678.0280747135818,1458.5542518188404,-2713.038055341981,1.9933917225905675,27.833333333333332,43,71,60.56338028169014,5.908281707243268,-8.266078031004353,0.5245210520049498,,0.5376170803193924,1
35,0.30000000000000004,0.14,0.9,0.2,7,10,20000,37352.739460839766,17352.739460839766,86.76369730419883,11.049458499969855,0.510601751696112,0.5377367453327204,-37.044923570525,0.2982718665604541,20.984263967372158,183,131,52,71.58469945355192,463.7047595977079,-843.7418624003842,1523.9989675265901,-2501.2562050215975,1.3845221509976018,21.89071038251366,43,71,60.56338028169014,12.7094614013761,-15.49412202276379,1.0341613492317865,,0.39721738980179994,3
35,0.30000000000000004,0.14,0.9,0.2,7,10,20000,37352.739460839766,17352.739460839766,86.76369730419883,11.049458499969855,0.510601751696112,0.5377367453327204,-37.044923570525,0.2982718665604541,20.984263967372158,183,131,52,71.58469945355192,463.7047595977079,-843.7418624003842,1523.9989675265901,-2501.2562050215975,1.3845221509976018,21.89071038251366,43,71,60.56338028169014,12.7094614013761,-15.49412202276379,1.0341613492317865,,0.39721738980179994,3
35,0.30000000000000004,0.13,0.4,0.30000000000000004,5,10,20000,38832.1324147432,18832.132414743202,94.16066207371601,11.775501443818492,0.5090659022053079,0.5675174152574795,-45.641725440308925,0.2579986039138399,23.37308686563241,221,195,26,88.23529411764706,416.7520798843208,-2383.7765702867537,1593.1693894650855,-5149.470012030566,1.311213742971058,12.271493212669684,41,71,57.74647887323944,15.696578438823682,-17.284800350460415,1.1744897167700261,,0.4070425502771967,2
30,0.12000000000000001,0.11,0.9,0.2,13,15,20000,29657.600217051648,9657.600217051648,48.28800108525824,6.833518810613182,0.4997921805058456,0.4442055031230332,-19.99040695454684,0.34183990481789017,10.298296008223454,103,81,22,78.64077669902912,287.4101258513666,-548.7736353140472,1229.7782830440426,-2122.7034658399393,1.9282847405609074,17.601941747572816,43,71,60.56338028169014,7.723087139825702,-7.304984788285951,0.5882500050690089,,0.8663373855354113,6
30,0.12000000000000001,0.11,0.9,0.1,7,20,20000,26848.51459602013,6848.51459602013,34.24257298010065,5.064731665650402,0.4728106233026261,0.3191291508142781,-15.59270465174311,0.32481418578554394,6.705499356791705,62,50,12,80.64516129032258,292.15981862510233,-575.8813612695832,989.5671193316068,-1872.9736463293584,2.1138600056804617,18.112903225806452,40,71,56.33802816901409,6.360227141394459,-7.320225219226173,0.44020812601814413,,1.4622430123580423,6
40,0.12000000000000001,0.11,0.5,0.2,15,15,20000,27978.96295355925,7978.96295355925,39.89481476779625,5.794247949035292,0.46958025304423157,0.38440830470586396,-10.422238282647031,0.5559504390417442,8.520906621846228,93,75,18,80.64516129032258,229.83044903446324,-443.5733735569725,1183.9948372239967,-2493.573722998878,2.1588916920278867,14.559139784946236,37,71,52.112676056338024,8.146832002681649,-8.361070641851642,0.49556376771413946,,0.3826734572294897,5
35,0.28,0.11,0.7,0.30000000000000004,9,10,20000,31941.440926440653,11941.440926440653,59.70720463220327,8.171545154357073,0.4048694106433533,0.41051368094555496,-42.099031311602,0.19410292588145825,18.947551366827135,168,134,34,79.76190476190477,425.2553042753866,-1336.2361426307416,1177.1379932690254,-4763.106390872995,1.25427396081603,18.648809523809526,42,71,59.154929577464785,14.509457834380957,-11.29523118529151,0.7831820008780008,,0.23891935053474694,2
35,0.31,0.11,0.30000000000000004,0.30000000000000004,9,10,20000,31489.86965266539,11489.869652665391,57.44934826332696,7.913446960439496,0.38011205309815427,0.40475609901179976,-34.67503774699317,0.2282174000264991,20.224138202227433,220,194,26,88.18181818181819,285.07038388551933,-1649.1455700432887,850.6057662823023,-3524.5771385655253,1.2897973788641977,10.39090909090909,46,71,64.7887323943662,14.649045960766705,-17.285842297545052,0.8261867250644573,,0.20889137642054342,2
30,0.12000000000000001,0.1,0.4,0.6,5,20,20000,27212.139073260532,7212.139073260532,36.06069536630267,5.302134624913957,0.360760572193243,0.23974696039631538,-18.39594936646299,0.28822294078391475,10.250187732117038,95,92,3,96.84210526315789,152.6612599207247,-1868.0656131487278,906.1450032006627,-3941.6658580540716,2.506128231230116,8.968421052631578,39,71,54.929577464788736,7.607657239394139,-17.3235668115023,0.4818349403906925,,0.360760572193243,1
40,0.32,0.13,0.8,0.2,7,15,20000,28878.10544778503,8878.10544778503,44.39052723892515,6.3571797911113,0.3485653268343269,0.33550514024229383,-29.088155390999837,0.21854874280128037,15.360747862459373,97,73,24,75.25773195876289,483.67143059775447,-1089.4378744104622,1495.1623228223898,-2360.2584590336164,1.3503911536619528,21.587628865979383,37,71,52.112676056338024,12.759828482281987,-12.934453030666294,0.6415911436559243,,0.3485653268343269,2
40,0.32,0.13,0.8,0.2,7,15,20000,28878.10544778503,8878.10544778503,44.39052723892515,6.3571797911113,0.3485653268343269,0.33550514024229383,-29.088155390999837,0.21854874280128037,15.360747862459373,97,73,24,75.25773195876289,483.67143059775447,-1089.4378744104622,1495.1623228223898,-2360.2584590336164,1.3503911536619528,21.587628865979383,37,71,52.112676056338024,12.759828482281987,-12.934453030666294,0.6415911436559243,,0.3485653268343269,2
35,0.28,0.09,0.5,0.30000000000000004,5,10,20000,29423.04953127623,9423.049531276229,47.11524765638114,6.691294898214917,0.34316320864474176,0.3224590190414998,-29.560932190277185,0.22635601797482335,17.6524167931808,148,129,19,87.16216216216216,291.33363843600836,-1485.3819573577698,779.8817120579223,-3137.9598257638177,1.3316454139547358,14.891891891891891,40,71,56.33802816901409,13.618167797016456,-13.191113873957272,0.6901160825500676,,0.34316320864474176,1
40,0.11,0.1,0.4,0.6,17,10,20000,27206.325068216574,7206.325068216574,36.03162534108287,5.298359606107961,0.3347615746529603,0.2615965256095496,-17.64664796564638,0.30024736802267177,11.437000155224371,125,110,15,88.0,170.28360010793907,-667.5761896666369,841.0992817094641,-2334.341395303043,1.870567614784361,13.736,45,71,63.38028169014085,6.602030726187302,-10.230114061387996,0.48633424608044484,,0.955440115029323,2
30,0.28,0.15,0.8,0.2,7,10,20000,30695.27411041679,10695.27411041679,53.47637055208395,7.4517165090404625,0.3308509651349678,0.35900784952322434,-47.774960037325606,0.15597535828849649,26.1827379076271,262,187,75,71.37404580152672,430.30989725616956,-925.2013168793588,1626.8413280631858,-4074.9539247437087,1.159646004515956,14.927480916030534,40,71,56.33802816901409,15.302805410041564,-18.772180260290384,0.9354540166757503,,0.05064844636212443,2
40,0.13,0.1,0.4,0.30000000000000004,21,20,20000,24209.79699595931,4209.79699595931,21.04898497979655,3.256860194357203,0.327917107629874,0.22753219188061674,-4.401769843966353,0.7398978842161604,3.912840322064654,41,34,7,82.92682926829268,162.27382339955463,-159.67328566078936,1334.9816964490656,-472.31547008182986,4.936249285311486,11.75609756097561,23,71,32.3943661971831,5.2029933087201385,-1.9477557305485727,0.2746092558205541,,0.327917107629874,1
35,0.31,0.13,0.6000000000000001,0.2,7,10,20000,29044.611262444127,9044.611262444127,45.223056312220635,6.45982024618601,0.31328866183217546,0.32768498115804995,-39.0793430885993,0.16530012368786584,20.203811409929635,196,149,47,76.0204081632653,392.1209654971736,-1050.2692474066303,1273.6925433497374,-3175.2531191344833,1.1836078164606192,15.51530612244898,42,71,59.154929577464785,15.147982342365829,-18.672080065900477,0.7280648353605592,,0.3015257000186635,2
35,0.31,0.14,0.30000000000000004,0.30000000000000004,5,10,20000,29382.618370518187,9382.618370518187,46.91309185259093,6.666683483123759,0.3050191983490855,0.3465088301457227,-47.957852642886934,0.1390113008763447,24.79491484918375,268,237,31,88.43283582089553,310.38641159773096,-2025.543908972392,911.0422403437985,-4544.955849740526,1.1715145588687643,10.063432835820896,42,71,59.154929577464785,18.72379862283411,-18.86369948323313,0.8440540107318816,,0.4070425502771967,2
30,0.24000000000000002,0.13,0.7,0.9,9,10,20000,29388.078471831966,9388.078471831966,46.94039235915983,6.670008822903517,0.3013753353382381,0.3218465174185647,-53.35278158095872,0.12501707737172604,27.686822235405963,209,172,37,82.29665071770334,368.17045454244015,-1438.5658461832675,1090.7780572430215,-6039.406760006004,1.1897231472038128,15.057416267942584,43,71,60.56338028169014,18.387711838166922,-27.956775559769486,1.0159300395430664,,0.3013753353382381,1
30,0.15000000000000002,0.12000000000000001,0.9,0.5,5,15,20000,28281.16262146443,8281.162621464431,41.40581310732215,5.9851064783971175,0.29759917653890655,0.2592836421682663,-25.75956546311433,0.23234500935069416,18.8903619627345,127,107,20,84.25196850393701,265.7447437124809,-945.7962477885537,814.6417576308659,-4117.2368754090185,1.503214230534378,19.677165354330707,46,71,64.7887323943662,9.339982266362323,-17.55149291316026,0.5926001363491336,,0.29759917653890655,1
30,0.12000000000000001,0.11,0.9,0.5,13,20,20000,25567.104363900464,5567.104363900464,27.83552181950232,4.206210290644963,0.29016718760038185,0.2325713068271004,-20.86879825671348,0.20155498361252439,8.57506658080476,65,50,15,76.92307692307693,258.79941813042694,-428.86443617472753,2031.2406479692527,-1818.0830901428737,2.0115091258113957,18.015384615384615,37,71,52.112676056338024,8.486812696038083,-10.448421817150134,0.38049787357891063,,0.29016718760038185,1
35,0.30000000000000004,0.13,0.5,0.2,9,10,20000,28242.481429555897,8242.481429555897,41.21240714777949,5.960771814949406,0.2897627382051516,0.30351957106407806,-38.83217567749995,0.15350084590813137,20.25534451052582,210,166,44,79.04761904761905,364.161827531135,-1181.046227815648,1063.2133600836444,-3175.2531191344833,1.16327644596429,12.966666666666667,39,71,54.929577464788736,14.753788248941957,-18.210163986364535,0.6818531324170355,,0.3015257000186635,2
35,0.25,0.13,0.9,0.2,5,10,20000,27274.48910209449,7274.489102094489,36.372445510472446,5.3425762013815215,0.26727554372509954,0.2557024522322754,-28.102982445850795,0.1901070895829533,18.50741722909949,175,130,45,74.28571428571429,322.57717763158684,-770.7750627529497,1057.634490758189,-2026.4381092578167,1.209029286625636,21.685714285714287,41,71,57.74647887323944,8.92315821326466,-14.389390780350608,0.5969852608635333,,0.26727554372509954,1
35,0.30000000000000004,0.12000000000000001,0.9,0.30000000000000004,7,15,20000,27237.200309043674,7237.200309043674,36.186001545218375,5.318399143551722,0.267084342116441,0.25421255506509516,-35.373073804171526,0.15035162544806965,18.115570578144336,94,73,21,77.6595744680851,508.47066542902905,-1408.3027746321663,1321.9055427515605,-3275.5190328106683,1.2550858497373107,22.382978723404257,38,71,53.52112676056338,10.649878042594851,-15.033228362394413,0.576941551333281,,0.267084342116441,1
40,0.27,0.11,0.6000000000000001,0.30000000000000004,13,10,20000,26743.786356088225,6743.786356088225,33.718931780441125,4.99586054779575,0.25296870892553724,0.24966173735820194,-39.7176631808262,0.12578435254487766,17.458655693660305,163,134,29,82.20858895705521,312.39872770109105,-1197.820887141767,888.635213118918,-2857.8638345237964,1.2051030207211704,16.30674846625767,39,71,54.929577464788736,9.903621330111157,-12.043106445125872,0.5649326879652828,,0.25296870892553724,1
30,0.32,0.11,0.4,0.4,5,10,20000,26457.48376816466,6457.48376816466,32.2874188408233,4.806430799338535,0.23715644624641136,0.2433201140827118,-47.52244385134413,0.10114022785472951,26.846864387366598,233,202,31,86.69527896995707,397.58011335868093,-2348.4935203319023,1209.4391559037956,-4887.002530972787,1.103125598123355,10.07725321888412,43,71,60.56338028169014,14.973947081021821,-24.6548115764464,0.7924961560749871,,0.23715644624641136,1
30,0.1,0.09,0.30000000000000004,0.8,7,15,20000,25399.99411885793,5399.994118857929,26.999970594289646,4.091624690856133,0.2175237105308062,0.19052592904790713,-33.18740424113608,0.12328848201344195,13.361644127484077,142,133,9,93.66197183098592,148.12777330579374,-1308.488858979179,918.4070647984404,-3376.585952335594,1.672921631398388,8.549295774647888,44,71,61.97183098591549,5.4146684893896735,-13.22569670858943,0.3781180997919003,,0.2175237105308062,1
30,0.32,0.13,0.7,0.30000000000000004,9,20,20000,25714.00738888097,5714.007388880971,28.570036944404855,4.306426379503314,0.21648814858705487,0.17382825161088317,-44.406032290923456,0.09697840940370489,17.02623687836558,94,71,23,75.53191489361703,537.9481827686069,-1398.3962429430496,1430.984896579498,-4700.798365489408,1.1875193883961932,14.77659574468085,31,71,43.66197183098591,11.456293927288176,-12.529864427767246,0.48284700262097996,,0.21648814858705487,1
35,0.27,0.12000000000000001,0.30000000000000004,0.4,9,10,20000,25789.307671103725,5789.307671103725,28.946538355518626,4.357611052767796,0.21440337340432658,0.23016287341863761,-54.92342070922904,0.07933976064305051,22.611490568584056,221,196,25,88.68778280542986,288.42268470514495,-1976.7255412441893,816.656219016213,-5916.368852176125,1.1439290892478033,10.113122171945701,39,71,54.929577464788736,16.741054662676124,-15.715191754684543,0.6312031068169993,,0.21440337340432658,1
30,0.14,0.11,0.8,0.1,7,20,20000,24363.774220547726,4363.774220547726,21.81887110273863,3.366752788535532,0.21436966781572794,0.14921837833179316,-29.334228985522305,0.11477215883864438,7.418665633715138,84,66,18,78.57142857142857,256.130968400599,-654.320538549548,1782.5551326622617,-1921.6220990611155,1.435300940143748,15.202380952380953,40,71,56.33802816901409,7.9509732829215585,-8.284782230059962,0.3086042867762418,,-0.13069497122194823,7
35,0.13,0.12000000000000001,0.7,0.1,5,20,20000,23917.51042724174,3917.510427241741,19.587552136208704,3.046647130177127,0.21300363472494463,0.1425471460713077,-15.193717023666073,0.20052019696244186,5.395419894310454,49,42,7,85.71428571428571,238.02908634945476,-772.7015999193374,1017.1202547197914,-1271.7496429450293,1.8482872537675814,16.836734693877553,30,71,42.25352112676056,5.318681299134842,-5.069108171512527,0.2678163683920778,,0.6714622425581463,5
35,0.30000000000000004,0.13,0.9,0.2,11,10,20000,25670.776158109828,5670.7761581098275,28.353880790549134,4.276983957041347,0.21192933961198643,0.2127234458242239,-37.993164563704354,0.11257245891876133,18.508050299006566,145,97,48,66.89655172413794,446.19424310624396,-786.9749845222251,1221.629774353961,-2103.108521739838,1.1457596713292606,20.131034482758622,40,71,56.33802816901409,9.621143711139846,-15.807302240650989,0.465596961692578,,0.21192933961198643,1
30,0.31,0.13,0.9,0.7000000000000001,17,15,20000,25423.87503154564,5423.875031545638,27.119375157728193,4.108037913364626,0.20219558451792283,0.20539479021344614,-47.67124714653879,0.0861743327321969,19.599403272131532,176,120,56,68.18181818181817,469.3846977402016,-896.6890838799733,1477.786859368926,-3419.2947162659543,1.1217091524614424,12.892045454545455,40,71,56.33802816901409,10.237797772945335,-13.215484383516586,0.517649042026653,,0.20219558451792283,1
30,0.28,0.15,0.8,0.4,9,10,20000,24538.77883632936,4538.7788363293585,22.693894181646794,3.4909529281273333,0.1970848847698487,0.20584956336915358,-49.58883158877436,0.07039796696717483,28.984388215513295,221,165,56,74.6606334841629,404.7712747376925,-1104.7430956152932,1329.148143962533,-5028.835167518826,1.0795538379141978,16.809954751131222,40,71,56.33802816901409,15.270137692399665,-29.251234905454005,0.7061084932098053,,0.1970848847698487,1
35,0.26,0.1,0.6000000000000001,0.30000000000000004,9,10,20000,25044.443251028813,5044.443251028813,25.222216255144065,3.845724672166262,0.1897839713447893,0.18338747349192672,-38.77505431403893,0.0991803813095853,17.822527597379008,156,130,26,83.33333333333334,327.24722064647875,-1436.1551885399006,867.965315285979,-2876.492611141855,1.139317057299295,14.762820512820513,41,71,57.74647887323944,9.572814251758066,-16.576197145998115,0.46335139504779455,,0.1897839713447893,1
40,0.29000000000000004,0.14,0.7,0.30000000000000004,5,10,20000,24973.111439572167,4973.111439572167,24.865557197860834,3.796041832938779,0.1880693098082277,0.19928563582594974,-46.01745387699938,0.08249134867577128,20.79885441921675,162,125,37,77.1604938271605,432.29623087593166,-1320.7027076365089,1183.5364393470304,-4348.67679449099,1.1058205839975237,21.12962962962963,39,71,54.929577464788736,11.577795265956503,-13.103062843222101,0.4988550194319585,,0.1880693098082277,1
30,0.26,0.14,0.7,0.5,5,10,20000,23724.68612302231,3724.686123022311,18.623430615111555,2.9067940737719677,0.1858378204106436,0.19207077759885924,-56.245973835026454,0.051680038153447336,30.95745576316708,221,187,34,84.61538461538461,450.3487865857721,-2332.8810052044805,1769.3600097317928,-5045.709776506619,1.0617422494743323,15.0,42,71,59.154929577464785,15.545438793352439,-25.982923097596323,0.7651533100420411,,0.1858378204106436,1
30,0.31,0.15,0.4,0.30000000000000004,11,20,20000,24667.866162347604,4667.866162347604,23.33933081173802,3.5820941822502395,0.17638726578353175,0.13908388324499252,-38.03920726756045,0.09416847614763577,18.455661913763187,142,118,24,83.09859154929578,332.9661785244832,-1420.8142876475601,888.9857543091781,-5405.315005624902,1.1522151243208751,9.028169014084508,32,71,45.07042253521127,12.203160802541625,-16.179253613030966,0.45902187070307776,,0.17638726578353175,1
30,0.17,0.09,0.8,0.2,15,10,20000,24556.248646370674,4556.248646370674,22.781243231853367,3.503310683993588,0.1732751916371249,0.1461557655076635,-32.60245031850522,0.10745544122507569,14.509520319286892,201,152,49,75.62189054726367,211.83463317762562,-547.7111025332671,646.2205461159649,-2109.8443053253054,1.1997559943357925,12.567164179104477,42,71,59.154929577464785,7.341604542451763,-14.88232263299184,0.37815532201271135,,0.1732751916371249,1
40,0.31,0.15,0.9,0.30000000000000004,9,10,20000,24411.652502994537,4411.652502994537,22.058262514972686,3.4008054160222123,0.17044866601317585,0.17045041918882994,-41.9881574698851,0.08099439510917691,20.803887374555348,165,121,44,73.33333333333333,357.8680279360731,-901.9207061110126,1155.1516401166894,-3808.89718402841,1.0911569832648558,26.55757575757576,43,71,60.56338028169014,14.564313303450493,-23.85854896105053,0.49584684701706405,,0.39721738980179994,3
35,0.31,0.12000000000000001,0.4,0.8,7,20,20000,23830.578918435564,3830.5789184355635,19.15289459217782,2.9837133938088733,0.1373668455081348,0.10810444182932682,-31.000934572906193,0.0962459175800636,14.676917381886515,85,74,11,87.05882352941177,252.81882761224492,-1333.519484079149,526.0924452842287,-4859.818127731442,1.275407839362303,12.305882352941177,30,71,42.25352112676056,6.6146376103985105,-13.03155131342807,0.3052424962570944,,0.1373668455081348,1
30,0.28,0.09,0.4,0.6,19,10,20000,23566.99642696395,3566.9964269639495,17.834982134819747,2.791718837635293,0.1351433199764434,0.12619634154821754,-42.45360830129088,0.06575928288174285,18.694484017924964,235,177,58,75.31914893617021,243.4542133212257,-666.1241263947089,712.3048677588093,-4188.786421895966,1.1153403244745421,8.046808510638298,38,71,53.52112676056338,12.497336624579303,-22.601569738195693,0.39167864838037986,,0.1351433199764434,1
35,0.26,0.09,0.8,0.6,5,15,20000,23581.856691584588,3581.8566915845877,17.90928345792294,2.802590529174598,0.1282097467323034,0.10459726473709215,-29.315621655673425,0.09560058326896216,15.86956441050707,65,55,10,84.61538461538461,361.393942257772,-1610.7610132592933,693.3337677570269,-3473.3660399827986,1.2339922968434673,21.446153846153845,34,71,47.88732394366197,15.847498798419535,-18.57464346282206,0.3490282114788282,,0.1282097467323034,1
40,0.24000000000000002,0.11,0.6000000000000001,0.9,23,10,20000,23592.873097904845,3592.873097904845,17.964365489524226,2.810646394743377,0.12722191614254322,0.11711066438531757,-23.86848027683442,0.11775556558878418,14.843008178787937,198,147,51,74.24242424242425,194.44854577925187,-481.74450307890214,652.3714335289957,-3344.4401592911067,1.1634161557677767,14.6010101010101,43,71,60.56338028169014,8.80809208562281,-12.897867233105343,0.3061792033559667,,0.12722191614254322,1
30,0.13,0.12000000000000001,0.7,0.2,5,15,20000,23565.33887860786,3565.3388786078613,17.826694393039304,2.7905058303253183,0.12476320396966639,0.10273121228129774,-33.89464159608469,0.08232881951015117,14.198464685156356,109,91,18,83.4862385321101,294.1148989976972,-1193.7231627879173,1024.9777827410212,-2695.3024762283276,1.2456105887455595,14.302752293577981,41,71,57.74647887323944,9.085538517659142,-10.617171702792117,0.30367446995956515,,0.45083779002912694,5
35,0.26,0.060000000000000005,0.6000000000000001,0.1,15,10,20000,23352.460925384486,3352.4609253844865,16.762304626922433,2.6341266000492025,0.11173548393550217,0.08862069761922843,-15.902557542750895,0.1656416958698544,9.363374238200334,136,105,31,77.20588235294117,220.57928028713616,-634.3365859035562,530.4021434974993,-1632.045679684614,1.177802739613832,12.272058823529411,39,71,54.929577464788736,7.019307954742704,-9.766588945018452,0.2665208868009527,,0.11173548393550217,1
45,0.32,0.13,0.30000000000000004,0.8,19,10,20000,22745.722094932295,2745.7220949322946,13.728610474661473,2.1818160442439005,0.10915161380784986,0.11329767091613488,-37.70248963012007,0.05786928305394649,20.052834545333518,182,157,25,86.26373626373626,243.93097124368143,-1394.6536156130323,723.5546370935884,-5589.644638568229,1.0983992600463486,12.587912087912088,41,71,57.74647887323944,12.241095883941199,-19.82305476919677,0.3308247078771897,,0.10915161380784986,1
30,0.12000000000000001,0.1,0.9,0.1,11,15,20000,23102.253121506896,3102.2531215068957,15.511265607534478,2.4488010669608817,0.09220518173393502,0.07129920105134985,-20.42751509383762,0.1198775796131764,9.363607303608502,137,103,34,75.18248175182481,205.92370600111974,-494.8467234296637,906.1450032006627,-1640.5547979027187,1.2606483342317143,15.89051094890511,43,71,60.56338028169014,7.137099225263888,-6.787908529074671,0.24100369486112894,,0.2167319295979875,3
40,0.1,0.08,0.6000000000000001,0.2,15,10,20000,22936.051889082635,2936.051889082635,14.680259445413176,2.32477263152,0.07865329697559414,0.055491499132435486,-11.683040881776943,0.1989869465531145,8.633832551687203,129,110,19,85.27131782945736,138.86823363809438,-591.566544723778,810.3792221001161,-1758.9583176210183,1.359059249362975,16.031007751937985,40,71,56.33802816901409,3.5716655518132967,-9.281117200983257,0.2039246831698319,,0.07865329697559414,1
30,0.29000000000000004,0.14,0.9,0.1,15,20,20000,22703.06498111384,2703.064981113839,13.515324905569196,2.14963981616334,0.07308771144381515,0.058743460272248055,-33.56093703798585,0.06405184139317315,12.468797096544463,143,86,57,60.13986013986013,360.4975935162031,-489.1197905487668,1042.921254322194,-1554.405830335516,1.112015216673844,11.090909090909092,31,71,43.66197183098591,6.908260089194407,-15.281593281315475,0.2641242580537685,,0.07308771144381515,1
35,0.27,0.11,0.8,0.30000000000000004,11,10,20000,22148.204512994373,2148.2045129943726,10.741022564971864,1.726457514039037,0.07296929042614056,0.069410624046689,-38.45869839015359,0.04489121021529564,17.659767493532144,161,124,37,77.01863354037268,305.33271403932116,-957.911297390975,1040.666381370737,-3275.5190328106683,1.0682379533413107,19.32919254658385,40,71,56.33802816901409,11.058233695298147,-15.03061423109716,0.2899797807571299,,0.23891935053474694,2
30,0.12000000000000001,0.1,0.7,0.30000000000000004,7,10,20000,22082.484525036434,2082.484525036434,10.412422625182172,1.6757513970732107,0.06844186518432212,0.05986133621702492,-32.15205747328265,0.052119569594129625,17.30003579617377,170,147,23,86.47058823529412,224.87127923876292,-1267.4345010026852,902.3228317949756,-2920.9331650726836,1.1339605980134784,13.964705882352941,46,71,64.7887323943662,9.961802975738587,-11.607491611919551,0.2779099233388249,,0.06844186518432212,1
45,0.29000000000000004,0.13,0.7,0.7000000000000001,15,20,20000,22792.604676967265,2792.604676967265,13.963023384836323,2.2171216644185865,0.06782580142426171,0.05306313219067765,-26.61252384538646,0.083311213821719,9.457431889324694,49,39,10,79.59183673469387,286.7315577006317,-828.3326073357424,522.7687407425994,-2106.7742326259972,1.3500048955325137,21.408163265306122,32,71,45.07042253521127,7.6623354830969825,-7.517121253259573,0.2115579912332008,,0.06782580142426171,1
30,0.12000000000000001,0.11,0.9,0.1,11,20,20000,22757.011729443846,2757.011729443846,13.78505864721923,2.1903234020794082,0.05819842655418191,0.04045416477204798,-19.023060949252603,0.1151404291834256,6.115811366639839,65,50,15,76.92307692307693,216.49299156476016,-478.8225232529414,906.1450032006627,-1623.243826818777,1.5071206348299828,17.584615384615386,35,71,49.29577464788733,6.636079425670016,-6.930376375258862,0.2010546074844498,,0.8663373855354113,6
30,0.12000000000000001,0.08,0.8,0.30000000000000004,11,15,20000,22349.452753092835,2349.4527530928353,11.747263765464176,1.8809552130557572,0.05140893382693556,0.04075464052358439,-23.925560499502556,0.07861697589466565,12.360654947338604,144,119,25,82.63888888888889,166.74637553268064,-663.1266374118501,902.3228317949756,-2240.6693353000223,1.1969248447527019,14.506944444444445,46,71,64.7887323943662,5.5040426066876424,-11.589916848496728,0.21577019938829228,,0.05140893382693556,1
30,0.26,0.07,0.30000000000000004,0.5,7,10,20000,21027.982356749322,1027.9823567493222,5.139911783746611,0.8444702115596447,0.049650572142986,0.04857880050754784,-47.64143674527471,0.017725540396163704,20.800473966146075,243,223,20,91.76954732510289,199.22143924063877,-2133.2032850009114,636.2610227872806,-3653.437081541617,1.0413067817548263,8.23045267489712,40,71,56.33802816901409,15.331121626411392,-16.1733651556489,0.2742932003383663,,0.049650572142986,1
40,0.29000000000000004,0.12000000000000001,0.30000000000000004,0.4,15,10,20000,21204.602071583697,1204.6020715836967,6.0230103579184835,0.9860859450113502,0.043797936936018814,0.04593888146113372,-46.357193762798744,0.02127147622560958,19.197299401948253,207,179,28,86.47342995169082,225.50482837436266,-1371.3456435828266,672.7784943277993,-3285.1580089578924,1.0512449283430763,10.801932367149758,40,71,56.33802816901409,16.64427173587275,-18.999375850803023,0.2718299476192236,,0.043797936936018814,1
30,0.16,0.09,0.5,0.8,7,20,20000,22238.92564402971,2238.9256440297104,11.194628220148552,1.7962478762228118,0.038065236102388225,0.025577847079331622,-26.219718356855154,0.06850751986636737,11.448499022670003,76,68,8,89.47368421052632,145.85926593865204,-921.2630549748249,329.4465361003614,-3547.5157421521326,1.3457652011372825,9.894736842105264,33,71,46.478873239436616,3.698824213776186,-6.909600738722299,0.1703303736432111,,0.038065236102388225,1
40,0.31,0.1,0.30000000000000004,0.2,7,10,20000,21807.967729226915,1807.9677292269153,9.039838646134577,1.4625810166982278,0.03767069974293258,0.03524638367956853,-27.767521905154013,0.05267236383909195,14.782765794052777,176,148,28,84.0909090909091,225.59330830731935,-1107.9336392948742,574.7910789658332,-2533.4211998129995,1.0762573950191114,10.482954545454545,34,71,47.88732394366197,10.341898690125916,-14.004068864245777,0.19376791900357326,,0.20889137642054342,2
35,0.11,0.060000000000000005,0.5,0.9,7,10,20000,21468.223210201966,1468.2232102019661,7.3411160510098314,1.1956451403130286,0.03548646487131075,0.025400602515216766,-33.01100190748402,0.03621959562644963,16.53774089015885,159,148,11,93.08176100628931,113.7558480338796,-1328.1437490450442,493.3559270808573,-6789.499491829035,1.1523852212478318,12.735849056603774,43,71,60.56338028169014,5.086744575729885,-19.41529697643839,0.18947087887403263,,0.03548646487131075,1
35,0.31,0.08,0.30000000000000004,0.2,15,10,20000,21627.579403630116,1627.5794036301158,8.137897018150579,1.3212851153011185,0.030259554020719164,0.026916411634809276,-28.217655911695722,0.046824765297158115,15.014832127699643,168,141,27,83.92857142857143,214.47718605786662,-1041.0853270566377,574.7910789658332,-2517.894488744069,1.0758460407445045,9.56547619047619,31,71,43.66197183098591,8.52518686150705,-14.124019459912097,0.1940478119124546,,0.030259554020719164,1
35,0.27,0.12000000000000001,0.2,0.8,15,20,20000,22059.072572201396,2059.072572201396,10.295362861006979,1.6576576139154087,0.024601208622079443,0.019168636675599135,-25.668615456791954,0.06457915958520427,11.252904033108516,107,95,12,88.78504672897196,164.5974296864179,-1104.8236040006948,469.40057174462737,-1923.4184547179177,1.1794307980920504,7.242990654205608,30,71,42.25352112676056,5.299624759855104,-8.97367997929578,0.17453111060750576,,0.024601208622079443,1
35,0.31,0.11,0.6000000000000001,0.5,11,10,20000,20123.032944389466,123.03294438946614,0.6151647219473307,0.10294685380944912,0.01422960677834042,0.013532533822364952,-42.07632941160683,0.002446669071400773,20.784810542800507,152,121,31,79.60526315789474,310.86078378905216,-1205.0338345648977,938.9238280246823,-4835.380625677066,1.0069093486800826,16.86842105263158,42,71,59.154929577464785,13.807794108378225,-18.830359313380775,0.2422238896059135,,0.01422960677834042,1
45,0.29000000000000004,0.05,0.6000000000000001,0.4,9,10,20000,22025.400477374704,2025.4004773747038,10.127002386873517,1.6316063010043846,0.011812224274162814,0.007870604241550538,-20.450459068198658,0.07978335819079986,9.933509051611695,52,44,8,84.61538461538461,253.70199732671247,-1127.5609256250862,562.2478029403106,-2764.7757314721407,1.2375038488704033,19.096153846153847,24,71,33.80281690140845,6.679793110732435,-9.87201290016766,0.12830416948665171,,0.011812224274162814,1
30,0.29000000000000004,0.07,0.8,0.1,7,10,20000,21298.561278164125,1298.5612781641248,6.492806390820624,1.0610239323734394,0.004591070955573101,0.0037987961886201734,-32.24152017735313,0.032908619895618836,14.099967585854618,145,95,50,65.51724137931035,342.29262961571027,-624.2058866573329,999.8805202743105,-2107.763724660145,1.0418934043582195,13.324137931034484,35,71,49.29577464788733,8.218753977420779,-13.421299918788055,0.14259324307853194,,0.004591070955573101,1
30,0.31,0.05,0.2,0.8,5,15,20000,21097.42220299141,1097.422202991409,5.487111014957045,0.9002655437293949,-0.009187774993523174,-0.007016159890730434,-32.42963822905347,0.027760579300044545,13.89758487227657,152,143,9,94.07894736842105,140.77661836818157,-2081.6260248509707,417.17363109607993,-6791.138987396773,1.0745369344456044,6.953947368421052,37,71,52.112676056338024,7.568992272248365,-12.162049746678584,0.14347935829637024,,-0.009187774993523174,1
45,0.29000000000000004,0.12000000000000001,0.2,0.4,9,15,20000,20706.47600806717,706.4760080671695,3.5323800403358474,0.5841218514498925,-0.010797461822172725,-0.009641365597847373,-31.708878713751393,0.018421397259833494,15.747961747245231,133,122,11,91.72932330827066,172.29606412571476,-1807.340346842735,486.25824995197064,-3099.1362888658396,1.057310532173951,9.669172932330827,35,71,49.29577464788733,15.057434603499464,-13.482084049055876,0.15376561428611893,,-0.010797461822172725,1
35,0.32,0.09,0.5,0.2,5,15,20000,21203.37251997029,1203.3725199702894,6.0168625998514464,0.9851034750874454,-0.011445691323624526,-0.009376506122730768,-32.51973408452042,0.030292482482393985,13.128591412884555,115,94,21,81.73913043478261,274.5280287863823,-1159.2791517118956,663.5111846027029,-1652.0795126602895,1.0600033185159368,12.347826086956522,33,71,46.478873239436616,10.230960012089518,-15.173790386145104,0.17913541059725166,,-0.011445691323624526,1
45,0.27,0.09,0.6000000000000001,0.7000000000000001,7,10,20000,19777.492072983154,-222.50792701684622,-1.1125396350842311,-0.18752781500281923,-0.01146755499777676,-0.009261927494106084,-33.938745505156916,0.005525478688489674,19.656909879884978,95,78,17,82.10526315789474,262.101817575589,-1199.7676292889917,942.6303193967507,-5145.585453668967,1.0023481053288463,21.621052631578948,35,71,49.29577464788733,9.63859959312292,-16.037173989611965,0.1255297151918678,,-0.01146755499777676,1
35,0.31,0.07,0.5,0.4,5,10,20000,20258.825557214983,258.82555721498284,1.294127786074914,0.2159639100907773,-0.02355091127045656,-0.018913282357898173,-33.68238764004325,0.006411775566469313,16.57084914896662,103,89,14,86.40776699029125,264.6844183098051,-1669.073541713861,624.9341215284661,-3174.091496283369,1.0081261353693267,14.271844660194175,34,71,47.88732394366197,10.053368238410565,-16.812884828063414,0.14741877209879042,,-0.02355091127045656,1
45,0.12000000000000001,0.1,0.5,0.30000000000000004,15,10,20000,21305.648710005433,1305.6487100054328,6.528243550027164,1.0666654091167294,-0.027971290284927258,-0.022349708799692468,-16.723501335794648,0.06378242137809144,11.14160044876287,97,81,16,83.50515463917526,189.4985748775518,-809.9290305478485,752.2166626207976,-2034.7785415064855,1.1844698722167002,17.195876288659793,41,71,57.74647887323944,6.504675334390475,-10.58354237703898,0.13190490276961808,,0.22080448137965214,2
30,0.23,0.11,0.5,0.30000000000000004,11,20,20000,21184.784915834764,1184.7849158347635,5.923924579173818,0.9702453205499895,-0.032665228207420065,-0.022991482291147232,-40.52836477435277,0.02393990791269185,11.443625973668603,104,86,18,82.6923076923077,247.581711344748,-1096.8467922118637,558.3082463211588,-2841.5536006193765,1.078446330924443,9.663461538461538,31,71,43.66197183098591,7.19269785326957,-9.926839468397597,0.14895536397070877,,-0.032665228207420065,1
40,0.18,0.13,0.4,0.4,15,10,20000,19722.05775093663,-277.9422490633697,-1.3897112453168483,-0.23452047630901918,-0.03622066766734848,-0.03592856282133298,-31.73234203174561,0.00739058201485414,17.74595362116777,195,169,26,86.66666666666667,158.49355023022272,-995.014409647033,405.62678438138465,-3720.405967762424,1.035370007216176,12.430769230769231,43,71,60.56338028169014,13.034933649631908,-18.078017161625027,0.09795365169135127,,-0.03622066766734848,1
30,0.18,0.05,0.5,0.30000000000000004,11,10,20000,20833.011128461934,833.0111284619343,4.165055642309672,0.6869858264020312,-0.0402240156548199,-0.03234501771391883,-24.983975089395713,0.027497058572301326,12.608798394806941,205,174,31,84.8780487804878,134.2135389451599,-705.572407999873,390.73378837047716,-2469.382346484446,1.0676829155319285,9.44390243902439,41,71,57.74647887323944,6.318716577118533,-12.51116658002398,0.12641488517476152,,-0.0402240156548199,1
30,0.12000000000000001,0.1,0.9,0.1,19,15,20000,21416.730031810603,1416.7300318106027,7.083650159053014,1.15488084802029,-0.05049299745043204,-0.04018099749335641,-19.018064223934154,0.06072546787211273,8.913823931159419,147,98,49,66.66666666666666,199.1751406791758,-336.61905621936023,902.3228317949756,-1766.7513208183125,1.1833860086006651,11.80952380952381,41,71,57.74647887323944,4.667861588383659,-8.517920461410766,0.13280644986054058,,-0.05049299745043204,1
40,0.12000000000000001,0.11,0.30000000000000004,0.1,21,10,20000,21313.986992932714,1313.9869929327142,6.56993496466357,1.0733005430793696,-0.0621671764267873,-0.05418781527928109,-13.946223982275868,0.07695993872200947,8.7706175834691,155,124,31,80.0,157.4457010387362,-517.1834549059156,989.5502687460338,-1603.2911742994122,1.2177164566672245,9.290322580645162,42,71,59.154929577464785,6.777851035527882,-7.848251502823933,0.10185477487186007,,-0.3338921056570001,3
30,0.14,0.13,0.9,0.4,15,15,20000,20060.992409217462,60.99240921746241,0.30496204608731203,0.05110059583706139,-0.06250323068987242,-0.05205637274006721,-34.61911621723178,0.0014760803111324345,14.415820526281104,117,74,43,63.24786324786324,306.9247803427745,-490.5893333987892,1782.5551326622617,-3507.994942433884,1.0766563756162792,14.205128205128204,40,71,56.33802816901409,8.102235716064632,-16.57618655303915,0.08783933111156905,,-0.06250323068987242,1
30,0.22,0.1,0.9,0.4,21,10,20000,19302.37153668945,-697.6284633105497,-3.4881423165527483,-0.5939074862469806,-0.06253947556796245,-0.0602519381048148,-37.15894722999472,0.015982893233519226,17.306061396383594,271,179,92,66.05166051660517,236.4086428029098,-454.9636858905453,672.6371568936466,-3037.2529150417317,1.0110015459826667,7.656826568265683,36,71,50.70422535211267,10.980719786786475,-16.677880066803517,0.11557176674442818,,-0.06253947556796245,1
45,0.13,0.11,0.4,0.1,21,10,20000,21063.29114315208,1063.2911431520806,5.316455715760402,0.872860162618605,-0.06775009713558523,-0.05963493151491952,-18.346253180675937,0.047577025893111864,9.71132646925303,153,128,25,83.66013071895425,153.8067109481683,-674.6027143285414,1435.5499363239808,-1686.827637494509,1.1673394478384833,11.836601307189543,38,71,53.52112676056338,10.946972922617348,-8.241756480222007,0.1459526493093814,,-0.13715075679253844,3
30,0.17,0.15,0.9,0.30000000000000004,9,15,20000,19008.322532771454,-991.6774672285464,-4.9583873361427315,-0.8496027451797783,-0.07449307148616471,-0.06699753976443035,-48.92819950074047,0.01736427569068673,17.51861634195587,144,108,36,75.0,314.5221647947861,-924.8908684740423,1148.9901442779365,-3004.8330844088355,1.0201922481309913,17.02777777777778,41,71,57.74647887323944,8.794511608229216,-14.813193246334544,0.05521055643439695,,-0.07449307148616471,1
30,0.18,0.09,0.8,0.7000000000000001,11,20,20000,21390.97777828492,1390.9777782849196,6.9548888914245985,1.1344636128245877,-0.07512484469312335,-0.051296590999475034,-23.31064861967921,0.04866718345481198,7.674589280932373,68,55,13,80.88235294117648,171.67442905537575,-604.31660152006,415.08189208619564,-1931.3491815953714,1.2018781055003822,13.588235294117647,34,71,47.88732394366197,3.5364957857763946,-8.859784652549274,0.11266608170107897,,-0.07512484469312335,1
40,0.32,0.15,0.9,0.2,5,20,20000,20426.625188473437,426.62518847343745,2.1331259423671876,0.3547520631487222,-0.07833270422556088,-0.06381394734392816,-33.24479543308262,0.010670905280881972,11.900453351060623,58,42,16,72.41379310344827,461.43666739971576,-1175.8321776446683,1008.5062230308407,-2298.4440597273388,1.0301395683443315,23.379310344827587,32,71,45.07042253521127,7.27580614034069,-20.319230557066202,0.12375134620890885,,-0.07833270422556088,1
30,0.32,0.12000000000000001,0.8,0.4,5,20,20000,19280.279702448,-719.7202975520013,-3.5986014877600065,-0.6130047718196141,-0.0833238766998678,-0.06258463700896057,-47.300768025782006,0.012959721319651438,15.943282884216167,76,60,16,78.94736842105263,440.0246996049157,-1683.3751421154382,989.3435808844234,-3452.154707569411,0.9802286978319169,17.11842105263158,32,71,45.07042253521127,10.37811057175766,-13.658327772180556,0.08362995937581047,,-0.0833238766998678,1
35,0.22,0.1,0.5,0.1,5,10,20000,19764.91283581859,-235.0871641814083,-1.1754358209070415,-0.19818183426904,-0.08914438297957165,-0.07527257304570478,-32.72850422735695,0.006055328190140284,13.812948697647057,226,172,54,76.10619469026548,177.53651273826134,-560.1694268302524,658.4766115972137,-1803.1585047481667,1.0094922056049835,10.898230088495575,33,71,46.478873239436616,9.19878253831763,-16.512024981787278,0.09121463902670349,,-0.08914438297957165,1
30,0.28,0.13,0.5,0.2,23,10,20000,17571.077311772686,-2428.922688227314,-12.144613441136572,-2.1489096614241143,-0.09789899305089529,-0.10384280365732255,-45.9922302615391,0.046723319334681955,20.640035301120026,380,258,122,67.89473684210526,240.41519957178483,-512.3659358831803,706.5840625042599,-2893.8091278016304,0.992296702407138,6.102631578947369,35,71,49.29577464788733,15.235617663774326,-18.043767595360872,0.042363454211623686,,-0.09789899305089529,1
35,0.21000000000000002,0.15,0.6000000000000001,0.30000000000000004,15,10,20000,16811.43541416562,-3188.5645858343814,-15.942822929171907,-2.8717778793450055,-0.10759535122863628,-0.10701433660931398,-46.09527280820016,0.062300919473767126,22.252270550593586,214,170,44,79.43925233644859,234.884187029395,-950.7674023960085,820.3998634740303,-4347.052767092973,0.9544995799844905,14.355140186915888,43,71,60.56338028169014,10.63538139721436,-18.632787367505976,-0.04188953081060234,,-0.10759535122863628,1
40,0.32,0.1,0.7,0.4,5,15,20000,18864.08524578428,-1135.9147542157189,-5.679573771078594,-0.9762320767562449,-0.11498805542500982,-0.09544843279138837,-35.4857802339618,0.027510514643325733,15.450441954828717,70,58,12,82.85714285714286,362.4590314023589,-1833.2198812960478,647.5886861522417,-3275.5190328106683,0.9556329474270095,20.65714285714286,35,71,49.29577464788733,9.737367043044486,-14.890727679313343,0.025957987081375655,,-0.11498805542500982,1
30,0.16,0.12000000000000001,0.9,0.4,9,15,20000,17411.27049187595,-2588.729508124052,-12.94364754062026,-2.2987893667349546,-0.11589537704139372,-0.0986024797752282,-39.2466873208584,0.058572825470373374,19.939581846702385,147,115,32,78.2312925170068,176.76562799069356,-687.3055227204329,552.4308025606061,-3483.8158176537854,0.9242635983443838,17.591836734693878,42,71,59.154929577464785,8.792924124490597,-17.97741513470037,-0.048588029863451884,,-0.11589537704139372,1
40,0.23,0.11,0.5,0.4,7,10,20000,17989.24978809832,-2010.750211901679,-10.053751059508395,-1.7620146218170651,-0.11715638593689631,-0.10479075701144361,-36.21580679570372,0.048653192561931076,18.095535964709793,166,144,22,86.74698795180723,190.0799438745264,-1317.1654580108516,652.3714335289957,-3262.24658739397,0.9445735348330199,15.295180722891565,38,71,53.52112676056338,9.649231046911865,-17.120150786366363,-0.0033560204838923905,,-0.11715638593689631,1
40,0.28,0.12000000000000001,0.2,0.2,17,20,20000,20941.54371919976,941.5437191997589,4.707718595998794,0.774801609777076,-0.13397542446610233,-0.08837495193966399,-28.066420696889992,0.027606000000667378,7.213716275320456,103,91,12,88.3495145631068,136.66644110663023,-937.5585351253112,356.72442635195154,-1657.757430174008,1.1054106379111845,6.747572815533981,32,71,45.07042253521127,4.783589822717116,-6.220096243374263,0.09118051899155295,,-0.13397542446610233,1
35,0.12000000000000001,0.11,0.4,0.1,15,10,20000,20069.948390631656,69.94839063165637,0.3497419531582818,0.05859319647669725,-0.1343191164229424,-0.11015459169883125,-16.484877658229706,0.0035543604078520966,10.393659111982016,174,141,33,81.03448275862068,167.7038839407848,-651.5173944333072,941.4236114848701,-1499.3002628921408,1.099821685159061,9.367816091954023,40,71,56.33802816901409,7.103047723991729,-8.877082171764073,0.03411857438464058,,0.3558512490339305,4
40,0.14,0.12000000000000001,0.6000000000000001,0.30000000000000004,17,10,20000,19091.53822272318,-908.4617772768215,-4.542308886384108,-0.7769090510674315,-0.14428017724806233,-0.13098015102378838,-29.352280895187512,0.026468438818831642,13.188511735007117,124,97,27,78.2258064516129,219.75856273885512,-767.7311986276264,1184.4435213078682,-2272.753221692656,1.0283586052848934,16.008064516129032,43,71,60.56338028169014,7.902890155265174,-11.550884884922096,-0.017537176318399756,,-0.2899950833269048,4
40,0.28,0.12000000000000001,0.9,0.1,9,15,20000,19812.71100160312,-187.28899839688165,-0.9364449919844083,-0.15772901588593236,-0.1498847460276682,-0.12031964842247217,-23.473332030053935,0.006719498351745929,10.607904126760175,100,61,39,61.0,363.0078748466169,-565.6504965138614,783.9149022000132,-1271.1946085873308,1.0037674347256629,18.41,36,71,50.70422535211267,5.852641381958978,-7.408419583642523,0.03758358375617863,,-0.1498847460276682,1
45,0.11,0.05,0.8,0.4,21,10,20000,21037.054388137378,1037.0543881373778,5.1852719406868895,0.8517683430755207,-0.1594306549033463,-0.10091172540299674,-9.97776221025562,0.08536667091545162,6.0593165089223096,74,57,17,77.02702702702703,112.08783841159679,-308.53932981286147,779.5896106036971,-1492.1766045675633,1.2180746260769195,20.324324324324323,27,71,38.028169014084504,3.9178127813195296,-6.845096310195775,0.06472142517094039,,-0.1594306549033463,1
30,0.19,0.14,0.2,0.5,5,20,20000,17368.713517357788,-2631.286482642212,-13.156432413211059,-2.3388957018987466,-0.16034368499050494,-0.12220416068616136,-38.98800860264269,0.05999012993293049,17.543862248147445,155,147,8,94.83870967741936,126.9109659120312,-2497.0998089638533,374.081001925017,-3965.4982642341865,0.9338789704209737,6.645161290322581,34,71,47.88732394366197,10.530663587600998,-18.281136629520777,-0.07908490774345424,,-0.16034368499050494,1
35,0.14,0.12000000000000001,0.6000000000000001,0.4,7,15,20000,17967.325563922666,-2032.6744360773337,-10.163372180386668,-1.7821121011395324,-0.16058089015030996,-0.13364607269813333,-34.62133155358795,0.0514743951537833,15.798105019618767,110,96,14,87.27272727272727,174.25726659744535,-1267.9480021022966,1183.9790046699486,-3222.091214240155,0.9423943008488667,16.536363636363635,42,71,59.154929577464785,10.541401560650087,-15.67539118851089,-0.03140188443093129,,-0.17230430471581332,2
40,0.2,0.060000000000000005,0.30000000000000004,0.8,11,10,20000,18261.835388104453,-1738.1646118955468,-8.690823059477735,-1.513828121945171,-0.16697600895755016,-0.11947417221542099,-31.05250676083175,0.048750593103634596,14.611108022267475,120,110,10,91.66666666666666,124.4315295438963,-1498.7532861724262,369.7599939509756,-5308.40443213139,0.9132569300170928,10.491666666666667,30,71,42.25352112676056,5.844504372436221,-12.223591714017235,-0.07147008560962222,,-0.16697600895755016,1
30,0.17,0.1,0.9,0.2,5,20,20000,20170.52360480369,170.52360480368952,0.8526180240184476,0.14254420687074276,-0.17248407083054984,-0.11557878413199882,-29.971490586916953,0.004755993248229224,8.60643845843383,66,54,12,81.81818181818183,209.37675418451653,-906.7517600966854,429.38426648844796,-1801.4219851181279,1.0390885745067202,17.272727272727273,39,71,54.929577464788736,5.849567669648836,-7.392834880012922,0.04204029738453635,,-0.17248407083054984,1
45,0.23,0.12000000000000001,0.2,0.9,21,10,20000,16399.133483794147,-3600.8665162058533,-18.004332581029267,-3.2755748743977353,-0.18003804705635465,-0.173192672626342,-39.85975683486571,0.08217749265175041,19.26483494187413,202,182,20,90.0990099009901,125.29602839588483,-1272.2490437338784,359.7446641676324,-4524.468206951972,0.89620335265196,9.064356435643564,39,71,54.929577464788736,13.418980346905629,-20.486734722336287,-0.1395514134521351,,-0.18003804705635465,1
30,0.31,0.13,0.4,0.5,19,20,20000,17749.60669861872,-2250.3933013812784,-11.251966506906392,-1.9828061056254898,-0.18339668837298426,-0.13112413354660013,-41.38225588854472,0.04791440348167106,15.312365014299797,142,105,37,73.94366197183099,258.48922594585656,-783.7962709647643,729.7657154012132,-4700.798365489408,0.9358943557611578,7.5,29,71,40.845070422535215,9.966785844343118,-16.45581361889157,-0.05904726165116829,,-0.18339668837298426,1
30,0.14,0.12000000000000001,0.7,0.30000000000000004,7,15,20000,17261.540328809147,-2738.4596711908525,-13.692298355954263,-2.44026084017811,-0.18402771928131664,-0.15677480242454434,-39.42536869173547,0.061895701198341584,16.671101024391593,140,116,24,82.85714285714286,171.14591200623605,-887.3035609964287,468.4692033560256,-2207.4542585369495,0.9322685918610931,14.32857142857143,37,71,52.112676056338024,7.064183584572037,-18.160007787895704,-0.09918696540236371,,-0.1474450378186491,5
30,0.31,0.15,0.7,0.1,5,10,20000,14265.75841523998,-5734.2415847600205,-28.6712079238001,-5.510984725334356,-0.1907073807474501,-0.19500019851220532,-53.42163195983498,0.10316017169744619,24.382394992869045,295,167,128,56.61016949152542,372.61179932403155,-523.6810993179917,1151.928391434195,-2043.0368006695226,0.9283167896716001,10.610169491525424,39,71,54.929577464788736,14.92498896645056,-21.90933700679111,-0.1429725940491379,,-0.1907073807474501,1
45,0.31,0.11,0.7,0.2,9,15,20000,19134.072928220303,-865.9270717796971,-4.329635358898486,-0.739854324907363,-0.19148697773231746,-0.15532252161086152,-27.750235492344967,0.026661190861297566,11.090991851881114,71,52,19,73.23943661971832,310.8531295721186,-887.9152531331544,615.4729757791204,-1455.634341062684,0.9581499254166055,19.08450704225352,32,71,45.07042253521127,7.0319882847663,-13.868355114673115,0.015909760032178373,,-0.19148697773231746,1
35,0.14,0.13,0.9,0.1,11,15,20000,20003.061219020143,3.061219020142744,0.015306095100713719,0.0025678364351078287,-0.1982200125788399,-0.14852514014773663,-26.092758922613957,9.841184072268983e-05,8.31476926527018,77,53,24,68.83116883116884,254.6964179404658,-520.9437054926917,1184.4435213078682,-1566.2147991695265,1.0796840113205268,19.61038961038961,40,71,56.33802816901409,6.348538423919892,-7.876303095254289,0.031098439883633876,,-0.026169638995909628,4
40,0.19,0.12000000000000001,0.6000000000000001,0.1,13,10,20000,18408.802117054733,-1591.1978829452673,-7.955989414726336,-1.3812930524202627,-0.20479916214693644,-0.1770636210344268,-26.01253932748273,0.053101046192783684,12.624814359960821,197,144,53,73.09644670050761,173.55210915664776,-486.469540863915,554.1626319244991,-1275.5100961573758,0.9693059203113041,13.82233502538071,37,71,52.112676056338024,6.879166757151922,-13.19710500978436,-0.05334845273041279,,-0.20479916214693644,1
30,0.15000000000000002,0.12000000000000001,0.8,0.30000000000000004,5,20,20000,18766.96997700117,-1233.0300229988316,-6.165150114994158,-1.0619465392200933,-0.2061933522905928,-0.14777167904427557,-33.65321329462708,0.03155557628102155,11.596180387512689,95,79,16,83.15789473684211,157.22879609181103,-809.8315571407469,411.43431155208106,-2430.9825148176324,0.9586156205671236,16.042105263157893,40,71,56.33802816901409,5.901550604332639,-9.933486625485433,-0.04014803489431557,,-0.19511053578595472,2
45,0.14,0.12000000000000001,0.8,0.7000000000000001,11,10,20000,16862.216381905117,-3137.7836180948834,-15.688918090474417,-2.8226161654462345,-0.21425445694776496,-0.17539813005421723,-39.11630136281144,0.07215958736144071,16.28993548317221,101,79,22,78.21782178217822,187.48378945065932,-784.2044606606905,852.9011412652305,-5668.038162405928,0.8584970855295282,24.99009900990099,45,71,63.38028169014085,13.798700381125716,-18.570630070067363,-0.1325796314830804,,-0.21425445694776496,1
40,0.1,0.09,0.9,0.6,19,15,20000,19117.500780567836,-882.499219432164,-4.41249609716082,-0.7542832327189553,-0.2149751168306174,-0.11672812925132998,-26.853208691000617,0.02808912861768136,10.230040620760118,59,45,14,76.27118644067797,253.9581427456221,-834.8511173560852,1368.3559846312676,-6035.549482386925,0.9777719802770717,21.983050847457626,36,71,50.70422535211267,4.719847198348459,-17.031095712047794,-0.01312855994693327,,-0.2149751168306174,1
30,0.30000000000000004,0.07,0.7,0.30000000000000004,15,20,20000,20508.06225378065,508.06225378064846,2.5403112689032423,0.4217674798917992,-0.2158351424723269,-0.11980479635573064,-15.96814682385621,0.02641305121654342,6.363509853142226,58,44,14,75.86206896551724,177.1225582329597,-514.9021648906898,361.5465510635884,-2319.358864904359,1.0811197451884182,11.224137931034482,27,71,38.028169014084504,2.6790229491995943,-7.692597872309959,0.05084379957562085,,-0.2158351424723269,1
35,0.17,0.11,0.9,0.7000000000000001,17,20,20000,20632.93711094878,632.9371109487802,3.1646855547439006,0.524099406261902,-0.21803918916768011,-0.1475257133444594,-14.403360086927547,0.03638730151151142,5.9601606114789725,57,45,12,78.94736842105263,143.09423033375077,-464.46693783917164,344.130649305425,-1576.0286489687746,1.1553101416604428,16.70175438596491,33,71,46.478873239436616,2.6419370102752637,-7.728659322481779,0.05655854135182624,,-0.21803918916768011,1
30,0.14,0.08,0.6000000000000001,0.4,9,20,20000,20671.41102011397,671.4110201139702,3.357055100569851,0.555523975714789,-0.22448942009469125,-0.14243531938162687,-18.794119200263136,0.029558393761119225,5.713129609550016,57,49,8,85.96491228070175,101.06923674760075,-514.3226975648087,219.6192876116689,-1104.8592466865578,1.2036199802382817,12.614035087719298,22,71,30.985915492957744,3.263343491382953,-4.54206113344685,0.05393890542340356,,-0.22448942009469125,1
30,0.28,0.15,0.9,0.1,5,15,20000,15512.365115988421,-4487.634884011579,-22.438174420057894,-4.173515974780351,-0.22955407241071896,-0.20227431892090597,-45.12798781106906,0.0924817652462817,19.167543839069147,190,98,92,51.578947368421055,421.61519120817263,-489.6806915479633,993.1532596618068,-1719.2318673784268,0.9171524257845151,12.7,34,71,47.88732394366197,11.084973942198651,-19.432344143553827,-0.1664484933502287,,0.05064844636212443,2
40,0.14,0.12000000000000001,0.6000000000000001,0.1,15,10,20000,18957.887434060132,-1042.1125659398676,-5.210562829699338,-0.8937897085474655,-0.23255538833329378,-0.19754248314057107,-25.847684833553924,0.034579101157531954,10.202962030671033,137,105,32,76.64233576642336,196.30324802139813,-629.1548002558384,1184.4435213078682,-1050.42083958575,1.0237862483259903,14.861313868613138,37,71,52.112676056338024,5.122861623230435,-11.843932579788907,-0.04964077818119814,,-0.28530790999164973,5
40,0.28,0.15,0.5,0.5,15,15,20000,15260.849715449976,-4739.150284550024,-23.695751422750117,-4.435969330947243,-0.23455182423013213,-0.22151695316789743,-51.3893946582515,0.08632071579062603,19.59392573920367,148,122,26,82.43243243243244,217.54297190916665,-1185.3535714410964,673.5982144547485,-3554.206176665212,0.8611595603966881,15.256756756756756,39,71,54.929577464788736,11.848449869914045,-22.570766999287883,-0.1848722565791809,,-0.23455182423013213,1
40,0.14,0.13,0.5,0.2,17,10,20000,18119.535658825578,-1880.4643411744219,-9.40232170587211,-1.6430030179538258,-0.2354514311689619,-0.21123952839891366,-35.8174046334706,0.04587163795833701,12.293036477547144,117,91,26,77.77777777777779,236.48356710686534,-839.4305235662,1184.4435213078682,-2169.785320834316,0.9860166644378097,14.179487179487179,42,71,59.154929577464785,4.925633375153793,-9.66314252169459,-0.09807865882846997,,-0.3782525803190649,5
30,0.25,0.14,0.9,0.1,11,10,20000,15181.634215805798,-4818.365784194202,-24.09182892097101,-4.519375185006302,-0.2389591117327332,-0.22223135759728221,-41.625112073891906,0.10857328568830313,19.575020957526295,258,156,102,60.46511627906976,265.90907883776515,-447.29973140864945,999.8805202743105,-1586.9832621954706,0.9091990112219369,13.294573643410853,37,71,52.112676056338024,10.680490212064054,-18.648035167264343,-0.25412905483459497,,-0.2389591117327332,1
45,0.32,0.05,0.8,0.7000000000000001,15,10,20000,18892.779784647442,-1107.2202153525577,-5.5361010767627885,-0.9509764102608398,-0.2434221579175763,-0.15043718131644315,-20.86614385014048,0.04557509126222368,10.048589583126269,37,27,10,72.97297297297297,286.38465355605035,-904.2385135661063,600.2796121502387,-3145.2592255661275,0.8551267757351575,24.89189189189189,23,71,32.3943661971831,4.634178798888122,-13.350687448714648,-0.06311911599238172,,-0.2434221579175763,1
35,0.30000000000000004,0.060000000000000005,0.5,0.9,23,15,20000,20046.47329052287,46.47329052287023,0.23236645261435115,0.0389479413393623,-0.24534813196371333,-0.15559363296297796,-10.995150048702362,0.003542283749366286,6.990620763157709,78,61,17,78.2051282051282,166.11207821478206,-585.7449106222912,437.0642835099822,-1903.265994199398,1.0175918066386163,9.871794871794872,26,71,36.61971830985916,4.36965889424521,-7.710188025633357,0.022049403027825702,,-0.24534813196371333,1
30,0.12000000000000001,0.09,0.6000000000000001,0.2,13,15,20000,17943.973817818463,-2056.0261821815366,-10.280130910907683,-1.803540618153876,-0.2525607556925496,-0.20117045850304596,-30.05344432548707,0.06001111215809526,12.168134471246168,178,147,31,82.58426966292134,123.46465166718356,-611.442902492179,604.0966688004419,-1827.9443941751865,0.9575079052485611,11.303370786516854,42,71,59.154929577464785,6.717828247917601,-14.526768696015303,-0.08167404622978301,,-0.2525607556925496,1
35,0.21000000000000002,0.1,0.9,0.2,9,15,20000,18392.216066374913,-1607.7839336250872,-8.038919668125436,-1.3962062321325797,-0.2557014204190611,-0.18455741277911036,-23.138203731219374,0.06034203209338758,10.949177893852593,90,69,21,76.66666666666667,228.5530195456653,-814.6448705845739,593.9798305173845,-1550.739350033484,0.9218248938650458,19.988888888888887,35,71,49.29577464788733,6.479577734284092,-14.112509519768789,-0.05757188983944961,,-0.2557014204190611,1
35,0.16,0.13,0.4,0.4,15,10,20000,15126.475835981442,-4873.524164018558,-24.36762082009279,-4.577665497071759,-0.261318178917,-0.2575446905886155,-44.73482729723147,0.10232889615637479,18.78210649424418,182,155,27,85.16483516483517,173.17168345614135,-1110.7368722786116,426.84464783450164,-2956.5057991821245,0.8950218212526995,11.39010989010989,38,71,53.52112676056338,9.573652277790945,-17.266349837376517,-0.29651414115238156,,-0.261318178917,1
40,0.14,0.13,0.4,0.2,7,10,20000,17306.5706967408,-2693.4293032591995,-13.467146516295998,-2.3976071855666303,-0.2681697105079057,-0.236765809759544,-39.06366451713021,0.06137691420412519,13.217572098526198,125,108,17,86.4,172.46607151271107,-1168.399393614942,737.6817670933127,-2267.4609549166194,0.9377502361305671,13.6,42,71,59.154929577464785,6.617821860887996,-16.623195290024906,-0.12185019250746183,,-0.2681697105079057,1
40,0.32,0.08,0.2,0.8,9,15,20000,16829.74343204783,-3170.2565679521686,-15.851282839760843,-2.8540394214079834,-0.26909279721511736,-0.18411727894932087,-36.17795881518393,0.07888890127792782,14.324659495292764,99,90,9,90.9090909090909,131.31552927792364,-1643.5949114405962,340.5177773079414,-6292.179525917698,0.7989531262470676,8.858585858585858,30,71,42.25352112676056,8.705054484145958,-12.791077738889566,-0.17945641163435416,,-0.26909279721511736,1
30,0.16,0.13,0.4,0.9,9,15,20000,12554.727573193304,-7445.272426806696,-37.22636213403348,-7.51488869259338,-0.27054812006127466,-0.24344747182966175,-55.110747378495816,0.13635976737861635,24.77619334299525,167,143,24,85.62874251497006,148.15808231241576,-1129.565758228424,522.4048584958982,-5443.4858735577045,0.781517352145419,10.011976047904191,38,71,53.52112676056338,11.698250118013952,-27.87945699229467,-0.4228570282315635,,-0.27054812006127466,1
30,0.18,0.060000000000000005,0.8,0.6,11,10,20000,16522.92312515085,-3477.07687484915,-17.38538437424575,-3.153459551824911,-0.27199545904574285,-0.21309194284204896,-38.83442428681759,0.08120268575464265,14.955442254976944,164,130,34,79.26829268292683,135.57574235880847,-616.8131682668279,606.7671899392875,-4137.693698286042,0.8404130539030461,14.713414634146341,41,71,57.74647887323944,6.124023761682973,-19.637043337444172,-0.1784889773984369,,-0.27199545904574285,1
35,0.14,0.12000000000000001,0.6000000000000001,0.2,13,10,20000,16915.806229548358,-3084.193770451642,-15.42096885225821,-2.7708685814587297,-0.27515391213951634,-0.23648602399926089,-35.72407838778924,0.0775630528905634,13.913570814887397,131,103,28,78.62595419847328,227.10620443442397,-888.3761723999065,1015.2373039781727,-2174.887772473667,0.940397120993136,14.49618320610687,43,71,60.56338028169014,6.532720536666248,-11.15405722109366,-0.15534048428770866,,-0.37546116581693234,4
30,0.13,0.11,0.4,0.30000000000000004,13,20,20000,19148.891602420277,-851.1083975797228,-4.255541987898614,-0.7269609227967155,-0.27951674770709234,-0.19300739607826084,-30.013721053904767,0.024220952859896668,8.476690024878513,107,93,14,86.91588785046729,131.62295088910497,-836.0673450190354,1024.9777827410212,-2182.5882591506006,1.0457919026340141,8.373831775700934,34,71,47.88732394366197,5.005667316930507,-10.24994885616236,-0.02418756522884738,,-0.27951674770709234,1
40,0.27,0.11,0.8,0.5,15,15,20000,16817.455903441096,-3182.544096558904,-15.912720482794521,-2.865942913343267,-0.27977741079703794,-0.22621120334675013,-35.13007570557377,0.0815808920357252,14.006372895799352,76,55,21,72.36842105263158,267.4478158676947,-843.5892366324848,605.2643312471221,-3423.411041851687,0.8303313211580617,21.289473684210527,37,71,52.112676056338024,8.620581068076728,-19.036031495740936,-0.13552223359241375,,-0.27977741079703794,1
40,0.13,0.12000000000000001,0.5,0.2,23,10,20000,18568.916320391283,-1431.083679608717,-7.155418398043585,-1.2379000647729121,-0.28153499681524274,-0.2354895098478105,-21.0795873602806,0.058725061530636814,9.809034459495859,113,84,29,74.33628318584071,193.36018477241066,-559.1737655341849,1001.2362723367993,-1873.41432688646,1.0016166907385338,13.371681415929203,39,71,54.929577464788736,6.0563841201472846,-11.7832967170594,-0.053430191457124715,,0.18618856691401542,5
45,0.12000000000000001,0.09,0.6000000000000001,0.30000000000000004,21,10,20000,18725.33539279752,-1274.6646072024814,-6.373323036012407,-1.098806538125141,-0.28821094162795896,-0.2117109278277376,-27.632181849617776,0.03976546420058901,9.267909872271183,101,82,19,81.1881188118812,144.47241420418945,-650.8375096731439,564.1624969655983,-1940.3260961656947,0.9580156570467476,17.900990099009903,41,71,57.74647887323944,4.55125891646071,-10.698164447312564,-0.06100697674862572,,-0.28821094162795896,1
40,0.18,0.15,0.4,0.7000000000000001,13,15,20000,13346.925556062699,-6653.074443937301,-33.265372219686505,-6.560543928034413,-0.296748896956831,-0.26542106318016606,-50.41388551779266,0.13013366973507703,21.619582791248675,123,102,21,82.92682926829268,150.5214517598878,-995.1125011164711,485.6914346863914,-5769.624982058927,0.7346950153294692,14.089430894308943,38,71,53.52112676056338,10.85683026219626,-16.259358524363364,-0.4352851433102775,,-0.296748896956831,1
30,0.15000000000000002,0.11,0.8,0.2,9,15,20000,16095.514720976567,-3904.4852790234327,-19.52242639511716,-3.57836764772711,-0.3111864313406925,-0.2518049507440973,-40.3440691099976,0.08869625019654649,14.651267447210362,151,117,34,77.48344370860927,191.47301561449845,-741.1537678211718,551.0592425398428,-1869.5189724599636,0.8890090891964079,14.496688741721854,37,71,52.112676056338024,8.519596019356257,-16.253125023883154,-0.19664532702497226,,-0.15346315637710284,4
40,0.23,0.060000000000000005,0.6000000000000001,0.7000000000000001,21,10,20000,17224.15449028347,-2775.8455097165315,-13.879227548582657,-2.4757438588729475,-0.3203655011708608,-0.2080629118661058,-27.672905824166673,0.08946454248801321,11.834001528022425,100,78,22,78.0,163.91111404259084,-703.1012568532076,391.0091830592314,-4142.937679908347,0.8265372855878018,15.12,27,71,38.028169014084504,7.217157503437721,-10.840771588007957,-0.15539266756442302,,-0.3203655011708608,1
35,0.32,0.14,0.9,0.6,5,25,20000,17474.645315070607,-2525.3546849293925,-12.626773424646961,-2.239214917839194,-0.32685968133362714,-0.17521659332643436,-26.379987783176933,0.08488309154059533,11.116939312363543,25,20,5,80.0,277.93584481801247,-1609.0143162579348,452.2659965150574,-5268.145778602611,0.6909468536349744,26.08,24,71,33.80281690140845,6.567630976285876,-19.89622215067246,-0.13911584489838194,,-0.32685968133362714,1
35,0.14,0.1,0.7,0.1,7,15,20000,18128.806175482583,-1871.193824517417,-9.355969122587085,-1.6345618935137196,-0.3330081427021302,-0.24311704797722888,-28.43155274571558,0.05749112291308239,9.566615171992636,133,101,32,75.93984962406014,148.59096855160269,-503.25255150716845,1183.9790046699486,-1445.7367376949474,0.9319182646693756,14.75187969924812,39,71,54.929577464788736,6.025252043429563,-10.371262474358556,-0.086682966863711,,-0.14327496874236492,3
30,0.28,0.08,0.30000000000000004,0.30000000000000004,9,20,20000,19094.469982751103,-905.5300172488969,-4.527650086244485,-0.7743528023440582,-0.3388310283944365,-0.2114677548141167,-23.313663398898658,0.0332145484428946,7.386674898909525,88,76,12,86.36363636363636,114.24327693623418,-788.4932553669031,288.59184171793237,-1978.1086923595662,0.9176245313510056,7.931818181818182,30,71,42.25352112676056,4.49628953033987,-9.699644776707261,-0.0384367047241661,,-0.3388310283944365,1
40,0.14,0.12000000000000001,0.5,0.2,15,15,20000,17582.662581092423,-2417.3374189075766,-12.086687094537883,-2.1380882252728717,-0.3407983107230903,-0.2632398049412195,-25.31706327203095,0.08445245810302678,10.56177895440958,97,80,17,82.4742268041237,156.0417947117774,-815.6400585794007,1015.2373039781727,-1697.6037952963331,0.900292132946949,15.515463917525773,38,71,53.52112676056338,4.745545474336321,-9.238679023767926,-0.13711148251206232,,-0.2732324916484698,7
40,0.15000000000000002,0.12000000000000001,0.4,0.2,13,10,20000,16429.531227055508,-3570.4687729444922,-17.85234386472246,-3.2455174004102028,-0.34180771433297785,-0.3027215352214447,-31.505593257161053,0.10301400687550977,13.007581814742982,184,158,26,85.86956521739131,130.24073634509028,-868.6000102041154,432.224466564745,-1726.760011780553,0.9111937911040833,11.858695652173912,36,71,50.70422535211267,6.182982278655902,-13.631228375766158,-0.23118221620544563,,-0.4893714098420351,4
30,0.16,0.1,0.8,0.4,17,20,20000,19334.271341379706,-665.7286586202936,-3.328643293101468,-0.5663637718580583,-0.3423329802345982,-0.21189237267811495,-27.353069791979063,0.02070567494490645,6.818180990982542,92,64,28,69.56521739130434,138.9804170942756,-329.0026911662131,385.65920859013204,-2005.6922924660134,0.9655529675483052,11.641304347826088,31,71,43.66197183098591,3.3461684838554273,-8.318461958008328,-0.025857009216726477,,-0.3423329802345982,1
40,0.13,0.11,0.5,0.1,17,10,20000,17900.180039875428,-2099.8199601245724,-10.499099800622862,-1.843790230927933,-0.34258050759338626,-0.28642320533495774,-22.36335098820441,0.08244695671504881,9.845719198675328,147,114,33,77.55102040816327,183.5537388093343,-648.2701147445132,1001.2362723367993,-1576.44822880776,0.9781335274394218,12.10204081632653,39,71,54.929577464788736,5.13916063594122,-7.485346987562391,-0.12673950492054822,,-0.11613461400569622,5
40,0.17,0.12000000000000001,0.6000000000000001,0.30000000000000004,23,15,20000,16711.496211992795,-3288.503788007205,-16.442518940036024,-2.968892363907849,-0.3538039178300453,-0.2865472676352271,-25.87653948123856,0.11473297525198085,12.092131086925379,137,106,31,77.37226277372264,125.25306064660197,-509.49768440474605,485.73723016910134,-2225.080495503108,0.8406017771906592,14.167883211678832,36,71,50.70422535211267,5.246694267420482,-10.878746616520674,-0.19968972371531615,,-0.3538039178300453,1
30,0.24000000000000002,0.08,0.2,0.5,19,20,20000,19538.9053535457,-461.09464645430126,-2.3054732322715066,-0.3905676248311063,-0.37614022628133087,-0.2225103343120889,-12.017909680131398,0.03249879847880801,5.893093791969967,115,96,19,83.47826086956522,72.26732574611772,-380.23989042535777,288.59184171793237,-1581.7184701895665,0.960288968583607,5.504347826086956,29,71,40.845070422535215,2.7885837330564156,-5.137420882602051,-0.022668775585512863,,-0.37614022628133087,1
30,0.14,0.12000000000000001,0.9,0.1,5,15,20000,16875.004374970442,-3124.995625029558,-15.62497812514779,-2.8102553666834784,-0.3814149521025107,-0.29455583520548584,-33.626330599397754,0.0835730606518753,11.087428455287164,131,96,35,73.2824427480916,179.02942949527062,-547.763453045017,512.2931256621902,-1637.0857469447153,0.8964675294472156,16.396946564885496,38,71,53.52112676056338,4.529180383113807,-13.567787402968401,-0.17754036839936221,,-0.2622398548651198,4
30,0.1,0.060000000000000005,0.4,0.5,23,10,20000,18158.399419898506,-1841.6005801014944,-9.208002900507473,-1.6076402412309898,-0.38810231495451625,-0.3105828070807062,-21.85081644914753,0.07357346326039496,8.409902513596377,331,234,97,70.69486404833837,84.54166535397377,-197.2933017828001,530.3972587194562,-1956.6563248608968,1.033719195122402,5.477341389728097,37,71,52.112676056338024,4.54203588925286,-8.88045217642912,-0.10569261854547743,,-0.38810231495451625,1
45,0.11,0.05,0.6000000000000001,0.7000000000000001,15,10,20000,17284.157892230676,-2715.842107769324,-13.57921053884662,-2.4188254770832973,-0.3941710607973659,-0.2413674800426711,-24.708844609550756,0.09789310327154448,9.993868215790048,64,51,13,79.6875,110.53961521566129,-628.0611720817545,732.7063065242719,-2499.93239535606,0.6904668411533561,18.625,29,71,40.845070422535215,4.441452987097283,-16.02644431871534,-0.17520213348169772,,-0.3941710607973659,1
35,0.13,0.060000000000000005,0.4,0.9,17,15,20000,17136.510220121803,-2863.4897798781967,-14.317448899390984,-2.5591792528486645,-0.39824996615125324,-0.23494169538136664,-25.641906735875082,0.0998045613069861,10.18553828639868,91,71,20,78.02197802197803,65.07122965575589,-361.8923542718497,198.82537737773174,-3770.257886843308,0.6383192751964206,10.67032967032967,28,71,39.436619718309856,2.1293763739966387,-10.343201358449928,-0.20015225470033002,,-0.39824996615125324,1
30,0.19,0.13,0.8,0.1,21,10,20000,13025.721367203962,-6974.278632796038,-34.871393163980194,-6.941655970878147,-0.4391752194178231,-0.40780320093537825,-46.63090050918255,0.14886386269789484,17.427588536836318,313,202,111,64.5367412140575,206.0494905878818,-417.39506730526307,697.9780096234674,-1852.3037156990392,0.8983645859939384,7.431309904153355,36,71,50.70422535211267,9.83636941015915,-16.075882444402435,-0.3887346984328885,,-0.4391752194178231,1
45,0.15000000000000002,0.12000000000000001,0.5,0.4,15,10,20000,14000.215103189794,-5999.784896810206,-29.99892448405103,-5.808385272348648,-0.4394504141675048,-0.37646784515034637,-40.626134331012125,0.14297164541975124,15.430719776553401,154,131,23,85.06493506493507,100.39443686628279,-792.3682568053882,336.50232978548695,-3443.358992979878,0.7216490409290345,16.4025974025974,37,71,52.112676056338024,12.549732746077002,-16.307368866812865,-0.37574868304083003,,-0.36298595835466224,3
30,0.15000000000000002,0.13,0.9,0.1,5,20,20000,17856.152741907514,-2143.8472580924863,-10.719236290462431,-1.884337158357119,-0.4405223562550535,-0.2985920722238032,-29.130591847331168,0.06468585218702841,8.107584724216624,81,60,21,74.07407407407408,171.16937779527424,-553.5052345623336,444.3560719950487,-1460.6496864749063,0.8835605060104983,16.82716049382716,32,71,45.07042253521127,4.3389153395777535,-8.367221427638839,-0.12534271719952728,,-0.4109686541787821,2
30,0.13,0.12000000000000001,0.9,0.2,7,20,20000,17248.472671926866,-2751.5273280731344,-13.757636640365673,-2.452656117965879,-0.44139177891864306,-0.2723151329678558,-29.87043041496149,0.0821098351745676,9.189843652791671,65,50,15,76.92307692307693,167.5232592196511,-694.2660192703826,830.9952726722945,-2240.414969608107,0.8043182995652708,18.43076923076923,30,71,42.25352112676056,4.966251354226503,-10.28850509096877,-0.16975420970532484,,0.35009074460276257,5
35,0.25,0.15,0.4,0.7000000000000001,7,25,20000,15089.18406970256,-4910.81593029744,-24.5540796514872,-4.617175021901476,-0.44717204692924334,-0.22853751012493512,-36.81952416621622,0.12540018173667677,13.089506500672579,44,38,6,86.36363636363636,96.89637880004116,-1417.1963874498394,209.91705291901923,-5573.310158056434,0.43302189531958196,12.204545454545455,22,71,30.985915492957744,6.926261168529435,-22.076673886736543,-0.34319565412035086,,-0.44717204692924334,1
40,0.13,0.12000000000000001,0.6000000000000001,0.5,21,10,20000,15698.430521758622,-4301.5694782413775,-21.507847391206887,-3.9816285297006204,-0.4513761407244729,-0.3732256231305145,-31.18693085646712,0.1276697777035333,11.862292114229923,109,80,29,73.39449541284404,172.05013497674193,-582.4717336683021,667.4908482245328,-2948.6507711394793,0.8148396472661897,15.862385321100918,42,71,59.154929577464785,4.804103185276509,-16.577858664092172,-0.2631272872666263,,-0.4513761407244729,1
45,0.2,0.05,0.6000000000000001,0.9,7,10,20000,16194.782873505605,-3805.2171264943954,-19.026085632471975,-3.4788503979172214,-0.455494016679509,-0.26550964253332154,-25.42599095858217,0.1368226081565166,10.856011965769744,52,46,6,88.46153846153845,127.3379798265538,-1596.797773720294,367.2855553342118,-3873.1710525541303,0.6113847735786739,18.192307692307693,23,71,32.3943661971831,3.4698119939242433,-18.68707425272649,-0.26717862508072154,,-0.455494016679509,1
30,0.32,0.13,0.9,0.9,15,25,20000,16330.402705190798,-3669.597294809202,-18.34798647404601,-3.34370760717021,-0.4642545778097438,-0.25361084293768693,-26.186022994377844,0.12769054727738177,10.445078219419011,42,29,13,69.04761904761905,220.33972748242965,-768.5037993692092,609.800414705929,-4510.143666907851,0.63958966082839,13.785714285714286,19,71,26.76056338028169,2.565910974346597,-16.831309303298514,-0.25148506649309976,,-0.4642545778097438,1
45,0.22,0.1,0.30000000000000004,0.8,9,15,20000,13236.55198377462,-6763.44801622538,-33.817240081126904,-6.690634016960639,-0.4648542557709601,-0.3422828623978492,-44.193947729766045,0.1513925403965277,16.301896008325862,82,73,9,89.02439024390245,120.27653447381755,-1703.2372258682326,314.295799485139,-5267.058972370831,0.5727777201905717,13.24390243902439,31,71,43.66197183098591,12.13551631892038,-22.808872284356863,-0.4584437956480872,,-0.4648542557709601,1
35,0.17,0.13,0.7,0.8,13,10,20000,10597.745775929285,-9402.254224070715,-47.01127112035358,-10.107278498083705,-0.4659198492128319,-0.44080281873409616,-60.287252311314774,0.16765200122060897,21.931986677269553,170,135,35,79.41176470588235,138.96615506365424,-786.0960035878525,659.1245736174062,-4967.598618225251,0.6818662223722614,17.86470588235294,39,71,54.929577464788736,8.190978691397044,-26.47164417741139,-0.7251364558485683,,-0.4659198492128319,1
30,0.17,0.14,0.9,0.5,15,20,20000,15107.511058692224,-4892.488941307776,-24.46244470653888,-4.597747976002353,-0.47901827863955443,-0.355301468691005,-39.65338231345602,0.11594844393493636,12.387834850356201,101,67,34,66.33663366336634,203.32261122623126,-517.7589380430965,534.4921982416217,-3134.081003508282,0.7738449618388645,13.148514851485148,32,71,45.07042253521127,4.204525106415269,-12.263724573253343,-0.3351436032060143,,-0.6484935555308278,2
40,0.15000000000000002,0.060000000000000005,0.9,0.4,7,10,20000,15012.72272026014,-4987.277279739859,-24.936386398699298,-4.698438349475942,-0.49333130784650925,-0.3091487080453514,-36.78685728734782,0.1277205691363009,12.260583626300196,66,55,11,83.33333333333334,120.12611231231911,-1055.8928367729059,286.8979159311687,-3719.4210377459685,0.5688366666046196,23.015151515151516,31,71,43.66197183098591,5.736295872788899,-17.695809180127466,-0.31745195871398885,,-0.49333130784650925,1
35,0.15000000000000002,0.09,0.4,0.4,23,10,20000,15254.227086901587,-4745.7729130984135,-23.728864565492067,-4.44292846473272,-0.4971491414000419,-0.41983444096682626,-33.18898044755825,0.13386757908255031,11.763172906129556,213,171,42,80.28169014084507,106.58613476321865,-516.0636128482192,297.31589216221755,-2666.7304671249394,0.8408998882870994,8.906103286384976,36,71,50.70422535211267,5.917316120419525,-14.797996272282433,-0.3199805109034994,,-0.4971491414000419,1
35,0.27,0.05,0.2,0.8,19,15,20000,16497.3058954987,-3502.694104501301,-17.513470522506505,-3.1786676659107393,-0.5017114758213321,-0.24943755864635403,-29.4521953882601,0.10792634043089988,9.503464958737545,83,75,8,90.36144578313254,81.88150957802327,-1189.3884153566455,190.68437431480567,-5043.452833163253,0.6454066160244102,6.975903614457831,25,71,35.2112676056338,2.7979477284499454,-12.933954335014386,-0.2350586852503366,,-0.5017114758213321,1
35,0.16,0.15,0.7,0.8,9,25,20000,13619.99751999243,-6380.00248000757,-31.90001240003785,-6.242498220021497,-0.504817020131255,-0.2087332322043842,-36.00814094020926,0.17336352438708322,14.515720495649035,20,14,6,70.0,39.65469965461809,-1119.4613791953736,97.42180473268485,-5587.820134347486,0.08265370672630759,19.6,11,71,15.492957746478872,5.792132160659702,-26.15227688583336,-0.47440531460245755,,-0.504817020131255,1
45,0.16,0.13,0.4,0.30000000000000004,13,10,20000,14104.255165814817,-5895.744834185183,-29.47872417092592,-5.691308754555557,-0.5052272836484196,-0.4561685665223981,-42.352142543218854,0.13438065733623225,13.690011532934946,158,139,19,87.9746835443038,116.98562180617145,-1097.894110281255,420.6289713298156,-1976.6676923049747,0.7795307148179746,13.49367088607595,38,71,53.52112676056338,7.788852706670779,-11.491017540366567,-0.4025034021526907,,-0.480732854825936,4
40,0.14,0.13,0.5,0.30000000000000004,21,10,20000,14528.216497499046,-5471.783502500954,-27.358917512504767,-5.2215326734542655,-0.5142952060694713,-0.471722278097565,-47.06744178954443,0.11093725248127205,12.732556528635403,113,86,27,76.10619469026548,214.84756847447593,-834.8533343022323,1184.4435213078682,-2189.715235065971,0.8197000168298072,13.849557522123893,41,71,57.74647887323944,7.746623873113867,-11.569466499109138,-0.3892133615259103,,-0.4560400693062195,3
40,0.24000000000000002,0.14,0.4,0.6,23,20,20000,15408.32132933275,-4591.67867066725,-22.958393353336252,-4.281651816119336,-0.5149487558009309,-0.3701139536526729,-35.603866230391226,0.12025805816741739,11.166799997797465,98,77,21,78.57142857142857,138.3155368009528,-712.0654763971779,366.710191454939,-3009.894808542537,0.7122336148583011,10.653061224489797,28,71,39.436619718309856,4.837447067674394,-10.468760441357173,-0.31919511503133885,,-0.5149487558009309,1
35,0.25,0.05,0.9,0.9,19,15,20000,16714.68457306615,-3285.3154269338484,-16.426577134669245,-2.9657866654618004,-0.5344513525483137,-0.27239287762908326,-28.318261249579447,0.10473053551286964,8.659858495864396,43,32,11,74.4186046511628,156.88269211717028,-749.2601431530339,289.8084616630096,-4161.544266695893,0.6091155623348735,17.72093023255814,25,71,35.2112676056338,2.193416754472266,-11.345803553689237,-0.22408371357436477,,-0.5344513525483137,1
40,0.29000000000000004,0.15,0.7,0.1,9,15,20000,13066.231970833227,-6933.768029166773,-34.66884014583386,-6.89316157774863,-0.5656065418400442,-0.4799310233084318,-41.14006698467915,0.1675534845462379,14.330440340645529,157,96,61,61.146496815286625,250.08710390436997,-500.47098367190864,783.4973415384342,-1358.588289274611,0.7864186283440063,14.178343949044587,32,71,45.07042253521127,8.898625740486343,-14.404683343950653,-0.4860063531742513,,-0.5656065418400442,1
30,0.27,0.060000000000000005,0.7,0.9,11,20,20000,16323.560511047926,-3676.4394889520736,-18.38219744476037,-3.3505033192168687,-0.5666258044446885,-0.24085318253596008,-27.271049247929852,0.1228593476091209,8.839327324668213,35,27,8,77.14285714285715,134.92926364346843,-909.2537009157213,268.73836456461316,-4213.6355271332895,0.5008352062115122,12.742857142857142,23,71,32.3943661971831,2.550643102056682,-18.79021161229182,-0.2484334366561325,,-0.5666258044446885,1
40,0.15000000000000002,0.14,0.5,0.4,19,10,20000,12406.667329286078,-7593.332670713922,-37.966663353569615,-7.698785841879263,-0.5722900050339443,-0.48653462932316877,-48.49067185534594,0.15876838879126598,15.396855012470912,101,78,23,77.22772277227723,183.75214072852364,-907.5131008599204,464.821098967784,-3690.170255799015,0.6866671491403421,14.564356435643564,38,71,53.52112676056338,10.286132227073486,-17.424213729508597,-0.5713391945239205,,-0.5432926055517078,2
30,0.17,0.15,0.9,0.2,13,20,20000,14523.65642205197,-5476.34357794803,-27.38171788974015,-5.226524468482774,-0.578105153402431,-0.4097129129383184,-42.99805963435773,0.12155256569546463,11.576906904662167,76,54,22,71.05263157894737,242.41911721837147,-803.4170867154597,622.4164709251404,-2106.5368324697106,0.7406224638510984,15.855263157894736,31,71,43.66197183098591,5.552946713103024,-13.317789472942355,-0.37305748877802336,,-0.578105153402431,1
40,0.14,0.13,0.5,0.1,21,10,20000,14926.722959317942,-5073.277040682058,-25.366385203410292,-4.790251739020535,-0.6092826787151057,-0.5014373156963738,-36.55411961688252,0.13104546872490283,10.437735880605075,122,85,37,69.67213114754098,185.83947445717772,-527.0891352539591,1015.2373039781727,-1325.2586762203682,0.809974051534802,12.163934426229508,36,71,50.70422535211267,4.766152196229156,-11.792385163520969,-0.38478634308049714,,0.0056181064581187394,3
30,0.14,0.12000000000000001,0.9,0.1,13,15,20000,14136.22087236893,-5863.779127631071,-29.318895638155357,-5.655482015461999,-0.6132175447339752,-0.4845209190579636,-41.25547309253484,0.13708440581391262,11.640315381924674,135,89,46,65.92592592592592,186.87274207462576,-462.86202548419215,1015.5091694916299,-1637.0857469447153,0.7811358709477934,14.637037037037038,35,71,49.29577464788733,4.666511556891684,-13.890155854405373,-0.4206531226481893,,-0.5490067942626827,3
45,0.17,0.060000000000000005,0.7,0.4,7,15,20000,17683.83924624214,-2316.16075375786,-11.5808037687893,-2.043833631156222,-0.6258581288641979,-0.37545190994535266,-16.767610916663404,0.12189176152251306,6.1900404408289695,44,39,5,88.63636363636364,71.94101209239774,-1011.6320450722858,184.87704839294767,-2357.8570855174285,0.5546877415104089,18.84090909090909,30,71,42.25352112676056,2.987832261580925,-10.795106978148983,-0.15626213439602996,,-0.6258581288641979,1
35,0.17,0.05,0.30000000000000004,0.5,17,15,20000,16677.304696698735,-3322.695303301265,-16.613476516506324,-3.0022284536278754,-0.6266632573296756,-0.3373860962906174,-25.511597501750984,0.11768092740651846,7.5893456799208305,83,71,12,85.54216867469879,53.03008659411181,-579.2776209569446,162.51080133482134,-3380.587153084244,0.5416424428126645,8.590361445783133,28,71,39.436619718309856,2.080503735254946,-10.254572088506265,-0.2358689639398618,,-0.6266632573296756,1
40,0.16,0.14,0.5,0.2,11,10,20000,11829.515111956109,-8170.484888043891,-40.85242444021945,-8.4335398259472,-0.6364460071548416,-0.5854908521431793,-48.85506689484195,0.1726236470845484,15.164060145433513,151,123,28,81.45695364238411,157.28655015912423,-936.8337328866321,464.821098967784,-2134.297885475041,0.7375239822042986,14.258278145695364,36,71,50.70422535211267,6.767730934997029,-10.722087983556305,-0.6482564131395794,,-0.7166926768128355,3
45,0.26,0.15,0.8,0.30000000000000004,9,25,20000,17130.88913639012,-2869.1108636098797,-14.3455543180494,-2.5645425084797058,-0.6520161904136311,-0.33866755470561466,-20.10067877036577,0.12758487102736973,6.705633985163746,26,20,6,76.92307692307693,103.04451720653483,-814.300201290102,318.2511121783998,-2693.636675335721,0.42181215659483084,21.384615384615383,19,71,26.76056338028169,2.5397445611193614,-7.588307732781063,-0.205633609802881,,-0.6520161904136311,1
30,0.15000000000000002,0.12000000000000001,0.7,0.1,13,15,20000,12912.620572253192,-7087.379427746808,-35.43689713873404,-7.0777140839846435,-0.6533370520718288,-0.5222999608613754,-46.28824339290167,0.152905220963084,12.991843284088777,175,119,56,68.0,152.88078909698578,-428.31059518371694,406.6886393997934,-1627.4316480378804,0.758495541516423,10.92,32,71,45.07042253521127,7.437564964745391,-13.744366977142263,-0.5296376026918449,,-0.46424548210567257,2
30,0.19,0.13,0.30000000000000004,0.1,9,10,20000,9715.01536907884,-10284.98463092116,-51.42492315460581,-11.409405268377782,-0.6567138788170082,-0.6130145024520208,-61.16074349270247,0.1865478510695201,18.77113662828414,395,304,91,76.9620253164557,126.25506315498306,-507.7671244277656,466.60364847907897,-1632.749839111268,0.8306468373854526,5.746835443037975,33,71,46.478873239436616,10.875177561308135,-16.360071648396833,-0.7508035967787614,,-0.6567138788170082,1
45,0.17,0.12000000000000001,0.5,0.1,15,10,20000,14190.950390234582,-5809.049609765418,-29.045248048827087,-5.5942981356045145,-0.6652447506529721,-0.5314729947962051,-37.79749956558772,0.14800709570475862,10.778979254591208,176,128,48,72.72727272727273,128.10193149107238,-442.33980460111223,360.0223229357639,-1676.9483385875324,0.772268620389947,12.647727272727273,33,71,46.478873239436616,5.634838271359954,-14.199184166285683,-0.41886930148793466,,-0.6652447506529721,1
45,0.18,0.060000000000000005,0.4,0.7000000000000001,19,15,20000,16628.77968411536,-3371.2203158846387,-16.856101579423193,-3.0496372131318505,-0.6684398488526784,-0.3146926193423889,-24.877195538484827,0.12258766099314071,7.228190676137948,50,44,6,88.0,59.00240943064545,-981.9877218055208,191.3380012506878,-3671.8953748247213,0.4406209224583613,11.88,24,71,33.80281690140845,2.4491029770547845,-15.287614259760684,-0.23637358352804858,,-0.6684398488526784,1
45,0.16,0.11,0.4,0.8,21,15,20000,12260.652108591163,-7739.347891408837,-38.69673945704419,-7.881940520184461,-0.6719503468917749,-0.46695143357288194,-46.493474644195636,0.1695278870960543,13.755928774734501,97,79,18,81.44329896907216,79.94160673036845,-755.829712394888,221.9356179590161,-4481.397191439933,0.4641982496654392,12.97938144329897,33,71,46.478873239436616,3.29084516996756,-15.00998766275643,-0.6278199315153616,,-0.6719503468917749,1
35,0.13,0.09,0.2,0.2,17,15,20000,13735.618922272382,-6264.381077727618,-31.32190538863809,-6.109431653761888,-0.7032536709407567,-0.5310329871394691,-41.841789443919694,0.14601267620139247,10.951239499463055,171,148,23,86.54970760233918,64.0409985904486,-637.8803856136514,291.36930661574564,-1759.7182122629838,0.646030060286121,7.298245614035087,37,71,52.112676056338024,4.987968810371357,-14.469623235020734,-0.4612655743495931,,-0.7032536709407567,1
40,0.27,0.09,0.8,0.1,23,15,20000,15927.127855235345,-4072.872144764655,-20.364360723823275,-3.748351253251747,-0.7171521234259925,-0.47548854652280226,-25.820240208651075,0.1451710450004203,7.700930488424773,82,49,33,59.756097560975604,213.2810612727223,-435.14679233721637,605.2643312471221,-1063.4195067071728,0.7277775368093717,13.695121951219512,25,71,35.2112676056338,4.336910057936971,-8.333420454526575,-0.2844372182855115,,-0.7171521234259925,1
40,0.22,0.08,0.30000000000000004,0.2,9,15,20000,14633.171121931598,-5366.8288780684015,-26.834144390342008,-5.107000414423634,-0.7394760372270289,-0.5013970080351396,-33.390804480754454,0.1529463124306325,9.21813941925335,97,83,14,85.56701030927834,96.52308502746715,-940.5460668105891,398.42260926087715,-1394.9469058246373,0.6084167743446139,9.103092783505154,27,71,38.028169014084504,4.9591948672609965,-13.10198659287739,-0.3940545324800235,,-0.7394760372270289,1
35,0.17,0.1,0.6000000000000001,0.6,21,20,20000,18145.666158132768,-1854.333841867232,-9.27166920933616,-1.6192195023093325,-0.7418424647973485,-0.413129831245886,-15.960295402857302,0.10145297824622035,4.7457213319723515,52,37,15,71.15384615384616,84.44576720779905,-323.9484819037229,189.81506127049724,-1121.1980629897735,0.6430021153007822,12.711538461538462,23,71,32.3943661971831,1.8005747980815334,-6.16994698796579,-0.12818919938810427,,-0.7418424647973485,1
40,0.16,0.14,0.5,0.2,21,15,20000,12544.86264410842,-7455.13735589158,-37.2756867794579,-7.527085078250195,-0.7694632837768179,-0.6379686131264428,-45.41479494132178,0.16574081393465656,11.853077463483139,131,98,33,74.80916030534351,128.10695446258762,-570.3460270674318,353.70217476900723,-1920.157065757436,0.6670316201215074,12.885496183206106,33,71,46.478873239436616,6.265522353191777,-10.511159530543656,-0.5903782377138594,,-0.7694632837768179,1
35,0.15000000000000002,0.11,0.4,0.1,11,10,20000,11879.173935449759,-8120.826064550241,-40.60413032275121,-8.369161574602257,-0.7696523306636526,-0.6254982489576785,-48.58200675049433,0.1722687499835955,12.866408659013489,260,207,53,79.61538461538461,99.33606390933248,-509.7507791279651,329.38990263335046,-2007.5887130526155,0.7611031600915631,8.657692307692308,32,71,45.07042253521127,6.593526464552357,-15.212282566838663,-0.6838588678661591,,-0.5557300224983153,2
40,0.17,0.09,0.9,0.7000000000000001,11,20,20000,20110.255552086932,110.25555208693186,0.5512777604346593,0.09227988467672699,-0.7948229915855783,-0.37224728323646783,-4.322174359092221,0.021350338281148927,2.364873481202485,23,18,5,78.26086956521739,71.57930351248292,-227.5743822275595,178.04481680980814,-638.164855839693,1.1323132688426674,19.52173913043478,20,71,28.169014084507044,1.3190909971244391,-3.6649995414839265,0.009295361420581964,,-0.7948229915855783,1
30,0.13,0.12000000000000001,0.5,0.1,11,20,20000,16016.619611459617,-3983.380388540383,-19.916901942701916,-3.657825690439076,-0.7962035666642915,-0.4779936258794057,-32.03622814432833,0.11417778878212463,6.893071750471472,78,55,23,70.51282051282051,128.2556816120481,-435.80186422622063,539.1772178837574,-1065.3510113823943,0.7037564412828778,9.58974358974359,26,71,36.61971830985916,3.5519841672989605,-9.279406543971069,-0.2834554505635826,,-0.7962035666642915,1
30,0.16,0.15,0.9,0.4,13,25,20000,12857.092436764355,-7142.907563235645,-35.71453781617823,-7.144876710633252,-0.8179688324221012,-0.34697482562103676,-38.89905184385216,0.18367740014111605,10.747997389115408,33,23,10,69.6969696969697,104.9374033787635,-916.7767840947193,292.3660356664079,-5120.89096259018,0.2632658592129223,15.636363636363637,18,71,25.352112676056336,3.4368016446086447,-22.23810135287415,-0.5640920064729168,,-0.6484935555308278,2
30,0.13,0.12000000000000001,0.9,0.1,13,20,20000,15771.165087065656,-4228.834912934344,-21.144174564671722,-3.9071323814956815,-0.8355828254752333,-0.5427567213437798,-33.94063327455904,0.11511666119749038,6.87999430628057,72,44,28,61.111111111111114,154.89081747081698,-366.2011029160822,830.9952726722945,-1033.282084646632,0.6646617229914419,15.722222222222221,28,71,39.436619718309856,4.937741015803754,-9.091006533701407,-0.30336705033963973,,-0.2178059551456042,5
40,0.24000000000000002,0.14,0.7,0.8,19,25,20000,13273.309318382191,-6726.690681617809,-33.63345340808904,-6.6472106283710914,-0.8491477816235031,-0.3769327685004345,-36.96173854816158,0.1798403129687663,9.861522776353995,28,17,11,60.71428571428571,85.29178495785007,-738.9591841728441,287.99464972323534,-5387.988585225893,0.17837869746566315,16.25,17,71,23.943661971830984,1.428299862948701,-21.408311327573536,-0.5317655151500931,,-0.8491477816235031,1
45,0.25,0.060000000000000005,0.7,0.7000000000000001,19,20,20000,20022.72763021498,22.72763021498031,0.11363815107490155,0.019056779098258758,-0.8492945875443685,-0.392145283475821,-6.768666509645491,0.0028154406885170734,2.3014108002636657,16,12,4,75.0,48.594239746857625,-134.9008116868333,97.4138062018426,-196.92069177533747,1.0806659902017601,16.0,12,71,16.901408450704224,1.653023134324405,-3.013147254697446,0.002687865738495881,,-0.8492945875443685,1
30,0.15000000000000002,0.14,0.8,0.1,15,20,20000,14709.002317811073,-5290.997682188927,-26.454988410944637,-5.024673906610133,-0.8547490898006758,-0.5077808353148744,-39.46289131032674,0.12732655261109224,7.995914786882165,64,43,21,67.1875,169.9798647102535,-561.0681840347547,446.5219901646586,-1460.6496864749063,0.6203417313551752,11.578125,26,71,36.61971830985916,4.112336397272776,-7.4069350466556605,-0.3980745822327537,,0.44707476308126526,2
40,0.13,0.1,0.2,0.2,23,15,20000,13554.883693735559,-6445.116306264441,-32.225581531322206,-6.317850855178497,-0.8717590434086279,-0.6229062327331047,-33.74714456007093,0.18721142003385005,9.285203446424518,155,130,25,83.87096774193549,58.475236961233406,-517.1038844489888,667.4908482245328,-1496.144233799327,0.5880273603483436,7.703225806451613,34,71,47.88732394366197,4.313009789820255,-13.333747611465974,-0.5052249699114642,,-0.46696310991770756,2
30,0.15000000000000002,0.13,0.9,0.4,19,20,20000,13266.736217995938,-6733.263782004062,-33.66631891002031,-6.654968426371777,-0.8898027311100536,-0.6015150554066699,-41.74312495678906,0.1594266944140084,9.480734820330483,101,60,41,59.4059405940594,115.52631479842901,-310.64982121731293,380.7194171286924,-2952.2302461764325,0.5442233928947002,12.138613861386139,27,71,38.028169014084504,3.725025576220964,-9.394894919289044,-0.5404048223132399,,-0.9349367183847523,2
40,0.22,0.07,0.9,0.4,15,20,20000,19792.44437167488,-207.55562832512078,-1.037778141625604,-0.17487125793208547,-0.9109764767716751,-0.5069912049358309,-6.4431349704159855,0.027140710032463485,2.3573098287874537,24,19,5,79.16666666666666,58.02955937657591,-255.78345129601993,135.72983887491108,-717.5313650041905,0.8621055213450383,19.041666666666668,15,71,21.12676056338028,0.9669708214716133,-2.6755472650727863,-0.013774155923975809,,-0.9109764767716751,1
30,0.22,0.07,0.9,0.1,23,20,20000,18272.859060479354,-1727.1409395206465,-8.635704697603233,-1.5038562044313308,-0.9171965580652341,-0.557118213302202,-15.32055886829132,0.09815935680674381,3.756506071234521,107,70,37,65.42056074766354,76.97908069703674,-188.1345023868478,262.6966265702658,-771.1419318374778,0.7741062738006138,6.196261682242991,26,71,36.61971830985916,1.7132299326598543,-6.2212872857349115,-0.1180112105682932,,-0.9171965580652341,1
45,0.24000000000000002,0.07,0.30000000000000004,0.6,15,20,20000,19899.319018745642,-100.6809812543579,-0.5034049062717895,-0.08463687704016731,-0.9308471779560027,-0.3839135141696729,-5.963584968636101,0.014192281569775998,2.2133960369906536,22,19,3,86.36363636363636,35.078656881513744,-246.19182066771666,84.95824347916194,-725.0218015682316,0.9024053939472994,9.636363636363637,12,71,16.901408450704224,1.2412932240753793,-2.2057986697191168,-0.006411574368162641,,-0.9308471779560027,1
40,0.15000000000000002,0.14,0.4,0.1,15,10,20000,12276.798440845489,-7723.201559154511,-38.61600779577255,-7.861598323809405,-0.9381775941219161,-0.7950316787051603,-44.77105386968729,0.17559556106701749,10.294106210712771,125,90,35,72.0,167.6891466804143,-608.0293266466085,386.924029039989,-1229.7150925056558,0.7091774096993699,10.488,33,71,46.478873239436616,4.758050292472826,-9.010553743782147,-0.6760264042756574,,-0.586814512645439,2
30,0.17,0.13,0.7,0.2,7,25,20000,14981.76811513816,-5018.23188486184,-25.0911594243092,-4.731434961838943,-0.9451360464535186,-0.45594225664601346,-30.036689069010926,0.15752185438841856,6.985566994628901,48,37,11,77.08333333333334,80.62615051676023,-709.1999503619973,170.39998804049267,-1825.8478654876665,0.3823985768749226,13.145833333333334,23,71,32.3943661971831,3.164645359264817,-11.391708908135634,-0.38173651300198,,-0.9451360464535186,1
40,0.28,0.14,0.4,0.1,9,15,20000,9664.105722961212,-10335.894277038788,-51.67947138519394,-11.487464418446747,-0.9688637731554154,-0.7783256508126778,-55.952298317312476,0.20530817792863307,13.685172803998416,177,115,62,64.97175141242938,183.66541817809946,-498.5922156051662,496.48041249376854,-1196.3460013939766,0.683263229154795,7.598870056497175,29,71,40.845070422535215,7.838873170533089,-14.971404634092188,-0.9090608751619181,,-0.9688637731554154,1
30,0.15000000000000002,0.14,0.7,0.5,23,15,20000,11034.498706501834,-8965.501293498166,-44.82750646749083,-9.496124646100935,-0.9761400994605043,-0.738846510364749,-54.74705565912864,0.17345452703843317,11.58041278140299,163,103,60,63.190184049079754,132.8909293100575,-346.9827835405695,475.8574667382595,-1231.301621230057,0.6574661322418579,6.47239263803681,36,71,50.70422535211267,5.777431996873039,-9.692153496246114,-0.7743454385383742,,-0.9761400994605043,1
30,0.16,0.12000000000000001,0.9,0.30000000000000004,17,25,20000,15477.655530745944,-4522.344469254056,-22.61172234627028,-4.209523418484473,-0.9800707056594512,-0.5069453147142401,-26.021339951595014,0.1617719697108236,6.231683199025779,50,30,20,60.0,60.54983839864,-307.1919810606632,217.18348128910952,-2430.9825148176324,0.2956612255448955,11.3,17,71,23.943661971830984,1.5456727799749714,-6.635354184486886,-0.34916600562494854,,-0.9349367183847523,2
45,0.22,0.11,0.30000000000000004,0.4,5,20,20000,15742.165697211978,-4257.834302788022,-21.289171513940108,-3.936799774354105,-0.9944084740739991,-0.4865346529810621,-29.094523926935707,0.13531067854007456,5.877649240881365,34,31,3,91.17647058823529,71.11110642432838,-2135.0262006474136,265.3147504053783,-2621.3928525738756,0.3441713109478026,11.676470588235293,19,71,26.76056338028169,3.690840973682308,-12.789762808359551,-0.31224794433737374,,-0.9944084740739991,1
40,0.17,0.15,0.5,0.1,13,15,20000,10911.890523199494,-9088.109476800506,-45.44054738400253,-9.665629315194824,-1.0084047396352454,-0.8026400007608323,-52.05189555925202,0.18569216762129612,11.414293159359861,117,81,36,69.23076923076923,151.64750723349937,-561.1543767420558,398.66524311830267,-1465.2605922262846,0.6080446048667552,11.914529914529915,29,71,40.845070422535215,6.8140942785711145,-12.07791847002786,-0.7881083056394935,,-0.8224253733950435,2
40,0.16,0.13,0.30000000000000004,0.1,19,10,20000,10125.828068160183,-9874.171931839817,-49.370859659199084,-10.791668004954724,-1.045165084732665,-0.886796669970261,-56.28359270693677,0.19173736938126704,12.130146583733078,213,166,47,77.93427230046949,106.34918520354478,-545.7369505452818,297.31589216221755,-1829.3981875500351,0.6882734818837751,7.877934272300469,30,71,42.25352112676056,6.858390659022051,-13.708477913416338,-0.9154025579014788,,-1.0610848259517023,2
30,0.14,0.12000000000000001,0.6000000000000001,0.9,23,20,20000,13288.162859238611,-6711.837140761389,-33.559185703806946,-6.629691739874866,-1.0522319027746325,-0.7637448054203866,-39.40924070968597,0.168226832602878,8.109228711973717,148,88,60,59.45945945945946,98.75940514824309,-230.4727465634485,463.4922658685959,-1340.7411805521328,0.628478332950662,6.263513513513513,26,71,36.61971830985916,4.196331783365581,-8.961309722279953,-0.5439085201534599,,-1.0522319027746325,1
40,0.16,0.12000000000000001,0.4,0.1,21,15,20000,11845.544748063649,-8154.4552519363515,-40.77227625968175,-8.41273428518029,-1.0770045671707393,-0.7699021718653393,-43.437801086036906,0.19367311592309322,9.587316134695401,181,137,44,75.69060773480662,79.79614871736688,-410.857446050356,262.6919636754063,-1479.781630561546,0.6047260253233359,9.486187845303867,27,71,38.028169014084504,4.568515622802538,-12.357190349041613,-0.6903242309727692,,-1.0610848259517023,2
35,0.17,0.15,0.7,0.2,19,20,20000,12170.220194608732,-7829.779805391268,-39.14889902695634,-7.996286377060358,-1.1045984087569547,-0.7489536274308789,-43.428925428769446,0.18412351441150845,8.989470577150236,83,54,29,65.06024096385542,115.64394919325021,-458.6121745457541,364.09797415639525,-1802.354395978531,0.46954054164805087,14.46987951807229,26,71,36.61971830985916,3.391020056430105,-8.980636742134063,-0.6586474912442303,,-1.1045984087569547,1
40,0.25,0.15,0.8,0.2,17,25,20000,14527.536462287433,-5472.463537712567,-27.362317688562836,-5.222277007435194,-1.1942280179694789,-0.6527422687297783,-29.90128218462504,0.17465060445202046,6.015686969024302,35,22,13,62.857142857142854,116.96311219481142,-613.0963081537285,321.9183816754239,-1407.872407274485,0.3228490725700079,15.885714285714286,19,71,26.76056338028169,3.6382702355137297,-7.225241675602856,-0.4316963080708673,,-1.1942280179694789,1
35,0.27,0.060000000000000005,0.7,0.4,19,20,20000,19064.950138126216,-935.0498618737838,-4.675249309368919,-0.8001065576743738,-1.3104271879106688,-0.41913283359032844,-10.138164584063023,0.07892025731483232,2.1223642253965327,18,14,4,77.77777777777779,87.07534032996251,-532.67615662332,157.84905084779072,-1594.3059062260274,0.5721369116402583,12.38888888888889,14,71,19.718309859154928,1.0952259342716042,-7.848883524150462,-0.06229422651290794,,-1.3104271879106688,1
45,0.32,0.08,0.2,0.1,9,20,20000,19053.678033421867,-946.3219665781326,-4.731609832890663,-0.8099493433144533,-1.450887009127148,-0.4183291215551699,-8.85067480468877,0.0915127220452582,1.9265238825471327,23,20,3,86.95652173913044,45.13132949388357,-606.3495188186101,90.07939058649903,-650.4391032820512,0.49620807903903186,4.826086956521739,7,71,9.859154929577464,1.0377904640852087,-6.383645956952999,-0.06466721418637891,,-1.450887009127148,1
35,0.15000000000000002,0.05,0.8,0.8,19,20,20000,17312.5085817945,-2687.4914182055,-13.437457091027499,-2.391989598093325,-2.1518496515258936,-0.8243596279337267,-14.58059323762061,0.16405296815506465,2.0454252134754918,30,20,10,66.66666666666666,15.324705328674971,-295.10855247790465,53.663441197626,-1772.7102777658438,0.10385809018410175,12.2,17,71,23.943661971830984,0.6961194541425408,-8.897095678448752,-0.19642099673725497,,-2.1518496515258936,1
45,0.26,0.05,0.9,0.5,5,20,20000,20461.207188351163,461.2071883511635,2.3060359417558174,0.38323706785166056,,,-7.824005626864006,,3.061763311721851,8,6,2,75.0,99.74665738153381,-63.43637796902476,133.93362392523645,-90.27514318114447,4.717166738156406,31.75,9,71,12.676056338028168,3.547617749606613,-3.2351622446136985,0.033955573956904135,True,,0
45,0.17,0.14,0.30000000000000004,0.2,13,25,20000,20125.434510287538,125.4345102875377,0.6271725514376886,0.10495112726254252,,,-0.038999999999996364,,0.20639557221501229,2,2,0,100.0,70.51725514376673,0.0,78.00237556838842,0.0,inf,1.0,2,71,2.8169014084507045,0.35004519068546625,0.0,0.008819800905368914,True,,0
45,0.15000000000000002,0.08,0.9,0.2,9,20,20000,20026.460176691762,26.46017669176217,0.13230088345881086,0.022184742490405363,,,-0.006499999999996362,,0.04276101516454891,2,2,0,100.0,14.530088345879278,0.0,16.807853285913644,0.0,inf,1.0,1,71,1.4084507042253522,0.13230088345881352,0.0,0.0018633927247720214,True,,0
40,0.11,0.11,0.30000000000000004,0.1,23,25,20000,20000.0,0.0,0.0,0.0,,,0.0,,0.0,0,0,0,0.0,0.0,0.0,0.0,0.0,0.0,,0,71,0.0,0.0,0.0,0.0,True,,0
30,0.14,0.05,0.4,0.4,9,25,20000,20000.0,0.0,0.0,0.0,,,0.0,,0.0,0,0,0,0.0,0.0,0.0,0.0,0.0,0.0,,0,71,0.0,0.0,0.0,0.0,True,,0
35,0.16,0.1,0.30000000000000004,0.8,5,25,20000,20000.0,0.0,0.0,0.0,,,0.0,,0.0,0,0,0,0.0,0.0,0.0,0.0,0.0,0.0,,0,71,0.0,0.0,0.0,0.0,True,,0
45,0.14,0.05,0.8,0.7000000000000001,19,25,20000,20000.0,0.0,0.0,0.0,,,0.0,,0.0,0,0,0,0.0,0.0,0.0,0.0,0.0,0.0,,0,71,0.0,0.0,0.0,0.0,True,,0
30,0.12000000000000001,0.05,0.7,0.30000000000000004,15,25,20000,20000.0,0.0,0.0,0.0,,,0.0,,0.0,0,0,0,0.0,0.0,0.0,0.0,0.0,0.0,,0,71,0.0,0.0,0.0,0.0,True,,0
40,0.1,0.1,0.6000000000000001,0.7000000000000001,13,20,20000,20000.0,0.0,0.0,0.0,,,0.0,,0.0,0,0,0,0.0,0.0,0.0,0.0,0.0,0.0,,0,71,0.0,0.0,0.0,0.0,True,,0
30,0.14,0.14,0.9,0.6,9,15,20000,20000.0,0.0,0.0,0.0,,,0.0,,0.0,0,0,0,0.0,0.0,0.0,0.0,0.0,0.0,,0,71,0.0,0.0,0.0,0.0,True,,0
30,0.14,0.14,0.4,0.6,9,10,20000,20000.0,0.0,0.0,0.0,,,0.0,,0.0,0,0,0,0.0,0.0,0.0,0.0,0.0,0.0,,0,71,0.0,0.0,0.0,0.0,True,,0
35,0.12000000000000001,0.12000000000000001,0.9,0.30000000000000004,7,10,20000,20000.0,0.0,0.0,0.0,,,0.0,,0.0,0,0,0,0.0,0.0,0.0,0.0,0.0,0.0,,0,71,0.0,0.0,0.0,0.0,True,2.5967725639908754,1
30,0.14,0.14,0.8,0.30000000000000004,7,10,20000,20000.0,0.0,0.0,0.0,,,0.0,,0.0,0,0,0,0.0,0.0,0.0,0.0,0.0,0.0,,0,71,0.0,0.0,0.0,0.0,True,,0
30,0.13,0.13,0.9,0.1,9,20,20000,20000.0,0.0,0.0,0.0,,,0.0,,0.0,0,0,0,0.0,0.0,0.0,0.0,0.0,0.0,,0,71,0.0,0.0,0.0,0.0,True,0.9239023897929606,5
30,0.1,0.1,0.8,0.30000000000000004,5,15,20000,20000.0,0.0,0.0,0.0,,,0.0,,0.0,0,0,0,0.0,0.0,0.0,0.0,0.0,0.0,,0,71,0.0,0.0,0.0,0.0,True,2.1398270502365144,4
35,0.16,0.07,0.4,0.1,19,25,20000,20000.0,0.0,0.0,0.0,,,0.0,,0.0,0,0,0,0.0,0.0,0.0,0.0,0.0,0.0,,0,71,0.0,0.0,0.0,0.0,True,,0
45,0.16,0.11,0.7,0.8,21,25,20000,20000.0,0.0,0.0,0.0,,,0.0,,0.0,0,0,0,0.0,0.0,0.0,0.0,0.0,0.0,,0,71,0.0,0.0,0.0,0.0,True,,0
35,0.1,0.1,0.9,0.30000000000000004,13,15,20000,20000.0,0.0,0.0,0.0,,,0.0,,0.0,0,0,0,0.0,0.0,0.0,0.0,0.0,0.0,,0,71,0.0,0.0,0.0,0.0,True,2.3723902836665904,2
40,0.11,0.11,0.4,0.30000000000000004,15,10,20000,20000.0,0.0,0.0,0.0,,,0.0,,0.0,0,0,0,0.0,0.0,0.0,0.0,0.0,0.0,,0,71,0.0,0.0,0.0,0.0,True,1.7680224010033543,13
30,0.1,0.1,0.9,0.5,17,20,20000,20000.0,0.0,0.0,0.0,,,0.0,,0.0,0,0,0,0.0,0.0,0.0,0.0,0.0,0.0,,0,71,0.0,0.0,0.0,0.0,True,,0
35,0.12000000000000001,0.12000000000000001,0.5,0.2,17,10,20000,20000.0,0.0,0.0,0.0,,,0.0,,0.0,0,0,0,0.0,0.0,0.0,0.0,0.0,0.0,,0,71,0.0,0.0,0.0,0.0,True,2.043151668838397,20
45,0.12000000000000001,0.12000000000000001,0.6000000000000001,0.4,13,10,20000,20000.0,0.0,0.0,0.0,,,0.0,,0.0,0,0,0,0.0,0.0,0.0,0.0,0.0,0.0,,0,71,0.0,0.0,0.0,0.0,True,2.4797059229550182,2
40,0.13,0.13,0.8,0.1,15,10,20000,20000.0,0.0,0.0,0.0,,,0.0,,0.0,0,0,0,0.0,0.0,0.0,0.0,0.0,0.0,,0,71,0.0,0.0,0.0,0.0,True,2.7501837941574165,1
40,0.22,0.08,0.4,0.9,15,25,20000,20000.0,0.0,0.0,0.0,,,0.0,,0.0,0,0,0,0.0,0.0,0.0,0.0,0.0,0.0,,0,71,0.0,0.0,0.0,0.0,True,,0
30,0.11,0.11,0.9,0.2,11,10,20000,20000.0,0.0,0.0,0.0,,,0.0,,0.0,0,0,0,0.0,0.0,0.0,0.0,0.0,0.0,,0,71,0.0,0.0,0.0,0.0,True,2.371324421892487,9
40,0.12000000000000001,0.12000000000000001,0.5,0.30000000000000004,13,10,20000,20000.0,0.0,0.0,0.0,,,0.0,,0.0,0,0,0,0.0,0.0,0.0,0.0,0.0,0.0,,0,71,0.0,0.0,0.0,0.0,True,2.304783892932638,7
30,0.12000000000000001,0.12000000000000001,0.8,0.2,13,15,20000,20000.0,0.0,0.0,0.0,,,0.0,,0.0,0,0,0,0.0,0.0,0.0,0.0,0.0,0.0,,0,71,0.0,0.0,0.0,0.0,True,1.4396972834315125,8
40,0.12000000000000001,0.12000000000000001,0.9,0.6,5,25,20000,20000.0,0.0,0.0,0.0,,,0.0,,0.0,0,0,0,0.0,0.0,0.0,0.0,0.0,0.0,,0,71,0.0,0.0,0.0,0.0,True,,0
30,0.13,0.13,0.9,0.30000000000000004,13,10,20000,20000.0,0.0,0.0,0.0,,,0.0,,0.0,0,0,0,0.0,0.0,0.0,0.0,0.0,0.0,,0,71,0.0,0.0,0.0,0.0,True,0.9566691125022131,2
30,0.11,0.11,0.6000000000000001,0.2,11,15,20000,20000.0,0.0,0.0,0.0,,,0.0,,0.0,0,0,0,0.0,0.0,0.0,0.0,0.0,0.0,,0,71,0.0,0.0,0.0,0.0,True,3.0554545471912533,3
45,0.14,0.14,0.5,0.2,17,10,20000,20000.0,0.0,0.0,0.0,,,0.0,,0.0,0,0,0,0.0,0.0,0.0,0.0,0.0,0.0,,0,71,0.0,0.0,0.0,0.0,True,0.2083253448347664,3
35,0.11,0.11,0.7,0.1,13,10,20000,20000.0,0.0,0.0,0.0,,,0.0,,0.0,0,0,0,0.0,0.0,0.0,0.0,0.0,0.0,,0,71,0.0,0.0,0.0,0.0,True,2.8755080449835515,8
30,0.12000000000000001,0.12000000000000001,0.7,0.1,17,15,20000,20000.0,0.0,0.0,0.0,,,0.0,,0.0,0,0,0,0.0,0.0,0.0,0.0,0.0,0.0,,0,71,0.0,0.0,0.0,0.0,True,2.156437257350555,2
40,0.12000000000000001,0.12000000000000001,0.4,0.4,11,15,20000,20000.0,0.0,0.0,0.0,,,0.0,,0.0,0,0,0,0.0,0.0,0.0,0.0,0.0,0.0,,0,71,0.0,0.0,0.0,0.0,True,1.8857053820639282,2
40,0.12000000000000001,0.12000000000000001,0.5,0.1,13,10,20000,20000.0,0.0,0.0,0.0,,,0.0,,0.0,0,0,0,0.0,0.0,0.0,0.0,0.0,0.0,,0,71,0.0,0.0,0.0,0.0,True,1.8882405617181075,8
35,0.16,0.07,0.4,0.5,15,25,20000,20000.0,0.0,0.0,0.0,,,0.0,,0.0,0,0,0,0.0,0.0,0.0,0.0,0.0,0.0,,0,71,0.0,0.0,0.0,0.0,True,,0
30,0.11,0.11,0.9,0.1,5,20,20000,20000.0,0.0,0.0,0.0,,,0.0,,0.0,0,0,0,0.0,0.0,0.0,0.0,0.0,0.0,,0,71,0.0,0.0,0.0,0.0,True,2.406464701687528,15
40,0.11,0.11,0.6000000000000001,0.1,21,15,20000,20000.0,0.0,0.0,0.0,,,0.0,,0.0,0,0,0,0.0,0.0,0.0,0.0,0.0,0.0,,0,71,0.0,0.0,0.0,0.0,True,2.1291860459103797,4
35,0.13,0.13,0.6000000000000001,0.2,23,10,20000,20000.0,0.0,0.0,0.0,,,0.0,,0.0,0,0,0,0.0,0.0,0.0,0.0,0.0,0.0,,0,71,0.0,0.0,0.0,0.0,True,0.7353026382705281,5
40,0.11,0.11,0.9,0.2,23,15,20000,20000.0,0.0,0.0,0.0,,,0.0,,0.0,0,0,0,0.0,0.0,0.0,0.0,0.0,0.0,,0,71,0.0,0.0,0.0,0.0,True,,0
40,0.13,0.13,0.5,0.1,15,10,20000,20000.0,0.0,0.0,0.0,,,0.0,,0.0,0,0,0,0.0,0.0,0.0,0.0,0.0,0.0,,0,71,0.0,0.0,0.0,0.0,True,0.4099778938823769,6
45,0.24000000000000002,0.07,0.5,0.1,11,25,20000,20000.0,0.0,0.0,0.0,,,0.0,,0.0,0,0,0,0.0,0.0,0.0,0.0,0.0,0.0,,0,71,0.0,0.0,0.0,0.0,True,,0
45,0.13,0.13,0.5,0.1,19,15,20000,20000.0,0.0,0.0,0.0,,,0.0,,0.0,0,0,0,0.0,0.0,0.0,0.0,0.0,0.0,,0,71,0.0,0.0,0.0,0.0,True,1.0035147044652337,4
30,0.1,0.1,0.7,0.5,15,15,20000,20000.0,0.0,0.0,0.0,,,0.0,,0.0,0,0,0,0.0,0.0,0.0,0.0,0.0,0.0,,0,71,0.0,0.0,0.0,0.0,True,,0
30,0.11,0.11,0.8,0.30000000000000004,15,20,20000,20000.0,0.0,0.0,0.0,,,0.0,,0.0,0,0,0,0.0,0.0,0.0,0.0,0.0,0.0,,0,71,0.0,0.0,0.0,0.0,True,2.0442687644899777,5
35,0.11,0.11,0.7,0.1,13,20,20000,20000.0,0.0,0.0,0.0,,,0.0,,0.0,0,0,0,0.0,0.0,0.0,0.0,0.0,0.0,,0,71,0.0,0.0,0.0,0.0,True,2.880271733834991,7
30,0.11,0.11,0.8,0.2,5,20,20000,20000.0,0.0,0.0,0.0,,,0.0,,0.0,0,0,0,0.0,0.0,0.0,0.0,0.0,0.0,,0,71,0.0,0.0,0.0,0.0,True,2.5065351430844887,18
35,0.11,0.11,0.9,0.1,9,20,20000,20000.0,0.0,0.0,0.0,,,0.0,,0.0,0,0,0,0.0,0.0,0.0,0.0,0.0,0.0,,0,71,0.0,0.0,0.0,0.0,True,2.1691634828401605,13
35,0.11,0.11,0.8,0.4,15,25,20000,20000.0,0.0,0.0,0.0,,,0.0,,0.0,0,0,0,0.0,0.0,0.0,0.0,0.0,0.0,,0,71,0.0,0.0,0.0,0.0,True,1.4695067459362603,3
45,0.15000000000000002,0.13,0.30000000000000004,0.9,21,25,20000,20000.0,0.0,0.0,0.0,,,0.0,,0.0,0,0,0,0.0,0.0,0.0,0.0,0.0,0.0,,0,71,0.0,0.0,0.0,0.0,True,,0
35,0.30000000000000004,0.060000000000000005,0.2,0.1,15,25,20000,20000.0,0.0,0.0,0.0,,,0.0,,0.0,0,0,0,0.0,0.0,0.0,0.0,0.0,0.0,,0,71,0.0,0.0,0.0,0.0,True,,0
45,0.21000000000000002,0.12000000000000001,0.4,0.9,7,25,20000,20000.0,0.0,0.0,0.0,,,0.0,,0.0,0,0,0,0.0,0.0,0.0,0.0,0.0,0.0,,0,71,0.0,0.0,0.0,0.0,True,,0
30,0.1,0.1,0.8,0.2,9,20,20000,20000.0,0.0,0.0,0.0,,,0.0,,0.0,0,0,0,0.0,0.0,0.0,0.0,0.0,0.0,,0,71,0.0,0.0,0.0,0.0,True,2.3489284651243296,5
35,0.13,0.13,0.4,0.30000000000000004,13,10,20000,20000.0,0.0,0.0,0.0,,,0.0,,0.0,0,0,0,0.0,0.0,0.0,0.0,0.0,0.0,,0,71,0.0,0.0,0.0,0.0,True,1.6425030054416656,6
30,0.11,0.11,0.9,0.30000000000000004,11,20,20000,20000.0,0.0,0.0,0.0,,,0.0,,0.0,0,0,0,0.0,0.0,0.0,0.0,0.0,0.0,,0,71,0.0,0.0,0.0,0.0,True,2.455768108660974,5
35,0.11,0.11,0.9,0.30000000000000004,9,15,20000,20000.0,0.0,0.0,0.0,,,0.0,,0.0,0,0,0,0.0,0.0,0.0,0.0,0.0,0.0,,0,71,0.0,0.0,0.0,0.0,True,2.7591471008699187,6
30,0.13,0.13,0.9,0.30000000000000004,5,25,20000,20000.0,0.0,0.0,0.0,,,0.0,,0.0,0,0,0,0.0,0.0,0.0,0.0,0.0,0.0,,0,71,0.0,0.0,0.0,0.0,True,0.6851026676707703,2
40,0.14,0.14,0.5,0.30000000000000004,15,15,20000,20000.0,0.0,0.0,0.0,,,0.0,,0.0,0,0,0,0.0,0.0,0.0,0.0,0.0,0.0,,0,71,0.0,0.0,0.0,0.0,True,-0.2354514311689619,1
35,0.18,0.05,0.5,0.8,9,25,20000,20000.0,0.0,0.0,0.0,,,0.0,,0.0,0,0,0,0.0,0.0,0.0,0.0,0.0,0.0,,0,71,0.0,0.0,0.0,0.0,True,,0
40,0.14,0.060000000000000005,0.2,0.7000000000000001,7,20,20000,19820.808689857324,-179.19131014267623,-0.8959565507133812,-0.1508837809345298,,,-8.877524347148356,,3.256272026608966,12,9,3,75.0,6.128661894470565,-72.04975573097637,15.80763343982775,-115.72192923727211,0.25518456651070925,7.25,7,71,9.859154929577464,1.812658527072064,-2.3527003294594118,-0.012001293605013992,True,,0
35,0.19,0.12000000000000001,0.2,0.2,11,25,20000,19404.355632890256,-595.644367109744,-2.97822183554872,-0.505982439388386,,,-5.4885755991559275,,1.475020798779881,11,10,1,90.9090909090909,27.550766951353616,-850.352036623305,69.11836437481494,-850.352036623305,0.3239924850507326,7.545454545454546,8,71,11.267605633802818,0.5991414836242548,-4.042209036744671,-0.04131755961087035,True,,0
35,0.18,0.12000000000000001,0.9,0.1,5,25,20000,18676.712181886465,-1323.2878181135347,-6.616439090567673,-1.14194015892225,,,-8.428029935585153,,1.4565031703019398,8,5,3,62.5,28.350092503452593,-483.14609354360385,93.83296009841929,-670.5403351986489,0.09779682544024683,17.0,5,71,7.042253521126761,0.4908830114612739,-3.3722016759932583,-0.09513269513160716,True,,0
45,0.31,0.12000000000000001,0.8,0.2,13,25,20000,18238.672505412032,-1761.3274945879675,-8.806637472939837,-1.5347973952869798,,,-9.252961818928364,,3.0526044990969456,3,2,1,66.66666666666666,50.483351317532204,-1858.3941972230364,75.3340033956626,-1858.3941972230364,0.054330078508605474,6.0,2,71,2.8169014084507045,0.3697202024538715,-6.224228029917523,-0.12623388509150277,True,,0
30,0.21000000000000002,0.060000000000000005,0.8,0.2,15,25,20000,18085.423960960878,-1914.5760390391224,-9.572880195195612,-1.674093869133353,,,-10.925743337489195,,3.0663077212202663,14,8,6,57.14285714285714,25.823872136662132,-350.4945026887386,63.47681924028791,-1600.2304988036042,0.09823785894333174,8.714285714285714,3,71,4.225352112676056,0.2085332647065341,-5.222853494729218,-0.1390004991567176,True,,0
40,0.32,0.11,0.5,0.30000000000000004,17,25,20000,17929.868650968445,-2070.131349031555,-10.350656745157776,-1.8164953413282725,,,-11.15362702722508,,3.8930116932953256,4,3,1,75.0,61.551589734814364,-2249.5861182360036,75.3340033956626,-2249.5861182360036,0.08208388543455218,9.75,3,71,4.225352112676056,0.9532308432501191,-7.428881029837376,-0.14850758360277352,True,,0
45,0.32,0.14,0.30000000000000004,0.8,17,25,20000,17706.28328865155,-2293.71671134845,-11.468583556742251,-2.022985954284484,,,-16.681413111058987,,5.30635480126672,12,10,2,83.33333333333334,107.64330259611351,-1676.624868654802,146.25968329787528,-3280.1425633032477,0.32101188706117195,7.166666666666667,10,71,14.084507042253522,2.1752216255331858,-12.98898669473364,-0.1564298573909492,True,,0
35,0.31,0.08,0.6000000000000001,0.7000000000000001,11,25,20000,15907.632459426426,-4092.367540573574,-20.461837702867868,-3.768127992489856,,,-21.153124769532834,,7.6117511020566715,4,3,1,75.0,59.7497537912861,-4266.4168019474355,85.78350897887174,-4266.4168019474355,0.0420140060605515,16.0,3,71,4.225352112676056,1.2000965032748834,-18.41331643117725,-0.29419393533197025,True,,0
40,0.28,0.07,0.7,0.8,11,20,20000,15901.16185037412,-4098.838149625881,-20.494190748129405,-3.77469643911309,,,-21.682106773504824,,8.517974234062994,14,11,3,78.57142857142857,88.39425703342965,-1684.3249923312114,153.8018954163882,-4400.895652346231,0.19242858549563546,16.928571428571427,10,71,14.084507042253522,1.311258419408845,-18.97843008036888,-0.29221949153796506,True,,0
45,0.28,0.11,0.8,0.8,7,25,20000,14932.689559811359,-5067.310440188641,-25.336552200943206,-4.783867600708702,,,-25.611914589337704,,8.627351508746333,2,1,1,50.0,75.3340033956626,-5140.044443584306,75.3340033956626,-5140.044443584306,0.014656294166812684,13.0,1,71,1.4084507042253522,0.37017001697832175,-23.126060091379486,-0.36605023286530614,True,,0
