dte,short_delta,long_delta,profit_target,stop_loss,dte_min,vix_min,initial_capital,final_value,total_pnl,total_return_pct,annualized_return_pct,sharpe_ratio,sortino_ratio,max_drawdown_pct,calmar_ratio,volatility_pct,total_trades,winning_trades,losing_trades,win_rate_pct,avg_win,avg_loss,largest_win,largest_loss,profit_factor,avg_days_in_trade,positive_months,total_months,positive_months_pct,best_month_pct,worst_month_pct,avg_monthly_return_pct,below_min_trades,stability_score,stability_n
30,0.3,0.1,0.55,0.7,22,20,20000,84380.5964413162,64380.5964413162,321.902982206581,27.319772768742645,1.1002947649295856,0.9590645104232174,-32.21586985358588,0.8480221981559111,22.4675669942232,176,129,47,73.29545454545455,1247.7000010111728,-2018.5043338111695,4192.558803789507,-10131.296598201518,1.696572181334762,6.698863636363637,38,71,53.52112676056338,12.10657989217685,-16.512145520001386,2.2473493082301537,,0.8107781416068033,627
30,0.3,0.1,0.55,0.7,22,20,20000,84380.5964413162,64380.5964413162,321.902982206581,27.319772768742645,1.1002947649295856,0.9590645104232174,-32.21586985358588,0.8480221981559111,22.4675669942232,176,129,47,73.29545454545455,1247.7000010111728,-2018.5043338111695,4192.558803789507,-10131.296598201518,1.696572181334762,6.698863636363637,38,71,53.52112676056338,12.10657989217685,-16.512145520001386,2.2473493082301537,,0.8107781416068033,627
30,0.3,0.1,0.55,0.9,22,20,20000,84380.5964413162,64380.5964413162,321.902982206581,27.319772768742645,1.1002947649295856,0.9590645104232174,-32.21586985358588,0.8480221981559111,22.4675669942232,176,129,47,73.29545454545455,1247.7000010111728,-2018.5043338111695,4192.558803789507,-10131.296598201518,1.696572181334762,6.698863636363637,38,71,53.52112676056338,12.10657989217685,-16.512145520001386,2.2473493082301537,,0.8009113448794103,521
30,0.3,0.1,0.55,0.7,22,20,20000,84380.5964413162,64380.5964413162,321.902982206581,27.319772768742645,1.1002947649295856,0.9590645104232174,-32.21586985358588,0.8480221981559111,22.4675669942232,176,129,47,73.29545454545455,1247.7000010111728,-2018.5043338111695,4192.558803789507,-10131.296598201518,1.696572181334762,6.698863636363637,38,71,53.52112676056338,12.10657989217685,-16.512145520001386,2.2473493082301537,,0.8107781416068033,627
30,0.3,0.1,0.55,0.9,22,20,20000,84380.5964413162,64380.5964413162,321.902982206581,27.319772768742645,1.1002947649295856,0.9590645104232174,-32.21586985358588,0.8480221981559111,22.4675669942232,176,129,47,73.29545454545455,1247.7000010111728,-2018.5043338111695,4192.558803789507,-10131.296598201518,1.696572181334762,6.698863636363637,38,71,53.52112676056338,12.10657989217685,-16.512145520001386,2.2473493082301537,,0.8009113448794103,521
30,0.3,0.1,0.55,0.9,22,20,20000,84380.5964413162,64380.5964413162,321.902982206581,27.319772768742645,1.1002947649295856,0.9590645104232174,-32.21586985358588,0.8480221981559111,22.4675669942232,176,129,47,73.29545454545455,1247.7000010111728,-2018.5043338111695,4192.558803789507,-10131.296598201518,1.696572181334762,6.698863636363637,38,71,53.52112676056338,12.10657989217685,-16.512145520001386,2.2473493082301537,,0.8009113448794103,521
30,0.3,0.1,0.55,0.9,22,20,20000,84380.5964413162,64380.5964413162,321.902982206581,27.319772768742645,1.1002947649295856,0.9590645104232174,-32.21586985358588,0.8480221981559111,22.4675669942232,176,129,47,73.29545454545455,1247.7000010111728,-2018.5043338111695,4192.558803789507,-10131.296598201518,1.696572181334762,6.698863636363637,38,71,53.52112676056338,12.10657989217685,-16.512145520001386,2.2473493082301537,,0.8009113448794103,521
30,0.3,0.1,0.55,0.9,22,20,20000,84380.5964413162,64380.5964413162,321.902982206581,27.319772768742645,1.1002947649295856,0.9590645104232174,-32.21586985358588,0.8480221981559111,22.4675669942232,176,129,47,73.29545454545455,1247.7000010111728,-2018.5043338111695,4192.558803789507,-10131.296598201518,1.696572181334762,6.698863636363637,38,71,53.52112676056338,12.10657989217685,-16.512145520001386,2.2473493082301537,,0.8009113448794103,521
30,0.3,0.1,0.55,0.9,22,20,20000,84380.5964413162,64380.5964413162,321.902982206581,27.319772768742645,1.1002947649295856,0.9590645104232174,-32.21586985358588,0.8480221981559111,22.4675669942232,176,129,47,73.29545454545455,1247.7000010111728,-2018.5043338111695,4192.558803789507,-10131.296598201518,1.696572181334762,6.698863636363637,38,71,53.52112676056338,12.10657989217685,-16.512145520001386,2.2473493082301537,,0.8009113448794103,521
30,0.3,0.1,0.55,0.7,22,20,20000,84380.5964413162,64380.5964413162,321.902982206581,27.319772768742645,1.1002947649295856,0.9590645104232174,-32.21586985358588,0.8480221981559111,22.4675669942232,176,129,47,73.29545454545455,1247.7000010111728,-2018.5043338111695,4192.558803789507,-10131.296598201518,1.696572181334762,6.698863636363637,38,71,53.52112676056338,12.10657989217685,-16.512145520001386,2.2473493082301537,,0.8107781416068033,627
30,0.3,0.1,0.55,0.9,22,20,20000,84380.5964413162,64380.5964413162,321.902982206581,27.319772768742645,1.1002947649295856,0.9590645104232174,-32.21586985358588,0.8480221981559111,22.4675669942232,176,129,47,73.29545454545455,1247.7000010111728,-2018.5043338111695,4192.558803789507,-10131.296598201518,1.696572181334762,6.698863636363637,38,71,53.52112676056338,12.10657989217685,-16.512145520001386,2.2473493082301537,,0.8009113448794103,521
30,0.3,0.1,0.55,0.9,22,20,20000,84380.5964413162,64380.5964413162,321.902982206581,27.319772768742645,1.1002947649295856,0.9590645104232174,-32.21586985358588,0.8480221981559111,22.4675669942232,176,129,47,73.29545454545455,1247.7000010111728,-2018.5043338111695,4192.558803789507,-10131.296598201518,1.696572181334762,6.698863636363637,38,71,53.52112676056338,12.10657989217685,-16.512145520001386,2.2473493082301537,,0.8009113448794103,521
30,0.3,0.1,0.55,0.7,22,20,20000,84380.5964413162,64380.5964413162,321.902982206581,27.319772768742645,1.1002947649295856,0.9590645104232174,-32.21586985358588,0.8480221981559111,22.4675669942232,176,129,47,73.29545454545455,1247.7000010111728,-2018.5043338111695,4192.558803789507,-10131.296598201518,1.696572181334762,6.698863636363637,38,71,53.52112676056338,12.10657989217685,-16.512145520001386,2.2473493082301537,,0.8107781416068033,627
30,0.3,0.1,0.55,0.7,22,20,20000,84380.5964413162,64380.5964413162,321.902982206581,27.319772768742645,1.1002947649295856,0.9590645104232174,-32.21586985358588,0.8480221981559111,22.4675669942232,176,129,47,73.29545454545455,1247.7000010111728,-2018.5043338111695,4192.558803789507,-10131.296598201518,1.696572181334762,6.698863636363637,38,71,53.52112676056338,12.10657989217685,-16.512145520001386,2.2473493082301537,,0.8107781416068033,627
30,0.3,0.1,0.55,0.7,22,20,20000,84380.5964413162,64380.5964413162,321.902982206581,27.319772768742645,1.1002947649295856,0.9590645104232174,-32.21586985358588,0.8480221981559111,22.4675669942232,176,129,47,73.29545454545455,1247.7000010111728,-2018.5043338111695,4192.558803789507,-10131.296598201518,1.696572181334762,6.698863636363637,38,71,53.52112676056338,12.10657989217685,-16.512145520001386,2.2473493082301537,,0.8107781416068033,627
30,0.3,0.1,0.55,0.9,22,20,20000,84380.5964413162,64380.5964413162,321.902982206581,27.319772768742645,1.1002947649295856,0.9590645104232174,-32.21586985358588,0.8480221981559111,22.4675669942232,176,129,47,73.29545454545455,1247.7000010111728,-2018.5043338111695,4192.558803789507,-10131.296598201518,1.696572181334762,6.698863636363637,38,71,53.52112676056338,12.10657989217685,-16.512145520001386,2.2473493082301537,,0.8009113448794103,521
30,0.3,0.1,0.55,0.9,22,20,20000,84380.5964413162,64380.5964413162,321.902982206581,27.319772768742645,1.1002947649295856,0.9590645104232174,-32.21586985358588,0.8480221981559111,22.4675669942232,176,129,47,73.29545454545455,1247.7000010111728,-2018.5043338111695,4192.558803789507,-10131.296598201518,1.696572181334762,6.698863636363637,38,71,53.52112676056338,12.10657989217685,-16.512145520001386,2.2473493082301537,,0.8009113448794103,521
30,0.3,0.1,0.55,0.9,22,20,20000,84380.5964413162,64380.5964413162,321.902982206581,27.319772768742645,1.1002947649295856,0.9590645104232174,-32.21586985358588,0.8480221981559111,22.4675669942232,176,129,47,73.29545454545455,1247.7000010111728,-2018.5043338111695,4192.558803789507,-10131.296598201518,1.696572181334762,6.698863636363637,38,71,53.52112676056338,12.10657989217685,-16.512145520001386,2.2473493082301537,,0.8009113448794103,521
30,0.3,0.1,0.55,0.9,22,20,20000,84380.5964413162,64380.5964413162,321.902982206581,27.319772768742645,1.1002947649295856,0.9590645104232174,-32.21586985358588,0.8480221981559111,22.4675669942232,176,129,47,73.29545454545455,1247.7000010111728,-2018.5043338111695,4192.558803789507,-10131.296598201518,1.696572181334762,6.698863636363637,38,71,53.52112676056338,12.10657989217685,-16.512145520001386,2.2473493082301537,,0.8009113448794103,521
30,0.3,0.1,0.55,0.7,22,20,20000,84380.5964413162,64380.5964413162,321.902982206581,27.319772768742645,1.1002947649295856,0.9590645104232174,-32.21586985358588,0.8480221981559111,22.4675669942232,176,129,47,73.29545454545455,1247.7000010111728,-2018.5043338111695,4192.558803789507,-10131.296598201518,1.696572181334762,6.698863636363637,38,71,53.52112676056338,12.10657989217685,-16.512145520001386,2.2473493082301537,,0.8107781416068033,627
30,0.3,0.1,0.55,0.9,22,20,20000,84380.5964413162,64380.5964413162,321.902982206581,27.319772768742645,1.1002947649295856,0.9590645104232174,-32.21586985358588,0.8480221981559111,22.4675669942232,176,129,47,73.29545454545455,1247.7000010111728,-2018.5043338111695,4192.558803789507,-10131.296598201518,1.696572181334762,6.698863636363637,38,71,53.52112676056338,12.10657989217685,-16.512145520001386,2.2473493082301537,,0.8009113448794103,521
30,0.3,0.1,0.55,0.9,22,20,20000,84380.5964413162,64380.5964413162,321.902982206581,27.319772768742645,1.1002947649295856,0.9590645104232174,-32.21586985358588,0.8480221981559111,22.4675669942232,176,129,47,73.29545454545455,1247.7000010111728,-2018.5043338111695,4192.558803789507,-10131.296598201518,1.696572181334762,6.698863636363637,38,71,53.52112676056338,12.10657989217685,-16.512145520001386,2.2473493082301537,,0.8009113448794103,521
30,0.3,0.1,0.55,0.9,22,20,20000,84380.5964413162,64380.5964413162,321.902982206581,27.319772768742645,1.1002947649295856,0.9590645104232174,-32.21586985358588,0.8480221981559111,22.4675669942232,176,129,47,73.29545454545455,1247.7000010111728,-2018.5043338111695,4192.558803789507,-10131.296598201518,1.696572181334762,6.698863636363637,38,71,53.52112676056338,12.10657989217685,-16.512145520001386,2.2473493082301537,,0.8009113448794103,521
30,0.3,0.1,0.55,0.7,22,20,20000,84380.5964413162,64380.5964413162,321.902982206581,27.319772768742645,1.1002947649295856,0.9590645104232174,-32.21586985358588,0.8480221981559111,22.4675669942232,176,129,47,73.29545454545455,1247.7000010111728,-2018.5043338111695,4192.558803789507,-10131.296598201518,1.696572181334762,6.698863636363637,38,71,53.52112676056338,12.10657989217685,-16.512145520001386,2.2473493082301537,,0.8107781416068033,627
30,0.3,0.1,0.55,0.9,22,20,20000,84380.5964413162,64380.5964413162,321.902982206581,27.319772768742645,1.1002947649295856,0.9590645104232174,-32.21586985358588,0.8480221981559111,22.4675669942232,176,129,47,73.29545454545455,1247.7000010111728,-2018.5043338111695,4192.558803789507,-10131.296598201518,1.696572181334762,6.698863636363637,38,71,53.52112676056338,12.10657989217685,-16.512145520001386,2.2473493082301537,,0.8009113448794103,521
30,0.3,0.1,0.55,0.9,22,20,20000,84380.5964413162,64380.5964413162,321.902982206581,27.319772768742645,1.1002947649295856,0.9590645104232174,-32.21586985358588,0.8480221981559111,22.4675669942232,176,129,47,73.29545454545455,1247.7000010111728,-2018.5043338111695,4192.558803789507,-10131.296598201518,1.696572181334762,6.698863636363637,38,71,53.52112676056338,12.10657989217685,-16.512145520001386,2.2473493082301537,,0.8009113448794103,521
30,0.3,0.1,0.55,0.9,22,20,20000,84380.5964413162,64380.5964413162,321.902982206581,27.319772768742645,1.1002947649295856,0.9590645104232174,-32.21586985358588,0.8480221981559111,22.4675669942232,176,129,47,73.29545454545455,1247.7000010111728,-2018.5043338111695,4192.558803789507,-10131.296598201518,1.696572181334762,6.698863636363637,38,71,53.52112676056338,12.10657989217685,-16.512145520001386,2.2473493082301537,,0.8009113448794103,521
30,0.3,0.1,0.55,0.7,22,20,20000,84380.5964413162,64380.5964413162,321.902982206581,27.319772768742645,1.1002947649295856,0.9590645104232174,-32.21586985358588,0.8480221981559111,22.4675669942232,176,129,47,73.29545454545455,1247.7000010111728,-2018.5043338111695,4192.558803789507,-10131.296598201518,1.696572181334762,6.698863636363637,38,71,53.52112676056338,12.10657989217685,-16.512145520001386,2.2473493082301537,,0.8107781416068033,627
30,0.3,0.1,0.55,0.7,22,20,20000,84380.5964413162,64380.5964413162,321.902982206581,27.319772768742645,1.1002947649295856,0.9590645104232174,-32.21586985358588,0.8480221981559111,22.4675669942232,176,129,47,73.29545454545455,1247.7000010111728,-2018.5043338111695,4192.558803789507,-10131.296598201518,1.696572181334762,6.698863636363637,38,71,53.52112676056338,12.10657989217685,-16.512145520001386,2.2473493082301537,,0.8107781416068033,627
30,0.3,0.1,0.55,0.7,22,20,20000,84380.5964413162,64380.5964413162,321.902982206581,27.319772768742645,1.1002947649295856,0.9590645104232174,-32.21586985358588,0.8480221981559111,22.4675669942232,176,129,47,73.29545454545455,1247.7000010111728,-2018.5043338111695,4192.558803789507,-10131.296598201518,1.696572181334762,6.698863636363637,38,71,53.52112676056338,12.10657989217685,-16.512145520001386,2.2473493082301537,,0.8107781416068033,627
30,0.3,0.1,0.55,0.9,22,20,20000,84380.5964413162,64380.5964413162,321.902982206581,27.319772768742645,1.1002947649295856,0.9590645104232174,-32.21586985358588,0.8480221981559111,22.4675669942232,176,129,47,73.29545454545455,1247.7000010111728,-2018.5043338111695,4192.558803789507,-10131.296598201518,1.696572181334762,6.698863636363637,38,71,53.52112676056338,12.10657989217685,-16.512145520001386,2.2473493082301537,,0.8009113448794103,521
30,0.3,0.1,0.55,0.9,22,20,20000,84380.5964413162,64380.5964413162,321.902982206581,27.319772768742645,1.1002947649295856,0.9590645104232174,-32.21586985358588,0.8480221981559111,22.4675669942232,176,129,47,73.29545454545455,1247.7000010111728,-2018.5043338111695,4192.558803789507,-10131.296598201518,1.696572181334762,6.698863636363637,38,71,53.52112676056338,12.10657989217685,-16.512145520001386,2.2473493082301537,,0.8009113448794103,521
30,0.3,0.1,0.55,0.9,22,20,20000,84380.5964413162,64380.5964413162,321.902982206581,27.319772768742645,1.1002947649295856,0.9590645104232174,-32.21586985358588,0.8480221981559111,22.4675669942232,176,129,47,73.29545454545455,1247.7000010111728,-2018.5043338111695,4192.558803789507,-10131.296598201518,1.696572181334762,6.698863636363637,38,71,53.52112676056338,12.10657989217685,-16.512145520001386,2.2473493082301537,,0.8009113448794103,521
30,0.3,0.1,0.55,0.7,22,20,20000,84380.5964413162,64380.5964413162,321.902982206581,27.319772768742645,1.1002947649295856,0.9590645104232174,-32.21586985358588,0.8480221981559111,22.4675669942232,176,129,47,73.29545454545455,1247.7000010111728,-2018.5043338111695,4192.558803789507,-10131.296598201518,1.696572181334762,6.698863636363637,38,71,53.52112676056338,12.10657989217685,-16.512145520001386,2.2473493082301537,,0.8107781416068033,627
30,0.3,0.1,0.55,0.7,22,20,20000,84380.5964413162,64380.5964413162,321.902982206581,27.319772768742645,1.1002947649295856,0.9590645104232174,-32.21586985358588,0.8480221981559111,22.4675669942232,176,129,47,73.29545454545455,1247.7000010111728,-2018.5043338111695,4192.558803789507,-10131.296598201518,1.696572181334762,6.698863636363637,38,71,53.52112676056338,12.10657989217685,-16.512145520001386,2.2473493082301537,,0.8107781416068033,627
30,0.3,0.1,0.55,0.9,22,20,20000,84380.5964413162,64380.5964413162,321.902982206581,27.319772768742645,1.1002947649295856,0.9590645104232174,-32.21586985358588,0.8480221981559111,22.4675669942232,176,129,47,73.29545454545455,1247.7000010111728,-2018.5043338111695,4192.558803789507,-10131.296598201518,1.696572181334762,6.698863636363637,38,71,53.52112676056338,12.10657989217685,-16.512145520001386,2.2473493082301537,,0.8009113448794103,521
30,0.3,0.1,0.55,0.9,22,20,20000,84380.5964413162,64380.5964413162,321.902982206581,27.319772768742645,1.1002947649295856,0.9590645104232174,-32.21586985358588,0.8480221981559111,22.4675669942232,176,129,47,73.29545454545455,1247.7000010111728,-2018.5043338111695,4192.558803789507,-10131.296598201518,1.696572181334762,6.698863636363637,38,71,53.52112676056338,12.10657989217685,-16.512145520001386,2.2473493082301537,,0.8009113448794103,521
30,0.3,0.1,0.55,0.9,22,20,20000,84380.5964413162,64380.5964413162,321.902982206581,27.319772768742645,1.1002947649295856,0.9590645104232174,-32.21586985358588,0.8480221981559111,22.4675669942232,176,129,47,73.29545454545455,1247.7000010111728,-2018.5043338111695,4192.558803789507,-10131.296598201518,1.696572181334762,6.698863636363637,38,71,53.52112676056338,12.10657989217685,-16.512145520001386,2.2473493082301537,,0.8009113448794103,521
30,0.3,0.1,0.55,0.7,22,20,20000,84380.5964413162,64380.5964413162,321.902982206581,27.319772768742645,1.1002947649295856,0.9590645104232174,-32.21586985358588,0.8480221981559111,22.4675669942232,176,129,47,73.29545454545455,1247.7000010111728,-2018.5043338111695,4192.558803789507,-10131.296598201518,1.696572181334762,6.698863636363637,38,71,53.52112676056338,12.10657989217685,-16.512145520001386,2.2473493082301537,,0.8107781416068033,627
30,0.3,0.1,0.55,0.9,22,20,20000,84380.5964413162,64380.5964413162,321.902982206581,27.319772768742645,1.1002947649295856,0.9590645104232174,-32.21586985358588,0.8480221981559111,22.4675669942232,176,129,47,73.29545454545455,1247.7000010111728,-2018.5043338111695,4192.558803789507,-10131.296598201518,1.696572181334762,6.698863636363637,38,71,53.52112676056338,12.10657989217685,-16.512145520001386,2.2473493082301537,,0.8009113448794103,521
30,0.3,0.1,0.55,0.9,22,20,20000,84380.5964413162,64380.5964413162,321.902982206581,27.319772768742645,1.1002947649295856,0.9590645104232174,-32.21586985358588,0.8480221981559111,22.4675669942232,176,129,47,73.29545454545455,1247.7000010111728,-2018.5043338111695,4192.558803789507,-10131.296598201518,1.696572181334762,6.698863636363637,38,71,53.52112676056338,12.10657989217685,-16.512145520001386,2.2473493082301537,,0.8009113448794103,521
30,0.3,0.1,0.55,0.7,22,20,20000,84380.5964413162,64380.5964413162,321.902982206581,27.319772768742645,1.1002947649295856,0.9590645104232174,-32.21586985358588,0.8480221981559111,22.4675669942232,176,129,47,73.29545454545455,1247.7000010111728,-2018.5043338111695,4192.558803789507,-10131.296598201518,1.696572181334762,6.698863636363637,38,71,53.52112676056338,12.10657989217685,-16.512145520001386,2.2473493082301537,,0.8107781416068033,627
30,0.3,0.1,0.55,0.9,22,20,20000,84380.5964413162,64380.5964413162,321.902982206581,27.319772768742645,1.1002947649295856,0.9590645104232174,-32.21586985358588,0.8480221981559111,22.4675669942232,176,129,47,73.29545454545455,1247.7000010111728,-2018.5043338111695,4192.558803789507,-10131.296598201518,1.696572181334762,6.698863636363637,38,71,53.52112676056338,12.10657989217685,-16.512145520001386,2.2473493082301537,,0.8009113448794103,521
30,0.3,0.1,0.55,0.7,22,20,20000,84380.5964413162,64380.5964413162,321.902982206581,27.319772768742645,1.1002947649295856,0.9590645104232174,-32.21586985358588,0.8480221981559111,22.4675669942232,176,129,47,73.29545454545455,1247.7000010111728,-2018.5043338111695,4192.558803789507,-10131.296598201518,1.696572181334762,6.698863636363637,38,71,53.52112676056338,12.10657989217685,-16.512145520001386,2.2473493082301537,,0.8107781416068033,627
30,0.3,0.1,0.55,0.9,22,20,20000,84380.5964413162,64380.5964413162,321.902982206581,27.319772768742645,1.1002947649295856,0.9590645104232174,-32.21586985358588,0.8480221981559111,22.4675669942232,176,129,47,73.29545454545455,1247.7000010111728,-2018.5043338111695,4192.558803789507,-10131.296598201518,1.696572181334762,6.698863636363637,38,71,53.52112676056338,12.10657989217685,-16.512145520001386,2.2473493082301537,,0.8009113448794103,521
30,0.3,0.1,0.55,0.9,22,20,20000,84380.5964413162,64380.5964413162,321.902982206581,27.319772768742645,1.1002947649295856,0.9590645104232174,-32.21586985358588,0.8480221981559111,22.4675669942232,176,129,47,73.29545454545455,1247.7000010111728,-2018.5043338111695,4192.558803789507,-10131.296598201518,1.696572181334762,6.698863636363637,38,71,53.52112676056338,12.10657989217685,-16.512145520001386,2.2473493082301537,,0.8009113448794103,521
30,0.3,0.1,0.55,0.7,22,20,20000,84380.5964413162,64380.5964413162,321.902982206581,27.319772768742645,1.1002947649295856,0.9590645104232174,-32.21586985358588,0.8480221981559111,22.4675669942232,176,129,47,73.29545454545455,1247.7000010111728,-2018.5043338111695,4192.558803789507,-10131.296598201518,1.696572181334762,6.698863636363637,38,71,53.52112676056338,12.10657989217685,-16.512145520001386,2.2473493082301537,,0.8107781416068033,627
30,0.3,0.1,0.55,0.9,22,20,20000,84380.5964413162,64380.5964413162,321.902982206581,27.319772768742645,1.1002947649295856,0.9590645104232174,-32.21586985358588,0.8480221981559111,22.4675669942232,176,129,47,73.29545454545455,1247.7000010111728,-2018.5043338111695,4192.558803789507,-10131.296598201518,1.696572181334762,6.698863636363637,38,71,53.52112676056338,12.10657989217685,-16.512145520001386,2.2473493082301537,,0.8009113448794103,521
30,0.3,0.1,0.55,0.7,22,20,20000,84380.5964413162,64380.5964413162,321.902982206581,27.319772768742645,1.1002947649295856,0.9590645104232174,-32.21586985358588,0.8480221981559111,22.4675669942232,176,129,47,73.29545454545455,1247.7000010111728,-2018.5043338111695,4192.558803789507,-10131.296598201518,1.696572181334762,6.698863636363637,38,71,53.52112676056338,12.10657989217685,-16.512145520001386,2.2473493082301537,,0.8107781416068033,627
30,0.3,0.1,0.55,0.7,22,20,20000,84380.5964413162,64380.5964413162,321.902982206581,27.319772768742645,1.1002947649295856,0.9590645104232174,-32.21586985358588,0.8480221981559111,22.4675669942232,176,129,47,73.29545454545455,1247.7000010111728,-2018.5043338111695,4192.558803789507,-10131.296598201518,1.696572181334762,6.698863636363637,38,71,53.52112676056338,12.10657989217685,-16.512145520001386,2.2473493082301537,,0.8107781416068033,627
30,0.3,0.1,0.55,0.9,22,20,20000,84380.5964413162,64380.5964413162,321.902982206581,27.319772768742645,1.1002947649295856,0.9590645104232174,-32.21586985358588,0.8480221981559111,22.4675669942232,176,129,47,73.29545454545455,1247.7000010111728,-2018.5043338111695,4192.558803789507,-10131.296598201518,1.696572181334762,6.698863636363637,38,71,53.52112676056338,12.10657989217685,-16.512145520001386,2.2473493082301537,,0.8009113448794103,521
30,0.3,0.1,0.55,0.9,22,20,20000,84380.5964413162,64380.5964413162,321.902982206581,27.319772768742645,1.1002947649295856,0.9590645104232174,-32.21586985358588,0.8480221981559111,22.4675669942232,176,129,47,73.29545454545455,1247.7000010111728,-2018.5043338111695,4192.558803789507,-10131.296598201518,1.696572181334762,6.698863636363637,38,71,53.52112676056338,12.10657989217685,-16.512145520001386,2.2473493082301537,,0.8009113448794103,521
30,0.3,0.1,0.55,0.9,22,20,20000,84380.5964413162,64380.5964413162,321.902982206581,27.319772768742645,1.1002947649295856,0.9590645104232174,-32.21586985358588,0.8480221981559111,22.4675669942232,176,129,47,73.29545454545455,1247.7000010111728,-2018.5043338111695,4192.558803789507,-10131.296598201518,1.696572181334762,6.698863636363637,38,71,53.52112676056338,12.10657989217685,-16.512145520001386,2.2473493082301537,,0.8009113448794103,521
30,0.3,0.1,0.55,0.7,22,20,20000,84380.5964413162,64380.5964413162,321.902982206581,27.319772768742645,1.1002947649295856,0.9590645104232174,-32.21586985358588,0.8480221981559111,22.4675669942232,176,129,47,73.29545454545455,1247.7000010111728,-2018.5043338111695,4192.558803789507,-10131.296598201518,1.696572181334762,6.698863636363637,38,71,53.52112676056338,12.10657989217685,-16.512145520001386,2.2473493082301537,,0.8107781416068033,627
30,0.3,0.1,0.55,0.9,22,20,20000,84380.5964413162,64380.5964413162,321.902982206581,27.319772768742645,1.1002947649295856,0.9590645104232174,-32.21586985358588,0.8480221981559111,22.4675669942232,176,129,47,73.29545454545455,1247.7000010111728,-2018.5043338111695,4192.558803789507,-10131.296598201518,1.696572181334762,6.698863636363637,38,71,53.52112676056338,12.10657989217685,-16.512145520001386,2.2473493082301537,,0.8009113448794103,521
30,0.3,0.1,0.55,0.7,22,20,20000,84380.5964413162,64380.5964413162,321.902982206581,27.319772768742645,1.1002947649295856,0.9590645104232174,-32.21586985358588,0.8480221981559111,22.4675669942232,176,129,47,73.29545454545455,1247.7000010111728,-2018.5043338111695,4192.558803789507,-10131.296598201518,1.696572181334762,6.698863636363637,38,71,53.52112676056338,12.10657989217685,-16.512145520001386,2.2473493082301537,,0.8107781416068033,627
30,0.3,0.1,0.55,0.9,22,20,20000,84380.5964413162,64380.5964413162,321.902982206581,27.319772768742645,1.1002947649295856,0.9590645104232174,-32.21586985358588,0.8480221981559111,22.4675669942232,176,129,47,73.29545454545455,1247.7000010111728,-2018.5043338111695,4192.558803789507,-10131.296598201518,1.696572181334762,6.698863636363637,38,71,53.52112676056338,12.10657989217685,-16.512145520001386,2.2473493082301537,,0.8009113448794103,521
30,0.3,0.1,0.55,0.9,22,20,20000,84380.5964413162,64380.5964413162,321.902982206581,27.319772768742645,1.1002947649295856,0.9590645104232174,-32.21586985358588,0.8480221981559111,22.4675669942232,176,129,47,73.29545454545455,1247.7000010111728,-2018.5043338111695,4192.558803789507,-10131.296598201518,1.696572181334762,6.698863636363637,38,71,53.52112676056338,12.10657989217685,-16.512145520001386,2.2473493082301537,,0.8009113448794103,521
30,0.3,0.1,0.55,0.7,22,20,20000,84380.5964413162,64380.5964413162,321.902982206581,27.319772768742645,1.1002947649295856,0.9590645104232174,-32.21586985358588,0.8480221981559111,22.4675669942232,176,129,47,73.29545454545455,1247.7000010111728,-2018.5043338111695,4192.558803789507,-10131.296598201518,1.696572181334762,6.698863636363637,38,71,53.52112676056338,12.10657989217685,-16.512145520001386,2.2473493082301537,,0.8107781416068033,627
30,0.3,0.1,0.55,0.9,22,20,20000,84380.5964413162,64380.5964413162,321.902982206581,27.319772768742645,1.1002947649295856,0.9590645104232174,-32.21586985358588,0.8480221981559111,22.4675669942232,176,129,47,73.29545454545455,1247.7000010111728,-2018.5043338111695,4192.558803789507,-10131.296598201518,1.696572181334762,6.698863636363637,38,71,53.52112676056338,12.10657989217685,-16.512145520001386,2.2473493082301537,,0.8009113448794103,521
30,0.3,0.1,0.55,0.9,22,20,20000,84380.5964413162,64380.5964413162,321.902982206581,27.319772768742645,1.1002947649295856,0.9590645104232174,-32.21586985358588,0.8480221981559111,22.4675669942232,176,129,47,73.29545454545455,1247.7000010111728,-2018.5043338111695,4192.558803789507,-10131.296598201518,1.696572181334762,6.698863636363637,38,71,53.52112676056338,12.10657989217685,-16.512145520001386,2.2473493082301537,,0.8009113448794103,521
30,0.3,0.1,0.55,0.7,22,20,20000,84380.5964413162,64380.5964413162,321.902982206581,27.319772768742645,1.1002947649295856,0.9590645104232174,-32.21586985358588,0.8480221981559111,22.4675669942232,176,129,47,73.29545454545455,1247.7000010111728,-2018.5043338111695,4192.558803789507,-10131.296598201518,1.696572181334762,6.698863636363637,38,71,53.52112676056338,12.10657989217685,-16.512145520001386,2.2473493082301537,,0.8107781416068033,627
30,0.3,0.1,0.55,0.9,22,20,20000,84380.5964413162,64380.5964413162,321.902982206581,27.319772768742645,1.1002947649295856,0.9590645104232174,-32.21586985358588,0.8480221981559111,22.4675669942232,176,129,47,73.29545454545455,1247.7000010111728,-2018.5043338111695,4192.558803789507,-10131.296598201518,1.696572181334762,6.698863636363637,38,71,53.52112676056338,12.10657989217685,-16.512145520001386,2.2473493082301537,,0.8009113448794103,521
30,0.3,0.1,0.55,0.7,22,20,20000,84380.5964413162,64380.5964413162,321.902982206581,27.319772768742645,1.1002947649295856,0.9590645104232174,-32.21586985358588,0.8480221981559111,22.4675669942232,176,129,47,73.29545454545455,1247.7000010111728,-2018.5043338111695,4192.558803789507,-10131.296598201518,1.696572181334762,6.698863636363637,38,71,53.52112676056338,12.10657989217685,-16.512145520001386,2.2473493082301537,,0.8107781416068033,627
30,0.3,0.1,0.55,0.9,22,20,20000,84380.5964413162,64380.5964413162,321.902982206581,27.319772768742645,1.1002947649295856,0.9590645104232174,-32.21586985358588,0.8480221981559111,22.4675669942232,176,129,47,73.29545454545455,1247.7000010111728,-2018.5043338111695,4192.558803789507,-10131.296598201518,1.696572181334762,6.698863636363637,38,71,53.52112676056338,12.10657989217685,-16.512145520001386,2.2473493082301537,,0.8009113448794103,521
30,0.3,0.1,0.55,0.7,22,20,20000,84380.5964413162,64380.5964413162,321.902982206581,27.319772768742645,1.1002947649295856,0.9590645104232174,-32.21586985358588,0.8480221981559111,22.4675669942232,176,129,47,73.29545454545455,1247.7000010111728,-2018.5043338111695,4192.558803789507,-10131.296598201518,1.696572181334762,6.698863636363637,38,71,53.52112676056338,12.10657989217685,-16.512145520001386,2.2473493082301537,,0.8107781416068033,627
30,0.3,0.1,0.55,0.9,22,20,20000,84380.5964413162,64380.5964413162,321.902982206581,27.319772768742645,1.1002947649295856,0.9590645104232174,-32.21586985358588,0.8480221981559111,22.4675669942232,176,129,47,73.29545454545455,1247.7000010111728,-2018.5043338111695,4192.558803789507,-10131.296598201518,1.696572181334762,6.698863636363637,38,71,53.52112676056338,12.10657989217685,-16.512145520001386,2.2473493082301537,,0.8009113448794103,521
30,0.3,0.1,0.55,0.9,22,20,20000,84380.5964413162,64380.5964413162,321.902982206581,27.319772768742645,1.1002947649295856,0.9590645104232174,-32.21586985358588,0.8480221981559111,22.4675669942232,176,129,47,73.29545454545455,1247.7000010111728,-2018.5043338111695,4192.558803789507,-10131.296598201518,1.696572181334762,6.698863636363637,38,71,53.52112676056338,12.10657989217685,-16.512145520001386,2.2473493082301537,,0.8009113448794103,521
30,0.3,0.1,0.55,0.7,22,20,20000,84380.5964413162,64380.5964413162,321.902982206581,27.319772768742645,1.1002947649295856,0.9590645104232174,-32.21586985358588,0.8480221981559111,22.4675669942232,176,129,47,73.29545454545455,1247.7000010111728,-2018.5043338111695,4192.558803789507,-10131.296598201518,1.696572181334762,6.698863636363637,38,71,53.52112676056338,12.10657989217685,-16.512145520001386,2.2473493082301537,,0.8107781416068033,627
30,0.3,0.1,0.55,0.7,22,20,20000,84380.5964413162,64380.5964413162,321.902982206581,27.319772768742645,1.1002947649295856,0.9590645104232174,-32.21586985358588,0.8480221981559111,22.4675669942232,176,129,47,73.29545454545455,1247.7000010111728,-2018.5043338111695,4192.558803789507,-10131.296598201518,1.696572181334762,6.698863636363637,38,71,53.52112676056338,12.10657989217685,-16.512145520001386,2.2473493082301537,,0.8107781416068033,627
30,0.3,0.1,0.55,0.9,22,20,20000,84380.5964413162,64380.5964413162,321.902982206581,27.319772768742645,1.1002947649295856,0.9590645104232174,-32.21586985358588,0.8480221981559111,22.4675669942232,176,129,47,73.29545454545455,1247.7000010111728,-2018.5043338111695,4192.558803789507,-10131.296598201518,1.696572181334762,6.698863636363637,38,71,53.52112676056338,12.10657989217685,-16.512145520001386,2.2473493082301537,,0.8009113448794103,521
30,0.3,0.1,0.55,0.9,22,20,20000,84380.5964413162,64380.5964413162,321.902982206581,27.319772768742645,1.1002947649295856,0.9590645104232174,-32.21586985358588,0.8480221981559111,22.4675669942232,176,129,47,73.29545454545455,1247.7000010111728,-2018.5043338111695,4192.558803789507,-10131.296598201518,1.696572181334762,6.698863636363637,38,71,53.52112676056338,12.10657989217685,-16.512145520001386,2.2473493082301537,,0.8009113448794103,521
30,0.3,0.1,0.55,0.9,22,20,20000,84380.5964413162,64380.5964413162,321.902982206581,27.319772768742645,1.1002947649295856,0.9590645104232174,-32.21586985358588,0.8480221981559111,22.4675669942232,176,129,47,73.29545454545455,1247.7000010111728,-2018.5043338111695,4192.558803789507,-10131.296598201518,1.696572181334762,6.698863636363637,38,71,53.52112676056338,12.10657989217685,-16.512145520001386,2.2473493082301537,,0.8009113448794103,521
30,0.3,0.1,0.55,0.9,22,20,20000,84380.5964413162,64380.5964413162,321.902982206581,27.319772768742645,1.1002947649295856,0.9590645104232174,-32.21586985358588,0.8480221981559111,22.4675669942232,176,129,47,73.29545454545455,1247.7000010111728,-2018.5043338111695,4192.558803789507,-10131.296598201518,1.696572181334762,6.698863636363637,38,71,53.52112676056338,12.10657989217685,-16.512145520001386,2.2473493082301537,,0.8009113448794103,521
30,0.3,0.1,0.55,0.7,22,20,20000,84380.5964413162,64380.5964413162,321.902982206581,27.319772768742645,1.1002947649295856,0.9590645104232174,-32.21586985358588,0.8480221981559111,22.4675669942232,176,129,47,73.29545454545455,1247.7000010111728,-2018.5043338111695,4192.558803789507,-10131.296598201518,1.696572181334762,6.698863636363637,38,71,53.52112676056338,12.10657989217685,-16.512145520001386,2.2473493082301537,,0.8107781416068033,627
30,0.3,0.1,0.55,0.9,22,20,20000,84380.5964413162,64380.5964413162,321.902982206581,27.319772768742645,1.1002947649295856,0.9590645104232174,-32.21586985358588,0.8480221981559111,22.4675669942232,176,129,47,73.29545454545455,1247.7000010111728,-2018.5043338111695,4192.558803789507,-10131.296598201518,1.696572181334762,6.698863636363637,38,71,53.52112676056338,12.10657989217685,-16.512145520001386,2.2473493082301537,,0.8009113448794103,521
30,0.3,0.1,0.55,0.7,22,20,20000,84380.5964413162,64380.5964413162,321.902982206581,27.319772768742645,1.1002947649295856,0.9590645104232174,-32.21586985358588,0.8480221981559111,22.4675669942232,176,129,47,73.29545454545455,1247.7000010111728,-2018.5043338111695,4192.558803789507,-10131.296598201518,1.696572181334762,6.698863636363637,38,71,53.52112676056338,12.10657989217685,-16.512145520001386,2.2473493082301537,,0.8107781416068033,627
30,0.3,0.1,0.55,0.9,22,20,20000,84380.5964413162,64380.5964413162,321.902982206581,27.319772768742645,1.1002947649295856,0.9590645104232174,-32.21586985358588,0.8480221981559111,22.4675669942232,176,129,47,73.29545454545455,1247.7000010111728,-2018.5043338111695,4192.558803789507,-10131.296598201518,1.696572181334762,6.698863636363637,38,71,53.52112676056338,12.10657989217685,-16.512145520001386,2.2473493082301537,,0.8009113448794103,521
30,0.3,0.1,0.55,0.7,22,20,20000,84380.5964413162,64380.5964413162,321.902982206581,27.319772768742645,1.1002947649295856,0.9590645104232174,-32.21586985358588,0.8480221981559111,22.4675669942232,176,129,47,73.29545454545455,1247.7000010111728,-2018.5043338111695,4192.558803789507,-10131.296598201518,1.696572181334762,6.698863636363637,38,71,53.52112676056338,12.10657989217685,-16.512145520001386,2.2473493082301537,,0.8107781416068033,627
30,0.3,0.1,0.55,0.9,22,20,20000,84380.5964413162,64380.5964413162,321.902982206581,27.319772768742645,1.1002947649295856,0.9590645104232174,-32.21586985358588,0.8480221981559111,22.4675669942232,176,129,47,73.29545454545455,1247.7000010111728,-2018.5043338111695,4192.558803789507,-10131.296598201518,1.696572181334762,6.698863636363637,38,71,53.52112676056338,12.10657989217685,-16.512145520001386,2.2473493082301537,,0.8009113448794103,521
30,0.3,0.1,0.55,0.7,22,20,20000,84380.5964413162,64380.5964413162,321.902982206581,27.319772768742645,1.1002947649295856,0.9590645104232174,-32.21586985358588,0.8480221981559111,22.4675669942232,176,129,47,73.29545454545455,1247.7000010111728,-2018.5043338111695,4192.558803789507,-10131.296598201518,1.696572181334762,6.698863636363637,38,71,53.52112676056338,12.10657989217685,-16.512145520001386,2.2473493082301537,,0.8107781416068033,627
30,0.3,0.1,0.55,0.9,22,20,20000,84380.5964413162,64380.5964413162,321.902982206581,27.319772768742645,1.1002947649295856,0.9590645104232174,-32.21586985358588,0.8480221981559111,22.4675669942232,176,129,47,73.29545454545455,1247.7000010111728,-2018.5043338111695,4192.558803789507,-10131.296598201518,1.696572181334762,6.698863636363637,38,71,53.52112676056338,12.10657989217685,-16.512145520001386,2.2473493082301537,,0.8009113448794103,521
30,0.3,0.1,0.55,0.9,22,20,20000,84380.5964413162,64380.5964413162,321.902982206581,27.319772768742645,1.1002947649295856,0.9590645104232174,-32.21586985358588,0.8480221981559111,22.4675669942232,176,129,47,73.29545454545455,1247.7000010111728,-2018.5043338111695,4192.558803789507,-10131.296598201518,1.696572181334762,6.698863636363637,38,71,53.52112676056338,12.10657989217685,-16.512145520001386,2.2473493082301537,,0.8009113448794103,521
30,0.3,0.1,0.55,0.9,22,20,20000,84380.5964413162,64380.5964413162,321.902982206581,27.319772768742645,1.1002947649295856,0.9590645104232174,-32.21586985358588,0.8480221981559111,22.4675669942232,176,129,47,73.29545454545455,1247.7000010111728,-2018.5043338111695,4192.558803789507,-10131.296598201518,1.696572181334762,6.698863636363637,38,71,53.52112676056338,12.10657989217685,-16.512145520001386,2.2473493082301537,,0.8009113448794103,521
30,0.3,0.1,0.55,0.7,22,20,20000,84380.5964413162,64380.5964413162,321.902982206581,27.319772768742645,1.1002947649295856,0.9590645104232174,-32.21586985358588,0.8480221981559111,22.4675669942232,176,129,47,73.29545454545455,1247.7000010111728,-2018.5043338111695,4192.558803789507,-10131.296598201518,1.696572181334762,6.698863636363637,38,71,53.52112676056338,12.10657989217685,-16.512145520001386,2.2473493082301537,,0.8107781416068033,627
30,0.26,0.14,0.6,0.7,22,20,20000,91315.14951982375,71315.14951982375,356.5757475991188,29.01809431245448,1.0864079873593109,0.9558624760623895,-34.63273847683594,0.8378804445932913,24.396592745682195,206,149,57,72.33009708737865,1271.7793587741728,-2012.3925427636427,4443.1224583019575,-11658.081478292841,1.6520016830847997,6.907766990291262,36,71,50.70422535211267,13.263467249958904,-16.279353518460805,2.3723070807862814,,0.8142922511405435,531
30,0.26,0.14,0.6,0.7,22,20,20000,91315.14951982375,71315.14951982375,356.5757475991188,29.01809431245448,1.0864079873593109,0.9558624760623895,-34.63273847683594,0.8378804445932913,24.396592745682195,206,149,57,72.33009708737865,1271.7793587741728,-2012.3925427636427,4443.1224583019575,-11658.081478292841,1.6520016830847997,6.907766990291262,36,71,50.70422535211267,13.263467249958904,-16.279353518460805,2.3723070807862814,,0.8142922511405435,531
30,0.26,0.14,0.6,0.7,22,20,20000,91315.14951982375,71315.14951982375,356.5757475991188,29.01809431245448,1.0864079873593109,0.9558624760623895,-34.63273847683594,0.8378804445932913,24.396592745682195,206,149,57,72.33009708737865,1271.7793587741728,-2012.3925427636427,4443.1224583019575,-11658.081478292841,1.6520016830847997,6.907766990291262,36,71,50.70422535211267,13.263467249958904,-16.279353518460805,2.3723070807862814,,0.8142922511405435,531
30,0.26,0.14,0.6,0.9,22,20,20000,91315.14951982375,71315.14951982375,356.5757475991188,29.01809431245448,1.0864079873593109,0.9558624760623895,-34.63273847683594,0.8378804445932913,24.396592745682195,206,149,57,72.33009708737865,1271.7793587741728,-2012.3925427636427,4443.1224583019575,-11658.081478292841,1.6520016830847997,6.907766990291262,36,71,50.70422535211267,13.263467249958904,-16.279353518460805,2.3723070807862814,,0.8201221734444978,464
30,0.26,0.14,0.6,0.7,22,20,20000,91315.14951982375,71315.14951982375,356.5757475991188,29.01809431245448,1.0864079873593109,0.9558624760623895,-34.63273847683594,0.8378804445932913,24.396592745682195,206,149,57,72.33009708737865,1271.7793587741728,-2012.3925427636427,4443.1224583019575,-11658.081478292841,1.6520016830847997,6.907766990291262,36,71,50.70422535211267,13.263467249958904,-16.279353518460805,2.3723070807862814,,0.8142922511405435,531
30,0.26,0.14,0.6,0.7,22,20,20000,91315.14951982375,71315.14951982375,356.5757475991188,29.01809431245448,1.0864079873593109,0.9558624760623895,-34.63273847683594,0.8378804445932913,24.396592745682195,206,149,57,72.33009708737865,1271.7793587741728,-2012.3925427636427,4443.1224583019575,-11658.081478292841,1.6520016830847997,6.907766990291262,36,71,50.70422535211267,13.263467249958904,-16.279353518460805,2.3723070807862814,,0.8142922511405435,531
30,0.26,0.14,0.6,0.7,22,20,20000,91315.14951982375,71315.14951982375,356.5757475991188,29.01809431245448,1.0864079873593109,0.9558624760623895,-34.63273847683594,0.8378804445932913,24.396592745682195,206,149,57,72.33009708737865,1271.7793587741728,-2012.3925427636427,4443.1224583019575,-11658.081478292841,1.6520016830847997,6.907766990291262,36,71,50.70422535211267,13.263467249958904,-16.279353518460805,2.3723070807862814,,0.8142922511405435,531
30,0.26,0.14,0.6,0.7,22,20,20000,91315.14951982375,71315.14951982375,356.5757475991188,29.01809431245448,1.0864079873593109,0.9558624760623895,-34.63273847683594,0.8378804445932913,24.396592745682195,206,149,57,72.33009708737865,1271.7793587741728,-2012.3925427636427,4443.1224583019575,-11658.081478292841,1.6520016830847997,6.907766990291262,36,71,50.70422535211267,13.263467249958904,-16.279353518460805,2.3723070807862814,,0.8142922511405435,531
30,0.26,0.14,0.6,0.7,22,20,20000,91315.14951982375,71315.14951982375,356.5757475991188,29.01809431245448,1.0864079873593109,0.9558624760623895,-34.63273847683594,0.8378804445932913,24.396592745682195,206,149,57,72.33009708737865,1271.7793587741728,-2012.3925427636427,4443.1224583019575,-11658.081478292841,1.6520016830847997,6.907766990291262,36,71,50.70422535211267,13.263467249958904,-16.279353518460805,2.3723070807862814,,0.8142922511405435,531
30,0.26,0.14,0.6,0.7,22,20,20000,91315.14951982375,71315.14951982375,356.5757475991188,29.01809431245448,1.0864079873593109,0.9558624760623895,-34.63273847683594,0.8378804445932913,24.396592745682195,206,149,57,72.33009708737865,1271.7793587741728,-2012.3925427636427,4443.1224583019575,-11658.081478292841,1.6520016830847997,6.907766990291262,36,71,50.70422535211267,13.263467249958904,-16.279353518460805,2.3723070807862814,,0.8142922511405435,531
30,0.26,0.14,0.6,0.7,22,20,20000,91315.14951982375,71315.14951982375,356.5757475991188,29.01809431245448,1.0864079873593109,0.9558624760623895,-34.63273847683594,0.8378804445932913,24.396592745682195,206,149,57,72.33009708737865,1271.7793587741728,-2012.3925427636427,4443.1224583019575,-11658.081478292841,1.6520016830847997,6.907766990291262,36,71,50.70422535211267,13.263467249958904,-16.279353518460805,2.3723070807862814,,0.8142922511405435,531
30,0.26,0.14,0.6,0.7,22,20,20000,91315.14951982375,71315.14951982375,356.5757475991188,29.01809431245448,1.0864079873593109,0.9558624760623895,-34.63273847683594,0.8378804445932913,24.396592745682195,206,149,57,72.33009708737865,1271.7793587741728,-2012.3925427636427,4443.1224583019575,-11658.081478292841,1.6520016830847997,6.907766990291262,36,71,50.70422535211267,13.263467249958904,-16.279353518460805,2.3723070807862814,,0.8142922511405435,531
30,0.26,0.14,0.6,0.7,22,20,20000,91315.14951982375,71315.14951982375,356.5757475991188,29.01809431245448,1.0864079873593109,0.9558624760623895,-34.63273847683594,0.8378804445932913,24.396592745682195,206,149,57,72.33009708737865,1271.7793587741728,-2012.3925427636427,4443.1224583019575,-11658.081478292841,1.6520016830847997,6.907766990291262,36,71,50.70422535211267,13.263467249958904,-16.279353518460805,2.3723070807862814,,0.8142922511405435,531
30,0.26,0.14,0.6,0.7,22,20,20000,91315.14951982375,71315.14951982375,356.5757475991188,29.01809431245448,1.0864079873593109,0.9558624760623895,-34.63273847683594,0.8378804445932913,24.396592745682195,206,149,57,72.33009708737865,1271.7793587741728,-2012.3925427636427,4443.1224583019575,-11658.081478292841,1.6520016830847997,6.907766990291262,36,71,50.70422535211267,13.263467249958904,-16.279353518460805,2.3723070807862814,,0.8142922511405435,531
30,0.26,0.14,0.6,0.7,22,20,20000,91315.14951982375,71315.14951982375,356.5757475991188,29.01809431245448,1.0864079873593109,0.9558624760623895,-34.63273847683594,0.8378804445932913,24.396592745682195,206,149,57,72.33009708737865,1271.7793587741728,-2012.3925427636427,4443.1224583019575,-11658.081478292841,1.6520016830847997,6.907766990291262,36,71,50.70422535211267,13.263467249958904,-16.279353518460805,2.3723070807862814,,0.8142922511405435,531
30,0.26,0.14,0.6,0.7,22,20,20000,91315.14951982375,71315.14951982375,356.5757475991188,29.01809431245448,1.0864079873593109,0.9558624760623895,-34.63273847683594,0.8378804445932913,24.396592745682195,206,149,57,72.33009708737865,1271.7793587741728,-2012.3925427636427,4443.1224583019575,-11658.081478292841,1.6520016830847997,6.907766990291262,36,71,50.70422535211267,13.263467249958904,-16.279353518460805,2.3723070807862814,,0.8142922511405435,531
30,0.26,0.14,0.6,0.7,22,20,20000,91315.14951982375,71315.14951982375,356.5757475991188,29.01809431245448,1.0864079873593109,0.9558624760623895,-34.63273847683594,0.8378804445932913,24.396592745682195,206,149,57,72.33009708737865,1271.7793587741728,-2012.3925427636427,4443.1224583019575,-11658.081478292841,1.6520016830847997,6.907766990291262,36,71,50.70422535211267,13.263467249958904,-16.279353518460805,2.3723070807862814,,0.8142922511405435,531
30,0.26,0.14,0.6,0.7,22,20,20000,91315.14951982375,71315.14951982375,356.5757475991188,29.01809431245448,1.0864079873593109,0.9558624760623895,-34.63273847683594,0.8378804445932913,24.396592745682195,206,149,57,72.33009708737865,1271.7793587741728,-2012.3925427636427,4443.1224583019575,-11658.081478292841,1.6520016830847997,6.907766990291262,36,71,50.70422535211267,13.263467249958904,-16.279353518460805,2.3723070807862814,,0.8142922511405435,531
30,0.26,0.14,0.6,0.7,22,20,20000,91315.14951982375,71315.14951982375,356.5757475991188,29.01809431245448,1.0864079873593109,0.9558624760623895,-34.63273847683594,0.8378804445932913,24.396592745682195,206,149,57,72.33009708737865,1271.7793587741728,-2012.3925427636427,4443.1224583019575,-11658.081478292841,1.6520016830847997,6.907766990291262,36,71,50.70422535211267,13.263467249958904,-16.279353518460805,2.3723070807862814,,0.8142922511405435,531
30,0.26,0.14,0.6,0.7,22,20,20000,91315.14951982375,71315.14951982375,356.5757475991188,29.01809431245448,1.0864079873593109,0.9558624760623895,-34.63273847683594,0.8378804445932913,24.396592745682195,206,149,57,72.33009708737865,1271.7793587741728,-2012.3925427636427,4443.1224583019575,-11658.081478292841,1.6520016830847997,6.907766990291262,36,71,50.70422535211267,13.263467249958904,-16.279353518460805,2.3723070807862814,,0.8142922511405435,531
30,0.26,0.14,0.6,0.7,22,20,20000,91315.14951982375,71315.14951982375,356.5757475991188,29.01809431245448,1.0864079873593109,0.9558624760623895,-34.63273847683594,0.8378804445932913,24.396592745682195,206,149,57,72.33009708737865,1271.7793587741728,-2012.3925427636427,4443.1224583019575,-11658.081478292841,1.6520016830847997,6.907766990291262,36,71,50.70422535211267,13.263467249958904,-16.279353518460805,2.3723070807862814,,0.8142922511405435,531
30,0.26,0.14,0.6,0.7,22,20,20000,91315.14951982375,71315.14951982375,356.5757475991188,29.01809431245448,1.0864079873593109,0.9558624760623895,-34.63273847683594,0.8378804445932913,24.396592745682195,206,149,57,72.33009708737865,1271.7793587741728,-2012.3925427636427,4443.1224583019575,-11658.081478292841,1.6520016830847997,6.907766990291262,36,71,50.70422535211267,13.263467249958904,-16.279353518460805,2.3723070807862814,,0.8142922511405435,531
30,0.26,0.14,0.6,0.7,22,20,20000,91315.14951982375,71315.14951982375,356.5757475991188,29.01809431245448,1.0864079873593109,0.9558624760623895,-34.63273847683594,0.8378804445932913,24.396592745682195,206,149,57,72.33009708737865,1271.7793587741728,-2012.3925427636427,4443.1224583019575,-11658.081478292841,1.6520016830847997,6.907766990291262,36,71,50.70422535211267,13.263467249958904,-16.279353518460805,2.3723070807862814,,0.8142922511405435,531
30,0.26,0.14,0.6,0.7,22,20,20000,91315.14951982375,71315.14951982375,356.5757475991188,29.01809431245448,1.0864079873593109,0.9558624760623895,-34.63273847683594,0.8378804445932913,24.396592745682195,206,149,57,72.33009708737865,1271.7793587741728,-2012.3925427636427,4443.1224583019575,-11658.081478292841,1.6520016830847997,6.907766990291262,36,71,50.70422535211267,13.263467249958904,-16.279353518460805,2.3723070807862814,,0.8142922511405435,531
30,0.26,0.14,0.6,0.7,22,20,20000,91315.14951982375,71315.14951982375,356.5757475991188,29.01809431245448,1.0864079873593109,0.9558624760623895,-34.63273847683594,0.8378804445932913,24.396592745682195,206,149,57,72.33009708737865,1271.7793587741728,-2012.3925427636427,4443.1224583019575,-11658.081478292841,1.6520016830847997,6.907766990291262,36,71,50.70422535211267,13.263467249958904,-16.279353518460805,2.3723070807862814,,0.8142922511405435,531
30,0.26,0.14,0.6,0.7,22,20,20000,91315.14951982375,71315.14951982375,356.5757475991188,29.01809431245448,1.0864079873593109,0.9558624760623895,-34.63273847683594,0.8378804445932913,24.396592745682195,206,149,57,72.33009708737865,1271.7793587741728,-2012.3925427636427,4443.1224583019575,-11658.081478292841,1.6520016830847997,6.907766990291262,36,71,50.70422535211267,13.263467249958904,-16.279353518460805,2.3723070807862814,,0.8142922511405435,531
30,0.26,0.14,0.6,0.7,22,20,20000,91315.14951982375,71315.14951982375,356.5757475991188,29.01809431245448,1.0864079873593109,0.9558624760623895,-34.63273847683594,0.8378804445932913,24.396592745682195,206,149,57,72.33009708737865,1271.7793587741728,-2012.3925427636427,4443.1224583019575,-11658.081478292841,1.6520016830847997,6.907766990291262,36,71,50.70422535211267,13.263467249958904,-16.279353518460805,2.3723070807862814,,0.8142922511405435,531
30,0.26,0.14,0.6,0.7,22,20,20000,91315.14951982375,71315.14951982375,356.5757475991188,29.01809431245448,1.0864079873593109,0.9558624760623895,-34.63273847683594,0.8378804445932913,24.396592745682195,206,149,57,72.33009708737865,1271.7793587741728,-2012.3925427636427,4443.1224583019575,-11658.081478292841,1.6520016830847997,6.907766990291262,36,71,50.70422535211267,13.263467249958904,-16.279353518460805,2.3723070807862814,,0.8142922511405435,531
30,0.26,0.14,0.6,0.7,22,20,20000,91315.14951982375,71315.14951982375,356.5757475991188,29.01809431245448,1.0864079873593109,0.9558624760623895,-34.63273847683594,0.8378804445932913,24.396592745682195,206,149,57,72.33009708737865,1271.7793587741728,-2012.3925427636427,4443.1224583019575,-11658.081478292841,1.6520016830847997,6.907766990291262,36,71,50.70422535211267,13.263467249958904,-16.279353518460805,2.3723070807862814,,0.8142922511405435,531
30,0.26,0.14,0.6,0.7,22,20,20000,91315.14951982375,71315.14951982375,356.5757475991188,29.01809431245448,1.0864079873593109,0.9558624760623895,-34.63273847683594,0.8378804445932913,24.396592745682195,206,149,57,72.33009708737865,1271.7793587741728,-2012.3925427636427,4443.1224583019575,-11658.081478292841,1.6520016830847997,6.907766990291262,36,71,50.70422535211267,13.263467249958904,-16.279353518460805,2.3723070807862814,,0.8142922511405435,531
30,0.26,0.14,0.6,0.7,22,20,20000,91315.14951982375,71315.14951982375,356.5757475991188,29.01809431245448,1.0864079873593109,0.9558624760623895,-34.63273847683594,0.8378804445932913,24.396592745682195,206,149,57,72.33009708737865,1271.7793587741728,-2012.3925427636427,4443.1224583019575,-11658.081478292841,1.6520016830847997,6.907766990291262,36,71,50.70422535211267,13.263467249958904,-16.279353518460805,2.3723070807862814,,0.8142922511405435,531
30,0.26,0.14,0.6,0.7,22,20,20000,91315.14951982375,71315.14951982375,356.5757475991188,29.01809431245448,1.0864079873593109,0.9558624760623895,-34.63273847683594,0.8378804445932913,24.396592745682195,206,149,57,72.33009708737865,1271.7793587741728,-2012.3925427636427,4443.1224583019575,-11658.081478292841,1.6520016830847997,6.907766990291262,36,71,50.70422535211267,13.263467249958904,-16.279353518460805,2.3723070807862814,,0.8142922511405435,531
30,0.26,0.14,0.6,0.7,22,20,20000,91315.14951982375,71315.14951982375,356.5757475991188,29.01809431245448,1.0864079873593109,0.9558624760623895,-34.63273847683594,0.8378804445932913,24.396592745682195,206,149,57,72.33009708737865,1271.7793587741728,-2012.3925427636427,4443.1224583019575,-11658.081478292841,1.6520016830847997,6.907766990291262,36,71,50.70422535211267,13.263467249958904,-16.279353518460805,2.3723070807862814,,0.8142922511405435,531
30,0.26,0.14,0.6,0.7,22,20,20000,91315.14951982375,71315.14951982375,356.5757475991188,29.01809431245448,1.0864079873593109,0.9558624760623895,-34.63273847683594,0.8378804445932913,24.396592745682195,206,149,57,72.33009708737865,1271.7793587741728,-2012.3925427636427,4443.1224583019575,-11658.081478292841,1.6520016830847997,6.907766990291262,36,71,50.70422535211267,13.263467249958904,-16.279353518460805,2.3723070807862814,,0.8142922511405435,531
30,0.26,0.14,0.6,0.7,22,20,20000,91315.14951982375,71315.14951982375,356.5757475991188,29.01809431245448,1.0864079873593109,0.9558624760623895,-34.63273847683594,0.8378804445932913,24.396592745682195,206,149,57,72.33009708737865,1271.7793587741728,-2012.3925427636427,4443.1224583019575,-11658.081478292841,1.6520016830847997,6.907766990291262,36,71,50.70422535211267,13.263467249958904,-16.279353518460805,2.3723070807862814,,0.8142922511405435,531
30,0.26,0.14,0.6,0.7,22,20,20000,91315.14951982375,71315.14951982375,356.5757475991188,29.01809431245448,1.0864079873593109,0.9558624760623895,-34.63273847683594,0.8378804445932913,24.396592745682195,206,149,57,72.33009708737865,1271.7793587741728,-2012.3925427636427,4443.1224583019575,-11658.081478292841,1.6520016830847997,6.907766990291262,36,71,50.70422535211267,13.263467249958904,-16.279353518460805,2.3723070807862814,,0.8142922511405435,531
30,0.26,0.14,0.6,0.7,22,20,20000,91315.14951982375,71315.14951982375,356.5757475991188,29.01809431245448,1.0864079873593109,0.9558624760623895,-34.63273847683594,0.8378804445932913,24.396592745682195,206,149,57,72.33009708737865,1271.7793587741728,-2012.3925427636427,4443.1224583019575,-11658.081478292841,1.6520016830847997,6.907766990291262,36,71,50.70422535211267,13.263467249958904,-16.279353518460805,2.3723070807862814,,0.8142922511405435,531
30,0.26,0.14,0.6,0.9,22,20,20000,91315.14951982375,71315.14951982375,356.5757475991188,29.01809431245448,1.0864079873593109,0.9558624760623895,-34.63273847683594,0.8378804445932913,24.396592745682195,206,149,57,72.33009708737865,1271.7793587741728,-2012.3925427636427,4443.1224583019575,-11658.081478292841,1.6520016830847997,6.907766990291262,36,71,50.70422535211267,13.263467249958904,-16.279353518460805,2.3723070807862814,,0.8201221734444978,464
30,0.26,0.14,0.6,0.7,22,20,20000,91315.14951982375,71315.14951982375,356.5757475991188,29.01809431245448,1.0864079873593109,0.9558624760623895,-34.63273847683594,0.8378804445932913,24.396592745682195,206,149,57,72.33009708737865,1271.7793587741728,-2012.3925427636427,4443.1224583019575,-11658.081478292841,1.6520016830847997,6.907766990291262,36,71,50.70422535211267,13.263467249958904,-16.279353518460805,2.3723070807862814,,0.8142922511405435,531
30,0.26,0.14,0.6,0.7,22,20,20000,91315.14951982375,71315.14951982375,356.5757475991188,29.01809431245448,1.0864079873593109,0.9558624760623895,-34.63273847683594,0.8378804445932913,24.396592745682195,206,149,57,72.33009708737865,1271.7793587741728,-2012.3925427636427,4443.1224583019575,-11658.081478292841,1.6520016830847997,6.907766990291262,36,71,50.70422535211267,13.263467249958904,-16.279353518460805,2.3723070807862814,,0.8142922511405435,531
30,0.26,0.14,0.6,0.7,22,20,20000,91315.14951982375,71315.14951982375,356.5757475991188,29.01809431245448,1.0864079873593109,0.9558624760623895,-34.63273847683594,0.8378804445932913,24.396592745682195,206,149,57,72.33009708737865,1271.7793587741728,-2012.3925427636427,4443.1224583019575,-11658.081478292841,1.6520016830847997,6.907766990291262,36,71,50.70422535211267,13.263467249958904,-16.279353518460805,2.3723070807862814,,0.8142922511405435,531
30,0.26,0.14,0.6,0.7,22,20,20000,91315.14951982375,71315.14951982375,356.5757475991188,29.01809431245448,1.0864079873593109,0.9558624760623895,-34.63273847683594,0.8378804445932913,24.396592745682195,206,149,57,72.33009708737865,1271.7793587741728,-2012.3925427636427,4443.1224583019575,-11658.081478292841,1.6520016830847997,6.907766990291262,36,71,50.70422535211267,13.263467249958904,-16.279353518460805,2.3723070807862814,,0.8142922511405435,531
30,0.26,0.14,0.6,0.7,22,20,20000,91315.14951982375,71315.14951982375,356.5757475991188,29.01809431245448,1.0864079873593109,0.9558624760623895,-34.63273847683594,0.8378804445932913,24.396592745682195,206,149,57,72.33009708737865,1271.7793587741728,-2012.3925427636427,4443.1224583019575,-11658.081478292841,1.6520016830847997,6.907766990291262,36,71,50.70422535211267,13.263467249958904,-16.279353518460805,2.3723070807862814,,0.8142922511405435,531
30,0.26,0.14,0.6,0.9,22,20,20000,91315.14951982375,71315.14951982375,356.5757475991188,29.01809431245448,1.0864079873593109,0.9558624760623895,-34.63273847683594,0.8378804445932913,24.396592745682195,206,149,57,72.33009708737865,1271.7793587741728,-2012.3925427636427,4443.1224583019575,-11658.081478292841,1.6520016830847997,6.907766990291262,36,71,50.70422535211267,13.263467249958904,-16.279353518460805,2.3723070807862814,,0.8201221734444978,464
30,0.26,0.14,0.6,0.7,22,20,20000,91315.14951982375,71315.14951982375,356.5757475991188,29.01809431245448,1.0864079873593109,0.9558624760623895,-34.63273847683594,0.8378804445932913,24.396592745682195,206,149,57,72.33009708737865,1271.7793587741728,-2012.3925427636427,4443.1224583019575,-11658.081478292841,1.6520016830847997,6.907766990291262,36,71,50.70422535211267,13.263467249958904,-16.279353518460805,2.3723070807862814,,0.8142922511405435,531
30,0.26,0.14,0.6,0.7,22,20,20000,91315.14951982375,71315.14951982375,356.5757475991188,29.01809431245448,1.0864079873593109,0.9558624760623895,-34.63273847683594,0.8378804445932913,24.396592745682195,206,149,57,72.33009708737865,1271.7793587741728,-2012.3925427636427,4443.1224583019575,-11658.081478292841,1.6520016830847997,6.907766990291262,36,71,50.70422535211267,13.263467249958904,-16.279353518460805,2.3723070807862814,,0.8142922511405435,531
30,0.26,0.14,0.6,0.7,22,20,20000,91315.14951982375,71315.14951982375,356.5757475991188,29.01809431245448,1.0864079873593109,0.9558624760623895,-34.63273847683594,0.8378804445932913,24.396592745682195,206,149,57,72.33009708737865,1271.7793587741728,-2012.3925427636427,4443.1224583019575,-11658.081478292841,1.6520016830847997,6.907766990291262,36,71,50.70422535211267,13.263467249958904,-16.279353518460805,2.3723070807862814,,0.8142922511405435,531
30,0.26,0.14,0.6,0.9,22,20,20000,91315.14951982375,71315.14951982375,356.5757475991188,29.01809431245448,1.0864079873593109,0.9558624760623895,-34.63273847683594,0.8378804445932913,24.396592745682195,206,149,57,72.33009708737865,1271.7793587741728,-2012.3925427636427,4443.1224583019575,-11658.081478292841,1.6520016830847997,6.907766990291262,36,71,50.70422535211267,13.263467249958904,-16.279353518460805,2.3723070807862814,,0.8201221734444978,464
30,0.26,0.14,0.6,0.7,22,20,20000,91315.14951982375,71315.14951982375,356.5757475991188,29.01809431245448,1.0864079873593109,0.9558624760623895,-34.63273847683594,0.8378804445932913,24.396592745682195,206,149,57,72.33009708737865,1271.7793587741728,-2012.3925427636427,4443.1224583019575,-11658.081478292841,1.6520016830847997,6.907766990291262,36,71,50.70422535211267,13.263467249958904,-16.279353518460805,2.3723070807862814,,0.8142922511405435,531
30,0.26,0.14,0.6,0.7,22,20,20000,91315.14951982375,71315.14951982375,356.5757475991188,29.01809431245448,1.0864079873593109,0.9558624760623895,-34.63273847683594,0.8378804445932913,24.396592745682195,206,149,57,72.33009708737865,1271.7793587741728,-2012.3925427636427,4443.1224583019575,-11658.081478292841,1.6520016830847997,6.907766990291262,36,71,50.70422535211267,13.263467249958904,-16.279353518460805,2.3723070807862814,,0.8142922511405435,531
30,0.26,0.14,0.6,0.9,22,20,20000,91315.14951982375,71315.14951982375,356.5757475991188,29.01809431245448,1.0864079873593109,0.9558624760623895,-34.63273847683594,0.8378804445932913,24.396592745682195,206,149,57,72.33009708737865,1271.7793587741728,-2012.3925427636427,4443.1224583019575,-11658.081478292841,1.6520016830847997,6.907766990291262,36,71,50.70422535211267,13.263467249958904,-16.279353518460805,2.3723070807862814,,0.8201221734444978,464
30,0.26,0.14,0.6,0.7,22,20,20000,91315.14951982375,71315.14951982375,356.5757475991188,29.01809431245448,1.0864079873593109,0.9558624760623895,-34.63273847683594,0.8378804445932913,24.396592745682195,206,149,57,72.33009708737865,1271.7793587741728,-2012.3925427636427,4443.1224583019575,-11658.081478292841,1.6520016830847997,6.907766990291262,36,71,50.70422535211267,13.263467249958904,-16.279353518460805,2.3723070807862814,,0.8142922511405435,531
30,0.26,0.14,0.6,0.7,22,20,20000,91315.14951982375,71315.14951982375,356.5757475991188,29.01809431245448,1.0864079873593109,0.9558624760623895,-34.63273847683594,0.8378804445932913,24.396592745682195,206,149,57,72.33009708737865,1271.7793587741728,-2012.3925427636427,4443.1224583019575,-11658.081478292841,1.6520016830847997,6.907766990291262,36,71,50.70422535211267,13.263467249958904,-16.279353518460805,2.3723070807862814,,0.8142922511405435,531
30,0.26,0.14,0.6,0.7,22,20,20000,91315.14951982375,71315.14951982375,356.5757475991188,29.01809431245448,1.0864079873593109,0.9558624760623895,-34.63273847683594,0.8378804445932913,24.396592745682195,206,149,57,72.33009708737865,1271.7793587741728,-2012.3925427636427,4443.1224583019575,-11658.081478292841,1.6520016830847997,6.907766990291262,36,71,50.70422535211267,13.263467249958904,-16.279353518460805,2.3723070807862814,,0.8142922511405435,531
30,0.26,0.14,0.6,0.7,22,20,20000,91315.14951982375,71315.14951982375,356.5757475991188,29.01809431245448,1.0864079873593109,0.9558624760623895,-34.63273847683594,0.8378804445932913,24.396592745682195,206,149,57,72.33009708737865,1271.7793587741728,-2012.3925427636427,4443.1224583019575,-11658.081478292841,1.6520016830847997,6.907766990291262,36,71,50.70422535211267,13.263467249958904,-16.279353518460805,2.3723070807862814,,0.8142922511405435,531
30,0.26,0.14,0.6,0.7,22,20,20000,91315.14951982375,71315.14951982375,356.5757475991188,29.01809431245448,1.0864079873593109,0.9558624760623895,-34.63273847683594,0.8378804445932913,24.396592745682195,206,149,57,72.33009708737865,1271.7793587741728,-2012.3925427636427,4443.1224583019575,-11658.081478292841,1.6520016830847997,6.907766990291262,36,71,50.70422535211267,13.263467249958904,-16.279353518460805,2.3723070807862814,,0.8142922511405435,531
30,0.26,0.14,0.6,0.7,22,20,20000,91315.14951982375,71315.14951982375,356.5757475991188,29.01809431245448,1.0864079873593109,0.9558624760623895,-34.63273847683594,0.8378804445932913,24.396592745682195,206,149,57,72.33009708737865,1271.7793587741728,-2012.3925427636427,4443.1224583019575,-11658.081478292841,1.6520016830847997,6.907766990291262,36,71,50.70422535211267,13.263467249958904,-16.279353518460805,2.3723070807862814,,0.8142922511405435,531
30,0.26,0.14,0.6,0.7,22,20,20000,91315.14951982375,71315.14951982375,356.5757475991188,29.01809431245448,1.0864079873593109,0.9558624760623895,-34.63273847683594,0.8378804445932913,24.396592745682195,206,149,57,72.33009708737865,1271.7793587741728,-2012.3925427636427,4443.1224583019575,-11658.081478292841,1.6520016830847997,6.907766990291262,36,71,50.70422535211267,13.263467249958904,-16.279353518460805,2.3723070807862814,,0.8142922511405435,531
30,0.26,0.14,0.6,0.9,22,20,20000,91315.14951982375,71315.14951982375,356.5757475991188,29.01809431245448,1.0864079873593109,0.9558624760623895,-34.63273847683594,0.8378804445932913,24.396592745682195,206,149,57,72.33009708737865,1271.7793587741728,-2012.3925427636427,4443.1224583019575,-11658.081478292841,1.6520016830847997,6.907766990291262,36,71,50.70422535211267,13.263467249958904,-16.279353518460805,2.3723070807862814,,0.8201221734444978,464
30,0.26,0.14,0.6,0.7,22,20,20000,91315.14951982375,71315.14951982375,356.5757475991188,29.01809431245448,1.0864079873593109,0.9558624760623895,-34.63273847683594,0.8378804445932913,24.396592745682195,206,149,57,72.33009708737865,1271.7793587741728,-2012.3925427636427,4443.1224583019575,-11658.081478292841,1.6520016830847997,6.907766990291262,36,71,50.70422535211267,13.263467249958904,-16.279353518460805,2.3723070807862814,,0.8142922511405435,531
30,0.26,0.14,0.6,0.7,22,20,20000,91315.14951982375,71315.14951982375,356.5757475991188,29.01809431245448,1.0864079873593109,0.9558624760623895,-34.63273847683594,0.8378804445932913,24.396592745682195,206,149,57,72.33009708737865,1271.7793587741728,-2012.3925427636427,4443.1224583019575,-11658.081478292841,1.6520016830847997,6.907766990291262,36,71,50.70422535211267,13.263467249958904,-16.279353518460805,2.3723070807862814,,0.8142922511405435,531
30,0.26,0.14,0.6,0.7,22,20,20000,91315.14951982375,71315.14951982375,356.5757475991188,29.01809431245448,1.0864079873593109,0.9558624760623895,-34.63273847683594,0.8378804445932913,24.396592745682195,206,149,57,72.33009708737865,1271.7793587741728,-2012.3925427636427,4443.1224583019575,-11658.081478292841,1.6520016830847997,6.907766990291262,36,71,50.70422535211267,13.263467249958904,-16.279353518460805,2.3723070807862814,,0.8142922511405435,531
30,0.26,0.14,0.6,0.7,22,20,20000,91315.14951982375,71315.14951982375,356.5757475991188,29.01809431245448,1.0864079873593109,0.9558624760623895,-34.63273847683594,0.8378804445932913,24.396592745682195,206,149,57,72.33009708737865,1271.7793587741728,-2012.3925427636427,4443.1224583019575,-11658.081478292841,1.6520016830847997,6.907766990291262,36,71,50.70422535211267,13.263467249958904,-16.279353518460805,2.3723070807862814,,0.8142922511405435,531
30,0.26,0.14,0.6,0.9,22,20,20000,91315.14951982375,71315.14951982375,356.5757475991188,29.01809431245448,1.0864079873593109,0.9558624760623895,-34.63273847683594,0.8378804445932913,24.396592745682195,206,149,57,72.33009708737865,1271.7793587741728,-2012.3925427636427,4443.1224583019575,-11658.081478292841,1.6520016830847997,6.907766990291262,36,71,50.70422535211267,13.263467249958904,-16.279353518460805,2.3723070807862814,,0.8201221734444978,464
30,0.26,0.14,0.6,0.7,22,20,20000,91315.14951982375,71315.14951982375,356.5757475991188,29.01809431245448,1.0864079873593109,0.9558624760623895,-34.63273847683594,0.8378804445932913,24.396592745682195,206,149,57,72.33009708737865,1271.7793587741728,-2012.3925427636427,4443.1224583019575,-11658.081478292841,1.6520016830847997,6.907766990291262,36,71,50.70422535211267,13.263467249958904,-16.279353518460805,2.3723070807862814,,0.8142922511405435,531
30,0.26,0.14,0.6,0.7,22,20,20000,91315.14951982375,71315.14951982375,356.5757475991188,29.01809431245448,1.0864079873593109,0.9558624760623895,-34.63273847683594,0.8378804445932913,24.396592745682195,206,149,57,72.33009708737865,1271.7793587741728,-2012.3925427636427,4443.1224583019575,-11658.081478292841,1.6520016830847997,6.907766990291262,36,71,50.70422535211267,13.263467249958904,-16.279353518460805,2.3723070807862814,,0.8142922511405435,531
30,0.26,0.14,0.6,0.7,22,20,20000,91315.14951982375,71315.14951982375,356.5757475991188,29.01809431245448,1.0864079873593109,0.9558624760623895,-34.63273847683594,0.8378804445932913,24.396592745682195,206,149,57,72.33009708737865,1271.7793587741728,-2012.3925427636427,4443.1224583019575,-11658.081478292841,1.6520016830847997,6.907766990291262,36,71,50.70422535211267,13.263467249958904,-16.279353518460805,2.3723070807862814,,0.8142922511405435,531
30,0.26,0.14,0.6,0.7,22,20,20000,91315.14951982375,71315.14951982375,356.5757475991188,29.01809431245448,1.0864079873593109,0.9558624760623895,-34.63273847683594,0.8378804445932913,24.396592745682195,206,149,57,72.33009708737865,1271.7793587741728,-2012.3925427636427,4443.1224583019575,-11658.081478292841,1.6520016830847997,6.907766990291262,36,71,50.70422535211267,13.263467249958904,-16.279353518460805,2.3723070807862814,,0.8142922511405435,531
30,0.26,0.14,0.6,0.7,22,20,20000,91315.14951982375,71315.14951982375,356.5757475991188,29.01809431245448,1.0864079873593109,0.9558624760623895,-34.63273847683594,0.8378804445932913,24.396592745682195,206,149,57,72.33009708737865,1271.7793587741728,-2012.3925427636427,4443.1224583019575,-11658.081478292841,1.6520016830847997,6.907766990291262,36,71,50.70422535211267,13.263467249958904,-16.279353518460805,2.3723070807862814,,0.8142922511405435,531
30,0.3,0.08,0.55,0.5,22,20,20000,74053.65179158685,54053.651791586846,270.2682589579342,24.561431657262766,1.0845783151306803,0.9248473316897905,-29.66542449534288,0.8279480936171542,20.351136877863077,175,130,45,74.28571428571429,1020.7328073761857,-1719.5402926070476,3171.1119203059657,-7070.768285426822,1.7148674436018505,6.651428571428571,38,71,53.52112676056338,11.117795252314266,-14.605994296271941,2.0189575057990066,,0.8137730623037767,276
30,0.3,0.08,0.55,0.5,22,20,20000,74053.65179158685,54053.651791586846,270.2682589579342,24.561431657262766,1.0845783151306803,0.9248473316897905,-29.66542449534288,0.8279480936171542,20.351136877863077,175,130,45,74.28571428571429,1020.7328073761857,-1719.5402926070476,3171.1119203059657,-7070.768285426822,1.7148674436018505,6.651428571428571,38,71,53.52112676056338,11.117795252314266,-14.605994296271941,2.0189575057990066,,0.8137730623037767,276
30,0.3,0.08,0.55,0.5,22,20,20000,74053.65179158685,54053.651791586846,270.2682589579342,24.561431657262766,1.0845783151306803,0.9248473316897905,-29.66542449534288,0.8279480936171542,20.351136877863077,175,130,45,74.28571428571429,1020.7328073761857,-1719.5402926070476,3171.1119203059657,-7070.768285426822,1.7148674436018505,6.651428571428571,38,71,53.52112676056338,11.117795252314266,-14.605994296271941,2.0189575057990066,,0.8137730623037767,276
30,0.3,0.08,0.55,0.5,22,20,20000,74053.65179158685,54053.651791586846,270.2682589579342,24.561431657262766,1.0845783151306803,0.9248473316897905,-29.66542449534288,0.8279480936171542,20.351136877863077,175,130,45,74.28571428571429,1020.7328073761857,-1719.5402926070476,3171.1119203059657,-7070.768285426822,1.7148674436018505,6.651428571428571,38,71,53.52112676056338,11.117795252314266,-14.605994296271941,2.0189575057990066,,0.8137730623037767,276
30,0.3,0.08,0.55,0.5,22,20,20000,74053.65179158685,54053.651791586846,270.2682589579342,24.561431657262766,1.0845783151306803,0.9248473316897905,-29.66542449534288,0.8279480936171542,20.351136877863077,175,130,45,74.28571428571429,1020.7328073761857,-1719.5402926070476,3171.1119203059657,-7070.768285426822,1.7148674436018505,6.651428571428571,38,71,53.52112676056338,11.117795252314266,-14.605994296271941,2.0189575057990066,,0.8137730623037767,276
30,0.3,0.08,0.55,0.5,22,20,20000,74053.65179158685,54053.651791586846,270.2682589579342,24.561431657262766,1.0845783151306803,0.9248473316897905,-29.66542449534288,0.8279480936171542,20.351136877863077,175,130,45,74.28571428571429,1020.7328073761857,-1719.5402926070476,3171.1119203059657,-7070.768285426822,1.7148674436018505,6.651428571428571,38,71,53.52112676056338,11.117795252314266,-14.605994296271941,2.0189575057990066,,0.8137730623037767,276
30,0.3,0.08,0.55,0.5,22,20,20000,74053.65179158685,54053.651791586846,270.2682589579342,24.561431657262766,1.0845783151306803,0.9248473316897905,-29.66542449534288,0.8279480936171542,20.351136877863077,175,130,45,74.28571428571429,1020.7328073761857,-1719.5402926070476,3171.1119203059657,-7070.768285426822,1.7148674436018505,6.651428571428571,38,71,53.52112676056338,11.117795252314266,-14.605994296271941,2.0189575057990066,,0.8137730623037767,276
30,0.3,0.08,0.55,0.5,22,20,20000,74053.65179158685,54053.651791586846,270.2682589579342,24.561431657262766,1.0845783151306803,0.9248473316897905,-29.66542449534288,0.8279480936171542,20.351136877863077,175,130,45,74.28571428571429,1020.7328073761857,-1719.5402926070476,3171.1119203059657,-7070.768285426822,1.7148674436018505,6.651428571428571,38,71,53.52112676056338,11.117795252314266,-14.605994296271941,2.0189575057990066,,0.8137730623037767,276
30,0.3,0.08,0.55,0.5,22,20,20000,74053.65179158685,54053.651791586846,270.2682589579342,24.561431657262766,1.0845783151306803,0.9248473316897905,-29.66542449534288,0.8279480936171542,20.351136877863077,175,130,45,74.28571428571429,1020.7328073761857,-1719.5402926070476,3171.1119203059657,-7070.768285426822,1.7148674436018505,6.651428571428571,38,71,53.52112676056338,11.117795252314266,-14.605994296271941,2.0189575057990066,,0.8137730623037767,276
30,0.3,0.08,0.55,0.5,22,20,20000,74053.65179158685,54053.651791586846,270.2682589579342,24.561431657262766,1.0845783151306803,0.9248473316897905,-29.66542449534288,0.8279480936171542,20.351136877863077,175,130,45,74.28571428571429,1020.7328073761857,-1719.5402926070476,3171.1119203059657,-7070.768285426822,1.7148674436018505,6.651428571428571,38,71,53.52112676056338,11.117795252314266,-14.605994296271941,2.0189575057990066,,0.8137730623037767,276
30,0.3,0.08,0.55,0.5,22,20,20000,74053.65179158685,54053.651791586846,270.2682589579342,24.561431657262766,1.0845783151306803,0.9248473316897905,-29.66542449534288,0.8279480936171542,20.351136877863077,175,130,45,74.28571428571429,1020.7328073761857,-1719.5402926070476,3171.1119203059657,-7070.768285426822,1.7148674436018505,6.651428571428571,38,71,53.52112676056338,11.117795252314266,-14.605994296271941,2.0189575057990066,,0.8137730623037767,276
30,0.3,0.08,0.55,0.5,22,20,20000,74053.65179158685,54053.651791586846,270.2682589579342,24.561431657262766,1.0845783151306803,0.9248473316897905,-29.66542449534288,0.8279480936171542,20.351136877863077,175,130,45,74.28571428571429,1020.7328073761857,-1719.5402926070476,3171.1119203059657,-7070.768285426822,1.7148674436018505,6.651428571428571,38,71,53.52112676056338,11.117795252314266,-14.605994296271941,2.0189575057990066,,0.8137730623037767,276
30,0.3,0.08,0.55,0.5,22,20,20000,74053.65179158685,54053.651791586846,270.2682589579342,24.561431657262766,1.0845783151306803,0.9248473316897905,-29.66542449534288,0.8279480936171542,20.351136877863077,175,130,45,74.28571428571429,1020.7328073761857,-1719.5402926070476,3171.1119203059657,-7070.768285426822,1.7148674436018505,6.651428571428571,38,71,53.52112676056338,11.117795252314266,-14.605994296271941,2.0189575057990066,,0.8137730623037767,276
30,0.3,0.08,0.55,0.5,22,20,20000,74053.65179158685,54053.651791586846,270.2682589579342,24.561431657262766,1.0845783151306803,0.9248473316897905,-29.66542449534288,0.8279480936171542,20.351136877863077,175,130,45,74.28571428571429,1020.7328073761857,-1719.5402926070476,3171.1119203059657,-7070.768285426822,1.7148674436018505,6.651428571428571,38,71,53.52112676056338,11.117795252314266,-14.605994296271941,2.0189575057990066,,0.8137730623037767,276
30,0.3,0.08,0.55,0.5,22,20,20000,74053.65179158685,54053.651791586846,270.2682589579342,24.561431657262766,1.0845783151306803,0.9248473316897905,-29.66542449534288,0.8279480936171542,20.351136877863077,175,130,45,74.28571428571429,1020.7328073761857,-1719.5402926070476,3171.1119203059657,-7070.768285426822,1.7148674436018505,6.651428571428571,38,71,53.52112676056338,11.117795252314266,-14.605994296271941,2.0189575057990066,,0.8137730623037767,276
30,0.3,0.08,0.55,0.5,22,20,20000,74053.65179158685,54053.651791586846,270.2682589579342,24.561431657262766,1.0845783151306803,0.9248473316897905,-29.66542449534288,0.8279480936171542,20.351136877863077,175,130,45,74.28571428571429,1020.7328073761857,-1719.5402926070476,3171.1119203059657,-7070.768285426822,1.7148674436018505,6.651428571428571,38,71,53.52112676056338,11.117795252314266,-14.605994296271941,2.0189575057990066,,0.8137730623037767,276
30,0.3,0.08,0.55,0.5,22,20,20000,74053.65179158685,54053.651791586846,270.2682589579342,24.561431657262766,1.0845783151306803,0.9248473316897905,-29.66542449534288,0.8279480936171542,20.351136877863077,175,130,45,74.28571428571429,1020.7328073761857,-1719.5402926070476,3171.1119203059657,-7070.768285426822,1.7148674436018505,6.651428571428571,38,71,53.52112676056338,11.117795252314266,-14.605994296271941,2.0189575057990066,,0.8137730623037767,276
30,0.3,0.08,0.55,0.5,22,20,20000,74053.65179158685,54053.651791586846,270.2682589579342,24.561431657262766,1.0845783151306803,0.9248473316897905,-29.66542449534288,0.8279480936171542,20.351136877863077,175,130,45,74.28571428571429,1020.7328073761857,-1719.5402926070476,3171.1119203059657,-7070.768285426822,1.7148674436018505,6.651428571428571,38,71,53.52112676056338,11.117795252314266,-14.605994296271941,2.0189575057990066,,0.8137730623037767,276
30,0.3,0.08,0.55,0.5,22,20,20000,74053.65179158685,54053.651791586846,270.2682589579342,24.561431657262766,1.0845783151306803,0.9248473316897905,-29.66542449534288,0.8279480936171542,20.351136877863077,175,130,45,74.28571428571429,1020.7328073761857,-1719.5402926070476,3171.1119203059657,-7070.768285426822,1.7148674436018505,6.651428571428571,38,71,53.52112676056338,11.117795252314266,-14.605994296271941,2.0189575057990066,,0.8137730623037767,276
30,0.26,0.14,0.6,0.5,22,20,20000,91076.33005212064,71076.33005212064,355.38165026060324,28.9614206536992,1.0840776030244403,0.9507064931481868,-34.68992499569394,0.834865473398809,24.41284690980093,204,147,57,72.05882352941177,1286.3129273585735,-2009.5310573612176,4443.1224583019575,-12317.785290281756,1.6507997360008335,6.931372549019608,36,71,50.70422535211267,13.263467249958904,-17.108390668788786,2.370003842684219,,0.8141587512500027,411
30,0.26,0.14,0.6,0.5,22,20,20000,91076.33005212064,71076.33005212064,355.38165026060324,28.9614206536992,1.0840776030244403,0.9507064931481868,-34.68992499569394,0.834865473398809,24.41284690980093,204,147,57,72.05882352941177,1286.3129273585735,-2009.5310573612176,4443.1224583019575,-12317.785290281756,1.6507997360008335,6.931372549019608,36,71,50.70422535211267,13.263467249958904,-17.108390668788786,2.370003842684219,,0.8141587512500027,411
30,0.26,0.14,0.6,0.5,22,20,20000,91076.33005212064,71076.33005212064,355.38165026060324,28.9614206536992,1.0840776030244403,0.9507064931481868,-34.68992499569394,0.834865473398809,24.41284690980093,204,147,57,72.05882352941177,1286.3129273585735,-2009.5310573612176,4443.1224583019575,-12317.785290281756,1.6507997360008335,6.931372549019608,36,71,50.70422535211267,13.263467249958904,-17.108390668788786,2.370003842684219,,0.8141587512500027,411
30,0.26,0.14,0.6,0.5,22,20,20000,91076.33005212064,71076.33005212064,355.38165026060324,28.9614206536992,1.0840776030244403,0.9507064931481868,-34.68992499569394,0.834865473398809,24.41284690980093,204,147,57,72.05882352941177,1286.3129273585735,-2009.5310573612176,4443.1224583019575,-12317.785290281756,1.6507997360008335,6.931372549019608,36,71,50.70422535211267,13.263467249958904,-17.108390668788786,2.370003842684219,,0.8141587512500027,411
30,0.26,0.14,0.6,0.5,22,20,20000,91076.33005212064,71076.33005212064,355.38165026060324,28.9614206536992,1.0840776030244403,0.9507064931481868,-34.68992499569394,0.834865473398809,24.41284690980093,204,147,57,72.05882352941177,1286.3129273585735,-2009.5310573612176,4443.1224583019575,-12317.785290281756,1.6507997360008335,6.931372549019608,36,71,50.70422535211267,13.263467249958904,-17.108390668788786,2.370003842684219,,0.8141587512500027,411
30,0.26,0.14,0.6,0.5,22,20,20000,91076.33005212064,71076.33005212064,355.38165026060324,28.9614206536992,1.0840776030244403,0.9507064931481868,-34.68992499569394,0.834865473398809,24.41284690980093,204,147,57,72.05882352941177,1286.3129273585735,-2009.5310573612176,4443.1224583019575,-12317.785290281756,1.6507997360008335,6.931372549019608,36,71,50.70422535211267,13.263467249958904,-17.108390668788786,2.370003842684219,,0.8141587512500027,411
30,0.3,0.1,0.55,0.5,22,20,20000,82791.97459660462,62791.97459660462,313.9598729830231,26.91442033739073,1.0835349406949961,0.9407578649256997,-32.1297316036467,0.8376795881586502,22.53523632796145,170,123,47,72.35294117647058,1292.079165782691,-2009.5800594609857,3913.054883536873,-9765.744713097267,1.682639441001594,6.682352941176471,37,71,52.112676056338024,12.164209379034329,-16.210615023212515,2.223708586805143,,0.8082480644353245,331
30,0.3,0.1,0.55,0.5,22,20,20000,82791.97459660462,62791.97459660462,313.9598729830231,26.91442033739073,1.0835349406949961,0.9407578649256997,-32.1297316036467,0.8376795881586502,22.53523632796145,170,123,47,72.35294117647058,1292.079165782691,-2009.5800594609857,3913.054883536873,-9765.744713097267,1.682639441001594,6.682352941176471,37,71,52.112676056338024,12.164209379034329,-16.210615023212515,2.223708586805143,,0.8082480644353245,331
30,0.3,0.1,0.55,0.5,22,20,20000,82791.97459660462,62791.97459660462,313.9598729830231,26.91442033739073,1.0835349406949961,0.9407578649256997,-32.1297316036467,0.8376795881586502,22.53523632796145,170,123,47,72.35294117647058,1292.079165782691,-2009.5800594609857,3913.054883536873,-9765.744713097267,1.682639441001594,6.682352941176471,37,71,52.112676056338024,12.164209379034329,-16.210615023212515,2.223708586805143,,0.8082480644353245,331
30,0.3,0.1,0.55,0.5,22,20,20000,82791.97459660462,62791.97459660462,313.9598729830231,26.91442033739073,1.0835349406949961,0.9407578649256997,-32.1297316036467,0.8376795881586502,22.53523632796145,170,123,47,72.35294117647058,1292.079165782691,-2009.5800594609857,3913.054883536873,-9765.744713097267,1.682639441001594,6.682352941176471,37,71,52.112676056338024,12.164209379034329,-16.210615023212515,2.223708586805143,,0.8082480644353245,331
30,0.3,0.1,0.55,0.5,22,20,20000,82791.97459660462,62791.97459660462,313.9598729830231,26.91442033739073,1.0835349406949961,0.9407578649256997,-32.1297316036467,0.8376795881586502,22.53523632796145,170,123,47,72.35294117647058,1292.079165782691,-2009.5800594609857,3913.054883536873,-9765.744713097267,1.682639441001594,6.682352941176471,37,71,52.112676056338024,12.164209379034329,-16.210615023212515,2.223708586805143,,0.8082480644353245,331
30,0.3,0.1,0.55,0.5,22,20,20000,82791.97459660462,62791.97459660462,313.9598729830231,26.91442033739073,1.0835349406949961,0.9407578649256997,-32.1297316036467,0.8376795881586502,22.53523632796145,170,123,47,72.35294117647058,1292.079165782691,-2009.5800594609857,3913.054883536873,-9765.744713097267,1.682639441001594,6.682352941176471,37,71,52.112676056338024,12.164209379034329,-16.210615023212515,2.223708586805143,,0.8082480644353245,331
30,0.3,0.1,0.55,0.5,22,20,20000,82791.97459660462,62791.97459660462,313.9598729830231,26.91442033739073,1.0835349406949961,0.9407578649256997,-32.1297316036467,0.8376795881586502,22.53523632796145,170,123,47,72.35294117647058,1292.079165782691,-2009.5800594609857,3913.054883536873,-9765.744713097267,1.682639441001594,6.682352941176471,37,71,52.112676056338024,12.164209379034329,-16.210615023212515,2.223708586805143,,0.8082480644353245,331
30,0.3,0.1,0.55,0.5,22,20,20000,82791.97459660462,62791.97459660462,313.9598729830231,26.91442033739073,1.0835349406949961,0.9407578649256997,-32.1297316036467,0.8376795881586502,22.53523632796145,170,123,47,72.35294117647058,1292.079165782691,-2009.5800594609857,3913.054883536873,-9765.744713097267,1.682639441001594,6.682352941176471,37,71,52.112676056338024,12.164209379034329,-16.210615023212515,2.223708586805143,,0.8082480644353245,331
30,0.3,0.1,0.55,0.5,22,20,20000,82791.97459660462,62791.97459660462,313.9598729830231,26.91442033739073,1.0835349406949961,0.9407578649256997,-32.1297316036467,0.8376795881586502,22.53523632796145,170,123,47,72.35294117647058,1292.079165782691,-2009.5800594609857,3913.054883536873,-9765.744713097267,1.682639441001594,6.682352941176471,37,71,52.112676056338024,12.164209379034329,-16.210615023212515,2.223708586805143,,0.8082480644353245,331
30,0.3,0.1,0.55,0.5,22,20,20000,82791.97459660462,62791.97459660462,313.9598729830231,26.91442033739073,1.0835349406949961,0.9407578649256997,-32.1297316036467,0.8376795881586502,22.53523632796145,170,123,47,72.35294117647058,1292.079165782691,-2009.5800594609857,3913.054883536873,-9765.744713097267,1.682639441001594,6.682352941176471,37,71,52.112676056338024,12.164209379034329,-16.210615023212515,2.223708586805143,,0.8082480644353245,331
30,0.3,0.1,0.55,0.5,22,20,20000,82791.97459660462,62791.97459660462,313.9598729830231,26.91442033739073,1.0835349406949961,0.9407578649256997,-32.1297316036467,0.8376795881586502,22.53523632796145,170,123,47,72.35294117647058,1292.079165782691,-2009.5800594609857,3913.054883536873,-9765.744713097267,1.682639441001594,6.682352941176471,37,71,52.112676056338024,12.164209379034329,-16.210615023212515,2.223708586805143,,0.8082480644353245,331
30,0.3,0.1,0.55,0.5,22,20,20000,82791.97459660462,62791.97459660462,313.9598729830231,26.91442033739073,1.0835349406949961,0.9407578649256997,-32.1297316036467,0.8376795881586502,22.53523632796145,170,123,47,72.35294117647058,1292.079165782691,-2009.5800594609857,3913.054883536873,-9765.744713097267,1.682639441001594,6.682352941176471,37,71,52.112676056338024,12.164209379034329,-16.210615023212515,2.223708586805143,,0.8082480644353245,331
30,0.3,0.1,0.55,0.5,22,20,20000,82791.97459660462,62791.97459660462,313.9598729830231,26.91442033739073,1.0835349406949961,0.9407578649256997,-32.1297316036467,0.8376795881586502,22.53523632796145,170,123,47,72.35294117647058,1292.079165782691,-2009.5800594609857,3913.054883536873,-9765.744713097267,1.682639441001594,6.682352941176471,37,71,52.112676056338024,12.164209379034329,-16.210615023212515,2.223708586805143,,0.8082480644353245,331
30,0.3,0.1,0.55,0.5,22,20,20000,82791.97459660462,62791.97459660462,313.9598729830231,26.91442033739073,1.0835349406949961,0.9407578649256997,-32.1297316036467,0.8376795881586502,22.53523632796145,170,123,47,72.35294117647058,1292.079165782691,-2009.5800594609857,3913.054883536873,-9765.744713097267,1.682639441001594,6.682352941176471,37,71,52.112676056338024,12.164209379034329,-16.210615023212515,2.223708586805143,,0.8082480644353245,331
30,0.26,0.12,0.6,0.9,22,20,20000,84303.6208224853,64303.6208224853,321.5181041124265,27.300278723134074,1.0801283739208634,0.9388691993096003,-32.706635656502414,0.8347015269271971,22.981337390131813,190,138,52,72.63157894736842,1212.126140180985,-1928.9882023555858,3590.0717629735577,-9894.061836380533,1.667608070991568,6.91578947368421,37,71,52.112676056338024,12.413081949542427,-14.385670610889933,2.2367761393191916,,0.8274654805935583,497
30,0.26,0.12,0.6,0.9,22,20,20000,84303.6208224853,64303.6208224853,321.5181041124265,27.300278723134074,1.0801283739208634,0.9388691993096003,-32.706635656502414,0.8347015269271971,22.981337390131813,190,138,52,72.63157894736842,1212.126140180985,-1928.9882023555858,3590.0717629735577,-9894.061836380533,1.667608070991568,6.91578947368421,37,71,52.112676056338024,12.413081949542427,-14.385670610889933,2.2367761393191916,,0.8274654805935583,497
30,0.26,0.12,0.6,0.9,22,20,20000,84303.6208224853,64303.6208224853,321.5181041124265,27.300278723134074,1.0801283739208634,0.9388691993096003,-32.706635656502414,0.8347015269271971,22.981337390131813,190,138,52,72.63157894736842,1212.126140180985,-1928.9882023555858,3590.0717629735577,-9894.061836380533,1.667608070991568,6.91578947368421,37,71,52.112676056338024,12.413081949542427,-14.385670610889933,2.2367761393191916,,0.8274654805935583,497
30,0.26,0.12,0.6,0.9,22,20,20000,84303.6208224853,64303.6208224853,321.5181041124265,27.300278723134074,1.0801283739208634,0.9388691993096003,-32.706635656502414,0.8347015269271971,22.981337390131813,190,138,52,72.63157894736842,1212.126140180985,-1928.9882023555858,3590.0717629735577,-9894.061836380533,1.667608070991568,6.91578947368421,37,71,52.112676056338024,12.413081949542427,-14.385670610889933,2.2367761393191916,,0.8274654805935583,497
30,0.26,0.12,0.6,0.9,22,20,20000,84303.6208224853,64303.6208224853,321.5181041124265,27.300278723134074,1.0801283739208634,0.9388691993096003,-32.706635656502414,0.8347015269271971,22.981337390131813,190,138,52,72.63157894736842,1212.126140180985,-1928.9882023555858,3590.0717629735577,-9894.061836380533,1.667608070991568,6.91578947368421,37,71,52.112676056338024,12.413081949542427,-14.385670610889933,2.2367761393191916,,0.8274654805935583,497
30,0.26,0.12,0.6,0.9,22,20,20000,84303.6208224853,64303.6208224853,321.5181041124265,27.300278723134074,1.0801283739208634,0.9388691993096003,-32.706635656502414,0.8347015269271971,22.981337390131813,190,138,52,72.63157894736842,1212.126140180985,-1928.9882023555858,3590.0717629735577,-9894.061836380533,1.667608070991568,6.91578947368421,37,71,52.112676056338024,12.413081949542427,-14.385670610889933,2.2367761393191916,,0.8274654805935583,497
30,0.26,0.12,0.6,0.9,22,20,20000,84303.6208224853,64303.6208224853,321.5181041124265,27.300278723134074,1.0801283739208634,0.9388691993096003,-32.706635656502414,0.8347015269271971,22.981337390131813,190,138,52,72.63157894736842,1212.126140180985,-1928.9882023555858,3590.0717629735577,-9894.061836380533,1.667608070991568,6.91578947368421,37,71,52.112676056338024,12.413081949542427,-14.385670610889933,2.2367761393191916,,0.8274654805935583,497
30,0.26,0.12,0.6,0.9,22,20,20000,84303.6208224853,64303.6208224853,321.5181041124265,27.300278723134074,1.0801283739208634,0.9388691993096003,-32.706635656502414,0.8347015269271971,22.981337390131813,190,138,52,72.63157894736842,1212.126140180985,-1928.9882023555858,3590.0717629735577,-9894.061836380533,1.667608070991568,6.91578947368421,37,71,52.112676056338024,12.413081949542427,-14.385670610889933,2.2367761393191916,,0.8274654805935583,497
30,0.26,0.12,0.6,0.9,22,20,20000,84303.6208224853,64303.6208224853,321.5181041124265,27.300278723134074,1.0801283739208634,0.9388691993096003,-32.706635656502414,0.8347015269271971,22.981337390131813,190,138,52,72.63157894736842,1212.126140180985,-1928.9882023555858,3590.0717629735577,-9894.061836380533,1.667608070991568,6.91578947368421,37,71,52.112676056338024,12.413081949542427,-14.385670610889933,2.2367761393191916,,0.8274654805935583,497
30,0.26,0.12,0.6,0.9,22,20,20000,84303.6208224853,64303.6208224853,321.5181041124265,27.300278723134074,1.0801283739208634,0.9388691993096003,-32.706635656502414,0.8347015269271971,22.981337390131813,190,138,52,72.63157894736842,1212.126140180985,-1928.9882023555858,3590.0717629735577,-9894.061836380533,1.667608070991568,6.91578947368421,37,71,52.112676056338024,12.413081949542427,-14.385670610889933,2.2367761393191916,,0.8274654805935583,497
30,0.26,0.12,0.6,0.9,22,20,20000,84303.6208224853,64303.6208224853,321.5181041124265,27.300278723134074,1.0801283739208634,0.9388691993096003,-32.706635656502414,0.8347015269271971,22.981337390131813,190,138,52,72.63157894736842,1212.126140180985,-1928.9882023555858,3590.0717629735577,-9894.061836380533,1.667608070991568,6.91578947368421,37,71,52.112676056338024,12.413081949542427,-14.385670610889933,2.2367761393191916,,0.8274654805935583,497
30,0.26,0.12,0.6,0.9,22,20,20000,84303.6208224853,64303.6208224853,321.5181041124265,27.300278723134074,1.0801283739208634,0.9388691993096003,-32.706635656502414,0.8347015269271971,22.981337390131813,190,138,52,72.63157894736842,1212.126140180985,-1928.9882023555858,3590.0717629735577,-9894.061836380533,1.667608070991568,6.91578947368421,37,71,52.112676056338024,12.413081949542427,-14.385670610889933,2.2367761393191916,,0.8274654805935583,497
30,0.26,0.12,0.6,0.7,22,20,20000,84303.6208224853,64303.6208224853,321.5181041124265,27.300278723134074,1.0801283739208634,0.9388691993096003,-32.706635656502414,0.8347015269271971,22.981337390131813,190,138,52,72.63157894736842,1212.126140180985,-1928.9882023555858,3590.0717629735577,-9894.061836380533,1.667608070991568,6.91578947368421,37,71,52.112676056338024,12.413081949542427,-14.385670610889933,2.2367761393191916,,0.8229898369647146,562
30,0.26,0.12,0.6,0.9,22,20,20000,84303.6208224853,64303.6208224853,321.5181041124265,27.300278723134074,1.0801283739208634,0.9388691993096003,-32.706635656502414,0.8347015269271971,22.981337390131813,190,138,52,72.63157894736842,1212.126140180985,-1928.9882023555858,3590.0717629735577,-9894.061836380533,1.667608070991568,6.91578947368421,37,71,52.112676056338024,12.413081949542427,-14.385670610889933,2.2367761393191916,,0.8274654805935583,497
30,0.26,0.12,0.6,0.9,22,20,20000,84303.6208224853,64303.6208224853,321.5181041124265,27.300278723134074,1.0801283739208634,0.9388691993096003,-32.706635656502414,0.8347015269271971,22.981337390131813,190,138,52,72.63157894736842,1212.126140180985,-1928.9882023555858,3590.0717629735577,-9894.061836380533,1.667608070991568,6.91578947368421,37,71,52.112676056338024,12.413081949542427,-14.385670610889933,2.2367761393191916,,0.8274654805935583,497
30,0.26,0.12,0.6,0.9,22,20,20000,84303.6208224853,64303.6208224853,321.5181041124265,27.300278723134074,1.0801283739208634,0.9388691993096003,-32.706635656502414,0.8347015269271971,22.981337390131813,190,138,52,72.63157894736842,1212.126140180985,-1928.9882023555858,3590.0717629735577,-9894.061836380533,1.667608070991568,6.91578947368421,37,71,52.112676056338024,12.413081949542427,-14.385670610889933,2.2367761393191916,,0.8274654805935583,497
30,0.26,0.12,0.6,0.9,22,20,20000,84303.6208224853,64303.6208224853,321.5181041124265,27.300278723134074,1.0801283739208634,0.9388691993096003,-32.706635656502414,0.8347015269271971,22.981337390131813,190,138,52,72.63157894736842,1212.126140180985,-1928.9882023555858,3590.0717629735577,-9894.061836380533,1.667608070991568,6.91578947368421,37,71,52.112676056338024,12.413081949542427,-14.385670610889933,2.2367761393191916,,0.8274654805935583,497
30,0.26,0.12,0.6,0.9,22,20,20000,84303.6208224853,64303.6208224853,321.5181041124265,27.300278723134074,1.0801283739208634,0.9388691993096003,-32.706635656502414,0.8347015269271971,22.981337390131813,190,138,52,72.63157894736842,1212.126140180985,-1928.9882023555858,3590.0717629735577,-9894.061836380533,1.667608070991568,6.91578947368421,37,71,52.112676056338024,12.413081949542427,-14.385670610889933,2.2367761393191916,,0.8274654805935583,497
30,0.26,0.12,0.6,0.7,22,20,20000,84303.6208224853,64303.6208224853,321.5181041124265,27.300278723134074,1.0801283739208634,0.9388691993096003,-32.706635656502414,0.8347015269271971,22.981337390131813,190,138,52,72.63157894736842,1212.126140180985,-1928.9882023555858,3590.0717629735577,-9894.061836380533,1.667608070991568,6.91578947368421,37,71,52.112676056338024,12.413081949542427,-14.385670610889933,2.2367761393191916,,0.8229898369647146,562
30,0.26,0.12,0.6,0.7,22,20,20000,84303.6208224853,64303.6208224853,321.5181041124265,27.300278723134074,1.0801283739208634,0.9388691993096003,-32.706635656502414,0.8347015269271971,22.981337390131813,190,138,52,72.63157894736842,1212.126140180985,-1928.9882023555858,3590.0717629735577,-9894.061836380533,1.667608070991568,6.91578947368421,37,71,52.112676056338024,12.413081949542427,-14.385670610889933,2.2367761393191916,,0.8229898369647146,562
30,0.26,0.12,0.6,0.7,22,20,20000,84303.6208224853,64303.6208224853,321.5181041124265,27.300278723134074,1.0801283739208634,0.9388691993096003,-32.706635656502414,0.8347015269271971,22.981337390131813,190,138,52,72.63157894736842,1212.126140180985,-1928.9882023555858,3590.0717629735577,-9894.061836380533,1.667608070991568,6.91578947368421,37,71,52.112676056338024,12.413081949542427,-14.385670610889933,2.2367761393191916,,0.8229898369647146,562
30,0.26,0.12,0.6,0.7,22,20,20000,84303.6208224853,64303.6208224853,321.5181041124265,27.300278723134074,1.0801283739208634,0.9388691993096003,-32.706635656502414,0.8347015269271971,22.981337390131813,190,138,52,72.63157894736842,1212.126140180985,-1928.9882023555858,3590.0717629735577,-9894.061836380533,1.667608070991568,6.91578947368421,37,71,52.112676056338024,12.413081949542427,-14.385670610889933,2.2367761393191916,,0.8229898369647146,562
30,0.26,0.12,0.6,0.7,22,20,20000,84303.6208224853,64303.6208224853,321.5181041124265,27.300278723134074,1.0801283739208634,0.9388691993096003,-32.706635656502414,0.8347015269271971,22.981337390131813,190,138,52,72.63157894736842,1212.126140180985,-1928.9882023555858,3590.0717629735577,-9894.061836380533,1.667608070991568,6.91578947368421,37,71,52.112676056338024,12.413081949542427,-14.385670610889933,2.2367761393191916,,0.8229898369647146,562
30,0.26,0.12,0.6,0.7,22,20,20000,84303.6208224853,64303.6208224853,321.5181041124265,27.300278723134074,1.0801283739208634,0.9388691993096003,-32.706635656502414,0.8347015269271971,22.981337390131813,190,138,52,72.63157894736842,1212.126140180985,-1928.9882023555858,3590.0717629735577,-9894.061836380533,1.667608070991568,6.91578947368421,37,71,52.112676056338024,12.413081949542427,-14.385670610889933,2.2367761393191916,,0.8229898369647146,562
30,0.26,0.12,0.6,0.7,22,20,20000,84303.6208224853,64303.6208224853,321.5181041124265,27.300278723134074,1.0801283739208634,0.9388691993096003,-32.706635656502414,0.8347015269271971,22.981337390131813,190,138,52,72.63157894736842,1212.126140180985,-1928.9882023555858,3590.0717629735577,-9894.061836380533,1.667608070991568,6.91578947368421,37,71,52.112676056338024,12.413081949542427,-14.385670610889933,2.2367761393191916,,0.8229898369647146,562
30,0.26,0.12,0.6,0.7,22,20,20000,84303.6208224853,64303.6208224853,321.5181041124265,27.300278723134074,1.0801283739208634,0.9388691993096003,-32.706635656502414,0.8347015269271971,22.981337390131813,190,138,52,72.63157894736842,1212.126140180985,-1928.9882023555858,3590.0717629735577,-9894.061836380533,1.667608070991568,6.91578947368421,37,71,52.112676056338024,12.413081949542427,-14.385670610889933,2.2367761393191916,,0.8229898369647146,562
30,0.26,0.12,0.6,0.7,22,20,20000,84303.6208224853,64303.6208224853,321.5181041124265,27.300278723134074,1.0801283739208634,0.9388691993096003,-32.706635656502414,0.8347015269271971,22.981337390131813,190,138,52,72.63157894736842,1212.126140180985,-1928.9882023555858,3590.0717629735577,-9894.061836380533,1.667608070991568,6.91578947368421,37,71,52.112676056338024,12.413081949542427,-14.385670610889933,2.2367761393191916,,0.8229898369647146,562
30,0.26,0.12,0.6,0.7,22,20,20000,84303.6208224853,64303.6208224853,321.5181041124265,27.300278723134074,1.0801283739208634,0.9388691993096003,-32.706635656502414,0.8347015269271971,22.981337390131813,190,138,52,72.63157894736842,1212.126140180985,-1928.9882023555858,3590.0717629735577,-9894.061836380533,1.667608070991568,6.91578947368421,37,71,52.112676056338024,12.413081949542427,-14.385670610889933,2.2367761393191916,,0.8229898369647146,562
30,0.26,0.12,0.6,0.5,22,20,20000,84272.94164849757,64272.941648497566,321.36470824248784,27.292505105563336,1.0797474121703363,0.9386177283904675,-32.74304508306924,0.8335359474453929,22.984449874535326,190,138,52,72.63157894736842,1212.126140180985,-1929.5781864707346,3590.0717629735577,-9894.061836380533,1.6670981863550824,6.91578947368421,37,71,52.112676056338024,12.413081949542427,-14.391743153376524,2.236311598710783,,0.8228290496306946,400
30,0.26,0.12,0.6,0.5,22,20,20000,84272.94164849757,64272.941648497566,321.36470824248784,27.292505105563336,1.0797474121703363,0.9386177283904675,-32.74304508306924,0.8335359474453929,22.984449874535326,190,138,52,72.63157894736842,1212.126140180985,-1929.5781864707346,3590.0717629735577,-9894.061836380533,1.6670981863550824,6.91578947368421,37,71,52.112676056338024,12.413081949542427,-14.391743153376524,2.236311598710783,,0.8228290496306946,400
30,0.3,0.12,0.55,0.7,22,20,20000,90106.04358624089,70106.04358624089,350.53021793120445,28.72988470115414,1.079438506068774,0.9534729734282587,-32.34905156023391,0.8881213919876172,24.329121296369667,187,138,49,73.79679144385027,1298.8531870110785,-2183.297882067094,4472.062724042141,-10131.296598201518,1.6754446198089405,6.791443850267379,37,71,52.112676056338024,13.304826231096612,-14.414200327935944,2.373189044234057,,0.8064802423897324,585
30,0.3,0.12,0.55,0.9,22,20,20000,90106.04358624089,70106.04358624089,350.53021793120445,28.72988470115414,1.079438506068774,0.9534729734282587,-32.34905156023391,0.8881213919876172,24.329121296369667,187,138,49,73.79679144385027,1298.8531870110785,-2183.297882067094,4472.062724042141,-10131.296598201518,1.6754446198089405,6.791443850267379,37,71,52.112676056338024,13.304826231096612,-14.414200327935944,2.373189044234057,,0.8053835892097146,513
30,0.3,0.12,0.55,0.9,22,20,20000,90106.04358624089,70106.04358624089,350.53021793120445,28.72988470115414,1.079438506068774,0.9534729734282587,-32.34905156023391,0.8881213919876172,24.329121296369667,187,138,49,73.79679144385027,1298.8531870110785,-2183.297882067094,4472.062724042141,-10131.296598201518,1.6754446198089405,6.791443850267379,37,71,52.112676056338024,13.304826231096612,-14.414200327935944,2.373189044234057,,0.8053835892097146,513
30,0.3,0.12,0.55,0.9,22,20,20000,90106.04358624089,70106.04358624089,350.53021793120445,28.72988470115414,1.079438506068774,0.9534729734282587,-32.34905156023391,0.8881213919876172,24.329121296369667,187,138,49,73.79679144385027,1298.8531870110785,-2183.297882067094,4472.062724042141,-10131.296598201518,1.6754446198089405,6.791443850267379,37,71,52.112676056338024,13.304826231096612,-14.414200327935944,2.373189044234057,,0.8053835892097146,513
30,0.3,0.12,0.55,0.9,22,20,20000,90106.04358624089,70106.04358624089,350.53021793120445,28.72988470115414,1.079438506068774,0.9534729734282587,-32.34905156023391,0.8881213919876172,24.329121296369667,187,138,49,73.79679144385027,1298.8531870110785,-2183.297882067094,4472.062724042141,-10131.296598201518,1.6754446198089405,6.791443850267379,37,71,52.112676056338024,13.304826231096612,-14.414200327935944,2.373189044234057,,0.8053835892097146,513
30,0.3,0.12,0.55,0.9,22,20,20000,90106.04358624089,70106.04358624089,350.53021793120445,28.72988470115414,1.079438506068774,0.9534729734282587,-32.34905156023391,0.8881213919876172,24.329121296369667,187,138,49,73.79679144385027,1298.8531870110785,-2183.297882067094,4472.062724042141,-10131.296598201518,1.6754446198089405,6.791443850267379,37,71,52.112676056338024,13.304826231096612,-14.414200327935944,2.373189044234057,,0.8053835892097146,513
30,0.3,0.12,0.55,0.7,22,20,20000,90106.04358624089,70106.04358624089,350.53021793120445,28.72988470115414,1.079438506068774,0.9534729734282587,-32.34905156023391,0.8881213919876172,24.329121296369667,187,138,49,73.79679144385027,1298.8531870110785,-2183.297882067094,4472.062724042141,-10131.296598201518,1.6754446198089405,6.791443850267379,37,71,52.112676056338024,13.304826231096612,-14.414200327935944,2.373189044234057,,0.8064802423897324,585
30,0.3,0.12,0.55,0.9,22,20,20000,90106.04358624089,70106.04358624089,350.53021793120445,28.72988470115414,1.079438506068774,0.9534729734282587,-32.34905156023391,0.8881213919876172,24.329121296369667,187,138,49,73.79679144385027,1298.8531870110785,-2183.297882067094,4472.062724042141,-10131.296598201518,1.6754446198089405,6.791443850267379,37,71,52.112676056338024,13.304826231096612,-14.414200327935944,2.373189044234057,,0.8053835892097146,513
30,0.3,0.12,0.55,0.7,22,20,20000,90106.04358624089,70106.04358624089,350.53021793120445,28.72988470115414,1.079438506068774,0.9534729734282587,-32.34905156023391,0.8881213919876172,24.329121296369667,187,138,49,73.79679144385027,1298.8531870110785,-2183.297882067094,4472.062724042141,-10131.296598201518,1.6754446198089405,6.791443850267379,37,71,52.112676056338024,13.304826231096612,-14.414200327935944,2.373189044234057,,0.8064802423897324,585
30,0.3,0.12,0.55,0.9,22,20,20000,90106.04358624089,70106.04358624089,350.53021793120445,28.72988470115414,1.079438506068774,0.9534729734282587,-32.34905156023391,0.8881213919876172,24.329121296369667,187,138,49,73.79679144385027,1298.8531870110785,-2183.297882067094,4472.062724042141,-10131.296598201518,1.6754446198089405,6.791443850267379,37,71,52.112676056338024,13.304826231096612,-14.414200327935944,2.373189044234057,,0.8053835892097146,513
30,0.3,0.12,0.55,0.7,22,20,20000,90106.04358624089,70106.04358624089,350.53021793120445,28.72988470115414,1.079438506068774,0.9534729734282587,-32.34905156023391,0.8881213919876172,24.329121296369667,187,138,49,73.79679144385027,1298.8531870110785,-2183.297882067094,4472.062724042141,-10131.296598201518,1.6754446198089405,6.791443850267379,37,71,52.112676056338024,13.304826231096612,-14.414200327935944,2.373189044234057,,0.8064802423897324,585
30,0.3,0.12,0.55,0.9,22,20,20000,90106.04358624089,70106.04358624089,350.53021793120445,28.72988470115414,1.079438506068774,0.9534729734282587,-32.34905156023391,0.8881213919876172,24.329121296369667,187,138,49,73.79679144385027,1298.8531870110785,-2183.297882067094,4472.062724042141,-10131.296598201518,1.6754446198089405,6.791443850267379,37,71,52.112676056338024,13.304826231096612,-14.414200327935944,2.373189044234057,,0.8053835892097146,513
30,0.3,0.12,0.55,0.9,22,20,20000,90106.04358624089,70106.04358624089,350.53021793120445,28.72988470115414,1.079438506068774,0.9534729734282587,-32.34905156023391,0.8881213919876172,24.329121296369667,187,138,49,73.79679144385027,1298.8531870110785,-2183.297882067094,4472.062724042141,-10131.296598201518,1.6754446198089405,6.791443850267379,37,71,52.112676056338024,13.304826231096612,-14.414200327935944,2.373189044234057,,0.8053835892097146,513
30,0.3,0.12,0.55,0.7,22,20,20000,90106.04358624089,70106.04358624089,350.53021793120445,28.72988470115414,1.079438506068774,0.9534729734282587,-32.34905156023391,0.8881213919876172,24.329121296369667,187,138,49,73.79679144385027,1298.8531870110785,-2183.297882067094,4472.062724042141,-10131.296598201518,1.6754446198089405,6.791443850267379,37,71,52.112676056338024,13.304826231096612,-14.414200327935944,2.373189044234057,,0.8064802423897324,585
30,0.3,0.12,0.55,0.7,22,20,20000,90106.04358624089,70106.04358624089,350.53021793120445,28.72988470115414,1.079438506068774,0.9534729734282587,-32.34905156023391,0.8881213919876172,24.329121296369667,187,138,49,73.79679144385027,1298.8531870110785,-2183.297882067094,4472.062724042141,-10131.296598201518,1.6754446198089405,6.791443850267379,37,71,52.112676056338024,13.304826231096612,-14.414200327935944,2.373189044234057,,0.8064802423897324,585
30,0.3,0.12,0.55,0.9,22,20,20000,90106.04358624089,70106.04358624089,350.53021793120445,28.72988470115414,1.079438506068774,0.9534729734282587,-32.34905156023391,0.8881213919876172,24.329121296369667,187,138,49,73.79679144385027,1298.8531870110785,-2183.297882067094,4472.062724042141,-10131.296598201518,1.6754446198089405,6.791443850267379,37,71,52.112676056338024,13.304826231096612,-14.414200327935944,2.373189044234057,,0.8053835892097146,513
30,0.3,0.12,0.55,0.9,22,20,20000,90106.04358624089,70106.04358624089,350.53021793120445,28.72988470115414,1.079438506068774,0.9534729734282587,-32.34905156023391,0.8881213919876172,24.329121296369667,187,138,49,73.79679144385027,1298.8531870110785,-2183.297882067094,4472.062724042141,-10131.296598201518,1.6754446198089405,6.791443850267379,37,71,52.112676056338024,13.304826231096612,-14.414200327935944,2.373189044234057,,0.8053835892097146,513
30,0.3,0.08,0.55,0.9,22,20,20000,73706.04833206785,53706.04833206785,268.53024166033924,24.46314338896931,1.0792783309241936,0.9179560147975947,-30.005788590301957,0.8152808020808338,20.384429123600494,176,132,44,75.0,1002.1594403556984,-1757.2567680655493,3171.1119203059657,-7070.768285426822,1.7108930098910549,6.676136363636363,38,71,53.52112676056338,11.053605483937012,-14.987520599652992,2.0129306848011392,,0.8079109864249833,416
30,0.3,0.08,0.55,0.9,22,20,20000,73706.04833206785,53706.04833206785,268.53024166033924,24.46314338896931,1.0792783309241936,0.9179560147975947,-30.005788590301957,0.8152808020808338,20.384429123600494,176,132,44,75.0,1002.1594403556984,-1757.2567680655493,3171.1119203059657,-7070.768285426822,1.7108930098910549,6.676136363636363,38,71,53.52112676056338,11.053605483937012,-14.987520599652992,2.0129306848011392,,0.8079109864249833,416
30,0.3,0.08,0.55,0.9,22,20,20000,73706.04833206785,53706.04833206785,268.53024166033924,24.46314338896931,1.0792783309241936,0.9179560147975947,-30.005788590301957,0.8152808020808338,20.384429123600494,176,132,44,75.0,1002.1594403556984,-1757.2567680655493,3171.1119203059657,-7070.768285426822,1.7108930098910549,6.676136363636363,38,71,53.52112676056338,11.053605483937012,-14.987520599652992,2.0129306848011392,,0.8079109864249833,416
30,0.3,0.08,0.55,0.9,22,20,20000,73706.04833206785,53706.04833206785,268.53024166033924,24.46314338896931,1.0792783309241936,0.9179560147975947,-30.005788590301957,0.8152808020808338,20.384429123600494,176,132,44,75.0,1002.1594403556984,-1757.2567680655493,3171.1119203059657,-7070.768285426822,1.7108930098910549,6.676136363636363,38,71,53.52112676056338,11.053605483937012,-14.987520599652992,2.0129306848011392,,0.8079109864249833,416
30,0.3,0.08,0.55,0.9,22,20,20000,73706.04833206785,53706.04833206785,268.53024166033924,24.46314338896931,1.0792783309241936,0.9179560147975947,-30.005788590301957,0.8152808020808338,20.384429123600494,176,132,44,75.0,1002.1594403556984,-1757.2567680655493,3171.1119203059657,-7070.768285426822,1.7108930098910549,6.676136363636363,38,71,53.52112676056338,11.053605483937012,-14.987520599652992,2.0129306848011392,,0.8079109864249833,416
30,0.3,0.08,0.55,0.9,22,20,20000,73706.04833206785,53706.04833206785,268.53024166033924,24.46314338896931,1.0792783309241936,0.9179560147975947,-30.005788590301957,0.8152808020808338,20.384429123600494,176,132,44,75.0,1002.1594403556984,-1757.2567680655493,3171.1119203059657,-7070.768285426822,1.7108930098910549,6.676136363636363,38,71,53.52112676056338,11.053605483937012,-14.987520599652992,2.0129306848011392,,0.8079109864249833,416
30,0.3,0.08,0.55,0.9,22,20,20000,73706.04833206785,53706.04833206785,268.53024166033924,24.46314338896931,1.0792783309241936,0.9179560147975947,-30.005788590301957,0.8152808020808338,20.384429123600494,176,132,44,75.0,1002.1594403556984,-1757.2567680655493,3171.1119203059657,-7070.768285426822,1.7108930098910549,6.676136363636363,38,71,53.52112676056338,11.053605483937012,-14.987520599652992,2.0129306848011392,,0.8079109864249833,416
30,0.3,0.08,0.55,0.9,22,20,20000,73706.04833206785,53706.04833206785,268.53024166033924,24.46314338896931,1.0792783309241936,0.9179560147975947,-30.005788590301957,0.8152808020808338,20.384429123600494,176,132,44,75.0,1002.1594403556984,-1757.2567680655493,3171.1119203059657,-7070.768285426822,1.7108930098910549,6.676136363636363,38,71,53.52112676056338,11.053605483937012,-14.987520599652992,2.0129306848011392,,0.8079109864249833,416
30,0.3,0.08,0.55,0.9,22,20,20000,73706.04833206785,53706.04833206785,268.53024166033924,24.46314338896931,1.0792783309241936,0.9179560147975947,-30.005788590301957,0.8152808020808338,20.384429123600494,176,132,44,75.0,1002.1594403556984,-1757.2567680655493,3171.1119203059657,-7070.768285426822,1.7108930098910549,6.676136363636363,38,71,53.52112676056338,11.053605483937012,-14.987520599652992,2.0129306848011392,,0.8079109864249833,416
30,0.3,0.08,0.55,0.7,22,20,20000,73651.98761401878,53651.987614018784,268.25993807009394,24.447822546659694,1.0782698456487003,0.9167788490956601,-30.083578322854386,0.812663383467477,20.393917005187856,176,132,44,75.0,1002.1594403556984,-1758.485420748483,3171.1119203059657,-7070.768285426822,1.7096976099963432,6.676136363636363,38,71,53.52112676056338,11.064096605607453,-15.074897176405022,2.0121959504325857,,0.8189995759320192,510
30,0.3,0.08,0.55,0.7,22,20,20000,73651.98761401878,53651.987614018784,268.25993807009394,24.447822546659694,1.0782698456487003,0.9167788490956601,-30.083578322854386,0.812663383467477,20.393917005187856,176,132,44,75.0,1002.1594403556984,-1758.485420748483,3171.1119203059657,-7070.768285426822,1.7096976099963432,6.676136363636363,38,71,53.52112676056338,11.064096605607453,-15.074897176405022,2.0121959504325857,,0.8189995759320192,510
30,0.3,0.08,0.55,0.7,22,20,20000,73651.98761401878,53651.987614018784,268.25993807009394,24.447822546659694,1.0782698456487003,0.9167788490956601,-30.083578322854386,0.812663383467477,20.393917005187856,176,132,44,75.0,1002.1594403556984,-1758.485420748483,3171.1119203059657,-7070.768285426822,1.7096976099963432,6.676136363636363,38,71,53.52112676056338,11.064096605607453,-15.074897176405022,2.0121959504325857,,0.8189995759320192,510
30,0.3,0.08,0.55,0.7,22,20,20000,73651.98761401878,53651.987614018784,268.25993807009394,24.447822546659694,1.0782698456487003,0.9167788490956601,-30.083578322854386,0.812663383467477,20.393917005187856,176,132,44,75.0,1002.1594403556984,-1758.485420748483,3171.1119203059657,-7070.768285426822,1.7096976099963432,6.676136363636363,38,71,53.52112676056338,11.064096605607453,-15.074897176405022,2.0121959504325857,,0.8189995759320192,510
30,0.3,0.08,0.55,0.7,22,20,20000,73651.98761401878,53651.987614018784,268.25993807009394,24.447822546659694,1.0782698456487003,0.9167788490956601,-30.083578322854386,0.812663383467477,20.393917005187856,176,132,44,75.0,1002.1594403556984,-1758.485420748483,3171.1119203059657,-7070.768285426822,1.7096976099963432,6.676136363636363,38,71,53.52112676056338,11.064096605607453,-15.074897176405022,2.0121959504325857,,0.8189995759320192,510
30,0.3,0.08,0.55,0.7,22,20,20000,73651.98761401878,53651.987614018784,268.25993807009394,24.447822546659694,1.0782698456487003,0.9167788490956601,-30.083578322854386,0.812663383467477,20.393917005187856,176,132,44,75.0,1002.1594403556984,-1758.485420748483,3171.1119203059657,-7070.768285426822,1.7096976099963432,6.676136363636363,38,71,53.52112676056338,11.064096605607453,-15.074897176405022,2.0121959504325857,,0.8189995759320192,510
30,0.3,0.08,0.55,0.7,22,20,20000,73651.98761401878,53651.987614018784,268.25993807009394,24.447822546659694,1.0782698456487003,0.9167788490956601,-30.083578322854386,0.812663383467477,20.393917005187856,176,132,44,75.0,1002.1594403556984,-1758.485420748483,3171.1119203059657,-7070.768285426822,1.7096976099963432,6.676136363636363,38,71,53.52112676056338,11.064096605607453,-15.074897176405022,2.0121959504325857,,0.8189995759320192,510
30,0.26,0.1,0.6,0.9,22,20,20000,76984.24227507669,56984.242275076685,284.92121137538345,25.375166008982376,1.0695666648683444,0.9145307844470718,-30.98237782842972,0.819019319611353,21.4654227951429,174,124,50,71.26436781609196,1153.772905895139,-1683.5039611184088,3212.1694721342355,-9275.682971606751,1.6996436436769942,6.793103448275862,39,71,54.929577464788736,11.374672646595286,-15.37567127741244,2.078458122310019,,0.8100753545608944,237
30,0.26,0.1,0.6,0.9,22,20,20000,76984.24227507669,56984.242275076685,284.92121137538345,25.375166008982376,1.0695666648683444,0.9145307844470718,-30.98237782842972,0.819019319611353,21.4654227951429,174,124,50,71.26436781609196,1153.772905895139,-1683.5039611184088,3212.1694721342355,-9275.682971606751,1.6996436436769942,6.793103448275862,39,71,54.929577464788736,11.374672646595286,-15.37567127741244,2.078458122310019,,0.8100753545608944,237
30,0.26,0.1,0.6,0.9,22,20,20000,76984.24227507669,56984.242275076685,284.92121137538345,25.375166008982376,1.0695666648683444,0.9145307844470718,-30.98237782842972,0.819019319611353,21.4654227951429,174,124,50,71.26436781609196,1153.772905895139,-1683.5039611184088,3212.1694721342355,-9275.682971606751,1.6996436436769942,6.793103448275862,39,71,54.929577464788736,11.374672646595286,-15.37567127741244,2.078458122310019,,0.8100753545608944,237
30,0.26,0.14,0.55,0.7,22,20,20000,88883.91644362187,68883.91644362187,344.4195822181093,28.435281794097488,1.0657154114859113,0.9400063488262229,-35.903469543496826,0.7919925888958538,24.45837141951258,205,144,61,70.24390243902438,1276.6102444697406,-1829.345225574109,4304.274881480021,-11226.300682800511,1.6473857729475814,6.824390243902439,37,71,52.112676056338024,13.001952725579514,-18.165529483332843,2.33459369801636,,0.8131151734253808,541
30,0.26,0.14,0.55,0.7,22,20,20000,88883.91644362187,68883.91644362187,344.4195822181093,28.435281794097488,1.0657154114859113,0.9400063488262229,-35.903469543496826,0.7919925888958538,24.45837141951258,205,144,61,70.24390243902438,1276.6102444697406,-1829.345225574109,4304.274881480021,-11226.300682800511,1.6473857729475814,6.824390243902439,37,71,52.112676056338024,13.001952725579514,-18.165529483332843,2.33459369801636,,0.8131151734253808,541
30,0.26,0.14,0.55,0.7,22,20,20000,88883.91644362187,68883.91644362187,344.4195822181093,28.435281794097488,1.0657154114859113,0.9400063488262229,-35.903469543496826,0.7919925888958538,24.45837141951258,205,144,61,70.24390243902438,1276.6102444697406,-1829.345225574109,4304.274881480021,-11226.300682800511,1.6473857729475814,6.824390243902439,37,71,52.112676056338024,13.001952725579514,-18.165529483332843,2.33459369801636,,0.8131151734253808,541
30,0.26,0.14,0.55,0.7,22,20,20000,88883.91644362187,68883.91644362187,344.4195822181093,28.435281794097488,1.0657154114859113,0.9400063488262229,-35.903469543496826,0.7919925888958538,24.45837141951258,205,144,61,70.24390243902438,1276.6102444697406,-1829.345225574109,4304.274881480021,-11226.300682800511,1.6473857729475814,6.824390243902439,37,71,52.112676056338024,13.001952725579514,-18.165529483332843,2.33459369801636,,0.8131151734253808,541
30,0.26,0.14,0.55,0.9,22,20,20000,88883.91644362187,68883.91644362187,344.4195822181093,28.435281794097488,1.0657154114859113,0.9400063488262229,-35.903469543496826,0.7919925888958538,24.45837141951258,205,144,61,70.24390243902438,1276.6102444697406,-1829.345225574109,4304.274881480021,-11226.300682800511,1.6473857729475814,6.824390243902439,37,71,52.112676056338024,13.001952725579514,-18.165529483332843,2.33459369801636,,0.8185178709887307,473
30,0.26,0.14,0.55,0.7,22,20,20000,88883.91644362187,68883.91644362187,344.4195822181093,28.435281794097488,1.0657154114859113,0.9400063488262229,-35.903469543496826,0.7919925888958538,24.45837141951258,205,144,61,70.24390243902438,1276.6102444697406,-1829.345225574109,4304.274881480021,-11226.300682800511,1.6473857729475814,6.824390243902439,37,71,52.112676056338024,13.001952725579514,-18.165529483332843,2.33459369801636,,0.8131151734253808,541
30,0.26,0.14,0.55,0.7,22,20,20000,88883.91644362187,68883.91644362187,344.4195822181093,28.435281794097488,1.0657154114859113,0.9400063488262229,-35.903469543496826,0.7919925888958538,24.45837141951258,205,144,61,70.24390243902438,1276.6102444697406,-1829.345225574109,4304.274881480021,-11226.300682800511,1.6473857729475814,6.824390243902439,37,71,52.112676056338024,13.001952725579514,-18.165529483332843,2.33459369801636,,0.8131151734253808,541
30,0.26,0.14,0.55,0.7,22,20,20000,88883.91644362187,68883.91644362187,344.4195822181093,28.435281794097488,1.0657154114859113,0.9400063488262229,-35.903469543496826,0.7919925888958538,24.45837141951258,205,144,61,70.24390243902438,1276.6102444697406,-1829.345225574109,4304.274881480021,-11226.300682800511,1.6473857729475814,6.824390243902439,37,71,52.112676056338024,13.001952725579514,-18.165529483332843,2.33459369801636,,0.8131151734253808,541
30,0.26,0.14,0.55,0.9,22,20,20000,88883.91644362187,68883.91644362187,344.4195822181093,28.435281794097488,1.0657154114859113,0.9400063488262229,-35.903469543496826,0.7919925888958538,24.45837141951258,205,144,61,70.24390243902438,1276.6102444697406,-1829.345225574109,4304.274881480021,-11226.300682800511,1.6473857729475814,6.824390243902439,37,71,52.112676056338024,13.001952725579514,-18.165529483332843,2.33459369801636,,0.8185178709887307,473
30,0.26,0.14,0.55,0.7,22,20,20000,88883.91644362187,68883.91644362187,344.4195822181093,28.435281794097488,1.0657154114859113,0.9400063488262229,-35.903469543496826,0.7919925888958538,24.45837141951258,205,144,61,70.24390243902438,1276.6102444697406,-1829.345225574109,4304.274881480021,-11226.300682800511,1.6473857729475814,6.824390243902439,37,71,52.112676056338024,13.001952725579514,-18.165529483332843,2.33459369801636,,0.8131151734253808,541
30,0.26,0.14,0.55,0.7,22,20,20000,88883.91644362187,68883.91644362187,344.4195822181093,28.435281794097488,1.0657154114859113,0.9400063488262229,-35.903469543496826,0.7919925888958538,24.45837141951258,205,144,61,70.24390243902438,1276.6102444697406,-1829.345225574109,4304.274881480021,-11226.300682800511,1.6473857729475814,6.824390243902439,37,71,52.112676056338024,13.001952725579514,-18.165529483332843,2.33459369801636,,0.8131151734253808,541
30,0.26,0.14,0.55,0.7,22,20,20000,88883.91644362187,68883.91644362187,344.4195822181093,28.435281794097488,1.0657154114859113,0.9400063488262229,-35.903469543496826,0.7919925888958538,24.45837141951258,205,144,61,70.24390243902438,1276.6102444697406,-1829.345225574109,4304.274881480021,-11226.300682800511,1.6473857729475814,6.824390243902439,37,71,52.112676056338024,13.001952725579514,-18.165529483332843,2.33459369801636,,0.8131151734253808,541
30,0.26,0.14,0.55,0.7,22,20,20000,88883.91644362187,68883.91644362187,344.4195822181093,28.435281794097488,1.0657154114859113,0.9400063488262229,-35.903469543496826,0.7919925888958538,24.45837141951258,205,144,61,70.24390243902438,1276.6102444697406,-1829.345225574109,4304.274881480021,-11226.300682800511,1.6473857729475814,6.824390243902439,37,71,52.112676056338024,13.001952725579514,-18.165529483332843,2.33459369801636,,0.8131151734253808,541
30,0.26,0.1,0.55,0.5,22,20,20000,77424.02537060647,57424.02537060647,287.12012685303233,25.495046587088943,1.0630823201110262,0.9130799612572993,-31.682006821381876,0.8047169085855567,21.741858428956498,178,131,47,73.59550561797754,1117.017511969,-1849.3929510070723,3212.1694721342355,-9275.682971606751,1.6834655035278965,6.584269662921348,41,71,57.74647887323944,11.609016667843974,-16.494394059327266,2.0910777013509003,,0.7799763364854635,166
30,0.26,0.1,0.55,0.9,22,20,20000,77224.47505846263,57224.47505846263,286.12237529231317,25.44072154014543,1.0600639437816697,0.9108720325961184,-31.915396875442166,0.7971300385025516,21.768277148904943,179,132,47,73.74301675977654,1108.3937714792237,-1853.1575058892504,3212.1694721342355,-9275.682971606751,1.6798009282695792,6.575418994413408,41,71,57.74647887323944,11.609016667843974,-16.494394059327266,2.0880587180711006,,0.8031439683171991,271
30,0.26,0.1,0.55,0.9,22,20,20000,77224.47505846263,57224.47505846263,286.12237529231317,25.44072154014543,1.0600639437816697,0.9108720325961184,-31.915396875442166,0.7971300385025516,21.768277148904943,179,132,47,73.74301675977654,1108.3937714792237,-1853.1575058892504,3212.1694721342355,-9275.682971606751,1.6798009282695792,6.575418994413408,41,71,57.74647887323944,11.609016667843974,-16.494394059327266,2.0880587180711006,,0.8031439683171991,271
30,0.26,0.1,0.55,0.9,22,20,20000,77224.47505846263,57224.47505846263,286.12237529231317,25.44072154014543,1.0600639437816697,0.9108720325961184,-31.915396875442166,0.7971300385025516,21.768277148904943,179,132,47,73.74301675977654,1108.3937714792237,-1853.1575058892504,3212.1694721342355,-9275.682971606751,1.6798009282695792,6.575418994413408,41,71,57.74647887323944,11.609016667843974,-16.494394059327266,2.0880587180711006,,0.8031439683171991,271
30,0.26,0.1,0.55,0.9,22,20,20000,77224.47505846263,57224.47505846263,286.12237529231317,25.44072154014543,1.0600639437816697,0.9108720325961184,-31.915396875442166,0.7971300385025516,21.768277148904943,179,132,47,73.74301675977654,1108.3937714792237,-1853.1575058892504,3212.1694721342355,-9275.682971606751,1.6798009282695792,6.575418994413408,41,71,57.74647887323944,11.609016667843974,-16.494394059327266,2.0880587180711006,,0.8031439683171991,271
30,0.26,0.1,0.55,0.7,22,20,20000,77224.47505846263,57224.47505846263,286.12237529231317,25.44072154014543,1.0600639437816697,0.9108720325961184,-31.915396875442166,0.7971300385025516,21.768277148904943,179,132,47,73.74301675977654,1108.3937714792237,-1853.1575058892504,3212.1694721342355,-9275.682971606751,1.6798009282695792,6.575418994413408,41,71,57.74647887323944,11.609016667843974,-16.494394059327266,2.0880587180711006,,0.8002930989277492,310
30,0.26,0.1,0.55,0.7,22,20,20000,77224.47505846263,57224.47505846263,286.12237529231317,25.44072154014543,1.0600639437816697,0.9108720325961184,-31.915396875442166,0.7971300385025516,21.768277148904943,179,132,47,73.74301675977654,1108.3937714792237,-1853.1575058892504,3212.1694721342355,-9275.682971606751,1.6798009282695792,6.575418994413408,41,71,57.74647887323944,11.609016667843974,-16.494394059327266,2.0880587180711006,,0.8002930989277492,310
30,0.26,0.1,0.55,0.9,22,20,20000,77224.47505846263,57224.47505846263,286.12237529231317,25.44072154014543,1.0600639437816697,0.9108720325961184,-31.915396875442166,0.7971300385025516,21.768277148904943,179,132,47,73.74301675977654,1108.3937714792237,-1853.1575058892504,3212.1694721342355,-9275.682971606751,1.6798009282695792,6.575418994413408,41,71,57.74647887323944,11.609016667843974,-16.494394059327266,2.0880587180711006,,0.8031439683171991,271
30,0.26,0.1,0.55,0.7,22,20,20000,77224.47505846263,57224.47505846263,286.12237529231317,25.44072154014543,1.0600639437816697,0.9108720325961184,-31.915396875442166,0.7971300385025516,21.768277148904943,179,132,47,73.74301675977654,1108.3937714792237,-1853.1575058892504,3212.1694721342355,-9275.682971606751,1.6798009282695792,6.575418994413408,41,71,57.74647887323944,11.609016667843974,-16.494394059327266,2.0880587180711006,,0.8002930989277492,310
30,0.3,0.14,0.55,0.7,22,20,20000,91782.96069813415,71782.96069813415,358.91480349067075,29.128752890417566,1.0575788427486301,0.9448194805269403,-35.177107335243925,0.8280599258152612,25.373681558310285,195,138,57,70.76923076923077,1424.2081111093137,-2141.430853244752,5046.807736407998,-11838.17965023607,1.6101770412491536,6.841025641025641,35,71,49.29577464788733,13.807422304988638,-16.11950161718536,2.4116529080028206,,0.7729068400303309,228
30,0.26,0.14,0.55,0.5,22,20,20000,87659.8846477978,67659.8846477978,338.29942323898894,28.136821177734127,1.0549898508718787,0.9261438077742624,-36.50402710564615,0.7707867709034806,24.49606873981956,206,146,60,70.87378640776699,1252.8692367659062,-1865.3003986670735,4304.274881480021,-11861.571020271318,1.6344008065987161,6.849514563106796,37,71,52.112676056338024,13.001952725579514,-18.977588300091806,2.3172768013753986,,0.814070118195189,414
30,0.26,0.14,0.55,0.5,22,20,20000,87659.8846477978,67659.8846477978,338.29942323898894,28.136821177734127,1.0549898508718787,0.9261438077742624,-36.50402710564615,0.7707867709034806,24.49606873981956,206,146,60,70.87378640776699,1252.8692367659062,-1865.3003986670735,4304.274881480021,-11861.571020271318,1.6344008065987161,6.849514563106796,37,71,52.112676056338024,13.001952725579514,-18.977588300091806,2.3172768013753986,,0.814070118195189,414
30,0.26,0.14,0.55,0.5,22,20,20000,87659.8846477978,67659.8846477978,338.29942323898894,28.136821177734127,1.0549898508718787,0.9261438077742624,-36.50402710564615,0.7707867709034806,24.49606873981956,206,146,60,70.87378640776699,1252.8692367659062,-1865.3003986670735,4304.274881480021,-11861.571020271318,1.6344008065987161,6.849514563106796,37,71,52.112676056338024,13.001952725579514,-18.977588300091806,2.3172768013753986,,0.814070118195189,414
30,0.24,0.14,0.55,0.9,22,20,20000,84882.02770687426,64882.02770687426,324.4101385343713,27.44639907672164,1.0529599332413333,0.9208197221621435,-33.480370601570854,0.8197758442803466,23.88901561216258,204,145,59,71.07843137254902,1181.9207515943747,-1742.1844283781302,4165.427304658085,-10794.519887308184,1.6672864502127571,6.745098039215686,38,71,53.52112676056338,13.16043064941863,-17.255618523258143,2.264126162588914,,0.8190013129844279,385
30,0.24,0.14,0.55,0.7,22,20,20000,84882.02770687426,64882.02770687426,324.4101385343713,27.44639907672164,1.0529599332413333,0.9208197221621435,-33.480370601570854,0.8197758442803466,23.88901561216258,204,145,59,71.07843137254902,1181.9207515943747,-1742.1844283781302,4165.427304658085,-10794.519887308184,1.6672864502127571,6.745098039215686,38,71,53.52112676056338,13.16043064941863,-17.255618523258143,2.264126162588914,,0.8137354813972559,440
30,0.24,0.14,0.55,0.7,22,20,20000,84882.02770687426,64882.02770687426,324.4101385343713,27.44639907672164,1.0529599332413333,0.9208197221621435,-33.480370601570854,0.8197758442803466,23.88901561216258,204,145,59,71.07843137254902,1181.9207515943747,-1742.1844283781302,4165.427304658085,-10794.519887308184,1.6672864502127571,6.745098039215686,38,71,53.52112676056338,13.16043064941863,-17.255618523258143,2.264126162588914,,0.8137354813972559,440
30,0.24,0.14,0.55,0.7,22,20,20000,84882.02770687426,64882.02770687426,324.4101385343713,27.44639907672164,1.0529599332413333,0.9208197221621435,-33.480370601570854,0.8197758442803466,23.88901561216258,204,145,59,71.07843137254902,1181.9207515943747,-1742.1844283781302,4165.427304658085,-10794.519887308184,1.6672864502127571,6.745098039215686,38,71,53.52112676056338,13.16043064941863,-17.255618523258143,2.264126162588914,,0.8137354813972559,440
30,0.24,0.14,0.55,0.7,22,20,20000,84882.02770687426,64882.02770687426,324.4101385343713,27.44639907672164,1.0529599332413333,0.9208197221621435,-33.480370601570854,0.8197758442803466,23.88901561216258,204,145,59,71.07843137254902,1181.9207515943747,-1742.1844283781302,4165.427304658085,-10794.519887308184,1.6672864502127571,6.745098039215686,38,71,53.52112676056338,13.16043064941863,-17.255618523258143,2.264126162588914,,0.8137354813972559,440
30,0.24,0.14,0.55,0.9,22,20,20000,84882.02770687426,64882.02770687426,324.4101385343713,27.44639907672164,1.0529599332413333,0.9208197221621435,-33.480370601570854,0.8197758442803466,23.88901561216258,204,145,59,71.07843137254902,1181.9207515943747,-1742.1844283781302,4165.427304658085,-10794.519887308184,1.6672864502127571,6.745098039215686,38,71,53.52112676056338,13.16043064941863,-17.255618523258143,2.264126162588914,,0.8190013129844279,385
30,0.24,0.14,0.55,0.7,22,20,20000,84882.02770687426,64882.02770687426,324.4101385343713,27.44639907672164,1.0529599332413333,0.9208197221621435,-33.480370601570854,0.8197758442803466,23.88901561216258,204,145,59,71.07843137254902,1181.9207515943747,-1742.1844283781302,4165.427304658085,-10794.519887308184,1.6672864502127571,6.745098039215686,38,71,53.52112676056338,13.16043064941863,-17.255618523258143,2.264126162588914,,0.8137354813972559,440
30,0.28,0.08,0.6,0.9,22,20,20000,67948.24031244275,47948.24031244275,239.74120156221375,22.776170132992245,1.0497228042096132,0.8800223853539193,-27.980490345567055,0.8140018224019677,19.483991812208572,168,117,51,69.64285714285714,1012.3938859103434,-1357.8930262562208,2545.2177057199942,-7070.768285426822,1.7104076937818622,6.773809523809524,36,71,50.70422535211267,10.83998358736562,-13.391687883767611,1.8808742586491152,,0.8250790099878957,379
30,0.28,0.08,0.6,0.7,22,20,20000,67948.24031244275,47948.24031244275,239.74120156221375,22.776170132992245,1.0497228042096132,0.8800223853539193,-27.980490345567055,0.8140018224019677,19.483991812208572,168,117,51,69.64285714285714,1012.3938859103434,-1357.8930262562208,2545.2177057199942,-7070.768285426822,1.7104076937818622,6.773809523809524,36,71,50.70422535211267,10.83998358736562,-13.391687883767611,1.8808742586491152,,0.8363609155304204,468
30,0.3,0.12,0.55,0.5,22,20,20000,86319.64668369823,66319.64668369823,331.59823341849113,27.806021022397953,1.045341205674984,0.9163284571070559,-34.398343594094705,0.8083534879037466,24.466340466957654,191,141,50,73.82198952879581,1245.1466627870566,-2142.6186553855277,4192.558803789507,-10653.539687015202,1.6387953965740576,6.795811518324608,37,71,52.112676056338024,13.41202693937662,-15.231399484626795,2.317330895386972,,0.7967995386290766,312
30,0.3,0.12,0.55,0.5,22,20,20000,86319.64668369823,66319.64668369823,331.59823341849113,27.806021022397953,1.045341205674984,0.9163284571070559,-34.398343594094705,0.8083534879037466,24.466340466957654,191,141,50,73.82198952879581,1245.1466627870566,-2142.6186553855277,4192.558803789507,-10653.539687015202,1.6387953965740576,6.795811518324608,37,71,52.112676056338024,13.41202693937662,-15.231399484626795,2.317330895386972,,0.7967995386290766,312
30,0.3,0.12,0.55,0.5,22,20,20000,86319.64668369823,66319.64668369823,331.59823341849113,27.806021022397953,1.045341205674984,0.9163284571070559,-34.398343594094705,0.8083534879037466,24.466340466957654,191,141,50,73.82198952879581,1245.1466627870566,-2142.6186553855277,4192.558803789507,-10653.539687015202,1.6387953965740576,6.795811518324608,37,71,52.112676056338024,13.41202693937662,-15.231399484626795,2.317330895386972,,0.7967995386290766,312
30,0.24,0.1,0.6,0.9,22,20,20000,71313.22002099105,51313.22002099105,256.56610010495524,23.7758774921625,1.0416875017178617,0.8869945507511844,-27.257659346126072,0.8722640924611008,20.63704218615257,178,131,47,73.59550561797754,977.5792422603895,-1591.482142874893,3023.2183267145742,-8038.925242059185,1.712078363882531,6.808988764044944,37,71,52.112676056338024,11.3878549490122,-13.531119301334204,1.9603637213859042,,0.8171266008694673,138
30,0.24,0.1,0.6,0.7,22,20,20000,71313.22002099105,51313.22002099105,256.56610010495524,23.7758774921625,1.0416875017178617,0.8869945507511844,-27.257659346126072,0.8722640924611008,20.63704218615257,178,131,47,73.59550561797754,977.5792422603895,-1591.482142874893,3023.2183267145742,-8038.925242059185,1.712078363882531,6.808988764044944,37,71,52.112676056338024,11.3878549490122,-13.531119301334204,1.9603637213859042,,0.8152647019797911,156
30,0.3,0.14,0.6,0.7,22,20,20000,89597.41863558577,69597.41863558577,347.98709317792884,28.60768331175003,1.0384100334208848,0.9295762187238887,-34.96092129104834,0.8182760137695502,25.47887143544721,201,146,55,72.636815920398,1321.9862330115755,-2195.4340251655262,4817.40738475309,-11838.17965023607,1.5984413585591404,7.059701492537314,34,71,47.88732394366197,14.072261304699985,-15.988541682060632,2.381921004218319,,0.7737778089448039,202
30,0.3,0.14,0.6,0.9,22,20,20000,89597.41863558577,69597.41863558577,347.98709317792884,28.60768331175003,1.0384100334208848,0.9295762187238887,-34.96092129104834,0.8182760137695502,25.47887143544721,201,146,55,72.636815920398,1321.9862330115755,-2195.4340251655262,4817.40738475309,-11838.17965023607,1.5984413585591404,7.059701492537314,34,71,47.88732394366197,14.072261304699985,-15.988541682060632,2.381921004218319,,0.7835539240742241,173
30,0.24,0.14,0.6,0.9,22,20,20000,82376.04609000523,62376.04609000523,311.88023045002615,26.807223557613447,1.0378655319865593,0.9048018758921389,-31.96105637190601,0.8387464808947048,23.710877122070258,213,151,62,70.89201877934272,1110.6036702941408,-1639.474324587253,4026.5797278361492,-10794.519887308184,1.6498320745095651,6.924882629107981,36,71,50.70422535211267,13.160068570244166,-16.03797967810462,2.2190619797400895,,0.8192626928315739,383
30,0.24,0.14,0.6,0.7,22,20,20000,82376.04609000523,62376.04609000523,311.88023045002615,26.807223557613447,1.0378655319865593,0.9048018758921389,-31.96105637190601,0.8387464808947048,23.710877122070258,213,151,62,70.89201877934272,1110.6036702941408,-1639.474324587253,4026.5797278361492,-10794.519887308184,1.6498320745095651,6.924882629107981,36,71,50.70422535211267,13.160068570244166,-16.03797967810462,2.2190619797400895,,0.8139399946810061,438
30,0.24,0.14,0.6,0.7,22,20,20000,82376.04609000523,62376.04609000523,311.88023045002615,26.807223557613447,1.0378655319865593,0.9048018758921389,-31.96105637190601,0.8387464808947048,23.710877122070258,213,151,62,70.89201877934272,1110.6036702941408,-1639.474324587253,4026.5797278361492,-10794.519887308184,1.6498320745095651,6.924882629107981,36,71,50.70422535211267,13.160068570244166,-16.03797967810462,2.2190619797400895,,0.8139399946810061,438
30,0.24,0.14,0.6,0.7,22,20,20000,82376.04609000523,62376.04609000523,311.88023045002615,26.807223557613447,1.0378655319865593,0.9048018758921389,-31.96105637190601,0.8387464808947048,23.710877122070258,213,151,62,70.89201877934272,1110.6036702941408,-1639.474324587253,4026.5797278361492,-10794.519887308184,1.6498320745095651,6.924882629107981,36,71,50.70422535211267,13.160068570244166,-16.03797967810462,2.2190619797400895,,0.8139399946810061,438
30,0.24,0.14,0.6,0.7,22,20,20000,82376.04609000523,62376.04609000523,311.88023045002615,26.807223557613447,1.0378655319865593,0.9048018758921389,-31.96105637190601,0.8387464808947048,23.710877122070258,213,151,62,70.89201877934272,1110.6036702941408,-1639.474324587253,4026.5797278361492,-10794.519887308184,1.6498320745095651,6.924882629107981,36,71,50.70422535211267,13.160068570244166,-16.03797967810462,2.2190619797400895,,0.8139399946810061,438
30,0.24,0.14,0.6,0.7,22,20,20000,82376.04609000523,62376.04609000523,311.88023045002615,26.807223557613447,1.0378655319865593,0.9048018758921389,-31.96105637190601,0.8387464808947048,23.710877122070258,213,151,62,70.89201877934272,1110.6036702941408,-1639.474324587253,4026.5797278361492,-10794.519887308184,1.6498320745095651,6.924882629107981,36,71,50.70422535211267,13.160068570244166,-16.03797967810462,2.2190619797400895,,0.8139399946810061,438
30,0.24,0.14,0.6,0.7,22,20,20000,82376.04609000523,62376.04609000523,311.88023045002615,26.807223557613447,1.0378655319865593,0.9048018758921389,-31.96105637190601,0.8387464808947048,23.710877122070258,213,151,62,70.89201877934272,1110.6036702941408,-1639.474324587253,4026.5797278361492,-10794.519887308184,1.6498320745095651,6.924882629107981,36,71,50.70422535211267,13.160068570244166,-16.03797967810462,2.2190619797400895,,0.8139399946810061,438
30,0.24,0.14,0.6,0.9,22,20,20000,82376.04609000523,62376.04609000523,311.88023045002615,26.807223557613447,1.0378655319865593,0.9048018758921389,-31.96105637190601,0.8387464808947048,23.710877122070258,213,151,62,70.89201877934272,1110.6036702941408,-1639.474324587253,4026.5797278361492,-10794.519887308184,1.6498320745095651,6.924882629107981,36,71,50.70422535211267,13.160068570244166,-16.03797967810462,2.2190619797400895,,0.8192626928315739,383
30,0.24,0.14,0.6,0.7,22,20,20000,82376.04609000523,62376.04609000523,311.88023045002615,26.807223557613447,1.0378655319865593,0.9048018758921389,-31.96105637190601,0.8387464808947048,23.710877122070258,213,151,62,70.89201877934272,1110.6036702941408,-1639.474324587253,4026.5797278361492,-10794.519887308184,1.6498320745095651,6.924882629107981,36,71,50.70422535211267,13.160068570244166,-16.03797967810462,2.2190619797400895,,0.8139399946810061,438
30,0.24,0.14,0.6,0.7,22,20,20000,82376.04609000523,62376.04609000523,311.88023045002615,26.807223557613447,1.0378655319865593,0.9048018758921389,-31.96105637190601,0.8387464808947048,23.710877122070258,213,151,62,70.89201877934272,1110.6036702941408,-1639.474324587253,4026.5797278361492,-10794.519887308184,1.6498320745095651,6.924882629107981,36,71,50.70422535211267,13.160068570244166,-16.03797967810462,2.2190619797400895,,0.8139399946810061,438
30,0.24,0.14,0.6,0.7,22,20,20000,82376.04609000523,62376.04609000523,311.88023045002615,26.807223557613447,1.0378655319865593,0.9048018758921389,-31.96105637190601,0.8387464808947048,23.710877122070258,213,151,62,70.89201877934272,1110.6036702941408,-1639.474324587253,4026.5797278361492,-10794.519887308184,1.6498320745095651,6.924882629107981,36,71,50.70422535211267,13.160068570244166,-16.03797967810462,2.2190619797400895,,0.8139399946810061,438
30,0.24,0.14,0.6,0.7,22,20,20000,82376.04609000523,62376.04609000523,311.88023045002615,26.807223557613447,1.0378655319865593,0.9048018758921389,-31.96105637190601,0.8387464808947048,23.710877122070258,213,151,62,70.89201877934272,1110.6036702941408,-1639.474324587253,4026.5797278361492,-10794.519887308184,1.6498320745095651,6.924882629107981,36,71,50.70422535211267,13.160068570244166,-16.03797967810462,2.2190619797400895,,0.8139399946810061,438
30,0.24,0.14,0.6,0.7,22,20,20000,82376.04609000523,62376.04609000523,311.88023045002615,26.807223557613447,1.0378655319865593,0.9048018758921389,-31.96105637190601,0.8387464808947048,23.710877122070258,213,151,62,70.89201877934272,1110.6036702941408,-1639.474324587253,4026.5797278361492,-10794.519887308184,1.6498320745095651,6.924882629107981,36,71,50.70422535211267,13.160068570244166,-16.03797967810462,2.2190619797400895,,0.8139399946810061,438
30,0.24,0.14,0.6,0.9,22,20,20000,82376.04609000523,62376.04609000523,311.88023045002615,26.807223557613447,1.0378655319865593,0.9048018758921389,-31.96105637190601,0.8387464808947048,23.710877122070258,213,151,62,70.89201877934272,1110.6036702941408,-1639.474324587253,4026.5797278361492,-10794.519887308184,1.6498320745095651,6.924882629107981,36,71,50.70422535211267,13.160068570244166,-16.03797967810462,2.2190619797400895,,0.8192626928315739,383
30,0.24,0.14,0.6,0.7,22,20,20000,82376.04609000523,62376.04609000523,311.88023045002615,26.807223557613447,1.0378655319865593,0.9048018758921389,-31.96105637190601,0.8387464808947048,23.710877122070258,213,151,62,70.89201877934272,1110.6036702941408,-1639.474324587253,4026.5797278361492,-10794.519887308184,1.6498320745095651,6.924882629107981,36,71,50.70422535211267,13.160068570244166,-16.03797967810462,2.2190619797400895,,0.8139399946810061,438
30,0.24,0.14,0.6,0.7,22,20,20000,82376.04609000523,62376.04609000523,311.88023045002615,26.807223557613447,1.0378655319865593,0.9048018758921389,-31.96105637190601,0.8387464808947048,23.710877122070258,213,151,62,70.89201877934272,1110.6036702941408,-1639.474324587253,4026.5797278361492,-10794.519887308184,1.6498320745095651,6.924882629107981,36,71,50.70422535211267,13.160068570244166,-16.03797967810462,2.2190619797400895,,0.8139399946810061,438
30,0.24,0.14,0.6,0.7,22,20,20000,82376.04609000523,62376.04609000523,311.88023045002615,26.807223557613447,1.0378655319865593,0.9048018758921389,-31.96105637190601,0.8387464808947048,23.710877122070258,213,151,62,70.89201877934272,1110.6036702941408,-1639.474324587253,4026.5797278361492,-10794.519887308184,1.6498320745095651,6.924882629107981,36,71,50.70422535211267,13.160068570244166,-16.03797967810462,2.2190619797400895,,0.8139399946810061,438
30,0.24,0.14,0.6,0.7,22,20,20000,82376.04609000523,62376.04609000523,311.88023045002615,26.807223557613447,1.0378655319865593,0.9048018758921389,-31.96105637190601,0.8387464808947048,23.710877122070258,213,151,62,70.89201877934272,1110.6036702941408,-1639.474324587253,4026.5797278361492,-10794.519887308184,1.6498320745095651,6.924882629107981,36,71,50.70422535211267,13.160068570244166,-16.03797967810462,2.2190619797400895,,0.8139399946810061,438
30,0.24,0.14,0.6,0.9,22,20,20000,82376.04609000523,62376.04609000523,311.88023045002615,26.807223557613447,1.0378655319865593,0.9048018758921389,-31.96105637190601,0.8387464808947048,23.710877122070258,213,151,62,70.89201877934272,1110.6036702941408,-1639.474324587253,4026.5797278361492,-10794.519887308184,1.6498320745095651,6.924882629107981,36,71,50.70422535211267,13.160068570244166,-16.03797967810462,2.2190619797400895,,0.8192626928315739,383
30,0.24,0.14,0.6,0.7,22,20,20000,82376.04609000523,62376.04609000523,311.88023045002615,26.807223557613447,1.0378655319865593,0.9048018758921389,-31.96105637190601,0.8387464808947048,23.710877122070258,213,151,62,70.89201877934272,1110.6036702941408,-1639.474324587253,4026.5797278361492,-10794.519887308184,1.6498320745095651,6.924882629107981,36,71,50.70422535211267,13.160068570244166,-16.03797967810462,2.2190619797400895,,0.8139399946810061,438
30,0.24,0.14,0.6,0.7,22,20,20000,82376.04609000523,62376.04609000523,311.88023045002615,26.807223557613447,1.0378655319865593,0.9048018758921389,-31.96105637190601,0.8387464808947048,23.710877122070258,213,151,62,70.89201877934272,1110.6036702941408,-1639.474324587253,4026.5797278361492,-10794.519887308184,1.6498320745095651,6.924882629107981,36,71,50.70422535211267,13.160068570244166,-16.03797967810462,2.2190619797400895,,0.8139399946810061,438
30,0.24,0.14,0.6,0.7,22,20,20000,82376.04609000523,62376.04609000523,311.88023045002615,26.807223557613447,1.0378655319865593,0.9048018758921389,-31.96105637190601,0.8387464808947048,23.710877122070258,213,151,62,70.89201877934272,1110.6036702941408,-1639.474324587253,4026.5797278361492,-10794.519887308184,1.6498320745095651,6.924882629107981,36,71,50.70422535211267,13.160068570244166,-16.03797967810462,2.2190619797400895,,0.8139399946810061,438
30,0.24,0.14,0.6,0.7,22,20,20000,82376.04609000523,62376.04609000523,311.88023045002615,26.807223557613447,1.0378655319865593,0.9048018758921389,-31.96105637190601,0.8387464808947048,23.710877122070258,213,151,62,70.89201877934272,1110.6036702941408,-1639.474324587253,4026.5797278361492,-10794.519887308184,1.6498320745095651,6.924882629107981,36,71,50.70422535211267,13.160068570244166,-16.03797967810462,2.2190619797400895,,0.8139399946810061,438
30,0.24,0.14,0.6,0.7,22,20,20000,82376.04609000523,62376.04609000523,311.88023045002615,26.807223557613447,1.0378655319865593,0.9048018758921389,-31.96105637190601,0.8387464808947048,23.710877122070258,213,151,62,70.89201877934272,1110.6036702941408,-1639.474324587253,4026.5797278361492,-10794.519887308184,1.6498320745095651,6.924882629107981,36,71,50.70422535211267,13.160068570244166,-16.03797967810462,2.2190619797400895,,0.8139399946810061,438
30,0.26,0.08,0.55,0.7,22,20,20000,69348.76505374664,49348.76505374664,246.7438252687332,23.19715159766527,1.0376190645362717,0.8739116567930105,-28.598693400831017,0.8111262732370567,20.173014047374885,173,131,42,75.72254335260115,946.9671523420245,-1743.5340929299623,2528.725200871844,-7057.925129861682,1.6940509817420262,6.554913294797688,39,71,54.929577464788736,10.70139085481243,-15.256388803594023,1.9114197763860645,,0.7850036660553654,181
30,0.26,0.08,0.55,0.9,22,20,20000,69348.76505374664,49348.76505374664,246.7438252687332,23.19715159766527,1.0376190645362717,0.8739116567930105,-28.598693400831017,0.8111262732370567,20.173014047374885,173,131,42,75.72254335260115,946.9671523420245,-1743.5340929299623,2528.725200871844,-7057.925129861682,1.6940509817420262,6.554913294797688,39,71,54.929577464788736,10.70139085481243,-15.256388803594023,1.9114197763860645,,0.7859862774041236,155
30,0.26,0.08,0.55,0.7,22,20,20000,69348.76505374664,49348.76505374664,246.7438252687332,23.19715159766527,1.0376190645362717,0.8739116567930105,-28.598693400831017,0.8111262732370567,20.173014047374885,173,131,42,75.72254335260115,946.9671523420245,-1743.5340929299623,2528.725200871844,-7057.925129861682,1.6940509817420262,6.554913294797688,39,71,54.929577464788736,10.70139085481243,-15.256388803594023,1.9114197763860645,,0.7850036660553654,181
30,0.26,0.08,0.55,0.9,22,20,20000,69348.76505374664,49348.76505374664,246.7438252687332,23.19715159766527,1.0376190645362717,0.8739116567930105,-28.598693400831017,0.8111262732370567,20.173014047374885,173,131,42,75.72254335260115,946.9671523420245,-1743.5340929299623,2528.725200871844,-7057.925129861682,1.6940509817420262,6.554913294797688,39,71,54.929577464788736,10.70139085481243,-15.256388803594023,1.9114197763860645,,0.7859862774041236,155
30,0.28,0.1,0.55,0.7,22,20,20000,75050.08178470803,55050.08178470803,275.2504089235402,24.841069516778468,1.0318527857227557,0.8883787989232027,-30.721394063498046,0.8085918713660736,21.935189830390513,188,136,52,72.3404255319149,1051.1037361956044,-1657.1851218825768,3212.1694721342355,-9287.021881684725,1.6588614660601941,6.553191489361702,38,71,53.52112676056338,11.27723918443948,-16.994394875945705,2.058649268414967,,0.8137378318104833,753
30,0.28,0.1,0.55,0.9,22,20,20000,75050.08178470803,55050.08178470803,275.2504089235402,24.841069516778468,1.0318527857227557,0.8883787989232027,-30.721394063498046,0.8085918713660736,21.935189830390513,188,136,52,72.3404255319149,1051.1037361956044,-1657.1851218825768,3212.1694721342355,-9287.021881684725,1.6588614660601941,6.553191489361702,38,71,53.52112676056338,11.27723918443948,-16.994394875945705,2.058649268414967,,0.806548881781478,634
30,0.28,0.1,0.55,0.9,22,20,20000,75050.08178470803,55050.08178470803,275.2504089235402,24.841069516778468,1.0318527857227557,0.8883787989232027,-30.721394063498046,0.8085918713660736,21.935189830390513,188,136,52,72.3404255319149,1051.1037361956044,-1657.1851218825768,3212.1694721342355,-9287.021881684725,1.6588614660601941,6.553191489361702,38,71,53.52112676056338,11.27723918443948,-16.994394875945705,2.058649268414967,,0.806548881781478,634
30,0.28,0.1,0.55,0.7,22,20,20000,75050.08178470803,55050.08178470803,275.2504089235402,24.841069516778468,1.0318527857227557,0.8883787989232027,-30.721394063498046,0.8085918713660736,21.935189830390513,188,136,52,72.3404255319149,1051.1037361956044,-1657.1851218825768,3212.1694721342355,-9287.021881684725,1.6588614660601941,6.553191489361702,38,71,53.52112676056338,11.27723918443948,-16.994394875945705,2.058649268414967,,0.8137378318104833,753
30,0.28,0.1,0.55,0.7,22,20,20000,75050.08178470803,55050.08178470803,275.2504089235402,24.841069516778468,1.0318527857227557,0.8883787989232027,-30.721394063498046,0.8085918713660736,21.935189830390513,188,136,52,72.3404255319149,1051.1037361956044,-1657.1851218825768,3212.1694721342355,-9287.021881684725,1.6588614660601941,6.553191489361702,38,71,53.52112676056338,11.27723918443948,-16.994394875945705,2.058649268414967,,0.8137378318104833,753
30,0.28,0.1,0.55,0.9,22,20,20000,75050.08178470803,55050.08178470803,275.2504089235402,24.841069516778468,1.0318527857227557,0.8883787989232027,-30.721394063498046,0.8085918713660736,21.935189830390513,188,136,52,72.3404255319149,1051.1037361956044,-1657.1851218825768,3212.1694721342355,-9287.021881684725,1.6588614660601941,6.553191489361702,38,71,53.52112676056338,11.27723918443948,-16.994394875945705,2.058649268414967,,0.806548881781478,634
30,0.28,0.1,0.55,0.9,22,20,20000,75050.08178470803,55050.08178470803,275.2504089235402,24.841069516778468,1.0318527857227557,0.8883787989232027,-30.721394063498046,0.8085918713660736,21.935189830390513,188,136,52,72.3404255319149,1051.1037361956044,-1657.1851218825768,3212.1694721342355,-9287.021881684725,1.6588614660601941,6.553191489361702,38,71,53.52112676056338,11.27723918443948,-16.994394875945705,2.058649268414967,,0.806548881781478,634
30,0.28,0.1,0.55,0.9,22,20,20000,75050.08178470803,55050.08178470803,275.2504089235402,24.841069516778468,1.0318527857227557,0.8883787989232027,-30.721394063498046,0.8085918713660736,21.935189830390513,188,136,52,72.3404255319149,1051.1037361956044,-1657.1851218825768,3212.1694721342355,-9287.021881684725,1.6588614660601941,6.553191489361702,38,71,53.52112676056338,11.27723918443948,-16.994394875945705,2.058649268414967,,0.806548881781478,634
30,0.28,0.1,0.55,0.9,22,20,20000,75050.08178470803,55050.08178470803,275.2504089235402,24.841069516778468,1.0318527857227557,0.8883787989232027,-30.721394063498046,0.8085918713660736,21.935189830390513,188,136,52,72.3404255319149,1051.1037361956044,-1657.1851218825768,3212.1694721342355,-9287.021881684725,1.6588614660601941,6.553191489361702,38,71,53.52112676056338,11.27723918443948,-16.994394875945705,2.058649268414967,,0.806548881781478,634
30,0.28,0.1,0.55,0.7,22,20,20000,75050.08178470803,55050.08178470803,275.2504089235402,24.841069516778468,1.0318527857227557,0.8883787989232027,-30.721394063498046,0.8085918713660736,21.935189830390513,188,136,52,72.3404255319149,1051.1037361956044,-1657.1851218825768,3212.1694721342355,-9287.021881684725,1.6588614660601941,6.553191489361702,38,71,53.52112676056338,11.27723918443948,-16.994394875945705,2.058649268414967,,0.8137378318104833,753
30,0.28,0.1,0.55,0.7,22,20,20000,75050.08178470803,55050.08178470803,275.2504089235402,24.841069516778468,1.0318527857227557,0.8883787989232027,-30.721394063498046,0.8085918713660736,21.935189830390513,188,136,52,72.3404255319149,1051.1037361956044,-1657.1851218825768,3212.1694721342355,-9287.021881684725,1.6588614660601941,6.553191489361702,38,71,53.52112676056338,11.27723918443948,-16.994394875945705,2.058649268414967,,0.8137378318104833,753
30,0.28,0.1,0.55,0.9,22,20,20000,75050.08178470803,55050.08178470803,275.2504089235402,24.841069516778468,1.0318527857227557,0.8883787989232027,-30.721394063498046,0.8085918713660736,21.935189830390513,188,136,52,72.3404255319149,1051.1037361956044,-1657.1851218825768,3212.1694721342355,-9287.021881684725,1.6588614660601941,6.553191489361702,38,71,53.52112676056338,11.27723918443948,-16.994394875945705,2.058649268414967,,0.806548881781478,634
30,0.28,0.1,0.55,0.9,22,20,20000,75050.08178470803,55050.08178470803,275.2504089235402,24.841069516778468,1.0318527857227557,0.8883787989232027,-30.721394063498046,0.8085918713660736,21.935189830390513,188,136,52,72.3404255319149,1051.1037361956044,-1657.1851218825768,3212.1694721342355,-9287.021881684725,1.6588614660601941,6.553191489361702,38,71,53.52112676056338,11.27723918443948,-16.994394875945705,2.058649268414967,,0.806548881781478,634
30,0.28,0.1,0.55,0.7,22,20,20000,75050.08178470803,55050.08178470803,275.2504089235402,24.841069516778468,1.0318527857227557,0.8883787989232027,-30.721394063498046,0.8085918713660736,21.935189830390513,188,136,52,72.3404255319149,1051.1037361956044,-1657.1851218825768,3212.1694721342355,-9287.021881684725,1.6588614660601941,6.553191489361702,38,71,53.52112676056338,11.27723918443948,-16.994394875945705,2.058649268414967,,0.8137378318104833,753
30,0.28,0.1,0.55,0.7,22,20,20000,75050.08178470803,55050.08178470803,275.2504089235402,24.841069516778468,1.0318527857227557,0.8883787989232027,-30.721394063498046,0.8085918713660736,21.935189830390513,188,136,52,72.3404255319149,1051.1037361956044,-1657.1851218825768,3212.1694721342355,-9287.021881684725,1.6588614660601941,6.553191489361702,38,71,53.52112676056338,11.27723918443948,-16.994394875945705,2.058649268414967,,0.8137378318104833,753
30,0.28,0.1,0.55,0.9,22,20,20000,75050.08178470803,55050.08178470803,275.2504089235402,24.841069516778468,1.0318527857227557,0.8883787989232027,-30.721394063498046,0.8085918713660736,21.935189830390513,188,136,52,72.3404255319149,1051.1037361956044,-1657.1851218825768,3212.1694721342355,-9287.021881684725,1.6588614660601941,6.553191489361702,38,71,53.52112676056338,11.27723918443948,-16.994394875945705,2.058649268414967,,0.806548881781478,634
30,0.28,0.1,0.55,0.9,22,20,20000,75050.08178470803,55050.08178470803,275.2504089235402,24.841069516778468,1.0318527857227557,0.8883787989232027,-30.721394063498046,0.8085918713660736,21.935189830390513,188,136,52,72.3404255319149,1051.1037361956044,-1657.1851218825768,3212.1694721342355,-9287.021881684725,1.6588614660601941,6.553191489361702,38,71,53.52112676056338,11.27723918443948,-16.994394875945705,2.058649268414967,,0.806548881781478,634
30,0.28,0.1,0.55,0.9,22,20,20000,75050.08178470803,55050.08178470803,275.2504089235402,24.841069516778468,1.0318527857227557,0.8883787989232027,-30.721394063498046,0.8085918713660736,21.935189830390513,188,136,52,72.3404255319149,1051.1037361956044,-1657.1851218825768,3212.1694721342355,-9287.021881684725,1.6588614660601941,6.553191489361702,38,71,53.52112676056338,11.27723918443948,-16.994394875945705,2.058649268414967,,0.806548881781478,634
30,0.28,0.1,0.55,0.7,22,20,20000,75050.08178470803,55050.08178470803,275.2504089235402,24.841069516778468,1.0318527857227557,0.8883787989232027,-30.721394063498046,0.8085918713660736,21.935189830390513,188,136,52,72.3404255319149,1051.1037361956044,-1657.1851218825768,3212.1694721342355,-9287.021881684725,1.6588614660601941,6.553191489361702,38,71,53.52112676056338,11.27723918443948,-16.994394875945705,2.058649268414967,,0.8137378318104833,753
30,0.28,0.1,0.55,0.9,22,20,20000,75050.08178470803,55050.08178470803,275.2504089235402,24.841069516778468,1.0318527857227557,0.8883787989232027,-30.721394063498046,0.8085918713660736,21.935189830390513,188,136,52,72.3404255319149,1051.1037361956044,-1657.1851218825768,3212.1694721342355,-9287.021881684725,1.6588614660601941,6.553191489361702,38,71,53.52112676056338,11.27723918443948,-16.994394875945705,2.058649268414967,,0.806548881781478,634
30,0.28,0.1,0.55,0.7,22,20,20000,75050.08178470803,55050.08178470803,275.2504089235402,24.841069516778468,1.0318527857227557,0.8883787989232027,-30.721394063498046,0.8085918713660736,21.935189830390513,188,136,52,72.3404255319149,1051.1037361956044,-1657.1851218825768,3212.1694721342355,-9287.021881684725,1.6588614660601941,6.553191489361702,38,71,53.52112676056338,11.27723918443948,-16.994394875945705,2.058649268414967,,0.8137378318104833,753
30,0.28,0.1,0.55,0.9,22,20,20000,75050.08178470803,55050.08178470803,275.2504089235402,24.841069516778468,1.0318527857227557,0.8883787989232027,-30.721394063498046,0.8085918713660736,21.935189830390513,188,136,52,72.3404255319149,1051.1037361956044,-1657.1851218825768,3212.1694721342355,-9287.021881684725,1.6588614660601941,6.553191489361702,38,71,53.52112676056338,11.27723918443948,-16.994394875945705,2.058649268414967,,0.806548881781478,634
30,0.26,0.08,0.55,0.5,22,20,20000,68776.45187091382,48776.45187091382,243.8822593545691,23.025983565825612,1.0300344805789226,0.8673387835513686,-29.622215296063438,0.777321457415968,20.189704983024605,174,131,43,75.28735632183908,946.2384300926574,-1714.167034214515,2528.725200871844,-7057.925129861682,1.6817068129948485,6.517241379310345,39,71,54.929577464788736,10.70139085481243,-14.929511014932173,1.8993641077318317,,0.7671307303377956,92
30,0.28,0.08,0.55,0.5,22,20,20000,67210.45984072337,47210.45984072337,236.05229920361688,22.5514901065075,1.029490401036107,0.8677322308603502,-27.71524124882074,0.8136855062543267,19.736282323327963,174,126,48,72.41379310344827,940.5062444882028,-1458.7901450997924,2545.2177057199942,-7070.768285426822,1.692381114634309,6.5344827586206895,37,71,52.112676056338024,10.953684248552364,-14.637653391803928,1.8659671729187317,,0.8121660011949318,302
30,0.28,0.08,0.55,0.5,22,20,20000,67210.45984072337,47210.45984072337,236.05229920361688,22.5514901065075,1.029490401036107,0.8677322308603502,-27.71524124882074,0.8136855062543267,19.736282323327963,174,126,48,72.41379310344827,940.5062444882028,-1458.7901450997924,2545.2177057199942,-7070.768285426822,1.692381114634309,6.5344827586206895,37,71,52.112676056338024,10.953684248552364,-14.637653391803928,1.8659671729187317,,0.8121660011949318,302
30,0.28,0.08,0.55,0.5,22,20,20000,67210.45984072337,47210.45984072337,236.05229920361688,22.5514901065075,1.029490401036107,0.8677322308603502,-27.71524124882074,0.8136855062543267,19.736282323327963,174,126,48,72.41379310344827,940.5062444882028,-1458.7901450997924,2545.2177057199942,-7070.768285426822,1.692381114634309,6.5344827586206895,37,71,52.112676056338024,10.953684248552364,-14.637653391803928,1.8659671729187317,,0.8121660011949318,302
30,0.28,0.08,0.55,0.5,22,20,20000,67210.45984072337,47210.45984072337,236.05229920361688,22.5514901065075,1.029490401036107,0.8677322308603502,-27.71524124882074,0.8136855062543267,19.736282323327963,174,126,48,72.41379310344827,940.5062444882028,-1458.7901450997924,2545.2177057199942,-7070.768285426822,1.692381114634309,6.5344827586206895,37,71,52.112676056338024,10.953684248552364,-14.637653391803928,1.8659671729187317,,0.8121660011949318,302
30,0.28,0.08,0.55,0.7,22,20,20000,67210.45984072337,47210.45984072337,236.05229920361688,22.5514901065075,1.029490401036107,0.8677322308603502,-27.71524124882074,0.8136855062543267,19.736282323327963,174,126,48,72.41379310344827,940.5062444882028,-1458.7901450997924,2545.2177057199942,-7070.768285426822,1.692381114634309,6.5344827586206895,37,71,52.112676056338024,10.953684248552364,-14.637653391803928,1.8659671729187317,,0.815567958898303,569
30,0.28,0.08,0.55,0.9,22,20,20000,67210.45984072337,47210.45984072337,236.05229920361688,22.5514901065075,1.029490401036107,0.8677322308603502,-27.71524124882074,0.8136855062543267,19.736282323327963,174,126,48,72.41379310344827,940.5062444882028,-1458.7901450997924,2545.2177057199942,-7070.768285426822,1.692381114634309,6.5344827586206895,37,71,52.112676056338024,10.953684248552364,-14.637653391803928,1.8659671729187317,,0.8057417893469244,468
30,0.28,0.08,0.55,0.9,22,20,20000,67210.45984072337,47210.45984072337,236.05229920361688,22.5514901065075,1.029490401036107,0.8677322308603502,-27.71524124882074,0.8136855062543267,19.736282323327963,174,126,48,72.41379310344827,940.5062444882028,-1458.7901450997924,2545.2177057199942,-7070.768285426822,1.692381114634309,6.5344827586206895,37,71,52.112676056338024,10.953684248552364,-14.637653391803928,1.8659671729187317,,0.8057417893469244,468
30,0.24,0.14,0.6,0.5,22,20,20000,81571.25014909498,61571.25014909498,307.85625074547494,26.598518982659236,1.0290291370731757,0.8930822011239508,-32.82168747298373,0.8103946210734312,23.768483121254608,206,145,61,70.3883495145631,1150.8356069546883,-1666.1510304808937,3887.732151014213,-11405.356750260884,1.6418636643127158,6.936893203883495,36,71,50.70422535211267,13.160068570244166,-16.773852020947878,2.207154830175036,,0.8175655710916048,340
30,0.24,0.14,0.6,0.5,22,20,20000,81571.25014909498,61571.25014909498,307.85625074547494,26.598518982659236,1.0290291370731757,0.8930822011239508,-32.82168747298373,0.8103946210734312,23.768483121254608,206,145,61,70.3883495145631,1150.8356069546883,-1666.1510304808937,3887.732151014213,-11405.356750260884,1.6418636643127158,6.936893203883495,36,71,50.70422535211267,13.160068570244166,-16.773852020947878,2.207154830175036,,0.8175655710916048,340
30,0.24,0.14,0.6,0.5,22,20,20000,81571.25014909498,61571.25014909498,307.85625074547494,26.598518982659236,1.0290291370731757,0.8930822011239508,-32.82168747298373,0.8103946210734312,23.768483121254608,206,145,61,70.3883495145631,1150.8356069546883,-1666.1510304808937,3887.732151014213,-11405.356750260884,1.6418636643127158,6.936893203883495,36,71,50.70422535211267,13.160068570244166,-16.773852020947878,2.207154830175036,,0.8175655710916048,340
30,0.24,0.14,0.6,0.5,22,20,20000,81571.25014909498,61571.25014909498,307.85625074547494,26.598518982659236,1.0290291370731757,0.8930822011239508,-32.82168747298373,0.8103946210734312,23.768483121254608,206,145,61,70.3883495145631,1150.8356069546883,-1666.1510304808937,3887.732151014213,-11405.356750260884,1.6418636643127158,6.936893203883495,36,71,50.70422535211267,13.160068570244166,-16.773852020947878,2.207154830175036,,0.8175655710916048,340
30,0.26,0.12,0.55,0.9,22,20,20000,79885.9624692215,59885.9624692215,299.4298123461075,26.15586820133928,1.0274325623610359,0.8934425053539703,-33.75625729512016,0.7748450301426161,23.36862037654758,190,138,52,72.63157894736842,1160.5807992067382,-1878.4997657943863,3401.120617553896,-9275.682971606751,1.6396078116624175,6.678947368421053,38,71,53.52112676056338,12.486679414873025,-15.7288899763532,2.1639697002235816,,0.8224117944684993,526
30,0.26,0.12,0.55,0.7,22,20,20000,79885.9624692215,59885.9624692215,299.4298123461075,26.15586820133928,1.0274325623610359,0.8934425053539703,-33.75625729512016,0.7748450301426161,23.36862037654758,190,138,52,72.63157894736842,1160.5807992067382,-1878.4997657943863,3401.120617553896,-9275.682971606751,1.6396078116624175,6.678947368421053,38,71,53.52112676056338,12.486679414873025,-15.7288899763532,2.1639697002235816,,0.8177048701564604,594
30,0.26,0.12,0.55,0.7,22,20,20000,79885.9624692215,59885.9624692215,299.4298123461075,26.15586820133928,1.0274325623610359,0.8934425053539703,-33.75625729512016,0.7748450301426161,23.36862037654758,190,138,52,72.63157894736842,1160.5807992067382,-1878.4997657943863,3401.120617553896,-9275.682971606751,1.6396078116624175,6.678947368421053,38,71,53.52112676056338,12.486679414873025,-15.7288899763532,2.1639697002235816,,0.8177048701564604,594
30,0.28,0.1,0.6,0.7,22,20,20000,73324.53760206579,53324.537602065786,266.62268801032894,24.35482246403693,1.0264739114982457,0.8781681718114988,-28.792908821951407,0.8458618271131075,21.59782613466379,184,134,50,72.82608695652173,1031.1746970870968,-1663.4654361521013,3023.2183267145742,-8442.747165167932,1.6613198736404227,6.717391304347826,37,71,52.112676056338024,11.570124140467586,-14.41599476983242,2.02011807084669,,0.8304096987833229,626
30,0.28,0.1,0.6,0.7,22,20,20000,73324.53760206579,53324.537602065786,266.62268801032894,24.35482246403693,1.0264739114982457,0.8781681718114988,-28.792908821951407,0.8458618271131075,21.59782613466379,184,134,50,72.82608695652173,1031.1746970870968,-1663.4654361521013,3023.2183267145742,-8442.747165167932,1.6613198736404227,6.717391304347826,37,71,52.112676056338024,11.570124140467586,-14.41599476983242,2.02011807084669,,0.8304096987833229,626
30,0.28,0.1,0.6,0.7,22,20,20000,73324.53760206579,53324.537602065786,266.62268801032894,24.35482246403693,1.0264739114982457,0.8781681718114988,-28.792908821951407,0.8458618271131075,21.59782613466379,184,134,50,72.82608695652173,1031.1746970870968,-1663.4654361521013,3023.2183267145742,-8442.747165167932,1.6613198736404227,6.717391304347826,37,71,52.112676056338024,11.570124140467586,-14.41599476983242,2.02011807084669,,0.8304096987833229,626
30,0.28,0.1,0.6,0.9,22,20,20000,73324.53760206579,53324.537602065786,266.62268801032894,24.35482246403693,1.0264739114982457,0.8781681718114988,-28.792908821951407,0.8458618271131075,21.59782613466379,184,134,50,72.82608695652173,1031.1746970870968,-1663.4654361521013,3023.2183267145742,-8442.747165167932,1.6613198736404227,6.717391304347826,37,71,52.112676056338024,11.570124140467586,-14.41599476983242,2.02011807084669,,0.8226393058822721,522
30,0.28,0.1,0.6,0.7,22,20,20000,73324.53760206579,53324.537602065786,266.62268801032894,24.35482246403693,1.0264739114982457,0.8781681718114988,-28.792908821951407,0.8458618271131075,21.59782613466379,184,134,50,72.82608695652173,1031.1746970870968,-1663.4654361521013,3023.2183267145742,-8442.747165167932,1.6613198736404227,6.717391304347826,37,71,52.112676056338024,11.570124140467586,-14.41599476983242,2.02011807084669,,0.8304096987833229,626
30,0.28,0.1,0.6,0.9,22,20,20000,73324.53760206579,53324.537602065786,266.62268801032894,24.35482246403693,1.0264739114982457,0.8781681718114988,-28.792908821951407,0.8458618271131075,21.59782613466379,184,134,50,72.82608695652173,1031.1746970870968,-1663.4654361521013,3023.2183267145742,-8442.747165167932,1.6613198736404227,6.717391304347826,37,71,52.112676056338024,11.570124140467586,-14.41599476983242,2.02011807084669,,0.8226393058822721,522
30,0.28,0.1,0.6,0.9,22,20,20000,73324.53760206579,53324.537602065786,266.62268801032894,24.35482246403693,1.0264739114982457,0.8781681718114988,-28.792908821951407,0.8458618271131075,21.59782613466379,184,134,50,72.82608695652173,1031.1746970870968,-1663.4654361521013,3023.2183267145742,-8442.747165167932,1.6613198736404227,6.717391304347826,37,71,52.112676056338024,11.570124140467586,-14.41599476983242,2.02011807084669,,0.8226393058822721,522
30,0.28,0.1,0.6,0.9,22,20,20000,73324.53760206579,53324.537602065786,266.62268801032894,24.35482246403693,1.0264739114982457,0.8781681718114988,-28.792908821951407,0.8458618271131075,21.59782613466379,184,134,50,72.82608695652173,1031.1746970870968,-1663.4654361521013,3023.2183267145742,-8442.747165167932,1.6613198736404227,6.717391304347826,37,71,52.112676056338024,11.570124140467586,-14.41599476983242,2.02011807084669,,0.8226393058822721,522
30,0.24,0.12,0.6,0.9,22,20,20000,76434.19612099146,56434.19612099146,282.1709806049573,25.224423983231038,1.0257967462923008,0.8829489737255785,-30.615814695224618,0.8239017721506358,22.4831206360124,187,141,46,75.40106951871658,1052.4267759330373,-1939.8234627297104,3238.590268723917,-9275.682971606751,1.6629950707601067,6.823529411764706,36,71,50.70422535211267,12.405706695520946,-13.892007091177883,2.09471643242829,,0.8302258218283802,362
30,0.24,0.12,0.6,0.9,22,20,20000,76434.19612099146,56434.19612099146,282.1709806049573,25.224423983231038,1.0257967462923008,0.8829489737255785,-30.615814695224618,0.8239017721506358,22.4831206360124,187,141,46,75.40106951871658,1052.4267759330373,-1939.8234627297104,3238.590268723917,-9275.682971606751,1.6629950707601067,6.823529411764706,36,71,50.70422535211267,12.405706695520946,-13.892007091177883,2.09471643242829,,0.8302258218283802,362
30,0.24,0.12,0.6,0.9,22,20,20000,76434.19612099146,56434.19612099146,282.1709806049573,25.224423983231038,1.0257967462923008,0.8829489737255785,-30.615814695224618,0.8239017721506358,22.4831206360124,187,141,46,75.40106951871658,1052.4267759330373,-1939.8234627297104,3238.590268723917,-9275.682971606751,1.6629950707601067,6.823529411764706,36,71,50.70422535211267,12.405706695520946,-13.892007091177883,2.09471643242829,,0.8302258218283802,362
30,0.24,0.12,0.6,0.7,22,20,20000,76434.19612099146,56434.19612099146,282.1709806049573,25.224423983231038,1.0257967462923008,0.8829489737255785,-30.615814695224618,0.8239017721506358,22.4831206360124,187,141,46,75.40106951871658,1052.4267759330373,-1939.8234627297104,3238.590268723917,-9275.682971606751,1.6629950707601067,6.823529411764706,36,71,50.70422535211267,12.405706695520946,-13.892007091177883,2.09471643242829,,0.8267481354532293,408
30,0.24,0.12,0.6,0.5,22,20,20000,76434.19612099146,56434.19612099146,282.1709806049573,25.224423983231038,1.0257967462923008,0.8829489737255785,-30.615814695224618,0.8239017721506358,22.4831206360124,187,141,46,75.40106951871658,1052.4267759330373,-1939.8234627297104,3238.590268723917,-9275.682971606751,1.6629950707601067,6.823529411764706,36,71,50.70422535211267,12.405706695520946,-13.892007091177883,2.09471643242829,,0.8296379450706447,304
30,0.24,0.12,0.6,0.7,22,20,20000,76434.19612099146,56434.19612099146,282.1709806049573,25.224423983231038,1.0257967462923008,0.8829489737255785,-30.615814695224618,0.8239017721506358,22.4831206360124,187,141,46,75.40106951871658,1052.4267759330373,-1939.8234627297104,3238.590268723917,-9275.682971606751,1.6629950707601067,6.823529411764706,36,71,50.70422535211267,12.405706695520946,-13.892007091177883,2.09471643242829,,0.8267481354532293,408
30,0.24,0.12,0.6,0.7,22,20,20000,76434.19612099146,56434.19612099146,282.1709806049573,25.224423983231038,1.0257967462923008,0.8829489737255785,-30.615814695224618,0.8239017721506358,22.4831206360124,187,141,46,75.40106951871658,1052.4267759330373,-1939.8234627297104,3238.590268723917,-9275.682971606751,1.6629950707601067,6.823529411764706,36,71,50.70422535211267,12.405706695520946,-13.892007091177883,2.09471643242829,,0.8267481354532293,408
30,0.24,0.12,0.6,0.7,22,20,20000,76434.19612099146,56434.19612099146,282.1709806049573,25.224423983231038,1.0257967462923008,0.8829489737255785,-30.615814695224618,0.8239017721506358,22.4831206360124,187,141,46,75.40106951871658,1052.4267759330373,-1939.8234627297104,3238.590268723917,-9275.682971606751,1.6629950707601067,6.823529411764706,36,71,50.70422535211267,12.405706695520946,-13.892007091177883,2.09471643242829,,0.8267481354532293,408
30,0.28,0.1,0.55,0.5,22,20,20000,74748.16780096965,54748.16780096965,273.7408390048482,24.756668376376467,1.0241751582948804,0.8772777212241,-31.364362224102088,0.7893247820404297,22.061511837260525,183,135,48,73.77049180327869,1058.5246504359832,-1800.6283334976663,3212.1694721342355,-9765.744713097267,1.6533676183847859,6.491803278688525,38,71,53.52112676056338,11.373402300358372,-17.727027394580787,2.0577744020433117,,0.8067123123790038,395
30,0.28,0.1,0.55,0.5,22,20,20000,74748.16780096965,54748.16780096965,273.7408390048482,24.756668376376467,1.0241751582948804,0.8772777212241,-31.364362224102088,0.7893247820404297,22.061511837260525,183,135,48,73.77049180327869,1058.5246504359832,-1800.6283334976663,3212.1694721342355,-9765.744713097267,1.6533676183847859,6.491803278688525,38,71,53.52112676056338,11.373402300358372,-17.727027394580787,2.0577744020433117,,0.8067123123790038,395
30,0.28,0.1,0.55,0.5,22,20,20000,74748.16780096965,54748.16780096965,273.7408390048482,24.756668376376467,1.0241751582948804,0.8772777212241,-31.364362224102088,0.7893247820404297,22.061511837260525,183,135,48,73.77049180327869,1058.5246504359832,-1800.6283334976663,3212.1694721342355,-9765.744713097267,1.6533676183847859,6.491803278688525,38,71,53.52112676056338,11.373402300358372,-17.727027394580787,2.0577744020433117,,0.8067123123790038,395
30,0.28,0.1,0.55,0.5,22,20,20000,74748.16780096965,54748.16780096965,273.7408390048482,24.756668376376467,1.0241751582948804,0.8772777212241,-31.364362224102088,0.7893247820404297,22.061511837260525,183,135,48,73.77049180327869,1058.5246504359832,-1800.6283334976663,3212.1694721342355,-9765.744713097267,1.6533676183847859,6.491803278688525,38,71,53.52112676056338,11.373402300358372,-17.727027394580787,2.0577744020433117,,0.8067123123790038,395
30,0.3,0.14,0.6,0.5,22,20,20000,88117.52631169083,68117.52631169083,340.5876315584542,28.248813368940674,1.0236008719867482,0.9131583942456776,-35.288620981498845,0.8005077156103944,25.6068862653756,200,140,60,70.0,1357.7800233567555,-1989.159615970912,4817.40738475309,-12520.544557129067,1.5927094851491084,7.0,35,71,49.29577464788733,14.161352729668542,-17.320978540669664,2.365053926338571,,0.7663662429134575,133
30,0.3,0.1,0.6,0.9,22,20,20000,75546.58466466055,55546.58466466055,277.73292332330277,24.97925624075883,1.022140491143245,0.8885385993070685,-30.426023376069722,0.8209832725102416,22.339181485638324,191,140,51,73.29842931937172,1037.810289770703,-1728.6952137889746,3633.550963284239,-9287.021881684725,1.6480007399819125,6.869109947643979,35,71,49.29577464788733,12.107865963015207,-15.513082633732289,2.0866443451116052,,0.8196066161639137,421
30,0.3,0.1,0.6,0.9,22,20,20000,75546.58466466055,55546.58466466055,277.73292332330277,24.97925624075883,1.022140491143245,0.8885385993070685,-30.426023376069722,0.8209832725102416,22.339181485638324,191,140,51,73.29842931937172,1037.810289770703,-1728.6952137889746,3633.550963284239,-9287.021881684725,1.6480007399819125,6.869109947643979,35,71,49.29577464788733,12.107865963015207,-15.513082633732289,2.0866443451116052,,0.8196066161639137,421
30,0.3,0.1,0.6,0.7,22,20,20000,75546.58466466055,55546.58466466055,277.73292332330277,24.97925624075883,1.022140491143245,0.8885385993070685,-30.426023376069722,0.8209832725102416,22.339181485638324,191,140,51,73.29842931937172,1037.810289770703,-1728.6952137889746,3633.550963284239,-9287.021881684725,1.6480007399819125,6.869109947643979,35,71,49.29577464788733,12.107865963015207,-15.513082633732289,2.0866443451116052,,0.8290620865166027,514
30,0.3,0.1,0.6,0.9,22,20,20000,75546.58466466055,55546.58466466055,277.73292332330277,24.97925624075883,1.022140491143245,0.8885385993070685,-30.426023376069722,0.8209832725102416,22.339181485638324,191,140,51,73.29842931937172,1037.810289770703,-1728.6952137889746,3633.550963284239,-9287.021881684725,1.6480007399819125,6.869109947643979,35,71,49.29577464788733,12.107865963015207,-15.513082633732289,2.0866443451116052,,0.8196066161639137,421
30,0.3,0.1,0.6,0.9,22,20,20000,75546.58466466055,55546.58466466055,277.73292332330277,24.97925624075883,1.022140491143245,0.8885385993070685,-30.426023376069722,0.8209832725102416,22.339181485638324,191,140,51,73.29842931937172,1037.810289770703,-1728.6952137889746,3633.550963284239,-9287.021881684725,1.6480007399819125,6.869109947643979,35,71,49.29577464788733,12.107865963015207,-15.513082633732289,2.0866443451116052,,0.8196066161639137,421
30,0.3,0.1,0.6,0.7,22,20,20000,75546.58466466055,55546.58466466055,277.73292332330277,24.97925624075883,1.022140491143245,0.8885385993070685,-30.426023376069722,0.8209832725102416,22.339181485638324,191,140,51,73.29842931937172,1037.810289770703,-1728.6952137889746,3633.550963284239,-9287.021881684725,1.6480007399819125,6.869109947643979,35,71,49.29577464788733,12.107865963015207,-15.513082633732289,2.0866443451116052,,0.8290620865166027,514
30,0.3,0.1,0.6,0.7,22,20,20000,75546.58466466055,55546.58466466055,277.73292332330277,24.97925624075883,1.022140491143245,0.8885385993070685,-30.426023376069722,0.8209832725102416,22.339181485638324,191,140,51,73.29842931937172,1037.810289770703,-1728.6952137889746,3633.550963284239,-9287.021881684725,1.6480007399819125,6.869109947643979,35,71,49.29577464788733,12.107865963015207,-15.513082633732289,2.0866443451116052,,0.8290620865166027,514
30,0.3,0.1,0.6,0.9,22,20,20000,75546.58466466055,55546.58466466055,277.73292332330277,24.97925624075883,1.022140491143245,0.8885385993070685,-30.426023376069722,0.8209832725102416,22.339181485638324,191,140,51,73.29842931937172,1037.810289770703,-1728.6952137889746,3633.550963284239,-9287.021881684725,1.6480007399819125,6.869109947643979,35,71,49.29577464788733,12.107865963015207,-15.513082633732289,2.0866443451116052,,0.8196066161639137,421
30,0.3,0.1,0.6,0.9,22,20,20000,75546.58466466055,55546.58466466055,277.73292332330277,24.97925624075883,1.022140491143245,0.8885385993070685,-30.426023376069722,0.8209832725102416,22.339181485638324,191,140,51,73.29842931937172,1037.810289770703,-1728.6952137889746,3633.550963284239,-9287.021881684725,1.6480007399819125,6.869109947643979,35,71,49.29577464788733,12.107865963015207,-15.513082633732289,2.0866443451116052,,0.8196066161639137,421
30,0.3,0.1,0.6,0.7,22,20,20000,75546.58466466055,55546.58466466055,277.73292332330277,24.97925624075883,1.022140491143245,0.8885385993070685,-30.426023376069722,0.8209832725102416,22.339181485638324,191,140,51,73.29842931937172,1037.810289770703,-1728.6952137889746,3633.550963284239,-9287.021881684725,1.6480007399819125,6.869109947643979,35,71,49.29577464788733,12.107865963015207,-15.513082633732289,2.0866443451116052,,0.8290620865166027,514
30,0.3,0.1,0.6,0.9,22,20,20000,75546.58466466055,55546.58466466055,277.73292332330277,24.97925624075883,1.022140491143245,0.8885385993070685,-30.426023376069722,0.8209832725102416,22.339181485638324,191,140,51,73.29842931937172,1037.810289770703,-1728.6952137889746,3633.550963284239,-9287.021881684725,1.6480007399819125,6.869109947643979,35,71,49.29577464788733,12.107865963015207,-15.513082633732289,2.0866443451116052,,0.8196066161639137,421
30,0.3,0.1,0.6,0.7,22,20,20000,75546.58466466055,55546.58466466055,277.73292332330277,24.97925624075883,1.022140491143245,0.8885385993070685,-30.426023376069722,0.8209832725102416,22.339181485638324,191,140,51,73.29842931937172,1037.810289770703,-1728.6952137889746,3633.550963284239,-9287.021881684725,1.6480007399819125,6.869109947643979,35,71,49.29577464788733,12.107865963015207,-15.513082633732289,2.0866443451116052,,0.8290620865166027,514
30,0.3,0.1,0.6,0.9,22,20,20000,75546.58466466055,55546.58466466055,277.73292332330277,24.97925624075883,1.022140491143245,0.8885385993070685,-30.426023376069722,0.8209832725102416,22.339181485638324,191,140,51,73.29842931937172,1037.810289770703,-1728.6952137889746,3633.550963284239,-9287.021881684725,1.6480007399819125,6.869109947643979,35,71,49.29577464788733,12.107865963015207,-15.513082633732289,2.0866443451116052,,0.8196066161639137,421
30,0.3,0.1,0.6,0.7,22,20,20000,75546.58466466055,55546.58466466055,277.73292332330277,24.97925624075883,1.022140491143245,0.8885385993070685,-30.426023376069722,0.8209832725102416,22.339181485638324,191,140,51,73.29842931937172,1037.810289770703,-1728.6952137889746,3633.550963284239,-9287.021881684725,1.6480007399819125,6.869109947643979,35,71,49.29577464788733,12.107865963015207,-15.513082633732289,2.0866443451116052,,0.8290620865166027,514
30,0.28,0.12,0.55,0.9,22,20,20000,80486.46658491013,60486.46658491013,302.4323329245506,26.31447771623867,1.0179933451127834,0.8830473747162693,-32.66934955005111,0.8054790829527704,23.813897914682663,187,136,51,72.72727272727273,1198.7759614867925,-1966.246356417519,3409.656650953212,-9287.021881684725,1.6258063934178288,6.705882352941177,37,71,52.112676056338024,12.780376085666646,-14.108415472605252,2.1905530052464326,,0.8209734033153291,766
30,0.28,0.12,0.55,0.7,22,20,20000,80486.46658491013,60486.46658491013,302.4323329245506,26.31447771623867,1.0179933451127834,0.8830473747162693,-32.66934955005111,0.8054790829527704,23.813897914682663,187,136,51,72.72727272727273,1198.7759614867925,-1966.246356417519,3409.656650953212,-9287.021881684725,1.6258063934178288,6.705882352941177,37,71,52.112676056338024,12.780376085666646,-14.108415472605252,2.1905530052464326,,0.8203051085562818,867
30,0.28,0.12,0.55,0.9,22,20,20000,80486.46658491013,60486.46658491013,302.4323329245506,26.31447771623867,1.0179933451127834,0.8830473747162693,-32.66934955005111,0.8054790829527704,23.813897914682663,187,136,51,72.72727272727273,1198.7759614867925,-1966.246356417519,3409.656650953212,-9287.021881684725,1.6258063934178288,6.705882352941177,37,71,52.112676056338024,12.780376085666646,-14.108415472605252,2.1905530052464326,,0.8209734033153291,766
30,0.28,0.12,0.55,0.9,22,20,20000,80486.46658491013,60486.46658491013,302.4323329245506,26.31447771623867,1.0179933451127834,0.8830473747162693,-32.66934955005111,0.8054790829527704,23.813897914682663,187,136,51,72.72727272727273,1198.7759614867925,-1966.246356417519,3409.656650953212,-9287.021881684725,1.6258063934178288,6.705882352941177,37,71,52.112676056338024,12.780376085666646,-14.108415472605252,2.1905530052464326,,0.8209734033153291,766
30,0.3,0.1,0.6,0.5,22,20,20000,75100.58409492142,55100.58409492142,275.5029204746071,24.855160022843826,1.0147086218439552,0.8781551083057734,-30.46516918510653,0.8158549808741826,22.424706371987103,190,140,50,73.68421052631578,1034.4445751860608,-1762.8951286225379,3633.550963284239,-9765.744713097267,1.643004602766216,6.894736842105263,35,71,49.29577464788733,12.051955144385662,-16.241511407378617,2.0833590427786186,,0.8291241802051257,271
30,0.3,0.1,0.6,0.5,22,20,20000,75100.58409492142,55100.58409492142,275.5029204746071,24.855160022843826,1.0147086218439552,0.8781551083057734,-30.46516918510653,0.8158549808741826,22.424706371987103,190,140,50,73.68421052631578,1034.4445751860608,-1762.8951286225379,3633.550963284239,-9765.744713097267,1.643004602766216,6.894736842105263,35,71,49.29577464788733,12.051955144385662,-16.241511407378617,2.0833590427786186,,0.8291241802051257,271
30,0.3,0.1,0.6,0.5,22,20,20000,75100.58409492142,55100.58409492142,275.5029204746071,24.855160022843826,1.0147086218439552,0.8781551083057734,-30.46516918510653,0.8158549808741826,22.424706371987103,190,140,50,73.68421052631578,1034.4445751860608,-1762.8951286225379,3633.550963284239,-9765.744713097267,1.643004602766216,6.894736842105263,35,71,49.29577464788733,12.051955144385662,-16.241511407378617,2.0833590427786186,,0.8291241802051257,271
30,0.26,0.16,0.6,0.9,22,20,20000,87906.12602903134,67906.12602903134,339.5306301451567,28.19714066377843,1.0141591810525716,0.8979252428443157,-35.71152554406331,0.7895809611657972,25.87220384308564,216,152,64,70.37037037037037,1273.9247549375507,-1895.6583862730658,4304.274881480021,-10794.519887308184,1.596053020357253,6.939814814814815,35,71,49.29577464788733,14.412399944648913,-15.472769513245755,2.3469327031868903,,0.8173074086388922,355
30,0.26,0.16,0.6,0.9,22,20,20000,87906.12602903134,67906.12602903134,339.5306301451567,28.19714066377843,1.0141591810525716,0.8979252428443157,-35.71152554406331,0.7895809611657972,25.87220384308564,216,152,64,70.37037037037037,1273.9247549375507,-1895.6583862730658,4304.274881480021,-10794.519887308184,1.596053020357253,6.939814814814815,35,71,49.29577464788733,14.412399944648913,-15.472769513245755,2.3469327031868903,,0.8173074086388922,355
30,0.26,0.16,0.6,0.9,22,20,20000,87906.12602903134,67906.12602903134,339.5306301451567,28.19714066377843,1.0141591810525716,0.8979252428443157,-35.71152554406331,0.7895809611657972,25.87220384308564,216,152,64,70.37037037037037,1273.9247549375507,-1895.6583862730658,4304.274881480021,-10794.519887308184,1.596053020357253,6.939814814814815,35,71,49.29577464788733,14.412399944648913,-15.472769513245755,2.3469327031868903,,0.8173074086388922,355
30,0.26,0.16,0.6,0.7,22,20,20000,87860.33241527952,67860.33241527952,339.3016620763976,28.185933676389553,1.0136371375376088,0.8973694197718185,-35.781267881549745,0.7877287571166071,25.87854497502111,215,152,63,70.69767441860465,1273.6460471428557,-1925.823281752927,4304.274881480021,-10794.519887308184,1.5956416278673982,6.948837209302326,35,71,49.29577464788733,14.412399944648913,-15.511234646253325,2.346296843316877,,0.8114620273585579,410
30,0.26,0.16,0.6,0.7,22,20,20000,87860.33241527952,67860.33241527952,339.3016620763976,28.185933676389553,1.0136371375376088,0.8973694197718185,-35.781267881549745,0.7877287571166071,25.87854497502111,215,152,63,70.69767441860465,1273.6460471428557,-1925.823281752927,4304.274881480021,-10794.519887308184,1.5956416278673982,6.948837209302326,35,71,49.29577464788733,14.412399944648913,-15.511234646253325,2.346296843316877,,0.8114620273585579,410
30,0.26,0.16,0.6,0.7,22,20,20000,87860.33241527952,67860.33241527952,339.3016620763976,28.185933676389553,1.0136371375376088,0.8973694197718185,-35.781267881549745,0.7877287571166071,25.87854497502111,215,152,63,70.69767441860465,1273.6460471428557,-1925.823281752927,4304.274881480021,-10794.519887308184,1.5956416278673982,6.948837209302326,35,71,49.29577464788733,14.412399944648913,-15.511234646253325,2.346296843316877,,0.8114620273585579,410
30,0.26,0.16,0.6,0.7,22,20,20000,87860.33241527952,67860.33241527952,339.3016620763976,28.185933676389553,1.0136371375376088,0.8973694197718185,-35.781267881549745,0.7877287571166071,25.87854497502111,215,152,63,70.69767441860465,1273.6460471428557,-1925.823281752927,4304.274881480021,-10794.519887308184,1.5956416278673982,6.948837209302326,35,71,49.29577464788733,14.412399944648913,-15.511234646253325,2.346296843316877,,0.8114620273585579,410
30,0.26,0.16,0.6,0.7,22,20,20000,87860.33241527952,67860.33241527952,339.3016620763976,28.185933676389553,1.0136371375376088,0.8973694197718185,-35.781267881549745,0.7877287571166071,25.87854497502111,215,152,63,70.69767441860465,1273.6460471428557,-1925.823281752927,4304.274881480021,-10794.519887308184,1.5956416278673982,6.948837209302326,35,71,49.29577464788733,14.412399944648913,-15.511234646253325,2.346296843316877,,0.8114620273585579,410
30,0.26,0.16,0.6,0.7,22,20,20000,87860.33241527952,67860.33241527952,339.3016620763976,28.185933676389553,1.0136371375376088,0.8973694197718185,-35.781267881549745,0.7877287571166071,25.87854497502111,215,152,63,70.69767441860465,1273.6460471428557,-1925.823281752927,4304.274881480021,-10794.519887308184,1.5956416278673982,6.948837209302326,35,71,49.29577464788733,14.412399944648913,-15.511234646253325,2.346296843316877,,0.8114620273585579,410
30,0.26,0.16,0.6,0.7,22,20,20000,87860.33241527952,67860.33241527952,339.3016620763976,28.185933676389553,1.0136371375376088,0.8973694197718185,-35.781267881549745,0.7877287571166071,25.87854497502111,215,152,63,70.69767441860465,1273.6460471428557,-1925.823281752927,4304.274881480021,-10794.519887308184,1.5956416278673982,6.948837209302326,35,71,49.29577464788733,14.412399944648913,-15.511234646253325,2.346296843316877,,0.8114620273585579,410
30,0.26,0.16,0.6,0.7,22,20,20000,87860.33241527952,67860.33241527952,339.3016620763976,28.185933676389553,1.0136371375376088,0.8973694197718185,-35.781267881549745,0.7877287571166071,25.87854497502111,215,152,63,70.69767441860465,1273.6460471428557,-1925.823281752927,4304.274881480021,-10794.519887308184,1.5956416278673982,6.948837209302326,35,71,49.29577464788733,14.412399944648913,-15.511234646253325,2.346296843316877,,0.8114620273585579,410
30,0.26,0.16,0.6,0.7,22,20,20000,87860.33241527952,67860.33241527952,339.3016620763976,28.185933676389553,1.0136371375376088,0.8973694197718185,-35.781267881549745,0.7877287571166071,25.87854497502111,215,152,63,70.69767441860465,1273.6460471428557,-1925.823281752927,4304.274881480021,-10794.519887308184,1.5956416278673982,6.948837209302326,35,71,49.29577464788733,14.412399944648913,-15.511234646253325,2.346296843316877,,0.8114620273585579,410
30,0.24,0.12,0.55,0.5,22,20,20000,75444.07061160872,55444.070611608724,277.2203530580436,24.950786568276428,1.007530263977094,0.8688590440717144,-31.383425368878164,0.7950306977331812,22.72992913015896,206,153,53,74.27184466019418,965.4515155578093,-1689.409646579923,3212.1694721342355,-8657.304106832968,1.6497231173788618,6.621359223300971,37,71,52.112676056338024,12.35148872719909,-14.948505323920724,2.076932672418917,,0.8278322022378087,307
30,0.26,0.1,0.45,0.9,22,20,20000,71500.06443483039,51500.06443483039,257.50032217415196,23.830228012858456,1.0071781045511392,0.8566136280777771,-31.42669417780663,0.7582798202709861,21.58770289041495,184,143,41,77.71739130434783,1040.8323360986105,-2324.594137250505,2778.2361965998643,-9946.382644584408,1.5616575990204518,6.0271739130434785,37,71,52.112676056338024,14.726138330062177,-16.2221515018521,1.9985197479306447,,0.7568157665760198,37
30,0.24,0.12,0.55,0.7,22,20,20000,75385.70626019148,55385.70626019148,276.9285313009574,24.934563537202358,1.0070066097577208,0.8686134507374528,-31.341429783274055,0.7955783673439544,22.72850669630178,208,154,54,74.03846153846155,958.955796008696,-1658.5349319471761,3212.1694721342355,-8657.304106832968,1.6489250904596378,6.615384615384615,37,71,52.112676056338024,12.35148872719909,-14.941301368724602,2.0756092601848666,,0.8241857078422475,418
30,0.24,0.12,0.55,0.9,22,20,20000,75385.70626019148,55385.70626019148,276.9285313009574,24.934563537202358,1.0070066097577208,0.8686134507374528,-31.341429783274055,0.7955783673439544,22.72850669630178,208,154,54,74.03846153846155,958.955796008696,-1658.5349319471761,3212.1694721342355,-8657.304106832968,1.6489250904596378,6.615384615384615,37,71,52.112676056338024,12.35148872719909,-14.941301368724602,2.0756092601848666,,0.8290914827561071,370
30,0.24,0.12,0.55,0.7,22,20,20000,75385.70626019148,55385.70626019148,276.9285313009574,24.934563537202358,1.0070066097577208,0.8686134507374528,-31.341429783274055,0.7955783673439544,22.72850669630178,208,154,54,74.03846153846155,958.955796008696,-1658.5349319471761,3212.1694721342355,-8657.304106832968,1.6489250904596378,6.615384615384615,37,71,52.112676056338024,12.35148872719909,-14.941301368724602,2.0756092601848666,,0.8241857078422475,418
30,0.24,0.12,0.55,0.7,22,20,20000,75385.70626019148,55385.70626019148,276.9285313009574,24.934563537202358,1.0070066097577208,0.8686134507374528,-31.341429783274055,0.7955783673439544,22.72850669630178,208,154,54,74.03846153846155,958.955796008696,-1658.5349319471761,3212.1694721342355,-8657.304106832968,1.6489250904596378,6.615384615384615,37,71,52.112676056338024,12.35148872719909,-14.941301368724602,2.0756092601848666,,0.8241857078422475,418
30,0.24,0.08,0.55,0.9,22,20,20000,64057.17754772787,44057.17754772787,220.28588773863936,21.567437198841223,1.0042348670605505,0.8356792062452588,-26.591652058115432,0.8110604467787896,19.35514742833255,175,135,40,77.14285714285715,829.7843609106792,-1662.530279380342,2265.584171976236,-7057.925129861682,1.6844939624903266,6.417142857142857,39,71,54.929577464788736,10.63305299775228,-14.386647924423146,1.7912533635893066,,0.7894420366838287,58
30,0.28,0.14,0.55,0.7,22,20,20000,82912.39432482746,62912.39432482746,314.5619716241373,26.94537230676697,1.0042059977183178,0.8807064782327059,-34.62387188003429,0.7782310540002,24.90493847537741,201,139,62,69.15422885572139,1262.8495287020223,-1771.3675833024745,4026.5797278361492,-10522.826355765395,1.5983284304595622,6.8059701492537314,37,71,52.112676056338024,13.76332806474274,-15.872315332878362,2.2554952472618415,,0.8118495255851474,512
30,0.28,0.14,0.55,0.9,22,20,20000,82912.39432482746,62912.39432482746,314.5619716241373,26.94537230676697,1.0042059977183178,0.8807064782327059,-34.62387188003429,0.7782310540002,24.90493847537741,201,139,62,69.15422885572139,1262.8495287020223,-1771.3675833024745,4026.5797278361492,-10522.826355765395,1.5983284304595622,6.8059701492537314,37,71,52.112676056338024,13.76332806474274,-15.872315332878362,2.2554952472618415,,0.8172235616779332,450
30,0.28,0.14,0.55,0.7,22,20,20000,82912.39432482746,62912.39432482746,314.5619716241373,26.94537230676697,1.0042059977183178,0.8807064782327059,-34.62387188003429,0.7782310540002,24.90493847537741,201,139,62,69.15422885572139,1262.8495287020223,-1771.3675833024745,4026.5797278361492,-10522.826355765395,1.5983284304595622,6.8059701492537314,37,71,52.112676056338024,13.76332806474274,-15.872315332878362,2.2554952472618415,,0.8118495255851474,512
30,0.28,0.14,0.55,0.7,22,20,20000,82912.39432482746,62912.39432482746,314.5619716241373,26.94537230676697,1.0042059977183178,0.8807064782327059,-34.62387188003429,0.7782310540002,24.90493847537741,201,139,62,69.15422885572139,1262.8495287020223,-1771.3675833024745,4026.5797278361492,-10522.826355765395,1.5983284304595622,6.8059701492537314,37,71,52.112676056338024,13.76332806474274,-15.872315332878362,2.2554952472618415,,0.8118495255851474,512
30,0.28,0.14,0.55,0.7,22,20,20000,82912.39432482746,62912.39432482746,314.5619716241373,26.94537230676697,1.0042059977183178,0.8807064782327059,-34.62387188003429,0.7782310540002,24.90493847537741,201,139,62,69.15422885572139,1262.8495287020223,-1771.3675833024745,4026.5797278361492,-10522.826355765395,1.5983284304595622,6.8059701492537314,37,71,52.112676056338024,13.76332806474274,-15.872315332878362,2.2554952472618415,,0.8118495255851474,512
30,0.3,0.08,0.6,0.5,22,20,20000,67894.56048176656,47894.56048176656,239.4728024088328,22.759891406535203,1.0033711449384286,0.8424300424931648,-28.938140188337798,0.786501525613161,20.59504700928931,175,127,48,72.57142857142857,966.5727695266274,-1534.8058593357273,2854.000728275369,-8080.878040487796,1.666263154489599,6.84,35,71,49.29577464788733,11.095563314379442,-14.49359578283368,1.8996848857080404,,0.8402399463500828,228
30,0.3,0.08,0.6,0.5,22,20,20000,67894.56048176656,47894.56048176656,239.4728024088328,22.759891406535203,1.0033711449384286,0.8424300424931648,-28.938140188337798,0.786501525613161,20.59504700928931,175,127,48,72.57142857142857,966.5727695266274,-1534.8058593357273,2854.000728275369,-8080.878040487796,1.666263154489599,6.84,35,71,49.29577464788733,11.095563314379442,-14.49359578283368,1.8996848857080404,,0.8402399463500828,228
30,0.3,0.08,0.6,0.7,22,20,20000,67894.56048176656,47894.56048176656,239.4728024088328,22.759891406535203,1.0033711449384286,0.8424300424931648,-28.938140188337798,0.786501525613161,20.59504700928931,175,127,48,72.57142857142857,966.5727695266274,-1534.8058593357273,2854.000728275369,-8080.878040487796,1.666263154489599,6.84,35,71,49.29577464788733,11.095563314379442,-14.49359578283368,1.8996848857080404,,0.84063528390059,422
30,0.3,0.08,0.6,0.9,22,20,20000,67894.56048176656,47894.56048176656,239.4728024088328,22.759891406535203,1.0033711449384286,0.8424300424931648,-28.938140188337798,0.786501525613161,20.59504700928931,175,127,48,72.57142857142857,966.5727695266274,-1534.8058593357273,2854.000728275369,-8080.878040487796,1.666263154489599,6.84,35,71,49.29577464788733,11.095563314379442,-14.49359578283368,1.8996848857080404,,0.8296865043023846,338
30,0.3,0.08,0.6,0.9,22,20,20000,67894.56048176656,47894.56048176656,239.4728024088328,22.759891406535203,1.0033711449384286,0.8424300424931648,-28.938140188337798,0.786501525613161,20.59504700928931,175,127,48,72.57142857142857,966.5727695266274,-1534.8058593357273,2854.000728275369,-8080.878040487796,1.666263154489599,6.84,35,71,49.29577464788733,11.095563314379442,-14.49359578283368,1.8996848857080404,,0.8296865043023846,338
30,0.26,0.16,0.6,0.5,22,20,20000,86118.72277911869,66118.72277911869,330.5936138955934,27.75606073615826,0.9997292765506912,0.8821814938274555,-36.731611604129895,0.75564505677822,25.911379305726236,223,155,68,69.50672645739911,1240.4216460588052,-1790.709299411706,4165.427304658085,-11405.356750260884,1.578945110829078,6.928251121076233,35,71,49.29577464788733,14.412399944648913,-16.541304023010728,2.3203407990535276,,0.8185357833211929,339
30,0.3,0.08,0.5,0.7,22,20,20000,67229.35947525517,47229.35947525517,236.14679737627586,22.557271265750533,0.9966433061642681,0.8428204767859648,-31.01869409655228,0.7272153752036185,20.560885362740265,169,123,46,72.7810650887574,1017.6377809642821,-1667.8975561598127,2854.000728275369,-8080.878040487796,1.6314400881560753,6.366863905325443,37,71,52.112676056338024,13.38512419106035,-16.04931135301869,1.8936284596756845,,0.8278370399430599,426
30,0.3,0.08,0.5,0.5,22,20,20000,67229.35947525517,47229.35947525517,236.14679737627586,22.557271265750533,0.9966433061642681,0.8428204767859648,-31.01869409655228,0.7272153752036185,20.560885362740265,169,123,46,72.7810650887574,1017.6377809642821,-1667.8975561598127,2854.000728275369,-8080.878040487796,1.6314400881560753,6.366863905325443,37,71,52.112676056338024,13.38512419106035,-16.04931135301869,1.8936284596756845,,0.8213574669529571,232
30,0.3,0.08,0.5,0.5,22,20,20000,67229.35947525517,47229.35947525517,236.14679737627586,22.557271265750533,0.9966433061642681,0.8428204767859648,-31.01869409655228,0.7272153752036185,20.560885362740265,169,123,46,72.7810650887574,1017.6377809642821,-1667.8975561598127,2854.000728275369,-8080.878040487796,1.6314400881560753,6.366863905325443,37,71,52.112676056338024,13.38512419106035,-16.04931135301869,1.8936284596756845,,0.8213574669529571,232
30,0.3,0.08,0.5,0.7,22,20,20000,67229.35947525517,47229.35947525517,236.14679737627586,22.557271265750533,0.9966433061642681,0.8428204767859648,-31.01869409655228,0.7272153752036185,20.560885362740265,169,123,46,72.7810650887574,1017.6377809642821,-1667.8975561598127,2854.000728275369,-8080.878040487796,1.6314400881560753,6.366863905325443,37,71,52.112676056338024,13.38512419106035,-16.04931135301869,1.8936284596756845,,0.8278370399430599,426
30,0.3,0.08,0.5,0.9,22,20,20000,67229.35947525517,47229.35947525517,236.14679737627586,22.557271265750533,0.9966433061642681,0.8428204767859648,-31.01869409655228,0.7272153752036185,20.560885362740265,169,123,46,72.7810650887574,1017.6377809642821,-1667.8975561598127,2854.000728275369,-8080.878040487796,1.6314400881560753,6.366863905325443,37,71,52.112676056338024,13.38512419106035,-16.04931135301869,1.8936284596756845,,0.816781218586706,345
30,0.3,0.08,0.5,0.7,22,20,20000,67229.35947525517,47229.35947525517,236.14679737627586,22.557271265750533,0.9966433061642681,0.8428204767859648,-31.01869409655228,0.7272153752036185,20.560885362740265,169,123,46,72.7810650887574,1017.6377809642821,-1667.8975561598127,2854.000728275369,-8080.878040487796,1.6314400881560753,6.366863905325443,37,71,52.112676056338024,13.38512419106035,-16.04931135301869,1.8936284596756845,,0.8278370399430599,426
30,0.3,0.08,0.5,0.9,22,20,20000,67229.35947525517,47229.35947525517,236.14679737627586,22.557271265750533,0.9966433061642681,0.8428204767859648,-31.01869409655228,0.7272153752036185,20.560885362740265,169,123,46,72.7810650887574,1017.6377809642821,-1667.8975561598127,2854.000728275369,-8080.878040487796,1.6314400881560753,6.366863905325443,37,71,52.112676056338024,13.38512419106035,-16.04931135301869,1.8936284596756845,,0.816781218586706,345
30,0.3,0.16,0.55,0.7,22,20,20000,88965.6595212242,68965.6595212242,344.828297606121,28.455091435695756,0.9923605706548932,0.8891186854229864,-37.39333446592218,0.7609669434970516,26.92515733413877,201,140,61,69.65174129353234,1460.1946633195605,-2167.0408744838383,4817.40738475309,-11838.17965023607,1.5464712640474665,6.850746268656716,35,71,49.29577464788733,15.182415198986954,-15.750699835639193,2.4019283897060717,,0.7707625987817981,111
30,0.26,0.08,0.5,0.7,22,20,20000,64650.39797249195,44650.39797249195,223.25198986245974,21.755597850187502,0.9921521677668336,0.825636617510917,-28.81612959301926,0.7549798726425017,19.842939470367444,168,124,44,73.80952380952381,1000.7090405918511,-1771.6277968385816,2298.8410917016768,-7057.925129861682,1.5918580801896738,6.142857142857143,38,71,53.52112676056338,11.769718553287856,-15.664352337628706,1.815274788840479,,0.7848740990374696,143
30,0.26,0.08,0.5,0.9,22,20,20000,64650.39797249195,44650.39797249195,223.25198986245974,21.755597850187502,0.9921521677668336,0.825636617510917,-28.81612959301926,0.7549798726425017,19.842939470367444,168,124,44,73.80952380952381,1000.7090405918511,-1771.6277968385816,2298.8410917016768,-7057.925129861682,1.5918580801896738,6.142857142857143,38,71,53.52112676056338,11.769718553287856,-15.664352337628706,1.815274788840479,,0.7818290047183312,122
30,0.26,0.12,0.5,0.9,22,20,20000,76037.08389594551,56037.083895945514,280.18541947972756,25.115031853640257,0.9885673713849845,0.8568642739275616,-34.17182714009985,0.7349630954959487,23.472561253325757,200,145,55,72.5,1130.1979695765945,-1912.727667139279,3401.410684361598,-8657.304106832968,1.5577820512943845,6.465,36,71,50.70422535211267,14.524331654296141,-15.838932640732285,2.112514735392348,,0.7813309720515614,191
30,0.28,0.16,0.55,0.7,22,20,20000,85650.0131680605,65650.0131680605,328.25006584030245,27.639136613144878,0.9879968703230309,0.8771286599515384,-36.60125555178483,0.7551417621190615,26.20241936033602,214,151,63,70.56074766355141,1274.1059868997336,-1954.9792199015717,4247.538474268177,-11180.503003000735,1.5620675435119555,6.869158878504673,35,71,49.29577464788733,14.016210362842374,-15.758995107097483,2.3295677316531904,,0.8139650559738901,328
30,0.28,0.16,0.55,0.9,22,20,20000,85650.0131680605,65650.0131680605,328.25006584030245,27.639136613144878,0.9879968703230309,0.8771286599515384,-36.60125555178483,0.7551417621190615,26.20241936033602,214,151,63,70.56074766355141,1274.1059868997336,-1954.9792199015717,4247.538474268177,-11180.503003000735,1.5620675435119555,6.869158878504673,35,71,49.29577464788733,14.016210362842374,-15.758995107097483,2.3295677316531904,,0.8221329898590616,284
30,0.22,0.12,0.6,0.7,22,20,20000,70060.18440527524,50060.18440527524,250.30092202637618,23.40829229491508,0.985834088699631,0.8372371993593941,-31.610874158436197,0.7405139186468197,21.744301398073567,192,143,49,74.47916666666666,943.8554959380497,-1672.4173778339969,2998.6946932628857,-8038.925242059185,1.6470272888109871,6.854166666666667,37,71,52.112676056338024,11.75104442980064,-14.070367652117199,1.962849964683841,,0.7675337680925929,138
35,0.3,0.16,0.5,0.5,22,10,20000,122889.23462632195,102889.23462632195,514.4461731316097,35.609120876814714,0.9841929169780602,1.1729432410744423,-45.507860430220795,0.7824828620852379,35.39951536676604,321,243,78,75.70093457943925,1195.0286376824802,-2394.218136140869,6694.172680695412,-19742.737169034364,1.5549852273614992,11.566978193146417,45,71,63.38028169014085,21.96225498765747,-28.001816186246277,3.1824069189381223,,0.6825657154229681,5
30,0.28,0.14,0.6,0.9,22,20,20000,80206.20354095302,60206.20354095302,301.03101770476513,26.240575601495753,0.9822154170080488,0.8620571625570259,-33.89291680707079,0.7742200457654741,24.89200142922435,191,133,58,69.63350785340315,1283.6360812934095,-1857.775780535694,3887.732151014213,-10522.826355765395,1.5844271171930469,6.9162303664921465,35,71,49.29577464788733,13.797677151465537,-15.818543014775399,2.2023613982856873,,0.8211949682601553,425
30,0.28,0.14,0.6,0.9,22,20,20000,80206.20354095302,60206.20354095302,301.03101770476513,26.240575601495753,0.9822154170080488,0.8620571625570259,-33.89291680707079,0.7742200457654741,24.89200142922435,191,133,58,69.63350785340315,1283.6360812934095,-1857.775780535694,3887.732151014213,-10522.826355765395,1.5844271171930469,6.9162303664921465,35,71,49.29577464788733,13.797677151465537,-15.818543014775399,2.2023613982856873,,0.8211949682601553,425
30,0.28,0.14,0.6,0.7,22,20,20000,80206.20354095302,60206.20354095302,301.03101770476513,26.240575601495753,0.9822154170080488,0.8620571625570259,-33.89291680707079,0.7742200457654741,24.89200142922435,191,133,58,69.63350785340315,1283.6360812934095,-1857.775780535694,3887.732151014213,-10522.826355765395,1.5844271171930469,6.9162303664921465,35,71,49.29577464788733,13.797677151465537,-15.818543014775399,2.2023613982856873,,0.8144822744525175,484
30,0.28,0.14,0.6,0.7,22,20,20000,80206.20354095302,60206.20354095302,301.03101770476513,26.240575601495753,0.9822154170080488,0.8620571625570259,-33.89291680707079,0.7742200457654741,24.89200142922435,191,133,58,69.63350785340315,1283.6360812934095,-1857.775780535694,3887.732151014213,-10522.826355765395,1.5844271171930469,6.9162303664921465,35,71,49.29577464788733,13.797677151465537,-15.818543014775399,2.2023613982856873,,0.8144822744525175,484
30,0.28,0.14,0.6,0.7,22,20,20000,80206.20354095302,60206.20354095302,301.03101770476513,26.240575601495753,0.9822154170080488,0.8620571625570259,-33.89291680707079,0.7742200457654741,24.89200142922435,191,133,58,69.63350785340315,1283.6360812934095,-1857.775780535694,3887.732151014213,-10522.826355765395,1.5844271171930469,6.9162303664921465,35,71,49.29577464788733,13.797677151465537,-15.818543014775399,2.2023613982856873,,0.8144822744525175,484
30,0.28,0.14,0.6,0.7,22,20,20000,80206.20354095302,60206.20354095302,301.03101770476513,26.240575601495753,0.9822154170080488,0.8620571625570259,-33.89291680707079,0.7742200457654741,24.89200142922435,191,133,58,69.63350785340315,1283.6360812934095,-1857.775780535694,3887.732151014213,-10522.826355765395,1.5844271171930469,6.9162303664921465,35,71,49.29577464788733,13.797677151465537,-15.818543014775399,2.2023613982856873,,0.8144822744525175,484
30,0.28,0.14,0.6,0.7,22,20,20000,80206.20354095302,60206.20354095302,301.03101770476513,26.240575601495753,0.9822154170080488,0.8620571625570259,-33.89291680707079,0.7742200457654741,24.89200142922435,191,133,58,69.63350785340315,1283.6360812934095,-1857.775780535694,3887.732151014213,-10522.826355765395,1.5844271171930469,6.9162303664921465,35,71,49.29577464788733,13.797677151465537,-15.818543014775399,2.2023613982856873,,0.8144822744525175,484
30,0.28,0.14,0.6,0.7,22,20,20000,80206.20354095302,60206.20354095302,301.03101770476513,26.240575601495753,0.9822154170080488,0.8620571625570259,-33.89291680707079,0.7742200457654741,24.89200142922435,191,133,58,69.63350785340315,1283.6360812934095,-1857.775780535694,3887.732151014213,-10522.826355765395,1.5844271171930469,6.9162303664921465,35,71,49.29577464788733,13.797677151465537,-15.818543014775399,2.2023613982856873,,0.8144822744525175,484
30,0.28,0.14,0.6,0.7,22,20,20000,80206.20354095302,60206.20354095302,301.03101770476513,26.240575601495753,0.9822154170080488,0.8620571625570259,-33.89291680707079,0.7742200457654741,24.89200142922435,191,133,58,69.63350785340315,1283.6360812934095,-1857.775780535694,3887.732151014213,-10522.826355765395,1.5844271171930469,6.9162303664921465,35,71,49.29577464788733,13.797677151465537,-15.818543014775399,2.2023613982856873,,0.8144822744525175,484
30,0.28,0.14,0.6,0.9,22,20,20000,80206.20354095302,60206.20354095302,301.03101770476513,26.240575601495753,0.9822154170080488,0.8620571625570259,-33.89291680707079,0.7742200457654741,24.89200142922435,191,133,58,69.63350785340315,1283.6360812934095,-1857.775780535694,3887.732151014213,-10522.826355765395,1.5844271171930469,6.9162303664921465,35,71,49.29577464788733,13.797677151465537,-15.818543014775399,2.2023613982856873,,0.8211949682601553,425
30,0.28,0.14,0.6,0.7,22,20,20000,80206.20354095302,60206.20354095302,301.03101770476513,26.240575601495753,0.9822154170080488,0.8620571625570259,-33.89291680707079,0.7742200457654741,24.89200142922435,191,133,58,69.63350785340315,1283.6360812934095,-1857.775780535694,3887.732151014213,-10522.826355765395,1.5844271171930469,6.9162303664921465,35,71,49.29577464788733,13.797677151465537,-15.818543014775399,2.2023613982856873,,0.8144822744525175,484
30,0.28,0.14,0.6,0.7,22,20,20000,80206.20354095302,60206.20354095302,301.03101770476513,26.240575601495753,0.9822154170080488,0.8620571625570259,-33.89291680707079,0.7742200457654741,24.89200142922435,191,133,58,69.63350785340315,1283.6360812934095,-1857.775780535694,3887.732151014213,-10522.826355765395,1.5844271171930469,6.9162303664921465,35,71,49.29577464788733,13.797677151465537,-15.818543014775399,2.2023613982856873,,0.8144822744525175,484
30,0.28,0.14,0.6,0.7,22,20,20000,80206.20354095302,60206.20354095302,301.03101770476513,26.240575601495753,0.9822154170080488,0.8620571625570259,-33.89291680707079,0.7742200457654741,24.89200142922435,191,133,58,69.63350785340315,1283.6360812934095,-1857.775780535694,3887.732151014213,-10522.826355765395,1.5844271171930469,6.9162303664921465,35,71,49.29577464788733,13.797677151465537,-15.818543014775399,2.2023613982856873,,0.8144822744525175,484
30,0.28,0.14,0.6,0.7,22,20,20000,80206.20354095302,60206.20354095302,301.03101770476513,26.240575601495753,0.9822154170080488,0.8620571625570259,-33.89291680707079,0.7742200457654741,24.89200142922435,191,133,58,69.63350785340315,1283.6360812934095,-1857.775780535694,3887.732151014213,-10522.826355765395,1.5844271171930469,6.9162303664921465,35,71,49.29577464788733,13.797677151465537,-15.818543014775399,2.2023613982856873,,0.8144822744525175,484
30,0.28,0.14,0.6,0.7,22,20,20000,80206.20354095302,60206.20354095302,301.03101770476513,26.240575601495753,0.9822154170080488,0.8620571625570259,-33.89291680707079,0.7742200457654741,24.89200142922435,191,133,58,69.63350785340315,1283.6360812934095,-1857.775780535694,3887.732151014213,-10522.826355765395,1.5844271171930469,6.9162303664921465,35,71,49.29577464788733,13.797677151465537,-15.818543014775399,2.2023613982856873,,0.8144822744525175,484
30,0.28,0.14,0.6,0.7,22,20,20000,80206.20354095302,60206.20354095302,301.03101770476513,26.240575601495753,0.9822154170080488,0.8620571625570259,-33.89291680707079,0.7742200457654741,24.89200142922435,191,133,58,69.63350785340315,1283.6360812934095,-1857.775780535694,3887.732151014213,-10522.826355765395,1.5844271171930469,6.9162303664921465,35,71,49.29577464788733,13.797677151465537,-15.818543014775399,2.2023613982856873,,0.8144822744525175,484
30,0.28,0.14,0.6,0.7,22,20,20000,80206.20354095302,60206.20354095302,301.03101770476513,26.240575601495753,0.9822154170080488,0.8620571625570259,-33.89291680707079,0.7742200457654741,24.89200142922435,191,133,58,69.63350785340315,1283.6360812934095,-1857.775780535694,3887.732151014213,-10522.826355765395,1.5844271171930469,6.9162303664921465,35,71,49.29577464788733,13.797677151465537,-15.818543014775399,2.2023613982856873,,0.8144822744525175,484
30,0.28,0.14,0.6,0.7,22,20,20000,80206.20354095302,60206.20354095302,301.03101770476513,26.240575601495753,0.9822154170080488,0.8620571625570259,-33.89291680707079,0.7742200457654741,24.89200142922435,191,133,58,69.63350785340315,1283.6360812934095,-1857.775780535694,3887.732151014213,-10522.826355765395,1.5844271171930469,6.9162303664921465,35,71,49.29577464788733,13.797677151465537,-15.818543014775399,2.2023613982856873,,0.8144822744525175,484
30,0.28,0.14,0.6,0.9,22,20,20000,80206.20354095302,60206.20354095302,301.03101770476513,26.240575601495753,0.9822154170080488,0.8620571625570259,-33.89291680707079,0.7742200457654741,24.89200142922435,191,133,58,69.63350785340315,1283.6360812934095,-1857.775780535694,3887.732151014213,-10522.826355765395,1.5844271171930469,6.9162303664921465,35,71,49.29577464788733,13.797677151465537,-15.818543014775399,2.2023613982856873,,0.8211949682601553,425
30,0.28,0.14,0.6,0.7,22,20,20000,80206.20354095302,60206.20354095302,301.03101770476513,26.240575601495753,0.9822154170080488,0.8620571625570259,-33.89291680707079,0.7742200457654741,24.89200142922435,191,133,58,69.63350785340315,1283.6360812934095,-1857.775780535694,3887.732151014213,-10522.826355765395,1.5844271171930469,6.9162303664921465,35,71,49.29577464788733,13.797677151465537,-15.818543014775399,2.2023613982856873,,0.8144822744525175,484
30,0.28,0.14,0.6,0.7,22,20,20000,80206.20354095302,60206.20354095302,301.03101770476513,26.240575601495753,0.9822154170080488,0.8620571625570259,-33.89291680707079,0.7742200457654741,24.89200142922435,191,133,58,69.63350785340315,1283.6360812934095,-1857.775780535694,3887.732151014213,-10522.826355765395,1.5844271171930469,6.9162303664921465,35,71,49.29577464788733,13.797677151465537,-15.818543014775399,2.2023613982856873,,0.8144822744525175,484
30,0.28,0.14,0.6,0.7,22,20,20000,80206.20354095302,60206.20354095302,301.03101770476513,26.240575601495753,0.9822154170080488,0.8620571625570259,-33.89291680707079,0.7742200457654741,24.89200142922435,191,133,58,69.63350785340315,1283.6360812934095,-1857.775780535694,3887.732151014213,-10522.826355765395,1.5844271171930469,6.9162303664921465,35,71,49.29577464788733,13.797677151465537,-15.818543014775399,2.2023613982856873,,0.8144822744525175,484
30,0.28,0.14,0.6,0.9,22,20,20000,80206.20354095302,60206.20354095302,301.03101770476513,26.240575601495753,0.9822154170080488,0.8620571625570259,-33.89291680707079,0.7742200457654741,24.89200142922435,191,133,58,69.63350785340315,1283.6360812934095,-1857.775780535694,3887.732151014213,-10522.826355765395,1.5844271171930469,6.9162303664921465,35,71,49.29577464788733,13.797677151465537,-15.818543014775399,2.2023613982856873,,0.8211949682601553,425
30,0.28,0.14,0.6,0.7,22,20,20000,80206.20354095302,60206.20354095302,301.03101770476513,26.240575601495753,0.9822154170080488,0.8620571625570259,-33.89291680707079,0.7742200457654741,24.89200142922435,191,133,58,69.63350785340315,1283.6360812934095,-1857.775780535694,3887.732151014213,-10522.826355765395,1.5844271171930469,6.9162303664921465,35,71,49.29577464788733,13.797677151465537,-15.818543014775399,2.2023613982856873,,0.8144822744525175,484
30,0.28,0.14,0.6,0.7,22,20,20000,80206.20354095302,60206.20354095302,301.03101770476513,26.240575601495753,0.9822154170080488,0.8620571625570259,-33.89291680707079,0.7742200457654741,24.89200142922435,191,133,58,69.63350785340315,1283.6360812934095,-1857.775780535694,3887.732151014213,-10522.826355765395,1.5844271171930469,6.9162303664921465,35,71,49.29577464788733,13.797677151465537,-15.818543014775399,2.2023613982856873,,0.8144822744525175,484
30,0.3,0.12,0.6,0.7,22,20,20000,77986.09637842588,57986.09637842588,289.93048189212936,25.6474394125356,0.981276013278154,0.8636304477969683,-32.35318452567168,0.7927330736850591,24.27688627763057,182,132,50,72.52747252747253,1208.3787351130409,-1991.3979331299063,3783.6373093077023,-9287.021881684725,1.6019499707346156,6.961538461538462,35,71,49.29577464788733,13.53793191083934,-14.414200327935944,2.1645403163424755,,0.8210030334411121,492
30,0.3,0.12,0.6,0.9,22,20,20000,77986.09637842588,57986.09637842588,289.93048189212936,25.6474394125356,0.981276013278154,0.8636304477969683,-32.35318452567168,0.7927330736850591,24.27688627763057,182,132,50,72.52747252747253,1208.3787351130409,-1991.3979331299063,3783.6373093077023,-9287.021881684725,1.6019499707346156,6.961538461538462,35,71,49.29577464788733,13.53793191083934,-14.414200327935944,2.1645403163424755,,0.8223633046718551,428
30,0.3,0.12,0.6,0.9,22,20,20000,77986.09637842588,57986.09637842588,289.93048189212936,25.6474394125356,0.981276013278154,0.8636304477969683,-32.35318452567168,0.7927330736850591,24.27688627763057,182,132,50,72.52747252747253,1208.3787351130409,-1991.3979331299063,3783.6373093077023,-9287.021881684725,1.6019499707346156,6.961538461538462,35,71,49.29577464788733,13.53793191083934,-14.414200327935944,2.1645403163424755,,0.8223633046718551,428
30,0.28,0.16,0.55,0.5,22,20,20000,84632.83756006158,64632.837560061584,323.16418780030796,27.383549196352043,0.9777402607021083,0.8646366123350361,-37.42833560302088,0.7316261531581941,26.29908273624619,210,147,63,70.0,1302.3187599533617,-1956.3066690965468,4165.427304658085,-11824.958748399677,1.553306453035735,6.809523809523809,35,71,49.29577464788733,14.134783744919389,-16.634936095603724,2.3177911159614997,,0.8228562697834152,274
30,0.22,0.14,0.55,0.7,22,20,20000,73506.40519246097,53506.40519246097,267.53202596230483,24.406517808959304,0.9767469159049539,0.8425358298798722,-34.003808455628494,0.7177583605320952,23.083925196098605,220,159,61,72.27272727272728,950.6404736077583,-1529.3513132979085,3233.56018167327,-9499.177500831203,1.6202287321808766,6.704545454545454,37,71,52.112676056338024,12.594625922743386,-16.887072722610263,2.046457883091391,,0.7525565999201778,161
30,0.3,0.14,0.45,0.5,22,20,20000,83442.38228417868,63442.382284178675,317.2119114208934,27.081154191787782,0.9764741938671516,0.8678247868440288,-38.418416076622464,0.7049003305544035,26.0079947320142,196,143,53,72.95918367346938,1331.9354598759878,-2347.262046756368,4588.007033098182,-11824.958748399677,1.5310232024830344,6.316326530612245,35,71,49.29577464788733,16.26720546087701,-19.33465802110733,2.3143498900195945,,0.7338895383699778,19
30,0.28,0.14,0.6,0.5,22,20,20000,79224.31332257793,59224.31332257793,296.12156661288964,25.97995552974961,0.9721924934376184,0.848224212554462,-34.621201234630895,0.7504059536721788,24.952524963822935,192,136,56,70.83333333333334,1241.8451047783858,-1909.5360879871826,3887.732151014213,-11129.372939670282,1.5793938429072116,6.880208333333333,36,71,50.70422535211267,13.50437406534808,-17.196213453377496,2.1916259316415325,,0.8146545089367202,354
30,0.28,0.14,0.6,0.5,22,20,20000,79224.31332257793,59224.31332257793,296.12156661288964,25.97995552974961,0.9721924934376184,0.848224212554462,-34.621201234630895,0.7504059536721788,24.952524963822935,192,136,56,70.83333333333334,1241.8451047783858,-1909.5360879871826,3887.732151014213,-11129.372939670282,1.5793938429072116,6.880208333333333,36,71,50.70422535211267,13.50437406534808,-17.196213453377496,2.1916259316415325,,0.8146545089367202,354
30,0.28,0.14,0.6,0.5,22,20,20000,79224.31332257793,59224.31332257793,296.12156661288964,25.97995552974961,0.9721924934376184,0.848224212554462,-34.621201234630895,0.7504059536721788,24.952524963822935,192,136,56,70.83333333333334,1241.8451047783858,-1909.5360879871826,3887.732151014213,-11129.372939670282,1.5793938429072116,6.880208333333333,36,71,50.70422535211267,13.50437406534808,-17.196213453377496,2.1916259316415325,,0.8146545089367202,354
30,0.26,0.16,0.55,0.7,22,20,20000,82467.0586848451,62467.058684845106,312.33529342422554,26.830718564831145,0.9714254437922506,0.856737509466068,-38.813716528847216,0.691268988500237,25.919331264434568,213,149,64,69.95305164319248,1242.3655081359818,-1850.4609691783726,4026.5797278361492,-10362.73909181586,1.5630603653928112,6.892018779342723,35,71,49.29577464788733,13.967814010317348,-18.15697807177067,2.263148943056874,,0.8104128925037617,412
30,0.26,0.16,0.55,0.7,22,20,20000,82467.0586848451,62467.058684845106,312.33529342422554,26.830718564831145,0.9714254437922506,0.856737509466068,-38.813716528847216,0.691268988500237,25.919331264434568,213,149,64,69.95305164319248,1242.3655081359818,-1850.4609691783726,4026.5797278361492,-10362.73909181586,1.5630603653928112,6.892018779342723,35,71,49.29577464788733,13.967814010317348,-18.15697807177067,2.263148943056874,,0.8104128925037617,412
30,0.22,0.14,0.6,0.7,22,20,20000,72682.73335719643,52682.73335719643,263.4136667859822,24.171534527495076,0.9712899497767145,0.8342500110570387,-33.70582856351288,0.7171321862611372,22.999194998555875,215,154,61,71.62790697674419,960.9236425644405,-1492.577173733233,3037.256077687734,-9067.396705338875,1.6253353052709973,6.869767441860465,36,71,50.70422535211267,12.446913878790022,-15.381998769665051,2.03139519866734,,0.7558419979818594,158
30,0.22,0.14,0.6,0.7,22,20,20000,72682.73335719643,52682.73335719643,263.4136667859822,24.171534527495076,0.9712899497767145,0.8342500110570387,-33.70582856351288,0.7171321862611372,22.999194998555875,215,154,61,71.62790697674419,960.9236425644405,-1492.577173733233,3037.256077687734,-9067.396705338875,1.6253353052709973,6.869767441860465,36,71,50.70422535211267,12.446913878790022,-15.381998769665051,2.03139519866734,,0.7558419979818594,158
30,0.22,0.14,0.6,0.9,22,20,20000,72629.41241791566,52629.412417915664,263.14706208957836,24.15624648750203,0.9706692803639673,0.8338034609412984,-33.6814153803626,0.7171980813367462,23.001800161866623,216,154,62,71.29629629629629,960.5422415521599,-1468.4160125986577,3037.256077687734,-9067.396705338875,1.6247868224066195,6.875,36,71,50.70422535211267,12.446913878790022,-15.353851446749633,2.030364814870327,,0.7605127830660809,133
30,0.24,0.16,0.6,0.7,22,20,20000,79192.36732697282,59192.36732697282,295.9618366348641,25.97143114810583,0.9669558860014075,0.8529706332408525,-35.065417268760754,0.7406565548342521,25.12251415745162,229,166,63,72.48908296943232,1054.4071490962508,-1760.6764987778495,3887.732151014213,-10362.73909181586,1.5779611738386101,7.026200873362446,34,71,47.88732394366197,14.582456018743528,-14.872977881591442,2.1883446292743645,,0.8103586942399592,335
30,0.24,0.16,0.6,0.9,22,20,20000,79192.36732697282,59192.36732697282,295.9618366348641,25.97143114810583,0.9669558860014075,0.8529706332408525,-35.065417268760754,0.7406565548342521,25.12251415745162,229,166,63,72.48908296943232,1054.4071490962508,-1760.6764987778495,3887.732151014213,-10362.73909181586,1.5779611738386101,7.026200873362446,34,71,47.88732394366197,14.582456018743528,-14.872977881591442,2.1883446292743645,,0.8153304720267375,292
30,0.24,0.16,0.6,0.7,22,20,20000,79192.36732697282,59192.36732697282,295.9618366348641,25.97143114810583,0.9669558860014075,0.8529706332408525,-35.065417268760754,0.7406565548342521,25.12251415745162,229,166,63,72.48908296943232,1054.4071490962508,-1760.6764987778495,3887.732151014213,-10362.73909181586,1.5779611738386101,7.026200873362446,34,71,47.88732394366197,14.582456018743528,-14.872977881591442,2.1883446292743645,,0.8103586942399592,335
30,0.24,0.16,0.6,0.7,22,20,20000,79192.36732697282,59192.36732697282,295.9618366348641,25.97143114810583,0.9669558860014075,0.8529706332408525,-35.065417268760754,0.7406565548342521,25.12251415745162,229,166,63,72.48908296943232,1054.4071490962508,-1760.6764987778495,3887.732151014213,-10362.73909181586,1.5779611738386101,7.026200873362446,34,71,47.88732394366197,14.582456018743528,-14.872977881591442,2.1883446292743645,,0.8103586942399592,335
30,0.22,0.14,0.55,0.5,22,20,20000,72544.47330809393,52544.47330809393,262.72236654046964,24.131873666414005,0.9657988616085139,0.8306503035785212,-34.969551593708516,0.6900824450593084,23.127661508213468,216,157,59,72.68518518518519,957.0943982937532,-1582.7770715936472,3233.56018167327,-10036.71394022958,1.6090986289271274,6.689814814814815,37,71,52.112676056338024,12.594625922743386,-17.857673997158596,2.029462437696641,,0.7608609400970919,121
30,0.24,0.16,0.55,0.9,22,20,20000,79229.93843505472,59229.93843505472,296.1496921752736,25.981456223089584,0.9613766914579223,0.8473046760137205,-37.18461432861274,0.6987152265042433,25.333597089210308,215,153,62,71.16279069767441,1149.2691909238054,-1800.4927060691482,3887.732151014213,-10362.73909181586,1.5751798205248453,6.911627906976745,35,71,49.29577464788733,14.166246897975077,-17.493139954801507,2.1967218872516114,,0.8144226095731546,293
30,0.24,0.16,0.55,0.7,22,20,20000,79229.93843505472,59229.93843505472,296.1496921752736,25.981456223089584,0.9613766914579223,0.8473046760137205,-37.18461432861274,0.6987152265042433,25.333597089210308,215,153,62,71.16279069767441,1149.2691909238054,-1800.4927060691482,3887.732151014213,-10362.73909181586,1.5751798205248453,6.911627906976745,35,71,49.29577464788733,14.166246897975077,-17.493139954801507,2.1967218872516114,,0.8095818135223611,336
30,0.26,0.1,0.5,0.7,22,20,20000,67571.75048028262,47571.750480282615,237.85875240141308,22.661770855626283,0.9602652902754245,0.8115191934096959,-33.26359191817491,0.6812785255233998,21.675509589956153,182,137,45,75.27472527472527,980.3484290678264,-1886.819651155767,2834.2671812949134,-8657.304106832968,1.5818238519336827,6.252747252747253,38,71,53.52112676056338,13.361462580370231,-16.63422245753975,1.911115033178552,,0.7808964223762564,181
30,0.26,0.1,0.5,0.9,22,20,20000,67571.75048028262,47571.750480282615,237.85875240141308,22.661770855626283,0.9602652902754245,0.8115191934096959,-33.26359191817491,0.6812785255233998,21.675509589956153,182,137,45,75.27472527472527,980.3484290678264,-1886.819651155767,2834.2671812949134,-8657.304106832968,1.5818238519336827,6.252747252747253,38,71,53.52112676056338,13.361462580370231,-16.63422245753975,1.911115033178552,,0.7759304153881252,158
30,0.24,0.16,0.6,0.5,22,20,20000,78108.58923418792,58108.58923418792,290.5429461709396,25.680529213753434,0.9559202988006158,0.8407307516889858,-35.584920806529894,0.7216688594973918,25.18862974574345,231,165,66,71.42857142857143,1055.8349528185304,-1684.896636073776,3748.8845741922764,-10949.14248025045,1.5666168033887315,7.0519480519480515,34,71,47.88732394366197,14.582456018743528,-15.669629723338863,2.171129221237485,,0.823726308202814,277
30,0.24,0.16,0.55,0.5,22,20,20000,78684.22550925071,58684.22550925071,293.42112754625356,25.835453709081293,0.9553598095335736,0.8393054975138653,-37.75644038179691,0.684266139705719,25.386513749029614,222,160,62,72.07207207207207,1094.7474330847735,-1798.6010287792353,3748.8845741922764,-10949.14248025045,1.5707511676131642,6.905405405405405,35,71,49.29577464788733,14.166246897975077,-18.242527477571013,2.189411075990109,,0.823726308202814,277
30,0.3,0.08,0.6,0.3,22,20,20000,61772.83202037252,41772.83202037252,208.86416010186258,20.82905557452406,0.9542507440781242,0.7907715360809069,-29.091439213695292,0.7159857379870854,19.83224808816071,164,122,42,74.39024390243902,940.7976624955742,-1712.4805429544601,2536.889536244772,-5988.152708069074,1.595809786773656,6.829268292682927,36,71,50.70422535211267,12.055815914843526,-17.524404825606897,1.783310168708069,,0.8589628990997462,94
30,0.28,0.12,0.6,0.9,22,20,20000,72696.01512814965,52696.01512814965,263.4800756407483,24.175341189967824,0.950902418019884,0.8202958619007612,-32.74043812508104,0.73839394261032,23.654884516138843,173,125,48,72.25433526011561,1191.9764880358039,-1962.8301224234528,3158.452778335769,-9287.021881684725,1.5814437541648714,6.878612716763006,36,71,50.70422535211267,12.980205925779442,-14.659702548227738,2.041124444246677,,0.8342544412431299,673
30,0.28,0.12,0.6,0.9,22,20,20000,72696.01512814965,52696.01512814965,263.4800756407483,24.175341189967824,0.950902418019884,0.8202958619007612,-32.74043812508104,0.73839394261032,23.654884516138843,173,125,48,72.25433526011561,1191.9764880358039,-1962.8301224234528,3158.452778335769,-9287.021881684725,1.5814437541648714,6.878612716763006,36,71,50.70422535211267,12.980205925779442,-14.659702548227738,2.041124444246677,,0.8342544412431299,673
30,0.28,0.12,0.6,0.9,22,20,20000,72696.01512814965,52696.01512814965,263.4800756407483,24.175341189967824,0.950902418019884,0.8202958619007612,-32.74043812508104,0.73839394261032,23.654884516138843,173,125,48,72.25433526011561,1191.9764880358039,-1962.8301224234528,3158.452778335769,-9287.021881684725,1.5814437541648714,6.878612716763006,36,71,50.70422535211267,12.980205925779442,-14.659702548227738,2.041124444246677,,0.8342544412431299,673
30,0.28,0.12,0.6,0.7,22,20,20000,72696.01512814965,52696.01512814965,263.4800756407483,24.175341189967824,0.950902418019884,0.8202958619007612,-32.74043812508104,0.73839394261032,23.654884516138843,173,125,48,72.25433526011561,1191.9764880358039,-1962.8301224234528,3158.452778335769,-9287.021881684725,1.5814437541648714,6.878612716763006,36,71,50.70422535211267,12.980205925779442,-14.659702548227738,2.041124444246677,,0.8326579753405605,764
30,0.28,0.12,0.6,0.7,22,20,20000,72696.01512814965,52696.01512814965,263.4800756407483,24.175341189967824,0.950902418019884,0.8202958619007612,-32.74043812508104,0.73839394261032,23.654884516138843,173,125,48,72.25433526011561,1191.9764880358039,-1962.8301224234528,3158.452778335769,-9287.021881684725,1.5814437541648714,6.878612716763006,36,71,50.70422535211267,12.980205925779442,-14.659702548227738,2.041124444246677,,0.8326579753405605,764
30,0.28,0.12,0.6,0.7,22,20,20000,72696.01512814965,52696.01512814965,263.4800756407483,24.175341189967824,0.950902418019884,0.8202958619007612,-32.74043812508104,0.73839394261032,23.654884516138843,173,125,48,72.25433526011561,1191.9764880358039,-1962.8301224234528,3158.452778335769,-9287.021881684725,1.5814437541648714,6.878612716763006,36,71,50.70422535211267,12.980205925779442,-14.659702548227738,2.041124444246677,,0.8326579753405605,764
30,0.28,0.12,0.6,0.7,22,20,20000,72696.01512814965,52696.01512814965,263.4800756407483,24.175341189967824,0.950902418019884,0.8202958619007612,-32.74043812508104,0.73839394261032,23.654884516138843,173,125,48,72.25433526011561,1191.9764880358039,-1962.8301224234528,3158.452778335769,-9287.021881684725,1.5814437541648714,6.878612716763006,36,71,50.70422535211267,12.980205925779442,-14.659702548227738,2.041124444246677,,0.8326579753405605,764
30,0.26,0.08,0.5,0.7,20,20,20000,64547.5959557417,44547.5959557417,222.73797977870848,21.723093796935288,0.950185282965464,0.7977275684826154,-28.077963604909357,0.7736705589694924,20.922611919720442,135,108,27,80.0,973.583939242466,-2202.9210919423913,2161.7836615453816,-6666.849559155555,1.76780537950912,7.785185185185185,34,71,47.88732394366197,15.593216447816083,-13.523342881038724,1.8407194691671387,,0.8078875061795165,123
30,0.22,0.16,0.6,0.7,22,20,20000,73219.0478412225,53219.047841222506,266.0952392061125,24.324788382550366,0.9404878624411595,0.8088240361157842,-37.27237479233232,0.6526224453923034,24.183788187374354,229,165,64,72.0524017467249,990.4436852792677,-1631.0009410915054,3319.475595368062,-9930.95829632353,1.56559543393136,7.034934497816594,35,71,49.29577464788733,14.580434980043089,-15.418765100112397,2.076357045422079,,0.7555142222138683,121
30,0.28,0.16,0.6,0.7,22,20,20000,79379.2275762951,59379.2275762951,296.8961378814755,26.021251898410867,0.9394663662591172,0.8361948421299127,-36.70964246293209,0.7088396985801775,26.19385904762271,204,140,64,68.62745098039215,1293.6714290157677,-1848.1355075923768,3948.4964866110745,-10522.826355765395,1.5312222720392392,7.009803921568627,35,71,49.29577464788733,14.851857047093976,-15.64476354206209,2.2122980250973066,,0.8153063124690029,326
30,0.28,0.16,0.6,0.7,22,20,20000,79379.2275762951,59379.2275762951,296.8961378814755,26.021251898410867,0.9394663662591172,0.8361948421299127,-36.70964246293209,0.7088396985801775,26.19385904762271,204,140,64,68.62745098039215,1293.6714290157677,-1848.1355075923768,3948.4964866110745,-10522.826355765395,1.5312222720392392,7.009803921568627,35,71,49.29577464788733,14.851857047093976,-15.64476354206209,2.2122980250973066,,0.8153063124690029,326
30,0.28,0.16,0.6,0.7,22,20,20000,79379.2275762951,59379.2275762951,296.8961378814755,26.021251898410867,0.9394663662591172,0.8361948421299127,-36.70964246293209,0.7088396985801775,26.19385904762271,204,140,64,68.62745098039215,1293.6714290157677,-1848.1355075923768,3948.4964866110745,-10522.826355765395,1.5312222720392392,7.009803921568627,35,71,49.29577464788733,14.851857047093976,-15.64476354206209,2.2122980250973066,,0.8153063124690029,326
30,0.28,0.16,0.6,0.9,22,20,20000,79379.2275762951,59379.2275762951,296.8961378814755,26.021251898410867,0.9394663662591172,0.8361948421299127,-36.70964246293209,0.7088396985801775,26.19385904762271,204,140,64,68.62745098039215,1293.6714290157677,-1848.1355075923768,3948.4964866110745,-10522.826355765395,1.5312222720392392,7.009803921568627,35,71,49.29577464788733,14.851857047093976,-15.64476354206209,2.2122980250973066,,0.8237414490263562,282
35,0.28,0.1,0.55,0.9,24,20,20000,61260.97326212578,41260.97326212578,206.30486631062888,20.660494586556855,0.9323479990095401,0.8093391891811637,-29.747578545656705,0.6945269361957325,20.22748918258543,135,99,36,73.33333333333333,934.2402870572615,-1398.7198654595259,2506.9868390229453,-6739.227480614955,1.836794380955914,10.562962962962963,33,71,46.478873239436616,13.04449230966327,-13.908207582803133,1.7603039122775375,,0.8343953145130686,535
35,0.26,0.1,0.55,0.7,24,20,20000,60065.28459825161,40065.28459825161,200.32642299125803,20.26212593040466,0.9291957630896088,0.8006175388805022,-29.113478137315248,0.6959706372023734,19.860753776304453,137,104,33,75.91240875912408,878.5930527151781,-1525.84523891293,2353.9118510713556,-6739.227480614955,1.8146658960121689,10.116788321167883,34,71,47.88732394366197,12.298749419471733,-12.843427558650866,1.7237812534035193,,0.8270977888868436,266
30,0.28,0.16,0.6,0.5,22,20,20000,78196.15389106188,58196.153891061884,290.9807694553094,25.704157170308516,0.9289473974883992,0.8237342330689328,-37.17362179808984,0.6914622769317925,26.230114923489644,206,142,64,68.93203883495146,1263.5399903010562,-1840.7628864326211,3846.837686747382,-11129.372939670282,1.5229986296136064,7.0,35,71,49.29577464788733,14.167225230027046,-16.82804901374696,2.1960306688659537,,0.8235211142829365,273
30,0.3,0.12,0.5,0.7,22,20,20000,72257.52528558894,52257.52528558894,261.2876264279447,24.049359450210893,0.9280530750800295,0.8122706170304239,-34.900555379170285,0.6890824283147162,24.29463700404111,185,133,52,71.89189189189189,1165.1140804013467,-1938.5759116882707,3354.0470430316054,-8442.747165167932,1.5372126018172227,6.535135135135135,35,71,49.29577464788733,12.97412426793272,-15.214599182058318,2.05103156764674,,0.8180477030367715,426
30,0.3,0.12,0.5,0.9,22,20,20000,72257.52528558894,52257.52528558894,261.2876264279447,24.049359450210893,0.9280530750800295,0.8122706170304239,-34.900555379170285,0.6890824283147162,24.29463700404111,185,133,52,71.89189189189189,1165.1140804013467,-1938.5759116882707,3354.0470430316054,-8442.747165167932,1.5372126018172227,6.535135135135135,35,71,49.29577464788733,12.97412426793272,-15.214599182058318,2.05103156764674,,0.8143699242539622,373
30,0.3,0.12,0.5,0.7,22,20,20000,72257.52528558894,52257.52528558894,261.2876264279447,24.049359450210893,0.9280530750800295,0.8122706170304239,-34.900555379170285,0.6890824283147162,24.29463700404111,185,133,52,71.89189189189189,1165.1140804013467,-1938.5759116882707,3354.0470430316054,-8442.747165167932,1.5372126018172227,6.535135135135135,35,71,49.29577464788733,12.97412426793272,-15.214599182058318,2.05103156764674,,0.8180477030367715,426
30,0.3,0.12,0.5,0.9,22,20,20000,72257.52528558894,52257.52528558894,261.2876264279447,24.049359450210893,0.9280530750800295,0.8122706170304239,-34.900555379170285,0.6890824283147162,24.29463700404111,185,133,52,71.89189189189189,1165.1140804013467,-1938.5759116882707,3354.0470430316054,-8442.747165167932,1.5372126018172227,6.535135135135135,35,71,49.29577464788733,12.97412426793272,-15.214599182058318,2.05103156764674,,0.8143699242539622,373
30,0.3,0.12,0.5,0.7,22,20,20000,72257.52528558894,52257.52528558894,261.2876264279447,24.049359450210893,0.9280530750800295,0.8122706170304239,-34.900555379170285,0.6890824283147162,24.29463700404111,185,133,52,71.89189189189189,1165.1140804013467,-1938.5759116882707,3354.0470430316054,-8442.747165167932,1.5372126018172227,6.535135135135135,35,71,49.29577464788733,12.97412426793272,-15.214599182058318,2.05103156764674,,0.8180477030367715,426
30,0.3,0.1,0.5,0.5,22,20,20000,67357.2012533224,47357.201253322404,236.78600626661202,22.596340971376282,0.9279945421919548,0.7988523969166829,-34.440573780236654,0.6560965306664822,22.592896010256126,177,132,45,74.57627118644068,1036.2570101987549,-1954.1694242869578,3354.0470430316054,-8877.949739179334,1.555488071882752,6.378531073446328,36,71,50.70422535211267,12.237207464275945,-17.532826115913302,1.934168187933447,,0.8150401047062152,272
30,0.3,0.1,0.5,0.5,22,20,20000,67357.2012533224,47357.201253322404,236.78600626661202,22.596340971376282,0.9279945421919548,0.7988523969166829,-34.440573780236654,0.6560965306664822,22.592896010256126,177,132,45,74.57627118644068,1036.2570101987549,-1954.1694242869578,3354.0470430316054,-8877.949739179334,1.555488071882752,6.378531073446328,36,71,50.70422535211267,12.237207464275945,-17.532826115913302,1.934168187933447,,0.8150401047062152,272
30,0.3,0.1,0.5,0.5,22,20,20000,67357.2012533224,47357.201253322404,236.78600626661202,22.596340971376282,0.9279945421919548,0.7988523969166829,-34.440573780236654,0.6560965306664822,22.592896010256126,177,132,45,74.57627118644068,1036.2570101987549,-1954.1694242869578,3354.0470430316054,-8877.949739179334,1.555488071882752,6.378531073446328,36,71,50.70422535211267,12.237207464275945,-17.532826115913302,1.934168187933447,,0.8150401047062152,272
30,0.28,0.08,0.5,0.7,18,10,20000,91314.83804734201,71314.83804734201,356.5741902367101,29.018020478063654,0.9252771975401096,1.0532834002316365,-43.34021611715289,0.6695402810088689,30.488243940363898,316,250,66,79.11392405063292,796.1397859147748,-1899.1238599884264,3384.8332104806286,-7706.831696544268,1.587932767729701,8.841772151898734,45,71,63.38028169014085,18.55382234995757,-19.661144861086676,2.52118618109025,,0.6137057295339439,14
30,0.3,0.1,0.5,0.9,22,20,20000,67437.85071136223,47437.85071136223,237.18925355681114,22.620956505458945,0.9196121389189443,0.7917732715919072,-33.787085432852045,0.6695148816673016,22.894828667759324,180,133,47,73.88888888888889,1024.4430203134593,-1858.024914687823,3354.0470430316054,-8442.747165167932,1.5602351496853275,6.444444444444445,36,71,50.70422535211267,12.168931720231635,-16.884582424425577,1.9362880051866487,,0.8101119747388624,422
30,0.3,0.1,0.5,0.9,22,20,20000,67437.85071136223,47437.85071136223,237.18925355681114,22.620956505458945,0.9196121389189443,0.7917732715919072,-33.787085432852045,0.6695148816673016,22.894828667759324,180,133,47,73.88888888888889,1024.4430203134593,-1858.024914687823,3354.0470430316054,-8442.747165167932,1.5602351496853275,6.444444444444445,36,71,50.70422535211267,12.168931720231635,-16.884582424425577,1.9362880051866487,,0.8101119747388624,422
30,0.3,0.1,0.5,0.7,22,20,20000,67437.85071136223,47437.85071136223,237.18925355681114,22.620956505458945,0.9196121389189443,0.7917732715919072,-33.787085432852045,0.6695148816673016,22.894828667759324,180,133,47,73.88888888888889,1024.4430203134593,-1858.024914687823,3354.0470430316054,-8442.747165167932,1.5602351496853275,6.444444444444445,36,71,50.70422535211267,12.168931720231635,-16.884582424425577,1.9362880051866487,,0.8197892701295737,515
30,0.3,0.1,0.5,0.9,22,20,20000,67437.85071136223,47437.85071136223,237.18925355681114,22.620956505458945,0.9196121389189443,0.7917732715919072,-33.787085432852045,0.6695148816673016,22.894828667759324,180,133,47,73.88888888888889,1024.4430203134593,-1858.024914687823,3354.0470430316054,-8442.747165167932,1.5602351496853275,6.444444444444445,36,71,50.70422535211267,12.168931720231635,-16.884582424425577,1.9362880051866487,,0.8101119747388624,422
30,0.3,0.1,0.5,0.9,22,20,20000,67437.85071136223,47437.85071136223,237.18925355681114,22.620956505458945,0.9196121389189443,0.7917732715919072,-33.787085432852045,0.6695148816673016,22.894828667759324,180,133,47,73.88888888888889,1024.4430203134593,-1858.024914687823,3354.0470430316054,-8442.747165167932,1.5602351496853275,6.444444444444445,36,71,50.70422535211267,12.168931720231635,-16.884582424425577,1.9362880051866487,,0.8101119747388624,422
30,0.3,0.1,0.5,0.7,22,20,20000,67437.85071136223,47437.85071136223,237.18925355681114,22.620956505458945,0.9196121389189443,0.7917732715919072,-33.787085432852045,0.6695148816673016,22.894828667759324,180,133,47,73.88888888888889,1024.4430203134593,-1858.024914687823,3354.0470430316054,-8442.747165167932,1.5602351496853275,6.444444444444445,36,71,50.70422535211267,12.168931720231635,-16.884582424425577,1.9362880051866487,,0.8197892701295737,515
30,0.3,0.1,0.5,0.9,22,20,20000,67437.85071136223,47437.85071136223,237.18925355681114,22.620956505458945,0.9196121389189443,0.7917732715919072,-33.787085432852045,0.6695148816673016,22.894828667759324,180,133,47,73.88888888888889,1024.4430203134593,-1858.024914687823,3354.0470430316054,-8442.747165167932,1.5602351496853275,6.444444444444445,36,71,50.70422535211267,12.168931720231635,-16.884582424425577,1.9362880051866487,,0.8101119747388624,422
30,0.3,0.1,0.5,0.7,22,20,20000,67437.85071136223,47437.85071136223,237.18925355681114,22.620956505458945,0.9196121389189443,0.7917732715919072,-33.787085432852045,0.6695148816673016,22.894828667759324,180,133,47,73.88888888888889,1024.4430203134593,-1858.024914687823,3354.0470430316054,-8442.747165167932,1.5602351496853275,6.444444444444445,36,71,50.70422535211267,12.168931720231635,-16.884582424425577,1.9362880051866487,,0.8197892701295737,515
30,0.3,0.1,0.5,0.9,22,20,20000,67437.85071136223,47437.85071136223,237.18925355681114,22.620956505458945,0.9196121389189443,0.7917732715919072,-33.787085432852045,0.6695148816673016,22.894828667759324,180,133,47,73.88888888888889,1024.4430203134593,-1858.024914687823,3354.0470430316054,-8442.747165167932,1.5602351496853275,6.444444444444445,36,71,50.70422535211267,12.168931720231635,-16.884582424425577,1.9362880051866487,,0.8101119747388624,422
30,0.3,0.1,0.5,0.9,22,20,20000,67437.85071136223,47437.85071136223,237.18925355681114,22.620956505458945,0.9196121389189443,0.7917732715919072,-33.787085432852045,0.6695148816673016,22.894828667759324,180,133,47,73.88888888888889,1024.4430203134593,-1858.024914687823,3354.0470430316054,-8442.747165167932,1.5602351496853275,6.444444444444445,36,71,50.70422535211267,12.168931720231635,-16.884582424425577,1.9362880051866487,,0.8101119747388624,422
30,0.3,0.1,0.5,0.7,22,20,20000,67437.85071136223,47437.85071136223,237.18925355681114,22.620956505458945,0.9196121389189443,0.7917732715919072,-33.787085432852045,0.6695148816673016,22.894828667759324,180,133,47,73.88888888888889,1024.4430203134593,-1858.024914687823,3354.0470430316054,-8442.747165167932,1.5602351496853275,6.444444444444445,36,71,50.70422535211267,12.168931720231635,-16.884582424425577,1.9362880051866487,,0.8197892701295737,515
30,0.3,0.1,0.5,0.9,22,20,20000,67437.85071136223,47437.85071136223,237.18925355681114,22.620956505458945,0.9196121389189443,0.7917732715919072,-33.787085432852045,0.6695148816673016,22.894828667759324,180,133,47,73.88888888888889,1024.4430203134593,-1858.024914687823,3354.0470430316054,-8442.747165167932,1.5602351496853275,6.444444444444445,36,71,50.70422535211267,12.168931720231635,-16.884582424425577,1.9362880051866487,,0.8101119747388624,422
30,0.3,0.1,0.5,0.7,22,20,20000,67437.85071136223,47437.85071136223,237.18925355681114,22.620956505458945,0.9196121389189443,0.7917732715919072,-33.787085432852045,0.6695148816673016,22.894828667759324,180,133,47,73.88888888888889,1024.4430203134593,-1858.024914687823,3354.0470430316054,-8442.747165167932,1.5602351496853275,6.444444444444445,36,71,50.70422535211267,12.168931720231635,-16.884582424425577,1.9362880051866487,,0.8197892701295737,515
30,0.3,0.1,0.5,0.9,22,20,20000,67437.85071136223,47437.85071136223,237.18925355681114,22.620956505458945,0.9196121389189443,0.7917732715919072,-33.787085432852045,0.6695148816673016,22.894828667759324,180,133,47,73.88888888888889,1024.4430203134593,-1858.024914687823,3354.0470430316054,-8442.747165167932,1.5602351496853275,6.444444444444445,36,71,50.70422535211267,12.168931720231635,-16.884582424425577,1.9362880051866487,,0.8101119747388624,422
30,0.3,0.1,0.5,0.9,22,20,20000,67437.85071136223,47437.85071136223,237.18925355681114,22.620956505458945,0.9196121389189443,0.7917732715919072,-33.787085432852045,0.6695148816673016,22.894828667759324,180,133,47,73.88888888888889,1024.4430203134593,-1858.024914687823,3354.0470430316054,-8442.747165167932,1.5602351496853275,6.444444444444445,36,71,50.70422535211267,12.168931720231635,-16.884582424425577,1.9362880051866487,,0.8101119747388624,422
30,0.3,0.1,0.5,0.7,22,20,20000,67437.85071136223,47437.85071136223,237.18925355681114,22.620956505458945,0.9196121389189443,0.7917732715919072,-33.787085432852045,0.6695148816673016,22.894828667759324,180,133,47,73.88888888888889,1024.4430203134593,-1858.024914687823,3354.0470430316054,-8442.747165167932,1.5602351496853275,6.444444444444445,36,71,50.70422535211267,12.168931720231635,-16.884582424425577,1.9362880051866487,,0.8197892701295737,515
30,0.3,0.1,0.5,0.9,22,20,20000,67437.85071136223,47437.85071136223,237.18925355681114,22.620956505458945,0.9196121389189443,0.7917732715919072,-33.787085432852045,0.6695148816673016,22.894828667759324,180,133,47,73.88888888888889,1024.4430203134593,-1858.024914687823,3354.0470430316054,-8442.747165167932,1.5602351496853275,6.444444444444445,36,71,50.70422535211267,12.168931720231635,-16.884582424425577,1.9362880051866487,,0.8101119747388624,422
35,0.28,0.1,0.55,0.5,22,20,20000,61966.84721367223,41966.84721367223,209.83423606836112,20.89264330823084,0.9184102693487974,0.7994144984937095,-28.59594620067617,0.7306155621364548,20.897377554045477,113,91,22,80.53097345132744,1081.3317239836554,-2527.319984947288,2575.9012500180906,-8502.296424235106,1.7697724263537138,10.654867256637168,35,71,49.29577464788733,17.47476519510758,-14.674816100592192,1.7973345946055395,,0.8058447379928652,397
35,0.28,0.08,0.55,0.5,22,20,20000,57054.97791057901,37054.97791057901,185.27488955289505,19.229145784160306,0.9159532378158214,0.7790839752468677,-26.272233009033602,0.7319189723061774,19.02783693130635,121,99,22,81.81818181818183,847.7385681171899,-2102.0836515010337,2146.169931823944,-7011.893785840192,1.8147819920502712,10.619834710743802,34,71,47.88732394366197,12.937567130645222,-13.361679217762445,1.6385173153374457,,0.8115902394867799,303
30,0.3,0.12,0.5,0.5,22,20,20000,71140.63329569124,51140.63329569124,255.70316647845618,23.725568948767783,0.9154680259966148,0.7991871976774929,-35.94312766832164,0.6600863777828171,24.361147028461417,179,126,53,70.39106145251397,1222.5157670906203,-1905.923648258998,3354.0470430316054,-8877.949739179334,1.5249080105588737,6.5307262569832405,35,71,49.29577464788733,12.796069055210712,-15.982213673123791,2.0358264995136843,,0.8062270184417522,212
30,0.3,0.12,0.5,0.5,22,20,20000,71140.63329569124,51140.63329569124,255.70316647845618,23.725568948767783,0.9154680259966148,0.7991871976774929,-35.94312766832164,0.6600863777828171,24.361147028461417,179,126,53,70.39106145251397,1222.5157670906203,-1905.923648258998,3354.0470430316054,-8877.949739179334,1.5249080105588737,6.5307262569832405,35,71,49.29577464788733,12.796069055210712,-15.982213673123791,2.0358264995136843,,0.8062270184417522,212
30,0.3,0.08,0.45,0.9,20,20,20000,64130.103649152195,44130.103649152195,220.650518245761,21.59064625214746,0.9103025210471442,0.7945532145338042,-30.955926193669903,0.6974640693051684,21.963574552012048,157,122,35,77.70700636942675,944.463174702001,-2002.8543904140483,2410.0496711995415,-7226.361486396539,1.643718483054204,7.6369426751592355,32,71,45.07042253521127,15.743651390846303,-13.577503574811,1.8537929936970994,,0.7422886724901654,67
35,0.28,0.12,0.5,0.9,24,20,20000,63939.48787881666,43939.48787881666,219.6974393940833,21.529935522801715,0.9098024013780539,0.8054283853497151,-33.6039667210726,0.6406962517701988,21.91053901803394,159,123,36,77.35849056603774,853.3289554366755,-1662.8242677748403,2544.0459681131056,-7755.402911591167,1.753366639063727,10.037735849056604,33,71,46.478873239436616,13.666007042946138,-14.549828121485376,1.8455632150338517,,0.83722650095012,376
30,0.28,0.08,0.5,0.9,22,20,20000,59073.91601226589,39073.91601226589,195.36958006132943,19.92679486254456,0.9051764107497744,0.7644296130235042,-28.579762393618292,0.6972344482120015,20.142107630643945,165,122,43,73.93939393939394,916.4745453469169,-1663.0855469780868,2080.0291822095664,-7070.768285426822,1.5634975062633636,6.248484848484848,35,71,49.29577464788733,11.987943690123215,-14.708228422472946,1.6939459688192284,,0.8140349486436907,389
30,0.3,0.08,0.55,0.3,22,20,20000,58700.09174597926,38700.09174597926,193.5004587298963,19.799131856245445,0.9034365655170179,0.7426056419931241,-31.35981993678004,0.6313534929779441,20.04867030137499,173,125,48,72.25433526011561,885.4394745530502,-1477.7238036073288,2536.889536244772,-5988.152708069074,1.5603944115625976,6.543352601156069,34,71,47.88732394366197,11.177856216668136,-17.377361732609153,1.7085775028058605,,0.841355132174264,106
30,0.3,0.08,0.4,0.5,24,10,20000,78663.84218630749,58663.84218630749,293.31921093153744,25.829983955543568,0.8865667246327255,1.0121209347848343,-45.58528936737255,0.5666298122488448,28.23552437206646,443,301,142,67.94582392776523,825.1424855162112,-1306.9686334793773,2817.002093508753,-9866.393661710008,1.3382644311325806,5.1173814898419865,46,71,64.7887323943662,20.43894531981991,-15.21413829272722,2.2853327263926633,,0.8865667246327255,1
35,0.28,0.12,0.5,0.5,22,20,20000,64190.484059818,44190.484059818,220.95242029909002,21.609845968438446,0.8838589680797628,0.7671973350953494,-33.94778509413618,0.6365612928358948,22.883137824079792,140,113,27,80.71428571428572,962.5559582735056,-2352.886637966221,3038.083529223483,-10058.044472025844,1.7121415334995154,10.45,35,71,49.29577464788733,18.839571416308075,-17.47258120405535,1.8929652078347008,,0.8027759883895476,264
45,0.3,0.08,0.45,0.9,22,10,20000,72342.07030622616,52342.07030622616,261.7103515311308,24.073699347360055,0.8831548085728494,1.033080282066332,-37.29442492900757,0.6455039699146977,26.061726353407757,210,174,36,82.85714285714286,760.5373642867258,-2233.286193100329,2274.009918011905,-9669.402151813447,1.6459738144664067,14.238095238095237,45,71,63.38028169014085,18.904081651946704,-15.97289476027608,2.0987754372414473,,0.6758857468381618,2
30,0.2,0.1,0.5,0.9,18,20,20000,59503.7103127295,39503.7103127295,197.5185515636475,20.072743741263466,0.8829312052164926,0.7233082290820172,-29.321695272037037,0.6845696865421714,20.98894863366116,176,138,38,78.4090909090909,710.4385674558426,-1489.1266314783347,1943.7111541014326,-6383.31112602661,1.7325683997806833,7.5397727272727275,34,71,47.88732394366197,14.734936748041827,-12.687627400936174,1.7283745941772761,,0.47982351952038915,7
30,0.26,0.1,0.5,0.9,20,20,20000,63987.105356621614,43987.105356621614,219.93552678310806,21.54511569042088,0.8825611590569645,0.7509416388260911,-33.70109781381659,0.6393001144784053,22.83993204120528,141,112,29,79.43262411347519,1042.8975090952756,-2462.8901952430783,2338.724274912674,-7448.680809961532,1.6353721785370035,8.02127659574468,33,71,46.478873239436616,15.935206405182534,-15.050818890913064,1.8693502532802997,,0.7993376750185904,134
30,0.28,0.12,0.5,0.9,22,20,20000,66380.44576246431,46380.44576246431,231.90222881232154,22.296254821951123,0.8805694795633348,0.7709737268377815,-34.41519178173611,0.6478608331854068,23.8640853405117,185,135,50,72.97297297297297,1078.9698390366407,-1944.7636501496413,2915.494872309941,-8442.747165167932,1.4979807778568721,6.4,35,71,49.29577464788733,13.746690488497283,-15.801612523107567,1.9189976531308721,,0.8097951064517385,445
30,0.28,0.12,0.5,0.7,22,20,20000,66380.44576246431,46380.44576246431,231.90222881232154,22.296254821951123,0.8805694795633348,0.7709737268377815,-34.41519178173611,0.6478608331854068,23.8640853405117,185,135,50,72.97297297297297,1078.9698390366407,-1944.7636501496413,2915.494872309941,-8442.747165167932,1.4979807778568721,6.4,35,71,49.29577464788733,13.746690488497283,-15.801612523107567,1.9189976531308721,,0.8128269873800109,506
30,0.28,0.12,0.5,0.9,22,20,20000,66380.44576246431,46380.44576246431,231.90222881232154,22.296254821951123,0.8805694795633348,0.7709737268377815,-34.41519178173611,0.6478608331854068,23.8640853405117,185,135,50,72.97297297297297,1078.9698390366407,-1944.7636501496413,2915.494872309941,-8442.747165167932,1.4979807778568721,6.4,35,71,49.29577464788733,13.746690488497283,-15.801612523107567,1.9189976531308721,,0.8097951064517385,445
35,0.28,0.1,0.55,0.9,22,20,20000,59387.25508500709,39387.25508500709,196.93627542503543,20.033284934943808,0.8781984316650242,0.7730791372488356,-29.830972295888618,0.6715599054645915,21.083240022093737,123,95,28,77.23577235772358,1009.5874029824676,-1989.7731499402573,2575.9012500180906,-7494.616323310318,1.7214956547436098,10.991869918699187,35,71,49.29577464788733,17.50793072796808,-13.768148762083964,1.7368087633634754,,0.806548881781478,634
35,0.28,0.1,0.55,0.9,22,20,20000,59387.25508500709,39387.25508500709,196.93627542503543,20.033284934943808,0.8781984316650242,0.7730791372488356,-29.830972295888618,0.6715599054645915,21.083240022093737,123,95,28,77.23577235772358,1009.5874029824676,-1989.7731499402573,2575.9012500180906,-7494.616323310318,1.7214956547436098,10.991869918699187,35,71,49.29577464788733,17.50793072796808,-13.768148762083964,1.7368087633634754,,0.806548881781478,634
35,0.26,0.12,0.6,0.9,22,15,20000,79005.21612677406,59005.21612677406,295.0260806338703,25.921434666381813,0.8755098324105968,0.9441437044594579,-35.27088587877126,0.7349244006934154,28.87354230388764,242,178,64,73.55371900826447,966.9962985973061,-1732.8082034929093,3516.382814025598,-10368.930432682053,1.5520808650677438,12.24793388429752,43,71,60.56338028169014,18.46350165953259,-14.854941744387485,2.27546053355453,,0.8925225669144089,439
30,0.3,0.1,0.55,0.3,22,20,20000,60888.00058022966,40888.00058022966,204.4400029011483,20.53693063521729,0.8721095121519504,0.720880618418731,-30.85342111505352,0.6656289608414682,21.935983628543422,191,138,53,72.25130890052355,874.589021818846,-1481.7223477503937,2795.0392025263377,-5249.413335653573,1.536881586565641,6.62303664921466,33,71,46.478873239436616,12.273211485472135,-18.938362553805575,1.8064891235540232,,0.8343164484267848,120
30,0.3,0.1,0.6,0.9,20,20,20000,64475.91156882773,44475.91156882773,222.37955784413862,21.70040304543608,0.8688487415504493,0.752902211903843,-35.8400320614079,0.6054794540433127,23.537570093214057,171,128,43,74.85380116959064,965.643394899841,-1815.6916971709684,2720.0384163247013,-11660.603996751068,1.5831285487734719,9.485380116959064,33,71,46.478873239436616,17.128169568455643,-16.216150033181766,1.8892400005785528,,0.8427201950788149,365
30,0.3,0.1,0.6,0.9,20,20,20000,64475.91156882773,44475.91156882773,222.37955784413862,21.70040304543608,0.8688487415504493,0.752902211903843,-35.8400320614079,0.6054794540433127,23.537570093214057,171,128,43,74.85380116959064,965.643394899841,-1815.6916971709684,2720.0384163247013,-11660.603996751068,1.5831285487734719,9.485380116959064,33,71,46.478873239436616,17.128169568455643,-16.216150033181766,1.8892400005785528,,0.8427201950788149,365
35,0.26,0.08,0.55,0.7,24,20,20000,52671.22880507544,32671.228805075443,163.3561440253772,17.6405981689296,0.8675496816848709,0.7266639395910587,-29.034663124537303,0.60757027189413,18.405237888396393,127,102,25,80.31496062992126,743.6636944456969,-1699.1147211354196,1769.3677191554236,-5565.709889211062,1.7857227858698668,9.700787401574804,33,71,46.478873239436616,11.679920367837028,-13.68910112400994,1.5146048961638994,,0.8149273059377224,153
35,0.28,0.16,0.6,0.7,22,20,20000,70514.11257413632,50514.11257413632,252.5705628706816,23.542082086685046,0.8649400415541599,0.78788948755445,-33.40674366713866,0.7047104716717054,26.131547536594702,146,109,37,74.65753424657534,1134.1446458918165,-1931.2609142722044,3729.2386120385177,-10165.61462026266,1.7300245642574927,12.198630136986301,35,71,49.29577464788733,19.636824734295534,-15.802162961043187,2.0480116633928924,,0.8153063124690029,326
35,0.26,0.08,0.6,0.9,24,20,20000,51754.17046692141,31754.17046692141,158.77085233460704,17.294435634051062,0.862867395310964,0.7318684765997229,-26.352852305851833,0.6562642796055406,18.096539234111788,130,103,27,79.23076923076923,712.3072829195352,-1517.165913844095,1668.91929315687,-5471.131681999693,1.791050240969996,10.392307692307693,34,71,47.88732394366197,12.571325769481522,-11.535136617569265,1.4761639243453577,,0.8224819669224789,109
35,0.3,0.1,0.55,0.5,22,20,20000,57711.19070267566,37711.19070267566,188.5559535133783,19.45812458394618,0.8554108237470192,0.7582760403135511,-29.635840367989307,0.6565740786268903,21.082447343067916,126,97,29,76.98412698412699,952.8593479485882,-1862.0195189081796,2575.9012500180906,-7660.084336587742,1.7116631702455956,11.126984126984127,34,71,47.88732394366197,15.606021167785599,-16.40154999440767,1.7026090795236528,,0.8072045252899503,333
35,0.3,0.1,0.55,0.5,22,20,20000,57711.19070267566,37711.19070267566,188.5559535133783,19.45812458394618,0.8554108237470192,0.7582760403135511,-29.635840367989307,0.6565740786268903,21.082447343067916,126,97,29,76.98412698412699,952.8593479485882,-1862.0195189081796,2575.9012500180906,-7660.084336587742,1.7116631702455956,11.126984126984127,34,71,47.88732394366197,15.606021167785599,-16.40154999440767,1.7026090795236528,,0.8072045252899503,333
40,0.28,0.12,0.5,0.3,18,10,20000,79475.70942015124,59475.70942015124,297.3785471007562,26.04693772701352,0.8548841331338758,0.9788816047298848,-42.46820334325921,0.6133279883889374,30.149799020337355,291,235,56,80.75601374570446,785.8374891491198,-2233.279592864108,3097.8805838928906,-7340.989357168425,1.4766224983661136,13.29553264604811,46,71,64.7887323943662,16.8147055970284,-16.672375158682918,2.321700379865207,,0.7947174239535338,2
30,0.3,0.08,0.4,0.9,18,15,20000,76511.61692114225,56511.61692114225,282.55808460571126,25.245695900281362,0.8515283289245797,0.8919936176191752,-46.26128293127624,0.5457197531202339,29.159746896481238,283,226,57,79.85865724381625,853.4327405230802,-2354.4032006504144,2564.9578128448093,-11266.959468024881,1.4372160013705928,7.409893992932862,43,71,60.56338028169014,17.282705319030555,-18.204012333631347,2.2385013652352064,,0.880915424985862,2
30,0.3,0.1,0.6,0.5,20,20,20000,63166.19818338497,43166.19818338497,215.83099091692483,21.282088761033435,0.8508253239012514,0.7291154131050913,-36.84054663100963,0.5776811341642731,23.671859177138703,151,110,41,72.84768211920529,1083.1625305313003,-1827.9409798794613,2671.1074176506118,-7609.861705145576,1.5897919274243708,9.47682119205298,32,71,45.07042253521127,16.506773059835922,-15.602917122068316,1.8678472901561889,,0.8519273409675076,239
30,0.28,0.1,0.5,0.7,22,20,20000,59507.36253434267,39507.36253434267,197.53681267171334,20.073980192595098,0.8462911155329923,0.7207304554883939,-32.77208320604883,0.6125329313484102,22.211381171005772,169,121,48,71.59763313609467,1000.036020897032,-1666.9519998791266,2456.3648904555916,-7598.472448651138,1.5122955767137054,6.372781065088757,35,71,49.29577464788733,12.396743738904181,-16.925116820997886,1.7410669876912883,,0.8170090279847066,576
30,0.28,0.1,0.5,0.9,22,20,20000,59507.36253434267,39507.36253434267,197.53681267171334,20.073980192595098,0.8462911155329923,0.7207304554883939,-32.77208320604883,0.6125329313484102,22.211381171005772,169,121,48,71.59763313609467,1000.036020897032,-1666.9519998791266,2456.3648904555916,-7598.472448651138,1.5122955767137054,6.372781065088757,35,71,49.29577464788733,12.396743738904181,-16.925116820997886,1.7410669876912883,,0.8084644260834482,477
30,0.28,0.1,0.5,0.9,22,20,20000,59507.36253434267,39507.36253434267,197.53681267171334,20.073980192595098,0.8462911155329923,0.7207304554883939,-32.77208320604883,0.6125329313484102,22.211381171005772,169,121,48,71.59763313609467,1000.036020897032,-1666.9519998791266,2456.3648904555916,-7598.472448651138,1.5122955767137054,6.372781065088757,35,71,49.29577464788733,12.396743738904181,-16.925116820997886,1.7410669876912883,,0.8084644260834482,477
30,0.28,0.1,0.5,0.7,22,20,20000,59507.36253434267,39507.36253434267,197.53681267171334,20.073980192595098,0.8462911155329923,0.7207304554883939,-32.77208320604883,0.6125329313484102,22.211381171005772,169,121,48,71.59763313609467,1000.036020897032,-1666.9519998791266,2456.3648904555916,-7598.472448651138,1.5122955767137054,6.372781065088757,35,71,49.29577464788733,12.396743738904181,-16.925116820997886,1.7410669876912883,,0.8170090279847066,576
30,0.28,0.1,0.5,0.9,22,20,20000,59507.36253434267,39507.36253434267,197.53681267171334,20.073980192595098,0.8462911155329923,0.7207304554883939,-32.77208320604883,0.6125329313484102,22.211381171005772,169,121,48,71.59763313609467,1000.036020897032,-1666.9519998791266,2456.3648904555916,-7598.472448651138,1.5122955767137054,6.372781065088757,35,71,49.29577464788733,12.396743738904181,-16.925116820997886,1.7410669876912883,,0.8084644260834482,477
30,0.28,0.1,0.5,0.9,22,20,20000,59507.36253434267,39507.36253434267,197.53681267171334,20.073980192595098,0.8462911155329923,0.7207304554883939,-32.77208320604883,0.6125329313484102,22.211381171005772,169,121,48,71.59763313609467,1000.036020897032,-1666.9519998791266,2456.3648904555916,-7598.472448651138,1.5122955767137054,6.372781065088757,35,71,49.29577464788733,12.396743738904181,-16.925116820997886,1.7410669876912883,,0.8084644260834482,477
35,0.3,0.12,0.5,0.9,22,20,20000,61115.32690851429,41115.32690851429,205.57663454257144,20.612317393799206,0.8435431117448107,0.7497375339606736,-31.75365516617034,0.6491321167888453,23.035042103520954,140,112,28,80.0,936.2539774622767,-2244.2042345450195,2761.894117475894,-9481.53482197554,1.6687500416415335,10.635714285714286,34,71,47.88732394366197,17.546222954291224,-15.37134741737638,1.8212819283620267,,0.8131737075470257,374
30,0.3,0.12,0.6,0.9,20,20,20000,66776.54055661996,46776.54055661996,233.88270278309983,22.41838612297753,0.8435165208665117,0.7435549666787867,-39.24095271742469,0.5713007603157094,25.524637340954133,157,118,39,75.15923566878982,1160.1786142775895,-2277.185536618856,3344.1973482003814,-10494.543597075963,1.5415011012416961,9.54140127388535,32,71,45.07042253521127,18.216308154786876,-15.776751769856212,1.9850046571005848,,0.8420820607707087,373
30,0.3,0.16,0.6,0.7,20,20,20000,73536.32084444066,53536.32084444066,267.6816042222033,24.41501105088466,0.8419600642821773,0.7506104187352428,-41.03132325150921,0.5950334796961888,28.44740215332429,171,119,52,69.5906432748538,1351.8774712214365,-2025.7999659790355,3967.796291398154,-12037.570667485359,1.52715946764653,9.953216374269006,33,71,46.478873239436616,18.10288838480374,-18.021434365457413,2.197347412137534,,0.7849996405553784,95
30,0.3,0.08,0.6,0.7,20,20,20000,58473.108676450196,38473.108676450196,192.365543382251,19.721285399838308,0.8411061001768796,0.7030330423713117,-31.31631183419784,0.6297448276876076,21.92593374602638,132,99,33,75.0,1108.2796949655053,-2133.5782159131722,2381.443124523815,-9858.589534521772,1.5583394412721274,9.386363636363637,33,71,46.478873239436616,16.18451274586512,-14.576112528642483,1.7155617537112602,,0.8644570380893913,371
30,0.3,0.08,0.6,0.9,20,20,20000,58473.108676450196,38473.108676450196,192.365543382251,19.721285399838308,0.8411061001768796,0.7030330423713117,-31.31631183419784,0.6297448276876076,21.92593374602638,132,99,33,75.0,1108.2796949655053,-2133.5782159131722,2381.443124523815,-9858.589534521772,1.5583394412721274,9.386363636363637,33,71,46.478873239436616,16.18451274586512,-14.576112528642483,1.7155617537112602,,0.852479030680845,295
35,0.26,0.16,0.6,0.7,22,20,20000,65946.06126524316,45946.06126524316,229.7303063262158,22.161618071458378,0.8391003164327506,0.7599268747829454,-33.78397660080857,0.6559801509845934,25.35735548807379,143,104,39,72.72727272727273,1118.8861078826792,-1759.5921526809059,3299.7702621608014,-9758.990035452154,1.695674922817313,12.0,34,71,47.88732394366197,14.049894211417936,-15.547023817139415,1.936288649995438,,0.8114620273585579,410
35,0.26,0.16,0.6,0.7,22,20,20000,65946.06126524316,45946.06126524316,229.7303063262158,22.161618071458378,0.8391003164327506,0.7599268747829454,-33.78397660080857,0.6559801509845934,25.35735548807379,143,104,39,72.72727272727273,1118.8861078826792,-1759.5921526809059,3299.7702621608014,-9758.990035452154,1.695674922817313,12.0,34,71,47.88732394366197,14.049894211417936,-15.547023817139415,1.936288649995438,,0.8114620273585579,410
35,0.26,0.1,0.55,0.9,22,20,20000,56642.42751081071,36642.42751081071,183.21213755405356,19.08406595409371,0.838559057358154,0.712169429854358,-29.603810155722936,0.6446489777399287,21.15457001932649,124,101,23,81.45161290322581,904.2156363538844,-2339.667467866585,2181.4835124413576,-9208.811071280654,1.697115555875894,10.806451612903226,36,71,50.70422535211267,16.32150839453468,-15.194092264896552,1.6662763445659685,,0.8024736540434629,272
35,0.26,0.1,0.55,0.9,22,20,20000,56642.42751081071,36642.42751081071,183.21213755405356,19.08406595409371,0.838559057358154,0.712169429854358,-29.603810155722936,0.6446489777399287,21.15457001932649,124,101,23,81.45161290322581,904.2156363538844,-2339.667467866585,2181.4835124413576,-9208.811071280654,1.697115555875894,10.806451612903226,36,71,50.70422535211267,16.32150839453468,-15.194092264896552,1.6662763445659685,,0.8024736540434629,272
35,0.26,0.08,0.55,0.5,22,20,20000,52619.42051505471,32619.420515054713,163.09710257527357,17.621176280059903,0.8383228100978015,0.6833993895900192,-30.348468325599924,0.5806281915452012,19.216614479458062,132,106,26,80.3030303030303,763.0612144677652,-1830.548777635704,1946.6607252609388,-6257.266896191783,1.6994586062801367,10.5,36,71,50.70422535211267,15.73180595320267,-12.592638176855663,1.5363414909136166,,0.7657391117709904,93
35,0.26,0.12,0.6,0.7,22,20,20000,59619.85082037314,39619.85082037314,198.0992541018657,20.11203195372795,0.8371015442691351,0.7415585471241551,-29.606636945027766,0.6793082237293969,22.59547874175083,126,97,29,76.98412698412699,1003.1853602017142,-1953.463073075625,2762.1624411288226,-8209.327943469762,1.7177094940415563,11.46031746031746,36,71,50.70422535211267,17.5805218529254,-14.225120530536284,1.760198928450819,,0.8226493352824258,563
35,0.26,0.12,0.6,0.7,22,20,20000,59619.85082037314,39619.85082037314,198.0992541018657,20.11203195372795,0.8371015442691351,0.7415585471241551,-29.606636945027766,0.6793082237293969,22.59547874175083,126,97,29,76.98412698412699,1003.1853602017142,-1953.463073075625,2762.1624411288226,-8209.327943469762,1.7177094940415563,11.46031746031746,36,71,50.70422535211267,17.5805218529254,-14.225120530536284,1.760198928450819,,0.8226493352824258,563
35,0.24,0.14,0.55,0.5,22,20,20000,61003.84693590442,41003.84693590442,205.0192346795221,20.575377225692783,0.8362569781475679,0.7259177952004622,-31.13321791071601,0.6608818042741019,23.270158609958436,150,115,35,76.66666666666667,898.7877491762038,-1735.8984062673921,2935.093935152475,-8196.262690410456,1.7012284455305537,10.853333333333333,34,71,47.88732394366197,18.286758885022316,-16.86233255086701,1.8196716156266834,,0.8175655710916048,340
35,0.3,0.08,0.5,0.7,24,20,20000,52298.50283355681,32298.502833556813,161.49251416778407,17.500514818635505,0.8355062395275831,0.7174870635613358,-27.957465402787935,0.6259692917974725,19.130742342002353,126,97,29,76.98412698412699,786.5137365249861,-1496.3906761850592,1894.993105596995,-5298.645313192481,1.7580655137242316,9.563492063492063,32,71,45.07042253521127,11.785941866760762,-12.46322154663484,1.5092304516678032,,0.8574017033545362,367
35,0.3,0.08,0.55,0.7,22,20,20000,52854.48631407066,32854.48631407066,164.2724315703533,17.70917040048472,0.8341313463611235,0.720505684642785,-28.014020748051983,0.6321538261056713,19.451078657355623,119,95,24,79.83193277310924,837.4166044891891,-1922.8162963500893,2146.169931823944,-8445.83456408866,1.7239161461906234,10.621848739495798,35,71,49.29577464788733,16.86655449993324,-15.782142454009406,1.5510569173526496,,0.8189995759320192,510
35,0.28,0.08,0.6,0.5,22,20,20000,51900.18601076886,31900.186010768863,159.50093005384431,17.349892136783417,0.8323394573496244,0.7093247412754152,-25.598186578970278,0.6777781732021949,19.028898642634097,120,95,25,79.16666666666666,814.5853691426416,-1796.4849623112862,1788.4749431866198,-7011.893785840192,1.7230449837774253,11.333333333333334,36,71,50.70422535211267,11.891894192687102,-14.192237662181906,1.4943244338183732,,0.8360331876008288,250
30,0.3,0.12,0.55,0.9,20,20,20000,65612.09082197682,45612.09082197682,228.06045410988406,22.057601718441067,0.8319730619694449,0.7292978684437857,-37.64299735136633,0.5859682615746974,25.521704241212934,156,115,41,73.71794871794873,1236.3562828596987,-2320.9678465094726,3289.808042084373,-10494.543597075963,1.4941303919743272,9.096153846153847,32,71,45.07042253521127,18.1184087920824,-15.572759079804388,1.9531598734268503,,0.82528552249167,444
30,0.3,0.12,0.55,0.9,20,20,20000,65612.09082197682,45612.09082197682,228.06045410988406,22.057601718441067,0.8319730619694449,0.7292978684437857,-37.64299735136633,0.5859682615746974,25.521704241212934,156,115,41,73.71794871794873,1236.3562828596987,-2320.9678465094726,3289.808042084373,-10494.543597075963,1.4941303919743272,9.096153846153847,32,71,45.07042253521127,18.1184087920824,-15.572759079804388,1.9531598734268503,,0.82528552249167,444
35,0.3,0.1,0.55,0.3,22,20,20000,55076.205052494675,35076.205052494675,175.38102526247337,18.525146312054265,0.8306000156116754,0.7135331395925759,-30.033376476096507,0.6168186359864793,20.66549650768004,122,94,28,77.04918032786885,961.6118410051055,-1950.4288572137536,2312.0415112930527,-5565.6061350639475,1.6551582035070795,10.614754098360656,34,71,47.88732394366197,18.558920306138795,-20.852875267086024,1.654604549789461,,0.8310407492186491,122
30,0.3,0.12,0.5,0.7,24,15,20000,74880.67101883481,54880.67101883481,274.403355094174,24.793744996021072,0.8302205341095417,0.8832108463635185,-45.36157632025113,0.5465803220985556,29.651838766749695,347,226,121,65.12968299711815,1057.3579138563914,-1487.8307232455325,4676.092433412874,-12222.7622548719,1.3273686813721373,5.821325648414986,43,71,60.56338028169014,18.267382266024292,-16.249003977454034,2.240650406247571,,0.9128841610579108,318
35,0.3,0.08,0.55,0.5,22,20,20000,52474.98597242516,32474.98597242516,162.37492986212578,17.56694651434565,0.8300813430865658,0.7103112104169472,-28.204537868114564,0.622841139836764,19.38581664035103,116,90,26,77.58620689655173,879.7784934368085,-1774.9491706495187,2146.169931823944,-7011.893785840192,1.7157601710653252,10.724137931034482,34,71,47.88732394366197,16.454347889226327,-14.395067793296768,1.534874722841123,,0.8131374563157664,277
35,0.3,0.08,0.55,0.5,22,20,20000,52474.98597242516,32474.98597242516,162.37492986212578,17.56694651434565,0.8300813430865658,0.7103112104169472,-28.204537868114564,0.622841139836764,19.38581664035103,116,90,26,77.58620689655173,879.7784934368085,-1774.9491706495187,2146.169931823944,-7011.893785840192,1.7157601710653252,10.724137931034482,34,71,47.88732394366197,16.454347889226327,-14.395067793296768,1.534874722841123,,0.8131374563157664,277
35,0.3,0.08,0.55,0.5,22,20,20000,52474.98597242516,32474.98597242516,162.37492986212578,17.56694651434565,0.8300813430865658,0.7103112104169472,-28.204537868114564,0.622841139836764,19.38581664035103,116,90,26,77.58620689655173,879.7784934368085,-1774.9491706495187,2146.169931823944,-7011.893785840192,1.7157601710653252,10.724137931034482,34,71,47.88732394366197,16.454347889226327,-14.395067793296768,1.534874722841123,,0.8131374563157664,277
35,0.28,0.16,0.6,0.9,22,20,20000,66522.35906685588,46522.359066855875,232.61179533427935,22.340081716515957,0.828943466209612,0.7647936078956049,-34.0497632044602,0.6561009420937652,26.059739896672234,155,115,40,74.19354838709677,1022.6094681869163,-1737.6507443659793,3509.8716348597814,-9758.990035452154,1.691940817549104,12.096774193548388,35,71,49.29577464788733,19.814883053794286,-15.802162961043187,1.9718677644348948,,0.8237414490263562,282
35,0.28,0.1,0.55,0.7,22,20,20000,56327.26556636347,36327.26556636347,181.63632783181737,18.972640619590276,0.8281733264059223,0.7221679146366331,-31.92289344110572,0.5943270980305323,21.35613357915478,122,98,24,80.32786885245902,961.5801641760454,-2379.6121051203686,2253.91359376583,-10533.09908740743,1.650038814562835,10.934426229508198,35,71,49.29577464788733,17.69385635644085,-17.26240252481436,1.6752089403666626,,0.8134958550969894,754
35,0.28,0.1,0.55,0.7,22,20,20000,56327.26556636347,36327.26556636347,181.63632783181737,18.972640619590276,0.8281733264059223,0.7221679146366331,-31.92289344110572,0.5943270980305323,21.35613357915478,122,98,24,80.32786885245902,961.5801641760454,-2379.6121051203686,2253.91359376583,-10533.09908740743,1.650038814562835,10.934426229508198,35,71,49.29577464788733,17.69385635644085,-17.26240252481436,1.6752089403666626,,0.8134958550969894,754
30,0.3,0.08,0.55,0.5,22,15,20000,68916.07645184809,48916.07645184809,244.58038225924042,23.067851641009483,0.8276218582909913,0.8494684331367721,-37.995462072907536,0.6071212292864282,27.21719934027093,293,202,91,68.94197952218431,870.0768074100831,-1370.6542708240495,3207.3778216688465,-7070.768285426822,1.4090929623100827,6.791808873720137,44,71,61.97183098591549,15.380206899865145,-14.90661077277694,2.034089875660667,,0.8879209210519212,238
30,0.3,0.08,0.55,0.5,22,15,20000,68916.07645184809,48916.07645184809,244.58038225924042,23.067851641009483,0.8276218582909913,0.8494684331367721,-37.995462072907536,0.6071212292864282,27.21719934027093,293,202,91,68.94197952218431,870.0768074100831,-1370.6542708240495,3207.3778216688465,-7070.768285426822,1.4090929623100827,6.791808873720137,44,71,61.97183098591549,15.380206899865145,-14.90661077277694,2.034089875660667,,0.8879209210519212,238
30,0.3,0.08,0.55,0.5,22,15,20000,68916.07645184809,48916.07645184809,244.58038225924042,23.067851641009483,0.8276218582909913,0.8494684331367721,-37.995462072907536,0.6071212292864282,27.21719934027093,293,202,91,68.94197952218431,870.0768074100831,-1370.6542708240495,3207.3778216688465,-7070.768285426822,1.4090929623100827,6.791808873720137,44,71,61.97183098591549,15.380206899865145,-14.90661077277694,2.034089875660667,,0.8879209210519212,238
35,0.26,0.14,0.55,0.7,22,20,20000,61329.950906370694,41329.950906370694,206.6497545318535,20.68327789494342,0.8262736005827616,0.7272280978986229,-34.91989196892408,0.5923064685695445,23.815629476818224,138,105,33,76.08695652173914,1050.1681745695191,-2046.397194649353,3232.020209546317,-11094.557137721578,1.6328424416085352,11.246376811594203,34,71,47.88732394366197,19.77192329398154,-16.883135725373442,1.8365501521613345,,0.8127796978099023,542
35,0.26,0.14,0.55,0.7,22,20,20000,61329.950906370694,41329.950906370694,206.6497545318535,20.68327789494342,0.8262736005827616,0.7272280978986229,-34.91989196892408,0.5923064685695445,23.815629476818224,138,105,33,76.08695652173914,1050.1681745695191,-2046.397194649353,3232.020209546317,-11094.557137721578,1.6328424416085352,11.246376811594203,34,71,47.88732394366197,19.77192329398154,-16.883135725373442,1.8365501521613345,,0.8127796978099023,542
35,0.26,0.14,0.55,0.7,22,20,20000,61329.950906370694,41329.950906370694,206.6497545318535,20.68327789494342,0.8262736005827616,0.7272280978986229,-34.91989196892408,0.5923064685695445,23.815629476818224,138,105,33,76.08695652173914,1050.1681745695191,-2046.397194649353,3232.020209546317,-11094.557137721578,1.6328424416085352,11.246376811594203,34,71,47.88732394366197,19.77192329398154,-16.883135725373442,1.8365501521613345,,0.8127796978099023,542
35,0.26,0.12,0.6,0.9,24,20,20000,55936.81072620527,35936.81072620527,179.68405363102636,18.833873663935652,0.8260332990077756,0.727842350882624,-34.363845063274326,0.5480723600416875,21.235750916439994,135,103,32,76.29629629629629,912.4291040854774,-1780.0152185812103,2684.982029590081,-8086.841725831554,1.6499191400824196,10.940740740740742,34,71,47.88732394366197,15.145527536638536,-14.528474370461531,1.6421241976969108,,0.8541258646843013,429
30,0.3,0.08,0.5,0.3,22,20,20000,53175.93189088925,33175.93189088925,165.87965945444628,17.82897407274273,0.8249451749240376,0.67099703565096,-29.473276893863943,0.6049199801211976,19.910499434337808,163,121,42,74.23312883435584,832.2249060693517,-1584.6995653214808,2219.778344214176,-5647.113498573283,1.512968374003422,6.331288343558282,35,71,49.29577464788733,12.731807488919822,-17.89589188689519,1.5779988293048228,,0.8504205735477578,91
35,0.3,0.08,0.5,0.3,18,10,20000,70668.05449304191,50668.05449304191,253.34027246520958,23.587291846142566,0.8246187094633103,0.9066168395872325,-33.085504629669835,0.7129192106984027,28.15541690017523,235,187,48,79.57446808510639,846.7921369734297,-2250.5045486774075,2544.3910795871416,-5855.473071873755,1.4658761901034192,11.191489361702128,46,71,64.7887323943662,17.065322049134114,-18.626496076285214,2.129402124546031,,0.6363505208979726,3
30,0.3,0.12,0.6,0.7,20,20,20000,65096.4782938623,45096.4782938623,225.4823914693115,21.896143673920854,0.8225927705981069,0.716527738318041,-39.46330384850739,0.5548482143810427,25.71781045012113,151,111,40,73.50993377483444,1208.687060848085,-2194.3896365068736,3228.6221077686114,-10889.64890124942,1.5284918129638319,9.682119205298013,33,71,46.478873239436616,17.998126519901938,-16.441771580684595,1.9567623550088846,,0.8434606883494122,426
35,0.3,0.1,0.55,0.7,24,20,20000,55364.79301800769,35364.79301800769,176.82396509003843,18.62911687575597,0.8201878487092478,0.7162059353809288,-34.149977764601566,0.5455089020604321,21.155451887191436,119,89,30,74.78991596638656,1008.8820507282695,-1789.3169832269373,2256.288155120651,-6754.58561343632,1.6727146607059646,10.563025210084033,32,71,45.07042253521127,14.124330637060002,-14.139773570086112,1.6275271522194383,,0.8392149645344438,535
35,0.3,0.1,0.55,0.9,24,20,20000,55364.79301800769,35364.79301800769,176.82396509003843,18.62911687575597,0.8201878487092478,0.7162059353809288,-34.149977764601566,0.5455089020604321,21.155451887191436,119,89,30,74.78991596638656,1008.8820507282695,-1789.3169832269373,2256.288155120651,-6754.58561343632,1.6727146607059646,10.563025210084033,32,71,45.07042253521127,14.124330637060002,-14.139773570086112,1.6275271522194383,,0.8276682865797391,441
35,0.3,0.1,0.55,0.7,24,20,20000,55364.79301800769,35364.79301800769,176.82396509003843,18.62911687575597,0.8201878487092478,0.7162059353809288,-34.149977764601566,0.5455089020604321,21.155451887191436,119,89,30,74.78991596638656,1008.8820507282695,-1789.3169832269373,2256.288155120651,-6754.58561343632,1.6727146607059646,10.563025210084033,32,71,45.07042253521127,14.124330637060002,-14.139773570086112,1.6275271522194383,,0.8392149645344438,535
35,0.24,0.12,0.6,0.7,24,20,20000,54611.78723401108,34611.78723401108,173.05893617005538,18.35687308875613,0.8197860592363438,0.719238208449295,-33.37055507719478,0.550091931233745,20.791121611486023,138,104,34,75.36231884057972,832.4449587311702,-1491.41142570678,2478.444950390844,-6721.3491900456775,1.7073103925701898,10.666666666666666,35,71,49.29577464788733,14.976885001441676,-13.351686076223402,1.5996136781594672,,0.8556806462983136,350
35,0.28,0.14,0.6,0.9,24,20,20000,58855.51277682161,38855.51277682161,194.27756388410808,19.852290918555248,0.8182166045765815,0.7278088949382799,-37.00195470397517,0.5365200589368455,22.950420651609537,143,104,39,72.72727272727273,1013.8427246325239,-1674.2853996143774,3078.8824984027683,-8709.632558011996,1.6147668728657336,10.979020979020978,34,71,47.88732394366197,15.755697012374759,-14.752411450483482,1.7489045570532782,,0.8485234849368649,365
35,0.24,0.14,0.55,0.7,22,20,20000,59517.46849533463,39517.46849533463,197.58734247667314,20.077401213611722,0.8167776081656034,0.705532594441736,-35.03251899449831,0.5731075523505684,23.338497254532705,133,106,27,79.69924812030075,994.7074560995436,-2381.4008093043267,2935.093935152475,-11094.557137721578,1.639853222252757,10.729323308270677,34,71,47.88732394366197,20.13459285172834,-17.26779840305005,1.793005198811294,,0.8137354813972559,440
35,0.18,0.1,0.45,0.9,24,20,20000,50229.28533481478,30229.285334814776,151.14642667407387,16.707367274493954,0.8158228813311506,0.6633795263920217,-24.93658535732169,0.6699941886625814,18.6527049633604,159,133,26,83.64779874213836,546.974391336345,-1566.1195658815002,1283.84850190075,-5827.064788735087,1.7865713751404673,7.823899371069182,33,71,46.478873239436616,12.449134896808234,-11.542229406701065,1.4357524432307764,,0.39596579184179015,4
30,0.24,0.12,0.6,0.7,20,20,20000,60177.92163675366,40177.92163675366,200.88960818376827,20.29993348081449,0.8151310276470748,0.6895259522279957,-33.949833598333,0.597939115725482,23.724826407261045,178,133,45,74.71910112359551,873.9018211545022,-1650.2426794843325,2518.903542340824,-7472.263040076063,1.5651427602941403,9.359550561797754,33,71,46.478873239436616,16.360232373587035,-14.96889602561814,1.7924381614218272,,0.8502753772221987,359
30,0.24,0.12,0.6,0.7,20,20,20000,60177.92163675366,40177.92163675366,200.88960818376827,20.29993348081449,0.8151310276470748,0.6895259522279957,-33.949833598333,0.597939115725482,23.724826407261045,178,133,45,74.71910112359551,873.9018211545022,-1650.2426794843325,2518.903542340824,-7472.263040076063,1.5651427602941403,9.359550561797754,33,71,46.478873239436616,16.360232373587035,-14.96889602561814,1.7924381614218272,,0.8502753772221987,359
35,0.26,0.12,0.6,0.5,20,20,20000,58638.994016832046,38638.994016832046,193.19497008416022,19.77820236155008,0.8150176912366085,0.7235509739604347,-31.237160838998605,0.633162612424674,22.970934413962663,114,89,25,78.0701754385965,1009.7933783551599,-2013.372666271085,2684.982029590081,-8643.29540976423,1.7854938070666888,12.736842105263158,35,71,49.29577464788733,13.229663005272263,-16.105561388626832,1.712188974844071,,0.8410802512722789,355
30,0.3,0.12,0.55,0.7,20,20,20000,64110.733082163504,44110.733082163504,220.5536654108175,21.584483626914764,0.814332813713495,0.7118970985514809,-38.37078728143733,0.5625238666227916,25.633985236315247,145,106,39,73.10344827586206,1325.551344841769,-2436.1361402836897,3186.220892048591,-12099.609890277132,1.4788913142876894,9.10344827586207,31,71,43.66197183098591,17.9853887576106,-16.604690711488267,1.9248903535922726,,0.828339760466561,505
30,0.3,0.1,0.6,0.7,20,20,20000,60090.07163465301,40090.07163465301,200.45035817326507,20.270450963857535,0.8141324284367365,0.7000737167910281,-37.82790291941033,0.5358597595812356,23.723013645057904,160,116,44,72.5,1022.0230514113612,-1759.9159620241983,2671.1074176506118,-9679.687912221707,1.5309960625433934,9.5875,32,71,45.07042253521127,16.506773059835922,-15.211575153621315,1.7906076438513272,,0.8527880946023157,449
35,0.3,0.12,0.5,0.7,22,20,20000,59305.48860471349,39305.48860471349,196.52744302356746,20.005541303669983,0.8122765228631348,0.7153245266351845,-35.62169611659476,0.5616111382846304,23.41048441343783,129,102,27,79.06976744186046,1031.1714170760222,-2406.1220717422466,2761.894117475894,-11127.6910426693,1.6190103196587622,10.689922480620154,34,71,47.88732394366197,19.082556086454304,-18.615462480136436,1.800020202137853,,0.8165574620545804,428
30,0.3,0.08,0.55,0.9,24,15,20000,63940.1471150644,43940.1471150644,219.700735575322,21.53014574759673,0.8121082610196848,0.8390846388174297,-40.51944060918572,0.5313534793152072,25.67205383885388,321,215,106,66.97819314641744,831.5817613007765,-1249.443694005681,3131.179764780041,-8667.39771935463,1.3499598769921735,5.906542056074766,43,71,60.56338028169014,15.961221644710765,-14.734320937661828,1.923397835928971,,0.9059222275632859,307
30,0.26,0.12,0.6,0.9,20,20,20000,61113.99545476861,41113.99545476861,205.56997727384302,20.611876532321816,0.8120736750573906,0.6961818084413982,-35.7402858251884,0.5767126942727286,24.30427054114649,169,127,42,75.14792899408283,987.6345269038336,-1966.8426062385279,2834.615254573962,-10494.543597075963,1.51838214152086,9.337278106508876,33,71,46.478873239436616,17.104051172883604,-15.566649457311787,1.820089292754662,,0.8478258766761025,438
30,0.26,0.12,0.6,0.9,20,20,20000,61113.99545476861,41113.99545476861,205.56997727384302,20.611876532321816,0.8120736750573906,0.6961818084413982,-35.7402858251884,0.5767126942727286,24.30427054114649,169,127,42,75.14792899408283,987.6345269038336,-1966.8426062385279,2834.615254573962,-10494.543597075963,1.51838214152086,9.337278106508876,33,71,46.478873239436616,17.104051172883604,-15.566649457311787,1.820089292754662,,0.8478258766761025,438
30,0.26,0.14,0.6,0.5,20,20,20000,64390.880065533325,44390.880065533325,221.95440032766663,21.6734602008231,0.8117097450891101,0.6993325751220861,-38.02052967717599,0.570046245669056,25.899057883918875,185,135,50,72.97297297297297,1013.8339814801418,-1806.4521486857113,3094.0415518474692,-9239.431215530638,1.5153192693135822,9.486486486486486,34,71,47.88732394366197,17.959017255393263,-16.98367317536128,1.936126348421564,,0.8373455545309854,360
35,0.28,0.14,0.45,0.5,22,20,20000,61178.98922959638,41178.98922959638,205.8949461479819,20.633387485802434,0.8105674416358507,0.7121438067969162,-35.53717310566288,0.5806142042996235,24.39958349206978,145,119,26,82.06896551724138,944.9480206039934,-2690.7971239338003,3071.137680502309,-9052.240024823259,1.6073134475751003,9.958620689655172,32,71,45.07042253521127,18.779705329401054,-16.85008773882155,1.8528916200038852,,0.6954418188365669,23
30,0.26,0.14,0.6,0.9,20,20,20000,64210.730497619974,44210.730497619974,221.05365248809986,21.61628055024987,0.8100092095706327,0.7053369829379982,-38.90833325057969,0.5555694306161987,25.887827094741244,170,124,46,72.94117647058823,1120.3404147172037,-2012.0039332024567,3094.0415518474692,-12576.416987819688,1.501014995357457,9.611764705882353,34,71,47.88732394366197,17.9942269116506,-17.083177139382144,1.9210938122240666,,0.8432212049604279,408
35,0.28,0.1,0.55,0.9,22,15,20000,67860.16965816505,47860.16965816505,239.30084829082526,22.7494565554466,0.8088356091815646,0.8630597479593638,-42.67823252438239,0.5330458927147386,27.67363619911103,216,169,47,78.24074074074075,911.3116753414249,-2225.5170952028834,3050.7068388918437,-10140.14094664606,1.4723967370413191,11.37037037037037,42,71,59.154929577464785,17.92722744140891,-16.281711569246703,2.0491135351718635,,0.8793208012104602,545
35,0.26,0.16,0.6,0.5,22,20,20000,63421.25536571454,43421.25536571454,217.1062768285727,21.364114768641286,0.8088107895488729,0.72950021468953,-34.35377088668554,0.6218855810359194,25.562036447944802,138,101,37,73.18840579710145,1118.6097338115007,-1832.6629121418082,3232.020209546317,-9970.309145053987,1.6661559668830348,11.920289855072463,34,71,47.88732394366197,13.925703326470828,-16.662109623625398,1.8843606145648804,,0.8185357833211929,339
30,0.3,0.1,0.5,0.9,20,20,20000,60339.90644928248,40339.90644928248,201.6995322464124,20.3542019026806,0.8076258062056194,0.6987705563941393,-36.408088785509065,0.5590571376210733,24.111458602676,148,116,32,78.37837837837837,1030.996928713475,-2442.251165046263,2631.4983572648403,-8893.939143468515,1.5302946396651838,8.364864864864865,32,71,45.07042253521127,17.40395125059686,-16.2701071916855,1.8133833751370683,,0.8329181085998227,366
30,0.3,0.1,0.5,0.9,20,20,20000,60339.90644928248,40339.90644928248,201.6995322464124,20.3542019026806,0.8076258062056194,0.6987705563941393,-36.408088785509065,0.5590571376210733,24.111458602676,148,116,32,78.37837837837837,1030.996928713475,-2442.251165046263,2631.4983572648403,-8893.939143468515,1.5302946396651838,8.364864864864865,32,71,45.07042253521127,17.40395125059686,-16.2701071916855,1.8133833751370683,,0.8329181085998227,366
30,0.3,0.1,0.5,0.9,20,20,20000,60339.90644928248,40339.90644928248,201.6995322464124,20.3542019026806,0.8076258062056194,0.6987705563941393,-36.408088785509065,0.5590571376210733,24.111458602676,148,116,32,78.37837837837837,1030.996928713475,-2442.251165046263,2631.4983572648403,-8893.939143468515,1.5302946396651838,8.364864864864865,32,71,45.07042253521127,17.40395125059686,-16.2701071916855,1.8133833751370683,,0.8329181085998227,366
45,0.28,0.12,0.5,0.7,18,10,20000,73713.89951921221,53713.89951921221,268.569497596061,24.465367642692335,0.806740837709003,0.9597791496957006,-41.607053572568965,0.5880100978556689,30.486117692349623,219,182,37,83.10502283105022,808.8012706712702,-2532.200199189928,2702.774763752015,-11227.782644701037,1.5711348072807612,16.726027397260275,47,71,66.19718309859155,23.527884068813766,-19.45360477949537,2.216202717742316,,0.806740837709003,1
30,0.3,0.12,0.55,0.9,24,15,20000,71714.29242230543,51714.29242230543,258.5714621115271,23.89239878344518,0.8064045382968028,0.8553560145528334,-45.455715859982554,0.5256192391082575,29.611996900404687,343,230,113,67.05539358600583,997.6530770069875,-1539.7939406132882,4676.092433412874,-11204.198733632575,1.3187617210479365,5.9533527696793005,43,71,60.56338028169014,18.571190820390804,-16.798784239535138,2.180992069080374,,0.8983907746413646,380
30,0.24,0.12,0.6,0.5,20,20,20000,59428.83977737848,39428.83977737848,197.1441988868924,20.047382562539816,0.8036502630871997,0.6766356371908862,-34.824533758332855,0.575668369364539,23.83699609825595,177,131,46,74.01129943502825,888.9996541356835,-1635.6807590086053,2518.903542340824,-7611.802399675485,1.5478059470953314,9.293785310734464,32,71,45.07042253521127,16.360232373587035,-15.523136266907889,1.7783773580052338,,0.8490858285895773,270
35,0.26,0.14,0.55,0.9,22,20,20000,59801.631241514384,39801.631241514384,199.00815620757191,20.173397275944293,0.8035948252505049,0.7146911559083962,-33.792333456746434,0.5969814810736841,24.017674054654066,135,104,31,77.03703703703704,1027.4944674315723,-2119.0804313344843,2983.4032703504467,-9764.718401354889,1.6266858786233218,11.185185185185185,34,71,47.88732394366197,18.030311084365014,-15.51350849637856,1.801609234902113,,0.8185178709887307,473
30,0.18,0.1,0.5,0.5,20,20,20000,53030.978553052315,33030.978553052315,165.1548927652616,17.775024380486816,0.8026086211665269,0.6510330790228757,-33.7169485572122,0.5271836610696096,20.57120580053947,171,139,32,81.28654970760235,646.7109345472014,-1711.0387921565184,1669.3388403447611,-7944.065232577043,1.6417807911876012,7.286549707602339,33,71,46.478873239436616,13.560938042253646,-15.382285432268027,1.558792702723804,,0.30627063393257864,11
30,0.3,0.14,0.45,0.5,18,20,20000,66275.76198080574,46275.761980805735,231.37880990402869,22.263875468103468,0.8020835987757045,0.6955220506136144,-42.970426131489425,0.5181208908651743,27.271876089355573,175,130,45,74.28571428571429,1241.8855701249597,-2517.285825231975,3779.7250778889306,-11042.502947101539,1.4252133742002955,8.137142857142857,31,71,43.66197183098591,20.95220891233678,-17.448793464507173,2.027939805723708,,0.549956296932285,5
35,0.3,0.14,0.55,0.7,22,20,20000,61073.888896244476,41073.888896244476,205.36944448122236,20.598592986150656,0.8013948772546189,0.7179280730044676,-34.78008251791737,0.5922525622398696,24.750353049643003,127,99,28,77.95275590551181,1142.0317609757212,-2531.509122869708,3071.137680502309,-11127.6910426693,1.595055682613522,11.15748031496063,34,71,47.88732394366197,19.834220396036105,-18.345971947501727,1.8542818597216115,,0.7722884144836312,229
30,0.24,0.14,0.6,0.9,20,20,20000,61737.565114529134,41737.565114529134,208.6878255726457,20.81747913435954,0.800815225260857,0.69283934230736,-39.31237090295077,0.5295401588917393,25.111289349639677,182,133,49,73.07692307692307,998.1983650157508,-1808.8452537258254,3094.0415518474692,-11342.697271569397,1.4978592317971078,9.532967032967033,34,71,47.88732394366197,18.011444069325133,-16.530004646176955,1.8560320680468827,,0.8452780854250757,336
35,0.28,0.14,0.6,0.7,20,20,20000,61134.36877220551,41134.36877220551,205.67184386102758,20.618621525594595,0.7982796598484297,0.7082684668890852,-32.307510940407305,0.638199010862415,24.927723277191443,120,97,23,80.83333333333333,1025.9954118491155,-2492.621138137328,3232.020209546317,-9306.726734122536,1.7359333362095692,13.333333333333334,35,71,49.29577464788733,16.88850566960727,-16.818378203884055,1.8273652099045246,,0.8368100964929296,423
30,0.26,0.14,0.6,0.7,20,20,20000,62693.68527354531,42693.68527354531,213.46842636772655,21.129398217850472,0.7961772702075525,0.6891641099853962,-39.258357479760086,0.5382140154168161,25.809639163955534,179,134,45,74.86033519553072,1021.87102491243,-2046.7496014382236,3094.0415518474692,-12182.324837174423,1.486701073546577,9.402234636871508,34,71,47.88732394366197,17.959017255393263,-17.291655963348006,1.893031892099807,,0.8378271525861479,465
30,0.26,0.14,0.6,0.7,20,20,20000,62693.68527354531,42693.68527354531,213.46842636772655,21.129398217850472,0.7961772702075525,0.6891641099853962,-39.258357479760086,0.5382140154168161,25.809639163955534,179,134,45,74.86033519553072,1021.87102491243,-2046.7496014382236,3094.0415518474692,-12182.324837174423,1.486701073546577,9.402234636871508,34,71,47.88732394366197,17.959017255393263,-17.291655963348006,1.893031892099807,,0.8378271525861479,465
30,0.26,0.14,0.6,0.7,20,20,20000,62693.68527354531,42693.68527354531,213.46842636772655,21.129398217850472,0.7961772702075525,0.6891641099853962,-39.258357479760086,0.5382140154168161,25.809639163955534,179,134,45,74.86033519553072,1021.87102491243,-2046.7496014382236,3094.0415518474692,-12182.324837174423,1.486701073546577,9.402234636871508,34,71,47.88732394366197,17.959017255393263,-17.291655963348006,1.893031892099807,,0.8378271525861479,465
30,0.26,0.14,0.6,0.7,20,20,20000,62693.68527354531,42693.68527354531,213.46842636772655,21.129398217850472,0.7961772702075525,0.6891641099853962,-39.258357479760086,0.5382140154168161,25.809639163955534,179,134,45,74.86033519553072,1021.87102491243,-2046.7496014382236,3094.0415518474692,-12182.324837174423,1.486701073546577,9.402234636871508,34,71,47.88732394366197,17.959017255393263,-17.291655963348006,1.893031892099807,,0.8378271525861479,465
30,0.26,0.14,0.6,0.7,20,20,20000,62693.68527354531,42693.68527354531,213.46842636772655,21.129398217850472,0.7961772702075525,0.6891641099853962,-39.258357479760086,0.5382140154168161,25.809639163955534,179,134,45,74.86033519553072,1021.87102491243,-2046.7496014382236,3094.0415518474692,-12182.324837174423,1.486701073546577,9.402234636871508,34,71,47.88732394366197,17.959017255393263,-17.291655963348006,1.893031892099807,,0.8378271525861479,465
30,0.26,0.14,0.6,0.7,20,20,20000,62693.68527354531,42693.68527354531,213.46842636772655,21.129398217850472,0.7961772702075525,0.6891641099853962,-39.258357479760086,0.5382140154168161,25.809639163955534,179,134,45,74.86033519553072,1021.87102491243,-2046.7496014382236,3094.0415518474692,-12182.324837174423,1.486701073546577,9.402234636871508,34,71,47.88732394366197,17.959017255393263,-17.291655963348006,1.893031892099807,,0.8378271525861479,465
30,0.26,0.14,0.6,0.7,20,20,20000,62693.68527354531,42693.68527354531,213.46842636772655,21.129398217850472,0.7961772702075525,0.6891641099853962,-39.258357479760086,0.5382140154168161,25.809639163955534,179,134,45,74.86033519553072,1021.87102491243,-2046.7496014382236,3094.0415518474692,-12182.324837174423,1.486701073546577,9.402234636871508,34,71,47.88732394366197,17.959017255393263,-17.291655963348006,1.893031892099807,,0.8378271525861479,465
30,0.26,0.1,0.55,0.7,20,20,20000,57101.72371043753,37101.72371043753,185.50861855218764,19.245529563162258,0.7944478396488162,0.6642831864223954,-36.69233219181657,0.5245109376681856,23.027080308391135,151,114,37,75.49668874172185,928.263899775447,-1824.2097530800868,2315.196830499887,-7194.57561031484,1.5678330493626693,8.913907284768213,34,71,47.88732394366197,15.89574131242506,-15.194857876137801,1.7047383431551433,,0.8181698041057807,269
30,0.3,0.12,0.55,0.5,22,15,20000,73727.3249901955,53727.3249901955,268.63662495097753,24.46917064305836,0.7934060425497492,0.8332089467530506,-43.429947473305404,0.5634169983304389,31.379665312055504,312,210,102,67.3076923076923,1017.2978372603359,-1536.4090277889675,4273.3704406730385,-8877.949739179334,1.3632025625268323,6.8076923076923075,43,71,60.56338028169014,18.128639447737903,-18.36638176169263,2.231663865410421,,0.8652454626728314,271
35,0.28,0.12,0.55,0.9,22,20,20000,57223.4911429351,37223.4911429351,186.1174557146755,19.288155075023393,0.7920618035819758,0.6983242320209584,-35.103842313622415,0.5494599395331269,23.182722071516306,146,115,31,78.76712328767124,893.9387634508324,-2083.050537222919,2761.894117475894,-10666.726674722484,1.5920038356249693,11.198630136986301,34,71,47.88732394366197,16.64261766039359,-16.954704842107127,1.7170498351214873,,0.8209734033153291,766
35,0.28,0.08,0.55,0.7,22,20,20000,50404.80721719893,30404.807217198933,152.02403608599465,16.775691157874807,0.7920322466871585,0.666355582169429,-31.540157700684844,0.5318835535660796,19.49140215488975,121,94,27,77.68595041322314,839.4791297902804,-1774.7159623365676,1788.4749431866198,-8445.83456408866,1.6468162266412212,10.760330578512397,34,71,47.88732394366197,16.45683985349411,-15.450933784573328,1.4811995657795867,,0.815567958898303,569
35,0.26,0.12,0.55,0.7,22,20,20000,56263.69360196167,36263.69360196167,181.31846800980836,18.950101926857933,0.7909300670023175,0.6837964964452053,-34.1474405286933,0.5549494086074944,22.726477900000827,144,112,32,77.77777777777779,882.7551948084316,-1922.4808817682037,2555.654561632336,-11094.557137721578,1.6071125653992502,11.069444444444445,35,71,49.29577464788733,18.165494436290388,-17.865107298063066,1.6954922716881342,,0.8173915634668464,595
35,0.26,0.12,0.55,0.7,22,20,20000,56263.69360196167,36263.69360196167,181.31846800980836,18.950101926857933,0.7909300670023175,0.6837964964452053,-34.1474405286933,0.5549494086074944,22.726477900000827,144,112,32,77.77777777777779,882.7551948084316,-1922.4808817682037,2555.654561632336,-11094.557137721578,1.6071125653992502,11.069444444444445,35,71,49.29577464788733,18.165494436290388,-17.865107298063066,1.6954922716881342,,0.8173915634668464,595
35,0.26,0.14,0.6,0.7,22,20,20000,58946.071500891514,38946.071500891514,194.73035750445757,19.883211112383048,0.7909287899206814,0.7011310593032544,-31.950324742237907,0.6223164012507737,24.133964738967123,132,97,35,73.48484848484848,1041.2192439172654,-1736.2227188309462,2983.4032703504467,-8209.327943469762,1.662036057019559,11.507575757575758,35,71,49.29577464788733,13.3551772512845,-15.375442862820854,1.7530587804329076,,0.8139482570403471,532
35,0.26,0.14,0.6,0.7,22,20,20000,58946.071500891514,38946.071500891514,194.73035750445757,19.883211112383048,0.7909287899206814,0.7011310593032544,-31.950324742237907,0.6223164012507737,24.133964738967123,132,97,35,73.48484848484848,1041.2192439172654,-1736.2227188309462,2983.4032703504467,-8209.327943469762,1.662036057019559,11.507575757575758,35,71,49.29577464788733,13.3551772512845,-15.375442862820854,1.7530587804329076,,0.8139482570403471,532
35,0.26,0.14,0.6,0.7,22,20,20000,58946.071500891514,38946.071500891514,194.73035750445757,19.883211112383048,0.7909287899206814,0.7011310593032544,-31.950324742237907,0.6223164012507737,24.133964738967123,132,97,35,73.48484848484848,1041.2192439172654,-1736.2227188309462,2983.4032703504467,-8209.327943469762,1.662036057019559,11.507575757575758,35,71,49.29577464788733,13.3551772512845,-15.375442862820854,1.7530587804329076,,0.8139482570403471,532
35,0.26,0.14,0.6,0.7,22,20,20000,58946.071500891514,38946.071500891514,194.73035750445757,19.883211112383048,0.7909287899206814,0.7011310593032544,-31.950324742237907,0.6223164012507737,24.133964738967123,132,97,35,73.48484848484848,1041.2192439172654,-1736.2227188309462,2983.4032703504467,-8209.327943469762,1.662036057019559,11.507575757575758,35,71,49.29577464788733,13.3551772512845,-15.375442862820854,1.7530587804329076,,0.8139482570403471,532
35,0.26,0.14,0.6,0.7,22,20,20000,58946.071500891514,38946.071500891514,194.73035750445757,19.883211112383048,0.7909287899206814,0.7011310593032544,-31.950324742237907,0.6223164012507737,24.133964738967123,132,97,35,73.48484848484848,1041.2192439172654,-1736.2227188309462,2983.4032703504467,-8209.327943469762,1.662036057019559,11.507575757575758,35,71,49.29577464788733,13.3551772512845,-15.375442862820854,1.7530587804329076,,0.8139482570403471,532
35,0.26,0.14,0.6,0.7,22,20,20000,58946.071500891514,38946.071500891514,194.73035750445757,19.883211112383048,0.7909287899206814,0.7011310593032544,-31.950324742237907,0.6223164012507737,24.133964738967123,132,97,35,73.48484848484848,1041.2192439172654,-1736.2227188309462,2983.4032703504467,-8209.327943469762,1.662036057019559,11.507575757575758,35,71,49.29577464788733,13.3551772512845,-15.375442862820854,1.7530587804329076,,0.8139482570403471,532
35,0.26,0.14,0.6,0.7,22,20,20000,58946.071500891514,38946.071500891514,194.73035750445757,19.883211112383048,0.7909287899206814,0.7011310593032544,-31.950324742237907,0.6223164012507737,24.133964738967123,132,97,35,73.48484848484848,1041.2192439172654,-1736.2227188309462,2983.4032703504467,-8209.327943469762,1.662036057019559,11.507575757575758,35,71,49.29577464788733,13.3551772512845,-15.375442862820854,1.7530587804329076,,0.8139482570403471,532
35,0.26,0.14,0.6,0.7,22,20,20000,58946.071500891514,38946.071500891514,194.73035750445757,19.883211112383048,0.7909287899206814,0.7011310593032544,-31.950324742237907,0.6223164012507737,24.133964738967123,132,97,35,73.48484848484848,1041.2192439172654,-1736.2227188309462,2983.4032703504467,-8209.327943469762,1.662036057019559,11.507575757575758,35,71,49.29577464788733,13.3551772512845,-15.375442862820854,1.7530587804329076,,0.8139482570403471,532
35,0.26,0.14,0.6,0.9,22,15,20000,71932.66231977634,51932.66231977634,259.6633115988817,23.955612702899565,0.7909176540417426,0.8518319566217909,-37.06360141866721,0.6463379646327148,30.65279023685134,229,167,62,72.92576419213974,985.4315652049629,-1775.7340172492293,4204.87744689733,-10317.357484898059,1.4947664330741588,12.152838427947598,42,71,59.154929577464785,17.151699696418476,-17.164228856699836,2.1713907952514826,,0.8870987264801408,409
30,0.26,0.1,0.4,0.3,22,10,20000,72116.95403467382,52116.95403467382,260.5847701733691,24.008837494020206,0.7899660310596942,0.872593382259803,-39.690489460111486,0.6049015222689261,30.855564076143892,424,308,116,72.64150943396226,699.4535751576691,-1368.605578568002,2444.1584427606003,-8808.090362185118,1.3569795904462087,5.929245283018868,43,71,60.56338028169014,18.997615056819583,-20.469700887577424,2.191703469913013,,0.5976663139975097,2
30,0.3,0.1,0.5,0.7,20,20,20000,59349.20596034143,39349.20596034143,196.74602980170715,20.02037870107458,0.7898651118533676,0.67861211481112,-37.777566987365404,0.5299541579205018,24.390646664770937,146,113,33,77.3972602739726,1049.9182466026264,-2369.4471486592474,2631.4983572648403,-8893.939143468515,1.517305251580422,8.431506849315069,32,71,45.07042253521127,17.673331365240163,-16.57438059676203,1.7958237318380483,,0.8453819890136285,450
30,0.3,0.1,0.5,0.7,20,20,20000,59349.20596034143,39349.20596034143,196.74602980170715,20.02037870107458,0.7898651118533676,0.67861211481112,-37.777566987365404,0.5299541579205018,24.390646664770937,146,113,33,77.3972602739726,1049.9182466026264,-2369.4471486592474,2631.4983572648403,-8893.939143468515,1.517305251580422,8.431506849315069,32,71,45.07042253521127,17.673331365240163,-16.57438059676203,1.7958237318380483,,0.8453819890136285,450
30,0.3,0.14,0.6,0.7,24,15,20000,72688.13079754521,52688.13079754521,263.440653987726,24.173081547168927,0.7892953967611069,0.8490604037172687,-47.72019400580555,0.5065587441708237,31.131141755209775,351,230,121,65.52706552706553,1054.0915203596546,-1530.4199907865711,4676.092433412874,-12491.888934309065,1.3092125369261423,6.054131054131054,43,71,60.56338028169014,18.943435897453178,-17.41389939443576,2.2429085209739896,,0.8753589866601109,144
35,0.28,0.14,0.55,0.5,24,20,20000,56774.55431072734,36774.55431072734,183.8727715536367,19.13062586843648,0.7882263304462712,0.6931732472800999,-34.343246721511726,0.5570418552318627,23.104918842231925,141,101,40,71.63120567375887,981.8122522707554,-1528.51207921547,2668.364831949066,-7238.376050818422,1.6218883518775182,10.446808510638299,32,71,45.07042253521127,16.28300837802097,-15.518081306865438,1.704745980646075,,0.8393876257583606,315
30,0.3,0.1,0.55,0.5,20,20,20000,58310.912044528915,38310.912044528915,191.5545602226446,19.665503992398214,0.7876013460581416,0.6761508477027746,-41.12688005442645,0.4781666872462316,23.94897266214965,151,113,38,74.83443708609272,1109.7094537496312,-2262.767269188928,2754.821852472195,-8938.373026092413,1.4583583233771518,8.66225165562914,32,71,45.07042253521127,17.933350562083984,-17.002611570833537,1.7640456928579562,,0.8337586352226245,289
35,0.28,0.1,0.5,0.9,22,20,20000,53375.6273852402,33375.6273852402,166.87813692620102,17.903097967792124,0.7873024613939806,0.6673053664250805,-35.08827377700992,0.5102302290950078,21.305537223935733,129,106,23,82.17054263565892,868.2871299008398,-2515.796016706466,2253.91359376583,-10140.14094664606,1.590618275026654,10.10077519379845,35,71,49.29577464788733,17.006309522038453,-17.048610690343956,1.5979811291898642,,0.8060250699575354,479
30,0.26,0.1,0.55,0.9,20,20,20000,56585.56696810872,36585.56696810872,182.92783484054357,19.06400115156144,0.7871236577190063,0.6596973853575246,-37.51290527432217,0.5081984722897714,23.053803006624264,148,112,36,75.67567567567568,946.8739778607905,-1895.5838486749894,2315.196830499887,-7194.57561031484,1.5540489835908937,8.871621621621621,35,71,49.29577464788733,15.867507199813469,-15.312842976116114,1.6905304008107302,,0.8225511420632136,233
35,0.24,0.14,0.55,0.9,22,20,20000,57408.578170691006,37408.578170691006,187.04289085345502,19.352801692407073,0.7870597443090694,0.688414782120278,-32.67725928479436,0.5922406626498347,23.49265213926164,137,109,28,79.56204379562044,918.2868398590463,-2183.349549069461,2795.3275572880716,-9764.718401354889,1.637282259847287,10.912408759124087,34,71,47.88732394366197,19.709736180997606,-15.839238805351153,1.7401607817212204,,0.8190013129844279,385
35,0.26,0.14,0.6,0.5,22,20,20000,58747.35717050136,38747.35717050136,193.73678585250678,19.815310555311317,0.7869972150501745,0.6941692080741136,-31.8141034767355,0.6228467374477968,24.20555709873879,133,100,33,75.18796992481202,1001.4464841477065,-1821.8391286142178,2983.4032703504467,-8209.327943469762,1.665726829518392,11.639097744360901,35,71,49.29577464788733,13.248919723483876,-16.387062441024014,1.7544226439033994,,0.813714888722299,412
35,0.26,0.14,0.6,0.5,22,20,20000,58747.35717050136,38747.35717050136,193.73678585250678,19.815310555311317,0.7869972150501745,0.6941692080741136,-31.8141034767355,0.6228467374477968,24.20555709873879,133,100,33,75.18796992481202,1001.4464841477065,-1821.8391286142178,2983.4032703504467,-8209.327943469762,1.665726829518392,11.639097744360901,35,71,49.29577464788733,13.248919723483876,-16.387062441024014,1.7544226439033994,,0.813714888722299,412
35,0.28,0.08,0.6,0.9,22,20,20000,49133.68493805848,29133.684938058483,145.66842469029243,16.27634383528158,0.7861147417205965,0.6734570959361376,-27.42037890800792,0.5935856645120318,18.958784289310447,112,89,23,79.46428571428571,836.5018731275214,-1946.3644247952582,1788.4749431866198,-6756.667651270928,1.6630485593043176,11.116071428571429,35,71,49.29577464788733,12.457746349961507,-14.814520239861452,1.4266356044279866,,0.8250790099878957,379
30,0.3,0.08,0.5,0.7,20,20,20000,55514.77416759407,35514.77416759407,177.57387083797036,18.682973097906384,0.7853040330214275,0.661142488794257,-35.79554590940377,0.5219356940439402,22.54577380273166,139,106,33,76.2589928057554,998.356691335775,-2103.770761030238,2123.1153554541866,-6553.362583162718,1.5243308657509667,8.201438848920864,32,71,45.07042253521127,15.638154527506277,-15.79811203729693,1.672968057221652,,0.8545050095632895,374
35,0.26,0.14,0.6,0.7,20,20,20000,59069.787876693015,39069.787876693015,195.34893938346508,19.925388757862518,0.7840321452369511,0.6968917846940553,-32.11075861104612,0.6205206485220867,24.507331747900057,125,98,27,78.4,984.4237324799842,-2083.6939965313077,2983.4032703504467,-7874.922621180608,1.7147880415588925,13.192,35,71,49.29577464788733,14.246780628306954,-16.297268900606255,1.7612750745067236,,0.8373839342111478,466
35,0.26,0.14,0.6,0.7,20,20,20000,59069.787876693015,39069.787876693015,195.34893938346508,19.925388757862518,0.7840321452369511,0.6968917846940553,-32.11075861104612,0.6205206485220867,24.507331747900057,125,98,27,78.4,984.4237324799842,-2083.6939965313077,2983.4032703504467,-7874.922621180608,1.7147880415588925,13.192,35,71,49.29577464788733,14.246780628306954,-16.297268900606255,1.7612750745067236,,0.8373839342111478,466
30,0.3,0.1,0.55,0.5,22,15,20000,68574.34658106382,48574.346581063815,242.87173290531908,22.965254438095783,0.7832850324692248,0.8127177831896887,-41.970015694187914,0.5471824124496588,29.483899238942808,300,212,88,70.66666666666667,906.7371393368087,-1603.4321245265846,3207.3778216688465,-7990.154765261401,1.3623353093018225,6.843333333333334,43,71,60.56338028169014,17.217787510871176,-19.8208724953595,2.086426796252284,,0.8814388633344081,285
30,0.3,0.14,0.6,0.7,24,20,20000,59303.419879655055,39303.419879655055,196.5170993982753,20.00483896577925,0.7829817209962263,0.7003322431900229,-40.208655164328256,0.4975256915214329,24.675193134082978,212,145,67,68.39622641509435,956.0468360378212,-1448.9488260571454,3429.1344511694406,-10149.659759126114,1.4279707800897754,6.1415094339622645,31,71,43.66197183098591,16.633701855821137,-15.98285125301706,1.793939280879659,,0.7982918136747468,169
30,0.22,0.12,0.6,0.9,20,20,20000,56587.2327695054,36587.2327695054,182.93616384752698,19.064589213825013,0.782484555041279,0.6603040724454504,-34.303150548981606,0.5557678787143067,23.246678592119615,171,130,41,76.0233918128655,834.2451910867858,-1703.8400505311342,2398.9557546103088,-7928.134158163335,1.552474176335443,9.09356725146199,32,71,45.07042253521127,15.875992834375975,-15.2898278588959,1.6961774209718463,,0.7979256860757414,102
35,0.28,0.12,0.4,0.9,22,20,20000,56575.24086995261,36575.24086995261,182.87620434976307,19.060355504358228,0.780975702613546,0.6734600257765204,-35.851309722954674,0.5316501866082279,23.30166651955293,140,120,20,85.71428571428571,904.4150726629327,-3538.123392479966,2761.894117475894,-8296.342969228597,1.533719950952311,8.564285714285715,34,71,47.88732394366197,15.494911439991021,-16.33566247477283,1.722125432096389,,0.6559388420319594,4
35,0.26,0.16,0.6,0.7,20,20,20000,60887.35739877121,40887.35739877121,204.43678699385606,20.536717009050154,0.780848567647082,0.7010886688693014,-37.430373982374206,0.5486644888645996,25.62324035187391,165,132,33,80.0,819.0587550074333,-1989.8726746124175,3232.020209546317,-8590.824677651572,1.6464546007537244,13.515151515151516,35,71,49.29577464788733,15.051150867639663,-17.402760517137107,1.83681441651536,,0.8345984296819541,359
30,0.26,0.1,0.6,0.9,24,20,20000,51552.22489421846,31552.22489421846,157.7611244710923,17.217522011583377,0.7781998116883384,0.661634864301422,-35.17889928905416,0.48942753637947317,20.61356346448709,193,141,52,73.05699481865285,739.768677575344,-1367.437666228942,2316.95887609135,-7831.672767836075,1.466912365679382,6.046632124352332,34,71,47.88732394366197,12.284829826779454,-13.838555161592192,1.5138265192917162,,0.8369324640317308,204
30,0.3,0.1,0.6,0.9,24,15,20000,64385.448828528795,44385.448828528795,221.92724414264399,21.67173826839772,0.7766272765190289,0.8099448259771231,-43.31922774986164,0.5002798848016615,27.702288110775058,315,211,104,66.98412698412697,901.8169309698977,-1375.8021500588393,3569.581351721026,-9905.597393548149,1.3298771278947124,6.095238095238095,43,71,60.56338028169014,16.311373574788114,-15.406424062224943,1.9755954695422562,,0.922762460566015,311
30,0.3,0.12,0.5,0.9,20,15,20000,73323.48304330144,53323.48304330144,266.61741521650725,24.35452239768974,0.7762908413811064,0.8285966864186765,-48.978062806009056,0.4972536887412728,32.354411054044704,246,185,61,75.20325203252033,978.8351712730957,-2058.8954695446073,4273.3704406730385,-8562.588578130846,1.441840304263273,9.329268292682928,41,71,57.74647887323944,19.823754407142214,-25.406731238373016,2.31989995908336,,0.9042486209843973,282
45,0.24,0.1,0.4,0.9,20,10,20000,65533.666911358596,45533.666911358596,227.66833455679296,22.033112430117853,0.7746008155412076,0.9119327615477397,-39.42513977287505,0.5588594626943311,28.39405306231057,256,226,30,88.28125,583.2093251088955,-2846.378531796494,1803.4201939287232,-9784.186552727659,1.5435439102966788,13.13671875,45,71,63.38028169014085,19.64594023616735,-18.926766248411,1.9521602324974248,,0.7746008155412076,1
35,0.28,0.14,0.6,0.5,22,20,20000,58139.99029088345,38139.99029088345,190.69995145441726,19.60658199929137,0.773337115593106,0.6919493173190896,-30.30031079024366,0.6470752770497805,24.497544228707003,144,112,32,77.77777777777779,890.8585796987746,-1890.9084573555997,3071.137680502309,-7622.947376079062,1.6489455197139387,11.784722222222221,36,71,50.70422535211267,14.338060325716807,-16.423207049931154,1.7353664412833234,,0.814137981840662,355
35,0.24,0.16,0.55,0.7,22,20,20000,58311.38034895358,38311.38034895358,191.55690174476788,19.66566523379729,0.7728342817230035,0.6825241263383492,-37.729557726884174,0.5212270277895289,24.621536563764074,156,120,36,76.92307692307693,920.5230124160656,-1937.5078094715036,3102.748480371791,-12737.880833881738,1.583689121864164,11.352564102564102,34,71,47.88732394366197,20.483945816711135,-19.04440554444178,1.7781986111346486,,0.8095818135223611,336
35,0.28,0.14,0.6,0.7,22,20,20000,58198.65048763593,38198.65048763593,190.99325243817967,19.62682020426927,0.7728314292567715,0.6928632479185676,-31.798655575447874,0.6172216984992087,24.55198984841635,134,102,32,76.11940298507463,991.6201134724096,-1931.45315895468,3071.137680502309,-7622.947376079062,1.6364824055085827,11.835820895522389,35,71,49.29577464788733,14.245858573187853,-15.409356163087494,1.7379513914141056,,0.8141045530409372,485
35,0.28,0.14,0.6,0.7,22,20,20000,58198.65048763593,38198.65048763593,190.99325243817967,19.62682020426927,0.7728314292567715,0.6928632479185676,-31.798655575447874,0.6172216984992087,24.55198984841635,134,102,32,76.11940298507463,991.6201134724096,-1931.45315895468,3071.137680502309,-7622.947376079062,1.6364824055085827,11.835820895522389,35,71,49.29577464788733,14.245858573187853,-15.409356163087494,1.7379513914141056,,0.8141045530409372,485
35,0.28,0.14,0.6,0.7,22,20,20000,58198.65048763593,38198.65048763593,190.99325243817967,19.62682020426927,0.7728314292567715,0.6928632479185676,-31.798655575447874,0.6172216984992087,24.55198984841635,134,102,32,76.11940298507463,991.6201134724096,-1931.45315895468,3071.137680502309,-7622.947376079062,1.6364824055085827,11.835820895522389,35,71,49.29577464788733,14.245858573187853,-15.409356163087494,1.7379513914141056,,0.8141045530409372,485
35,0.24,0.16,0.6,0.7,22,20,20000,58394.22437699477,38394.22437699477,191.97112188497383,19.694172229743103,0.7714308518949696,0.6902118240814663,-31.537833791603337,0.6244617927749527,24.728250015760903,157,117,40,74.52229299363057,859.9459063073274,-1500.3986665240598,2849.801590047965,-8539.116281020633,1.676448954580964,12.012738853503185,34,71,47.88732394366197,13.386534849550081,-15.070961222066348,1.7378804044770826,,0.8103586942399592,335
35,0.28,0.16,0.55,0.7,24,20,20000,58269.205509547464,38269.205509547464,191.34602754773732,19.65113973593755,0.7711840312087808,0.6973471114629822,-38.08324550149107,0.5160048592803927,24.663755774707727,163,119,44,73.00613496932516,910.7239377505261,-1554.546433699203,2924.441084354971,-8220.47062994156,1.5844456188598608,10.895705521472392,32,71,45.07042253521127,17.174935155666837,-16.402658953245087,1.7734975823308035,,0.839092180565834,282
35,0.3,0.12,0.6,0.7,24,20,20000,53735.74986532464,33735.74986532464,168.67874932662318,18.036188477686178,0.7709996331288228,0.6834176523389353,-36.4817957523685,0.4943887247248573,22.13192725307488,134,101,33,75.3731343283582,952.3160548033259,-1864.5173233276169,2711.149318490573,-9798.336627763498,1.5632272505474454,11.126865671641792,34,71,47.88732394366197,14.40590014596106,-17.044465536477794,1.6070710760354168,,0.8487307441485571,422
30,0.28,0.08,0.55,0.3,22,20,20000,49093.07267491384,29093.07267491384,145.46536337456922,16.260213282402148,0.7708563983074214,0.6113556932288564,-27.232273635190683,0.5970934891528858,19.45157485785169,165,123,42,74.54545454545455,726.4918629543768,-1412.1720587732025,1839.0728733613414,-4136.056107526748,1.5066034621773463,6.4787878787878785,35,71,49.29577464788733,10.532603555922782,-18.150486292921542,1.4474453411129726,,0.8367773613868059,113
35,0.3,0.1,0.6,0.9,24,20,20000,50902.65281012128,30902.652810121283,154.5132640506064,16.968411655581118,0.770621522473186,0.6678931565028832,-33.29797521311201,0.5095928970749948,20.51117904998991,121,90,31,74.3801652892562,966.8320809170814,-1787.0494991101912,2416.827363228265,-7920.551844221097,1.5707073862371546,10.84297520661157,33,71,46.478873239436616,14.015043027546813,-14.403203640605188,1.4994229618032022,,0.8483751619898932,360
35,0.3,0.08,0.55,0.9,22,20,20000,48659.048116176054,28659.048116176054,143.2952405808803,16.087128372856483,0.7696542964626794,0.6562002665088783,-29.854037201502464,0.5388593932631285,19.2183963438088,116,92,24,79.3103448275862,819.7962587603866,-1926.4878204074805,1894.993105596995,-8445.83456408866,1.631233943946478,10.577586206896552,34,71,47.88732394366197,13.141496591112013,-15.51201178769741,1.422373776992666,,0.8079109864249833,416
35,0.3,0.08,0.55,0.9,22,20,20000,48659.048116176054,28659.048116176054,143.2952405808803,16.087128372856483,0.7696542964626794,0.6562002665088783,-29.854037201502464,0.5388593932631285,19.2183963438088,116,92,24,79.3103448275862,819.7962587603866,-1926.4878204074805,1894.993105596995,-8445.83456408866,1.631233943946478,10.577586206896552,34,71,47.88732394366197,13.141496591112013,-15.51201178769741,1.422373776992666,,0.8079109864249833,416
35,0.24,0.12,0.6,0.5,22,20,20000,52477.82708925114,32477.827089251143,162.3891354462557,17.56801444443652,0.7679658275838542,0.6608780607142702,-31.00032263000977,0.566704245440009,21.5373716502817,144,115,29,79.86111111111111,746.8683817068393,-1802.4357519667346,2359.0657491990796,-7036.566808688365,1.6431761528630597,11.215277777777779,36,71,50.70422535211267,16.06697804617383,-16.444263235944444,1.566777141523036,,0.8296379450706447,304
35,0.3,0.08,0.5,0.5,22,20,20000,49534.78870062025,29534.78870062025,147.67394350310127,16.435062839635584,0.7676153313375024,0.6316319770833334,-32.717510131489746,0.5023323221597253,19.818402123632804,126,98,28,77.77777777777779,817.5597684857246,-1786.495307535026,1894.993105596995,-7011.893785840192,1.6017165998875338,10.325396825396826,34,71,47.88732394366197,16.463671667448022,-14.955209918380675,1.4692829309977264,,0.8213574669529571,232
30,0.3,0.08,0.5,0.9,20,15,20000,64962.37495646922,44962.37495646922,224.81187478234608,21.853976425573784,0.7668421761108549,0.795201186829059,-43.823353987427495,0.4986833374698678,28.576847770920956,231,179,52,77.48917748917748,815.9076436116426,-1916.0191009618197,2683.8716418366703,-6553.362583162718,1.4658544669033375,8.787878787878787,44,71,61.97183098591549,16.49317611316874,-25.056802652577048,2.039581266309205,,0.9059753784729672,263
30,0.3,0.1,0.55,0.7,24,15,20000,63374.2009325244,43374.2009325244,216.871004662622,21.349002810861005,0.7662240053296551,0.7960456597460953,-43.676755677424204,0.48879552704268175,27.753510461219594,316,207,109,65.50632911392405,931.2038166622323,-1344.134762537224,3569.581351721026,-9905.597393548149,1.3156663941136157,5.955696202531645,43,71,60.56338028169014,16.633177464529815,-14.847154077580694,1.959797985922768,,0.9115670053162991,463
30,0.3,0.1,0.55,0.9,24,15,20000,63374.2009325244,43374.2009325244,216.871004662622,21.349002810861005,0.7662240053296551,0.7960456597460953,-43.676755677424204,0.48879552704268175,27.753510461219594,316,207,109,65.50632911392405,931.2038166622323,-1344.134762537224,3569.581351721026,-9905.597393548149,1.3156663941136157,5.955696202531645,43,71,60.56338028169014,16.633177464529815,-14.847154077580694,1.959797985922768,,0.9011631677791154,380
30,0.3,0.1,0.6,0.9,24,20,20000,52682.82191872614,32682.821918726142,163.4141095936307,17.644942017756748,0.7643227391203316,0.6535145781401692,-36.85392822397839,0.47878049554230045,21.796582541935457,195,137,58,70.25641025641025,803.54322849478,-1310.6344893975604,2855.6650813768206,-7429.1980451611125,1.448172269105695,6.051282051282051,30,71,42.25352112676056,14.387693641030896,-14.511230810923081,1.5757778568998189,,0.8483751619898932,360
30,0.3,0.1,0.6,0.7,24,20,20000,52682.82191872614,32682.821918726142,163.4141095936307,17.644942017756748,0.7643227391203316,0.6535145781401692,-36.85392822397839,0.47878049554230045,21.796582541935457,195,137,58,70.25641025641025,803.54322849478,-1310.6344893975604,2855.6650813768206,-7429.1980451611125,1.448172269105695,6.051282051282051,30,71,42.25352112676056,14.387693641030896,-14.511230810923081,1.5757778568998189,,0.8596401729173465,441
30,0.3,0.1,0.6,0.9,24,20,20000,52682.82191872614,32682.821918726142,163.4141095936307,17.644942017756748,0.7643227391203316,0.6535145781401692,-36.85392822397839,0.47878049554230045,21.796582541935457,195,137,58,70.25641025641025,803.54322849478,-1310.6344893975604,2855.6650813768206,-7429.1980451611125,1.448172269105695,6.051282051282051,30,71,42.25352112676056,14.387693641030896,-14.511230810923081,1.5757778568998189,,0.8483751619898932,360
30,0.26,0.14,0.6,0.7,24,20,20000,56007.40662084155,36007.40662084155,180.03703310420778,18.85902289140695,0.7639802220588758,0.6643361855538891,-39.651854608577786,0.4756151528742675,23.733185543367448,205,138,67,67.31707317073172,932.3810820307044,-1340.5683984984403,2971.0972971402334,-9908.547123425837,1.4325466036818797,6.073170731707317,33,71,46.478873239436616,13.971528277994661,-16.680930593742193,1.688046828292212,,0.8409360562641653,457
30,0.26,0.14,0.6,0.7,24,20,20000,56007.40662084155,36007.40662084155,180.03703310420778,18.85902289140695,0.7639802220588758,0.6643361855538891,-39.651854608577786,0.4756151528742675,23.733185543367448,205,138,67,67.31707317073172,932.3810820307044,-1340.5683984984403,2971.0972971402334,-9908.547123425837,1.4325466036818797,6.073170731707317,33,71,46.478873239436616,13.971528277994661,-16.680930593742193,1.688046828292212,,0.8409360562641653,457
30,0.26,0.14,0.6,0.7,24,20,20000,56007.40662084155,36007.40662084155,180.03703310420778,18.85902289140695,0.7639802220588758,0.6643361855538891,-39.651854608577786,0.4756151528742675,23.733185543367448,205,138,67,67.31707317073172,932.3810820307044,-1340.5683984984403,2971.0972971402334,-9908.547123425837,1.4325466036818797,6.073170731707317,33,71,46.478873239436616,13.971528277994661,-16.680930593742193,1.688046828292212,,0.8409360562641653,457
30,0.26,0.14,0.6,0.7,24,20,20000,56007.40662084155,36007.40662084155,180.03703310420778,18.85902289140695,0.7639802220588758,0.6643361855538891,-39.651854608577786,0.4756151528742675,23.733185543367448,205,138,67,67.31707317073172,932.3810820307044,-1340.5683984984403,2971.0972971402334,-9908.547123425837,1.4325466036818797,6.073170731707317,33,71,46.478873239436616,13.971528277994661,-16.680930593742193,1.688046828292212,,0.8409360562641653,457
30,0.26,0.14,0.6,0.9,24,20,20000,56007.40662084155,36007.40662084155,180.03703310420778,18.85902289140695,0.7639802220588758,0.6643361855538891,-39.651854608577786,0.4756151528742675,23.733185543367448,205,138,67,67.31707317073172,932.3810820307044,-1340.5683984984403,2971.0972971402334,-9908.547123425837,1.4325466036818797,6.073170731707317,33,71,46.478873239436616,13.971528277994661,-16.680930593742193,1.688046828292212,,0.847378259425855,400
30,0.26,0.14,0.6,0.7,24,20,20000,56007.40662084155,36007.40662084155,180.03703310420778,18.85902289140695,0.7639802220588758,0.6643361855538891,-39.651854608577786,0.4756151528742675,23.733185543367448,205,138,67,67.31707317073172,932.3810820307044,-1340.5683984984403,2971.0972971402334,-9908.547123425837,1.4325466036818797,6.073170731707317,33,71,46.478873239436616,13.971528277994661,-16.680930593742193,1.688046828292212,,0.8409360562641653,457
30,0.26,0.14,0.6,0.7,24,20,20000,56007.40662084155,36007.40662084155,180.03703310420778,18.85902289140695,0.7639802220588758,0.6643361855538891,-39.651854608577786,0.4756151528742675,23.733185543367448,205,138,67,67.31707317073172,932.3810820307044,-1340.5683984984403,2971.0972971402334,-9908.547123425837,1.4325466036818797,6.073170731707317,33,71,46.478873239436616,13.971528277994661,-16.680930593742193,1.688046828292212,,0.8409360562641653,457
30,0.26,0.14,0.6,0.7,24,20,20000,56007.40662084155,36007.40662084155,180.03703310420778,18.85902289140695,0.7639802220588758,0.6643361855538891,-39.651854608577786,0.4756151528742675,23.733185543367448,205,138,67,67.31707317073172,932.3810820307044,-1340.5683984984403,2971.0972971402334,-9908.547123425837,1.4325466036818797,6.073170731707317,33,71,46.478873239436616,13.971528277994661,-16.680930593742193,1.688046828292212,,0.8409360562641653,457
30,0.26,0.14,0.6,0.7,24,20,20000,56007.40662084155,36007.40662084155,180.03703310420778,18.85902289140695,0.7639802220588758,0.6643361855538891,-39.651854608577786,0.4756151528742675,23.733185543367448,205,138,67,67.31707317073172,932.3810820307044,-1340.5683984984403,2971.0972971402334,-9908.547123425837,1.4325466036818797,6.073170731707317,33,71,46.478873239436616,13.971528277994661,-16.680930593742193,1.688046828292212,,0.8409360562641653,457
30,0.26,0.12,0.6,0.9,24,20,20000,53571.96980078224,33571.96980078224,167.85984900391117,17.975752579003014,0.7639291292694138,0.6492788510672703,-38.57840410159742,0.46595376344919076,22.334484000115722,208,151,57,72.59615384615384,784.9098712071909,-1450.8389605526925,2971.0972971402334,-9111.875316303785,1.4331863823646291,5.918269230769231,31,71,43.66197183098591,13.409178710968316,-15.130954365107296,1.605251400596889,,0.8541258646843013,429
30,0.26,0.12,0.6,0.7,24,20,20000,53571.96980078224,33571.96980078224,167.85984900391117,17.975752579003014,0.7639291292694138,0.6492788510672703,-38.57840410159742,0.46595376344919076,22.334484000115722,208,151,57,72.59615384615384,784.9098712071909,-1450.8389605526925,2971.0972971402334,-9111.875316303785,1.4331863823646291,5.918269230769231,31,71,43.66197183098591,13.409178710968316,-15.130954365107296,1.605251400596889,,0.8511089577034867,483
35,0.26,0.14,0.6,0.9,22,20,20000,56935.950356830515,36935.950356830515,184.67975178415256,19.187377721638832,0.7627605641007194,0.6823838974725086,-29.779478153186435,0.6443154451175553,24.316392500008273,118,91,27,77.11864406779661,1053.1407976887183,-2136.120823438621,2795.3275572880716,-7622.947376079062,1.6616450256051085,11.576271186440678,35,71,49.29577464788733,13.36307938083543,-15.375442862820854,1.7055403729504046,,0.8201221734444978,464
35,0.26,0.14,0.6,0.9,22,20,20000,56935.950356830515,36935.950356830515,184.67975178415256,19.187377721638832,0.7627605641007194,0.6823838974725086,-29.779478153186435,0.6443154451175553,24.316392500008273,118,91,27,77.11864406779661,1053.1407976887183,-2136.120823438621,2795.3275572880716,-7622.947376079062,1.6616450256051085,11.576271186440678,35,71,49.29577464788733,13.36307938083543,-15.375442862820854,1.7055403729504046,,0.8201221734444978,464
30,0.26,0.12,0.6,0.7,20,20,20000,57089.56317193966,37089.56317193966,185.44781585969832,19.24126853119674,0.7624648845012587,0.6456174995788937,-37.47803260471753,0.5134012431798449,24.428718852862787,170,126,44,74.11764705882354,957.208134239149,-1860.6286759589314,2834.615254573962,-10889.64890124942,1.4732095964086107,9.347058823529412,33,71,46.478873239436616,16.5401400126153,-17.136156075463592,1.7303124799871443,,0.8426571521504638,495
30,0.3,0.12,0.55,0.9,24,20,20000,55601.14869076083,35601.14869076083,178.00574345380414,18.71393410758,0.7619261430969846,0.658821323018446,-39.70895200982826,0.47127746164008966,23.596663905319065,193,135,58,69.94818652849742,936.4375430056033,-1534.6486140516477,3429.1344511694406,-9167.071691153924,1.4202854573760977,6.025906735751295,30,71,42.25352112676056,14.02261444381374,-15.379636279895603,1.6837055421223317,,0.8308085737461592,436
30,0.3,0.12,0.55,0.9,24,20,20000,55601.14869076083,35601.14869076083,178.00574345380414,18.71393410758,0.7619261430969846,0.658821323018446,-39.70895200982826,0.47127746164008966,23.596663905319065,193,135,58,69.94818652849742,936.4375430056033,-1534.6486140516477,3429.1344511694406,-9167.071691153924,1.4202854573760977,6.025906735751295,30,71,42.25352112676056,14.02261444381374,-15.379636279895603,1.6837055421223317,,0.8308085737461592,436
30,0.3,0.12,0.55,0.7,24,20,20000,55601.14869076083,35601.14869076083,178.00574345380414,18.71393410758,0.7619261430969846,0.658821323018446,-39.70895200982826,0.47127746164008966,23.596663905319065,193,135,58,69.94818652849742,936.4375430056033,-1534.6486140516477,3429.1344511694406,-9167.071691153924,1.4202854573760977,6.025906735751295,30,71,42.25352112676056,14.02261444381374,-15.379636279895603,1.6837055421223317,,0.832670570635956,498
35,0.3,0.12,0.55,0.9,22,20,20000,55054.3206074692,35054.3206074692,175.27160303734598,18.517243449003786,0.7612260128610904,0.6798752784092709,-32.54458293869059,0.5689808188320515,23.305044095106233,136,110,26,80.88235294117648,868.3639983008542,-2292.804584831717,2485.704705728305,-8296.342969228597,1.6023379006757545,11.294117647058824,34,71,47.88732394366197,20.288045165741053,-15.659611684237584,1.6784421834246694,,0.8053835892097146,513
35,0.3,0.12,0.55,0.9,22,20,20000,55054.3206074692,35054.3206074692,175.27160303734598,18.517243449003786,0.7612260128610904,0.6798752784092709,-32.54458293869059,0.5689808188320515,23.305044095106233,136,110,26,80.88235294117648,868.3639983008542,-2292.804584831717,2485.704705728305,-8296.342969228597,1.6023379006757545,11.294117647058824,34,71,47.88732394366197,20.288045165741053,-15.659611684237584,1.6784421834246694,,0.8053835892097146,513
30,0.24,0.14,0.6,0.7,20,20,20000,58521.9247982215,38521.9247982215,192.6096239911075,19.738048650944595,0.7608236787540897,0.650953524916188,-40.787776353940586,0.4839206844635369,25.326166239761605,179,128,51,71.50837988826815,1006.1808604111744,-1724.4338300864445,3094.0415518474692,-11830.30120588962,1.4644323401731623,9.547486033519553,32,71,45.07042253521127,17.793798831559048,-18.027289145766368,1.7867562252161924,,0.8416591197644041,383
30,0.24,0.14,0.6,0.7,20,20,20000,58521.9247982215,38521.9247982215,192.6096239911075,19.738048650944595,0.7608236787540897,0.650953524916188,-40.787776353940586,0.4839206844635369,25.326166239761605,179,128,51,71.50837988826815,1006.1808604111744,-1724.4338300864445,3094.0415518474692,-11830.30120588962,1.4644323401731623,9.547486033519553,32,71,45.07042253521127,17.793798831559048,-18.027289145766368,1.7867562252161924,,0.8416591197644041,383
30,0.24,0.14,0.6,0.7,20,20,20000,58521.9247982215,38521.9247982215,192.6096239911075,19.738048650944595,0.7608236787540897,0.650953524916188,-40.787776353940586,0.4839206844635369,25.326166239761605,179,128,51,71.50837988826815,1006.1808604111744,-1724.4338300864445,3094.0415518474692,-11830.30120588962,1.4644323401731623,9.547486033519553,32,71,45.07042253521127,17.793798831559048,-18.027289145766368,1.7867562252161924,,0.8416591197644041,383
30,0.24,0.14,0.6,0.7,20,20,20000,58521.9247982215,38521.9247982215,192.6096239911075,19.738048650944595,0.7608236787540897,0.650953524916188,-40.787776353940586,0.4839206844635369,25.326166239761605,179,128,51,71.50837988826815,1006.1808604111744,-1724.4338300864445,3094.0415518474692,-11830.30120588962,1.4644323401731623,9.547486033519553,32,71,45.07042253521127,17.793798831559048,-18.027289145766368,1.7867562252161924,,0.8416591197644041,383
30,0.26,0.12,0.6,0.5,22,15,20000,67332.8736365825,47332.8736365825,236.6643681829125,22.588910969437247,0.7605845181403343,0.7822672585747981,-41.37588006097485,0.5459439397095215,30.281224768747904,318,213,105,66.98113207547169,885.7270956513663,-1311.416168925317,3780.2892359799953,-7420.546377285402,1.3700919069972495,7.0251572327044025,44,71,61.97183098591549,16.842534713339475,-15.681530259636368,2.0500425102969206,,0.8892387796831739,352
30,0.26,0.08,0.6,0.7,20,20,20000,50354.01333085971,30354.013330859707,151.77006665429852,16.755939446840284,0.7605780398878849,0.6389584483529404,-33.90361807359677,0.49422275258254406,20.55444149650627,136,103,33,75.73529411764706,897.278739428483,-1852.9271766749669,2207.3046704943463,-8450.219601018662,1.5114448710476136,9.139705882352942,33,71,46.478873239436616,13.92961399421635,-14.555930112451342,1.4776803041013484,,0.8081473366107764,132
35,0.28,0.12,0.6,0.7,22,20,20000,54120.82546455001,34120.82546455001,170.60412732275006,18.17768219976219,0.7598242553235138,0.6784820690415899,-30.22560656931441,0.6014000796998564,22.819935052146956,129,98,31,75.96899224806202,931.7305181824586,-1816.3666231397024,2485.704705728305,-7036.566808688365,1.6216278326518834,11.457364341085272,36,71,50.70422535211267,13.15792237653115,-14.025941862922508,1.605954117565604,,0.8323947458170251,765
35,0.3,0.12,0.55,0.9,24,20,20000,53026.317972676756,33026.317972676756,165.1315898633838,17.77328773946827,0.759674585259902,0.6742148792540649,-36.560775629293595,0.4861299420909379,22.181793778697035,150,110,40,73.33333333333333,856.8610552438088,-1507.6024526035503,2544.0459681131056,-7676.074580756912,1.5629902285255308,10.806666666666667,33,71,46.478873239436616,13.746026566648762,-14.718102885299533,1.5818014177708466,,0.8308085737461592,436
30,0.3,0.1,0.5,0.9,24,15,20000,63029.75301245086,43029.75301245086,215.14876506225434,21.238094967789856,0.7595951182248893,0.7973358842796339,-42.78047880108299,0.4964436014505806,27.93928377070283,330,218,112,66.06060606060606,900.4766219560167,-1341.4861658389334,3569.581351721026,-9905.597393548149,1.306546030448678,5.742424242424242,43,71,60.56338028169014,16.67184503592114,-15.573204891920788,1.9417213296670024,,0.9093580253573283,309
30,0.28,0.1,0.5,0.7,20,20,20000,55906.63460733514,35906.63460733514,179.5331730366757,18.82311560165524,0.759494078658111,0.6424720757195711,-36.946989450967195,0.5094627703465698,23.880934135118082,156,119,37,76.28205128205127,929.170858225942,-1986.9756086905911,2368.3485215383566,-7794.1235778410755,1.5040015432454987,8.461538461538462,30,71,42.25352112676056,17.794576054116607,-15.822501367699681,1.6957990423654579,,0.8424126616444959,500
35,0.28,0.1,0.5,0.7,22,20,20000,51540.316618558856,31540.316618558856,157.70158309279427,17.212978764480226,0.75891141685592,0.6416614408951976,-37.09810898715109,0.4639853414210932,21.337737613646073,122,100,22,81.9672131147541,915.2594141063078,-2690.514763275992,2253.91359376583,-10533.09908740743,1.5462728994855999,10.155737704918034,35,71,49.29577464788733,17.11573476403341,-18.05057547327439,1.5569049712000735,,0.8146406990965143,579
35,0.3,0.12,0.6,0.9,22,20,20000,55273.53202178552,35273.53202178552,176.3676601089276,18.59628682824903,0.7587912019533155,0.6815700927215254,-31.503162264809415,0.5902990522644135,23.540759450529034,124,97,27,78.2258064516129,973.4898089165737,-2160.3992386341506,2711.149318490573,-7944.294771331332,1.6188453568837395,11.806451612903226,36,71,50.70422535211267,14.116105193170082,-14.869525815204177,1.66267669476842,,0.8223633046718551,428
35,0.3,0.12,0.6,0.9,22,20,20000,55273.53202178552,35273.53202178552,176.3676601089276,18.59628682824903,0.7587912019533155,0.6815700927215254,-31.503162264809415,0.5902990522644135,23.540759450529034,124,97,27,78.2258064516129,973.4898089165737,-2160.3992386341506,2711.149318490573,-7944.294771331332,1.6188453568837395,11.806451612903226,36,71,50.70422535211267,14.116105193170082,-14.869525815204177,1.66267669476842,,0.8223633046718551,428
35,0.22,0.16,0.6,0.9,22,20,20000,56408.613532076335,36408.613532076335,182.04306766038167,19.001450728482226,0.7585038799557425,0.6642099488232172,-32.31619017403352,0.5879854842465353,24.22033041913935,173,128,45,73.98843930635837,756.8740559411933,-1283.48590285325,2509.0381944380783,-8308.674472080136,1.6773742499080766,11.919075144508671,35,71,49.29577464788733,20.383013931068984,-15.77955676332763,1.7165771622784993,,0.7601912996023051,102
30,0.3,0.1,0.6,0.5,24,20,20000,51903.58940669124,31903.589406691237,159.51794703345618,17.351183192581622,0.7575554215941714,0.650048361921416,-35.47842604487683,0.4890629356170995,21.604083991069707,193,136,57,70.46632124352331,794.0714554069101,-1311.2180443622522,2498.7069462047184,-7399.795246282507,1.4449363617216406,6.036269430051814,30,71,42.25352112676056,14.133704856268015,-13.818843034484596,1.557055688426541,,0.8601685291850699,234
35,0.28,0.14,0.6,0.7,24,20,20000,54154.77472686293,34154.77472686293,170.77387363431467,18.190116423410107,0.7569113954346486,0.6625659959311382,-35.91192245970934,0.5065202633977098,22.974567833492443,144,107,37,74.30555555555556,924.4280651343332,-1717.6034660138034,2547.4047290669323,-8709.632558011996,1.5564395852108766,11.11111111111111,34,71,47.88732394366197,15.869720093287443,-14.908846025662026,1.6388903901581067,,0.8405352162928589,415
30,0.28,0.14,0.4,0.3,20,10,20000,77114.51275699702,57114.51275699702,285.5725637849851,25.41073575112236,0.7568940562420714,0.8679110163640396,-54.435847456508036,0.4668015092706047,36.00148041417378,375,277,98,73.86666666666667,937.3719556198566,-2012.5471321398259,3955.507151305432,-10965.490098178263,1.316496138305252,7.378666666666667,44,71,61.97183098591549,24.35739177739449,-21.841498218852927,2.5123035064676347,,0.5879148338536654,2
30,0.2,0.14,0.5,0.9,22,20,20000,53270.26909966894,33270.26909966894,166.35134549834473,17.864019410257836,0.7566705303882678,0.630956173900311,-36.047691862522804,0.4955662481355781,22.46280081069099,212,158,54,74.52830188679245,768.3625201593717,-1544.402020102069,2372.3894868256475,-7670.266152394673,1.4556908039368575,6.311320754716981,33,71,46.478873239436616,13.681875060165517,-17.327000311729368,1.5929554257402772,,0.5783075335813861,8
35,0.26,0.1,0.5,0.9,22,20,20000,51382.52277028423,31382.52277028423,156.91261385142116,17.15269459940152,0.7557251057689566,0.6306607918040635,-34.28465181577604,0.5003024295410441,21.370324698930222,126,104,22,82.53968253968253,848.7476255463639,-2546.6059221153405,1939.0964555034286,-9208.811071280654,1.575532934930907,10.11111111111111,36,71,50.70422535211267,16.693150646249922,-17.112164593652203,1.547139862522805,,0.7749548686615394,159
40,0.18,0.16,0.5,0.7,22,10,20000,61028.631317499894,41028.631317499894,205.14315658749948,20.583594668567763,0.7553036572601509,0.7974449392542087,-42.37133299737456,0.48579058557924476,27.06185181031957,203,166,37,81.77339901477832,752.3943146144401,-2168.081682839177,2107.555336482539,-9145.281988773928,1.5569556035391041,12.310344827586206,49,71,69.01408450704226,15.884931039308592,-23.051545850073897,1.9138680701164756,,0.5391914544981036,3
30,0.3,0.08,0.6,0.7,24,20,20000,49263.05517104091,29263.055171040913,146.31527585520456,16.327653795217543,0.7541186042915066,0.6307375213371269,-34.971254037958495,0.46688785530811056,20.131300900163403,190,136,54,71.57894736842105,722.8072904717454,-1257.9117839465985,2348.3848235850305,-7429.1980451611125,1.4471631235235851,6.042105263157895,31,71,43.66197183098591,11.761257388873258,-13.543966739468472,1.444366238649711,,0.872244790320052,364
30,0.3,0.12,0.5,0.9,20,20,20000,58834.96572896485,38834.96572896485,194.17482864482426,19.845269864271398,0.7539828069271172,0.6589163965354741,-40.20073879479212,0.4936543570896336,25.847081462451893,161,122,39,75.77639751552795,1087.4731085607102,-2370.2039362933756,3036.74588500096,-8893.939143468515,1.4352515844289433,8.645962732919255,30,71,42.25352112676056,20.60058147446766,-15.978903007005707,1.8115605103763917,,0.8360426245037458,324
30,0.28,0.14,0.55,0.5,20,20,20000,59739.4999755661,39739.4999755661,198.6974998778305,20.152440524984215,0.753452974421361,0.6462473352548475,-37.99961290042105,0.5303327846468909,26.405407037045908,176,128,48,72.72727272727273,1025.3577218401615,-1870.0351754161336,3087.7155963257997,-8888.348020929629,1.4621581958382026,9.232954545454545,33,71,46.478873239436616,18.193099404786437,-17.57801834060101,1.8295635594037045,,0.8390327686423904,319
35,0.3,0.1,0.55,0.9,22,20,20000,51977.11323829722,31977.11323829722,159.8855661914861,17.379056786878433,0.753119400734416,0.6522016416799516,-30.152265420622754,0.5763764859602212,21.829861810745786,119,94,25,78.99159663865547,907.3880260453558,-2106.226448398647,2253.91359376583,-8691.549382839477,1.6198538293565232,11.092436974789916,34,71,47.88732394366197,18.693480674864183,-15.530474564215224,1.5702896425747406,,0.8009113448794103,521
35,0.3,0.1,0.55,0.9,22,20,20000,51977.11323829722,31977.11323829722,159.8855661914861,17.379056786878433,0.753119400734416,0.6522016416799516,-30.152265420622754,0.5763764859602212,21.829861810745786,119,94,25,78.99159663865547,907.3880260453558,-2106.226448398647,2253.91359376583,-8691.549382839477,1.6198538293565232,11.092436974789916,34,71,47.88732394366197,18.693480674864183,-15.530474564215224,1.5702896425747406,,0.8009113448794103,521
35,0.3,0.1,0.55,0.9,22,20,20000,51977.11323829722,31977.11323829722,159.8855661914861,17.379056786878433,0.753119400734416,0.6522016416799516,-30.152265420622754,0.5763764859602212,21.829861810745786,119,94,25,78.99159663865547,907.3880260453558,-2106.226448398647,2253.91359376583,-8691.549382839477,1.6198538293565232,11.092436974789916,34,71,47.88732394366197,18.693480674864183,-15.530474564215224,1.5702896425747406,,0.8009113448794103,521
35,0.3,0.1,0.55,0.9,22,20,20000,51977.11323829722,31977.11323829722,159.8855661914861,17.379056786878433,0.753119400734416,0.6522016416799516,-30.152265420622754,0.5763764859602212,21.829861810745786,119,94,25,78.99159663865547,907.3880260453558,-2106.226448398647,2253.91359376583,-8691.549382839477,1.6198538293565232,11.092436974789916,34,71,47.88732394366197,18.693480674864183,-15.530474564215224,1.5702896425747406,,0.8009113448794103,521
35,0.3,0.1,0.55,0.9,22,20,20000,51977.11323829722,31977.11323829722,159.8855661914861,17.379056786878433,0.753119400734416,0.6522016416799516,-30.152265420622754,0.5763764859602212,21.829861810745786,119,94,25,78.99159663865547,907.3880260453558,-2106.226448398647,2253.91359376583,-8691.549382839477,1.6198538293565232,11.092436974789916,34,71,47.88732394366197,18.693480674864183,-15.530474564215224,1.5702896425747406,,0.8009113448794103,521
35,0.3,0.1,0.55,0.9,22,20,20000,51977.11323829722,31977.11323829722,159.8855661914861,17.379056786878433,0.753119400734416,0.6522016416799516,-30.152265420622754,0.5763764859602212,21.829861810745786,119,94,25,78.99159663865547,907.3880260453558,-2106.226448398647,2253.91359376583,-8691.549382839477,1.6198538293565232,11.092436974789916,34,71,47.88732394366197,18.693480674864183,-15.530474564215224,1.5702896425747406,,0.8009113448794103,521
35,0.3,0.1,0.55,0.9,22,20,20000,51977.11323829722,31977.11323829722,159.8855661914861,17.379056786878433,0.753119400734416,0.6522016416799516,-30.152265420622754,0.5763764859602212,21.829861810745786,119,94,25,78.99159663865547,907.3880260453558,-2106.226448398647,2253.91359376583,-8691.549382839477,1.6198538293565232,11.092436974789916,34,71,47.88732394366197,18.693480674864183,-15.530474564215224,1.5702896425747406,,0.8009113448794103,521
35,0.3,0.1,0.55,0.9,22,20,20000,51977.11323829722,31977.11323829722,159.8855661914861,17.379056786878433,0.753119400734416,0.6522016416799516,-30.152265420622754,0.5763764859602212,21.829861810745786,119,94,25,78.99159663865547,907.3880260453558,-2106.226448398647,2253.91359376583,-8691.549382839477,1.6198538293565232,11.092436974789916,34,71,47.88732394366197,18.693480674864183,-15.530474564215224,1.5702896425747406,,0.8009113448794103,521
35,0.26,0.14,0.6,0.7,24,20,20000,53229.6449748368,33229.6449748368,166.14822487418402,17.84893428782679,0.7524452167471523,0.6588421655132275,-36.19932418892887,0.49307368819016995,22.615803821399055,149,110,39,73.8255033557047,869.4387655567632,-1566.9210060617174,2478.444950390844,-8086.841725831554,1.565020301225767,11.073825503355705,34,71,47.88732394366197,14.907271115817977,-15.1168022346723,1.6070517351931066,,0.8404783080841913,458
30,0.3,0.12,0.5,0.3,22,20,20000,55711.54764681117,35711.54764681117,178.55773823405582,18.753448469716382,0.7516436376977834,0.6290214648135938,-30.66212297721494,0.6116161129368666,24.154244471751806,176,129,47,73.29545454545455,932.3584526992488,-1767.7572925828067,2515.535282273704,-5604.480373179098,1.4476118425240538,6.511363636363637,34,71,47.88732394366197,14.570248394910701,-22.149573809314028,1.7258691253660288,,0.8267332832037282,58
35,0.26,0.16,0.6,0.7,24,20,20000,55685.68980185772,35685.68980185772,178.4284490092886,18.744199191687727,0.7511146429008079,0.6733741138540779,-37.96761401791238,0.4936891526247759,24.14033255896097,151,112,39,74.17218543046357,956.5745264579455,-1784.3681323444082,3078.8824984027683,-9467.4296903026,1.5395286262831045,11.072847682119205,34,71,47.88732394366197,16.92314061938296,-16.336650882345328,1.7006674618979372,,0.8396180729316615,352
35,0.26,0.14,0.6,0.5,24,20,20000,53249.177706240356,33249.177706240356,166.24588853120179,17.85618865230989,0.7503362256471209,0.6574844069600628,-36.437348127977124,0.4900518168774102,22.71884849856963,147,109,38,74.14965986394559,875.481505921011,-1601.9922747144672,2478.444950390844,-8051.748641957246,1.567579084125747,11.020408163265307,34,71,47.88732394366197,14.907271115817977,-15.562825628984033,1.6112151949625004,,0.8401320016311895,355
30,0.28,0.1,0.6,0.7,24,20,20000,50894.049402457604,30894.049402457604,154.470247012288,16.96509454589641,0.750257932317501,0.636757073235692,-34.30333874612269,0.4945610300925584,21.281827462614817,182,132,50,72.52747252747253,773.3145168082002,-1394.7313363244966,2403.9966758855508,-7429.1980451611125,1.463758841006397,6.043956043956044,32,71,45.07042253521127,12.925690497479291,-13.358006619375706,1.5032189248628764,,0.8614762601838801,535
30,0.3,0.12,0.6,0.9,24,20,20000,54256.68363419633,34256.68363419633,171.28341817098166,18.22740255657964,0.7490031541067067,0.6522160141788501,-40.1326671835599,0.45417869869477256,23.386720663119952,194,133,61,68.55670103092784,932.1614386510875,-1441.7211099409533,3429.1344511694406,-9167.071691153924,1.4097161711420085,6.139175257731959,30,71,42.25352112676056,14.70710877263366,-15.396720269785458,1.643677537263207,,0.8494900356877683,367
35,0.24,0.14,0.6,0.7,22,20,20000,53921.22458408167,33921.22458408167,169.60612292040835,18.104445022539473,0.748838949803146,0.6543417215374652,-30.127206513016425,0.600933412618839,23.193257951719882,137,103,34,75.18248175182481,897.1932377113211,-1677.9964382407163,2655.561179423668,-7036.566808688365,1.6197696774534707,11.532846715328468,36,71,50.70422535211267,12.94966136676987,-15.79397758693828,1.612463238090085,,0.8139399946810061,438
35,0.24,0.14,0.6,0.7,22,20,20000,53921.22458408167,33921.22458408167,169.60612292040835,18.104445022539473,0.748838949803146,0.6543417215374652,-30.127206513016425,0.600933412618839,23.193257951719882,137,103,34,75.18248175182481,897.1932377113211,-1677.9964382407163,2655.561179423668,-7036.566808688365,1.6197696774534707,11.532846715328468,36,71,50.70422535211267,12.94966136676987,-15.79397758693828,1.612463238090085,,0.8139399946810061,438
35,0.24,0.14,0.6,0.7,22,20,20000,53921.22458408167,33921.22458408167,169.60612292040835,18.104445022539473,0.748838949803146,0.6543417215374652,-30.127206513016425,0.600933412618839,23.193257951719882,137,103,34,75.18248175182481,897.1932377113211,-1677.9964382407163,2655.561179423668,-7036.566808688365,1.6197696774534707,11.532846715328468,36,71,50.70422535211267,12.94966136676987,-15.79397758693828,1.612463238090085,,0.8139399946810061,438
30,0.28,0.12,0.55,0.7,20,20,20000,56760.20224748973,36760.20224748973,183.80101123744865,19.125572740140374,0.7485872780215743,0.6349748778008293,-34.27688987541554,0.5579728152015867,24.9128391596858,150,113,37,75.33333333333333,1020.2510357916384,-2086.4395891071704,2783.6837279175465,-8113.76741240128,1.493406196987308,9.18,33,71,46.478873239436616,17.459744724923,-15.171020042479622,1.7283019083823037,,0.8424495843835459,755
30,0.3,0.12,0.55,0.9,22,15,20000,67117.64903575392,47117.649035753915,235.5882451787696,22.523080804408835,0.7485257863118443,0.7931518008020999,-41.880207923700056,0.5377977312205033,30.983955647246525,294,201,93,68.36734693877551,966.4082641594786,-1550.665721078509,3780.2892359799953,-7598.472448651138,1.3469626629375218,6.840136054421769,42,71,59.154929577464785,18.104962775539523,-17.37546653130806,2.1061103835778994,,0.8726144645466954,445
30,0.3,0.12,0.55,0.9,22,15,20000,67117.64903575392,47117.649035753915,235.5882451787696,22.523080804408835,0.7485257863118443,0.7931518008020999,-41.880207923700056,0.5377977312205033,30.983955647246525,294,201,93,68.36734693877551,966.4082641594786,-1550.665721078509,3780.2892359799953,-7598.472448651138,1.3469626629375218,6.840136054421769,42,71,59.154929577464785,18.104962775539523,-17.37546653130806,2.1061103835778994,,0.8726144645466954,445
30,0.3,0.12,0.55,0.9,22,15,20000,67117.64903575392,47117.649035753915,235.5882451787696,22.523080804408835,0.7485257863118443,0.7931518008020999,-41.880207923700056,0.5377977312205033,30.983955647246525,294,201,93,68.36734693877551,966.4082641594786,-1550.665721078509,3780.2892359799953,-7598.472448651138,1.3469626629375218,6.840136054421769,42,71,59.154929577464785,18.104962775539523,-17.37546653130806,2.1061103835778994,,0.8726144645466954,445
30,0.28,0.1,0.6,0.5,22,15,20000,62373.97765053005,42373.97765053005,211.86988825265024,21.025541924623447,0.7474498931530419,0.7665381524070023,-38.708983027690294,0.5431695766737897,28.307063968870917,294,194,100,65.98639455782312,872.5983022221034,-1244.3879298055788,2993.5526335575905,-7102.359791343467,1.3603802044072923,6.918367346938775,42,71,59.154929577464785,16.84903966816762,-20.565288355221455,1.9294315123458343,,0.8967709597127214,285
35,0.26,0.16,0.6,0.5,20,20,20000,57629.77880730177,37629.77880730177,188.14889403650886,19.429834827591776,0.7463570664510615,0.6638650188430915,-41.247506126676114,0.47105477766147574,25.545697721955623,158,122,36,77.21518987341773,883.5986997096695,-1906.2100710354919,3232.020209546317,-10403.800847012859,1.5708750369030107,13.632911392405063,34,71,47.88732394366197,15.104920865870831,-17.018689659687258,1.7551342260869631,,0.8416360350804218,298
30,0.28,0.14,0.55,0.7,24,20,20000,55429.897719377885,35429.897719377885,177.14948859688943,18.65250999688719,0.7463101218970147,0.6531963399392301,-38.79735875206517,0.48076752121416827,24.216232034727003,210,151,59,71.9047619047619,842.568279938746,-1514.5171618876727,2971.0972971402334,-10149.659759126114,1.4238224684250633,5.933333333333334,32,71,45.07042253521127,14.64753128571119,-17.12602559128421,1.6814289420888149,,0.8378821504415934,438
30,0.28,0.14,0.55,0.9,20,20,20000,58653.158463790576,38653.158463790576,193.2657923189529,19.783056116676036,0.7460995649977825,0.6459485400723282,-39.48331782781314,0.5010484732552112,26.16249767494872,183,134,49,73.224043715847,983.7717043890445,-1865.870406619207,2850.199011993046,-10779.785989559732,1.4418549366326388,9.087431693989071,32,71,45.07042253521127,18.26564574416396,-17.270828836800856,1.794646622544918,,0.8383100301299603,393
30,0.26,0.16,0.6,0.5,20,20,20000,60720.41619404439,40720.41619404439,203.60208097022192,20.481205578697082,0.7459381617954413,0.6407604913079664,-41.074059927252485,0.4986408846598551,27.413042780666895,186,133,53,71.50537634408603,1034.5448433426084,-1777.5292069909865,3384.730370203077,-9266.028091864375,1.4605228173797042,9.672043010752688,33,71,46.478873239436616,18.31636369758458,-17.958945944362593,1.8852225097848452,,0.8416360350804218,298
45,0.24,0.14,0.4,0.9,18,10,20000,67550.91745284089,47550.91745284089,237.75458726420445,22.655425108266613,0.7456323755676965,0.8881221275838234,-43.65862736162341,0.5189220659782142,31.407553157435476,265,224,41,84.52830188679246,653.690294640542,-2357.092097013319,2144.039748962916,-9980.076609900878,1.5151640135164353,13.89056603773585,43,71,60.56338028169014,20.234940279549107,-19.28680389924452,2.055607336288935,,0.7456323755676965,1
30,0.3,0.12,0.55,0.7,20,15,20000,67831.00504489003,47831.00504489003,239.15502522445013,22.740603989974794,0.7450094230579466,0.7939101251800632,-48.89056214076492,0.46513279852459893,31.651622239561494,249,185,64,74.29718875502009,940.1472534521647,-1938.2818256837534,3840.2272026917653,-8058.906897064326,1.4020732787666164,9.57429718875502,42,71,59.154929577464785,18.41884962374527,-26.596822384189966,2.1685483089679476,,0.8972119655608225,439
30,0.26,0.12,0.55,0.7,24,20,20000,51980.186931268196,31980.186931268196,159.90093465634098,17.38022133882462,0.7430141593292097,0.6327183772135422,-38.57497697741535,0.45055688170599006,22.257628554368207,209,150,59,71.77033492822966,791.7017929300297,-1432.7335933599359,2971.0972971402334,-9111.875316303785,1.4048677142733226,5.875598086124402,31,71,43.66197183098591,13.250073040647026,-15.231802028394526,1.5674841001833861,,0.8456047525769765,510
30,0.26,0.12,0.55,0.9,24,20,20000,51980.186931268196,31980.186931268196,159.90093465634098,17.38022133882462,0.7430141593292097,0.6327183772135422,-38.57497697741535,0.45055688170599006,22.257628554368207,209,150,59,71.77033492822966,791.7017929300297,-1432.7335933599359,2971.0972971402334,-9111.875316303785,1.4048677142733226,5.875598086124402,31,71,43.66197183098591,13.250073040647026,-15.231802028394526,1.5674841001833861,,0.848102898389454,454
35,0.3,0.08,0.5,0.9,22,20,20000,48456.36465240894,28456.36465240894,142.2818232620447,16.005859656911483,0.7428587056960735,0.610671558840966,-33.90627989760361,0.4720618040448232,20.04056291678985,116,93,23,80.17241379310344,848.9173019457135,-2171.3801925453195,1894.993105596995,-8445.83456408866,1.5808280224154687,9.956896551724139,35,71,49.29577464788733,17.13970358799437,-15.49255720909083,1.4454672120241367,,0.8146561063711231,346
35,0.24,0.08,0.5,0.3,20,20,20000,45553.24604865284,25553.246048652843,127.76623024326422,14.809608790475348,0.7421103229764084,0.5991093497074805,-32.58762753964636,0.45445495449025436,18.17905474040685,116,96,20,82.75862068965517,746.9637021122275,-2274.3534677060406,1668.5663359379475,-5708.445500013842,1.576459341544226,10.025862068965518,37,71,52.112676056338024,11.694226404575602,-14.58749118492042,1.3210335294827706,,0.7808873979885306,6
35,0.3,0.12,0.6,0.7,22,20,20000,53803.86186963928,33803.86186963928,169.0193093481964,18.06127712150396,0.7419079282602151,0.6667643856809103,-31.77132307944858,0.5684773365068632,23.43078857962975,141,109,32,77.30496453900709,846.3616398909858,-1801.1986524524395,2711.149318490573,-7149.865294198198,1.6005560141594617,12.00709219858156,36,71,50.70422535211267,13.976870992251712,-14.869525815204177,1.6271354437790557,,0.8206182146914062,493
35,0.22,0.08,0.5,0.5,24,20,20000,44372.004265012794,24372.004265012794,121.86002132506397,14.304640472285989,0.7416438975740585,0.5938030377219855,-26.724183763000394,0.5352694996840558,17.4072732039662,137,110,27,80.2919708029197,560.5839787160699,-1351.8234590279546,1266.9960635147877,-4354.915957382662,1.6894666524508097,8.875912408759124,33,71,46.478873239436616,10.620575054016012,-12.243655350293437,1.2514190234653666,,0.6388885705319858,2
30,0.3,0.12,0.5,0.7,20,20,20000,57741.44040025532,37741.44040025532,188.70720200127658,19.468627565428598,0.7408957264039656,0.6407281130627871,-39.7238841346711,0.4900987904260936,25.9004797979691,168,130,38,77.38095238095238,1001.0534638289193,-2395.4028920395785,2783.6837279175465,-8893.939143468515,1.4296787392901587,8.446428571428571,31,71,43.66197183098591,19.11792455899004,-16.20993125600637,1.7831363189189733,,0.8419719536219515,371
30,0.3,0.1,0.55,0.9,20,20,20000,54676.43897832375,34676.43897832375,173.38219489161875,18.380369639427528,0.7399844189152956,0.6333914799040993,-43.73015247270114,0.42031341305982417,24.06830716136554,157,118,39,75.15923566878982,1048.7827895949517,-2256.1341075353926,2754.821852472195,-10494.543597075963,1.4064945096066044,8.643312101910828,33,71,46.478873239436616,17.918387174688544,-16.537893609729547,1.6656957715969298,,0.8244466047285686,448
30,0.3,0.1,0.55,0.9,20,20,20000,54676.43897832375,34676.43897832375,173.38219489161875,18.380369639427528,0.7399844189152956,0.6333914799040993,-43.73015247270114,0.42031341305982417,24.06830716136554,157,118,39,75.15923566878982,1048.7827895949517,-2256.1341075353926,2754.821852472195,-10494.543597075963,1.4064945096066044,8.643312101910828,33,71,46.478873239436616,17.918387174688544,-16.537893609729547,1.6656957715969298,,0.8244466047285686,448
30,0.3,0.1,0.55,0.9,20,20,20000,54676.43897832375,34676.43897832375,173.38219489161875,18.380369639427528,0.7399844189152956,0.6333914799040993,-43.73015247270114,0.42031341305982417,24.06830716136554,157,118,39,75.15923566878982,1048.7827895949517,-2256.1341075353926,2754.821852472195,-10494.543597075963,1.4064945096066044,8.643312101910828,33,71,46.478873239436616,17.918387174688544,-16.537893609729547,1.6656957715969298,,0.8244466047285686,448
30,0.3,0.1,0.55,0.9,20,20,20000,54676.43897832375,34676.43897832375,173.38219489161875,18.380369639427528,0.7399844189152956,0.6333914799040993,-43.73015247270114,0.42031341305982417,24.06830716136554,157,118,39,75.15923566878982,1048.7827895949517,-2256.1341075353926,2754.821852472195,-10494.543597075963,1.4064945096066044,8.643312101910828,33,71,46.478873239436616,17.918387174688544,-16.537893609729547,1.6656957715969298,,0.8244466047285686,448
30,0.3,0.1,0.55,0.9,20,20,20000,54676.43897832375,34676.43897832375,173.38219489161875,18.380369639427528,0.7399844189152956,0.6333914799040993,-43.73015247270114,0.42031341305982417,24.06830716136554,157,118,39,75.15923566878982,1048.7827895949517,-2256.1341075353926,2754.821852472195,-10494.543597075963,1.4064945096066044,8.643312101910828,33,71,46.478873239436616,17.918387174688544,-16.537893609729547,1.6656957715969298,,0.8244466047285686,448
30,0.3,0.1,0.55,0.9,20,20,20000,54676.43897832375,34676.43897832375,173.38219489161875,18.380369639427528,0.7399844189152956,0.6333914799040993,-43.73015247270114,0.42031341305982417,24.06830716136554,157,118,39,75.15923566878982,1048.7827895949517,-2256.1341075353926,2754.821852472195,-10494.543597075963,1.4064945096066044,8.643312101910828,33,71,46.478873239436616,17.918387174688544,-16.537893609729547,1.6656957715969298,,0.8244466047285686,448
30,0.3,0.1,0.55,0.9,20,20,20000,54676.43897832375,34676.43897832375,173.38219489161875,18.380369639427528,0.7399844189152956,0.6333914799040993,-43.73015247270114,0.42031341305982417,24.06830716136554,157,118,39,75.15923566878982,1048.7827895949517,-2256.1341075353926,2754.821852472195,-10494.543597075963,1.4064945096066044,8.643312101910828,33,71,46.478873239436616,17.918387174688544,-16.537893609729547,1.6656957715969298,,0.8244466047285686,448
30,0.3,0.12,0.5,0.9,24,20,20000,53433.91296173975,33433.91296173975,167.16956480869874,17.92468916261518,0.7395340167994453,0.6469185626376202,-38.901103876213774,0.46077584892328205,23.31229945377506,193,137,56,70.98445595854922,904.365523268093,-1583.140423678373,3429.1344511694406,-9167.071691153924,1.3975169997854167,5.782383419689119,30,71,42.25352112676056,14.178650145120875,-14.911883783787461,1.6252093425783714,,0.8414191204348676,317
30,0.28,0.08,0.55,0.9,20,20,20000,50671.59360173012,30671.59360173012,153.3579680086506,16.87916254897608,0.7389115785983787,0.6177480747491494,-34.17354214853797,0.49392487543753827,21.602456188341314,134,99,35,73.88059701492537,958.7469794835582,-1811.2244962040577,2036.1741645759955,-6132.359324356459,1.4972657001271155,8.537313432835822,31,71,43.66197183098591,14.557905984596363,-14.729235347823366,1.4967440177046858,,0.8308387288475619,401
30,0.3,0.1,0.55,0.7,20,20,20000,54415.209459915284,34415.209459915284,172.07604729957643,18.28528783775012,0.7378378438819214,0.631163578643449,-43.08285682507739,0.42442143314662306,24.011744657876505,153,115,38,75.16339869281046,1070.049418231535,-2304.0782535976577,2754.821852472195,-10889.64890124942,1.4054676506124877,8.660130718954248,32,71,45.07042253521127,17.933350562083984,-17.376684557653512,1.6612148625128083,,0.8353454730536808,544
30,0.3,0.1,0.55,0.7,20,20,20000,54415.209459915284,34415.209459915284,172.07604729957643,18.28528783775012,0.7378378438819214,0.631163578643449,-43.08285682507739,0.42442143314662306,24.011744657876505,153,115,38,75.16339869281046,1070.049418231535,-2304.0782535976577,2754.821852472195,-10889.64890124942,1.4054676506124877,8.660130718954248,32,71,45.07042253521127,17.933350562083984,-17.376684557653512,1.6612148625128083,,0.8353454730536808,544
30,0.3,0.1,0.55,0.7,20,20,20000,54415.209459915284,34415.209459915284,172.07604729957643,18.28528783775012,0.7378378438819214,0.631163578643449,-43.08285682507739,0.42442143314662306,24.011744657876505,153,115,38,75.16339869281046,1070.049418231535,-2304.0782535976577,2754.821852472195,-10889.64890124942,1.4054676506124877,8.660130718954248,32,71,45.07042253521127,17.933350562083984,-17.376684557653512,1.6612148625128083,,0.8353454730536808,544
30,0.3,0.1,0.55,0.7,20,20,20000,54415.209459915284,34415.209459915284,172.07604729957643,18.28528783775012,0.7378378438819214,0.631163578643449,-43.08285682507739,0.42442143314662306,24.011744657876505,153,115,38,75.16339869281046,1070.049418231535,-2304.0782535976577,2754.821852472195,-10889.64890124942,1.4054676506124877,8.660130718954248,32,71,45.07042253521127,17.933350562083984,-17.376684557653512,1.6612148625128083,,0.8353454730536808,544
30,0.3,0.1,0.55,0.7,20,20,20000,54415.209459915284,34415.209459915284,172.07604729957643,18.28528783775012,0.7378378438819214,0.631163578643449,-43.08285682507739,0.42442143314662306,24.011744657876505,153,115,38,75.16339869281046,1070.049418231535,-2304.0782535976577,2754.821852472195,-10889.64890124942,1.4054676506124877,8.660130718954248,32,71,45.07042253521127,17.933350562083984,-17.376684557653512,1.6612148625128083,,0.8353454730536808,544
30,0.26,0.1,0.6,0.5,20,20,20000,52046.86827311566,32046.86827311566,160.2343413655783,17.405471277067885,0.7367497257812811,0.6137179028946239,-37.813493842979256,0.4602978859701302,22.57671618850083,142,107,35,75.35211267605634,987.4501739378304,-2069.4257239494887,2315.196830499887,-9312.2418924829,1.4587507109350077,9.112676056338028,33,71,46.478873239436616,16.055170787793216,-16.334329907751886,1.564297495968445,,0.8035439955296912,130
30,0.3,0.12,0.55,0.7,22,15,20000,65411.03047729824,45411.03047729824,227.05515238649122,21.99476804508791,0.7356681971857739,0.7790865239237635,-41.54981789502977,0.5293589517204345,30.90400179889807,301,202,99,67.109634551495,938.5088110522425,-1427.4297914672193,3780.2892359799953,-6754.197732134345,1.3415280957933995,6.857142857142857,42,71,59.154929577464785,17.843877610127244,-18.120307621250177,2.069510898976032,,0.8745915318345344,507
30,0.26,0.16,0.6,0.9,20,20,20000,59309.28694871333,39309.28694871333,196.54643474356664,20.006830798901397,0.7352798734514995,0.639982963015371,-42.02793931505739,0.47603644444526766,27.17853056655084,197,144,53,73.09644670050761,964.2065137829765,-1827.7632270950019,3384.730370203077,-12844.736046894677,1.4332988357230196,9.715736040609137,33,71,46.478873239436616,17.59183009919283,-18.35143823470994,1.8374464986903103,,0.8391650841405224,313
35,0.3,0.14,0.5,0.3,18,10,20000,69560.39302362608,49560.39302362608,247.80196511813037,23.260147863477076,0.7345507147731919,0.817813898365254,-49.10553600338913,0.47367669221392317,33.579732718666655,321,245,76,76.32398753894081,787.5223620081484,-1880.97477225508,3042.364260763439,-6563.089287890333,1.3496849831741282,11.654205607476635,46,71,64.7887323943662,19.992557180135062,-21.01075555318458,2.306967111779077,,0.6623102554269963,4
35,0.22,0.14,0.6,0.7,22,20,20000,53036.42214543429,33036.42214543429,165.18211072717145,17.77705262924172,0.7338551988833908,0.6316510854598557,-31.999331731273738,0.555544496320458,23.33489382505925,129,100,29,77.51937984496125,906.256186919531,-1923.1205705696102,2303.9695590479123,-7265.725009743687,1.6249742122407216,11.317829457364342,35,71,49.29577464788733,19.96488010508244,-15.106469988806792,1.6019434851015417,,0.7558419979818594,158
35,0.24,0.12,0.6,0.9,22,20,20000,50453.8209037544,30453.8209037544,152.269104518772,16.794734922577014,0.7337237830448602,0.6380078706965396,-32.41634982127323,0.51809457311432,21.682072235166252,146,115,31,78.76712328767124,731.177685550557,-1693.8617075664376,2271.907871191607,-7101.613382803556,1.6013310517066786,11.45890410958904,36,71,50.70422535211267,17.486279722703046,-16.398199187546115,1.5173760573615376,,0.8302258218283802,362
35,0.24,0.12,0.6,0.9,22,20,20000,50453.8209037544,30453.8209037544,152.269104518772,16.794734922577014,0.7337237830448602,0.6380078706965396,-32.41634982127323,0.51809457311432,21.682072235166252,146,115,31,78.76712328767124,731.177685550557,-1693.8617075664376,2271.907871191607,-7101.613382803556,1.6013310517066786,11.45890410958904,36,71,50.70422535211267,17.486279722703046,-16.398199187546115,1.5173760573615376,,0.8302258218283802,362
35,0.3,0.12,0.55,0.9,22,15,20000,62293.129389199246,42293.129389199246,211.4656469459962,20.999208384247826,0.733022720669525,0.7944026208007835,-39.967356350224684,0.5254089912837023,29.15305881988406,200,147,53,73.5,981.8218015647614,-1897.0976498268033,3137.1257943479723,-9481.53482197554,1.4354380382669882,11.665,41,71,57.74647887323944,19.09201178894959,-18.855850943557417,1.990731707615169,,0.8726144645466954,445
30,0.24,0.16,0.6,0.5,22,15,20000,66691.72813787831,46691.72813787831,233.45864068939153,22.392286007243236,0.7327902661131831,0.7604398566993079,-45.42199156883705,0.49298335968619333,31.913324842280204,380,253,127,66.57894736842105,852.4501350702283,-1273.285480589676,3082.370195698915,-9124.285400208708,1.3337056694984442,7.121052631578947,40,71,56.33802816901409,17.614015715954157,-18.428608135081113,2.0743870713006953,,0.8942308752187758,244
30,0.3,0.14,0.55,0.7,20,15,20000,69707.37182343444,49707.37182343444,248.5368591171722,23.30380592430199,0.7325170469792894,0.7898847440449424,-51.76105481602823,0.45021891472516473,33.776881982965776,280,210,70,75.0,905.8516647564677,-1970.3068253631911,3600.21300252353,-10260.238097216088,1.3792547228112404,9.510714285714286,44,71,61.97183098591549,19.299148969285017,-26.60986035833718,2.2666341402482186,,0.8680200307885273,166
30,0.24,0.14,0.6,0.5,22,15,20000,64499.738502125234,44499.738502125234,222.49869251062617,21.7079474767637,0.7323245618105455,0.7554136284683044,-41.12863415117329,0.5278061847853616,30.601993283226697,337,228,109,67.65578635014838,836.7004589716948,-1293.5932673708323,2989.5801438912936,-8211.856860187838,1.3529464570404852,7.032640949554896,41,71,57.74647887323944,16.74999496898495,-17.122216425266878,1.9956997579535003,,0.8892138230969123,298
30,0.24,0.14,0.6,0.5,22,15,20000,64499.738502125234,44499.738502125234,222.49869251062617,21.7079474767637,0.7323245618105455,0.7554136284683044,-41.12863415117329,0.5278061847853616,30.601993283226697,337,228,109,67.65578635014838,836.7004589716948,-1293.5932673708323,2989.5801438912936,-8211.856860187838,1.3529464570404852,7.032640949554896,41,71,57.74647887323944,16.74999496898495,-17.122216425266878,1.9956997579535003,,0.8892138230969123,298
35,0.3,0.08,0.6,0.9,22,20,20000,46826.19199825645,26826.19199825645,134.13095999128225,15.341723745690228,0.7322981084296948,0.6357376580777837,-28.06971753460832,0.5465578243448578,19.352030692783412,101,81,20,80.19801980198021,893.8320501327726,-2253.8802031249065,2071.5663113385126,-6756.667651270928,1.6061278669641488,11.227722772277227,35,71,49.29577464788733,13.263906735531862,-15.200344060083392,1.3687690322211405,,0.8296865043023846,338
30,0.22,0.12,0.4,0.7,18,20,20000,54110.48965865487,34110.48965865487,170.55244829327435,18.173895328650815,0.7322228377204476,0.6217583593435166,-38.8354927838985,0.4679712815743091,24.092053705464984,165,131,34,79.39393939393939,817.8911023338153,-2078.027786678674,2240.278687773974,-7445.309094258821,1.5164793879333054,6.666666666666667,32,71,45.07042253521127,14.96406310443643,-14.594450597971198,1.6399943375934953,,0.447794736198445,2
30,0.28,0.1,0.55,0.9,20,20,20000,53127.4011761196,33127.4011761196,165.637005880598,17.810925233702445,0.7321906178334487,0.6182750520610388,-38.459208086149786,0.4631121159282696,23.469763273621012,158,118,40,74.68354430379746,924.8746588129745,-1872.9277140952793,2343.954053294419,-7794.1235778410755,1.4567461536102175,8.79746835443038,33,71,46.478873239436616,15.994738357981841,-15.010859254230013,1.6001102270503642,,0.8303735935760673,544
30,0.28,0.1,0.55,0.9,20,20,20000,53127.4011761196,33127.4011761196,165.637005880598,17.810925233702445,0.7321906178334487,0.6182750520610388,-38.459208086149786,0.4631121159282696,23.469763273621012,158,118,40,74.68354430379746,924.8746588129745,-1872.9277140952793,2343.954053294419,-7794.1235778410755,1.4567461536102175,8.79746835443038,33,71,46.478873239436616,15.994738357981841,-15.010859254230013,1.6001102270503642,,0.8303735935760673,544
30,0.28,0.1,0.55,0.9,20,20,20000,53127.4011761196,33127.4011761196,165.637005880598,17.810925233702445,0.7321906178334487,0.6182750520610388,-38.459208086149786,0.4631121159282696,23.469763273621012,158,118,40,74.68354430379746,924.8746588129745,-1872.9277140952793,2343.954053294419,-7794.1235778410755,1.4567461536102175,8.79746835443038,33,71,46.478873239436616,15.994738357981841,-15.010859254230013,1.6001102270503642,,0.8303735935760673,544
30,0.28,0.14,0.6,0.9,20,20,20000,57647.55127300289,37647.55127300289,188.23775636501446,19.436013404372552,0.731605522285991,0.6378853640827675,-39.258312473997094,0.4950802054277314,26.353723337168628,180,130,50,72.22222222222221,986.4887795547435,-1779.0558013822715,3031.523033142891,-10779.785989559732,1.4417034164130813,9.661111111111111,33,71,46.478873239436616,16.957359768332946,-17.335817406447774,1.769331022361118,,0.8421722525168914,373
30,0.26,0.08,0.55,0.9,24,20,20000,46065.07933712089,26065.079337120893,130.32539668560446,15.025034071394817,0.7313773865391504,0.6102728705561872,-35.12396433965149,0.4277715899635235,18.876264341663088,188,135,53,71.80851063829788,678.4141103888331,-1211.8853880258762,1779.634100988483,-7831.672767836075,1.425907068960852,5.872340425531915,33,71,46.478873239436616,11.298370231364196,-14.709039026791594,1.3354309596056348,,0.8100141015972628,131
30,0.26,0.08,0.55,0.5,24,20,20000,46058.65667057757,26058.65667057757,130.29328335288787,15.022343207524269,0.729722994412174,0.604723030382949,-35.13581386986298,0.42755073962892814,18.93120766981909,189,136,53,71.95767195767195,672.9991474588439,-1210.911837430661,1779.634100988483,-7780.074586289676,1.4261494150043974,5.873015873015873,33,71,46.478873239436616,11.298370231364196,-14.723423111780098,1.3352824989173604,,0.7932237524169006,78
30,0.24,0.1,0.6,0.9,24,20,20000,48154.66736984528,28154.66736984528,140.77333684922638,15.884364463288536,0.729597696876728,0.6103428070446141,-33.857296717564594,0.4691563120291289,20.343039578936214,198,142,56,71.71717171717171,664.5538477231347,-1152.8514108364234,2059.5190009700887,-6852.713671856565,1.461696337844052,5.94949494949495,31,71,43.66197183098591,12.731344670495858,-13.819206652295845,1.4133994193898285,,0.8468679450404458,116
30,0.26,0.12,0.55,0.7,20,20,20000,54864.410652771294,34864.410652771294,174.32205326385647,18.44855357542723,0.7291298573488413,0.6228985562783176,-39.26379763073024,0.4698616712762463,24.731970161359925,174,134,40,77.01149425287356,862.4130104778901,-1976.4583187816474,2440.6293628926546,-7794.1235778410755,1.4617477928306912,8.959770114942529,32,71,45.07042253521127,16.71022219562279,-15.470108132122073,1.6811625243257386,,0.8367472103467442,522
45,0.28,0.08,0.5,0.5,18,10,20000,56337.84322540523,36337.84322540523,181.68921612702616,18.976388749805608,0.7289980651071803,0.816077458927261,-41.807647068789855,0.4538975541623297,25.68474937727327,237,204,33,86.07594936708861,542.433595235414,-2256.1346313209865,1587.1115006019966,-7070.984307995398,1.4862702849838108,14.890295358649789,45,71,63.38028169014085,17.80096163179026,-17.263842698471844,1.7366943443343532,,0.7289980651071803,1
35,0.3,0.12,0.55,0.7,22,20,20000,52815.304475143515,32815.304475143515,164.07652237571756,17.69452578839552,0.7287403028663031,0.6439956889866327,-33.55919428422519,0.5272631291005992,23.429531872231017,130,103,27,79.23076923076923,910.3884235487501,-2226.7667833473206,2485.704705728305,-9891.280926817153,1.5596439067449392,11.338461538461539,34,71,47.88732394366197,20.621322250246976,-17.03011255869259,1.624200438639526,,0.8061812784775249,586
30,0.26,0.14,0.55,0.7,24,20,20000,53333.991251331674,33333.991251331674,166.66995625665837,17.887662342006273,0.7285408650489636,0.6324828572394496,-39.03201340273488,0.45828182516336513,23.7716982831361,206,141,65,68.44660194174757,903.8249030061047,-1404.0941549619836,2971.0972971402334,-9387.044643245526,1.3963485159946,6.063106796116505,31,71,43.66197183098591,14.053496891006079,-15.681993842913366,1.6265366747856687,,0.8399765854336452,466
30,0.3,0.1,0.5,0.7,24,20,20000,50020.77943580628,30020.779435806282,150.1038971790314,16.625945296613253,0.7265440223758374,0.6336756316910092,-34.905517392247866,0.4763128163888983,21.69410448512975,197,140,57,71.06598984771574,769.4948764493008,-1339.2000573174678,2498.7069462047184,-7429.1980451611125,1.4112808654042281,5.741116751269035,30,71,42.25352112676056,13.157314700925028,-13.574411333954405,1.4938609502407483,,0.8502871272326449,440
30,0.3,0.1,0.5,0.9,24,20,20000,50020.77943580628,30020.779435806282,150.1038971790314,16.625945296613253,0.7265440223758374,0.6336756316910092,-34.905517392247866,0.4763128163888983,21.69410448512975,197,140,57,71.06598984771574,769.4948764493008,-1339.2000573174678,2498.7069462047184,-7429.1980451611125,1.4112808654042281,5.741116751269035,30,71,42.25352112676056,13.157314700925028,-13.574411333954405,1.4938609502407483,,0.8385755955303282,357
30,0.3,0.1,0.5,0.9,24,20,20000,50020.77943580628,30020.779435806282,150.1038971790314,16.625945296613253,0.7265440223758374,0.6336756316910092,-34.905517392247866,0.4763128163888983,21.69410448512975,197,140,57,71.06598984771574,769.4948764493008,-1339.2000573174678,2498.7069462047184,-7429.1980451611125,1.4112808654042281,5.741116751269035,30,71,42.25352112676056,13.157314700925028,-13.574411333954405,1.4938609502407483,,0.8385755955303282,357
30,0.3,0.1,0.5,0.7,24,20,20000,50020.77943580628,30020.779435806282,150.1038971790314,16.625945296613253,0.7265440223758374,0.6336756316910092,-34.905517392247866,0.4763128163888983,21.69410448512975,197,140,57,71.06598984771574,769.4948764493008,-1339.2000573174678,2498.7069462047184,-7429.1980451611125,1.4112808654042281,5.741116751269035,30,71,42.25352112676056,13.157314700925028,-13.574411333954405,1.4938609502407483,,0.8502871272326449,440
30,0.3,0.08,0.55,0.5,20,20,20000,50731.59999089311,30731.59999089311,153.65799995446557,16.902373168146244,0.7264053413483416,0.6046267273754062,-37.41691104513998,0.4517308536708207,22.182333257095728,134,101,33,75.3731343283582,1005.3882869985817,-2121.3338483625303,2065.756861028178,-7947.751404511209,1.4505484305666616,8.597014925373134,32,71,45.07042253521127,15.544507862838408,-14.766492259817577,1.527311866172047,,0.8399718360147372,242
30,0.3,0.08,0.55,0.5,20,20,20000,50731.59999089311,30731.59999089311,153.65799995446557,16.902373168146244,0.7264053413483416,0.6046267273754062,-37.41691104513998,0.4517308536708207,22.182333257095728,134,101,33,75.3731343283582,1005.3882869985817,-2121.3338483625303,2065.756861028178,-7947.751404511209,1.4505484305666616,8.597014925373134,32,71,45.07042253521127,15.544507862838408,-14.766492259817577,1.527311866172047,,0.8399718360147372,242
30,0.3,0.08,0.55,0.5,20,20,20000,50731.59999089311,30731.59999089311,153.65799995446557,16.902373168146244,0.7264053413483416,0.6046267273754062,-37.41691104513998,0.4517308536708207,22.182333257095728,134,101,33,75.3731343283582,1005.3882869985817,-2121.3338483625303,2065.756861028178,-7947.751404511209,1.4505484305666616,8.597014925373134,32,71,45.07042253521127,15.544507862838408,-14.766492259817577,1.527311866172047,,0.8399718360147372,242
40,0.24,0.1,0.45,0.3,22,10,20000,57048.94806510924,37048.94806510924,185.2447403255462,19.227031590427757,0.7258009845464807,0.7848026635900877,-38.40653891525531,0.5006187001867711,26.35094570787705,295,247,48,83.72881355932203,529.4880557179737,-1934.0700092796533,1933.7366123955348,-5590.452918423542,1.4087686969150657,11.111864406779661,45,71,63.38028169014085,15.393392843468078,-18.65665852322782,1.7601772933082662,,0.5717898546663553,7
30,0.3,0.08,0.55,0.9,20,20,20000,50664.24647547257,30664.246475472573,153.32123237736286,16.87631909080578,0.7252895594476285,0.6095949499300549,-37.559754068218346,0.44931921173269573,22.183385687029507,138,104,34,75.36231884057972,977.8329176640839,-2065.3846165174123,2122.56667296503,-8450.219601018662,1.4481653017381428,8.876811594202898,31,71,43.66197183098591,15.100881863450532,-15.764763825841488,1.5176818429248693,,0.8318134007158852,360
30,0.3,0.08,0.55,0.9,20,20,20000,50664.24647547257,30664.246475472573,153.32123237736286,16.87631909080578,0.7252895594476285,0.6095949499300549,-37.559754068218346,0.44931921173269573,22.183385687029507,138,104,34,75.36231884057972,977.8329176640839,-2065.3846165174123,2122.56667296503,-8450.219601018662,1.4481653017381428,8.876811594202898,31,71,43.66197183098591,15.100881863450532,-15.764763825841488,1.5176818429248693,,0.8318134007158852,360
30,0.3,0.08,0.55,0.7,20,20,20000,50664.24647547257,30664.246475472573,153.32123237736286,16.87631909080578,0.7252895594476285,0.6095949499300549,-37.559754068218346,0.44931921173269573,22.183385687029507,138,104,34,75.36231884057972,977.8329176640839,-2065.3846165174123,2122.56667296503,-8450.219601018662,1.4481653017381428,8.876811594202898,31,71,43.66197183098591,15.100881863450532,-15.764763825841488,1.5176818429248693,,0.8443531493664985,445
30,0.26,0.1,0.55,0.7,24,20,20000,48550.88607737135,28550.886077371353,142.75443038685677,16.04379445098307,0.7251086551713363,0.6119232221923483,-36.38854366395946,0.44090235100212133,20.783322575596614,199,145,54,72.8643216080402,714.5281761558377,-1359.274064170834,2316.95887609135,-7831.672767836075,1.4115184888644432,5.85929648241206,32,71,45.07042253521127,12.343358942860716,-13.90706753984623,1.4372201886331268,,0.828620855940164,264
30,0.3,0.1,0.55,0.9,24,20,20000,50042.26419982577,30042.264199825768,150.21132099912884,16.634348179514504,0.7249009146036077,0.6283229541563863,-37.35852564811799,0.4452624371795168,21.782295938219082,194,134,60,69.0721649484536,822.7406668775931,-1313.306419362859,2855.6650813768206,-7429.1980451611125,1.3991054402353809,5.922680412371134,30,71,42.25352112676056,13.379480382597508,-14.483239259448998,1.5062309590703185,,0.8276682865797391,441
30,0.3,0.1,0.55,0.9,24,20,20000,50042.26419982577,30042.264199825768,150.21132099912884,16.634348179514504,0.7249009146036077,0.6283229541563863,-37.35852564811799,0.4452624371795168,21.782295938219082,194,134,60,69.0721649484536,822.7406668775931,-1313.306419362859,2855.6650813768206,-7429.1980451611125,1.3991054402353809,5.922680412371134,30,71,42.25352112676056,13.379480382597508,-14.483239259448998,1.5062309590703185,,0.8276682865797391,441
30,0.3,0.1,0.55,0.7,24,20,20000,50042.26419982577,30042.264199825768,150.21132099912884,16.634348179514504,0.7249009146036077,0.6283229541563863,-37.35852564811799,0.4452624371795168,21.782295938219082,194,134,60,69.0721649484536,822.7406668775931,-1313.306419362859,2855.6650813768206,-7429.1980451611125,1.3991054402353809,5.922680412371134,30,71,42.25352112676056,13.379480382597508,-14.483239259448998,1.5062309590703185,,0.8396043420151523,534
30,0.3,0.1,0.55,0.9,24,20,20000,50042.26419982577,30042.264199825768,150.21132099912884,16.634348179514504,0.7249009146036077,0.6283229541563863,-37.35852564811799,0.4452624371795168,21.782295938219082,194,134,60,69.0721649484536,822.7406668775931,-1313.306419362859,2855.6650813768206,-7429.1980451611125,1.3991054402353809,5.922680412371134,30,71,42.25352112676056,13.379480382597508,-14.483239259448998,1.5062309590703185,,0.8276682865797391,441
30,0.3,0.1,0.55,0.7,24,20,20000,50042.26419982577,30042.264199825768,150.21132099912884,16.634348179514504,0.7249009146036077,0.6283229541563863,-37.35852564811799,0.4452624371795168,21.782295938219082,194,134,60,69.0721649484536,822.7406668775931,-1313.306419362859,2855.6650813768206,-7429.1980451611125,1.3991054402353809,5.922680412371134,30,71,42.25352112676056,13.379480382597508,-14.483239259448998,1.5062309590703185,,0.8396043420151523,534
30,0.3,0.1,0.55,0.9,24,20,20000,50042.26419982577,30042.264199825768,150.21132099912884,16.634348179514504,0.7249009146036077,0.6283229541563863,-37.35852564811799,0.4452624371795168,21.782295938219082,194,134,60,69.0721649484536,822.7406668775931,-1313.306419362859,2855.6650813768206,-7429.1980451611125,1.3991054402353809,5.922680412371134,30,71,42.25352112676056,13.379480382597508,-14.483239259448998,1.5062309590703185,,0.8276682865797391,441
30,0.3,0.1,0.55,0.9,24,20,20000,50042.26419982577,30042.264199825768,150.21132099912884,16.634348179514504,0.7249009146036077,0.6283229541563863,-37.35852564811799,0.4452624371795168,21.782295938219082,194,134,60,69.0721649484536,822.7406668775931,-1313.306419362859,2855.6650813768206,-7429.1980451611125,1.3991054402353809,5.922680412371134,30,71,42.25352112676056,13.379480382597508,-14.483239259448998,1.5062309590703185,,0.8276682865797391,441
30,0.3,0.1,0.55,0.7,24,20,20000,50042.26419982577,30042.264199825768,150.21132099912884,16.634348179514504,0.7249009146036077,0.6283229541563863,-37.35852564811799,0.4452624371795168,21.782295938219082,194,134,60,69.0721649484536,822.7406668775931,-1313.306419362859,2855.6650813768206,-7429.1980451611125,1.3991054402353809,5.922680412371134,30,71,42.25352112676056,13.379480382597508,-14.483239259448998,1.5062309590703185,,0.8396043420151523,534
30,0.3,0.1,0.55,0.9,24,20,20000,50042.26419982577,30042.264199825768,150.21132099912884,16.634348179514504,0.7249009146036077,0.6283229541563863,-37.35852564811799,0.4452624371795168,21.782295938219082,194,134,60,69.0721649484536,822.7406668775931,-1313.306419362859,2855.6650813768206,-7429.1980451611125,1.3991054402353809,5.922680412371134,30,71,42.25352112676056,13.379480382597508,-14.483239259448998,1.5062309590703185,,0.8276682865797391,441
30,0.3,0.1,0.55,0.7,24,20,20000,50042.26419982577,30042.264199825768,150.21132099912884,16.634348179514504,0.7249009146036077,0.6283229541563863,-37.35852564811799,0.4452624371795168,21.782295938219082,194,134,60,69.0721649484536,822.7406668775931,-1313.306419362859,2855.6650813768206,-7429.1980451611125,1.3991054402353809,5.922680412371134,30,71,42.25352112676056,13.379480382597508,-14.483239259448998,1.5062309590703185,,0.8396043420151523,534
30,0.3,0.1,0.55,0.9,24,20,20000,50042.26419982577,30042.264199825768,150.21132099912884,16.634348179514504,0.7249009146036077,0.6283229541563863,-37.35852564811799,0.4452624371795168,21.782295938219082,194,134,60,69.0721649484536,822.7406668775931,-1313.306419362859,2855.6650813768206,-7429.1980451611125,1.3991054402353809,5.922680412371134,30,71,42.25352112676056,13.379480382597508,-14.483239259448998,1.5062309590703185,,0.8276682865797391,441
35,0.26,0.08,0.55,0.9,22,20,20000,46676.881065413785,26676.881065413785,133.38440532706892,15.27993679166002,0.7248555971933807,0.5832780864059761,-32.69976269668712,0.46727974552573937,19.534591537967763,110,92,18,83.63636363636363,815.3669531245213,-2651.365479002343,1668.5663359379475,-8350.060397527403,1.571805594797016,10.2,37,71,52.112676056338024,13.174553718501203,-15.639746170025237,1.3754983307570836,,0.7849275095096163,156
30,0.26,0.16,0.6,0.7,20,20,20000,58513.40280473138,38513.40280473138,192.56701402365687,19.73512307283263,0.7243014907968114,0.6225464041524964,-42.90997466894185,0.459919243138516,27.347897369173285,188,138,50,73.40425531914893,992.1094862483535,-1915.3041259508225,3384.730370203077,-12639.449200859626,1.4296539880767543,9.72872340425532,33,71,46.478873239436616,18.31636369758458,-19.987407590846228,1.8402040870945495,,0.8345984296819541,359
30,0.3,0.12,0.6,0.9,22,15,20000,63767.91870853537,43767.91870853537,218.83959354267682,21.475162159184723,0.7239911143804315,0.7606370402623173,-42.77859560331769,0.5020071803740845,30.743674344841885,291,195,96,67.0103092783505,933.4211981877407,-1411.6178639382713,3615.928834415648,-6754.197732134345,1.3431480694988989,6.972508591065292,42,71,59.154929577464785,18.19858012789899,-17.449854392012153,2.0296803884460783,,0.8894836616037363,373
30,0.28,0.1,0.55,0.7,20,20,20000,52719.539032387154,32719.539032387154,163.59769516193577,17.658694384929685,0.7233947409583303,0.6093381360923679,-37.88231982966155,0.46614606666994746,23.63023195139686,163,123,40,75.4601226993865,884.2762658545331,-1873.9585416930058,2272.8153606033165,-7794.1235778410755,1.4510190364436266,8.803680981595091,33,71,46.478873239436616,16.132295593428637,-14.984440511245001,1.5903122188471488,,0.8384687351659309,650
30,0.28,0.14,0.6,0.5,20,20,20000,57206.96245941688,37206.96245941688,186.0348122970844,19.282373528183005,0.7220287249496952,0.6217117904910245,-39.9824948470863,0.48227039362923085,26.63298081288864,160,116,44,72.5,1083.47406290733,-1974.0052008598466,3031.523033142891,-9629.04368934043,1.4470233508745742,9.5875,33,71,46.478873239436616,16.872181535376598,-18.680220992098306,1.7737335068316002,,0.8380812737381271,309
35,0.24,0.14,0.55,0.9,22,15,20000,62147.1119829134,42147.1119829134,210.735559914567,20.951576076712342,0.7216034477593471,0.7696676967733443,-43.828765514965376,0.47803253937322066,29.858613400767165,246,179,67,72.76422764227642,827.896796734281,-1539.3584273510844,2840.158770163898,-9764.718401354889,1.4368607346591336,11.467479674796747,41,71,57.74647887323944,19.31634489082279,-17.500470141852077,1.9740310518083506,,0.8914024013287546,337
30,0.3,0.1,0.6,0.5,24,15,20000,58837.28849568566,38837.28849568566,194.1864424784283,19.846063670425764,0.7209209111557177,0.7422028565583458,-42.59162644625603,0.46596162969893606,27.777613460403437,328,220,108,67.07317073170732,801.4614885449787,-1248.7596202241596,3212.623216548923,-8633.094453996258,1.30738270959778,6.097560975609756,44,71,61.97183098591549,16.18561943780059,-15.406424062224943,1.8605157144250983,,0.929363988147516,205
30,0.3,0.1,0.5,0.5,22,15,20000,61530.29115517687,41530.29115517687,207.65145577588436,20.7493295568298,0.720871917644329,0.7485994560782587,-43.65216777442819,0.4753333136638619,29.531219792657463,294,203,91,69.04761904761905,909.8965011499627,-1545.8351492117074,2880.2522773915857,-7990.154765261401,1.313056647071966,6.554421768707483,43,71,60.56338028169014,16.66610486186133,-17.45722986768333,1.9252413421775518,,0.8885576065892286,234
30,0.28,0.12,0.6,0.7,24,20,20000,50812.41399773957,30812.413997739568,154.06206998869786,16.933596146417763,0.7200715072255646,0.6237706528053468,-38.54485512285129,0.4393218262838584,22.513018870552205,192,134,58,69.79166666666666,828.6472478870709,-1351.4968486056548,2758.8760616302166,-8148.508169914599,1.41654853655382,6.036458333333333,31,71,43.66197183098591,14.37069110650311,-14.44100835103187,1.5205991000127774,,0.8611206724636048,657
30,0.28,0.12,0.6,0.7,24,20,20000,50812.41399773957,30812.413997739568,154.06206998869786,16.933596146417763,0.7200715072255646,0.6237706528053468,-38.54485512285129,0.4393218262838584,22.513018870552205,192,134,58,69.79166666666666,828.6472478870709,-1351.4968486056548,2758.8760616302166,-8148.508169914599,1.41654853655382,6.036458333333333,31,71,43.66197183098591,14.37069110650311,-14.44100835103187,1.5205991000127774,,0.8611206724636048,657
35,0.28,0.14,0.55,0.7,20,20,20000,54316.21044956395,34316.21044956395,171.58105224781974,18.249155096764234,0.7197132478846104,0.6285153255804081,-41.33288419068031,0.4415166145332542,24.871455228430325,122,100,22,81.9672131147541,969.5611262607,-2800.527371659363,2983.4032703504467,-11127.6910426693,1.5736664719139821,12.885245901639344,35,71,49.29577464788733,15.095998216927399,-19.691380075691356,1.675798966405933,,0.8334351792557714,447
30,0.3,0.08,0.55,0.9,24,20,20000,47340.716175718204,27340.716175718204,136.70358087859103,15.553392635308128,0.7195414949491021,0.6037730077106902,-37.11349404937888,0.419076485081534,20.18243380611532,197,141,56,71.57360406091371,699.1170291193959,-1251.992588037794,2348.3848235850305,-7429.1980451611125,1.4059802128862113,5.847715736040609,32,71,45.07042253521127,11.895254722787207,-13.718837439577413,1.3994930354847281,,0.8349164132823489,354
30,0.3,0.08,0.55,0.7,24,20,20000,47340.716175718204,27340.716175718204,136.70358087859103,15.553392635308128,0.7195414949491021,0.6037730077106902,-37.11349404937888,0.419076485081534,20.18243380611532,197,141,56,71.57360406091371,699.1170291193959,-1251.992588037794,2348.3848235850305,-7429.1980451611125,1.4059802128862113,5.847715736040609,32,71,45.07042253521127,11.895254722787207,-13.718837439577413,1.3994930354847281,,0.8489041270647912,436
30,0.3,0.08,0.55,0.9,24,20,20000,47340.716175718204,27340.716175718204,136.70358087859103,15.553392635308128,0.7195414949491021,0.6037730077106902,-37.11349404937888,0.419076485081534,20.18243380611532,197,141,56,71.57360406091371,699.1170291193959,-1251.992588037794,2348.3848235850305,-7429.1980451611125,1.4059802128862113,5.847715736040609,32,71,45.07042253521127,11.895254722787207,-13.718837439577413,1.3994930354847281,,0.8349164132823489,354
30,0.28,0.08,0.6,0.9,24,20,20000,46321.624138757936,26321.624138757936,131.6081206937897,15.132262561027265,0.7193758554737586,0.6013105965668968,-35.61766442725058,0.4248527466458407,19.483039236174385,187,132,55,70.58823529411765,680.6487820291387,-1134.2057288925132,1843.6477570830416,-7429.1980451611125,1.4402652316568774,5.962566844919786,33,71,46.478873239436616,12.333965180419447,-14.461855355393649,1.3467121793620063,,0.8544916229702691,324
35,0.3,0.1,0.5,0.7,20,20,20000,50263.49532285805,30263.49532285805,151.31747661429026,16.720699472547885,0.7190374599782218,0.6184249009813196,-41.77195461179159,0.4002853021349373,22.195869621115172,130,107,23,82.3076923076923,827.2073388112707,-2504.756083910776,2253.91359376583,-9028.370646349225,1.5364020580748075,11.5,35,71,49.29577464788733,13.605710481491439,-18.79330897637366,1.553340595656613,,0.8432183071636369,452
30,0.26,0.16,0.55,0.9,24,20,20000,54196.899268553934,34196.899268553934,170.98449634276966,18.205535901626526,0.7185146207680737,0.628359867269648,-42.7822381286001,0.4255395860053439,24.84824638302106,213,148,65,69.48356807511738,898.2631811056565,-1463.3700236166617,3550.6195174954805,-9908.547123425837,1.3976479859516204,5.995305164319249,32,71,45.07042253521127,15.38580502130078,-16.712764393977587,1.6744328313782582,,0.8438380977099678,307
30,0.26,0.14,0.6,0.5,24,20,20000,52431.755467689945,32431.755467689945,162.1587773384497,17.550690923861744,0.7180063249906089,0.6161376663142801,-40.11050595157197,0.4375584527667598,23.703971903416274,207,145,62,70.04830917874396,842.2032322648682,-1403.00505178574,2971.0972971402334,-9443.913056880247,1.4038929133895277,6.106280193236715,33,71,46.478873239436616,14.202532938513524,-16.898128720097393,1.6099290485266544,,0.8407219581616843,354
45,0.3,0.1,0.55,0.3,24,10,20000,55543.891828521686,35543.891828521686,177.71945914260843,18.693414820875056,0.7169744868694272,0.7948058491093427,-34.563870668287485,0.5408368466679385,25.857604208656994,226,172,54,76.10619469026548,717.7749630119304,-1618.8457328810418,2130.97630326408,-5110.374985164087,1.4122693299587217,14.252212389380531,46,71,64.7887323943662,14.780380302326467,-17.70104270805112,1.7518632227312902,,0.6741309383527603,2
45,0.3,0.12,0.4,0.9,18,10,20000,63663.36381465124,43663.36381465124,218.3168190732562,21.44172289458337,0.7168573235062833,0.862211246923974,-42.54910653974386,0.5039288633371254,31.171274254588777,212,180,32,84.90566037735849,748.8296024514358,-2821.1295670464124,2397.3483411720904,-9500.431468593186,1.4930780078276458,14.367924528301886,44,71,61.97183098591549,23.497056702558773,-20.54756447721806,2.030661506129639,,0.5927370043048787,2
35,0.24,0.12,0.6,0.7,22,20,20000,49599.795007930086,29599.795007930086,147.99897503965042,16.460685400774366,0.7163827436132593,0.6192595903306799,-33.359010069380965,0.49344046380689927,21.86411965481171,147,114,33,77.55102040816327,734.7182037829697,-1607.3145522220705,2271.907871191607,-7396.371425147719,1.5791043686759245,11.476190476190476,36,71,50.70422535211267,17.677654555382883,-17.207226284750156,1.5009311863413144,,0.8267481354532293,408
35,0.28,0.1,0.6,0.9,22,20,20000,48724.85847359855,28724.85847359855,143.62429236799275,16.113455352437423,0.7163534833222146,0.6238442839895764,-30.066609048520853,0.5359252626870517,21.259940603521585,121,95,26,78.51239669421489,845.501264064066,-1958.1792927879824,1931.9259375135682,-6323.565842997104,1.577655096829297,11.330578512396695,35,71,49.29577464788733,11.978367897723242,-14.614527991575365,1.4451919277935636,,0.8226393058822721,522
30,0.3,0.1,0.55,0.5,24,15,20000,58362.52687944581,38362.52687944581,191.81263439722903,19.683268958571134,0.7162233468553025,0.7351071935962419,-42.98856287916046,0.45787222554753,27.770443704331132,332,220,112,66.26506024096386,813.5526429541999,-1231.5237015221235,3212.623216548923,-8633.094453996258,1.297620039629918,5.957831325301205,44,71,61.97183098591549,16.621796110468257,-15.42421533962094,1.8536044352327026,,0.9087741612764195,247
45,0.22,0.14,0.55,0.5,20,10,20000,61032.078978079444,41032.078978079444,205.16039489039724,20.58473754558303,0.7153549044005446,0.8101352113681393,-45.446176322475566,0.4529476231293584,29.587501682927424,290,234,56,80.6896551724138,568.4654745804668,-1604.0462959487215,2081.1155320363237,-9229.47262172064,1.480863486428432,16.49310344827586,45,71,63.38028169014085,21.459594067131672,-19.05000284376549,1.9649081645653348,,0.5653582157809411,5
35,0.28,0.14,0.6,0.9,22,20,20000,53579.33407018071,33579.33407018071,167.89667035090355,17.97847334114506,0.7142883740131917,0.6421634089419186,-32.508435827263824,0.55304024582035,24.65344943958775,128,95,33,74.21875,1001.2291629349205,-1832.1920123829277,2851.7707033235724,-7622.947376079062,1.573157375791232,11.71875,35,71,49.29577464788733,14.5703670438605,-15.409356163087494,1.6269308626465384,,0.8211949682601553,425
35,0.3,0.08,0.6,0.7,22,20,20000,45989.63391205769,25989.63391205769,129.94816956028845,14.993405451965547,0.7125164139538279,0.6142561555981486,-27.62169206737561,0.5428127073241281,19.508271718465256,98,78,20,79.59183673469387,919.9042378653417,-2263.5098320719476,2071.5663113385126,-6756.667651270928,1.5849838497899649,11.295918367346939,35,71,49.29577464788733,13.581313788907256,-15.507681704708009,1.3445213487529122,,0.84063528390059,422
35,0.28,0.16,0.6,0.7,22,15,20000,65465.53623326488,45465.53623326488,227.32768116632437,22.011817584622296,0.7119309991575702,0.7703954085970262,-40.49211684802669,0.5436074796295813,32.81489378698825,253,180,73,71.14624505928853,892.3087478657693,-1541.8703888023724,3557.973224297741,-8730.071717990666,1.4269768502467213,12.300395256916996,42,71,59.154929577464785,19.06998472073824,-23.166153282412406,2.1558643662293684,,0.8870862258549059,285
30,0.26,0.1,0.6,0.9,20,20,20000,50136.189163731884,30136.189163731884,150.68094581865944,16.67104785548299,0.7108344555094266,0.598489243907969,-38.973285899953574,0.4277557683557508,22.483012994663465,151,111,40,73.50993377483444,936.4065712748715,-1815.7435061944693,2315.196830499887,-9328.483197400854,1.4311097500405774,9.119205298013245,33,71,46.478873239436616,15.915946856206276,-16.037825629393133,1.5084169534963843,,0.8303867795726554,204
45,0.24,0.08,0.55,0.3,18,10,20000,51015.1722741837,31015.1722741837,155.07586137091852,17.0117514978783,0.7107048939155952,0.7669690924593271,-31.170778296621688,0.5457596000970578,23.118275048797756,231,193,38,83.54978354978356,504.50440772780905,-1728.259122139687,1322.4160264820068,-5502.409174299732,1.4826198809896256,14.2987012987013,44,71,61.97183098591549,13.594441552578296,-18.902205220502143,1.5679086727981315,,0.7107048939155952,1
30,0.24,0.14,0.6,0.7,24,20,20000,51235.497784856416,31235.497784856416,156.17748892428207,17.09638579534247,0.7104789174300553,0.6133700054256154,-39.86572422975027,0.42884924645578343,23.258309046648666,209,146,63,69.85645933014354,798.09640591876,-1306.645674274324,2758.8760616302166,-8865.542163065222,1.41549984562695,6.028708133971292,30,71,42.25352112676056,14.081984849426865,-15.746111486815796,1.5560472888638155,,0.8413791882929774,376
30,0.24,0.14,0.6,0.9,24,20,20000,51235.497784856416,31235.497784856416,156.17748892428207,17.09638579534247,0.7104789174300553,0.6133700054256154,-39.86572422975027,0.42884924645578343,23.258309046648666,209,146,63,69.85645933014354,798.09640591876,-1306.645674274324,2758.8760616302166,-8865.542163065222,1.41549984562695,6.028708133971292,30,71,42.25352112676056,14.081984849426865,-15.746111486815796,1.5560472888638155,,0.8474844123398455,330
30,0.24,0.14,0.6,0.7,24,20,20000,51235.497784856416,31235.497784856416,156.17748892428207,17.09638579534247,0.7104789174300553,0.6133700054256154,-39.86572422975027,0.42884924645578343,23.258309046648666,209,146,63,69.85645933014354,798.09640591876,-1306.645674274324,2758.8760616302166,-8865.542163065222,1.41549984562695,6.028708133971292,30,71,42.25352112676056,14.081984849426865,-15.746111486815796,1.5560472888638155,,0.8413791882929774,376
30,0.24,0.14,0.6,0.9,24,20,20000,51235.497784856416,31235.497784856416,156.17748892428207,17.09638579534247,0.7104789174300553,0.6133700054256154,-39.86572422975027,0.42884924645578343,23.258309046648666,209,146,63,69.85645933014354,798.09640591876,-1306.645674274324,2758.8760616302166,-8865.542163065222,1.41549984562695,6.028708133971292,30,71,42.25352112676056,14.081984849426865,-15.746111486815796,1.5560472888638155,,0.8474844123398455,330
30,0.24,0.16,0.6,0.7,20,20,20000,56205.141323445794,36205.141323445794,181.02570661722896,18.92932414741231,0.7093562539417169,0.6028350433566056,-41.926449598299044,0.4514888412631122,26.742189269643724,189,137,52,72.4867724867725,945.1757820422011,-1736.4219387756855,3201.8811513513137,-10991.520669230176,1.4340838484740814,9.571428571428571,32,71,45.07042253521127,17.834485972249347,-19.077963504128338,1.7615559424999907,,0.8375976432409101,293
35,0.26,0.12,0.55,0.9,20,20,20000,51052.888010190836,31052.888010190836,155.2644400509542,17.0262609079209,0.7083112234329193,0.6191655904641673,-39.81222651454429,0.42766412226909306,23.233211007847952,121,99,22,81.81818181818183,862.4403914992531,-2428.477761283417,2211.171565978963,-9223.004415408568,1.5981129510922898,12.59504132231405,36,71,50.70422535211267,12.753340152213987,-18.547927488493144,1.572007179943478,,0.841958015903813,463
45,0.3,0.08,0.4,0.5,20,20,20000,43853.07850558177,23853.07850558177,119.26539252790884,14.079261124099652,0.7082775402501486,0.5983638339761251,-26.880289615254476,0.5237763925024721,18.12834295094724,115,100,15,86.95652173913044,615.6023192596809,-2484.8635613590964,1735.9968093156608,-5352.340954740406,1.6516059575868682,11.4,35,71,49.29577464788733,11.012037678145159,-14.720958754908587,1.2436276051876864,,0.4576664161439333,3
40,0.26,0.1,0.55,0.5,18,20,20000,46338.831635392795,26338.831635392795,131.69415817696398,15.13943710729695,0.707707315058501,0.6097612758882388,-34.26890233774305,0.4417835435196502,19.94454427369475,103,87,16,84.46601941747572,782.5282087344741,-2572.338907781649,1755.9334996496004,-6333.917443350866,1.6541355115073682,12.970873786407767,35,71,49.29577464788733,11.904510311292427,-16.21560392730833,1.3715269335386686,,0.47113023475662247,11
30,0.26,0.16,0.6,0.7,24,20,20000,53342.99425888468,33342.99425888468,166.7149712944234,17.891000846689376,0.7072124929022517,0.6195925891167277,-42.93131759325334,0.41673542415341447,24.878964010272046,223,149,74,66.81614349775785,889.0144731967316,-1291.291381722001,3550.6195174954805,-9908.547123425837,1.386242238450942,6.116591928251121,32,71,45.07042253521127,15.9224423802232,-16.084414430503134,1.6487902462743786,,0.8396180729316615,352
35,0.3,0.1,0.6,0.9,22,20,20000,48641.11850131484,28641.118501314842,143.20559250657422,16.07995061791174,0.7070301220388616,0.6131740807915902,-31.815028126950907,0.5054199717739748,21.608018679881198,129,100,29,77.51937984496125,823.1946662018385,-1829.1464868575486,2071.5663113385126,-6818.592486570481,1.5518725906553297,11.426356589147288,35,71,49.29577464788733,13.439980125342021,-15.280929842848368,1.468930175965237,,0.8196066161639137,421
35,0.3,0.1,0.6,0.9,22,20,20000,48641.11850131484,28641.118501314842,143.20559250657422,16.07995061791174,0.7070301220388616,0.6131740807915902,-31.815028126950907,0.5054199717739748,21.608018679881198,129,100,29,77.51937984496125,823.1946662018385,-1829.1464868575486,2071.5663113385126,-6818.592486570481,1.5518725906553297,11.426356589147288,35,71,49.29577464788733,13.439980125342021,-15.280929842848368,1.468930175965237,,0.8196066161639137,421
30,0.24,0.12,0.6,0.7,24,20,20000,49009.49028251509,29009.490282515093,145.04745141257547,16.226980692345915,0.7065563305842479,0.5974166612080781,-39.70344299218477,0.4087046228091613,21.894090922838338,198,137,61,69.1919191919192,782.0580674465393,-1243.0748353714891,2758.8760616302166,-8352.552373278468,1.4129684277742505,6.03030303030303,30,71,42.25352112676056,13.042046480673752,-14.892462420517704,1.4690715883938659,,0.8556806462983136,350
30,0.26,0.1,0.5,0.9,24,20,20000,47394.02256576001,27394.02256576001,136.97011282880004,15.575212616009381,0.7060793935824846,0.5919167138164536,-36.772001923092525,0.42356172635323047,20.763371606531138,205,150,55,73.17073170731707,680.2421281449014,-1326.8308482904567,1925.888183305441,-6852.713671856565,1.3982232975830133,5.492682926829269,32,71,45.07042253521127,13.160106376495207,-14.348211169209247,1.4008578134062109,,0.8004098068586027,133
30,0.3,0.1,0.5,0.7,20,15,20000,61721.56656436179,41721.56656436179,208.60783282180898,20.81222576008177,0.7052081295773832,0.7366643200739496,-49.42468687961613,0.4210896835982831,30.81910358553117,244,190,54,77.8688524590164,808.2539241690877,-2039.9866486623114,2966.4909630454054,-8450.32091653727,1.3940563786135614,9.073770491803279,43,71,60.56338028169014,18.05488196517384,-26.025995255020838,2.047073485295872,,0.9143249528762577,392
35,0.28,0.14,0.6,0.9,20,15,20000,62905.78903807676,42905.78903807676,214.52894519038378,21.198056697986466,0.7049858967915091,0.7589819444600642,-42.671302518070966,0.49677547782867076,31.632318266911547,207,164,43,79.22705314009661,781.1860298964401,-1944.4725549985865,3246.7453277879463,-7634.4479793089195,1.5322444002266928,14.27536231884058,41,71,57.74647887323944,16.005757648896267,-24.349070177407494,2.0170754973731415,,0.918351714202187,325
35,0.28,0.14,0.45,0.9,18,10,20000,67884.80866900938,47884.80866900938,239.42404334504687,22.7569329619816,0.7040543451783505,0.8441406395993896,-47.8229748915419,0.47585774439152373,35.21510251768919,339,273,66,80.53097345132744,667.9325111164757,-2023.5360021302185,2857.4519906276532,-9716.57015548408,1.3653385695232358,11.96755162241888,43,71,60.56338028169014,18.984701709080866,-22.69224451678977,2.317955278818667,,0.6105477248311423,4
30,0.26,0.12,0.6,0.5,24,20,20000,49359.576092053576,29359.576092053576,146.79788046026786,16.365862287164724,0.7039863183134801,0.5881517962308862,-40.06003350375506,0.4085334148717239,22.26561935658626,200,144,56,72.0,773.3726179203468,-1426.5318015799348,2758.8760616302166,-8333.767989919766,1.3940610674633163,5.99,31,71,43.66197183098591,13.596101968158036,-14.759763333350973,1.4978958284847563,,0.8502589421566549,345
35,0.24,0.14,0.6,0.7,24,20,20000,49130.02156667134,29130.02156667134,145.6501078333567,16.274889257122148,0.7032195120430652,0.6066692861531766,-37.430304176769866,0.4348051562782311,22.12861840985174,147,108,39,73.46938775510205,811.366113732532,-1461.3697106779994,2271.907871191607,-8086.841725831554,1.5375027899113178,11.013605442176871,33,71,46.478873239436616,15.36660848838849,-15.313927887548084,1.476437185273112,,0.8413791882929774,376
30,0.28,0.14,0.6,0.7,24,20,20000,52202.252510919214,32202.252510919214,161.01126255459607,17.46420566292295,0.7030969329026756,0.614286625117691,-39.431757677927074,0.44289696151939434,24.30381133865735,193,131,62,67.87564766839378,912.0834733244465,-1370.6400402352144,2814.9856736326847,-9368.9167007318,1.4060176679657337,6.124352331606218,31,71,43.66197183098591,15.63064154417737,-15.915190042205197,1.5894979607645574,,0.8410406458253632,414
30,0.28,0.14,0.6,0.9,24,20,20000,52202.252510919214,32202.252510919214,161.01126255459607,17.46420566292295,0.7030969329026756,0.614286625117691,-39.431757677927074,0.44289696151939434,24.30381133865735,193,131,62,67.87564766839378,912.0834733244465,-1370.6400402352144,2814.9856736326847,-9368.9167007318,1.4060176679657337,6.124352331606218,31,71,43.66197183098591,15.63064154417737,-15.915190042205197,1.5894979607645574,,0.8485234849368649,365
30,0.28,0.14,0.6,0.7,24,20,20000,52202.252510919214,32202.252510919214,161.01126255459607,17.46420566292295,0.7030969329026756,0.614286625117691,-39.431757677927074,0.44289696151939434,24.30381133865735,193,131,62,67.87564766839378,912.0834733244465,-1370.6400402352144,2814.9856736326847,-9368.9167007318,1.4060176679657337,6.124352331606218,31,71,43.66197183098591,15.63064154417737,-15.915190042205197,1.5894979607645574,,0.8410406458253632,414
30,0.3,0.1,0.6,0.9,20,15,20000,60687.48253031967,40687.48253031967,203.43741265159835,20.4702394520351,0.7030612378846327,0.7390609933859812,-46.16257243649379,0.443438014209372,30.258864497111514,243,185,58,76.13168724279835,795.3359097019437,-1808.5769097334446,2828.1553626660157,-6452.977219380904,1.4026759296407942,10.012345679012345,42,71,59.154929577464785,17.519830230147292,-26.2987882089594,1.9718264822125895,,0.9167324790752426,315
35,0.3,0.1,0.6,0.7,22,20,20000,48119.2288796141,28119.2288796141,140.59614439807052,15.870051640014914,0.7019888591214941,0.6017472513428368,-28.899801126887066,0.5491405138165514,21.46258287316493,131,103,28,78.62595419847328,773.2562174407554,-1818.4914827422758,2071.5663113385126,-7121.3735342804575,1.5641966187014087,11.366412213740459,35,71,49.29577464788733,12.839608415475844,-15.331181283771688,1.442732095367683,,0.8286780579793591,515
30,0.3,0.08,0.6,0.9,22,15,20000,55883.1806727123,35883.1806727123,179.41590336356148,18.81475072136154,0.7016045622163316,0.7106873084666195,-36.307712657214076,0.5182025895983615,27.008025334545234,271,186,85,68.63468634686348,769.2596118919244,-1240.6259663433605,2565.9022573350776,-5585.704300697914,1.3568320176649193,6.856088560885609,41,71,57.74647887323944,15.170727327883405,-17.031555709035075,1.7459997986025941,,0.8980813866581122,294
35,0.3,0.1,0.5,0.9,22,20,20000,48591.543805471425,28591.543805471425,142.95771902735711,16.060092934277705,0.7015964697179918,0.588701863920566,-35.44693969539946,0.4530741743091038,21.82252120167282,117,97,20,82.90598290598291,890.5875518111579,-2856.1674360105403,1931.9259375135682,-8691.549382839477,1.5122886606106436,10.102564102564102,34,71,47.88732394366197,18.247522782550973,-15.604456744994,1.4847837211071224,,0.8073484212444684,424
35,0.3,0.1,0.5,0.9,22,20,20000,48591.543805471425,28591.543805471425,142.95771902735711,16.060092934277705,0.7015964697179918,0.588701863920566,-35.44693969539946,0.4530741743091038,21.82252120167282,117,97,20,82.90598290598291,890.5875518111579,-2856.1674360105403,1931.9259375135682,-8691.549382839477,1.5122886606106436,10.102564102564102,34,71,47.88732394366197,18.247522782550973,-15.604456744994,1.4847837211071224,,0.8073484212444684,424
30,0.28,0.14,0.6,0.7,20,20,20000,55149.870892479776,35149.870892479776,175.74935446239888,18.551729169626174,0.7005181150757614,0.6056560564648898,-41.47310870629823,0.4473194739512945,26.5325196160446,163,118,45,72.39263803680981,1069.9284159561757,-1988.688493118864,3031.523033142891,-11245.222926622546,1.4107740242954256,9.625766871165645,33,71,46.478873239436616,16.45508808813283,-17.648806384877467,1.7107111772545267,,0.8372971171248177,422
30,0.28,0.14,0.6,0.7,20,20,20000,55149.870892479776,35149.870892479776,175.74935446239888,18.551729169626174,0.7005181150757614,0.6056560564648898,-41.47310870629823,0.4473194739512945,26.5325196160446,163,118,45,72.39263803680981,1069.9284159561757,-1988.688493118864,3031.523033142891,-11245.222926622546,1.4107740242954256,9.625766871165645,33,71,46.478873239436616,16.45508808813283,-17.648806384877467,1.7107111772545267,,0.8372971171248177,422
30,0.28,0.14,0.6,0.7,20,20,20000,55149.870892479776,35149.870892479776,175.74935446239888,18.551729169626174,0.7005181150757614,0.6056560564648898,-41.47310870629823,0.4473194739512945,26.5325196160446,163,118,45,72.39263803680981,1069.9284159561757,-1988.688493118864,3031.523033142891,-11245.222926622546,1.4107740242954256,9.625766871165645,33,71,46.478873239436616,16.45508808813283,-17.648806384877467,1.7107111772545267,,0.8372971171248177,422
30,0.28,0.14,0.6,0.7,20,20,20000,55149.870892479776,35149.870892479776,175.74935446239888,18.551729169626174,0.7005181150757614,0.6056560564648898,-41.47310870629823,0.4473194739512945,26.5325196160446,163,118,45,72.39263803680981,1069.9284159561757,-1988.688493118864,3031.523033142891,-11245.222926622546,1.4107740242954256,9.625766871165645,33,71,46.478873239436616,16.45508808813283,-17.648806384877467,1.7107111772545267,,0.8372971171248177,422
35,0.24,0.14,0.6,0.9,22,20,20000,50888.876416699706,30888.876416699706,154.44438208349854,16.9630998369797,0.7003112877015085,0.6124521189806316,-30.301650174914307,0.5598077906338865,23.521460047859602,134,101,33,75.3731343283582,870.8852136746218,-1687.6918231647599,2515.794801559264,-7007.778068208911,1.579338435180971,11.67910447761194,36,71,50.70422535211267,12.714718826676986,-15.79397758693828,1.5346306558105687,,0.8192626928315739,383
30,0.24,0.14,0.55,0.9,24,20,20000,50671.64367748196,30671.64367748196,153.3582183874098,16.879181927934738,0.7001557332183964,0.6025564740782807,-38.65028664223027,0.4367155691283314,23.375137555760666,204,147,57,72.05882352941177,803.9231848034075,-1482.17306120384,2758.8760616302166,-8865.542163065222,1.3988080313492395,5.857843137254902,30,71,42.25352112676056,14.155746160468464,-15.5814891094876,1.549093109151866,,0.8470112958333159,332
30,0.24,0.14,0.55,0.7,24,20,20000,50671.64367748196,30671.64367748196,153.3582183874098,16.879181927934738,0.7001557332183964,0.6025564740782807,-38.65028664223027,0.4367155691283314,23.375137555760666,204,147,57,72.05882352941177,803.9231848034075,-1482.17306120384,2758.8760616302166,-8865.542163065222,1.3988080313492395,5.857843137254902,30,71,42.25352112676056,14.155746160468464,-15.5814891094876,1.549093109151866,,0.8409959495837869,378
30,0.24,0.14,0.55,0.7,24,20,20000,50671.64367748196,30671.64367748196,153.3582183874098,16.879181927934738,0.7001557332183964,0.6025564740782807,-38.65028664223027,0.4367155691283314,23.375137555760666,204,147,57,72.05882352941177,803.9231848034075,-1482.17306120384,2758.8760616302166,-8865.542163065222,1.3988080313492395,5.857843137254902,30,71,42.25352112676056,14.155746160468464,-15.5814891094876,1.549093109151866,,0.8409959495837869,378
35,0.3,0.1,0.55,0.9,22,15,20000,56828.617776926316,36828.617776926316,184.14308888463157,19.149651196954576,0.6999065495116594,0.7441940365337207,-42.53552267371607,0.45020373544834086,27.75562918148203,190,143,47,75.26315789473685,816.5695248498382,-1677.2749846085205,2614.891576193009,-7242.957819032898,1.4812456136908907,11.663157894736843,41,71,57.74647887323944,17.349550295501626,-19.709143730813683,1.8139659178849046,,0.873089390038275,447
35,0.3,0.1,0.55,0.9,22,15,20000,56828.617776926316,36828.617776926316,184.14308888463157,19.149651196954576,0.6999065495116594,0.7441940365337207,-42.53552267371607,0.45020373544834086,27.75562918148203,190,143,47,75.26315789473685,816.5695248498382,-1677.2749846085205,2614.891576193009,-7242.957819032898,1.4812456136908907,11.663157894736843,41,71,57.74647887323944,17.349550295501626,-19.709143730813683,1.8139659178849046,,0.873089390038275,447
30,0.22,0.1,0.45,0.5,18,10,20000,60945.32139824989,40945.32139824989,204.72660699124944,20.555961623404627,0.6997960936753125,0.7681393679505854,-47.301059678225975,0.4345771905162438,30.733205391982704,365,285,80,78.08219178082192,550.9113545274279,-1405.792683025836,2058.8020296397813,-7586.773484573268,1.3960961130339675,7.980821917808219,45,71,63.38028169014085,19.01384970548854,-26.84515566701775,2.054913162597247,,0.6768258373217398,2
35,0.3,0.12,0.55,0.5,20,20,20000,51696.10070592172,31696.100705921723,158.4805035296086,17.272344624458412,0.6990555766272595,0.6115182204254695,-37.984759298603976,0.45471775900112676,24.162924722787945,112,89,23,79.46428571428571,1003.0631918673502,-2470.8836247944496,2485.704705728305,-9504.303421890989,1.5708625040640225,12.526785714285714,36,71,50.70422535211267,14.885457887829578,-17.080245097727932,1.5732542475800522,,0.8168790762120265,271
35,0.3,0.12,0.6,0.3,20,20,20000,49543.988122383555,29543.988122383555,147.71994061191776,16.43869053697329,0.6984154302882553,0.5971935588433357,-35.227488502145455,0.4666438408168702,22.664319500102707,139,108,31,77.6978417266187,799.4938622760376,-1809.8241614009169,2455.25550322562,-5982.387014315114,1.5390077749405968,12.453237410071942,34,71,47.88732394366197,13.421326632384222,-16.25669450490037,1.5089378990190796,,0.8188210122503725,60
30,0.28,0.12,0.6,0.7,20,20,20000,52538.437008511166,32538.437008511166,162.69218504255582,17.5907852833439,0.6978073480988903,0.5941150461293343,-37.047869428324006,0.4748123321201115,24.839309958776155,148,109,39,73.64864864864865,1021.8031114256636,-1989.023131715029,2632.1427363901075,-9679.687912221707,1.4357845570018166,9.43918918918919,33,71,46.478873239436616,17.804156376796133,-16.53161419168154,1.6117434381511266,,0.8551377568074869,668
35,0.26,0.12,0.6,0.7,22,15,20000,59017.152288098485,39017.152288098485,195.08576144049243,19.90745311679978,0.6977064805812953,0.7356344849610594,-41.197496672404654,0.48321997025936775,29.470324410369823,211,156,55,73.93364928909952,853.1430053366979,-1678.181028080478,2688.998622490163,-7929.182095580392,1.4419325188789787,11.976303317535544,42,71,59.154929577464785,17.79293581070349,-23.429761341907284,1.9089002761475362,,0.8892710096121804,495
30,0.3,0.1,0.55,0.9,20,15,20000,60532.80988999687,40532.80988999687,202.66404944998433,20.418670795664127,0.6958789541966262,0.7401363553604319,-49.575424636932674,0.4118708199718099,30.70199257596134,231,175,56,75.75757575757575,876.8240857086575,-1987.4197340896087,2779.7274454463336,-8450.32091653727,1.3787099025132303,9.402597402597403,42,71,59.154929577464785,17.14260767487783,-26.2987882089594,1.9913027720132366,,0.8954255678336311,388
30,0.3,0.1,0.55,0.9,20,15,20000,60532.80988999687,40532.80988999687,202.66404944998433,20.418670795664127,0.6958789541966262,0.7401363553604319,-49.575424636932674,0.4118708199718099,30.70199257596134,231,175,56,75.75757575757575,876.8240857086575,-1987.4197340896087,2779.7274454463336,-8450.32091653727,1.3787099025132303,9.402597402597403,42,71,59.154929577464785,17.14260767487783,-26.2987882089594,1.9913027720132366,,0.8954255678336311,388
30,0.3,0.08,0.55,0.9,22,15,20000,55511.60856442387,35511.60856442387,177.55804282211935,18.681837623825604,0.6958274145093468,0.7082029647048773,-39.48272624725387,0.47316483433372275,27.11227102835119,296,203,93,68.58108108108108,730.3396490168041,-1192.9068837202926,2565.9022573350776,-6060.658530365848,1.336384479278329,6.8108108108108105,43,71,60.56338028169014,15.626996156700734,-16.527340399399716,1.7424263186710307,,0.8766103167136533,360
30,0.22,0.16,0.6,0.5,20,20,20000,54252.42920999419,34252.42920999419,171.26214604997094,18.22584712657185,0.6953124694594897,0.5784577668054058,-42.82343512775894,0.4256045100585011,26.235911176013833,181,133,48,73.48066298342542,943.502552392344,-1825.2960470455691,2875.7345069826297,-8753.145362081657,1.4322544151044885,9.375690607734807,34,71,47.88732394366197,17.53838703680124,-17.983045459090118,1.7032376597925039,,0.77124940285866,85
30,0.3,0.08,0.55,0.7,22,15,20000,55509.512252766384,35509.512252766384,177.54756126383194,18.68108566556932,0.695126935578217,0.7067169143968056,-39.213066900380525,0.4763995051197599,27.157113007838195,295,203,92,68.8135593220339,728.6448894616101,-1202.2130468254386,2565.9022573350776,-6060.658530365848,1.3373426556539305,6.813559322033898,43,71,60.56338028169014,15.720095321402482,-16.731376766405358,1.74643057019668,,0.8888942825296067,442
30,0.3,0.08,0.55,0.7,22,15,20000,55509.512252766384,35509.512252766384,177.54756126383194,18.68108566556932,0.695126935578217,0.7067169143968056,-39.213066900380525,0.4763995051197599,27.157113007838195,295,203,92,68.8135593220339,728.6448894616101,-1202.2130468254386,2565.9022573350776,-6060.658530365848,1.3373426556539305,6.813559322033898,43,71,60.56338028169014,15.720095321402482,-16.731376766405358,1.74643057019668,,0.8888942825296067,442
30,0.26,0.16,0.45,0.3,20,20,20000,54159.44473842411,34159.44473842411,170.79722369212053,18.191826349691187,0.6940607598129661,0.5743107602368785,-37.150792728611364,0.489675320862828,26.250330102338886,174,132,42,75.86206896551724,938.199378424738,-2071.4517431819318,2594.6179396620323,-7121.130835001443,1.4234589956592327,7.563218390804598,31,71,43.66197183098591,21.063234809162388,-22.59164081744901,1.7654454525215595,,0.7146815103430398,3
30,0.28,0.16,0.6,0.5,22,15,20000,64455.460904865606,44455.460904865606,222.27730452432803,21.693925807163673,0.6932216187904083,0.7397677056479112,-46.309995455929524,0.4684501821601018,33.82317696603492,340,222,118,65.29411764705883,966.0031251815279,-1398.6138380121465,3615.928834415648,-8347.029704752713,1.2994263753820359,7.094117647058823,41,71,57.74647887323944,20.32020371911145,-18.33566653014134,2.110757169480182,,0.8918018337073133,241
35,0.3,0.08,0.55,0.3,24,20,20000,43253.06767681236,23253.06767681236,116.26533838406179,13.815881216749105,0.6928744655367265,0.5751199632908806,-30.08347761005051,0.45925146672981026,18.225540015317033,134,98,36,73.13432835820896,683.3734558729168,-1199.7869721870406,1610.389854915665,-4549.091754277959,1.5505205930541148,9.656716417910447,32,71,45.07042253521127,11.73158793753677,-16.60903600408514,1.2573181354275382,,0.8843496171110481,92
35,0.3,0.12,0.55,0.5,24,20,20000,48395.38506094158,28395.385060941582,141.97692530470792,15.981353695152034,0.6927395203258051,0.601342416682629,-38.23142877162128,0.4180161246553986,22.08416608708276,136,96,40,70.58823529411765,899.6829077059443,-1428.0668519707215,2376.2814343997607,-6978.249618869921,1.5120013292896848,10.323529411764707,32,71,45.07042253521127,13.866556162120824,-16.02116348233975,1.4692431365072154,,0.822460165293055,267
35,0.28,0.1,0.5,0.9,20,20,20000,48464.33444245245,28464.334442452448,142.32167221226223,16.00906059198777,0.692672510322984,0.5879481533172759,-39.43917802393218,0.40591770402195687,22.139777272429143,120,101,19,84.16666666666667,808.611038106009,-2764.2252845397034,2129.6478824288693,-7505.71972947822,1.5550129248544775,10.9,36,71,50.70422535211267,13.559465545390804,-19.446370613675633,1.5032080069783813,,0.8302459299074292,412
30,0.26,0.16,0.55,0.7,20,20,20000,55544.67755065203,35544.67755065203,177.72338775326014,18.69369652120487,0.6916590491085994,0.5962299144230521,-43.695655820357956,0.42781590458462493,27.390046252495708,189,141,48,74.60317460317461,970.321045341705,-2054.5539550526682,3237.568180194248,-10897.438796337765,1.387317214854156,9.248677248677248,32,71,45.07042253521127,18.02853247146199,-18.4978458683421,1.7585147198330584,,0.833806008413746,360
35,0.3,0.1,0.55,0.7,22,20,20000,48190.02220178482,28190.02220178482,140.9501110089241,15.89863476649127,0.6913227765917254,0.5886689125000062,-33.90925279556905,0.468858304320075,22.001379103187173,120,94,26,78.33333333333333,873.038220279625,-2047.5373270961488,1981.749866822617,-9028.370646349225,1.541544033640713,11.158333333333333,34,71,47.88732394366197,19.033427391979508,-16.328504599282013,1.4746095031069764,,0.8104923283078053,628
35,0.3,0.1,0.55,0.7,22,20,20000,48190.02220178482,28190.02220178482,140.9501110089241,15.89863476649127,0.6913227765917254,0.5886689125000062,-33.90925279556905,0.468858304320075,22.001379103187173,120,94,26,78.33333333333333,873.038220279625,-2047.5373270961488,1981.749866822617,-9028.370646349225,1.541544033640713,11.158333333333333,34,71,47.88732394366197,19.033427391979508,-16.328504599282013,1.4746095031069764,,0.8104923283078053,628
35,0.3,0.1,0.55,0.7,22,20,20000,48190.02220178482,28190.02220178482,140.9501110089241,15.89863476649127,0.6913227765917254,0.5886689125000062,-33.90925279556905,0.468858304320075,22.001379103187173,120,94,26,78.33333333333333,873.038220279625,-2047.5373270961488,1981.749866822617,-9028.370646349225,1.541544033640713,11.158333333333333,34,71,47.88732394366197,19.033427391979508,-16.328504599282013,1.4746095031069764,,0.8104923283078053,628
35,0.3,0.1,0.55,0.7,22,20,20000,48190.02220178482,28190.02220178482,140.9501110089241,15.89863476649127,0.6913227765917254,0.5886689125000062,-33.90925279556905,0.468858304320075,22.001379103187173,120,94,26,78.33333333333333,873.038220279625,-2047.5373270961488,1981.749866822617,-9028.370646349225,1.541544033640713,11.158333333333333,34,71,47.88732394366197,19.033427391979508,-16.328504599282013,1.4746095031069764,,0.8104923283078053,628
35,0.3,0.1,0.55,0.7,22,20,20000,48190.02220178482,28190.02220178482,140.9501110089241,15.89863476649127,0.6913227765917254,0.5886689125000062,-33.90925279556905,0.468858304320075,22.001379103187173,120,94,26,78.33333333333333,873.038220279625,-2047.5373270961488,1981.749866822617,-9028.370646349225,1.541544033640713,11.158333333333333,34,71,47.88732394366197,19.033427391979508,-16.328504599282013,1.4746095031069764,,0.8104923283078053,628
35,0.3,0.1,0.55,0.7,22,20,20000,48190.02220178482,28190.02220178482,140.9501110089241,15.89863476649127,0.6913227765917254,0.5886689125000062,-33.90925279556905,0.468858304320075,22.001379103187173,120,94,26,78.33333333333333,873.038220279625,-2047.5373270961488,1981.749866822617,-9028.370646349225,1.541544033640713,11.158333333333333,34,71,47.88732394366197,19.033427391979508,-16.328504599282013,1.4746095031069764,,0.8104923283078053,628
45,0.3,0.08,0.4,0.5,24,20,20000,42890.96736700785,22890.96736700785,114.45483683503923,13.655459386481784,0.6909456970454859,0.5803061014857666,-26.28849584040141,0.5194462045065137,18.013679772626606,109,95,14,87.1559633027523,590.7308024380856,-2343.932776043592,1735.9968093156608,-6648.651002167295,1.7101729563600037,10.46788990825688,33,71,46.478873239436616,12.84435696679369,-13.614536131699516,1.2183512090237085,,0.36072239562367386,2
30,0.22,0.08,0.4,0.5,18,20,20000,46529.28742298458,26529.287422984577,132.6464371149229,15.21869860603864,0.6900332414078464,0.5562852133246039,-35.65412509222916,0.4268425761863826,20.81928660644192,176,141,35,80.11363636363636,604.9359579341167,-1641.9423613064514,1695.1362983501315,-7781.31665553571,1.4842346319086313,6.573863636363637,32,71,45.07042253521127,15.503722676127719,-15.313712219405652,1.376871369994559,,0.2986340047114747,3
35,0.28,0.12,0.4,0.9,22,10,20000,62196.882191487304,42196.882191487304,210.98441095743655,20.967822058839623,0.6893173131142277,0.8000079983045183,-49.56938445405935,0.4229994439061976,32.48866511649272,315,259,56,82.22222222222221,710.7505825655113,-2506.091100167821,2325.962537799999,-10666.726674722484,1.3116927170546038,9.666666666666666,45,71,63.38028169014085,19.119375786235327,-23.70856991434168,2.1058715858837065,,0.6065360714806806,3
30,0.28,0.1,0.55,0.9,24,20,20000,47278.72356671223,27278.72356671223,136.39361783356114,15.527991380523275,0.688986924606611,0.5825511561452006,-34.813916436623785,0.4460282832237752,21.42259385389602,185,132,53,71.35135135135135,768.527577474474,-1371.8550313192138,2403.9966758855508,-7429.1980451611125,1.3952412170553545,5.864864864864865,31,71,43.66197183098591,13.160992244193004,-13.478244972119258,1.4086271945902198,,0.8343953145130686,535
30,0.28,0.1,0.55,0.7,24,20,20000,47278.72356671223,27278.72356671223,136.39361783356114,15.527991380523275,0.688986924606611,0.5825511561452006,-34.813916436623785,0.4460282832237752,21.42259385389602,185,132,53,71.35135135135135,768.527577474474,-1371.8550313192138,2403.9966758855508,-7429.1980451611125,1.3952412170553545,5.864864864864865,31,71,43.66197183098591,13.160992244193004,-13.478244972119258,1.4086271945902198,,0.843577077055385,638
30,0.28,0.1,0.55,0.9,24,20,20000,47278.72356671223,27278.72356671223,136.39361783356114,15.527991380523275,0.688986924606611,0.5825511561452006,-34.813916436623785,0.4460282832237752,21.42259385389602,185,132,53,71.35135135135135,768.527577474474,-1371.8550313192138,2403.9966758855508,-7429.1980451611125,1.3952412170553545,5.864864864864865,31,71,43.66197183098591,13.160992244193004,-13.478244972119258,1.4086271945902198,,0.8343953145130686,535
30,0.28,0.1,0.55,0.9,24,20,20000,47278.72356671223,27278.72356671223,136.39361783356114,15.527991380523275,0.688986924606611,0.5825511561452006,-34.813916436623785,0.4460282832237752,21.42259385389602,185,132,53,71.35135135135135,768.527577474474,-1371.8550313192138,2403.9966758855508,-7429.1980451611125,1.3952412170553545,5.864864864864865,31,71,43.66197183098591,13.160992244193004,-13.478244972119258,1.4086271945902198,,0.8343953145130686,535
35,0.24,0.14,0.6,0.7,20,20,20000,50578.140826886825,30578.140826886825,152.89070413443412,16.842969191260426,0.6889219330861552,0.6026526945422803,-34.953317779831096,0.48187039918079605,23.891352855741037,138,106,32,76.81159420289855,790.6249590626319,-1625.0282760547489,2376.028423694861,-7634.4479793089195,1.611630526979663,12.673913043478262,35,71,49.29577464788733,14.309088921198665,-18.424530248765336,1.5384270339007273,,0.8416591197644041,383
45,0.26,0.14,0.6,0.3,24,20,20000,45480.80554792828,25480.805547928278,127.40402773964139,14.778956811183974,0.6879518681633028,0.5944385237832671,-33.413481680319876,0.44230520340801827,20.113807273653986,118,95,23,80.50847457627118,811.6581861091197,-2207.505310106003,2259.271471437263,-5113.660001149891,1.518683188731811,13.966101694915254,33,71,46.478873239436616,12.33861382270247,-16.696446087677174,1.3611838927559705,,0.6596196289996981,2
30,0.3,0.1,0.55,0.9,22,15,20000,57895.92886242918,37895.92886242918,189.4796443121459,19.52219612053714,0.6878817746961187,0.7153552521813026,-42.298214765802214,0.46153711755042404,29.405407065991596,287,196,91,68.29268292682927,844.2033156620628,-1377.3881429377473,2779.7274454463336,-6754.197732134345,1.3200956272389546,6.811846689895471,42,71,59.154929577464785,16.780289676619333,-18.991764601563922,1.848724716290558,,0.873089390038275,447
30,0.3,0.1,0.55,0.9,22,15,20000,57895.92886242918,37895.92886242918,189.4796443121459,19.52219612053714,0.6878817746961187,0.7153552521813026,-42.298214765802214,0.46153711755042404,29.405407065991596,287,196,91,68.29268292682927,844.2033156620628,-1377.3881429377473,2779.7274454463336,-6754.197732134345,1.3200956272389546,6.811846689895471,42,71,59.154929577464785,16.780289676619333,-18.991764601563922,1.848724716290558,,0.873089390038275,447
30,0.3,0.1,0.55,0.9,22,15,20000,57895.92886242918,37895.92886242918,189.4796443121459,19.52219612053714,0.6878817746961187,0.7153552521813026,-42.298214765802214,0.46153711755042404,29.405407065991596,287,196,91,68.29268292682927,844.2033156620628,-1377.3881429377473,2779.7274454463336,-6754.197732134345,1.3200956272389546,6.811846689895471,42,71,59.154929577464785,16.780289676619333,-18.991764601563922,1.848724716290558,,0.873089390038275,447
30,0.3,0.1,0.55,0.9,22,15,20000,57895.92886242918,37895.92886242918,189.4796443121459,19.52219612053714,0.6878817746961187,0.7153552521813026,-42.298214765802214,0.46153711755042404,29.405407065991596,287,196,91,68.29268292682927,844.2033156620628,-1377.3881429377473,2779.7274454463336,-6754.197732134345,1.3200956272389546,6.811846689895471,42,71,59.154929577464785,16.780289676619333,-18.991764601563922,1.848724716290558,,0.873089390038275,447
30,0.3,0.1,0.55,0.9,22,15,20000,57895.92886242918,37895.92886242918,189.4796443121459,19.52219612053714,0.6878817746961187,0.7153552521813026,-42.298214765802214,0.46153711755042404,29.405407065991596,287,196,91,68.29268292682927,844.2033156620628,-1377.3881429377473,2779.7274454463336,-6754.197732134345,1.3200956272389546,6.811846689895471,42,71,59.154929577464785,16.780289676619333,-18.991764601563922,1.848724716290558,,0.873089390038275,447
30,0.3,0.1,0.55,0.9,22,15,20000,57895.92886242918,37895.92886242918,189.4796443121459,19.52219612053714,0.6878817746961187,0.7153552521813026,-42.298214765802214,0.46153711755042404,29.405407065991596,287,196,91,68.29268292682927,844.2033156620628,-1377.3881429377473,2779.7274454463336,-6754.197732134345,1.3200956272389546,6.811846689895471,42,71,59.154929577464785,16.780289676619333,-18.991764601563922,1.848724716290558,,0.873089390038275,447
30,0.3,0.1,0.55,0.9,22,15,20000,57895.92886242918,37895.92886242918,189.4796443121459,19.52219612053714,0.6878817746961187,0.7153552521813026,-42.298214765802214,0.46153711755042404,29.405407065991596,287,196,91,68.29268292682927,844.2033156620628,-1377.3881429377473,2779.7274454463336,-6754.197732134345,1.3200956272389546,6.811846689895471,42,71,59.154929577464785,16.780289676619333,-18.991764601563922,1.848724716290558,,0.873089390038275,447
30,0.3,0.1,0.55,0.9,22,15,20000,57895.92886242918,37895.92886242918,189.4796443121459,19.52219612053714,0.6878817746961187,0.7153552521813026,-42.298214765802214,0.46153711755042404,29.405407065991596,287,196,91,68.29268292682927,844.2033156620628,-1377.3881429377473,2779.7274454463336,-6754.197732134345,1.3200956272389546,6.811846689895471,42,71,59.154929577464785,16.780289676619333,-18.991764601563922,1.848724716290558,,0.873089390038275,447
35,0.26,0.1,0.55,0.9,20,20,20000,47435.08526143227,27435.085261432272,137.17542630716136,15.592006945741854,0.6860100349614366,0.5836725870660077,-35.80507904449164,0.4354691390673127,21.68005661552571,113,92,21,81.41592920353983,809.1688293493942,-2205.6879542243714,1939.0964555034286,-6727.947549955062,1.6071766193134291,12.283185840707965,37,71,52.112676056338024,12.77319314313643,-21.22043945677017,1.4533715133767229,,0.8216890366948278,234
30,0.24,0.08,0.6,0.5,22,15,20000,52020.440112622186,32020.440112622186,160.10220056311093,17.395467061093917,0.6854686806708014,0.6734421081160826,-33.432098167211926,0.5203223253918979,25.191289448372533,280,192,88,68.57142857142857,655.5268897977484,-1043.3263946425602,1995.9664268918136,-4705.283419907788,1.3708466441333023,6.835714285714285,40,71,56.33802816901409,13.120865859151177,-16.72465196641031,1.579674802875636,,0.8502456991651112,21
30,0.28,0.14,0.6,0.5,22,15,20000,61411.318498303815,41411.318498303815,207.0565924915191,20.710126202975477,0.6849948168191177,0.7142628699320998,-45.251037617316655,0.45767185225936413,32.31086611131143,309,203,106,65.69579288025889,945.8619094502986,-1384.857067170818,3451.5684328513,-8347.029704752713,1.3080157019767713,6.948220064724919,40,71,56.33802816901409,19.675105957511608,-19.97758379527327,2.0003385271539402,,0.8856655564358774,309
30,0.3,0.1,0.55,0.5,24,20,20000,47437.15510192651,27437.15510192651,137.18577550963255,15.592853174383613,0.683335350101285,0.5837130288003299,-35.19433428181669,0.44305009577748233,21.804429246741677,202,141,61,69.80198019801979,732.9328171776954,-1222.6503626250544,2498.7069462047184,-7399.795246282507,1.3856424009319628,5.920792079207921,30,71,42.25352112676056,13.555144957520216,-14.006122549734744,1.4341137438336722,,0.8391082795203502,283
35,0.3,0.1,0.5,0.7,22,20,20000,47622.600153760264,27622.600153760264,138.11300076880133,15.668545674413735,0.6809405029442449,0.5679063177489161,-36.02203633507266,0.43497112513759084,22.06966476834829,115,94,21,81.73913043478261,903.5900745121579,-2697.769850018216,1931.9259375135682,-9028.370646349225,1.4992536468165563,10.191304347826087,34,71,47.88732394366197,18.56797624565887,-16.537263876585783,1.4622500411120414,,0.8171259435799636,518
35,0.22,0.12,0.45,0.3,24,10,20000,54274.877696899435,34274.877696899435,171.3743884844972,18.234053214455393,0.6782696837946226,0.752407465576113,-38.92475601045436,0.46844360975719707,27.368746390429187,366,285,81,77.8688524590164,487.653944385432,-1262.5180662051944,1757.7981289159848,-6006.811710828507,1.359045450419617,8.734972677595628,43,71,60.56338028169014,16.31817802402815,-21.23475141840868,1.7574043090929945,,0.6860351435255775,3
30,0.24,0.12,0.6,0.9,22,15,20000,56495.939448560035,36495.939448560035,182.47969724280017,19.03233952593746,0.6781091635592121,0.6954722167641934,-38.0816005169343,0.49977782623590283,29.08918805047167,312,212,100,67.94871794871796,723.4579161956544,-1134.048387849186,2581.9101242697534,-5585.704300697914,1.3524385720821237,7.05448717948718,41,71,57.74647887323944,15.458989067155393,-17.75538906094507,1.789347671454407,,0.8999205871537042,319
30,0.3,0.12,0.6,0.7,22,15,20000,58523.93424146014,38523.93424146014,192.6196712073007,19.738738435904303,0.6770588627479555,0.7070532098225787,-42.32599951640027,0.4663502022735702,30.75215579484366,297,198,99,66.66666666666666,857.6170996116706,-1300.156075572227,3287.2080312869525,-5909.923015617553,1.3192525354838103,6.986531986531986,43,71,60.56338028169014,18.053229716773657,-18.501984685998007,1.9086766858186774,,0.8893977222680607,428
40,0.26,0.1,0.4,0.5,20,10,20000,56579.67077350869,36579.67077350869,182.89835386754345,19.061919557456708,0.6756277269461846,0.7533903530924753,-47.288425225547456,0.40309905577398153,29.342139716923775,243,210,33,86.41975308641975,617.9987454851678,-2802.020641485445,2198.7108168146933,-8636.242784596805,1.4035297353720424,11.48559670781893,45,71,63.38028169014085,22.33112298702251,-18.507475046526658,1.8661707331607784,,0.7007143557463327,2
30,0.2,0.14,0.6,0.9,22,15,20000,55076.23413931825,35076.23413931825,175.38117069659125,18.5251568140854,0.6743265604210582,0.6962946272937125,-42.42596074208079,0.43664672502539137,28.238832986860025,346,231,115,66.76300578034682,713.389922097641,-1066.7933727411873,2513.965120999497,-7031.077306361783,1.3432622206304907,7.031791907514451,40,71,56.33802816901409,15.247752878726972,-17.612253421972003,1.7065523721452869,,0.7260662029454505,18
30,0.3,0.08,0.6,0.5,20,15,20000,54705.969500648316,34705.969500648316,173.5298475032416,18.39109430169412,0.6728141259518716,0.685493509078151,-44.04204240497908,0.4175804140185596,28.07511156209017,211,153,58,72.51184834123224,818.7070671655407,-1540.7829616496433,2545.339826399414,-5457.700247683294,1.4016852693607538,9.701421800947868,43,71,60.56338028169014,15.756812215066196,-18.364896273289556,1.74962159676129,,0.935273069992426,177
30,0.26,0.14,0.55,0.9,20,20,20000,52217.24247944326,32217.24247944326,161.0862123972163,17.469864090288965,0.6727905377074913,0.5794525198085327,-44.95118912833572,0.38864075520699737,26.08324204230171,179,130,49,72.62569832402235,970.6641946782364,-1875.8449556883131,2775.265140884888,-10779.785989559732,1.3728381597275991,9.251396648044693,31,71,43.66197183098591,18.049816940006668,-17.46252662345026,1.636436733309716,,0.841217734940928,415
45,0.18,0.08,0.55,0.9,22,10,20000,48941.822754276945,28941.822754276945,144.70911377138472,16.20004132800974,0.6727787362889498,0.7281436580399441,-33.745726092382,0.4800620168509828,23.51222085003892,261,224,37,85.82375478927203,365.52072214864216,-1401.2216805130158,1375.4771005647422,-5362.514937602624,1.5792520487940005,14.636015325670497,46,71,64.7887323943662,13.216127833008962,-15.01736879338501,1.4796653689234962,,0.6128520609318797,2
35,0.3,0.1,0.6,0.9,20,20,20000,47482.79631713662,27482.79631713662,137.4139815856831,15.611505214854681,0.6726284497831393,0.5943699245404662,-32.17862149264684,0.48515146052549446,22.354255458314523,110,84,26,76.36363636363637,865.9008747644612,-1720.0452755030014,2071.5663113385126,-6800.846543007428,1.6264257359545888,13.463636363636363,37,71,52.112676056338024,11.651397250861084,-18.226922493563237,1.4200701586458944,,0.8427201950788149,365
30,0.26,0.14,0.55,0.5,22,15,20000,59337.11803569296,39337.11803569296,196.68559017846482,20.016277044996023,0.6716297423423654,0.7007502817612017,-44.44799952117986,0.4503302119470662,31.881646360334116,341,223,118,65.39589442815249,831.3663437333795,-1201.8608187868683,3451.5684328513,-7299.428320166966,1.3072574257742902,6.841642228739003,42,71,59.154929577464785,18.145853267402344,-18.29220850537785,1.9045895170609013,,0.8811171112759598,365
30,0.28,0.14,0.55,0.5,24,20,20000,49919.42999488786,29919.42999488786,149.5971499744393,16.586266075188362,0.6714776041968575,0.5732173560094032,-40.18194371555347,0.41277908785602657,24.35508562128112,210,145,65,69.04761904761905,814.9035386665684,-1322.4628171040692,2814.9856736326847,-9425.420651050663,1.3746032906113013,6.004761904761905,31,71,43.66197183098591,15.19357569067008,-16.961730124833842,1.5495824272193264,,0.8400503653632084,314
40,0.24,0.12,0.55,0.7,18,10,20000,58007.53524378086,38007.53524378086,190.0376762189043,19.56082143942659,0.6709227840488754,0.7684255384721028,-42.99202733647407,0.4549871837011826,30.842020172205547,278,223,55,80.2158273381295,559.8179189487039,-1562.8874675649079,1846.2394988960625,-7319.332344670077,1.452316462798878,14.802158273381295,45,71,63.38028169014085,19.39825654193634,-20.213487316343905,1.903777318282135,,0.6095966976195782,5
30,0.28,0.14,0.5,0.3,18,10,20000,63711.55633574244,43711.55633574244,218.5577816787122,21.457141739290677,0.6705633952866137,0.7555601595340247,-51.705954725905,0.4149839579026382,35.70088227864579,372,270,102,72.58064516129032,767.0792929855902,-1564.290288851821,3015.3953168345606,-8079.8348091839825,1.2980352977416911,8.494623655913978,44,71,61.97183098591549,24.183880040332227,-21.934053804454535,2.261362783150048,,0.7025570550299027,2
30,0.26,0.1,0.5,0.5,24,20,20000,44982.64863153021,24982.64863153021,124.91324315765104,14.567062606337,0.6702183561473518,0.5541934878040793,-34.849243388861225,0.4180022631708852,20.480434658098247,206,153,53,74.27184466019418,627.3543166852775,-1310.0653173833405,1672.3673725008855,-6807.565263003467,1.382405657662004,5.466019417475728,32,71,45.07042253521127,13.16598128273938,-13.314813321324026,1.3343878763865835,,0.7940653387628483,81
35,0.3,0.12,0.55,0.9,20,20,20000,48968.758914299884,28968.758914299884,144.84379457149942,16.210768691480993,0.6694701234260639,0.5975293132223001,-39.893696165022405,0.40634912905598625,23.703055288914022,110,88,22,80.0,965.7121059119941,-2514.709382088885,2209.515293980715,-7934.3209668419995,1.5361013289095207,13.345454545454546,35,71,49.29577464788733,14.220226869356134,-18.795419159842563,1.5252795686997265,,0.82528552249167,444
30,0.24,0.14,0.55,0.7,20,20,20000,51175.55277891078,31175.55277891078,155.8777638945539,17.073388980905513,0.6684652142399803,0.5675250664876211,-43.84256707225414,0.38942493838848324,25.537454880527093,171,132,39,77.19298245614034,893.7135581295383,-2169.8035101073883,2590.247464825896,-10292.025529874556,1.3940786085901775,8.935672514619883,33,71,46.478873239436616,17.848450110373083,-18.45639307712259,1.604925187589709,,0.8401773252609984,386
30,0.26,0.12,0.6,0.9,22,15,20000,56831.17198792193,36831.17198792193,184.15585993960966,19.150549669763617,0.6677574463567949,0.6866779135014847,-41.351951497899066,0.4631111465377053,30.18001371129973,308,208,100,67.53246753246754,771.7803510983224,-1205.6224104052892,3287.2080312869525,-6183.788647737834,1.3315140100496825,6.996753246753247,43,71,60.56338028169014,16.732322328443484,-17.866420514056504,1.8230162349979915,,0.8925225669144089,439
30,0.26,0.12,0.6,0.9,22,15,20000,56831.17198792193,36831.17198792193,184.15585993960966,19.150549669763617,0.6677574463567949,0.6866779135014847,-41.351951497899066,0.4631111465377053,30.18001371129973,308,208,100,67.53246753246754,771.7803510983224,-1205.6224104052892,3287.2080312869525,-6183.788647737834,1.3315140100496825,6.996753246753247,43,71,60.56338028169014,16.732322328443484,-17.866420514056504,1.8230162349979915,,0.8925225669144089,439
30,0.22,0.14,0.6,0.7,24,20,20000,47413.9890929655,27413.9890929655,137.06994546482753,15.583380285439752,0.6674797871058122,0.5735077745008286,-40.12205471606161,0.38839935780261603,22.56430568654472,222,155,67,69.81981981981981,693.9202874930861,-1140.759036842727,2397.570111019098,-8387.588797914677,1.4072542287036067,5.95045045045045,31,71,43.66197183098591,13.650936825910698,-15.635891946538527,1.429882527105346,,0.7812231983196429,133
30,0.3,0.08,0.5,0.9,24,20,20000,44295.73106110614,24295.73106110614,121.47865530553071,14.271651539287756,0.6673280759530715,0.5586474117118936,-37.137556593243104,0.38429161335520856,20.048560309904506,185,133,52,71.89189189189189,701.6310884144236,-1306.605840346388,1819.3428625414545,-7429.1980451611125,1.3734489639198355,5.675675675675675,31,71,43.66197183098591,13.539473986321049,-15.101242905354251,1.3051668738219215,,0.8445822954977089,294
35,0.28,0.08,0.6,0.9,20,20,20000,44303.90387539156,24303.90387539156,121.5195193769578,14.275188624547862,0.6654426538248182,0.5644757085921197,-27.122694994665203,0.5263189600943294,20.133582402272022,104,85,19,81.73076923076923,702.6729297509171,-1841.8050080756009,1788.4749431866198,-6013.654579596136,1.7067695967856287,12.692307692307692,36,71,50.70422535211267,11.385830706338961,-17.01940123161395,1.2920821845983999,,0.8495286129365741,327
30,0.24,0.14,0.6,0.5,24,20,20000,47926.06177558328,27926.06177558328,139.63030887791638,15.791881129849262,0.6645099899196348,0.5639711684316405,-39.208676346658436,0.40276496432135045,23.14495683841757,210,150,60,71.42857142857143,729.1742168145481,-1310.8528457766467,2546.6548261202,-8394.589383893554,1.3906484987308607,6.023809523809524,30,71,42.25352112676056,13.523320929577753,-15.921261485400196,1.4693458678572668,,0.8456013707171627,292
40,0.26,0.14,0.45,0.7,22,10,20000,58242.68950363794,38242.68950363794,191.21344751818972,19.64200283934401,0.6616742162243395,0.7733042233306817,-45.218764110358286,0.43437725965722723,31.870362024583066,293,228,65,77.81569965870307,661.3794058889661,-1713.9931605452887,2131.5016961339247,-8291.54503416461,1.353515001054484,12.498293515358363,45,71,63.38028169014085,16.95624457111917,-21.898044938017634,1.9363306234748903,,0.584148564012583,7
35,0.3,0.12,0.5,0.9,22,15,20000,55224.16305020495,35224.16305020495,176.12081525102477,18.578508127029703,0.6609752104461372,0.7097878260412164,-45.798947618047855,0.40565360326551536,29.36672476933872,215,160,55,74.4186046511628,858.8257984732991,-1831.466631009505,2832.799207542426,-9481.53482197554,1.3641538865790286,11.134883720930233,41,71,57.74647887323944,18.635051820523806,-18.11179773783622,1.828015034266573,,0.8817098141935282,323
35,0.3,0.08,0.55,0.9,22,15,20000,50271.668525517,30271.668525517,151.35834262758502,16.72388358712833,0.6607543154369764,0.6852231878051281,-37.04078929945895,0.45149911498707224,25.28454936254579,170,130,40,76.47058823529412,782.8333546062455,-1765.8041893323698,1816.1758299275737,-6756.667651270928,1.4408213650417454,11.41764705882353,42,71,59.154929577464785,16.809952874469893,-18.857841446596723,1.5804074174150808,,0.8766103167136533,360
30,0.3,0.1,0.6,0.9,22,15,20000,55161.87245993271,35161.87245993271,175.80936229966355,18.556057223399726,0.6603710949331738,0.6778132916061451,-40.55531707150387,0.4575493070534544,29.403641950556107,290,196,94,67.58620689655173,784.8689403271367,-1240.0685089807025,2565.9022573350776,-5909.923015617553,1.3197135685858519,6.834482758620689,41,71,57.74647887323944,16.97409037603952,-21.302324553751884,1.7921378780707151,,0.8928697779818326,362
30,0.3,0.1,0.6,0.9,22,15,20000,55161.87245993271,35161.87245993271,175.80936229966355,18.556057223399726,0.6603710949331738,0.6778132916061451,-40.55531707150387,0.4575493070534544,29.403641950556107,290,196,94,67.58620689655173,784.8689403271367,-1240.0685089807025,2565.9022573350776,-5909.923015617553,1.3197135685858519,6.834482758620689,41,71,57.74647887323944,16.97409037603952,-21.302324553751884,1.7921378780707151,,0.8928697779818326,362
30,0.24,0.12,0.6,0.7,22,15,20000,54728.405343820064,34728.405343820064,173.64202671910033,18.39923915407433,0.6592873601170745,0.6740566062435027,-38.748396374252216,0.4748387256175684,29.129064905428603,315,215,100,68.25396825396825,690.8608744496463,-1104.2798266285374,2513.965120999497,-5842.417389649536,1.3450855881354324,7.015873015873016,41,71,57.74647887323944,15.687695438597338,-18.799702554912457,1.7493076829231922,,0.8976168439874944,358
35,0.22,0.12,0.55,0.7,20,20,20000,46088.98164840804,26088.981648408037,130.44490824204019,15.035045528781875,0.6589708944656542,0.5434059804972236,-44.078387293236666,0.34109790425769126,21.924685705677906,134,114,20,85.07462686567165,695.0713178752025,-2598.11242946825,1912.381161701932,-10114.675361257476,1.5249172695346092,11.5,39,71,54.929577464788736,13.430340377684868,-20.831665028957993,1.4470733756547158,,0.7970418367353613,120
30,0.3,0.1,0.55,0.7,22,15,20000,55204.89701493641,35204.89701493641,176.02448507468205,18.571566474780333,0.6584214138171663,0.6833608455414942,-43.223790202091024,0.42966075829883843,29.592700081345157,287,195,92,67.94425087108013,834.1242319009727,-1361.480741366882,2565.9022573350776,-6754.197732134345,1.298571955667581,6.790940766550523,42,71,59.154929577464785,16.78994982420039,-18.991764601563922,1.7916791824158416,,0.883552734543365,539
30,0.3,0.1,0.55,0.7,22,15,20000,55204.89701493641,35204.89701493641,176.02448507468205,18.571566474780333,0.6584214138171663,0.6833608455414942,-43.223790202091024,0.42966075829883843,29.592700081345157,287,195,92,67.94425087108013,834.1242319009727,-1361.480741366882,2565.9022573350776,-6754.197732134345,1.298571955667581,6.790940766550523,42,71,59.154929577464785,16.78994982420039,-18.991764601563922,1.7916791824158416,,0.883552734543365,539
30,0.3,0.1,0.55,0.7,22,15,20000,55204.89701493641,35204.89701493641,176.02448507468205,18.571566474780333,0.6584214138171663,0.6833608455414942,-43.223790202091024,0.42966075829883843,29.592700081345157,287,195,92,67.94425087108013,834.1242319009727,-1361.480741366882,2565.9022573350776,-6754.197732134345,1.298571955667581,6.790940766550523,42,71,59.154929577464785,16.78994982420039,-18.991764601563922,1.7916791824158416,,0.883552734543365,539
30,0.3,0.1,0.55,0.7,22,15,20000,55204.89701493641,35204.89701493641,176.02448507468205,18.571566474780333,0.6584214138171663,0.6833608455414942,-43.223790202091024,0.42966075829883843,29.592700081345157,287,195,92,67.94425087108013,834.1242319009727,-1361.480741366882,2565.9022573350776,-6754.197732134345,1.298571955667581,6.790940766550523,42,71,59.154929577464785,16.78994982420039,-18.991764601563922,1.7916791824158416,,0.883552734543365,539
30,0.3,0.1,0.55,0.7,22,15,20000,55204.89701493641,35204.89701493641,176.02448507468205,18.571566474780333,0.6584214138171663,0.6833608455414942,-43.223790202091024,0.42966075829883843,29.592700081345157,287,195,92,67.94425087108013,834.1242319009727,-1361.480741366882,2565.9022573350776,-6754.197732134345,1.298571955667581,6.790940766550523,42,71,59.154929577464785,16.78994982420039,-18.991764601563922,1.7916791824158416,,0.883552734543365,539
30,0.26,0.14,0.55,0.7,20,20,20000,51090.2220914123,31090.222091412303,155.4511104570615,17.040614710730107,0.6582000753727913,0.5618813991530083,-46.05121448749194,0.37003616300626646,26.126975661374896,166,127,39,76.50602409638554,999.7842463133474,-2406.3558253944284,2775.265140884888,-11502.852062800976,1.3529618685376823,9.096385542168674,32,71,45.07042253521127,18.410631833027978,-18.664802811097804,1.6120160047968157,,0.8362464974572283,473
30,0.26,0.14,0.55,0.7,20,20,20000,51090.2220914123,31090.222091412303,155.4511104570615,17.040614710730107,0.6582000753727913,0.5618813991530083,-46.05121448749194,0.37003616300626646,26.126975661374896,166,127,39,76.50602409638554,999.7842463133474,-2406.3558253944284,2775.265140884888,-11502.852062800976,1.3529618685376823,9.096385542168674,32,71,45.07042253521127,18.410631833027978,-18.664802811097804,1.6120160047968157,,0.8362464974572283,473
35,0.3,0.1,0.55,0.7,20,20,20000,46592.777665246635,26592.777665246635,132.9638883262332,15.24506117337423,0.6570890425378666,0.5725303275451322,-40.57872778350526,0.3756909594285298,22.426795307028605,111,91,20,81.98198198198197,884.7589249928295,-2667.2842254550387,1981.749866822617,-9743.537524449672,1.5092703920710206,12.342342342342342,36,71,50.70422535211267,12.18340632667061,-18.41505129765372,1.4124842751306146,,0.834971054552364,545
45,0.28,0.14,0.5,0.9,24,10,20000,56328.35325427544,36328.35325427544,181.6417662713772,18.973026062315014,0.6548888040970055,0.7796988221769743,-45.61026777879226,0.415981466154361,30.82102122783909,271,220,51,81.18081180811808,583.4341026947195,-1800.4493974097677,1884.821320574196,-8063.344679150914,1.3978590924380703,14.660516605166052,44,71,61.97183098591549,16.755160800580484,-27.6911214123034,1.8918779379984256,,0.6019736228145358,4
30,0.3,0.1,0.6,0.7,22,15,20000,54327.668372426044,34327.668372426044,171.63834186213023,18.253339822191972,0.6541521473525823,0.6640417834795291,-42.25048653907425,0.4320267366699044,29.20935975889587,295,200,95,67.79661016949152,749.4169485454206,-1194.8096982806107,2565.9022573350776,-5909.923015617553,1.3204779756516751,6.905084745762712,41,71,57.74647887323944,16.848495381154738,-22.861366988993957,1.775675686724469,,0.9013564722820471,444
30,0.3,0.1,0.6,0.7,22,15,20000,54327.668372426044,34327.668372426044,171.63834186213023,18.253339822191972,0.6541521473525823,0.6640417834795291,-42.25048653907425,0.4320267366699044,29.20935975889587,295,200,95,67.79661016949152,749.4169485454206,-1194.8096982806107,2565.9022573350776,-5909.923015617553,1.3204779756516751,6.905084745762712,41,71,57.74647887323944,16.848495381154738,-22.861366988993957,1.775675686724469,,0.9013564722820471,444
35,0.2,0.12,0.5,0.5,22,10,20000,53650.24258609047,33650.24258609047,168.25121293045237,18.004654895601835,0.6540347622356291,0.713661135398977,-45.03961966451725,0.3997514861295802,28.64261633872921,325,259,66,79.6923076923077,514.5032434772135,-1459.4015671179936,1721.1628617345536,-8876.430891562663,1.3834680604398513,10.28,45,71,63.38028169014085,15.377985691414198,-20.70796354082871,1.7927862067061693,,0.5577245185278007,4
30,0.22,0.08,0.5,0.3,20,10,20000,52211.68330252542,32211.683302525416,161.05841651262708,17.467765764701994,0.6538555809681672,0.6961260769139954,-40.6354468975675,0.4298652309333318,27.43452301176036,348,269,79,77.29885057471265,496.173604664742,-1249.094140259684,1645.7846033890962,-4690.730400078418,1.3525822216449617,7.977011494252873,44,71,61.97183098591549,16.761087465920177,-21.686623025351114,1.7355209436050323,,0.6768258373217398,2
30,0.28,0.16,0.6,0.7,24,20,20000,49923.93199800885,29923.931998008848,149.61965999004423,16.588030072334515,0.6535925076197011,0.5744396573067313,-41.71297743168423,0.39767072728149644,25.433866586197368,200,133,67,66.5,924.763858822985,-1347.8874809768367,3241.869994235004,-9368.9167007318,1.3619276815758499,6.15,30,71,42.25352112676056,16.027787989714227,-16.49192827039726,1.553843751215458,,0.8408332658036577,280
40,0.28,0.12,0.45,0.3,22,20,20000,44697.38248815556,24697.382488155563,123.48691244077781,14.444841961510768,0.6531504558395442,0.5552478703637357,-29.161757891116146,0.4953350897241779,21.029551267622224,132,102,30,77.27272727272727,768.3944712112603,-1763.1217858464286,1710.7501394828905,-4644.081573861365,1.48177013243817,10.477272727272727,34,71,47.88732394366197,11.074898284829459,-20.146063699046557,1.3422017007834899,,0.41257688445447716,10
35,0.28,0.1,0.55,0.5,22,15,20000,52156.540383204345,32156.540383204345,160.78270191602172,17.446941852796005,0.6522617409560747,0.6759544252111408,-41.55649438679268,0.419836709285587,27.45792660119489,180,139,41,77.22222222222223,854.7905383132269,-2083.7742546910763,2614.891576193009,-6745.154690979286,1.3907209016787738,11.5,41,71,57.74647887323944,17.948494249464385,-17.97049870793699,1.7012921811571435,,0.8798235874449754,341
30,0.3,0.12,0.5,0.9,22,15,20000,56586.516516500196,36586.516516500196,182.93258258250097,19.064336363501265,0.6521229668306543,0.6861155668903359,-42.719941192358235,0.4462631696438642,31.34697963339977,313,212,101,67.73162939297124,826.1535929139359,-1345.7331206064762,3287.2080312869525,-6754.197732134345,1.2885947032970348,6.65814696485623,42,71,59.154929577464785,17.991296012692672,-17.977154498256265,1.8721015642125838,,0.8817098141935282,323
35,0.22,0.16,0.5,0.3,22,10,20000,56483.164462793495,36483.164462793495,182.41582231396748,19.02782325866803,0.652083829446046,0.7090567201021369,-46.521452905355844,0.40901180144520866,31.306637633655605,356,274,82,76.96629213483146,580.020844930949,-1443.7511382016028,2485.712351845593,-6868.678385139774,1.3424186355801968,10.21629213483146,42,71,59.154929577464785,19.39315390581291,-24.134094176130315,1.9247971846998808,,0.5303088051640225,3
35,0.26,0.1,0.55,0.7,20,20,20000,44645.77925491105,24645.779254911053,123.22889627455527,14.422663552560255,0.6485128371833423,0.5377058467288195,-39.58011856108929,0.3643916207653554,21.21262320996103,109,92,17,84.40366972477065,801.2334456716501,-2846.8763380517976,1790.567492462293,-9019.212496492433,1.5231033482211789,11.862385321100918,38,71,53.52112676056338,12.701027996129156,-22.036010279336793,1.374770927063707,,0.8163510679970978,272
30,0.28,0.14,0.6,0.5,24,20,20000,48197.1166712011,28197.116671201104,140.98558335600552,15.901497264015418,0.6484326706029689,0.5576622056149162,-39.34600321267007,0.40414517271464234,24.283127681166096,203,140,63,68.96551724137932,799.7286231078027,-1295.141120061764,2546.6548261202,-8639.968930129775,1.3721861583180892,6.113300492610837,31,71,43.66197183098591,14.96102477426473,-15.613136603348165,1.485420602891349,,0.8412733697501905,302
45,0.24,0.14,0.55,0.5,20,20,20000,45014.711516045216,25014.711516045216,125.07355758022607,14.580759408405243,0.6469672337986846,0.5630269649459253,-39.3371261937972,0.3706615307018636,21.603326563247293,116,95,21,81.89655172413794,769.6583395107361,-2242.8824160702197,1778.1440035284631,-7449.740354627411,1.5523719395235052,15.344827586206897,33,71,46.478873239436616,17.927181281956383,-15.209490861751496,1.3465621459979973,,0.3105742799781785,6
30,0.3,0.08,0.55,0.5,24,20,20000,43159.64587337979,23159.64587337979,115.79822936689897,13.774599716719905,0.6469122070528176,0.5295045965115664,-35.9687078487404,0.38296064942467156,19.99476286378489,190,136,54,71.57894736842105,661.3485751404105,-1217.6696360317767,1956.9873529875258,-7399.795246282507,1.3678739983325767,5.878947368421053,31,71,43.66197183098591,12.411468179396202,-15.033852836961659,1.2792649065057478,,0.8481411321074872,237
30,0.3,0.08,0.55,0.5,24,20,20000,43159.64587337979,23159.64587337979,115.79822936689897,13.774599716719905,0.6469122070528176,0.5295045965115664,-35.9687078487404,0.38296064942467156,19.99476286378489,190,136,54,71.57894736842105,661.3485751404105,-1217.6696360317767,1956.9873529875258,-7399.795246282507,1.3678739983325767,5.878947368421053,31,71,43.66197183098591,12.411468179396202,-15.033852836961659,1.2792649065057478,,0.8481411321074872,237
30,0.3,0.08,0.55,0.5,24,20,20000,43159.64587337979,23159.64587337979,115.79822936689897,13.774599716719905,0.6469122070528176,0.5295045965115664,-35.9687078487404,0.38296064942467156,19.99476286378489,190,136,54,71.57894736842105,661.3485751404105,-1217.6696360317767,1956.9873529875258,-7399.795246282507,1.3678739983325767,5.878947368421053,31,71,43.66197183098591,12.411468179396202,-15.033852836961659,1.2792649065057478,,0.8481411321074872,237
45,0.22,0.08,0.55,0.3,22,20,20000,38117.04015631631,18117.04015631631,90.58520078158155,11.4274841062739,0.6453938475638288,0.5162141077649837,-25.243501861187617,0.4526901286958083,15.577812309332376,98,83,15,84.6938775510204,567.713660934206,-1903.4729134148467,1247.1136512222151,-4753.765915053441,1.6503249936981417,12.724489795918368,35,71,49.29577464788733,12.649537007905366,-10.261909594410223,1.0219924192345666,,0.4856185824647504,2
30,0.28,0.14,0.5,0.7,24,20,20000,47913.53291249183,27913.532912491828,139.56766456245916,15.786801923166106,0.6413537214140858,0.5541043883106,-43.43587706688756,0.36345074600095617,24.458559988826238,217,153,64,70.50691244239631,799.8843036272212,-1438.3541491011406,2501.6334021640023,-9368.9167007318,1.3294524262705514,5.755760368663594,30,71,42.25352112676056,14.689357160300421,-16.867679763277444,1.4830899690930084,,0.8122339529971995,141
30,0.2,0.08,0.6,0.7,20,10,20000,51228.404161901155,31228.404161901155,156.14202080950577,17.093665623997722,0.6408576933039671,0.6945020562512579,-40.07936234941544,0.4264954485795864,27.50354936159184,322,242,80,75.15527950310559,477.4769508061987,-1037.7296289127776,1616.1178052409298,-5426.963858317036,1.3918536543107145,9.357142857142858,47,71,66.19718309859155,14.493772531104177,-20.00673076979019,1.6453470054935506,,0.52900790478405,3
35,0.16,0.08,0.6,0.3,18,20,20000,38678.43965191168,18678.439651911678,93.39219825955838,11.701155752663684,0.6396651271101478,0.4865935384581498,-30.462328403347232,0.3841188893288259,16.283622431570215,136,112,24,82.35294117647058,467.902269864614,-1365.5172738718811,1084.9435888166092,-4871.881397400876,1.59905990778388,10.992647058823529,40,71,56.33802816901409,9.679188265688587,-13.111131894106832,1.0514328473013603,,0.5009795502447394,2
35,0.26,0.14,0.4,0.3,18,20,20000,46591.41676503086,26591.41676503086,132.95708382515429,15.244496410824503,0.6394163295803024,0.5384336516094224,-38.962687758954196,0.39125885013723405,23.40968091219235,157,132,25,84.07643312101911,715.7016371211699,-2658.567973398541,2236.262045830457,-5847.380508532067,1.4214060659013619,8.878980891719745,31,71,43.66197183098591,16.116109350417474,-21.293520031362156,1.4675149220607349,,0.5349614754489482,4
45,0.2,0.16,0.45,0.3,20,10,20000,51662.34844813483,31662.348448134828,158.31174224067414,17.259495034229122,0.6387542930973131,0.6926104953187437,-44.480333742424186,0.3880253042653649,28.066771906256772,268,226,42,84.32835820895522,564.3144261558213,-2205.3319078361346,1993.5268307298722,-6927.078114136937,1.3769124929627468,13.115671641791044,45,71,63.38028169014085,15.68848943110237,-17.20989144659506,1.692899703713309,,0.5239384302146333,2
35,0.28,0.1,0.55,0.7,22,15,20000,51585.88050679539,31585.880506795387,157.92940253397694,17.23035758522309,0.6383482813002801,0.6629983025699914,-41.59533413265904,0.4142377491251953,28.008562367905203,190,147,43,77.36842105263158,817.9900576779235,-2033.01762725254,2614.891576193009,-7523.642205291022,1.3754846875389655,11.421052631578947,41,71,57.74647887323944,18.23787242104602,-22.556468996885837,1.6991434947169912,,0.8864904540222824,649
30,0.3,0.1,0.55,0.7,20,15,20000,54346.58820346698,34346.58820346698,171.7329410173349,18.26024821915828,0.6379224515625325,0.670329415958233,-51.67283649283383,0.35338195962380886,30.612996904483293,240,182,58,75.83333333333333,772.6456226978127,-1806.3933642678398,2565.9022573350776,-6913.898931712312,1.3421820108951823,9.35,42,71,59.154929577464785,16.934747599473464,-26.2987882089594,1.8624025785346594,,0.9065202875424214,472
40,0.28,0.08,0.6,0.3,20,20,20000,40407.27006263713,20407.27006263713,102.03635031318565,12.52365573576526,0.6377102036249187,0.5249370265361247,-33.300591164904176,0.3760790814117458,17.92501505067248,103,82,21,79.6116504854369,752.6713357521882,-1947.9133080496356,1444.997922429736,-4928.450279354506,1.5087952561883269,13.601941747572816,36,71,50.70422535211267,10.77987066821471,-12.167128280686534,1.1296279496713966,,0.7063314856654368,17
45,0.22,0.1,0.6,0.7,18,15,20000,48114.05964000989,28114.059640009888,140.57029820004945,15.867963165274922,0.6364164735831271,0.6662623517473354,-33.475402806672754,0.474018587824488,24.949170138076507,150,124,26,82.66666666666667,573.7641517439924,-1620.9036606248128,1893.355531585398,-6522.50043403505,1.688202521378865,17.106666666666666,44,71,61.97183098591549,13.906908536893736,-17.882899670566697,1.4622249490405759,,0.570088992829822,3
30,0.22,0.14,0.45,0.3,20,10,20000,57156.76821671064,37156.76821671064,185.7838410835532,19.264807623719715,0.6363068218544756,0.7060913449044807,-51.39463340421799,0.37484084130345485,33.56715438315872,375,290,85,77.33333333333333,603.2921022788073,-1555.0989798531953,2367.045019801679,-7535.799328780122,1.3235753663002905,7.792,45,71,63.38028169014085,20.96396148106838,-27.125550161909352,1.992620358570923,,0.5686461375976731,4
35,0.26,0.14,0.6,0.7,22,15,20000,54396.87011711281,34396.87011711281,171.98435058556407,18.278598460076246,0.6350400288187357,0.6714262537659926,-40.53280987952398,0.4509580883833586,30.93299491813233,205,153,52,74.63414634146342,840.85543261552,-1773.3521360204181,3234.5211129979466,-7936.42883453697,1.3951292342057837,11.907317073170733,41,71,57.74647887323944,17.139757823412218,-21.917197659021337,1.8124215399196615,,0.8831414209088393,466
35,0.28,0.1,0.6,0.7,22,20,20000,43969.132189335396,23969.132189335396,119.84566094667699,14.129857383725053,0.633021066681375,0.5425452797804684,-34.07995380935919,0.4146090532506722,21.377500915314496,130,102,28,78.46153846153847,753.8687679153467,-1867.074362072496,1931.9259375135682,-9028.370646349225,1.4708767265857308,11.423076923076923,35,71,49.29577464788733,13.365526991931254,-19.4684562900822,1.312500101561581,,0.8300921193432157,627
40,0.28,0.12,0.55,0.5,22,15,20000,50702.32443572656,30702.324435726558,153.5116221786328,16.89105216724791,0.6312873898360934,0.6577027027306697,-40.84812814488574,0.41350859719535765,27.739166670585302,162,120,42,74.07407407407408,835.8230119912897,-1631.150881029238,2168.5109782200425,-7319.245011304978,1.4640373102944955,13.74074074074074,44,71,61.97183098591549,16.508283238000597,-18.471311096201724,1.6256602334769241,,0.7286357587302514,82
30,0.28,0.14,0.6,0.9,22,15,20000,55359.5802977171,35359.5802977171,176.79790148858547,18.62724287543067,0.6311990937836378,0.6634181898357719,-42.73446061120689,0.4358834207572933,32.28847495979842,306,201,105,65.68627450980392,856.9719161693029,-1270.7483319267874,3122.8476297226052,-6576.7664723533735,1.290963014037201,7.016339869281046,41,71,57.74647887323944,19.300282933055723,-19.144947954220946,1.863536334591642,,0.8941420732877932,370
30,0.28,0.14,0.6,0.9,22,15,20000,55359.5802977171,35359.5802977171,176.79790148858547,18.62724287543067,0.6311990937836378,0.6634181898357719,-42.73446061120689,0.4358834207572933,32.28847495979842,306,201,105,65.68627450980392,856.9719161693029,-1270.7483319267874,3122.8476297226052,-6576.7664723533735,1.290963014037201,7.016339869281046,41,71,57.74647887323944,19.300282933055723,-19.144947954220946,1.863536334591642,,0.8941420732877932,370
30,0.26,0.14,0.6,0.9,22,15,20000,54704.64161392162,34704.64161392162,173.52320806960813,18.390612153726682,0.6292864988308926,0.6542397112681706,-42.80019863143831,0.4296852057181366,31.842197113427446,328,217,111,66.15853658536585,775.4341663192137,-1168.0204727688974,3122.8476297226052,-6476.711932384911,1.2978701153186485,6.972560975609756,41,71,57.74647887323944,18.77230435762427,-18.138471261586908,1.8061913845767976,,0.8870987264801408,409
30,0.22,0.14,0.55,0.5,20,20,20000,47660.343119652716,27660.343119652716,138.3017155982636,15.683921046169115,0.6291317955518155,0.5174340382669226,-45.400648794398286,0.3454558792143133,25.040743404858862,196,149,47,76.0204081632653,748.5890574233995,-1728.132477370929,2328.1633308047544,-9355.739128465237,1.3732665853894075,8.566326530612244,32,71,45.07042253521127,14.783034938986894,-17.404894372521152,1.4900030387418264,,0.7764975975432507,107
30,0.24,0.16,0.6,0.7,24,20,20000,47022.66042109164,27022.66042109164,135.1133021054582,15.422775797898636,0.6289772137288769,0.5447430159492196,-43.298066085181595,0.35620010758810666,24.43359056376991,232,163,69,70.25862068965517,708.9737106326814,-1228.645716116453,3087.4952326047655,-8865.542163065222,1.3631447472076228,6.038793103448276,30,71,42.25352112676056,14.907816807718888,-16.137997245790693,1.4603715334668268,,0.8379639812687817,289
45,0.16,0.08,0.4,0.5,24,20,20000,37240.06689726384,17240.066897263838,86.20033448631918,10.993186992310822,0.6277247569953655,0.486933114376854,-19.251790625334543,0.57102153281494,15.334490942498416,123,105,18,85.36585365853658,374.8074301086858,-1178.8340702304565,702.9765025908143,-3942.6792447057255,1.8546941684562734,9.536585365853659,37,71,52.112676056338024,10.570876566485342,-13.45235068007632,0.9751778888985686,,0.4511923429620037,2
45,0.24,0.14,0.4,0.9,24,10,20000,51968.71375633206,31968.713756332058,159.84356878166028,17.37587412299886,0.6266248847893793,0.7397822768241653,-44.52388646447824,0.39025960002080157,29.323360311751944,275,220,55,80.0,592.6244519743617,-1748.9998005543978,1893.365986340971,-8979.242088948438,1.3553448131589532,12.6,44,71,61.97183098591549,15.11767006177731,-16.567102187287496,1.6556223412346536,,0.6260998605713627,3
30,0.26,0.1,0.55,0.9,22,15,20000,50921.76160872297,30921.76160872297,154.60880804361486,16.97577753046202,0.6256961759149944,0.6340129241137968,-38.75941301090521,0.4379781893416646,28.43067277230929,293,205,88,69.96587030716724,696.7579689106207,-1244.1354774767508,2352.0770692238207,-5585.704300697914,1.30462428632447,6.78839590443686,43,71,60.56338028169014,15.428559933704978,-17.86138376907043,1.6321942919928467,,0.8700199174624829,235
30,0.24,0.16,0.6,0.9,22,15,20000,54413.29496436553,34413.29496436553,172.06647482182765,18.284589602527213,0.6256536862672681,0.650002175906933,-44.90457422616455,0.4071876844981492,31.92265667754533,360,242,118,67.22222222222223,745.5326187886518,-1185.5889727329493,2569.654042768926,-6908.492727877238,1.2896321667839867,7.030555555555556,40,71,56.33802816901409,17.45612977754314,-21.501889058064638,1.804522984176173,,0.890615630001831,254
30,0.3,0.1,0.5,0.9,22,15,20000,51922.699168675026,31922.699168675026,159.61349584337515,17.35843104665209,0.6234940824075147,0.6427634951010313,-39.81143794012146,0.4360161788870852,29.613132713916023,307,213,94,69.38110749185668,727.5755886590869,-1286.4542682522367,2263.0553608076743,-5909.923015617553,1.2815498878774676,6.625407166123779,41,71,57.74647887323944,17.374522490931188,-21.310822456412037,1.7022826642779771,,0.87897807761211,364
30,0.3,0.1,0.5,0.9,22,15,20000,51922.699168675026,31922.699168675026,159.61349584337515,17.35843104665209,0.6234940824075147,0.6427634951010313,-39.81143794012146,0.4360161788870852,29.613132713916023,307,213,94,69.38110749185668,727.5755886590869,-1286.4542682522367,2263.0553608076743,-5909.923015617553,1.2815498878774676,6.625407166123779,41,71,57.74647887323944,17.374522490931188,-21.310822456412037,1.7022826642779771,,0.87897807761211,364
35,0.3,0.1,0.55,0.9,20,20,20000,44300.37760751001,24300.37760751001,121.50188803755005,14.27366256934346,0.6229854416585666,0.5420862757186007,-38.06712645528112,0.3749603371326508,22.221316105481375,97,78,19,80.41237113402062,925.1064050537386,-2491.195894035871,1981.749866822617,-6800.846543007428,1.5244908081663988,12.783505154639176,36,71,50.70422535211267,12.175713541865353,-18.725871234547633,1.3536071867769277,,0.8244466047285686,448
35,0.3,0.1,0.55,0.9,20,20,20000,44300.37760751001,24300.37760751001,121.50188803755005,14.27366256934346,0.6229854416585666,0.5420862757186007,-38.06712645528112,0.3749603371326508,22.221316105481375,97,78,19,80.41237113402062,925.1064050537386,-2491.195894035871,1981.749866822617,-6800.846543007428,1.5244908081663988,12.783505154639176,36,71,50.70422535211267,12.175713541865353,-18.725871234547633,1.3536071867769277,,0.8244466047285686,448
45,0.18,0.16,0.5,0.9,18,10,20000,51286.99489798203,31286.994897982033,156.43497448991016,17.11612385503567,0.6221876575918973,0.6887168745860668,-48.0364242886759,0.3563155274042873,29.029402053270566,164,134,30,81.70731707317073,754.3713694011642,-2236.2318253582707,1806.8291385750026,-9716.431243068448,1.506787181803939,15.859756097560975,46,71,64.7887323943662,14.255678645936666,-16.28846594700478,1.635032250520937,,0.5515124481532923,2
30,0.28,0.1,0.6,0.9,20,15,20000,51518.23433341748,31518.23433341748,157.5911716670874,17.204551615289844,0.6210099354581089,0.6510847746248413,-42.418907172023964,0.40558686591144805,29.408840297677376,235,174,61,74.04255319148936,670.0108725267943,-1371.6615981351588,2373.1927704363243,-4517.084053566633,1.3933309476761855,9.902127659574468,42,71,59.154929577464785,17.34472473337616,-22.726071635355193,1.7260173558382537,,0.9197027551510022,391
40,0.24,0.08,0.5,0.9,22,20,20000,40463.945746378944,20463.945746378944,102.31972873189473,12.550119911358282,0.6208184858609591,0.5060252194963002,-27.441739837958252,0.4573368884577272,18.67016762456378,118,97,21,82.20338983050848,605.3446386766897,-1795.7040097742813,1267.1478235952236,-7038.369984153869,1.5571139212047949,11.14406779661017,37,71,52.112676056338024,9.501573025414277,-14.818054678203884,1.1241032515536185,,0.655680608857389,13
45,0.26,0.08,0.6,0.5,22,10,20000,46411.42979930918,26411.429799309182,132.0571489965459,15.169682019156717,0.6206056027371123,0.6719278720677243,-33.960136409310714,0.4466908447104384,24.416799850366097,181,142,39,78.45303867403315,618.6648900445094,-1573.6486064378737,1518.5374957433637,-5892.683720868966,1.431434386710587,16.16022099447514,46,71,64.7887323943662,16.784105213485255,-15.574805752407816,1.4251900064757743,,0.6206056027371123,1
35,0.26,0.08,0.5,0.9,24,15,20000,46424.21266579225,26424.21266579225,132.12106332896124,15.175003375137507,0.6202377060351949,0.6348235562643026,-38.56459037393271,0.3934957749582341,24.43498566514462,216,159,57,73.61111111111111,586.7999739842714,-1153.552336801875,1650.0527696508295,-6411.258041897658,1.4189760040386283,9.833333333333334,41,71,57.74647887323944,12.575399709385326,-14.211421931774847,1.4214226195276607,,0.8662851835070948,90
30,0.26,0.12,0.6,0.7,22,15,20000,52050.616508342944,32050.616508342944,160.25308254171472,17.406889805894153,0.6187531175068108,0.6329124908474619,-42.34902644961403,0.4110340016105093,30.1959033328472,324,218,106,67.28395061728395,690.1700626944748,-1089.0184637646444,2958.487228158257,-5842.417389649536,1.303381349886411,7.070987654320987,43,71,60.56338028169014,16.52968474140519,-18.918783499868887,1.6998308918186817,,0.8897932436603102,494
30,0.26,0.12,0.6,0.7,22,15,20000,52050.616508342944,32050.616508342944,160.25308254171472,17.406889805894153,0.6187531175068108,0.6329124908474619,-42.34902644961403,0.4110340016105093,30.1959033328472,324,218,106,67.28395061728395,690.1700626944748,-1089.0184637646444,2958.487228158257,-5842.417389649536,1.303381349886411,7.070987654320987,43,71,60.56338028169014,16.52968474140519,-18.918783499868887,1.6998308918186817,,0.8897932436603102,494
30,0.26,0.12,0.6,0.7,22,15,20000,52050.616508342944,32050.616508342944,160.25308254171472,17.406889805894153,0.6187531175068108,0.6329124908474619,-42.34902644961403,0.4110340016105093,30.1959033328472,324,218,106,67.28395061728395,690.1700626944748,-1089.0184637646444,2958.487228158257,-5842.417389649536,1.303381349886411,7.070987654320987,43,71,60.56338028169014,16.52968474140519,-18.918783499868887,1.6998308918186817,,0.8897932436603102,494
45,0.28,0.08,0.55,0.9,24,15,20000,44786.42632760457,24786.426327604568,123.93213163802284,14.483061804240416,0.6183942757547146,0.6526131246524549,-35.03508570645284,0.4133873661845472,22.945744905827944,142,112,30,78.87323943661971,655.2911334531258,-1599.2760206381822,1683.5742175681246,-6368.497833240441,1.5297048164219371,14.45774647887324,42,71,59.154929577464785,13.960642127228095,-16.060202035910287,1.3515872323067992,,0.6183942757547146,1
35,0.3,0.12,0.55,0.5,22,15,20000,51264.72607047496,31264.726070474957,156.32363035237478,17.10759057737672,0.6163879339930822,0.6487444572542846,-42.86746150854918,0.399081027318702,29.57599686241869,199,151,48,75.87939698492463,810.0662105068715,-1870.1452440846358,2509.700635478378,-7886.957337716995,1.3626392363267188,11.522613065326633,40,71,56.33802816901409,18.4268129707728,-16.907276084350798,1.730914444967703,,0.8643853226991669,272
35,0.26,0.14,0.6,0.5,22,15,20000,52121.3262153784,32121.3262153784,160.60663107689203,17.433634152249876,0.6149653510218968,0.6482835041321392,-44.0317313133945,0.395933424197348,30.614988730077837,220,161,59,73.18181818181819,752.0313110484932,-1474.9595739564224,3072.7950573480493,-7539.6073928101205,1.3913284640874402,11.840909090909092,41,71,57.74647887323944,17.444382136593916,-23.101715938369118,1.7502184690679983,,0.881892013113733,362
30,0.26,0.14,0.6,0.7,22,15,20000,53369.878012777175,33369.878012777175,166.8493900638859,17.900967118458546,0.614632427106392,0.6367585846665301,-43.318415286187616,0.41324150480099386,32.02211184320347,308,205,103,66.55844155844156,803.9871295022118,-1238.9561508269524,2958.487228158257,-6619.8655622453925,1.2915457561996424,7.032467532467533,42,71,59.154929577464785,19.13581667731283,-19.403998123235144,1.7829064694311896,,0.8836830424810387,465
30,0.26,0.14,0.6,0.7,22,15,20000,53369.878012777175,33369.878012777175,166.8493900638859,17.900967118458546,0.614632427106392,0.6367585846665301,-43.318415286187616,0.41324150480099386,32.02211184320347,308,205,103,66.55844155844156,803.9871295022118,-1238.9561508269524,2958.487228158257,-6619.8655622453925,1.2915457561996424,7.032467532467533,42,71,59.154929577464785,19.13581667731283,-19.403998123235144,1.7829064694311896,,0.8836830424810387,465
30,0.26,0.14,0.6,0.7,22,15,20000,53369.878012777175,33369.878012777175,166.8493900638859,17.900967118458546,0.614632427106392,0.6367585846665301,-43.318415286187616,0.41324150480099386,32.02211184320347,308,205,103,66.55844155844156,803.9871295022118,-1238.9561508269524,2958.487228158257,-6619.8655622453925,1.2915457561996424,7.032467532467533,42,71,59.154929577464785,19.13581667731283,-19.403998123235144,1.7829064694311896,,0.8836830424810387,465
30,0.26,0.14,0.6,0.7,22,15,20000,53369.878012777175,33369.878012777175,166.8493900638859,17.900967118458546,0.614632427106392,0.6367585846665301,-43.318415286187616,0.41324150480099386,32.02211184320347,308,205,103,66.55844155844156,803.9871295022118,-1238.9561508269524,2958.487228158257,-6619.8655622453925,1.2915457561996424,7.032467532467533,42,71,59.154929577464785,19.13581667731283,-19.403998123235144,1.7829064694311896,,0.8836830424810387,465
30,0.26,0.14,0.6,0.7,22,15,20000,53369.878012777175,33369.878012777175,166.8493900638859,17.900967118458546,0.614632427106392,0.6367585846665301,-43.318415286187616,0.41324150480099386,32.02211184320347,308,205,103,66.55844155844156,803.9871295022118,-1238.9561508269524,2958.487228158257,-6619.8655622453925,1.2915457561996424,7.032467532467533,42,71,59.154929577464785,19.13581667731283,-19.403998123235144,1.7829064694311896,,0.8836830424810387,465
30,0.26,0.14,0.6,0.7,22,15,20000,53369.878012777175,33369.878012777175,166.8493900638859,17.900967118458546,0.614632427106392,0.6367585846665301,-43.318415286187616,0.41324150480099386,32.02211184320347,308,205,103,66.55844155844156,803.9871295022118,-1238.9561508269524,2958.487228158257,-6619.8655622453925,1.2915457561996424,7.032467532467533,42,71,59.154929577464785,19.13581667731283,-19.403998123235144,1.7829064694311896,,0.8836830424810387,465
30,0.26,0.14,0.6,0.7,22,15,20000,53369.878012777175,33369.878012777175,166.8493900638859,17.900967118458546,0.614632427106392,0.6367585846665301,-43.318415286187616,0.41324150480099386,32.02211184320347,308,205,103,66.55844155844156,803.9871295022118,-1238.9561508269524,2958.487228158257,-6619.8655622453925,1.2915457561996424,7.032467532467533,42,71,59.154929577464785,19.13581667731283,-19.403998123235144,1.7829064694311896,,0.8836830424810387,465
30,0.16,0.12,0.45,0.7,20,10,20000,50653.7292881605,30653.729288160503,153.2686464408025,16.872248169833526,0.6145656740394567,0.6525728680808727,-45.33781201827693,0.3721451790181638,29.149420783520817,327,256,71,78.2874617737003,514.8230208548098,-1333.0445640939542,1469.4493707231306,-6812.130650884237,1.3924990480150081,7.5932721712538225,44,71,61.97183098591549,15.62128766557458,-22.974005700568412,1.7005169308119927,,0.49456641784279937,2
30,0.28,0.1,0.6,0.9,22,15,20000,49834.986779734856,29834.986779734856,149.17493389867428,16.553154560456896,0.6137230989784042,0.6250023090231124,-38.91725153588111,0.42534233295470886,28.36270273885752,278,180,98,64.74820143884892,776.3133313398039,-1100.3113557288746,2352.0770692238207,-5065.648299100759,1.2958892240523463,6.942446043165468,39,71,54.929577464788736,16.779162196911624,-19.791527848251267,1.6306161443423952,,0.8963767733491926,450
30,0.24,0.14,0.6,0.7,22,15,20000,51794.77248736125,31794.772487361253,158.97386243680626,17.309869281746447,0.6108669345299834,0.6288129167505148,-40.42894041849765,0.4281554030989785,30.71378318157213,325,218,107,67.07692307692308,711.4157789221666,-1111.6996945576702,2378.0751144589835,-6288.872284133123,1.3037932342067013,7.046153846153846,41,71,57.74647887323944,16.722388738798454,-19.295175731063942,1.7052389662810652,,0.8885962913834194,381
30,0.24,0.14,0.6,0.7,22,15,20000,51794.77248736125,31794.772487361253,158.97386243680626,17.309869281746447,0.6108669345299834,0.6288129167505148,-40.42894041849765,0.4281554030989785,30.71378318157213,325,218,107,67.07692307692308,711.4157789221666,-1111.6996945576702,2378.0751144589835,-6288.872284133123,1.3037932342067013,7.046153846153846,41,71,57.74647887323944,16.722388738798454,-19.295175731063942,1.7052389662810652,,0.8885962913834194,381
30,0.24,0.14,0.6,0.7,22,15,20000,51794.77248736125,31794.772487361253,158.97386243680626,17.309869281746447,0.6108669345299834,0.6288129167505148,-40.42894041849765,0.4281554030989785,30.71378318157213,325,218,107,67.07692307692308,711.4157789221666,-1111.6996945576702,2378.0751144589835,-6288.872284133123,1.3037932342067013,7.046153846153846,41,71,57.74647887323944,16.722388738798454,-19.295175731063942,1.7052389662810652,,0.8885962913834194,381
30,0.28,0.1,0.55,0.9,24,15,20000,48717.74917322958,28717.749173229582,143.58874586614792,16.110612752096955,0.6104717742524236,0.629068287303068,-41.85943897811868,0.3848740725005537,27.457909697807565,322,214,108,66.45962732919256,684.5103762521461,-1067.1960309697172,2403.9966758855508,-7429.1980451611125,1.2709423527307295,5.881987577639752,41,71,57.74647887323944,16.05567750908856,-17.25984242585562,1.5576210176716243,,0.9074370916534347,463
30,0.28,0.1,0.55,0.7,24,15,20000,48717.74917322958,28717.749173229582,143.58874586614792,16.110612752096955,0.6104717742524236,0.629068287303068,-41.85943897811868,0.3848740725005537,27.457909697807565,322,214,108,66.45962732919256,684.5103762521461,-1067.1960309697172,2403.9966758855508,-7429.1980451611125,1.2709423527307295,5.881987577639752,41,71,57.74647887323944,16.05567750908856,-17.25984242585562,1.5576210176716243,,0.9147970085820984,555
30,0.26,0.12,0.6,0.7,20,15,20000,52014.40427875931,32014.404278759313,160.07202139379658,17.39318164037509,0.6087271925658779,0.6327735474831122,-46.178663554883755,0.37664974040886084,31.145703919235157,245,181,64,73.87755102040816,701.7140477915701,-1451.7693495549174,2508.586370149622,-6142.977601347462,1.3669768148907069,9.840816326530613,43,71,60.56338028169014,18.14326586192998,-23.748664402558795,1.7447503776673428,,0.9139559555328807,434
30,0.26,0.1,0.55,0.7,22,15,20000,49557.98971246517,29557.98971246517,147.78994856232583,16.44421084422911,0.6086593303046802,0.6147108668170052,-38.545537152591045,0.4266177632738924,28.521909571180377,292,197,95,67.46575342465754,703.0248084326226,-1121.7957636711715,2352.0770692238207,-5842.417389649536,1.2995693976273144,6.791095890410959,42,71,59.154929577464785,15.806590323869397,-18.094730470480936,1.5952968070345086,,0.8720922760794775,266
30,0.3,0.14,0.6,0.5,20,15,20000,54374.739662054686,34374.739662054686,171.87369831027343,18.270523753623525,0.6077249266518363,0.642690199089774,-52.09611506213241,0.350707989105007,33.97693561215598,252,187,65,74.20634920634922,845.2588250634192,-1869.4024711508407,3120.184602187059,-7406.956684108022,1.3008138468442312,9.928571428571429,43,71,60.56338028169014,19.535834161448197,-24.30154403134791,1.9050224348078733,,0.8572243200662862,97
35,0.3,0.14,0.6,0.7,22,15,20000,51955.55778077124,31955.55778077124,159.7777889038562,17.37088830649638,0.6075157777359173,0.6543813392533195,-38.1559559547223,0.4552602043861649,31.193017489038105,194,140,54,72.16494845360825,858.1391096603223,-1605.7595846606262,2911.0690016981516,-7142.785951083272,1.3855156901271506,12.45360824742268,42,71,59.154929577464785,19.195662925384415,-24.65444093407605,1.793601137280379,,0.8497725114390258,172
45,0.24,0.12,0.4,0.5,18,20,20000,42171.79609371019,22171.79609371019,110.85898046855094,13.333472495941834,0.6059547420400023,0.5015579242983804,-29.784633481161688,0.44766280251106816,21.073534260113945,106,92,14,86.79245283018868,741.5536661142307,-3221.3957991999305,1507.3840862878021,-6450.721572873348,1.5127190983364849,10.877358490566039,35,71,49.29577464788733,12.696813740837598,-14.041262397234366,1.2209450676985318,,0.6059547420400023,1
30,0.26,0.1,0.55,0.7,20,15,20000,50412.17169054867,30412.17169054867,152.06085845274333,16.77855353194666,0.6044758182194586,0.6232635443604833,-47.020294254154955,0.35683642133872906,29.81390260724045,242,182,60,75.20661157024794,686.0018039985838,-1545.3809439532229,2352.0770692238207,-6142.977601347462,1.346510804949262,9.132231404958677,42,71,59.154929577464785,15.290359395246078,-20.73996873819649,1.6920907849555276,,0.8924464117576213,232
45,0.26,0.16,0.5,0.3,22,10,20000,51100.62427272778,31100.62427272778,155.50312136363888,17.044612473689426,0.6034106615556931,0.6749193483563155,-41.484483710692835,0.41086717126712347,30.74390129368103,316,252,64,79.74683544303798,524.0114557130285,-1558.0529673841988,1834.295659064968,-4843.717693607216,1.3242778968767006,14.20253164556962,44,71,61.97183098591549,16.50189301324736,-21.12638601077291,1.7331111210249641,,0.6034106615556931,1
30,0.28,0.1,0.5,0.7,24,20,20000,42403.80082566639,22403.80082566639,112.01900412833194,13.43784150367522,0.6021971397250548,0.5061796205986867,-36.63067505339745,0.3668466792950592,21.50122954530405,206,145,61,70.3883495145631,624.5751222626641,-1095.0572443019619,1777.9297843967258,-6190.998370967593,1.3557700203828371,5.640776699029126,31,71,43.66197183098591,13.15593455250308,-15.276064640205878,1.2498447335439111,,0.849020447386354,488
30,0.28,0.1,0.55,0.9,20,15,20000,50212.45400580379,30212.45400580379,151.06227002901895,16.70080505345737,0.6021510979242868,0.6264968605113587,-47.58797624956528,0.3509458978854965,29.82013700118505,243,185,58,76.13168724279835,679.4901341786652,-1620.6589796077444,2373.1927704363243,-6142.977601347462,1.337319725098301,9.349794238683128,41,71,57.74647887323944,16.080311321558007,-18.08607959165165,1.6936112672083363,,0.9019916112501063,472
35,0.3,0.1,0.6,0.5,20,15,20000,48841.545993315245,28841.545993315245,144.20772996657624,16.16006272441963,0.6016312611391017,0.6293283008517838,-41.864152367861195,0.38601194125276483,28.34337365580786,171,127,44,74.26900584795322,785.6016352536814,-1592.1286746341402,2263.1942861046114,-7128.227566418242,1.4242140279177482,13.68421052631579,41,71,57.74647887323944,14.119495054606613,-17.202261956219488,1.5590241874794353,,0.921508854119599,210
30,0.18,0.14,0.55,0.5,18,10,20000,50735.19839132215,30735.19839132215,153.67599195661074,16.903764312022517,0.6015797682871222,0.6298525143119776,-53.16574877288321,0.3179446298073047,30.530917265655777,338,257,81,76.03550295857988,547.5768089710516,-1296.3173201253558,1970.4050948374431,-7016.804346348927,1.340237691184597,8.94378698224852,48,71,67.6056338028169,17.8684580013315,-24.001328660943066,1.7874188873690335,,0.6015797682871222,1
30,0.28,0.14,0.6,0.7,22,15,20000,52159.224642369605,32159.224642369605,160.79612321184803,17.447955947906934,0.5982457173466479,0.6259722257020017,-43.80714315784414,0.3982902031533798,32.53247267632785,323,214,109,66.25386996904025,771.4139668528884,-1188.8171033408096,2958.487228158257,-5957.879006020853,1.2739715470309825,7.055727554179566,39,71,54.929577464788736,19.301430378094775,-20.45681825692538,1.7863270748131548,,0.8892178332640261,419
30,0.28,0.14,0.6,0.7,22,15,20000,52159.224642369605,32159.224642369605,160.79612321184803,17.447955947906934,0.5982457173466479,0.6259722257020017,-43.80714315784414,0.3982902031533798,32.53247267632785,323,214,109,66.25386996904025,771.4139668528884,-1188.8171033408096,2958.487228158257,-5957.879006020853,1.2739715470309825,7.055727554179566,39,71,54.929577464788736,19.301430378094775,-20.45681825692538,1.7863270748131548,,0.8892178332640261,419
30,0.28,0.14,0.6,0.7,22,15,20000,52159.224642369605,32159.224642369605,160.79612321184803,17.447955947906934,0.5982457173466479,0.6259722257020017,-43.80714315784414,0.3982902031533798,32.53247267632785,323,214,109,66.25386996904025,771.4139668528884,-1188.8171033408096,2958.487228158257,-5957.879006020853,1.2739715470309825,7.055727554179566,39,71,54.929577464788736,19.301430378094775,-20.45681825692538,1.7863270748131548,,0.8892178332640261,419
30,0.28,0.14,0.6,0.7,22,15,20000,52159.224642369605,32159.224642369605,160.79612321184803,17.447955947906934,0.5982457173466479,0.6259722257020017,-43.80714315784414,0.3982902031533798,32.53247267632785,323,214,109,66.25386996904025,771.4139668528884,-1188.8171033408096,2958.487228158257,-5957.879006020853,1.2739715470309825,7.055727554179566,39,71,54.929577464788736,19.301430378094775,-20.45681825692538,1.7863270748131548,,0.8892178332640261,419
30,0.26,0.16,0.6,0.7,22,15,20000,52763.861675817505,32763.861675817505,163.81930837908752,17.675284782844102,0.5976359633789606,0.6294360992007277,-45.023822378770895,0.39257628182137966,33.33302877823998,352,236,116,67.04545454545455,739.6734699235161,-1180.1670450528632,2958.487228158257,-6950.858840357663,1.2751185756937706,7.0852272727272725,43,71,60.56338028169014,19.497564827332205,-22.11629297909825,1.8168269999337572,,0.8799892203626654,360
30,0.26,0.16,0.6,0.7,22,15,20000,52763.861675817505,32763.861675817505,163.81930837908752,17.675284782844102,0.5976359633789606,0.6294360992007277,-45.023822378770895,0.39257628182137966,33.33302877823998,352,236,116,67.04545454545455,739.6734699235161,-1180.1670450528632,2958.487228158257,-6950.858840357663,1.2751185756937706,7.0852272727272725,43,71,60.56338028169014,19.497564827332205,-22.11629297909825,1.8168269999337572,,0.8799892203626654,360
40,0.24,0.16,0.5,0.3,18,10,20000,51606.70374043171,31606.70374043171,158.03351870215855,17.2382956581798,0.597557926346414,0.6669600085972988,-45.29146286996924,0.3806080564823123,31.977705873417424,306,240,66,78.43137254901961,603.942284093108,-1683.621566451938,2010.7305496791641,-5511.531665607581,1.3044224451025217,13.27450980392157,43,71,60.56338028169014,17.605406141360035,-20.969364498405664,1.793709375143731,,0.5634766273625541,3
35,0.24,0.16,0.6,0.3,24,10,20000,50537.456203311755,30537.456203311755,152.68728101655879,16.82719503835306,0.595689826400725,0.6635062461307224,-46.14358020143495,0.36467033907849605,30.92581968128259,353,255,98,72.23796033994334,555.0719532404079,-1100.268985969091,2131.49705465817,-5826.827499770427,1.3126970738500912,11.070821529745043,46,71,64.7887323943662,21.42254497502205,-26.590005650327985,1.7485610882800284,,0.6799540515832101,6
30,0.24,0.14,0.55,0.7,22,15,20000,50517.95085949894,30517.95085949894,152.5897542974947,16.819628721069257,0.5951690365397697,0.6138299578385655,-41.452017655193316,0.4057614001079151,30.938976119545913,320,219,101,68.4375,709.1530564081543,-1193.3184999394723,2310.130111188727,-6288.872284133123,1.2885650465716891,6.865625,40,71,56.33802816901409,16.79208904391576,-20.05614538487812,1.6846969583106837,,0.8879714912835371,383
30,0.3,0.1,0.5,0.7,22,15,20000,49382.451664853055,29382.451664853055,146.91225832426525,16.374908629533902,0.5948989873925997,0.605065804147657,-41.528715204252066,0.3943032802482967,29.641595748363684,299,209,90,69.89966555183946,710.4136523655092,-1300.5744631059802,2263.0553608076743,-5909.923015617553,1.2684689860459035,6.632107023411371,41,71,57.74647887323944,17.374522490931188,-22.870601754814558,1.6432189734756404,,0.8911657258399084,444
30,0.3,0.1,0.5,0.7,22,15,20000,49382.451664853055,29382.451664853055,146.91225832426525,16.374908629533902,0.5948989873925997,0.605065804147657,-41.528715204252066,0.3943032802482967,29.641595748363684,299,209,90,69.89966555183946,710.4136523655092,-1300.5744631059802,2263.0553608076743,-5909.923015617553,1.2684689860459035,6.632107023411371,41,71,57.74647887323944,17.374522490931188,-22.870601754814558,1.6432189734756404,,0.8911657258399084,444
30,0.18,0.12,0.55,0.9,18,20,20000,42800.47453419349,22800.47453419349,114.00237267096745,13.615192239935947,0.5936736284027531,0.4795013581823673,-37.21552644977892,0.36584709498357315,22.428251478044672,187,147,40,78.6096256684492,549.1994922514975,-1381.0212706694126,1537.0071972534818,-5593.393163237357,1.4614605704414192,8.288770053475936,30,71,42.25352112676056,15.746496829673573,-14.604224931199184,1.271879029956331,,0.5571160430205518,4
30,0.26,0.16,0.6,0.9,20,15,20000,53090.26749827809,33090.26749827809,165.45133749139046,17.797105746902698,0.5928237598689711,0.635138170565768,-48.67894549650435,0.36560171066525493,34.36120954692239,266,191,75,71.80451127819549,755.2780322088148,-1437.4658220480712,2894.2042254296302,-6613.219493972484,1.3380779975354842,10.071428571428571,43,71,60.56338028169014,20.093900351530824,-21.793728319054807,1.86459621841551,,0.9090331895513363,276
30,0.28,0.08,0.6,0.7,24,15,20000,45278.23802804491,25278.238028044907,126.39119014022452,14.693027589025176,0.592555910552048,0.5953170844356764,-38.83869520162979,0.37830899088516784,25.203145936107035,310,212,98,68.38709677419355,588.7635067268706,-996.3298510005245,2138.2518811125647,-6190.998370967593,1.2783433782840254,6.048387096774194,41,71,57.74647887323944,14.309839970146566,-18.067549223251056,1.417623762956656,,0.9372261248700684,352
30,0.26,0.14,0.55,0.9,22,15,20000,51046.70956089308,31046.709560893083,155.23354780446542,17.023884642321185,0.5925074867884449,0.6198772262871862,-43.90007823110745,0.38778711401607746,31.865133899780275,327,226,101,69.1131498470948,711.4346987799498,-1247.4735877561916,2958.487228158257,-6476.711932384911,1.276117749500701,6.948012232415902,42,71,59.154929577464785,18.117010085789474,-18.714547094432156,1.7088283490829839,,0.8850379646562421,417
45,0.18,0.14,0.6,0.9,18,10,20000,48593.76349339172,28593.76349339172,142.9688174669586,16.060982414894177,0.5919939549311874,0.6576093285607034,-42.41116600482488,0.3786970255207558,28.95119216976618,233,185,48,79.39914163090128,534.04174485551,-1411.012877619293,1757.5329217409007,-7655.62424934566,1.4587293456197359,18.021459227467812,46,71,64.7887323943662,13.960029564908606,-19.653051653593167,1.5360952261486323,,0.5118319557292513,3
35,0.3,0.1,0.55,0.7,22,15,20000,47522.66509629874,27522.66509629874,137.6133254814937,15.627786048100756,0.590560241312645,0.6199949891495913,-43.35833563051038,0.3604332551248531,27.868190108451856,201,148,53,73.6318407960199,706.5999121916136,-1434.7192812841502,2396.983944843591,-7523.642205291022,1.3752843154407686,11.661691542288557,41,71,57.74647887323944,17.26862551942221,-19.906072990857815,1.5822294230642895,,0.8830855764976108,540
30,0.24,0.14,0.6,0.7,24,15,20000,48983.39307465494,28983.393074654938,144.9169653732747,16.21659470777219,0.5904610971013207,0.6124212060815488,-46.78386549953222,0.34662793539226333,29.60032715387364,366,241,125,65.84699453551912,679.3811161027335,-1038.5532472488276,2971.0972971402334,-8865.542163065222,1.2612225664075587,6.065573770491803,42,71,59.154929577464785,16.76459216033903,-19.225399881149198,1.6324635925044135,,0.9177229252701863,328
40,0.26,0.16,0.45,0.9,24,15,20000,49953.6234382347,29953.623438234703,149.7681171911735,16.59966060491054,0.5900004807003694,0.6385519437895405,-52.036349217802304,0.3190012530554619,30.771263169304625,241,184,57,76.34854771784232,698.5573294500385,-1683.2828979047742,2668.364831949066,-8110.399257150355,1.3396393938526616,11.45643153526971,42,71,59.154929577464785,16.596846438203272,-17.376527587069578,1.6678286067270893,,0.6332970964527733,4
30,0.28,0.14,0.5,0.3,24,10,20000,51617.430707715226,31617.430707715226,158.08715353857613,17.24238386990795,0.5883420893328749,0.6749403405984449,-50.2808235949022,0.34292166748947395,33.12340128191456,450,294,156,65.33333333333333,660.1062885944882,-1011.71953896849,2680.3513927418317,-6778.902805900824,1.2296357034232204,5.717777777777778,42,71,59.154929577464785,23.1291429863999,-19.283648889477334,1.8971548986271989,,0.7307917450392265,5
30,0.24,0.14,0.6,0.9,20,15,20000,50409.70741172541,30409.70741172541,152.04853705862703,16.777595771336173,0.5883411047430608,0.6188996090344346,-46.92823109689391,0.35751604906426254,31.5593222976364,273,197,76,72.16117216117216,662.0260102364844,-1276.8620605902863,2229.8545512441083,-5614.395472758341,1.3439518319528554,9.857142857142858,43,71,60.56338028169014,17.741525306021757,-25.637435983127553,1.7304294395908408,,0.9195944165828416,295
30,0.28,0.12,0.55,0.9,20,15,20000,50496.96072066364,30496.960720663643,152.48480360331823,16.811483720590005,0.5870786889691227,0.6155855146666803,-45.16509300039284,0.3722229404120519,31.809264995272134,243,182,61,74.8971193415638,665.7118426461183,-1457.9277809988496,2794.1268265939098,-5540.498491731723,1.3623598129680499,9.432098765432098,42,71,59.154929577464785,17.511243004608247,-21.145505053800807,1.7337858315565113,,0.9123596798366691,585
30,0.28,0.16,0.6,0.7,22,15,20000,52203.86508872806,32203.86508872806,161.0193254436403,17.464814445210042,0.5869481015275125,0.6222462681666587,-46.10502835611909,0.37880498218785064,34.063086537811216,312,211,101,67.62820512820514,841.236827386377,-1397.1396583148248,2958.487228158257,-6576.7664723533735,1.2578809439726153,7.038461538461538,40,71,56.33802816901409,20.114557287855916,-23.111981940028702,1.8443651263087129,,0.8870862258549059,285
35,0.26,0.14,0.6,0.7,20,15,20000,50144.000902810265,30144.000902810265,150.7200045140513,16.67409758946952,0.5854424995121492,0.6221296657091648,-43.90149195662147,0.3798070827739748,31.529930214981356,213,169,44,79.34272300469483,608.0655128381762,-1615.6584265191218,2226.9387172352313,-7396.371425147719,1.445555767106203,14.187793427230046,40,71,56.33802816901409,15.99722467989948,-23.16458901727184,1.7076599362395823,,0.9080951417994864,410
30,0.26,0.08,0.55,0.9,22,15,20000,45822.57571082623,25822.575710826233,129.11287855413116,14.923216492330994,0.5853202054784301,0.5813748074455686,-35.27373418143654,0.4230688028540118,26.402549755038944,297,202,95,68.01346801346801,599.2107013957368,-983.1640628538149,2138.2518811125647,-5585.704300697914,1.2959293608647713,6.747474747474747,43,71,60.56338028169014,14.919138119331322,-14.709516572164405,1.43433460353666,,0.8521461653894532,133
35,0.24,0.12,0.6,0.9,20,20,20000,42766.69293319553,22766.692933195533,113.83346466597766,13.600142072206033,0.583712524356848,0.4981785316940457,-33.97912609707609,0.4002499073505109,23.017630785024686,127,102,25,80.31496062992126,668.1698878312465,-1780.8854250236616,1858.833712793133,-6727.947549955062,1.5307740206337335,12.740157480314961,37,71,52.112676056338024,11.716441628369644,-18.59878744714888,1.2891331557021835,,0.8528800452937898,319
30,0.26,0.12,0.6,0.7,24,15,20000,47368.576376690035,27368.576376690035,136.84288188345016,15.564799240340243,0.583423452683585,0.5990826031167478,-45.61983234807863,0.34118492855434146,28.372262900508737,337,222,115,65.8753709198813,675.657142619179,-1036.3792111718915,2758.8760616302166,-7593.229430253154,1.2585278006061211,6.1513353115727005,42,71,59.154929577464785,16.10411134490539,-17.80271785012495,1.5558865744353818,,0.9187605719307245,426
35,0.28,0.14,0.55,0.7,22,15,20000,49219.71056370344,29219.71056370344,146.0985528185172,16.310475250559776,0.581957982545991,0.6227077785889841,-43.47390634250397,0.3751785064369336,30.79099971702894,227,172,55,75.77092511013215,749.0681024196782,-1778.7964191360206,2526.5401573563254,-7418.460695112865,1.3169243103743087,11.45374449339207,42,71,59.154929577464785,19.47754772821586,-23.328787484828982,1.7299379067848615,,0.8847536024858643,446
40,0.24,0.16,0.4,0.5,18,10,20000,51419.49766871438,31419.49766871438,157.09748834357188,17.16683443797926,0.5819486069494247,0.6666835831180097,-54.0267789532606,0.317746768742785,33.6894201116832,297,250,47,84.17508417508418,552.9586428390402,-2216.359659633201,1725.865187181607,-9018.542965880906,1.327072239390142,11.515151515151516,44,71,61.97183098591549,24.984521370660893,-26.703677768163857,1.8945666028486814,,0.5819486069494247,1
35,0.2,0.16,0.5,0.9,24,20,20000,41860.638002025065,21860.638002025065,109.30319001012532,13.192742990230432,0.5783358175150933,0.4893719290607431,-37.04103376592734,0.3561656263051152,22.331185317220534,147,110,37,74.82993197278913,649.5789309715667,-1262.949848779653,1820.3320808792043,-5934.91934868579,1.5291031607131358,9.693877551020408,32,71,45.07042253521127,14.177078341790562,-15.489669595093957,1.23631519786152,,0.5621882818581828,6
30,0.24,0.16,0.6,0.5,24,20,20000,43599.65404352693,23599.654043526927,117.99827021763463,13.968386404274536,0.5779229759525112,0.49283031079241496,-42.812068439607785,0.32627216841855783,24.380279417589453,232,161,71,69.39655172413794,670.1645766556323,-1137.7329971553472,2778.745709344289,-7869.927547400206,1.3356991257166593,6.038793103448276,30,71,42.25352112676056,14.727799048703405,-16.253779837399296,1.3639622269002518,,0.8511058695246345,240
45,0.24,0.12,0.5,0.3,24,10,20000,45144.755349712126,25144.755349712126,125.72377674856064,14.636229148664448,0.575362156875619,0.6348147020822851,-36.527502930647984,0.40069065702227585,26.44115255447422,278,218,60,78.41726618705036,477.32929326955997,-1298.873127395184,1387.3846231905347,-4592.334543357413,1.3352315908565815,12.924460431654676,43,71,60.56338028169014,14.381460864183326,-17.453497134661845,1.445458113987004,,0.618429738044136,3
30,0.26,0.16,0.6,0.7,20,15,20000,50883.472425223656,30883.472425223656,154.41736212611826,16.961015871780027,0.5751915523695538,0.6159151782007761,-50.1447759768634,0.338240934202314,33.89153892022491,263,185,78,70.34220532319392,764.6213176278654,-1375.3329658452724,2737.7607537847853,-6961.283677865772,1.318607904450415,9.996197718631178,42,71,59.154929577464785,19.84597891900237,-22.70872271814952,1.8148039629054822,,0.9065461734604414,315
35,0.22,0.1,0.45,0.9,22,10,20000,46718.52378389153,26718.523783891527,133.59261891945764,15.297185652363666,0.5737185011650617,0.6328895870049075,-43.96065592238463,0.34797446333311843,28.53696370054491,302,254,48,84.10596026490066,504.92688555054076,-2079.525311083275,1467.905790253083,-6809.568749082047,1.2848628266898814,9.754966887417218,45,71,63.38028169014085,14.32913736697088,-19.21504857927443,1.573505204808424,,0.5617958371420673,2
35,0.2,0.08,0.6,0.9,20,20,20000,38370.28166997849,18370.28166997849,91.85140834989245,11.55134700259346,0.5736957501112483,0.45975168826150015,-30.63850790566472,0.3770205467629102,18.639178222021023,112,95,17,84.82142857142857,536.9047839133337,-1884.5689883404802,1213.9629952595114,-5763.793955237738,1.5920617826186125,12.125,37,71,52.112676056338024,9.85240170137509,-17.382692608210338,1.0856775368970788,,0.5059030026714166,2
35,0.24,0.14,0.6,0.9,20,20,20000,43319.29208497394,23319.29208497394,116.59646042486969,13.845099730663502,0.5736524373079723,0.5009763137815766,-33.24541232548873,0.4164514368212147,24.35133147274586,131,100,31,76.33587786259542,714.2715538612434,-1517.6472032629158,2096.4956679660536,-7073.4132012176,1.5182064591134175,13.221374045801527,35,71,49.29577464788733,12.652779850358398,-21.226555697979276,1.3357965269845333,,0.8452780854250757,336
30,0.26,0.14,0.55,0.7,22,15,20000,49283.12466812629,29283.124668126293,146.41562334063147,16.335603575292666,0.5730934998270234,0.5946442606838814,-43.6390319995275,0.37433469137146624,31.991377099192793,322,219,103,68.01242236024845,715.3753353999564,-1201.1968328588734,2794.1268265939098,-6288.872284133123,1.266271039073194,6.888198757763975,41,71,57.74647887323944,18.030000273988534,-20.011015066080507,1.6645546057779506,,0.8819281136140045,474
30,0.26,0.14,0.55,0.7,22,15,20000,49283.12466812629,29283.124668126293,146.41562334063147,16.335603575292666,0.5730934998270234,0.5946442606838814,-43.6390319995275,0.37433469137146624,31.991377099192793,322,219,103,68.01242236024845,715.3753353999564,-1201.1968328588734,2794.1268265939098,-6288.872284133123,1.266271039073194,6.888198757763975,41,71,57.74647887323944,18.030000273988534,-20.011015066080507,1.6645546057779506,,0.8819281136140045,474
30,0.3,0.08,0.55,0.7,20,15,20000,46668.203131673086,26668.203131673086,133.34101565836542,15.27634068603938,0.5725916621453515,0.5842356317087342,-46.388326781906294,0.3293143285348653,28.579770301851593,223,168,55,75.33632286995515,659.3293926502639,-1509.1024515194754,2138.2518811125647,-5457.700247683294,1.3345360332164884,9.399103139013453,42,71,59.154929577464785,15.946902305268718,-25.960137768489734,1.5827858866401419,,0.9128178703191946,389
45,0.16,0.1,0.45,0.5,18,20,20000,37269.708276019854,17269.708276019854,86.34854138009926,11.008004360865552,0.5717636204898221,0.4574944783697485,-20.30998301247808,0.5419996833134935,17.477141793761767,108,94,14,87.03703703703704,463.99620470170123,-1792.4310689957128,878.1247733726764,-4387.380929534168,1.7380880875139941,10.546296296296296,36,71,50.70422535211267,8.993960062142282,-14.346956097219444,0.9787039637016838,,0.3845563713433202,3
30,0.24,0.12,0.55,0.7,22,15,20000,47186.67626094352,27186.676260943517,135.93338130471759,15.490224137689989,0.5711844218155866,0.5768985620483613,-39.74462494623197,0.3897438750182131,29.42418985306722,308,213,95,69.15584415584416,647.3117163963178,-1131.433887699707,2174.240104648213,-5842.417389649536,1.2827448620852642,6.701298701298701,42,71,59.154929577464785,15.712957022467222,-20.05046942418234,1.5604648993816659,,0.8956826199102229,366
30,0.16,0.1,0.4,0.9,18,20,20000,40095.33384225668,20095.33384225668,100.4766692112834,12.377444691650009,0.5710130419106141,0.4524901965189004,-34.0777850644089,0.3632115370249549,20.76469415009668,195,158,37,81.02564102564102,446.64264284279767,-1284.0595601866323,1075.9294143396637,-5577.133734265019,1.4853553980699508,6.574358974358974,32,71,45.07042253521127,12.446213149714701,-12.711929613815043,1.1456930636330938,,0.28632016552483625,3
45,0.18,0.16,0.55,0.3,18,20,20000,38094.060024995786,18094.060024995786,90.47030012497893,11.416210438146667,0.5707758840582648,0.4392418765763965,-37.87155555361878,0.3014455115788293,18.479196576391733,103,83,20,80.58252427184466,680.9450804223466,-1828.074082502949,1681.6158475523303,-5159.807521760747,1.545846588385282,14.310679611650485,32,71,45.07042253521127,13.840118703856795,-13.323242398180824,1.075121560102234,,0.5707758840582648,1
30,0.28,0.08,0.5,0.7,24,15,20000,43980.56860486821,23980.56860486821,119.90284302434107,14.134837332964544,0.5703266744011194,0.5786663909169578,-39.18555448271736,0.36071551161024556,25.424994802131934,334,223,111,66.76646706586826,561.3141372226137,-893.385441403373,1760.626308442971,-6190.998370967593,1.262260505155454,5.6437125748503,40,71,56.33802816901409,14.523660522886384,-15.17694998728427,1.3665190628649453,,0.923120067169028,356
30,0.28,0.12,0.55,0.9,24,15,20000,46660.71136851888,26660.71136851888,133.30355684259442,15.273235677763864,0.5679270477842787,0.5896306779808442,-46.07141555430837,0.3315121858966972,29.041682050739183,324,211,113,65.12345679012346,722.2580371967865,-1086.107384778787,2758.8760616302166,-8148.508169914599,1.2417198636195799,5.987654320987654,40,71,56.33802816901409,17.09093397161725,-18.121211738244558,1.5492622506390634,,0.9167179628745882,575
35,0.24,0.16,0.6,0.7,22,15,20000,48361.67547569098,28361.67547569098,141.8083773784549,15.967795741262393,0.5657772235236085,0.5973585836232274,-41.7607524537703,0.3823636980425329,31.613095081675013,286,211,75,73.77622377622379,575.8479485280877,-1200.3485555164693,2441.5871993265387,-7637.656377566647,1.3496515000416969,12.073426573426573,41,71,57.74647887323944,18.077192672872066,-22.46472991959103,1.6493947008494154,,0.887710250339269,290
35,0.3,0.1,0.55,0.9,24,15,20000,44533.01602181443,24533.01602181443,122.66508010907215,14.374125016297423,0.564779390180755,0.5975180206885704,-43.08619517361536,0.3336132364061631,26.57104115127893,207,156,51,75.36231884057972,664.1301539645759,-1529.5409411109656,1831.354071691687,-5108.899793046353,1.3281481305516256,10.695652173913043,41,71,57.74647887323944,14.699485827139846,-16.375853973039778,1.4443299902988715,,0.9011631677791154,380
30,0.22,0.12,0.45,0.3,20,20,20000,41326.3803607831,21326.3803607831,106.63190180391551,12.949067157196836,0.5621416519761665,0.45269914476876694,-34.109548313253576,0.37963173942603506,22.805081123837674,168,128,40,76.19047619047619,642.1240550975508,-1477.4699672925863,1670.9652279716893,-5579.252497623434,1.390753803326039,7.023809523809524,32,71,45.07042253521127,16.465765560229762,-22.256712425529322,1.284427139160714,,0.4471503944153541,2
30,0.28,0.1,0.55,0.9,22,15,20000,45761.38730878812,25761.387308788122,128.80693654394062,14.897455093606515,0.559458644025685,0.5668613216902773,-40.20504977997709,0.3705369145202686,28.763199637703917,287,196,91,68.29268292682927,668.1210767406064,-1134.3949860700075,2138.2518811125647,-5065.648299100759,1.2685440513331911,6.780487804878049,42,71,59.154929577464785,15.729339983160063,-20.132639686166243,1.5167959714469716,,0.8793208012104602,545
30,0.28,0.1,0.55,0.9,22,15,20000,45761.38730878812,25761.387308788122,128.80693654394062,14.897455093606515,0.559458644025685,0.5668613216902773,-40.20504977997709,0.3705369145202686,28.763199637703917,287,196,91,68.29268292682927,668.1210767406064,-1134.3949860700075,2138.2518811125647,-5065.648299100759,1.2685440513331911,6.780487804878049,42,71,59.154929577464785,15.729339983160063,-20.132639686166243,1.5167959714469716,,0.8793208012104602,545
30,0.28,0.1,0.55,0.5,20,15,20000,46287.87799475092,26287.877994750917,131.4393899737546,15.118185897898218,0.5593032086595398,0.5722235225685232,-48.41777152792508,0.31224456270522,29.502752438372365,252,191,61,75.79365079365078,614.630113730073,-1470.5323561916891,2138.2518811125647,-5584.525092134057,1.3087080750840192,9.075396825396826,41,71,57.74647887323944,15.784680834716713,-23.863676062073303,1.5912369248031022,,0.9047887318998331,298
40,0.2,0.08,0.6,0.3,22,10,20000,40830.77062777167,20830.77062777167,104.15385313885837,12.720663268258958,0.558638495905172,0.5773143490553193,-34.366200812261546,0.3701504084711145,22.447869136642186,267,210,57,78.65168539325843,391.07261814282464,-1063.0566377790392,1131.727422227509,-3401.7872320663737,1.3553312261196233,12.99250936329588,46,71,64.7887323943662,13.829766741697537,-16.587592525132454,1.2142832451257486,,0.4104626510658238,2
30,0.28,0.1,0.55,0.7,22,15,20000,45641.25828556284,25641.258285562843,128.20629142781422,14.846795152350722,0.5574929895840729,0.5641031099527715,-40.046093670494756,0.3707426565625195,28.811967203363402,283,196,87,69.25795053003534,666.6384345057459,-1184.6663779030262,2138.2518811125647,-5193.259901910697,1.2677426601586455,6.787985865724382,42,71,59.154929577464785,15.74472151224331,-20.132639686166243,1.518283891783892,,0.8868842859114587,648
30,0.28,0.14,0.6,0.5,24,15,20000,47037.001459813066,27037.001459813066,135.18500729906532,15.428681076969152,0.5574127247076073,0.583291210011721,-46.61236195286143,0.3309997698158272,30.777541824780098,341,217,124,63.63636363636363,733.4716478533608,-1036.0648880997246,2758.8760616302166,-7854.517209208887,1.2388947820610179,6.099706744868035,41,71,57.74647887323944,17.53355679635358,-19.77967151914486,1.6211235155973052,,0.9145901225635721,264
45,0.22,0.1,0.45,0.5,22,15,20000,42201.91190932751,22201.911909327508,111.00955954663753,13.347047260931877,0.5541260727103084,0.5714755946818104,-38.8083049558289,0.3439224484584758,24.47722968705383,198,170,28,85.85858585858585,431.77867503914143,-1788.4272445473744,1549.1090712971436,-5722.412759273523,1.4658205370997262,12.88888888888889,43,71,60.56338028169014,13.092790656458853,-15.779240555029473,1.2981264855230328,,0.5928903664264057,4
45,0.16,0.1,0.5,0.9,20,10,20000,43053.262419408056,23053.262419408056,115.26631209704028,13.727500029565043,0.5529253855748096,0.6066473692342991,-34.32468606813383,0.3999308253633034,25.6981883393504,249,218,31,87.55020080321285,315.3068487428782,-1425.7507066152134,1118.8605907663166,-6287.506829863899,1.5551941300686938,14.602409638554217,46,71,64.7887323943662,15.112889050162392,-17.88368888664006,1.3090311623418682,,0.5447032163814925,3
30,0.26,0.16,0.55,0.9,22,15,20000,48212.96438644555,28212.96438644555,141.06482193222774,15.907890280768866,0.5518791431294567,0.5847966238125921,-47.20194643342631,0.33701767581142816,33.37235282502377,335,224,111,66.86567164179105,751.6156462835404,-1218.9652286582639,2794.1268265939098,-6044.931136892584,1.2443127015968956,6.901492537313433,42,71,59.154929577464785,19.046094531941083,-21.151453136724296,1.6852840356271197,,0.8823542560468786,315
35,0.26,0.08,0.45,0.9,20,10,20000,44478.397237072124,24478.397237072124,122.39198618536062,14.35057777308868,0.551453164589003,0.6248768924867327,-40.888936321360006,0.35096481014577213,27.78383342629801,255,214,41,83.92156862745098,527.8952192074615,-2136.0574214599487,1515.2419504476895,-6161.709497249868,1.289925779484287,10.68235294117647,43,71,60.56338028169014,15.07478579243189,-23.726884159369543,1.5117312021332785,,0.6061353666509977,4
30,0.24,0.12,0.45,0.7,24,15,20000,44732.2527296304,24732.252729630403,123.66126364815202,14.459816683094996,0.5498731731190729,0.5624165054985348,-45.6060696759353,0.31705904029535187,28.34404620097523,374,249,125,66.57754010695187,609.6792212601274,-983.0309869131291,2100.671724469791,-7593.229430253154,1.235445296148633,5.393048128342246,40,71,56.33802816901409,16.01946597113757,-17.40935948762431,1.4472752115459258,,0.7721217359396862,10
30,0.24,0.14,0.6,0.7,20,15,20000,46832.77214167859,26832.772141678593,134.16386070839297,15.344442927026346,0.5497938982416208,0.5738449068691471,-47.36345683817434,0.32397219188315074,31.482657462065756,297,217,80,73.06397306397307,566.0172324495993,-1164.7795912485533,2229.8545512441083,-5626.885727908584,1.3181221190300838,9.905723905723907,44,71,61.97183098591549,17.654089928291008,-26.661780445936056,1.6452070049692251,,0.9168036420537592,335
45,0.22,0.1,0.55,0.7,22,15,20000,41887.9523423492,21887.9523423492,109.43976171174599,13.2051314175889,0.5493836773436671,0.5767750405268534,-40.31431449965505,0.3275544079436571,24.43348052816659,148,126,22,85.13513513513513,567.9066998560402,-2212.445083614173,1458.3968938772173,-7273.566631585406,1.4701185479404961,14.966216216216216,43,71,60.56338028169014,16.42095759941167,-17.9174142264212,1.2765464867260639,,0.5851010816023131,2
30,0.26,0.14,0.5,0.9,22,15,20000,47246.33404863882,27246.33404863882,136.2316702431941,15.514708862568561,0.5493267731269629,0.5740966838586277,-45.28323976010104,0.34261481609446454,32.20759156862811,321,218,103,67.91277258566979,717.8037742739135,-1218.6484343987788,2629.766425029562,-6044.931136892584,1.2466558277610185,6.663551401869159,44,71,61.97183098591549,18.25725048724811,-18.680747273771946,1.6185689910634828,,0.8388939116870557,96
35,0.2,0.14,0.55,0.9,20,10,20000,46870.24454076992,26870.24454076992,134.3512227038496,15.359921979338932,0.546021758483103,0.6125950200498367,-45.405296804518876,0.3382848050849051,32.035990263073295,277,225,52,81.2274368231047,526.9799481581423,-1716.0979650756462,1581.382816484257,-6393.551882116763,1.3287130135724392,12.440433212996389,46,71,64.7887323943662,15.696476222311762,-24.717490900977623,1.664495408845489,,0.5333936750748316,9
35,0.3,0.1,0.6,0.7,22,15,20000,43849.3390795204,23849.339079520403,119.24669539760202,14.077628983446777,0.5411489950832217,0.5701558334565183,-37.88278695113951,0.37161017222950976,27.963211440908037,187,143,44,76.47058823529412,709.8502569014186,-1743.0897194859629,1792.7169523119903,-6018.913764232818,1.3235195579089003,11.882352941176471,41,71,57.74647887323944,16.189676867736402,-19.87804705911611,1.4471941432137236,,0.9007495754675617,445
30,0.3,0.08,0.5,0.9,22,15,20000,43213.45566849209,23213.45566849209,116.06727834246044,13.798386416681097,0.5398304541183273,0.5441264792097104,-36.30522377598008,0.38006614425030083,27.204521253364174,274,186,88,67.88321167883211,639.7769909931585,-1071.226871093583,1585.5559601529828,-4965.070489509257,1.262343159297822,6.514598540145985,42,71,59.154929577464785,15.278847201424227,-18.142613085736446,1.3818844060098907,,0.8820044963081894,300
30,0.26,0.14,0.6,0.9,24,15,20000,45150.7043674831,25150.7043674831,125.7535218374155,14.638763499002305,0.5386723057667543,0.5584144869003772,-48.05754921966297,0.30460903097848335,30.296401226141718,332,210,122,63.25301204819277,737.6527076073753,-1030.171018279225,2758.8760616302166,-7822.537202704606,1.232542993291192,6.216867469879518,42,71,59.154929577464785,16.598680624617714,-19.41072511952433,1.5344467835247622,,0.9150831232723688,354
30,0.26,0.14,0.6,0.7,24,15,20000,45150.7043674831,25150.7043674831,125.7535218374155,14.638763499002305,0.5386723057667543,0.5584144869003772,-48.05754921966297,0.30460903097848335,30.296401226141718,332,210,122,63.25301204819277,737.6527076073753,-1030.171018279225,2758.8760616302166,-7822.537202704606,1.232542993291192,6.216867469879518,42,71,59.154929577464785,16.598680624617714,-19.41072511952433,1.5344467835247622,,0.910735287209132,402
30,0.24,0.1,0.55,0.7,22,15,20000,43173.873516909436,23173.873516909436,115.86936758454718,13.780891466782897,0.5361332434899132,0.5341003646701752,-38.62915467239908,0.3567484606809033,27.54746260701256,303,211,92,69.63696369636963,574.1184245080342,-1038.6827614596282,1700.560308776948,-5193.259901910697,1.2676903618998205,6.765676567656766,43,71,60.56338028169014,14.376665510970831,-19.601521479705617,1.392639390345648,,0.8802799885118539,149
40,0.3,0.16,0.5,0.7,18,15,20000,46604.415782616044,26604.415782616044,133.02207891308024,15.249890337062633,0.5344676384737423,0.5833916011499901,-50.42883130215107,0.30240419901248317,33.34839220911216,183,149,34,81.4207650273224,685.5489853595576,-2182.605383410531,2392.25119048403,-8069.992463917625,1.3764822698349928,14.967213114754099,43,71,60.56338028169014,21.654916390406953,-20.99072209639008,1.713085294008456,,0.6527450771789011,3
30,0.16,0.1,0.4,0.3,18,10,20000,42467.85231428785,22467.852314287848,112.33926157143924,13.46657180609161,0.5281522815116175,0.5503090555714595,-43.59851353769881,0.30887685641959606,27.34826930305877,396,322,74,81.31313131313132,387.13115188024835,-1301.126038675038,1122.588620049113,-4825.137628079821,1.2946813842875111,6.545454545454546,43,71,60.56338028169014,14.356057247413002,-16.98383471624506,1.3926564165253825,,0.5281522815116175,1
35,0.3,0.1,0.5,0.9,20,15,20000,43196.67215866582,23196.672158665817,115.9833607933291,13.790969887659443,0.5258525993333945,0.5516460819017833,-43.84195115550437,0.314561043114706,28.690129895626438,201,161,40,80.09950248756219,626.8454035584275,-1919.9309453560243,2179.0763134941735,-6800.846543007428,1.3141372378134182,11.72636815920398,41,71,57.74647887323944,15.470905088250575,-16.940405283795602,1.4469745739778335,,0.9016316174334045,318
30,0.28,0.14,0.55,0.7,22,15,20000,45301.1839660193,25301.1839660193,126.50591983009649,14.702777313860228,0.5258185412786246,0.5453483681900183,-43.7955102068254,0.33571426030718654,32.49109004182944,293,191,102,65.18771331058021,763.8116159230372,-1153.2287713262804,2629.766425029562,-5626.885727908584,1.2402350063785403,6.931740614334471,40,71,56.33802816901409,18.9622211548236,-22.28750724894345,1.5957411470612481,,0.8853231894805828,445
35,0.3,0.08,0.55,0.7,20,20,20000,37899.06481591147,17899.06481591147,89.49532407955736,11.3203205915114,0.5252676200081386,0.4345458625348287,-39.591247286745265,0.2859298801455373,20.76909028189347,92,75,17,81.52173913043478,776.2781841901685,-2349.235235197129,1430.779954549296,-5681.167942951013,1.4578176947313017,12.206521739130435,34,71,47.88732394366197,11.30507972536805,-21.26622395247765,1.11990628839488,,0.8443531493664985,445
30,0.3,0.08,0.55,0.3,20,15,20000,42066.97849770918,22066.978497709177,110.33489248854589,13.286162760827658,0.5251296445710676,0.518277183249653,-45.694089238205386,0.2907632689988913,27.034464831841426,246,184,62,74.79674796747967,575.3754851666728,-1334.6001737573965,1924.426693001308,-5222.672605369171,1.2794588143736552,8.833333333333334,40,71,56.33802816901409,16.28099975072992,-19.914113997933246,1.3984786850674165,,0.93925494671037,85
35,0.3,0.1,0.6,0.9,20,15,20000,42879.91636714761,22879.916367147613,114.39958183573806,13.65054574790856,0.5227646682930689,0.5419580950686511,-42.47514288894262,0.32137727667214394,28.557511547244356,175,130,45,74.28571428571429,686.4959000618524,-1457.1744586865157,2148.6319712135924,-6254.766441231849,1.3609972135691364,13.874285714285714,43,71,60.56338028169014,14.907964695346298,-23.604484590833664,1.3988562828442688,,0.9167324790752426,315
30,0.28,0.08,0.55,0.9,22,15,20000,41701.51309534009,21701.513095340088,108.50756547670044,13.120437792586737,0.5226198068257312,0.5192112612176583,-36.36392615787942,0.36080916388462553,26.69341132854696,270,189,81,70.0,584.4745184646823,-1077.0280357343793,1924.426693001308,-4965.070489509257,1.2662380468932668,6.733333333333333,41,71,57.74647887323944,14.790139299494465,-16.891991621503344,1.3218478008009842,,0.8767914545499594,403
30,0.28,0.14,0.6,0.7,20,15,20000,45208.90359069267,25208.903590692673,126.04451795346337,14.663542394191476,0.522200771250803,0.5492205977843971,-49.6761576577707,0.2951827010295692,32.89798003702693,265,189,76,71.32075471698113,664.651009396911,-1294.6215419121502,2382.8671610941246,-5295.892449796314,1.276729964675698,10.116981132075471,42,71,59.154929577464785,19.742880477499547,-28.35591638222499,1.681780548910478,,0.9144355038732883,366
35,0.26,0.14,0.55,0.7,24,15,20000,43140.161697915384,23140.161697915384,115.70080848957691,13.765980621446872,0.5182895010739667,0.5461283397313738,-46.71773628575361,0.2946628350578869,29.593927281506282,246,178,68,72.35772357723577,622.2785835172934,-1258.498914237689,2257.8471654953632,-7683.536138352967,1.2943242822736905,10.439024390243903,42,71,59.154929577464785,16.088428991940383,-22.2523761580093,1.4768344619555873,,0.9074470484156849,412
30,0.18,0.1,0.55,0.9,24,20,20000,36053.822286173985,16053.822286173985,80.26911143086993,10.391982143779943,0.518011822838618,0.4131137264607747,-36.08405961845103,0.28799370840375627,18.617234861000618,221,162,59,73.30316742081448,442.61800924868606,-904.2253425781887,1209.3506187179014,-5756.550125872287,1.3440499487986954,5.547511312217194,31,71,43.66197183098591,11.49270297589191,-13.441183141490043,0.9708921864871156,,0.3128264458426673,3
40,0.2,0.1,0.45,0.3,20,20,20000,35492.45982787661,15492.459827876613,77.46229913938306,10.101719095483075,0.5162722515732145,0.41171413560848064,-29.45940577737385,0.3429030161647609,17.924858994566414,121,104,17,85.9504132231405,563.331304802132,-2478.276227737945,1106.324564972326,-3971.0093250938535,1.390588370010542,9.553719008264462,34,71,47.88732394366197,11.020438212043349,-11.552258806749926,0.9504198455009032,,0.38157843516562395,6
30,0.26,0.14,0.6,0.5,20,15,20000,44364.873596681544,24364.873596681544,121.82436798340773,14.301558386633605,0.514921176622415,0.5333931226416404,-49.16900056494492,0.29086534650512935,32.49900789056604,259,186,73,71.81467181467181,665.652806616492,-1328.8554579998076,2090.9658384671147,-5835.430241387771,1.2763215644877737,9.733590733590734,43,71,60.56338028169014,18.699708004012393,-27.161482043139596,1.5744714398719397,,0.910116230573645,315
30,0.22,0.12,0.6,0.7,20,15,20000,42738.84795034308,22738.84795034308,113.6942397517154,13.587729309253005,0.5130506561543097,0.526455449465111,-46.04548790877073,0.29509361126054695,29.61562756545041,256,185,71,72.265625,553.9041298406789,-1089.5537474673592,2055.9626038380584,-4953.878358316183,1.3246444497002587,9.609375,42,71,59.154929577464785,16.570761235223273,-24.12351533137024,1.4436602930399471,,0.8675086576105402,103
30,0.26,0.16,0.6,0.7,24,15,20000,43681.798649732766,23681.798649732766,118.40899324866383,14.004383776207563,0.5126105668997094,0.5371538249613118,-50.99700674648211,0.27461187763090855,31.474242649536833,347,218,129,62.824207492795395,735.7684612608052,-1019.4513636056005,3241.869994235004,-8344.039682884913,1.2196674678214179,6.170028818443804,42,71,59.154929577464785,17.806348695105623,-18.838502233801712,1.5273585147894544,,0.9077105671767706,311
45,0.2,0.08,0.4,0.9,22,15,20000,38639.164510419454,18639.164510419454,93.19582255209727,11.682117781460777,0.5096921313647818,0.5303286701311895,-32.57644169301733,0.3586063171523367,22.990417236533965,163,145,18,88.95705521472392,405.8447173142986,-2178.32886111966,877.2456142705946,-6798.396672965873,1.5008315436695134,11.680981595092025,43,71,60.56338028169014,11.78365538539088,-14.898181908345155,1.1223214621224389,,0.5096921313647818,1
35,0.2,0.08,0.55,0.9,20,10,20000,41010.70724970187,21010.707249701867,105.05353624850933,12.803853272879673,0.5080557658165983,0.5450210087367932,-42.03379733825891,0.3046085313169097,27.136789937092555,250,203,47,81.2,408.6321054684287,-1302.4921065862086,1197.2017901174563,-4645.051957190817,1.3550507636048703,12.348,44,71,61.97183098591549,12.01766951260652,-22.97703605926509,1.3432858815954192,,0.52900790478405,3
30,0.28,0.12,0.5,0.9,22,15,20000,42911.23494097317,22911.23494097317,114.55617470486585,13.664468280059626,0.5066934252812475,0.5246416062180002,-41.31239227608332,0.3307595500338598,30.908596128969695,299,206,93,68.89632107023411,635.0358480491269,-1135.2177393241623,2465.4060234652143,-5065.648299100759,1.2390914063574283,6.719063545150502,42,71,59.154929577464785,17.10585938541085,-22.226210305459038,1.4732538616947535,,0.8787220878289078,385
30,0.28,0.1,0.55,0.3,22,15,20000,41091.80609599447,21091.80609599447,105.45903047997236,12.841248388432058,0.5065121959727628,0.5017532061807382,-40.18731019080655,0.3195349061050044,27.505816786651906,284,192,92,67.6056338028169,622.6101193019776,-1050.7851827172312,1924.426693001308,-3779.7742930424542,1.2365612594745745,6.612676056338028,41,71,57.74647887323944,16.026135750785798,-23.721249049932524,1.3589175999463057,,0.905507640826603,115
30,0.28,0.12,0.55,0.7,22,15,20000,42892.743729465255,22892.743729465255,114.46371864732627,13.656249117452512,0.5063475650992788,0.5159608333564635,-42.61846984919039,0.3204303008948111,30.948057597416977,295,193,102,65.42372881355932,693.9832786666678,-1065.4904809137422,2465.4060234652143,-5193.259901910697,1.23241384778339,6.928813559322034,42,71,59.154929577464785,17.009463457970632,-21.870647531305963,1.4753916588422296,,0.8899190908161635,755
30,0.28,0.08,0.55,0.7,22,15,20000,40678.069967913085,20678.069967913085,103.39034983956543,12.649825585400842,0.5056226011930866,0.5018390405615396,-37.38921223051974,0.3383282190437581,26.850415221623507,275,188,87,68.36363636363636,578.9448150778732,-996.0707501922639,1924.426693001308,-5193.259901910697,1.2559882552269228,6.749090909090909,42,71,59.154929577464785,14.790139299494465,-17.380714135829013,1.2953726934892507,,0.8874269770507804,491
35,0.3,0.12,0.55,0.7,20,15,20000,42236.18248312448,22236.18248312448,111.1809124156224,13.362484988214952,0.5038529706559576,0.5342166123293172,-49.45224885508399,0.27020985491221416,29.926645589748784,184,142,42,77.17391304347827,736.6222950177452,-1936.630557366556,2091.4171962319815,-7730.142930061102,1.2859886428671412,12.782608695652174,42,71,59.154929577464785,16.21743578420776,-18.60448888799805,1.4407641039494923,,0.8966075915250844,440
35,0.24,0.14,0.6,0.7,22,15,20000,42577.85412951572,22577.85412951572,112.88927064757858,13.515829093061015,0.5030551273689474,0.5234359495260742,-42.94688912344993,0.31471031706650626,30.78695549532201,218,159,59,72.93577981651376,655.9969925135476,-1348.8909776294622,1893.9998013718744,-6099.370842754149,1.3105998417791853,12.169724770642201,41,71,57.74647887323944,16.775335000738266,-24.287367322217758,1.4594846301149609,,0.8885962913834194,381
30,0.22,0.08,0.45,0.9,18,15,20000,40675.91341764166,20675.913417641663,103.37956708820832,12.648823580236135,0.5025091008140091,0.5050896151336582,-38.80051683974071,0.3259962652683227,27.175395540593918,251,190,61,75.69721115537848,461.8485366816738,-1073.0411238012505,1110.1445800396075,-3820.1091602326746,1.3406239430554794,7.960159362549801,41,71,57.74647887323944,14.022676537538814,-18.166751074441855,1.2680952498201883,,0.6927201530152509,2
35,0.3,0.1,0.5,0.7,24,15,20000,40718.55973037628,20718.559730376277,103.59279865188138,12.668630276998716,0.5022992148562022,0.5235762268127566,-39.183445341318624,0.32331588421194163,27.261073175856314,205,151,54,73.65853658536585,610.4312620980074,-1304.5159416004215,1961.1686821447563,-4605.769987085057,1.3084904698473794,10.209756097560975,41,71,57.74647887323944,14.467494887734,-20.575016211975093,1.327340404132876,,0.9196023518020101,384
30,0.22,0.14,0.6,0.9,24,15,20000,41373.973479921726,21373.973479921726,106.86986739960862,12.970880490435821,0.5013490946924251,0.5127798639757158,-47.0332346755568,0.2757811700579632,28.648673377983496,367,236,131,64.30517711171662,598.5808062875675,-873.6587542285799,2271.382210439145,-7601.252348110175,1.2343026495467107,6.108991825613079,41,71,57.74647887323944,16.219051663170212,-19.45157880480124,1.350360067962908,,0.8673950100495373,96
45,0.3,0.16,0.45,0.7,22,15,20000,42839.976202054706,22839.976202054706,114.19988101027354,13.632778242818144,0.5013309902364288,0.54803235033646,-52.666839626491566,0.25884936972676864,31.55857426149661,186,149,37,80.10752688172043,671.0032190658659,-2049.0136064529534,1943.6576708649304,-8402.645428391186,1.3187555660394399,14.478494623655914,42,71,59.154929577464785,20.77807474690989,-23.471281357287722,1.541877165287981,,0.5317919897349414,3
45,0.28,0.14,0.6,0.9,20,15,20000,42109.973873827956,22109.973873827956,110.54986936913977,13.30558070643606,0.5012314598729863,0.5465080331924316,-42.06299116087918,0.3163251195224309,30.040812564694292,162,131,31,80.8641975308642,600.9914475249585,-1798.4356694174728,2425.020525190304,-6350.9578426641965,1.4121570092845006,18.34567901234568,42,71,59.154929577464785,16.486155503170274,-21.09049773633086,1.4334358811670198,,0.5012314598729863,1
40,0.18,0.08,0.4,0.5,24,10,20000,38447.89513178821,18447.89513178821,92.23947565894105,11.589172291214279,0.49983122486610093,0.529384264457533,-40.125044787106624,0.28882640138356247,23.588493859390432,300,246,54,82.0,365.9447996183594,-1281.3023254505213,1054.9684119529895,-5305.137948835065,1.3010839298538819,9.17,44,71,61.97183098591549,11.867523955783454,-18.50430370619445,1.1200698111126912,,0.35520308110211846,3
35,0.26,0.12,0.6,0.5,22,25,20000,33570.83029452494,13570.830294524938,67.8541514726247,9.07827792967173,0.49823102027573335,0.3147770500941346,-21.10240730436339,0.4302010570990446,16.04241670712986,47,37,10,78.72340425531915,789.2337120211777,-1535.1317050258626,1278.19692916128,-4394.121179232426,1.9022242358216168,11.702127659574469,24,71,33.80281690140845,13.691970694199252,-11.385545001393726,0.7999165585355321,,0.8593262916700694,344
30,0.3,0.16,0.4,0.3,24,20,20000,39626.36554346682,19626.365543466818,98.13182771733409,12.155837861905482,0.4979046481508967,0.4157286205544686,-46.99268377350492,0.25867511463048426,25.8257236221579,222,153,69,68.91891891891892,796.9939490817239,-1447.5001255947382,2340.1495910471585,-6270.222202454685,1.220896234178588,5.036036036036036,30,71,42.25352112676056,17.144654358913748,-17.962493455626184,1.295274667288976,,0.7616487612179664,3
45,0.18,0.08,0.5,0.5,22,10,20000,38308.28368621706,18308.28368621706,91.5414184310853,11.521086217457267,0.49689347124778704,0.5248458788960096,-35.088396646348194,0.32834461869480486,23.618377927368922,220,184,36,83.63636363636363,403.94453510480844,-1520.0062157393247,875.5013373603924,-5143.312146508524,1.3582874729512755,13.127272727272727,45,71,63.38028169014085,14.06939287956872,-16.88539362954147,1.1525348616457227,,0.3378611413239356,3
30,0.26,0.16,0.55,0.7,24,15,20000,42348.70301857309,22348.70301857309,111.74351509286547,13.413098465372242,0.49530917595908036,0.5196804895909445,-50.987443374627304,0.2630666999092359,31.605805503699962,354,229,125,64.68926553672316,709.2871556659488,-1077.7972450314317,3241.869994235004,-7822.537202704606,1.2056201434641112,6.016949152542373,42,71,59.154929577464785,18.831241323304717,-19.47507749053362,1.4840822512934566,,0.9057145906917465,313
40,0.18,0.08,0.4,0.9,18,20,20000,34605.71423929403,14605.71423929403,73.02857119647015,9.635329619904454,0.49434053038711545,0.39799341965898866,-24.783003074023426,0.38878781522663125,17.811319442307493,122,107,15,87.70491803278688,405.92031503348073,-1870.5439646192297,814.0410686886815,-5763.793955237738,1.5479801430355158,9.01639344262295,38,71,53.52112676056338,9.93724862321843,-16.91512405275637,0.903181946249218,,0.3597046813969484,2
30,0.22,0.14,0.6,0.7,22,15,20000,41517.71786422437,21517.717864224367,107.58858932112183,13.036636250260415,0.4932482997697337,0.49322082722301885,-43.03250847576276,0.30294855475606425,30.200949381590448,322,216,106,67.08074534161491,617.276859017984,-1011.4347517326436,1902.4600915671865,-5619.023452600528,1.243626622734925,7.031055900621118,39,71,54.929577464788736,16.663493328511358,-22.871197527830624,1.391023098185537,,0.8349840576002695,135
35,0.26,0.16,0.6,0.9,24,25,20000,34384.095428518376,14384.095428518376,71.92047714259188,9.51721592577579,0.49169165377849017,0.3260972981684432,-22.987982423250095,0.4140083175002804,17.60686338430415,63,45,18,71.42857142857143,829.3455781695577,-1240.2308660617628,1671.1091910599832,-6202.769617135136,1.6717564464490935,10.746031746031745,25,71,35.2112676056338,14.445397683487737,-15.800586340891677,0.8645985088344277,,0.8827327842097095,265
30,0.24,0.14,0.55,0.7,20,15,20000,42111.016330691244,22111.016330691244,110.55508165345623,13.30605130495539,0.4902284847965488,0.5099453126641548,-54.52153826112293,0.24405128192143086,32.03040302710005,271,202,69,74.53874538745387,600.9933007677989,-1398.3975423826691,1917.6373565585143,-7264.959197558511,1.2581755972765143,9.173431734317344,42,71,59.154929577464785,17.209968240196936,-26.8125356264575,1.5410205367820318,,0.9144444519792543,338
35,0.26,0.1,0.6,0.7,24,25,20000,32314.70557645675,12314.705576456749,61.57352788228374,8.38260423908288,0.48916724339883494,0.3106577807752405,-18.65458773401422,0.44935885791773833,14.559123668453559,56,40,16,71.42857142857143,681.0559426526008,-916.8832581029537,1193.5804177456864,-3850.9871317799743,1.8569865264573502,10.714285714285714,26,71,36.61971830985916,11.127736890304663,-11.12242192578442,0.7360067204408681,,0.8723838791559734,201
30,0.26,0.08,0.5,0.9,20,25,20000,32340.981643960775,12340.981643960775,61.704908219803876,8.397385226897281,0.48634643245259035,0.3038386914756046,-20.248708942991925,0.41471213056295203,14.71891528401892,64,50,14,78.125,641.2378833101677,-1388.3008943962539,1196.7901266937515,-3809.6283195174597,1.6495957805546546,7.90625,26,71,36.61971830985916,14.165861355266053,-11.24095772903787,0.7493423671459262,,0.8438070983910693,89
35,0.3,0.1,0.5,0.7,22,15,20000,40123.22743737298,20123.22743737298,100.6161371868649,12.390557470433095,0.48512824338795935,0.5012042849270351,-40.570751342979015,0.3054061623282544,28.372371925108126,196,152,44,77.55102040816327,648.396120553454,-1760.2905201534536,1961.1686821447563,-6018.913764232818,1.2724682916587975,10.801020408163266,40,71,56.33802816901409,16.494720427196352,-21.876430484133458,1.3411190218669575,,0.8905817295792257,445
30,0.16,0.08,0.55,0.5,24,10,20000,37473.57338549659,17473.573385496587,87.36786692748294,11.109649233164664,0.4821480832778872,0.5088369254053756,-37.46002352589317,0.29657347186355704,23.538898749421218,449,320,129,71.26948775055679,327.0075133713398,-637.7548504320473,1077.765524094355,-4648.134338372536,1.2719329817225493,5.692650334075724,44,71,61.97183098591549,12.735123992532692,-16.498614883389827,1.125232488407308,,0.3143805641447779,2
35,0.24,0.12,0.4,0.5,24,25,20000,32912.17539266141,12912.175392661411,64.56087696330705,8.716252839965822,0.48119663080073555,0.2927560825551853,-21.122971052024116,0.41264331700774565,15.859874163112877,75,57,18,76.0,552.0378698370272,-1006.1490660027298,1146.3149159695306,-4394.121179232426,1.73743631060116,8.0,25,71,35.2112676056338,11.973653303627696,-11.322422136294696,0.7788687226784456,,0.4213243226602428,2
40,0.2,0.16,0.55,0.7,18,15,20000,40317.82517588111,20317.82517588111,101.58912587940554,12.48182737599295,0.4808372387146871,0.5005702662895649,-50.9299094216234,0.24507853082286296,29.408561136237488,207,166,41,80.19323671497585,523.5950353215138,-1554.7670899387856,1650.8607972035975,-6579.75410572704,1.3634977073027168,14.830917874396135,42,71,59.154929577464785,15.33011155095152,-23.671925288418873,1.3242994988800916,,0.591279102824284,5
40,0.16,0.12,0.55,0.5,24,10,20000,38534.78556618967,18534.78556618967,92.67392783094834,11.631443437746757,0.4798149859773875,0.5150700908113709,-45.02308516938759,0.25834398939980435,25.808327897829635,280,218,62,77.85714285714286,435.7589408828334,-1177.3446040653482,1281.9263334083598,-6866.206001105275,1.3013901433900934,12.035714285714286,45,71,63.38028169014085,12.628892978587047,-14.086221752252982,1.168592372446362,,0.3001302704776386,3
45,0.2,0.12,0.45,0.9,24,15,20000,38249.246177752975,18249.246177752975,91.24623088876488,11.492232511557399,0.47797849127569275,0.5000276638746174,-40.116159506644756,0.28647389612791446,25.401525110461016,182,148,34,81.31868131868131,498.437146982277,-1578.783869871296,1421.5141046534063,-5689.867770758975,1.374265105177791,12.67032967032967,40,71,56.33802816901409,14.391565995085465,-15.942464934057266,1.156305168741018,,0.47797849127569275,1
30,0.28,0.1,0.5,0.9,22,15,20000,39680.268780891485,19680.268780891485,98.40134390445743,12.181420033669731,0.4743826555826551,0.485121251374714,-41.61307339229483,0.2927306022036159,29.039097915866837,279,189,90,67.74193548387096,634.0982432089448,-1092.512213173324,1645.8584442237632,-4344.436678320601,1.2188479860293595,6.598566308243727,41,71,57.74647887323944,15.954485880775081,-20.79825103423967,1.3154764361037792,,0.87749735092616,412
30,0.28,0.1,0.5,0.7,22,15,20000,39571.47138875091,19571.471388750913,97.85735694375457,12.129755624958193,0.4734284488922231,0.4828100699011851,-39.18104147479509,0.3095822665347267,28.943097051024978,290,198,92,68.27586206896552,594.8324396119783,-1047.8223005915308,1851.5907497517337,-4544.102414171861,1.2217556912486054,6.63448275862069,41,71,57.74647887323944,15.585680441556393,-21.75845147282849,1.3159394894493124,,0.888510767736492,497
40,0.3,0.1,0.4,0.9,20,15,20000,38712.35289836098,18712.35289836098,93.5617644918049,11.71758169523416,0.4686166851034742,0.5004077585274069,-42.20396902879139,0.27764169969986635,27.59039904859654,169,143,26,84.61538461538461,520.7695436228798,-2116.626609219645,1569.4418501652517,-5077.622906122454,1.3532063130311964,12.278106508875739,40,71,56.33802816901409,15.27598614073904,-21.899190539119118,1.240761010595536,,0.7077843665820762,5
45,0.16,0.12,0.4,0.7,24,10,20000,37935.92087431952,17935.92087431952,89.6796043715976,11.338476156880084,0.46692933019325217,0.5061877740200453,-40.96712477118209,0.2767701228780405,26.152227238323288,257,215,42,83.65758754863813,375.2696406815783,-1398.490206738598,958.5647477537127,-6798.962518897445,1.3736407672899502,11.408560311284047,45,71,63.38028169014085,13.531348587545633,-22.248831739341,1.119024810418254,,0.46692933019325217,1
45,0.22,0.16,0.55,0.5,24,15,20000,38527.41086457376,18527.410864573758,92.63705432286879,11.627858816764046,0.4647914106488624,0.47929714723112254,-45.23592360966754,0.25704921860552027,27.786052367403308,238,188,50,78.99159663865547,472.98012059997455,-1356.9490361644266,1552.9546921597375,-8004.500048977251,1.3105910436273807,15.428571428571429,43,71,60.56338028169014,15.124190121756364,-18.595583157463793,1.2313414924944246,,0.4647914106488624,1
40,0.16,0.14,0.4,0.9,24,20,20000,34529.364088261136,14529.364088261136,72.64682044130568,9.59470939888407,0.46464527242098214,0.3536842319241547,-26.305254669696705,0.3647449727957603,19.610186540765838,109,94,15,86.23853211009175,492.5744881857078,-1970.8425200796933,1241.2004581574106,-4920.815561107338,1.566233777947388,9.18348623853211,32,71,45.07042253521127,10.34869038120354,-15.671766021907985,0.9006205151717392,,0.2941530746137518,2
30,0.22,0.12,0.55,0.9,24,15,20000,38367.5859494928,18367.5859494928,91.837929747464,11.550032086637984,0.4636032262205351,0.4687966190045775,-43.081717446340924,0.26809590636733,27.6153689554531,342,230,112,67.2514619883041,530.4382196466768,-890.0687907968119,2019.0064092792404,-5999.191353358104,1.2238298699514552,5.885964912280702,40,71,56.33802816901409,15.981884970099758,-19.032065057622138,1.226065653884749,,0.8693134781006794,88
45,0.16,0.12,0.5,0.7,22,20,20000,34447.743186494314,14447.743186494314,72.23871593247156,9.551202253454516,0.4628113313420131,0.37061301569126753,-29.617837834558625,0.32248141497722704,19.592891945246183,134,113,21,84.32835820895522,398.04189376773206,-1372.947181393305,1132.0036688539947,-7005.151193446093,1.5600341404355185,13.052238805970148,36,71,50.70422535211267,15.00001564809903,-18.23073041726446,0.9112671374147598,,0.3236714476204364,3
40,0.18,0.12,0.6,0.7,18,15,20000,37857.773499183706,17857.773499183706,89.28886749591854,11.299962724547585,0.4626646735418793,0.47092300069406423,-39.89128255889575,0.28326897506652604,26.507636103802607,211,174,37,82.46445497630332,388.3474198006559,-1294.2047985440672,1312.1668658339133,-5699.895877881926,1.4111232339260882,14.800947867298579,43,71,60.56338028169014,14.699743183091417,-20.60414640619196,1.1899884058602959,,0.4462436631005451,6
30,0.22,0.16,0.55,0.7,22,15,20000,39536.94475283436,19536.94475283436,97.68472376417179,12.113335317613094,0.4599796948619243,0.46090374125945566,-48.11815599390813,0.25174146987566753,31.45227132602143,324,216,108,66.66666666666666,665.0201843141476,-1094.4343986946421,2133.9485970223254,-5931.191422189446,1.215276466286756,6.91358024691358,42,71,59.154929577464785,17.57209987747177,-23.145988266596962,1.355309029345403,,0.8300411640554327,106
35,0.28,0.1,0.6,0.7,24,25,20000,31585.17984233402,11585.179842334019,57.92589921167009,7.968177324898118,0.45661397555595523,0.29516894068278443,-18.78209091661053,0.4242433582222313,14.85217026390223,60,41,19,68.33333333333333,677.2318744618098,-839.2645795052719,1193.5804177456864,-3850.9871317799743,1.7412805606359716,10.866666666666667,26,71,36.61971830985916,11.308666016228287,-11.31347813726461,0.707339071167069,,0.8910697066247469,461
30,0.3,0.1,0.55,0.5,22,25,20000,32322.24344660424,12322.24344660424,61.6112172330212,8.386845514625541,0.4540098280386058,0.28607279048581047,-23.410535112298287,0.35825091030147654,16.28122181950425,83,58,25,69.87951807228916,693.3519041707856,-1100.1386798120511,1501.1068766125861,-5663.163018125902,1.4621578599082012,6.63855421686747,23,71,32.3943661971831,11.92726847531198,-13.100695439528288,0.7506928555627873,,0.8391837744449715,281
45,0.18,0.12,0.55,0.3,24,20,20000,32933.661092199436,12933.661092199436,64.66830546099717,8.728157035428797,0.4539959464088655,0.3655867656497355,-31.736136587790458,0.2750226704906072,17.418115346147896,124,102,22,82.25806451612904,504.85968041698254,-1695.560286833309,1307.0269397578022,-4702.479879558185,1.3804953335649695,12.266129032258064,36,71,50.70422535211267,10.255007095257596,-12.821112402797862,0.841801535098567,,0.24226983449484793,3
35,0.28,0.12,0.55,0.7,24,25,20000,32203.72611706757,12203.72611706757,61.01863058533785,8.320064784755644,0.4534151048367657,0.2943215876268607,-21.016038265645093,0.3958912083994655,16.10898537648417,60,43,17,71.66666666666667,718.5309705296241,-1081.4709185709567,1341.8530384058975,-4859.191843517932,1.6805451343663855,10.566666666666666,25,71,35.2112676056338,11.358385020298044,-13.195489724901922,0.744394701009628,,0.8809952263045189,636
40,0.22,0.16,0.45,0.5,18,20,20000,36074.1775094586,16074.177509458597,80.370887547293,10.402436341069809,0.4524852274353556,0.3854463859513922,-35.48200572766591,0.2931749806059824,23.7767215079803,131,107,24,81.67938931297711,633.2534516708317,-2071.814242471683,1581.1200543546784,-6588.717766469176,1.362696961028853,11.816793893129772,32,71,45.07042253521127,11.65527903581327,-16.34333615828044,1.0311567704333344,,0.29515546230521233,3
30,0.3,0.1,0.5,0.5,22,25,20000,31869.51217721407,11869.51217721407,59.34756088607035,8.130638028523407,0.4475119156434666,0.2859700240645206,-23.26834154162074,0.34942920250589865,15.82289450244737,86,60,26,69.76744186046511,662.4983172406634,-1057.4725714317572,1455.83563702505,-5663.163018125902,1.4457512297320512,6.546511627906977,22,71,30.985915492957744,11.803874549391136,-12.804002028736816,0.7265492306922133,,0.8477633074697974,231
30,0.18,0.16,0.45,0.9,20,20,20000,35162.6292907945,15162.629290794503,75.81314645397251,9.92938739627267,0.44700540456685894,0.3493771874410367,-38.199576329250796,0.25993449012860853,22.379547391299162,123,96,27,78.04878048780488,610.8223206905977,-1520.2449442778848,1237.1796702939016,-4520.676750786402,1.428593927553169,7.715447154471545,35,71,49.29577464788733,13.500944115978974,-18.87385795893278,0.9925453080440888,,0.6018379674775634,2
35,0.16,0.14,0.6,0.5,20,20,20000,33703.28373006376,13703.283730063762,68.51641865031881,9.15036512785916,0.44508626833273657,0.32877013068016225,-35.40959200984617,0.258414870335551,19.554283047507603,103,84,19,81.55339805825243,566.6905593748136,-1692.5275398642443,1191.1222902171291,-5645.909086928218,1.4802528938559651,12.495145631067961,34,71,47.88732394366197,11.926109581850298,-22.443900105408343,0.9331947590324489,,0.2974477817667266,4
35,0.2,0.14,0.4,0.7,20,10,20000,38425.852242262044,18425.852242262044,92.12926121131022,11.578436050237784,0.4429328245767301,0.4964785862020327,-49.90888706151921,0.23199146949451813,31.81898242876412,299,245,54,81.93979933110369,465.73628323028925,-1707.4210653713822,1329.4006008206588,-6619.839963146069,1.2375756685701778,10.100334448160535,43,71,60.56338028169014,15.55432618758763,-24.0938438524924,1.4454238269608382,,0.4256691759287241,2
30,0.3,0.12,0.55,0.5,22,25,20000,32393.71535885899,12393.71535885899,61.96857679429495,8.427019215597253,0.44226598928160715,0.2846152627231731,-24.34335073786267,0.3461733475535973,17.11422894700733,85,59,26,69.41176470588235,722.4073158016186,-1144.7775489783255,1700.705342180799,-5396.407697727784,1.4319890448563295,6.6117647058823525,23,71,32.3943661971831,10.718509407958132,-12.587209673873778,0.7537147398353886,,0.8278022215535719,262
35,0.26,0.14,0.55,0.7,20,15,20000,38129.16907675564,18129.169076755643,90.64584538377821,11.43343207140617,0.43984682655319474,0.46039591577417494,-50.972287079650236,0.2243068287977755,31.500268055957616,230,181,49,78.69565217391305,577.850171287255,-1731.8124882905581,1807.3737628315716,-7990.893265746099,1.2325282269319031,13.104347826086956,41,71,57.74647887323944,16.884942109313727,-20.385000610641946,1.3343434506338834,,0.9062090242550418,417
45,0.28,0.14,0.4,0.5,20,15,20000,37459.03892073141,17459.038920731407,87.29519460365704,11.102417765931127,0.4391561748713897,0.46631217965422755,-53.38954692331698,0.20795115159672456,29.356793704970425,193,165,28,85.49222797927462,522.3124192926465,-2413.564652234115,1664.3506022391573,-7729.520634681297,1.275255861898126,13.38860103626943,40,71,56.33802816901409,18.63939540099635,-16.33611199228725,1.2552955274834798,,0.5289109231372012,5
30,0.22,0.1,0.6,0.9,22,15,20000,36509.00664060619,16509.00664060619,82.54503320303095,10.624595214217326,0.43811025523158487,0.4315630442543433,-36.23333515271522,0.29322708410465353,26.841256444688394,295,201,94,68.13559322033899,491.6713638050952,-850.5280583427448,1420.5102437325486,-4328.652053416484,1.2361024669352916,6.850847457627118,40,71,56.33802816901409,14.681503762041249,-17.99858247993781,1.1299945718320696,,0.8044259884347542,36
40,0.3,0.08,0.4,0.3,18,15,20000,34796.70842974976,14796.708429749757,73.98354214874878,9.736617688633164,0.43150432319506904,0.436100577168673,-35.64620950670441,0.27314594800891473,23.240702050497166,202,165,37,81.68316831683168,424.627090341093,-1476.128688554883,1176.076821865812,-3926.163518404843,1.2828199258278479,10.465346534653465,39,71,54.929577464788736,13.616162918640518,-17.058022664533436,1.0199857585161822,,0.5698909317226089,2
30,0.28,0.08,0.55,0.9,22,25,20000,30352.771126574964,10352.771126574964,51.76385563287482,7.249618340367503,0.42817984554118216,0.25941346283219907,-20.155479959434043,0.3596847286672636,13.988479886325647,80,56,24,70.0,596.4059327613577,-947.3567128358724,1308.0677137110074,-4602.004019667856,1.4689438774800014,6.65,23,71,32.3943661971831,9.836466774522545,-11.485962179318376,0.641943690564179,,0.8371123230245001,397
35,0.28,0.16,0.4,0.7,20,15,20000,37872.424687517,17872.424687517,89.362123437585,11.30718831733728,0.4273780742913698,0.4656729123723014,-51.64754960976662,0.21892981182594334,34.399277920306005,211,172,39,81.51658767772511,661.9491624971463,-2404.598237486981,1769.8315609472415,-7590.061835222131,1.2140762193263097,10.431279620853081,42,71,59.154929577464785,17.94893148453738,-21.999981924008683,1.4338738844417165,,0.7303719783287944,6
35,0.22,0.12,0.6,0.5,24,15,20000,35562.74922079072,15562.74922079072,77.81374610395359,10.138271907863405,0.4268428829100518,0.4327414850093941,-42.78040357937901,0.23698401743807415,25.924643423311167,227,164,63,72.24669603524228,500.09472538933255,-1026.0410435406322,1570.7514894321062,-5729.585037799717,1.2687931896201323,10.674008810572687,42,71,59.154929577464785,14.547739049001729,-23.732781298527872,1.1152508300383444,,0.8835353449829629,74
40,0.24,0.08,0.4,0.7,18,20,20000,32591.418275593398,12591.418275593398,62.95709137796699,8.537763218093875,0.4251895365804474,0.3448978410289623,-28.1042111969392,0.3037894626632935,18.751257614086754,126,108,18,85.71428571428571,449.2111016674712,-1967.2878169163039,1039.2613760185127,-6200.034557008778,1.3700418346663783,9.65079365079365,37,71,52.112676056338024,12.295923284861443,-18.550259782685785,0.8423609555078336,,0.3056021499178644,2
30,0.28,0.1,0.55,0.9,22,25,20000,31147.720513326378,11147.720513326378,55.73860256663189,7.715830578038574,0.423760637575398,0.2640982487559409,-23.764860361141476,0.32467392868232137,15.789132284534027,85,57,28,67.05882352941175,682.7608605544729,-977.0553049385201,1455.83563702505,-5296.936813289342,1.4225459199003865,6.588235294117647,23,71,32.3943661971831,11.36590625843632,-12.423653083087338,0.6961501942621087,,0.8365355283703664,536
30,0.28,0.1,0.55,0.9,22,25,20000,31147.720513326378,11147.720513326378,55.73860256663189,7.715830578038574,0.423760637575398,0.2640982487559409,-23.764860361141476,0.32467392868232137,15.789132284534027,85,57,28,67.05882352941175,682.7608605544729,-977.0553049385201,1455.83563702505,-5296.936813289342,1.4225459199003865,6.588235294117647,23,71,32.3943661971831,11.36590625843632,-12.423653083087338,0.6961501942621087,,0.8365355283703664,536
30,0.28,0.1,0.55,0.9,22,25,20000,31147.720513326378,11147.720513326378,55.73860256663189,7.715830578038574,0.423760637575398,0.2640982487559409,-23.764860361141476,0.32467392868232137,15.789132284534027,85,57,28,67.05882352941175,682.7608605544729,-977.0553049385201,1455.83563702505,-5296.936813289342,1.4225459199003865,6.588235294117647,23,71,32.3943661971831,11.36590625843632,-12.423653083087338,0.6961501942621087,,0.8365355283703664,536
30,0.28,0.1,0.55,0.7,22,25,20000,31147.720513326378,11147.720513326378,55.73860256663189,7.715830578038574,0.423760637575398,0.2640982487559409,-23.764860361141476,0.32467392868232137,15.789132284534027,85,57,28,67.05882352941175,682.7608605544729,-977.0553049385201,1455.83563702505,-5296.936813289342,1.4225459199003865,6.588235294117647,23,71,32.3943661971831,11.36590625843632,-12.423653083087338,0.6961501942621087,,0.8421056781293951,640
30,0.28,0.1,0.55,0.9,22,25,20000,31147.720513326378,11147.720513326378,55.73860256663189,7.715830578038574,0.423760637575398,0.2640982487559409,-23.764860361141476,0.32467392868232137,15.789132284534027,85,57,28,67.05882352941175,682.7608605544729,-977.0553049385201,1455.83563702505,-5296.936813289342,1.4225459199003865,6.588235294117647,23,71,32.3943661971831,11.36590625843632,-12.423653083087338,0.6961501942621087,,0.8365355283703664,536
30,0.28,0.1,0.55,0.7,22,25,20000,31147.720513326378,11147.720513326378,55.73860256663189,7.715830578038574,0.423760637575398,0.2640982487559409,-23.764860361141476,0.32467392868232137,15.789132284534027,85,57,28,67.05882352941175,682.7608605544729,-977.0553049385201,1455.83563702505,-5296.936813289342,1.4225459199003865,6.588235294117647,23,71,32.3943661971831,11.36590625843632,-12.423653083087338,0.6961501942621087,,0.8421056781293951,640
30,0.3,0.1,0.55,0.7,22,25,20000,31440.175087741867,11440.175087741867,57.20087543870933,7.884855945464642,0.42213461594825724,0.2630706746760884,-25.799414847229503,0.30562150312922176,16.49616041346157,83,58,25,69.87951807228916,707.5777147900209,-1168.217294803172,1501.1068766125861,-6621.171016611679,1.4052011604480064,6.542168674698795,23,71,32.3943661971831,11.92726847531198,-15.172223934634532,0.7191705641657362,,0.8399301633167354,529
30,0.3,0.1,0.55,0.9,22,25,20000,31440.175087741867,11440.175087741867,57.20087543870933,7.884855945464642,0.42213461594825724,0.2630706746760884,-25.799414847229503,0.30562150312922176,16.49616041346157,83,58,25,69.87951807228916,707.5777147900209,-1168.217294803172,1501.1068766125861,-6621.171016611679,1.4052011604480064,6.542168674698795,23,71,32.3943661971831,11.92726847531198,-15.172223934634532,0.7191705641657362,,0.8313670326742795,437
30,0.3,0.1,0.55,0.7,22,25,20000,31440.175087741867,11440.175087741867,57.20087543870933,7.884855945464642,0.42213461594825724,0.2630706746760884,-25.799414847229503,0.30562150312922176,16.49616041346157,83,58,25,69.87951807228916,707.5777147900209,-1168.217294803172,1501.1068766125861,-6621.171016611679,1.4052011604480064,6.542168674698795,23,71,32.3943661971831,11.92726847531198,-15.172223934634532,0.7191705641657362,,0.8399301633167354,529
30,0.3,0.1,0.55,0.9,22,25,20000,31440.175087741867,11440.175087741867,57.20087543870933,7.884855945464642,0.42213461594825724,0.2630706746760884,-25.799414847229503,0.30562150312922176,16.49616041346157,83,58,25,69.87951807228916,707.5777147900209,-1168.217294803172,1501.1068766125861,-6621.171016611679,1.4052011604480064,6.542168674698795,23,71,32.3943661971831,11.92726847531198,-15.172223934634532,0.7191705641657362,,0.8313670326742795,437
30,0.3,0.1,0.55,0.7,22,25,20000,31440.175087741867,11440.175087741867,57.20087543870933,7.884855945464642,0.42213461594825724,0.2630706746760884,-25.799414847229503,0.30562150312922176,16.49616041346157,83,58,25,69.87951807228916,707.5777147900209,-1168.217294803172,1501.1068766125861,-6621.171016611679,1.4052011604480064,6.542168674698795,23,71,32.3943661971831,11.92726847531198,-15.172223934634532,0.7191705641657362,,0.8399301633167354,529
30,0.3,0.1,0.55,0.9,22,25,20000,31440.175087741867,11440.175087741867,57.20087543870933,7.884855945464642,0.42213461594825724,0.2630706746760884,-25.799414847229503,0.30562150312922176,16.49616041346157,83,58,25,69.87951807228916,707.5777147900209,-1168.217294803172,1501.1068766125861,-6621.171016611679,1.4052011604480064,6.542168674698795,23,71,32.3943661971831,11.92726847531198,-15.172223934634532,0.7191705641657362,,0.8313670326742795,437
30,0.3,0.1,0.55,0.9,22,25,20000,31440.175087741867,11440.175087741867,57.20087543870933,7.884855945464642,0.42213461594825724,0.2630706746760884,-25.799414847229503,0.30562150312922176,16.49616041346157,83,58,25,69.87951807228916,707.5777147900209,-1168.217294803172,1501.1068766125861,-6621.171016611679,1.4052011604480064,6.542168674698795,23,71,32.3943661971831,11.92726847531198,-15.172223934634532,0.7191705641657362,,0.8313670326742795,437
30,0.3,0.1,0.55,0.7,22,25,20000,31440.175087741867,11440.175087741867,57.20087543870933,7.884855945464642,0.42213461594825724,0.2630706746760884,-25.799414847229503,0.30562150312922176,16.49616041346157,83,58,25,69.87951807228916,707.5777147900209,-1168.217294803172,1501.1068766125861,-6621.171016611679,1.4052011604480064,6.542168674698795,23,71,32.3943661971831,11.92726847531198,-15.172223934634532,0.7191705641657362,,0.8399301633167354,529
30,0.3,0.1,0.55,0.9,22,25,20000,31440.175087741867,11440.175087741867,57.20087543870933,7.884855945464642,0.42213461594825724,0.2630706746760884,-25.799414847229503,0.30562150312922176,16.49616041346157,83,58,25,69.87951807228916,707.5777147900209,-1168.217294803172,1501.1068766125861,-6621.171016611679,1.4052011604480064,6.542168674698795,23,71,32.3943661971831,11.92726847531198,-15.172223934634532,0.7191705641657362,,0.8313670326742795,437
30,0.3,0.1,0.55,0.7,22,25,20000,31440.175087741867,11440.175087741867,57.20087543870933,7.884855945464642,0.42213461594825724,0.2630706746760884,-25.799414847229503,0.30562150312922176,16.49616041346157,83,58,25,69.87951807228916,707.5777147900209,-1168.217294803172,1501.1068766125861,-6621.171016611679,1.4052011604480064,6.542168674698795,23,71,32.3943661971831,11.92726847531198,-15.172223934634532,0.7191705641657362,,0.8399301633167354,529
30,0.3,0.1,0.55,0.9,22,25,20000,31440.175087741867,11440.175087741867,57.20087543870933,7.884855945464642,0.42213461594825724,0.2630706746760884,-25.799414847229503,0.30562150312922176,16.49616041346157,83,58,25,69.87951807228916,707.5777147900209,-1168.217294803172,1501.1068766125861,-6621.171016611679,1.4052011604480064,6.542168674698795,23,71,32.3943661971831,11.92726847531198,-15.172223934634532,0.7191705641657362,,0.8313670326742795,437
30,0.28,0.08,0.55,0.5,22,25,20000,30186.124303536093,10186.124303536093,50.930621517680464,7.150599133882052,0.42060364476834267,0.2540577106072069,-20.652319999903515,0.3462370878388219,14.037604661850489,80,56,24,70.0,596.4059327613577,-954.3003304624921,1308.0677137110074,-4768.650842706726,1.458255644148633,6.65,23,71,32.3943661971831,9.836466774522545,-12.005135681682976,0.6352897148616637,,0.8439902326848413,258
35,0.3,0.1,0.5,0.9,24,25,20000,30674.231888822964,10674.231888822964,53.371159444114824,7.439354531292208,0.4194667117602147,0.2667887420154777,-20.119009444805894,0.3697674357030942,15.07145912810535,55,41,14,74.54545454545455,622.9101339828067,-1046.3774003194305,1131.9481712922857,-3579.545324529526,1.743383238583668,9.836363636363636,24,71,33.80281690140845,10.190825655782888,-12.267637461279278,0.6658134135765158,,0.8723087747413585,302
30,0.26,0.1,0.5,0.9,22,25,20000,30903.779152641036,10903.779152641036,54.51889576320518,7.57383032570893,0.4193107344148178,0.2542979192909253,-24.70577201062564,0.30656116807244566,15.56083524322445,81,58,23,71.60493827160494,671.834279815032,-1200.7264815926444,1455.83563702505,-6273.309382718318,1.4109714564884597,6.320987654320987,24,71,33.80281690140845,11.37582248603104,-15.194805666656464,0.688524083089095,,0.8170173956254964,132
35,0.3,0.12,0.4,0.5,20,15,20000,36428.361278800854,16428.361278800854,82.14180639400426,10.583559573293911,0.41893561146525937,0.43861242523787874,-50.136936786145405,0.21109306335241684,30.47518299990329,196,156,40,79.59183673469387,635.0863446724734,-2036.5852122526223,1534.8475096702718,-6828.7164908537225,1.2161714272112736,10.459183673469388,40,71,56.33802816901409,16.829059505529685,-18.69933889016463,1.2454049782282655,,0.7363508929709303,6
30,0.26,0.12,0.45,0.5,18,25,20000,31954.365978910777,11954.365978910777,59.77182989455388,8.178887728459717,0.4171260338882206,0.2571100410512688,-28.105310199908168,0.2910086268496848,17.972415701562863,70,55,15,78.57142857142857,736.8970221442684,-1872.3246826015975,1446.444431072446,-5303.294704260594,1.443102135527021,7.485714285714286,23,71,32.3943661971831,16.277819894491017,-13.342050763257573,0.7751749613816364,,0.5300258953087895,4
40,0.16,0.08,0.4,0.9,18,10,20000,34726.46306637006,14726.46306637006,73.6323153318503,9.699419071893555,0.41598768676471093,0.4488924505232273,-37.40724292329584,0.2592925410670434,25.14406361687519,290,257,33,88.62068965517241,265.57686719617334,-1555.3300546377766,781.6864830892307,-5477.573527116502,1.3298016356213636,10.068965517241379,45,71,63.38028169014085,11.858819770713636,-23.793960527311707,1.0363560844939925,,0.32052825958574616,2
30,0.22,0.16,0.5,0.7,18,15,20000,36648.551671159395,16648.551671159395,83.24275835579698,10.695423542462734,0.4151105364666389,0.4246879081835014,-55.230528581880925,0.19365057364255434,32.911467835629544,271,200,71,73.80073800738008,539.1605893618314,-1230.9755802986888,1831.78181091467,-6054.132664632091,1.23378745107676,8.900369003690036,43,71,60.56338028169014,19.094333322729938,-23.609894590491155,1.3166900105425312,,0.5497915579076174,5
30,0.28,0.08,0.55,0.7,20,25,20000,30421.370582373474,10421.370582373474,52.10685291186737,7.290247760949242,0.41479699704829326,0.26310282544206304,-18.74551970550811,0.38890614266656504,14.813686733399908,62,45,17,72.58064516129032,650.9426583267289,-1095.8381789605423,1196.7901266937515,-3613.1807431982693,1.5723886431570493,8.451612903225806,23,71,32.3943661971831,8.64320612688092,-10.719929207553491,0.6526004928645917,,0.8753573154890901,422
30,0.3,0.12,0.55,0.9,22,25,20000,31499.958249189025,11499.958249189025,57.49979124594512,7.919246695759807,0.41426076305162324,0.2659773624050464,-26.291380283537897,0.30121076224812626,17.15370074834943,81,56,25,69.1358024691358,759.5621157908206,-1223.064809403876,1700.705342180799,-6543.122738321634,1.39111118747723,6.592592592592593,23,71,32.3943661971831,10.718509407958132,-12.785229079630135,0.7189001237029865,,0.8356256935032003,431
30,0.3,0.12,0.55,0.9,22,25,20000,31499.958249189025,11499.958249189025,57.49979124594512,7.919246695759807,0.41426076305162324,0.2659773624050464,-26.291380283537897,0.30121076224812626,17.15370074834943,81,56,25,69.1358024691358,759.5621157908206,-1223.064809403876,1700.705342180799,-6543.122738321634,1.39111118747723,6.592592592592593,23,71,32.3943661971831,10.718509407958132,-12.785229079630135,0.7189001237029865,,0.8356256935032003,431
30,0.3,0.12,0.55,0.7,22,25,20000,31499.958249189025,11499.958249189025,57.49979124594512,7.919246695759807,0.41426076305162324,0.2659773624050464,-26.291380283537897,0.30121076224812626,17.15370074834943,81,56,25,69.1358024691358,759.5621157908206,-1223.064809403876,1700.705342180799,-6543.122738321634,1.39111118747723,6.592592592592593,23,71,32.3943661971831,10.718509407958132,-12.785229079630135,0.7189001237029865,,0.8367795115847662,490
45,0.18,0.14,0.4,0.5,18,10,20000,35462.730314866196,15462.730314866196,77.31365157433098,10.086240632705312,0.4091225673319534,0.4434499139324123,-51.4121999089201,0.1961837978256856,29.119831685212215,246,218,28,88.6178861788618,424.46277860817037,-2638.939632099299,1430.6518052106676,-6263.766744443108,1.2523006888697408,12.08130081300813,44,71,61.97183098591549,19.240609744075865,-18.30195858792234,1.1317243539887996,,0.48542746256999486,3
40,0.18,0.12,0.45,0.7,18,15,20000,34857.882093307395,14857.882093307395,74.28941046653698,9.76896148741988,0.40840552728071816,0.4163090198415229,-42.74724961512082,0.22852842172012727,26.87809416991673,180,153,27,85.0,427.4276933853053,-1794.1353701720116,1257.4932464241667,-5292.760458033217,1.3500041874122986,11.911111111111111,40,71,56.33802816901409,14.552188204856398,-18.927396091562997,1.0686605320010085,,0.42818465050311,6
30,0.28,0.1,0.5,0.7,22,25,20000,30710.140691144843,10710.140691144843,53.55070345572421,7.460446143022548,0.4056531580066001,0.24903471618893602,-25.735533103580288,0.28988892955882317,15.990893564872646,85,59,26,69.41176470588235,678.2507564803402,-1111.2289977382773,1455.83563702505,-5296.936813289342,1.3850497863103215,6.3882352941176475,23,71,32.3943661971831,11.183485913356005,-14.588803101216719,0.6829758096913174,,0.8459539324407539,491
35,0.26,0.08,0.4,0.3,24,15,20000,33442.394472807086,13442.394472807086,67.21197236403543,9.008150904345037,0.40536659693532523,0.3977153609162057,-37.92762875573121,0.23750894004898268,22.926738194579855,246,186,60,75.60975609756098,404.54638384867354,-1012.9805487174376,1178.6091211791636,-4547.602393634572,1.2380235647355031,8.065040650406504,40,71,56.33802816901409,13.5902158714865,-19.126203037476298,0.9750601377871253,,0.6403778708471667,3
30,0.2,0.14,0.5,0.5,24,20,20000,32851.323709414675,12851.323709414675,64.25661854707337,8.682502708765183,0.40357055811145426,0.32506734443393714,-43.67527791120987,0.1987967363691737,21.46505451253756,221,154,67,69.68325791855203,527.5675583044234,-963.0250786487549,1617.2017932866308,-6394.894578705572,1.2591758996925637,5.502262443438914,30,71,42.25352112676056,13.243593670110876,-16.740702979833987,0.9148364735874169,,0.46857399180111026,7
45,0.2,0.08,0.55,0.5,18,15,20000,33159.25417110827,13159.254171108267,65.79627085554134,8.852758719079734,0.40292772085746326,0.3980548109563974,-36.94407623058412,0.23962593255345724,22.38773831674973,156,133,23,85.25641025641025,385.8615735803426,-1627.8319615251028,918.5081074617405,-3709.813017390269,1.3707105791271268,14.628205128205128,43,71,60.56338028169014,13.173861537163134,-17.80627498249836,0.9123583558605233,,0.4642147948131285,3
30,0.28,0.08,0.6,0.5,20,25,20000,30020.144893355675,10020.144893355675,50.10072446677838,7.051523251731129,0.40192521470547987,0.2554795151139442,-19.447490221773513,0.3625929706773271,14.688588983744083,60,45,15,75.0,658.3425647170366,-1291.504701260724,1279.6028646519542,-4768.650842706726,1.5292454547189438,9.083333333333334,24,71,33.80281690140845,8.351799665940373,-10.80592230359293,0.631997787492047,,0.896534120989043,188
30,0.3,0.1,0.5,0.7,22,25,20000,30576.688386221518,10576.688386221518,52.88344193110759,7.381956888596131,0.40037097643279296,0.2518510533856281,-26.68549733919431,0.27662804236943656,16.03816725789566,88,61,27,69.31818181818183,661.1370694557418,-1087.4582537251358,1455.83563702505,-6621.171016611679,1.373551619743333,6.511363636363637,22,71,30.985915492957744,11.803874549391136,-15.54883935719198,0.6743523365895989,,0.850579411636557,435
30,0.3,0.1,0.5,0.9,22,25,20000,30576.688386221518,10576.688386221518,52.88344193110759,7.381956888596131,0.40037097643279296,0.2518510533856281,-26.68549733919431,0.27662804236943656,16.03816725789566,88,61,27,69.31818181818183,661.1370694557418,-1087.4582537251358,1455.83563702505,-6621.171016611679,1.373551619743333,6.511363636363637,22,71,30.985915492957744,11.803874549391136,-15.54883935719198,0.6743523365895989,,0.843756897962989,352
30,0.3,0.1,0.5,0.9,22,25,20000,30576.688386221518,10576.688386221518,52.88344193110759,7.381956888596131,0.40037097643279296,0.2518510533856281,-26.68549733919431,0.27662804236943656,16.03816725789566,88,61,27,69.31818181818183,661.1370694557418,-1087.4582537251358,1455.83563702505,-6621.171016611679,1.373551619743333,6.511363636363637,22,71,30.985915492957744,11.803874549391136,-15.54883935719198,0.6743523365895989,,0.843756897962989,352
35,0.28,0.14,0.6,0.7,22,25,20000,31054.141198547124,11054.141198547124,55.27070599273563,7.661467088292873,0.39678087554012714,0.25498984631825233,-22.98759310444267,0.3332870498222012,17.44311682644296,52,38,14,73.07692307692307,815.852970873967,-1404.1694067616875,1430.9678954244173,-4798.788145015752,1.5770590451103603,11.961538461538462,24,71,33.80281690140845,10.729558333547429,-12.578396075047538,0.701879620760536,,0.8467139939310762,412
30,0.3,0.12,0.55,0.9,20,25,20000,31351.401364528385,11351.401364528385,56.75700682264192,7.833687594974537,0.39450341110766884,0.25908054455516605,-29.80283044647444,0.262850456739126,18.357441986079827,68,50,18,73.52941176470588,794.3310832689914,-1555.330711051175,1532.0402926875047,-4731.325970116737,1.4186534192535172,8.926470588235293,23,71,32.3943661971831,13.104968100368541,-15.211090720026432,0.7389198415875919,,0.86034814090239,374
30,0.3,0.08,0.55,0.9,22,25,20000,29796.1061502249,9796.1061502249,48.9805307511245,6.917065284607182,0.39150422567790366,0.24462678743760777,-20.97054971645793,0.3298466362652663,14.79154580358098,80,56,24,70.0,600.3405544815856,-980.4902041976575,1258.742069631391,-4602.004019667856,1.4286676410703976,6.5125,25,71,35.2112676056338,10.63586382900703,-12.085075478656604,0.6209996754360431,,0.8410908411860336,350
30,0.3,0.08,0.55,0.7,22,25,20000,29796.1061502249,9796.1061502249,48.9805307511245,6.917065284607182,0.39150422567790366,0.24462678743760777,-20.97054971645793,0.3298466362652663,14.79154580358098,80,56,24,70.0,600.3405544815856,-980.4902041976575,1258.742069631391,-4602.004019667856,1.4286676410703976,6.5125,25,71,35.2112676056338,10.63586382900703,-12.085075478656604,0.6209996754360431,,0.8502846777194243,432
30,0.3,0.08,0.55,0.9,22,25,20000,29796.1061502249,9796.1061502249,48.9805307511245,6.917065284607182,0.39150422567790366,0.24462678743760777,-20.97054971645793,0.3298466362652663,14.79154580358098,80,56,24,70.0,600.3405544815856,-980.4902041976575,1258.742069631391,-4602.004019667856,1.4286676410703976,6.5125,25,71,35.2112676056338,10.63586382900703,-12.085075478656604,0.6209996754360431,,0.8410908411860336,350
30,0.3,0.1,0.55,0.9,20,25,20000,30783.980287938226,10783.980287938226,53.91990143969113,7.503752601148284,0.39010788900723925,0.2509428065901175,-23.564779069729095,0.3184308488080618,17.28473303230131,66,48,18,72.72727272727273,715.660335247349,-1293.1397668852494,1416.2999518410427,-4708.691862943072,1.4758091967555642,8.803030303030303,23,71,32.3943661971831,12.357604425716694,-13.092645899653277,0.6991918705423303,,0.8595790926983986,378
30,0.3,0.1,0.55,0.9,20,25,20000,30783.980287938226,10783.980287938226,53.91990143969113,7.503752601148284,0.39010788900723925,0.2509428065901175,-23.564779069729095,0.3184308488080618,17.28473303230131,66,48,18,72.72727272727273,715.660335247349,-1293.1397668852494,1416.2999518410427,-4708.691862943072,1.4758091967555642,8.803030303030303,23,71,32.3943661971831,12.357604425716694,-13.092645899653277,0.6991918705423303,,0.8595790926983986,378
30,0.28,0.12,0.6,0.5,22,25,20000,30494.90895391685,10494.908953916849,52.47454476958424,7.333717763493297,0.389597032880708,0.2476574957464785,-24.02553446883666,0.30524681034695844,16.601747843386853,78,53,25,67.94871794871796,726.6895944505034,-1101.9095820783932,1700.705342180799,-5396.407697727784,1.3981019543629536,6.833333333333333,22,71,30.985915492957744,10.548176119274233,-11.828248474498826,0.6646065799994002,,0.8636821886281081,400
40,0.28,0.16,0.45,0.3,18,15,20000,34568.182756944494,14568.182756944494,72.84091378472247,9.61537124783074,0.38924277851430356,0.40390881407839047,-46.72045075106598,0.20580647432241125,30.92816870388101,236,186,50,78.8135593220339,568.1071833049169,-1786.2450667554012,2072.238157212671,-4772.067912517061,1.1831292140294447,11.491525423728813,41,71,57.74647887323944,17.476010470875856,-19.504955857738228,1.1804275047700858,,0.5505914994347969,4
35,0.28,0.08,0.55,0.9,20,15,20000,33508.285126550545,13508.285126550545,67.54142563275273,9.044155692184974,0.38801360580580435,0.3931398805196101,-41.29440828301414,0.2190164738576762,25.934054149610535,190,151,39,79.47368421052632,488.9025414529386,-1529.2307341754647,1289.2771865294224,-4808.4957168393785,1.2378317480164975,12.505263157894737,41,71,57.74647887323944,13.396150519398997,-25.699202775027796,1.0298653008580474,,0.9001145865830293,349
35,0.22,0.08,0.4,0.5,22,15,20000,33192.19928261971,13192.19928261971,65.96099641309856,8.870896192965748,0.3879757608559474,0.3806069926452188,-39.24209395463915,0.22605562800037693,24.766014793751623,222,181,41,81.53153153153153,378.2649837052513,-1319.667384586116,958.0234643888053,-3882.03257171941,1.2653957602765387,8.711711711711711,41,71,57.74647887323944,12.52919612952228,-17.59228472927129,0.9452365743174821,,0.5433496656585476,3
35,0.3,0.1,0.55,0.9,22,25,20000,29930.656134123503,9930.656134123503,49.65328067061752,6.997916620789213,0.3877073474422353,0.2568886466348555,-21.76291348138299,0.3215523797756011,15.351356364572915,50,38,12,76.0,659.6378947856332,-1246.6736556442086,1218.3278127892834,-4091.155491942289,1.675541408957134,11.34,22,71,30.985915492957744,14.324822324127929,-10.895664718315967,0.6361819920246887,,0.8313670326742795,437
35,0.3,0.1,0.55,0.9,22,25,20000,29930.656134123503,9930.656134123503,49.65328067061752,6.997916620789213,0.3877073474422353,0.2568886466348555,-21.76291348138299,0.3215523797756011,15.351356364572915,50,38,12,76.0,659.6378947856332,-1246.6736556442086,1218.3278127892834,-4091.155491942289,1.675541408957134,11.34,22,71,30.985915492957744,14.324822324127929,-10.895664718315967,0.6361819920246887,,0.8313670326742795,437
30,0.28,0.12,0.55,0.7,22,25,20000,30580.64452376843,10580.644523768431,52.90322261884216,7.3842877662442685,0.3873531263069991,0.24607511367896634,-25.700756646588406,0.28731791315663385,16.99034137119613,77,52,25,67.53246753246754,772.305298109523,-1163.565239117071,1700.705342180799,-6543.122738321634,1.3805801050629203,6.805194805194805,22,71,30.985915492957744,10.37191486545943,-13.532312797582168,0.6766693256938906,,0.8518464841399164,737
30,0.28,0.12,0.5,0.9,20,25,20000,31083.004790017112,11083.004790017112,55.41502395008556,7.678249479583243,0.38481236814731906,0.24516997990591,-28.609648479983598,0.2683797210914786,18.53102349261933,68,52,16,76.47058823529412,741.6718590869351,-1692.3144926564687,1446.444431072446,-5456.547150180568,1.4243413694630842,8.117647058823529,23,71,32.3943661971831,17.874338503266074,-15.458323530189189,0.7432774705681989,,0.8649970425869796,330
30,0.3,0.08,0.55,0.5,22,25,20000,29629.45932718603,9629.459327186029,48.14729663593014,6.816504611934415,0.38437625184565166,0.23946549450473834,-21.471668493780726,0.3174650639706373,14.840247718424951,80,56,24,70.0,600.3405544815856,-987.433821824277,1258.742069631391,-4768.650842706726,1.4186212748270477,6.5125,25,71,35.2112676056338,10.63586382900703,-12.085075478656604,0.6142313994008511,,0.8473925128896846,234
30,0.3,0.08,0.55,0.5,22,25,20000,29629.45932718603,9629.459327186029,48.14729663593014,6.816504611934415,0.38437625184565166,0.23946549450473834,-21.471668493780726,0.3174650639706373,14.840247718424951,80,56,24,70.0,600.3405544815856,-987.433821824277,1258.742069631391,-4768.650842706726,1.4186212748270477,6.5125,25,71,35.2112676056338,10.63586382900703,-12.085075478656604,0.6142313994008511,,0.8473925128896846,234
45,0.22,0.08,0.5,0.5,18,25,20000,28450.969952195286,8450.969952195286,42.254849760976434,6.0916071090347135,0.3829366306662102,0.2288942935241107,-15.864709267182683,0.38397218672236566,12.180714013401547,51,41,10,80.3921568627451,376.3798569932572,-683.8904184528303,681.1108075597746,-3198.051615138862,2.256439587446552,13.156862745098039,28,71,39.436619718309856,6.280945651053016,-8.075807140042235,0.5254339445862293,,0.4496044411197124,2
35,0.26,0.16,0.45,0.9,18,25,20000,31433.949850734105,11433.949850734105,57.169749253670524,7.881271699427939,0.37992463118517844,0.25413771136621033,-29.90009015536937,0.2635868874800915,19.994712760148264,56,48,8,85.71428571428571,624.9661916467529,-2263.3534185387607,1253.3318932949876,-6287.478401082311,1.6567439796041294,10.875,22,71,30.985915492957744,14.52099755087306,-17.977647661081576,0.7562874949741308,,0.37992463118517844,1
35,0.26,0.14,0.6,0.7,22,25,20000,30374.996188851375,10374.996188851375,51.874980944256876,7.262789945959081,0.37784516818684927,0.23830026150953232,-22.925136857002144,0.3168046494667171,17.24886975689344,53,41,12,77.35849056603774,716.2134250051367,-1555.7211863632729,1519.509028502605,-4798.788145015752,1.5729441476300685,11.471698113207546,23,71,32.3943661971831,10.142635327404692,-12.578396075047538,0.6671788297903337,,0.8472093174740849,457
35,0.22,0.14,0.55,0.3,18,15,20000,33482.22987975448,13482.229879754479,67.4111493987724,9.029925310297848,0.37751705134070385,0.3811562506043121,-41.31779263872198,0.21854810563706717,28.56799813684355,244,181,63,74.18032786885246,502.1559316575335,-1192.876091273955,1357.3622254182005,-4112.960422070418,1.2094315352069855,11.790983606557377,41,71,57.74647887323944,14.05163185890137,-20.321201049168526,1.078685609429277,,0.6206339011571245,5
35,0.16,0.1,0.55,0.7,18,20,20000,31216.08331118584,11216.083311185841,56.080416555929204,7.755459058524594,0.37729217681681987,0.29157417744368397,-35.75237214359935,0.21692152418236205,19.74130959048489,121,103,18,85.12396694214877,469.7747035581113,-1994.1895086277561,1035.0685885862772,-6378.438894302113,1.347993877466469,10.793388429752065,38,71,53.52112676056338,10.57263920446918,-21.039503581518492,0.8250073657319567,,0.38839387601735814,8
35,0.18,0.16,0.4,0.5,22,20,20000,30892.72465843717,10892.724658437171,54.46362329218586,7.567373349625117,0.37720448127122835,0.2673617941800918,-28.07652044925031,0.26952675148273864,18.784674875492172,92,74,18,80.43478260869566,581.3202159449561,-1685.7039623049773,1343.9822427779488,-5184.731217785023,1.4177293595590685,8.619565217391305,26,71,36.61971830985916,8.214091761090891,-16.64681462603308,0.7446561149060261,,0.17065786142319156,4
35,0.28,0.08,0.55,0.7,22,25,20000,28949.041938662394,8949.041938662394,44.74520969331197,6.400967775227384,0.3757365885734575,0.24062146991386943,-22.048632600440648,0.2903113263858122,13.720718076531188,48,37,11,77.08333333333334,600.7433635123797,-1192.8329555723328,1019.9988420543924,-4369.926623320668,1.6940194461293332,11.083333333333334,25,71,35.2112676056338,11.738256036275008,-12.67332620917393,0.5801975463884699,,0.8449526263922701,486
45,0.16,0.14,0.6,0.9,22,10,20000,32947.83792474445,12947.837924744454,64.73918962372227,8.736008199515744,0.37536122534063904,0.39833458056255766,-44.5730428355143,0.1959930855910781,26.39074948476744,174,138,36,79.3103448275862,460.8221897629775,-1351.267306595421,1000.2095080109373,-5218.228477606233,1.3072802487975672,16.07471264367816,43,71,60.56338028169014,17.059044737487316,-25.79150977056631,0.9836921394910288,,0.37536122534063904,1
30,0.26,0.1,0.55,0.7,22,25,20000,29609.915090689567,9609.915090689567,48.04957545344784,6.804680100970906,0.37494902780418016,0.22825512140067397,-24.3495379725254,0.27945828412222484,15.43446481864442,84,57,27,67.85714285714286,639.3836830277419,-977.9501793293225,1455.83563702505,-5227.757818931932,1.3802441331200626,6.464285714285714,23,71,32.3943661971831,11.034304046819422,-15.119406462411412,0.6255986702029591,,0.832192216985876,266
30,0.16,0.1,0.5,0.7,20,15,20000,33007.96416417132,13007.964164171317,65.03982082085659,8.769275041190493,0.374567161646142,0.3678354173751237,-41.10664125393273,0.2133298847507159,26.913258571993516,265,203,62,76.60377358490567,377.99345676361696,-977.6001219168234,981.9640237322124,-4784.33018494427,1.2659815702981998,8.18867924528302,40,71,56.33802816901409,13.598176775163218,-21.33524304818052,0.9965769881111561,,0.42780126172682953,8
30,0.3,0.12,0.5,0.9,22,25,20000,30367.18164940366,10367.181649403661,51.8359082470183,7.258159600968761,0.374130713646296,0.23747411290504325,-27.61476392883091,0.26283619949366843,17.52453009948594,80,53,27,66.25,805.7224434542279,-1180.3002908766819,1530.2612925561837,-6543.122738321634,1.3400007838292705,6.525,22,71,30.985915492957744,12.370493208699296,-14.984533453096105,0.6761999568344291,,0.8461363736595308,313
35,0.3,0.1,0.5,0.9,22,25,20000,29584.31748802107,9584.317488021072,47.921587440105355,6.789183398145515,0.37100039178434546,0.24570702090193525,-21.876018345485633,0.31034822200844153,15.636538707903547,56,43,13,76.78571428571429,596.5842516749208,-1221.5619487692677,1104.4974935594369,-4091.155491942289,1.615404885641402,10.642857142857142,22,71,30.985915492957744,15.980773738311571,-10.895664718315967,0.6228429835535925,,0.8402567947763467,354
30,0.3,0.12,0.6,0.7,22,25,20000,30091.544712207986,10091.544712207986,50.45772356103993,7.094198728742573,0.3700244978354316,0.2369316488710043,-25.426765124037274,0.2790051622428387,17.105870444227726,76,51,25,67.10526315789474,784.5621752703956,-1179.4250490632878,1700.705342180799,-6543.122738321634,1.3570229314891584,6.855263157894737,22,71,30.985915492957744,11.130309314080256,-13.53864912032673,0.6542571082965125,,0.8518704511514905,414
30,0.3,0.12,0.6,0.9,22,25,20000,30091.544712207986,10091.544712207986,50.45772356103993,7.094198728742573,0.3700244978354316,0.2369316488710043,-25.426765124037274,0.2790051622428387,17.105870444227726,76,51,25,67.10526315789474,784.5621752703956,-1179.4250490632878,1700.705342180799,-6543.122738321634,1.3570229314891584,6.855263157894737,22,71,30.985915492957744,11.130309314080256,-13.53864912032673,0.6542571082965125,,0.8529098634319152,362
35,0.24,0.14,0.6,0.7,22,25,20000,30101.32227024693,10101.322270246928,50.50661135123464,7.1000361866593975,0.3698075794310565,0.22945543746925076,-24.305996080148198,0.2921104801978602,17.180383036985187,53,36,17,67.9245283018868,766.000229341939,-1007.1991756507596,1430.9678954244173,-4798.788145015752,1.610523689791587,12.037735849056604,23,71,32.3943661971831,9.54472116055638,-12.894046655117652,0.6471804376365302,,0.8492535169079136,376
30,0.18,0.08,0.4,0.9,24,15,20000,31836.256779390576,11836.256779390576,59.181283896952884,8.111699128198758,0.368034429122385,0.35684966052707456,-38.96021752088612,0.20820466733406123,23.13662787015321,388,276,112,71.1340206185567,336.72333697476114,-693.7837877289604,1077.765524094355,-4317.412594404216,1.1960246457902077,4.739690721649485,40,71,56.33802816901409,11.012609868904399,-15.646721917754213,0.855326294459837,,0.48673409685354635,3
45,0.16,0.14,0.6,0.7,22,20,20000,30793.73109398569,10793.73109398569,53.96865546992845,7.509464923986231,0.367136120629752,0.2830576421152346,-29.220071327645535,0.2569968033199637,19.553647922615884,83,68,15,81.92771084337349,535.1186927217553,-1614.5960007395802,1079.3047462238353,-6226.801060840972,1.502463406260203,15.108433734939759,30,71,42.25352112676056,15.569450459397771,-18.12764087973693,0.744451932551193,,0.367136120629752,1
40,0.3,0.12,0.45,0.7,24,25,20000,29711.707512453988,9711.707512453988,48.55853756226994,6.866194781924073,0.3669848758596782,0.23183618892390115,-23.38096875486145,0.2936659662785115,16.303397060701638,56,40,16,71.42857142857143,680.0033066750315,-1078.7265471591995,1099.0776440004604,-3444.2301827478864,1.575939955463699,10.339285714285714,22,71,30.985915492957744,11.641515399182945,-13.546821196662007,0.6292349642356568,,0.6745124567437695,15
30,0.24,0.12,0.6,0.5,22,25,20000,29581.45918495482,9581.45918495482,47.9072959247741,6.787452298550112,0.36534122105157263,0.22974142778163395,-22.6022022508499,0.30030048502441337,16.062295970114256,81,54,27,66.66666666666666,654.0865969390251,-932.4080388797263,1414.2600629404512,-4640.38286622802,1.4030050571526602,6.888888888888889,23,71,32.3943661971831,10.261570307073242,-13.417941545974333,0.6164072625560578,,0.8675456996176875,262
35,0.26,0.16,0.6,0.7,22,25,20000,30510.053002146124,10510.053002146124,52.55026501073063,7.342658878822417,0.3652385837639078,0.23533653889930953,-24.13254030596064,0.3042638191309188,18.832186268382817,56,43,13,76.78571428571429,752.4488455350424,-1645.5036427585223,1720.7371340232835,-4798.788145015752,1.5125273464213527,11.607142857142858,23,71,32.3943661971831,10.253609963456011,-12.570556928881594,0.6873685301242191,,0.845944783852265,352
30,0.3,0.12,0.6,0.9,20,25,20000,30365.051168155293,10365.051168155293,51.825255840776464,7.2568970559972135,0.36517941071708215,0.24036665435490007,-29.00023812006765,0.25023577482198567,18.366535640036467,64,46,18,71.875,801.020568183015,-1452.3663871257427,1484.8545681931503,-4547.122625150472,1.409460161898626,9.671875,23,71,32.3943661971831,12.418272633360994,-15.636539630724155,0.6863749457495949,,0.8770155380980372,316
30,0.3,0.1,0.5,0.7,20,25,20000,30061.653152696985,10061.653152696985,50.308265763484926,7.076342890978138,0.36297016743212285,0.23004136828026778,-24.810250480954867,0.2852185187090377,17.672611850404873,66,48,18,72.72727272727273,720.2849281945695,-1345.095744480127,1416.2999518410427,-4902.969453799479,1.4279725561552619,8.43939393939394,22,71,30.985915492957744,16.254019770846483,-13.11909337095324,0.677742035639264,,0.8801977563608288,383
30,0.18,0.1,0.55,0.5,20,25,20000,29318.200928803602,9318.200928803602,46.591004644018014,6.627412757800211,0.362293973379331,0.21230611649182637,-23.724922725205186,0.27934391334220426,15.594248014015163,75,61,14,81.33333333333333,494.3717139256534,-1445.098115761523,1053.60079050464,-5560.845662803931,1.4905895721616895,7.706666666666667,25,71,35.2112676056338,11.681758403533028,-15.173223456039342,0.6203274219287042,,0.5050984898414831,5
45,0.24,0.14,0.6,0.3,18,15,20000,32211.280610154827,12211.280610154827,61.056403050774136,8.32432759827002,0.36211822539418426,0.36430120298317287,-39.79966545537929,0.2091557178439778,26.12906193005282,189,147,42,77.77777777777779,520.0617756949483,-1500.933343261966,1474.6149773349746,-3680.7511455007766,1.212722885465692,15.56084656084656,41,71,57.74647887323944,14.12208711358458,-17.34602948353583,0.9773349783377674,,0.5748134545311379,3
30,0.22,0.1,0.4,0.7,22,25,20000,29164.887302463107,9164.887302463107,45.82443651231553,6.5336587314290595,0.36145201451975006,0.21898553495855344,-20.094598097325495,0.32514503150469387,15.20427395250589,93,69,24,74.19354838709677,498.7572144855094,-1026.6525207098791,1167.0398469276618,-5227.757818931932,1.3967013792109042,5.494623655913978,23,71,32.3943661971831,9.583767447092884,-13.335567233675249,0.5963082937435418,,0.34288780285858894,3
35,0.3,0.08,0.5,0.7,20,15,20000,32243.734758161794,12243.734758161794,61.21867379080898,8.342631211382212,0.3610311936142439,0.3653292954474161,-45.46114470653252,0.18351124383771666,26.53558527064053,178,142,36,79.7752808988764,534.110759732965,-1749.0442534422027,1306.6173267334082,-5892.686450496908,1.2045265377365213,11.938202247191011,40,71,56.33802816901409,14.63313194931921,-20.537910262084623,0.9926270749158758,,0.9207572668652217,328
35,0.24,0.14,0.55,0.7,22,25,20000,29867.14732006207,9867.147320062071,49.335736600310355,6.959791829380801,0.3605468268370405,0.22677337808863665,-24.748586179402785,0.28121977469457005,17.32538875845105,56,41,15,73.21428571428571,680.1022829927214,-1175.4830855093046,1430.9678954244173,-4798.788145015752,1.5814317220691225,11.321428571428571,24,71,33.80281690140845,14.30764166177807,-12.894046655117652,0.6491052130362909,,0.8496230496784098,377
35,0.3,0.12,0.45,0.5,20,25,20000,29992.766882685657,9992.766882685657,49.96383441342829,7.035137082555676,0.36048847372512555,0.23503798542573662,-22.25618779950662,0.3160980283744565,17.67869073260719,57,48,9,84.21052631578947,620.8767291269822,-2175.0351239343827,1188.1407171998803,-5111.713591314745,1.5224317616324632,10.68421052631579,23,71,32.3943661971831,12.686074072805642,-14.101733824160423,0.6647635360733753,,0.7626735065246113,38
30,0.3,0.16,0.6,0.9,22,25,20000,30490.32345742062,10490.323457420622,52.45161728710311,7.331009736549521,0.3600329304038697,0.23800797685189892,-29.517959312383596,0.24835760693910708,19.32231142731811,82,53,29,64.63414634146342,888.6856294960949,-1238.834996754221,1794.7711302777611,-7530.77176285028,1.3110298005703385,6.975609756097561,22,71,30.985915492957744,12.248081536553478,-15.158635637648176,0.6943748580639029,,0.8202124045740908,75
30,0.28,0.14,0.6,0.5,22,25,20000,30000.68093265901,10000.680932659008,50.003404663295036,7.03987504435315,0.3581159555617805,0.22729362808830617,-24.27102347584097,0.2900526651198101,17.959923470566675,84,53,31,63.095238095238095,770.253076848144,-975.3687787191191,1700.705342180799,-5594.083686055537,1.3501398869925154,6.904761904761905,22,71,30.985915492957744,11.461165549530673,-12.009567290279932,0.6497601029804246,,0.8495461521693005,302
30,0.24,0.14,0.6,0.5,22,25,20000,29678.71524878031,9678.71524878031,48.393576243901556,6.8462763009458305,0.3574118432150482,0.22734451911460515,-24.68769503788123,0.2773153301853731,17.024935689868382,83,55,28,66.26506024096386,700.7531764256871,-1003.6039090940192,1498.2663269541279,-5553.252190018631,1.3715365606097527,6.795180722891566,22,71,30.985915492957744,11.03010962552171,-12.301319733112226,0.6267916442764835,,0.8541695227134227,293
30,0.3,0.1,0.55,0.7,20,25,20000,29752.955532984284,9752.955532984284,48.764777664921425,6.891071650530023,0.35611448571391713,0.2246783278683331,-23.37944392496673,0.2947491682285523,17.382090805488158,61,44,17,72.1311475409836,751.6498805376402,-1355.1493653336363,1416.2999518410427,-4902.969453799479,1.4355958091364096,8.967213114754099,23,71,32.3943661971831,11.510694730353709,-14.210625443670743,0.6515538772387848,,0.8687586119727474,462
30,0.24,0.14,0.55,0.7,22,25,20000,29794.106151199943,9794.106151199943,48.97053075599971,6.915861191586226,0.35597742059169457,0.2249597162887145,-29.0306137466393,0.23822648917943848,17.52053744259224,81,54,27,66.66666666666666,773.8976163175722,-1155.054264072183,1636.394753674937,-7254.907121260842,1.3400194958618998,6.728395061728395,23,71,32.3943661971831,12.356383435066087,-16.802710808870902,0.6487226947559864,,0.8496230496784098,377
30,0.3,0.12,0.55,0.9,24,25,20000,29371.776601442325,9371.776601442325,46.858883007211624,6.660079046914835,0.35413852491387376,0.2239685934905725,-24.282247051666076,0.27427770719670147,16.383668644062773,91,61,30,67.03296703296702,625.5497283554776,-944.0018942747257,1484.8545681931503,-3230.030256254565,1.3474031376812452,5.8901098901098905,21,71,29.577464788732392,11.744990559604783,-13.138871067797576,0.6202832613838885,,0.8635326877192796,370
30,0.3,0.14,0.6,0.9,22,25,20000,29978.180512622188,9978.180512622188,49.89090256311094,7.026401827752404,0.3537056711358155,0.22915584679153692,-27.16551457981684,0.2586515269978655,18.338942807900725,83,52,31,62.65060240963856,831.363570919199,-1055.1814572637466,1718.35934587897,-6694.019344755804,1.3216166140598855,6.819277108433735,22,71,30.985915492957744,11.78409244141183,-13.708865032659034,0.6588796155092451,,0.808995440041903,145
40,0.18,0.08,0.6,0.5,18,10,20000,31558.37899390319,11558.378993903189,57.791894969515944,7.9528012686010285,0.3533001899987952,0.36281549662323137,-46.63172725660713,0.17054485725647694,24.95680186960509,216,179,37,82.87037037037037,364.765343336045,-1426.5728852209559,886.8823373896354,-5445.978059292614,1.2370034494590196,14.00925925925926,44,71,61.97183098591549,14.845217164479173,-17.324520604544304,0.8998712317608784,,0.33687701911793416,3
30,0.28,0.16,0.6,0.7,22,25,20000,30174.881815672463,10174.881815672463,50.87440907836231,7.143902638115618,0.35323098326130214,0.2304660246508559,-27.232528960167734,0.2623297545580437,19.05432665343392,81,51,30,62.96296296296296,878.5680916763739,-1129.3563619940878,1794.7711302777611,-7029.536790904743,1.322492887198748,6.962962962962963,22,71,30.985915492957744,12.11094774769077,-14.753515328829803,0.6771787565666226,,0.8508460957541972,279
35,0.3,0.1,0.55,0.7,22,25,20000,28877.10489478903,8877.10489478903,44.38552447394515,6.356561525514115,0.3464964828237417,0.22767202566937073,-22.61708235579675,0.28105134983889424,15.515367385166515,50,38,12,76.0,636.5909839775151,-1261.8127080297074,1148.9703432646945,-4272.824120568274,1.5975995775235692,11.48,22,71,30.985915492957744,13.886119018043065,-11.85183345232711,0.5864222718964036,,0.8399301633167354,529
35,0.26,0.14,0.55,0.9,22,25,20000,29548.425601745694,9548.425601745694,47.74212800872847,6.7674357672225405,0.34593624087135,0.22185876193918866,-28.164192489554146,0.24028509852474994,17.746880319279065,50,39,11,78.0,732.3882594686349,-1697.8833197755557,1226.5439103637864,-5606.222454567128,1.529344951638884,10.92,24,71,33.80281690140845,14.664362054019175,-14.954806719592984,0.6460970456458993,,0.8540136974139265,407
30,0.3,0.08,0.5,0.9,22,25,20000,28472.152024381994,8472.152024381994,42.36076012190997,6.10485505350431,0.34478489167216764,0.20963789632667676,-23.03389776567817,0.265037863569964,14.439640116139419,79,54,25,68.35443037974683,605.1634555512287,-957.0349830153692,1258.742069631391,-4602.004019667856,1.3658362412961682,6.493670886075949,24,71,33.80281690140845,10.451531022023431,-12.185231695614151,0.5562389767717204,,0.8514841465439473,291
30,0.26,0.14,0.6,0.5,22,25,20000,29438.121022975545,9438.121022975545,47.19060511487773,6.700462074875557,0.3439851793130815,0.2182244452496113,-24.875206308834546,0.2693630754932013,17.573130975790846,82,52,30,63.41463414634146,756.151399571455,-973.8717251580059,1498.2663269541279,-5553.252190018631,1.345826551963203,6.841463414634147,22,71,30.985915492957744,11.317059235534298,-11.83788252191964,0.6165223226109545,,0.8480223332134389,355
30,0.16,0.08,0.55,0.5,22,25,20000,27611.114237027246,7611.114237027246,38.05557118513623,5.559598848765646,0.34363255073459015,0.1927329561053101,-18.613490756985364,0.2986865237343625,12.073465232845965,90,65,25,72.22222222222221,391.06979696442545,-689.6129026264201,808.3241430707662,-4370.442757774067,1.4744235037294844,6.3,24,71,33.80281690140845,7.750447164462093,-13.044727707507253,0.49921300071397084,,0.502845048426816,3
35,0.24,0.14,0.6,0.9,22,25,20000,29324.16138856577,9324.161388565772,46.62080694282886,6.6310494386227825,0.34323800992910464,0.21616730822214902,-28.267656611005087,0.2345807977602643,17.268088335214475,54,40,14,74.07407407407408,666.2492909837529,-1213.3221607703124,1226.5439103637864,-5606.222454567128,1.568890328024823,11.814814814814815,24,71,33.80281690140845,9.513322868817365,-15.13538507274248,0.6181576827236506,,0.85646686657252,329
30,0.28,0.1,0.6,0.9,22,25,20000,28860.261808694722,8860.261808694722,44.301309043473616,6.346151103273323,0.34235631519754917,0.2164449545525029,-21.60746699656711,0.2937017607978561,15.810367339706916,76,51,25,67.10526315789474,670.6001104821144,-998.5337530357216,1343.9166726010967,-5296.936813289342,1.370033032157876,6.828947368421052,23,71,32.3943661971831,10.143376917415559,-12.248512312786586,0.5785388300651536,,0.85190117204357,445
35,0.3,0.08,0.55,0.5,20,25,20000,28409.64068320626,8409.64068320626,42.0482034160313,6.065734814156287,0.3403637864921869,0.20980424694661629,-20.942298542373162,0.28964035642426306,14.584670234153627,46,36,10,78.26086956521739,614.2203608211599,-1357.6192306355558,974.5040884715754,-4274.594478013757,1.6287286221785677,12.891304347826088,23,71,32.3943661971831,11.803031593549829,-11.295992262181665,0.564417620812875,,0.8753769191198926,208
30,0.26,0.08,0.55,0.7,24,25,20000,27780.702145716208,7780.702145716208,38.90351072858104,5.668099431708384,0.339892400971648,0.20203091706078455,-18.270467288636752,0.3102328660873188,12.760738351758269,92,62,30,67.3913043478261,457.6152005713127,-675.6346763235017,1019.2990801912522,-2372.4581945401355,1.3997772972917728,5.782608695652174,23,71,32.3943661971831,8.218060472589684,-9.7306757160591,0.5066697612837855,,0.8531125802581543,130
30,0.3,0.08,0.5,0.5,20,25,20000,28710.982531581056,8710.982531581056,43.554912657905284,6.253662474569022,0.3388107265286096,0.20408953289042203,-22.753951169942894,0.274838529267386,15.670366705616988,62,46,16,74.19354838709677,657.0852025417444,-1330.464799083693,1180.242800596871,-4768.650842706726,1.4198947304795848,8.193548387096774,24,71,33.80281690140845,13.945342206816381,-12.354608345544104,0.591336219033895,,0.8868276130879725,176
35,0.26,0.16,0.4,0.7,22,25,20000,29520.329718338442,9520.329718338442,47.60164859169221,6.750396549037196,0.33706451269927035,0.22046566971697493,-22.602744247101754,0.298653848189375,18.6408657846842,61,49,12,80.32786885245902,643.4566491445627,-1789.2371741454338,1255.34744749022,-4198.939626888784,1.4684738401223258,8.704918032786885,23,71,32.3943661971831,10.988111688360668,-12.705695102166404,0.6354251197769393,,0.5738159771675605,2
40,0.16,0.08,0.6,0.9,24,25,20000,27294.892444182584,7294.892444182584,36.47446222091292,5.355793542007947,0.3351216370718282,0.19092191118354138,-17.896771031292772,0.29926032649371564,11.652933102068886,51,42,9,82.35294117647058,383.68269913950036,-949.0645466307132,656.7919514400206,-2790.518271736589,1.8866148451204379,10.901960784313726,27,71,38.028169014084504,6.774169581738598,-9.87882132040011,0.4694631416747349,,0.24887178002254487,2
35,0.28,0.12,0.6,0.9,22,25,20000,28994.776252583335,8994.776252583335,44.97388126291668,6.429151529466437,0.33500125794852453,0.21338695116250367,-25.25866973627544,0.2545324673307383,16.973560453348703,51,38,13,74.50980392156863,727.3936302164736,-1415.921668895586,1304.0717017191857,-5269.6382024975865,1.5016561870526164,11.392156862745098,24,71,33.80281690140845,9.306909001922925,-14.233116534092883,0.5990280813104428,,0.8660690701819058,577
35,0.2,0.14,0.45,0.3,18,15,20000,30928.077899605407,10928.077899605407,54.640389498027034,7.588016571546974,0.3321591368545416,0.33213140506302624,-42.42166796639597,0.17887124517493674,27.794970422859393,266,212,54,79.69924812030075,417.8915679035903,-1382.5802684436255,1415.4506394957787,-3673.9985380661037,1.186630084418448,10.139097744360901,42,71,59.154929577464785,14.944664491464032,-18.480656548126685,0.9400064157991538,,0.4957732095301349,4
30,0.28,0.08,0.5,0.3,22,15,20000,30612.060887063082,10612.060887063082,53.06030443531541,7.402788759639423,0.3314242994780861,0.31901990267803265,-40.8320841687237,0.18129833219019867,25.491693630439695,281,198,83,70.46263345195729,439.30175873505505,-905.3311728009372,1250.4232841718756,-3441.4999904752203,1.1575574792075112,6.359430604982206,40,71,56.33802816901409,13.5138614117706,-23.52703627214263,0.8966107003289671,,0.9246002802968505,84
45,0.16,0.08,0.55,0.5,22,25,20000,26959.90571973452,6959.905719734521,34.7995285986726,5.137739484035686,0.3311087715010256,0.1924525468374182,-16.266733549768787,0.3158433417696642,10.9139812192416,41,35,6,85.36585365853658,402.3866446986781,-1150.2211407865286,609.7267200751209,-3154.14339576458,2.040699257017557,12.341463414634147,26,71,36.61971830985916,9.870870015548473,-7.82888428005859,0.4546273532947856,,0.1680858151078299,3
35,0.24,0.08,0.6,0.5,18,25,20000,27693.763381077373,7693.763381077373,38.468816905386866,5.612545985315709,0.3310255095933607,0.202767734045602,-17.781976826464856,0.31563116070214287,13.059254354464436,48,40,8,83.33333333333334,532.4023180899819,-1681.2786678152372,973.7753376424239,-4160.254147529742,1.583325620796165,12.3125,25,71,35.2112676056338,9.716992486781661,-11.750429824639696,0.5101972409206957,,0.6156644240647513,7
30,0.24,0.14,0.6,0.7,22,25,20000,28927.512215293427,8927.512215293427,44.637561076467136,6.387687261331898,0.3308026064161103,0.21074631622759846,-26.639341466007753,0.23978397774895052,17.165516953195716,86,59,27,68.6046511627907,653.2505956794763,-1068.7545529553972,1498.2663269541279,-6696.837342702316,1.3356420517178955,6.8023255813953485,22,71,30.985915492957744,11.03010962552171,-14.772874244061441,0.5955120845995907,,0.8492535169079136,376
30,0.24,0.14,0.6,0.7,22,25,20000,28927.512215293427,8927.512215293427,44.637561076467136,6.387687261331898,0.3308026064161103,0.21074631622759846,-26.639341466007753,0.23978397774895052,17.165516953195716,86,59,27,68.6046511627907,653.2505956794763,-1068.7545529553972,1498.2663269541279,-6696.837342702316,1.3356420517178955,6.8023255813953485,22,71,30.985915492957744,11.03010962552171,-14.772874244061441,0.5955120845995907,,0.8492535169079136,376
30,0.24,0.14,0.6,0.7,22,25,20000,28927.512215293427,8927.512215293427,44.637561076467136,6.387687261331898,0.3308026064161103,0.21074631622759846,-26.639341466007753,0.23978397774895052,17.165516953195716,86,59,27,68.6046511627907,653.2505956794763,-1068.7545529553972,1498.2663269541279,-6696.837342702316,1.3356420517178955,6.8023255813953485,22,71,30.985915492957744,11.03010962552171,-14.772874244061441,0.5955120845995907,,0.8492535169079136,376
30,0.24,0.1,0.6,0.7,18,25,20000,28665.842556404867,8665.842556404867,43.329212782024335,6.225616400174272,0.3306297013000729,0.2029337168229464,-23.905494812351918,0.26042616766742305,16.26230121552762,63,46,17,73.01587301587301,639.5980611399187,-1200.504015060669,1214.0076351177306,-4647.881116318338,1.441625421408054,8.761904761904763,24,71,33.80281690140845,9.385241464336215,-13.168672522500223,0.5851567764819096,,0.6590670216397361,24
30,0.26,0.14,0.55,0.5,22,25,20000,28989.560918156265,8989.560918156265,44.947804590781324,6.425939451218321,0.3293263860002984,0.21006668021902872,-25.22735840563296,0.2547210590936659,17.564369069395205,82,53,29,64.63414634146342,732.7141218819384,-1006.296122123673,1457.7474361549705,-5553.252190018631,1.3307198480738807,6.7073170731707314,21,71,29.577464788732392,12.939508314442039,-12.544618554358845,0.5974565404597625,,0.8476360627369498,358
30,0.26,0.16,0.6,0.7,22,25,20000,29254.285312723114,9254.285312723114,46.27142656361557,6.588376924093242,0.3277320513532059,0.21360727360760565,-27.0594022409299,0.2434782877105726,18.800891409436606,86,55,31,63.95348837209303,773.7527430776196,-1046.1230824692257,1794.7711302777611,-6696.837342702316,1.3122615759274345,6.953488372093023,22,71,30.985915492957744,11.81780692872394,-14.159341105858392,0.6260680083490787,,0.845944783852265,352
35,0.22,0.14,0.55,0.5,24,25,20000,28511.111654956938,8511.111654956938,42.55555827478469,6.1292002484746755,0.3276840472126343,0.2014816831060457,-22.919802754272776,0.2674194151750303,16.021825779604978,64,47,17,73.4375,551.5524984811832,-991.803280803454,1136.3147218794131,-4675.522088677064,1.5374827513598182,10.265625,24,71,33.80281690140845,11.328046155059667,-14.229437982951254,0.5799573676480055,,0.8090593554479626,88
30,0.24,0.12,0.6,0.9,22,25,20000,28536.83545662237,8536.835456622372,42.68417728311186,6.145259433892902,0.32683892538685244,0.204691203260945,-24.880644717272162,0.24698955769529793,16.153654338043133,78,52,26,66.66666666666666,675.5821606466185,-1001.3244960385333,1272.8340566464062,-5682.864717956928,1.3493770767006592,6.846153846153846,23,71,32.3943661971831,10.261570307073242,-13.417941545974333,0.5702028839901716,,0.8667832497003731,313
45,0.24,0.08,0.5,0.5,24,25,20000,27105.007148140685,7105.007148140685,35.52503574070342,5.232466102279876,0.325843317365672,0.19551341771803885,-15.898901876202453,0.32910864807033335,11.605987552194673,48,36,12,75.0,420.83891514094444,-660.0328164111158,686.0990677319687,-3198.051615138862,1.9128090513554818,12.916666666666666,25,71,35.2112676056338,11.569479500471047,-8.004236434534228,0.47077277828500236,,0.4856185824647504,2
30,0.28,0.16,0.6,0.7,20,25,20000,29508.84125347076,9508.84125347076,47.5442062673538,6.743425289657501,0.3244799912416156,0.2077851334735392,-31.144619230247876,0.2165197538555308,20.50437462104242,73,52,21,71.23287671232876,785.049765386825,-1464.5736450782938,1662.6160903292769,-7029.536790904743,1.3273028358246228,9.63013698630137,22,71,30.985915492957744,12.743387727085853,-16.92265939348958,0.6794673613020712,,0.8767148744874367,245
30,0.26,0.12,0.55,0.7,20,25,20000,28943.23978559978,8943.23978559978,44.7161989279989,6.397389552290678,0.32400870010975374,0.20291383863862555,-28.812543995450557,0.2220348731892891,18.04933860664553,71,53,18,74.64788732394366,644.7520527536578,-1378.478833908007,1299.2912638403743,-5074.288767903902,1.377196771598273,8.56338028169014,22,71,30.985915492957744,12.821362472078569,-14.725526085714247,0.6246967527369334,,0.8730590066196396,449
30,0.26,0.08,0.6,0.9,22,25,20000,27625.14877655689,7625.148776556889,38.12574388278445,5.56859901927127,0.32294361573606645,0.1955234627738867,-18.966752609238828,0.2935979149408407,13.394987615153402,80,54,26,67.5,528.7350125184613,-793.416996132303,1001.6733016518269,-5021.274801413344,1.3840665809151484,6.8625,24,71,33.80281690140845,9.375808378611872,-12.685260673114772,0.5052887145150871,,0.8297686428690343,109
35,0.3,0.16,0.6,0.5,22,25,20000,29147.080996402747,9147.080996402747,45.73540498201373,6.5227432890193615,0.3229264617836098,0.21089836942201162,-26.49333455047122,0.24620318278898362,19.04669479983693,55,42,13,76.36363636363637,813.0031568309245,-1896.0039684997018,1720.7371340232835,-4503.387812626069,1.3853481465474133,11.527272727272727,24,71,33.80281690140845,11.643045013427544,-16.51056812840427,0.638687021066885,,0.7947870765692867,74
45,0.22,0.08,0.4,0.7,22,25,20000,27441.98790361837,7441.98790361837,37.20993951809185,5.450839821612297,0.32291752419513536,0.1903033079664738,-20.95735419106069,0.2600919835547437,12.818822741939732,53,45,8,84.90566037735849,359.57636346202094,-1072.0560565215744,681.1108075597746,-4277.192556634409,1.8866709741247227,10.30188679245283,26,71,36.61971830985916,11.662764240107837,-13.192803399659493,0.49729933296383994,,0.32291752419513536,1
35,0.28,0.12,0.55,0.9,22,25,20000,28671.811752613932,8671.811752613932,43.35905876306966,6.229327250035643,0.322317629178032,0.20952679224074305,-25.749018002919733,0.24192484736036488,17.14702300908789,50,38,12,76.0,712.906280113717,-1514.843907642274,1304.0717017191857,-5269.6382024975865,1.4902766828346699,11.38,24,71,33.80281690140845,10.560286584806766,-14.466854657918681,0.5892160563612506,,0.8526737077752599,653
35,0.24,0.16,0.6,0.5,22,25,20000,28947.882118768175,8947.882118768175,44.73941059384088,6.400252555005581,0.321494100530354,0.2060166295989415,-25.112294401293706,0.2548653043298131,18.396304937267686,52,38,14,73.07692307692307,771.2535615434488,-1416.939515705922,1489.3697549666115,-4798.788145015752,1.477411351003521,11.788461538461538,21,71,29.577464788732392,10.136548206333163,-12.868996144369172,0.6076022899543299,,0.8595378824628849,241
30,0.28,0.12,0.6,0.9,24,25,20000,28341.177869225394,8341.177869225394,41.705889346126966,6.022807804472929,0.3213057658143188,0.1993436759894781,-23.406031137750354,0.25731862736690375,15.999247075941136,90,59,31,65.55555555555556,618.9530281951144,-893.2951869124624,1461.7683983985037,-3230.030256254565,1.318721284409822,5.933333333333334,22,71,30.985915492957744,11.067996371879651,-12.265333065455986,0.5655901305493485,,0.8960287413696401,501
35,0.3,0.08,0.55,0.9,20,25,20000,28110.82125891007,8110.821258910069,40.554106294550344,5.877734877685503,0.3185170103502001,0.20480386730900196,-27.1108168021511,0.21680404985876842,15.41218516519304,49,40,9,81.63265306122449,524.8467745812565,-1418.1610804822517,974.5040884715754,-5486.280937767719,1.6448430037855943,12.877551020408163,22,71,30.985915492957744,11.94868740818318,-15.842306067895983,0.5541979959815968,,0.8690994482785417,305
40,0.2,0.16,0.45,0.7,24,15,20000,30164.430876008966,10164.430876008966,50.82215438004483,7.137675759059614,0.31624894775105683,0.3267220632965153,-49.411132302656036,0.14445481061513615,28.306227224685156,195,152,43,77.94871794871796,487.5127098458441,-1414.9349074548688,1279.4577194801218,-4664.559167332089,1.2179364101494012,11.128205128205128,40,71,56.33802816901409,13.476242844681918,-23.50230825507904,0.9194634467800701,,0.5067732259493823,4
30,0.26,0.12,0.6,0.9,22,25,20000,28245.477369684784,8245.477369684784,41.22738684842392,5.962657576732733,0.3151786047575976,0.197020333323293,-26.294031931576995,0.2267684770539913,16.269817909826216,76,51,25,67.10526315789474,708.4731638740919,-1095.0821595157583,1457.7474361549705,-6494.702534807916,1.3197961830939222,6.815789473684211,22,71,30.985915492957744,10.553048310029368,-14.473706581664613,0.5582951273324096,,0.8618325480040784,430
30,0.26,0.12,0.6,0.7,22,25,20000,28245.477369684784,8245.477369684784,41.22738684842392,5.962657576732733,0.3151786047575976,0.197020333323293,-26.294031931576995,0.2267684770539913,16.269817909826216,76,51,25,67.10526315789474,708.4731638740919,-1095.0821595157583,1457.7474361549705,-6494.702534807916,1.3197961830939222,6.815789473684211,22,71,30.985915492957744,10.553048310029368,-14.473706581664613,0.5582951273324096,,0.8566730741009948,484
30,0.26,0.12,0.6,0.7,22,25,20000,28245.477369684784,8245.477369684784,41.22738684842392,5.962657576732733,0.3151786047575976,0.197020333323293,-26.294031931576995,0.2267684770539913,16.269817909826216,76,51,25,67.10526315789474,708.4731638740919,-1095.0821595157583,1457.7474361549705,-6494.702534807916,1.3197961830939222,6.815789473684211,22,71,30.985915492957744,10.553048310029368,-14.473706581664613,0.5582951273324096,,0.8566730741009948,484
30,0.26,0.12,0.6,0.7,22,25,20000,28245.477369684784,8245.477369684784,41.22738684842392,5.962657576732733,0.3151786047575976,0.197020333323293,-26.294031931576995,0.2267684770539913,16.269817909826216,76,51,25,67.10526315789474,708.4731638740919,-1095.0821595157583,1457.7474361549705,-6494.702534807916,1.3197961830939222,6.815789473684211,22,71,30.985915492957744,10.553048310029368,-14.473706581664613,0.5582951273324096,,0.8566730741009948,484
35,0.3,0.1,0.6,0.5,22,25,20000,28099.018776546087,8099.018776546087,40.49509388273043,5.870275356303933,0.3150291234412433,0.19345570984709987,-23.48422752522002,0.2499667212813267,15.738748128971716,53,39,14,73.58490566037736,603.9418110180715,-1092.5794180827638,1148.9703432646945,-4635.287199707501,1.5398508363313825,12.075471698113208,24,71,33.80281690140845,8.681505115516153,-12.591395860542953,0.5407447881030073,,0.8574276006905787,233
35,0.26,0.16,0.6,0.9,20,25,20000,28951.64684213889,8951.646842138889,44.75823421069445,6.402574040853337,0.31344555368259036,0.20869724171514165,-28.596727021853646,0.22389184734184733,19.59339151156293,54,42,12,77.77777777777779,707.5242027204915,-1698.839139343485,1413.1949203104239,-6287.478401082311,1.4576628546942343,13.296296296296296,22,71,30.985915492957744,14.708058104978416,-17.406973035298535,0.6347734468588203,,0.8772607548428801,270
45,0.3,0.14,0.5,0.7,20,25,20000,28598.092112436818,8598.092112436818,42.99046056218409,6.183453078152024,0.31295422878527435,0.21151490263991332,-24.950769448964753,0.2478261478388429,17.990884318576036,38,31,7,81.57894736842105,798.3361186207409,-2281.0039378294423,1332.4256103849787,-5359.095926516726,1.5499703734333419,15.552631578947368,23,71,32.3943661971831,17.561408211214236,-14.779886959491817,0.6092021397319417,,0.31295422878527435,1
35,0.3,0.08,0.55,0.9,24,25,20000,27528.68071208543,7528.680712085428,37.64340356042714,5.506658297926315,0.3115375444493393,0.19390410844170658,-20.1905231929298,0.2727347996536615,13.935053516441096,54,38,16,70.37037037037037,584.0106513073445,-905.9202523496053,1001.6076889458615,-3973.983984894361,1.5310677659071403,10.351851851851851,23,71,32.3943661971831,8.40037542562413,-13.090762201740436,0.5080669541104528,,0.8692672459480832,301
30,0.26,0.14,0.6,0.7,22,25,20000,28463.42599787949,8463.42599787949,42.31712998939746,6.099398511660237,0.3114200955979563,0.1973573821135414,-27.67786330932679,0.22037100348005847,17.625542515479978,84,53,31,63.095238095238095,740.1545054070876,-970.9826706031038,1498.2663269541279,-6696.837342702316,1.3032420485344567,6.821428571428571,22,71,30.985915492957744,11.317059235534298,-15.002359767970841,0.5763775829397323,,0.8472093174740849,457
30,0.26,0.14,0.6,0.9,22,25,20000,28463.42599787949,8463.42599787949,42.31712998939746,6.099398511660237,0.3114200955979563,0.1973573821135414,-27.67786330932679,0.22037100348005847,17.625542515479978,84,53,31,63.095238095238095,740.1545054070876,-970.9826706031038,1498.2663269541279,-6696.837342702316,1.3032420485344567,6.821428571428571,22,71,30.985915492957744,11.317059235534298,-15.002359767970841,0.5763775829397323,,0.8550433263661339,400
30,0.26,0.14,0.6,0.7,22,25,20000,28463.42599787949,8463.42599787949,42.31712998939746,6.099398511660237,0.3114200955979563,0.1973573821135414,-27.67786330932679,0.22037100348005847,17.625542515479978,84,53,31,63.095238095238095,740.1545054070876,-970.9826706031038,1498.2663269541279,-6696.837342702316,1.3032420485344567,6.821428571428571,22,71,30.985915492957744,11.317059235534298,-15.002359767970841,0.5763775829397323,,0.8472093174740849,457
30,0.26,0.14,0.6,0.9,22,25,20000,28463.42599787949,8463.42599787949,42.31712998939746,6.099398511660237,0.3114200955979563,0.1973573821135414,-27.67786330932679,0.22037100348005847,17.625542515479978,84,53,31,63.095238095238095,740.1545054070876,-970.9826706031038,1498.2663269541279,-6696.837342702316,1.3032420485344567,6.821428571428571,22,71,30.985915492957744,11.317059235534298,-15.002359767970841,0.5763775829397323,,0.8550433263661339,400
30,0.26,0.14,0.6,0.7,22,25,20000,28463.42599787949,8463.42599787949,42.31712998939746,6.099398511660237,0.3114200955979563,0.1973573821135414,-27.67786330932679,0.22037100348005847,17.625542515479978,84,53,31,63.095238095238095,740.1545054070876,-970.9826706031038,1498.2663269541279,-6696.837342702316,1.3032420485344567,6.821428571428571,22,71,30.985915492957744,11.317059235534298,-15.002359767970841,0.5763775829397323,,0.8472093174740849,457
30,0.26,0.14,0.6,0.7,22,25,20000,28463.42599787949,8463.42599787949,42.31712998939746,6.099398511660237,0.3114200955979563,0.1973573821135414,-27.67786330932679,0.22037100348005847,17.625542515479978,84,53,31,63.095238095238095,740.1545054070876,-970.9826706031038,1498.2663269541279,-6696.837342702316,1.3032420485344567,6.821428571428571,22,71,30.985915492957744,11.317059235534298,-15.002359767970841,0.5763775829397323,,0.8472093174740849,457
30,0.26,0.14,0.6,0.7,22,25,20000,28463.42599787949,8463.42599787949,42.31712998939746,6.099398511660237,0.3114200955979563,0.1973573821135414,-27.67786330932679,0.22037100348005847,17.625542515479978,84,53,31,63.095238095238095,740.1545054070876,-970.9826706031038,1498.2663269541279,-6696.837342702316,1.3032420485344567,6.821428571428571,22,71,30.985915492957744,11.317059235534298,-15.002359767970841,0.5763775829397323,,0.8472093174740849,457
30,0.26,0.14,0.6,0.9,22,25,20000,28463.42599787949,8463.42599787949,42.31712998939746,6.099398511660237,0.3114200955979563,0.1973573821135414,-27.67786330932679,0.22037100348005847,17.625542515479978,84,53,31,63.095238095238095,740.1545054070876,-970.9826706031038,1498.2663269541279,-6696.837342702316,1.3032420485344567,6.821428571428571,22,71,30.985915492957744,11.317059235534298,-15.002359767970841,0.5763775829397323,,0.8550433263661339,400
30,0.26,0.14,0.6,0.7,22,25,20000,28463.42599787949,8463.42599787949,42.31712998939746,6.099398511660237,0.3114200955979563,0.1973573821135414,-27.67786330932679,0.22037100348005847,17.625542515479978,84,53,31,63.095238095238095,740.1545054070876,-970.9826706031038,1498.2663269541279,-6696.837342702316,1.3032420485344567,6.821428571428571,22,71,30.985915492957744,11.317059235534298,-15.002359767970841,0.5763775829397323,,0.8472093174740849,457
35,0.2,0.08,0.5,0.9,18,25,20000,27460.94003416803,7460.94003416803,37.30470017084015,5.463054958831903,0.3095962120817522,0.18368436194587234,-22.724347360359044,0.24040536223987677,13.857162298261228,58,51,7,87.93103448275862,393.5616324334033,-1769.400459990782,698.09196037211,-4611.035164190191,1.6205362621777657,10.155172413793103,25,71,35.2112676056338,11.260744384150723,-13.94541655839504,0.5107576142085006,,0.4595140601845087,3
30,0.3,0.08,0.6,0.7,22,25,20000,27594.79267577735,7594.792675777349,37.97396337888675,5.549127250901975,0.3058581179558422,0.189446812597202,-21.141649145459347,0.2624737177654742,14.656239463278709,81,55,26,67.90123456790124,552.514336359796,-866.4729163081294,1150.195000681157,-4602.004019667856,1.3488942411436196,6.8765432098765435,24,71,33.80281690140845,8.894360279858237,-12.064236648125137,0.5064446061524714,,0.8713968606134841,360
30,0.3,0.08,0.6,0.9,22,25,20000,27594.79267577735,7594.792675777349,37.97396337888675,5.549127250901975,0.3058581179558422,0.189446812597202,-21.141649145459347,0.2624737177654742,14.656239463278709,81,55,26,67.90123456790124,552.514336359796,-866.4729163081294,1150.195000681157,-4602.004019667856,1.3488942411436196,6.8765432098765435,24,71,33.80281690140845,8.894360279858237,-12.064236648125137,0.5064446061524714,,0.8617615803631503,287
30,0.28,0.14,0.6,0.5,20,25,20000,28678.782620036596,8678.782620036596,43.39391310018298,6.233659991680263,0.3055979108629961,0.19227500517585008,-29.31272541305084,0.2126605391972479,19.60245454644631,69,49,20,71.01449275362319,775.760376947537,-1444.833792519638,1457.317655377335,-5521.251473550769,1.3154543680813255,9.46376811594203,23,71,32.3943661971831,12.019423097066184,-15.736318960478911,0.625363110152185,,0.875520335229026,264
30,0.26,0.1,0.55,0.9,20,25,20000,28069.62174778332,8069.62174778332,40.3481087389166,5.851684213950681,0.3049036780764975,0.19089103372694308,-24.85327938311274,0.23544917850667113,16.720545465926136,62,45,17,72.58064516129032,662.935192957545,-1261.4095256062456,1299.2912638403743,-4477.964418142089,1.3911647377984206,8.67741935483871,23,71,32.3943661971831,10.454787580648173,-13.82298827699049,0.5593744602945641,,0.8613788527011934,200
30,0.24,0.14,0.6,0.9,20,25,20000,28498.69216626601,8498.69216626601,42.49346083133005,6.121442533865307,0.30463559584815286,0.1952651758789912,-29.9353444901606,0.2044887953728862,18.787401590684087,66,46,20,69.6969696969697,746.8275910575074,-1262.0888511189683,1441.4844772589272,-5122.127398754893,1.3610004223627765,9.333333333333334,22,71,30.985915492957744,11.347168178589762,-16.24372892903655,0.6051156026435577,,0.882322388923903,291
35,0.26,0.12,0.6,0.7,20,25,20000,28093.053336647004,8093.0533366470045,40.46526668323502,5.86650402800406,0.3046330407032482,0.19584848127813337,-25.578533516128825,0.22935263369594164,16.855481712453805,48,39,9,81.25,648.0243145872005,-1884.1772146948638,1170.9203657148385,-5496.272673353437,1.4903615972587616,12.791666666666666,24,71,33.80281690140845,13.70908057806075,-14.969769112235575,0.5683409210312778,,0.8783332063317071,427
30,0.28,0.1,0.55,0.5,20,25,20000,28111.467093411255,8111.467093411255,40.55733546705627,5.878142989160273,0.3045332567580061,0.18940519989867122,-24.088575755048495,0.2440220230923503,16.96116387545795,62,46,16,74.19354838709677,674.0087458709905,-1412.4459510408906,1299.2912638403743,-4647.881116318338,1.3719287049186344,8.838709677419354,23,71,32.3943661971831,10.716129123734962,-13.023459064617871,0.5647901597622388,,0.8663892207417996,292
35,0.26,0.1,0.5,0.5,20,25,20000,27750.539053732824,7750.539053732824,38.75269526866412,5.648841774886915,0.3040671391085239,0.18177400690498668,-21.578477318707478,0.2617812967734126,15.487266521670051,57,46,11,80.7017543859649,512.3177986483195,-1419.1526985536193,1074.3404954773755,-4394.121179232426,1.5096471912008713,10.56140350877193,23,71,32.3943661971831,12.060926634919644,-12.17345159712796,0.538873816436997,,0.8379424756131473,70
30,0.3,0.1,0.55,0.9,24,25,20000,27597.011497872158,7597.011497872158,37.98505748936079,5.550551106905743,0.3037296277419105,0.18814689846256655,-19.280439699037117,0.28788508942474705,14.874294348545874,92,61,31,66.30434782608695,539.4880077589862,-804.5147411427703,1257.5257480223636,-3230.030256254565,1.3195198574610294,5.793478260869565,21,71,29.577464788732392,9.930449236947103,-10.236691652141893,0.5146798072737359,,0.8594779025890893,374
30,0.3,0.1,0.55,0.7,24,25,20000,27597.011497872158,7597.011497872158,37.98505748936079,5.550551106905743,0.3037296277419105,0.18814689846256655,-19.280439699037117,0.28788508942474705,14.874294348545874,92,61,31,66.30434782608695,539.4880077589862,-804.5147411427703,1257.5257480223636,-3230.030256254565,1.3195198574610294,5.793478260869565,21,71,29.577464788732392,9.930449236947103,-10.236691652141893,0.5146798072737359,,0.8696448847129306,456
40,0.22,0.16,0.45,0.3,24,15,20000,29449.37862202472,9449.37862202472,47.2468931101236,6.707306918030542,0.30253576419154554,0.30474762660121574,-46.457132870323974,0.14437625620919572,28.156987087372702,229,175,54,76.41921397379913,467.6702829651002,-1286.2263129049616,1504.5861562292962,-4049.8999875196446,1.1783292909128484,10.231441048034934,41,71,57.74647887323944,14.624501584758054,-21.060892366972883,0.9094704115114514,,0.4773097968187958,2
30,0.3,0.1,0.6,0.9,22,25,20000,27818.674960175624,7818.674960175624,39.09337480087812,5.692318486732617,0.2999686402283843,0.1884629262646125,-22.520501507932796,0.25276162188162243,16.19761266447736,74,48,26,64.86486486486487,719.1726803152083,-1013.4851421136261,1380.1649490352918,-5296.936813289342,1.3100373697080185,6.837837837837838,21,71,29.577464788732392,10.623789994206923,-13.100695439528288,0.5322489339171028,,0.8490587731855554,357
30,0.3,0.1,0.6,0.7,22,25,20000,27818.674960175624,7818.674960175624,39.09337480087812,5.692318486732617,0.2999686402283843,0.1884629262646125,-22.520501507932796,0.25276162188162243,16.19761266447736,74,48,26,64.86486486486487,719.1726803152083,-1013.4851421136261,1380.1649490352918,-5296.936813289342,1.3100373697080185,6.837837837837838,21,71,29.577464788732392,10.623789994206923,-13.100695439528288,0.5322489339171028,,0.8577825172082695,437
30,0.28,0.14,0.6,0.7,22,25,20000,28207.934121979513,8207.934121979513,41.03967060989756,5.939014352505745,0.29951868971674683,0.18881439458185567,-28.020815841214297,0.21195008689826836,18.117627458456205,89,57,32,64.04494382022472,712.3306616070959,-994.1004246757817,1457.7474361549705,-7029.536790904743,1.276369026199201,6.741573033707865,21,71,29.577464788732392,11.461165549530673,-15.686670994335362,0.5714910190917131,,0.8467139939310762,412
30,0.28,0.14,0.6,0.7,22,25,20000,28207.934121979513,8207.934121979513,41.03967060989756,5.939014352505745,0.29951868971674683,0.18881439458185567,-28.020815841214297,0.21195008689826836,18.117627458456205,89,57,32,64.04494382022472,712.3306616070959,-994.1004246757817,1457.7474361549705,-7029.536790904743,1.276369026199201,6.741573033707865,21,71,29.577464788732392,11.461165549530673,-15.686670994335362,0.5714910190917131,,0.8467139939310762,412
30,0.28,0.14,0.6,0.7,22,25,20000,28207.934121979513,8207.934121979513,41.03967060989756,5.939014352505745,0.29951868971674683,0.18881439458185567,-28.020815841214297,0.21195008689826836,18.117627458456205,89,57,32,64.04494382022472,712.3306616070959,-994.1004246757817,1457.7474361549705,-7029.536790904743,1.276369026199201,6.741573033707865,21,71,29.577464788732392,11.461165549530673,-15.686670994335362,0.5714910190917131,,0.8467139939310762,412
30,0.26,0.14,0.6,0.7,24,25,20000,27885.69225074472,7885.69225074472,39.428461253723604,5.734995058401937,0.2983204592732034,0.18493862319183635,-23.346477381272955,0.2456471254632265,16.73101966450743,96,59,37,61.458333333333336,640.0980611583428,-789.1944150702059,1444.102206512009,-3302.7315606252982,1.2933402579170226,5.979166666666667,21,71,29.577464788732392,11.607335775787963,-12.234125439772015,0.5488502789308745,,0.8755767906203457,395
30,0.26,0.14,0.6,0.7,24,25,20000,27885.69225074472,7885.69225074472,39.428461253723604,5.734995058401937,0.2983204592732034,0.18493862319183635,-23.346477381272955,0.2456471254632265,16.73101966450743,96,59,37,61.458333333333336,640.0980611583428,-789.1944150702059,1444.102206512009,-3302.7315606252982,1.2933402579170226,5.979166666666667,21,71,29.577464788732392,11.607335775787963,-12.234125439772015,0.5488502789308745,,0.8755767906203457,395
30,0.28,0.1,0.6,0.9,20,25,20000,27899.89481004979,7899.894810049791,39.499474050248956,5.744028276936652,0.29758740061738037,0.18987908710206536,-25.15807685743251,0.22831746279683063,16.873867060473035,60,44,16,73.33333333333333,680.1983340991214,-1359.170743144468,1299.2912638403743,-4477.964418142089,1.3762402024965905,9.533333333333333,23,71,32.3943661971831,10.041961484130567,-13.800135696002691,0.5514095547000759,,0.8797714740614649,385
35,0.3,0.1,0.5,0.7,20,25,20000,27942.117543873763,7942.117543873763,39.71058771936881,5.770860516387488,0.29676747862980607,0.18972428034704525,-27.07357723276605,0.2131547104681553,17.179386543159158,46,38,8,82.6086956521739,599.085292478079,-1833.7154462866517,968.8350696313007,-5697.0988274243655,1.551852085356778,11.847826086956522,23,71,32.3943661971831,12.473882266022684,-15.703902108848434,0.5610961982930105,,0.8781177944744595,384
45,0.3,0.14,0.55,0.9,24,25,20000,27863.56079626851,7863.56079626851,39.31780398134255,5.720911209595769,0.29640986300275884,0.19849370200231067,-23.89701119228988,0.23939860778244776,16.8414980464767,40,29,11,72.5,844.3815178560036,-1495.0366565050485,1366.4679915577615,-4990.490350395054,1.4889914031252272,15.025,24,71,33.80281690140845,11.36357179309222,-12.951902796681692,0.5407919457902584,,0.29640986300275884,1
30,0.3,0.12,0.5,0.7,24,25,20000,27720.494586607823,7720.494586607823,38.60247293303912,5.6296425290693675,0.2962389185289968,0.1840698519824971,-24.31749083012639,0.23150589706792163,16.21870393282972,95,62,33,65.26315789473685,576.7045395796945,-835.8026323434292,1334.423686344798,-3230.030256254565,1.2963652621747963,5.7368421052631575,21,71,29.577464788732392,11.924791641952591,-13.15794110938585,0.5382029067158847,,0.8802578460861233,309
30,0.28,0.14,0.55,0.7,20,25,20000,28301.108181217794,8301.108181217794,41.505540906088974,5.9976435759024005,0.2934720496330944,0.18678194831041367,-29.96819748144298,0.20013361095929388,19.75004070317869,74,51,23,68.91891891891892,719.7004253041018,-1215.157109099629,1619.462231824013,-6150.844692041651,1.313293114819695,9.297297297297296,21,71,29.577464788732392,12.091641091919115,-15.35839425195028,0.6028966930792018,,0.8697860385244403,378
30,0.3,0.14,0.55,0.7,22,25,20000,28041.57960455834,8041.579604558341,40.2078980227917,5.833934815688213,0.2923589261252042,0.18743796463597015,-29.10910878119257,0.2004161260841323,18.381806734020504,86,56,30,65.11627906976744,730.924865238825,-1078.8770949605287,1530.2612925561837,-7029.536790904743,1.2646418096669825,6.651162790697675,22,71,30.985915492957744,11.751880840192207,-16.086850942477948,0.5670367433333338,,0.7967873990824876,189
30,0.24,0.16,0.6,0.7,22,25,20000,28027.000994090125,8027.0009940901255,40.13500497045063,5.82470138313369,0.2922899255063842,0.18783674925054772,-28.207823589156245,0.20649240678649322,18.302160853226148,93,62,31,66.66666666666666,650.1677123947156,-1008.4386185284611,1513.746690143671,-6696.837342702316,1.2894542125795552,6.903225806451613,22,71,30.985915492957744,11.519234232533847,-14.813939328062819,0.5628708047194213,,0.8453756771275909,289
30,0.26,0.16,0.55,0.7,24,25,20000,27921.58753051804,7921.587530518042,39.60793765259021,5.757818060421194,0.2921593531029396,0.18394466517766334,-25.68933091583636,0.22413265955758108,17.7890962616681,98,63,35,64.28571428571429,645.6922618233797,-910.6949989815708,1516.4555492248403,-3302.7315606252982,1.2762187917819048,5.918367346938775,21,71,29.577464788732392,12.247553135328438,-14.458715416550882,0.5660747048379615,,0.8748322100429418,305
40,0.16,0.12,0.5,0.3,18,10,20000,28816.082704333414,8816.082704333414,44.08041352166707,6.318820712996276,0.2908265101966872,0.30202345949874343,-40.979028053007156,0.15419645153181186,26.153036278804283,258,207,51,80.23255813953489,344.9270784815242,-1179.095907019433,935.9545360728697,-3470.862603880673,1.187348826959328,12.12015503875969,44,71,61.97183098591549,13.925977135632483,-20.9308831519037,0.8192728491422435,,0.2726148283471156,2
35,0.3,0.12,0.55,0.7,22,25,20000,27876.48788339305,7876.487883393049,39.38243941696524,5.729138782514331,0.2906918595789387,0.18691846752143676,-28.131268794302215,0.20365731899283288,17.765345737226305,53,42,11,79.24528301886792,646.7761896231589,-1733.610189161779,1188.1407171998803,-5697.0988274243655,1.4244892554802635,11.320754716981131,25,71,35.2112676056338,12.852077126341864,-16.066131466806187,0.5655204627764296,,0.8367795115847662,490
35,0.16,0.1,0.4,0.3,24,15,20000,28552.195176818375,8552.195176818375,42.76097588409188,6.1548426538615475,0.28943303833315065,0.27568688641635347,-38.673870518073514,0.15914731500652868,23.055867585801018,270,214,56,79.25925925925927,289.20623188943273,-904.5256865628625,761.0947599516418,-3568.997002107646,1.2218347958443163,7.966666666666667,41,71,57.74647887323944,11.519491003131233,-16.111073930436206,0.723885930372016,,0.24978261294392134,3
35,0.3,0.1,0.5,0.7,22,25,20000,27352.972850820464,7352.972850820464,36.76486425410232,5.393373222192044,0.28886340280701334,0.18733086924703432,-22.73018721989939,0.2372779937980606,15.400644919717092,60,44,16,73.33333333333333,524.9733014536876,-973.3095258213623,1104.4974935594369,-4272.824120568274,1.4832656423241541,10.816666666666666,22,71,30.985915492957744,11.69377685205404,-11.85183345232711,0.5064964703949448,,0.8477128634548214,437
30,0.26,0.16,0.55,0.7,22,25,20000,27983.70719866855,7983.707198668551,39.91853599334276,5.797257471076112,0.2877864792248275,0.1872922771398338,-30.091664288885728,0.19265326820814335,18.85758754230845,90,59,31,65.55555555555556,722.7633938088342,-1089.44300116299,1794.7711302777611,-6696.837342702316,1.2626470054762637,6.722222222222222,22,71,30.985915492957744,11.81247183228049,-16.562813597856707,0.568194036190275,,0.8453652057717036,353
30,0.22,0.14,0.55,0.7,22,25,20000,27602.546045074505,7602.546045074505,38.01273022537253,5.554102305133646,0.2851477847278009,0.17682753203040796,-28.903415592009747,0.19216075994385448,17.144051894007724,95,64,31,67.36842105263158,583.8603905212397,-928.8619015575755,1373.4886502674801,-6696.837342702316,1.2977054945551088,6.463157894736842,22,71,30.985915492957744,11.210476072536867,-17.525911967503603,0.5397701661709483,,0.7827978524041249,136
30,0.24,0.16,0.55,0.7,20,25,20000,28008.615128643833,8008.615128643833,40.04307564321916,5.813050906592676,0.28467406013980545,0.18094217008248814,-32.97752270880557,0.17627312269397635,19.750893248339658,68,50,18,73.52941176470588,755.7886173969116,-1608.0508745112088,1598.7034762937128,-7264.959197558511,1.3055636854404125,8.75,23,71,32.3943661971831,13.443178738913275,-18.454819026994297,0.6012154906794014,,0.8738381166784807,254
45,0.28,0.14,0.6,0.9,18,25,20000,27589.526911097928,7589.526911097928,37.94763455548964,5.545747738427154,0.2846172413567237,0.19096232236876148,-27.092555776384398,0.20469636693564294,17.141731114804625,36,30,6,83.33333333333334,802.1427133884368,-2714.375748425858,1341.431708084345,-5851.387862147709,1.4775823020332053,16.63888888888889,24,71,33.80281690140845,20.4316627785315,-17.223732433663695,0.5701714265337315,,0.2846172413567237,1
30,0.24,0.12,0.55,0.7,24,25,20000,27242.21955742707,7242.21955742707,36.21109778713535,5.321655093954503,0.284501471973419,0.17272418741825266,-23.252621796300474,0.2288625833496843,15.414280432243519,96,67,29,69.79166666666666,501.2710563039886,-887.44280051518,1239.8095123478108,-2820.3221694561244,1.3049956475823417,5.71875,21,71,29.577464788732392,10.372113397477722,-12.184942816585453,0.49999505936669464,,0.8908106524624284,310
30,0.22,0.12,0.6,0.7,22,25,20000,27273.36107885632,7273.36107885632,36.3668053942816,5.341845224840358,0.28446980108101927,0.17635043034934564,-24.384466446189553,0.2190675459981247,15.551464710713065,82,56,26,68.29268292682927,583.6739096722266,-952.7991485687874,1272.8340566464062,-5682.864717956928,1.3194216297697636,6.7926829268292686,24,71,33.80281690140845,9.7629845564843,-13.335187048404261,0.5010449870018636,,0.8054653279011711,115
30,0.18,0.08,0.45,0.5,20,25,20000,26763.15352607263,6763.1535260726305,33.815767630363155,5.008613631921177,0.28241260328905243,0.16271818145139982,-19.97127221751595,0.25079091493872563,13.48611911462264,81,62,19,76.5432098765432,365.79381693528114,-816.8875328376182,673.6034525589719,-4029.871396012758,1.4612084694596013,7.407407407407407,26,71,36.61971830985916,8.040914231229923,-11.811429631450466,0.4603260180091921,,0.3682917446422918,3
30,0.24,0.14,0.6,0.5,20,25,20000,27662.330309997524,7662.330309997524,38.311651549987616,5.592424679239882,0.27734922048421706,0.17053911307899577,-31.675328568487426,0.17655459096969153,19.00267632849921,77,55,22,71.42857142857143,641.3748570439793,-1227.4357648827897,1297.3360295330344,-5438.889859377186,1.3063307983070411,9.142857142857142,22,71,30.985915492957744,11.617229829408737,-16.66358989330815,0.5674135058526244,,0.8812112921189561,259
35,0.16,0.08,0.45,0.7,22,15,20000,28064.97883941768,8064.978839417679,40.3248941970884,5.848746484303535,0.2763449801071036,0.26484926297879374,-39.37090077285205,0.1485550589265791,23.176028990337684,222,178,44,80.18018018018019,336.6287918215487,-1139.0192296549544,742.2413377565916,-4781.023840443216,1.1956044643933659,8.963963963963964,41,71,57.74647887323944,9.948365080305432,-20.905591007352175,0.6915617789066495,,0.5228682163732348,6
30,0.26,0.14,0.6,0.7,20,25,20000,27651.986468747134,7651.9864687471345,38.25993234373567,5.58579909713901,0.27604111229381784,0.1764306111268963,-32.857930088448676,0.16999850818669549,19.176252715102454,63,44,19,69.84126984126983,825.2752546087294,-1480.9223544230001,1498.2663269541279,-7264.959197558511,1.290522586688607,9.46031746031746,22,71,30.985915492957744,11.462016510439476,-20.885252859003312,0.581496659085351,,0.8731946921508249,400
30,0.26,0.14,0.6,0.7,20,25,20000,27651.986468747134,7651.9864687471345,38.25993234373567,5.58579909713901,0.27604111229381784,0.1764306111268963,-32.857930088448676,0.16999850818669549,19.176252715102454,63,44,19,69.84126984126983,825.2752546087294,-1480.9223544230001,1498.2663269541279,-7264.959197558511,1.290522586688607,9.46031746031746,22,71,30.985915492957744,11.462016510439476,-20.885252859003312,0.581496659085351,,0.8731946921508249,400
40,0.18,0.08,0.45,0.5,22,25,20000,26346.85187064431,6346.85187064431,31.73425935322155,4.732774940554041,0.27465992892864205,0.15580662601581455,-18.321735528918907,0.25831477225963995,12.38125435049957,54,45,9,83.33333333333334,364.48883127689453,-1090.2272818684314,692.2827805450938,-3426.88086550279,1.6716185576104536,9.425925925925926,27,71,38.028169014084504,6.357169458193002,-9.001032212212767,0.4210539029386209,,0.3980392259391606,4
30,0.26,0.14,0.55,0.7,22,25,20000,27366.174990219246,7366.174990219246,36.830874951096234,5.401906118848676,0.274188883801576,0.17449842484106293,-29.412745763210268,0.1836586819311997,17.577975990113398,83,53,30,63.85542168674698,736.7919746614303,-1033.9833222278871,1457.7474361549705,-6696.837342702316,1.25888473626171,6.650602409638554,20,71,28.169014084507044,12.939508314442039,-17.290919465586363,0.5293839533560408,,0.8465048631284969,465
30,0.26,0.14,0.55,0.9,22,25,20000,27366.174990219246,7366.174990219246,36.830874951096234,5.401906118848676,0.274188883801576,0.17449842484106293,-29.412745763210268,0.1836586819311997,17.577975990113398,83,53,30,63.85542168674698,736.7919746614303,-1033.9833222278871,1457.7474361549705,-6696.837342702316,1.25888473626171,6.650602409638554,20,71,28.169014084507044,12.939508314442039,-17.290919465586363,0.5293839533560408,,0.8540136974139265,407
30,0.26,0.14,0.55,0.7,22,25,20000,27366.174990219246,7366.174990219246,36.830874951096234,5.401906118848676,0.274188883801576,0.17449842484106293,-29.412745763210268,0.1836586819311997,17.577975990113398,83,53,30,63.85542168674698,736.7919746614303,-1033.9833222278871,1457.7474361549705,-6696.837342702316,1.25888473626171,6.650602409638554,20,71,28.169014084507044,12.939508314442039,-17.290919465586363,0.5293839533560408,,0.8465048631284969,465
45,0.26,0.12,0.6,0.5,18,25,20000,26896.696197142446,6896.696197142446,34.48348098571223,5.096341662776638,0.27253647090148747,0.1684953727706604,-25.563094389500268,0.19936325333406812,15.174539782402869,40,32,8,80.0,727.8189638201163,-2028.0638306376527,1167.6713474752223,-4531.910043998966,1.4354951808223502,16.575,25,71,35.2112676056338,13.893234192448812,-13.393538889332014,0.4993284082172653,,0.5424036732528911,3
30,0.22,0.12,0.6,0.9,24,25,20000,26740.790329931082,6740.790329931082,33.70395164965541,4.99388700868324,0.2676020815875153,0.16076146636992328,-23.526255841363255,0.21226866877402212,14.96863420153648,95,65,30,68.42105263157895,489.856295058881,-814.1289616298751,1130.3710909635681,-2820.3221694561244,1.3036697574744054,5.978947368421053,22,71,30.985915492957744,9.740356299818353,-12.357579328231527,0.4704361228379047,,0.8393393690974882,84
30,0.3,0.1,0.6,0.9,24,25,20000,26696.564709331557,6696.5647093315565,33.482823546657784,4.964733327729598,0.2676014625637069,0.16703986908478655,-20.184357951788844,0.24596934614358626,14.706449852940157,91,58,33,63.73626373626373,542.2906218584519,-739.4754957108646,1257.5257480223636,-1938.0181537527392,1.2889093094597506,6.054945054945055,21,71,29.577464788732392,9.901139695362481,-10.236691652141893,0.4676142614587067,,0.8790580148985297,308
45,0.22,0.12,0.45,0.9,20,25,20000,26878.725273194916,6878.725273194916,34.393626365974576,5.084557182003424,0.2666976504388713,0.16878071830451888,-26.864294886253422,0.1892682165503333,15.84601412752464,43,36,7,83.72093023255815,510.290098310839,-1605.831180856466,827.3365055041547,-5648.152542983092,1.6342621243831386,12.511627906976743,25,71,35.2112676056338,10.112205889554925,-17.74963958311585,0.4847110748919875,,0.2666976504388713,1
45,0.28,0.12,0.4,0.7,18,25,20000,26940.20720054094,6940.207200540939,34.7010360027047,5.124847002019073,0.26629669456288846,0.16912182882699478,-26.45658234637412,0.19370782419753602,16.276601218782304,47,40,7,85.1063829787234,483.93745454612815,-1749.5701401863041,886.7447435444521,-5359.095926516726,1.5805921806748837,11.851063829787234,24,71,33.80281690140845,10.019626313744002,-15.39881133797566,0.48452426068336135,,0.26629669456288846,1
35,0.3,0.1,0.6,0.9,22,25,20000,26804.997673793467,6804.997673793467,34.024988368967335,5.036141374859304,0.2639577206685268,0.16086929609538533,-26.888894607212144,0.18729447411008518,15.846506110327077,53,41,12,77.35849056603774,551.4442543910807,-1304.2347296867379,1148.9703432646945,-5454.873989256385,1.4446028461114497,11.867924528301886,24,71,33.80281690140845,8.262869129438254,-14.726899388370096,0.48509147365895566,,0.8490587731855554,357
30,0.3,0.1,0.55,0.5,24,25,20000,26610.429181339307,6610.4291813393065,33.05214590669653,4.907836928203491,0.2630326206631707,0.16356549053559413,-21.071556254237105,0.23291288355679066,14.823189062445547,91,59,32,64.83516483516483,544.109162594224,-785.2909816162438,1257.5257480223636,-2276.869252152712,1.277489863016592,5.813186813186813,21,71,29.577464788732392,10.134064210335936,-10.667211157783251,0.4698644384024643,,0.8709163311363729,243
40,0.18,0.1,0.55,0.3,22,15,20000,27484.354519167784,7484.354519167784,37.42177259583892,5.4781365141855165,0.26228680622647566,0.24675404588390107,-40.35674138999833,0.13574278609975116,22.649156063268215,188,150,38,79.7872340425532,340.94591275511243,-1115.3903261605042,826.5199210671,-3030.4452549203247,1.2066082139418077,11.617021276595745,43,71,60.56338028169014,12.172226432012101,-21.06679498794295,0.6893751407100094,,0.45143823064269434,7
35,0.16,0.12,0.6,0.7,24,25,20000,26439.532186480963,6439.532186480963,32.197660932404816,4.7944965427641595,0.262178495460331,0.15899827770417613,-19.599946439960473,0.24461783900537173,14.029588005237937,69,48,21,69.56521739130434,410.4773228146225,-591.6609194581401,928.1030472313156,-3381.440450785827,1.585762807485068,10.826086956521738,25,71,35.2112676056338,8.247338589704455,-12.424056146755479,0.4443992792005329,,0.3900951591494745,2
30,0.3,0.1,0.55,0.3,20,25,20000,26718.01967829855,6718.019678298551,33.59009839149276,4.978881532559876,0.2613253174452861,0.15434443056371247,-27.514552512643686,0.18095447964388822,15.76547787482271,73,55,18,75.34246575342466,558.2886894805324,-1318.0699023961513,1123.0065560082037,-2765.93246692023,1.2942273423017296,8.205479452054794,22,71,30.985915492957744,11.093498490071685,-15.281085647486126,0.5117039083206971,,0.887495008423162,94
45,0.22,0.12,0.6,0.9,18,25,20000,26731.517837637835,6731.517837637835,33.65758918818918,4.987777876288901,0.2607590716752111,0.16850754123891254,-27.025764199694486,0.18455640474896493,15.865456432053652,39,30,9,76.92307692307693,658.140990369164,-1420.8679859374527,966.7284955819861,-5648.152542983092,1.5439881276395504,16.41025641025641,25,71,35.2112676056338,12.969722073617419,-17.255463739115516,0.49160826814440883,,0.2607590716752111,1
45,0.18,0.16,0.4,0.3,24,10,20000,27483.20094746645,7483.200947466448,37.416004737332244,5.477393735054248,0.26012459010368416,0.26873709703811227,-45.11903532296039,0.12139873328069328,24.91202823098902,178,145,33,81.46067415730337,491.08406570722434,-1849.3321766863905,951.4134652598767,-4387.149472286726,1.1667961274070304,11.651685393258427,46,71,64.7887323943662,13.039817332753966,-16.572017294814458,0.7303742929573326,,0.26012459010368416,1
35,0.26,0.1,0.55,0.9,22,25,20000,26564.916988651577,6564.916988651577,32.82458494325789,4.877712160016001,0.2584261480530497,0.1577703316168177,-25.56112906980003,0.19082537968868213,15.229398074817121,52,40,12,76.92307692307693,536.8281698242342,-1226.534150359809,966.7835347448432,-5269.6382024975865,1.4589298082099968,10.711538461538462,23,71,32.3943661971831,11.407484528407297,-14.691911763671017,0.4710002942096794,,0.836696012841384,233
45,0.22,0.16,0.55,0.7,20,25,20000,26977.535770642455,6977.535770642455,34.88767885321227,5.149271528164556,0.25764293762893936,0.16599580377026515,-29.130491821438177,0.1767656914180564,18.278797197960525,48,40,8,83.33333333333334,555.7432993099554,-1853.0620252194722,1101.5693587432133,-6199.306842903869,1.4995269768267325,15.333333333333334,25,71,35.2112676056338,16.94474329911142,-18.266276476719057,0.5344378637762746,,0.452305085713812,2
45,0.16,0.1,0.55,0.5,20,15,20000,27230.339028065297,7230.339028065297,36.15169514032648,5.313947471885294,0.25440314649754403,0.24731014848471525,-39.89450786005933,0.1331999755586756,23.17555593227477,179,156,23,87.15083798882681,292.9470423259192,-1615.49563368601,693.5364325989543,-3992.029695571678,1.229929140762723,14.262569832402235,42,71,59.154929577464785,12.164371657007479,-16.974897249136113,0.6577805972885908,,0.3690265898644545,7
45,0.18,0.14,0.5,0.9,24,25,20000,26541.4196918702,6541.4196918702,32.707098459351,4.862142355644017,0.2537998650217522,0.15950851718838616,-25.0258324357066,0.19428494009680822,15.776746027720897,57,45,12,78.94736842105263,401.75532909054203,-910.0058431003513,946.5245322848681,-4937.147329851025,1.6555745169247156,13.24561403508772,23,71,32.3943661971831,13.61190126791505,-14.284596663906047,0.468277715093384,,0.3583055981818827,2
30,0.3,0.1,0.5,0.9,24,25,20000,26371.60700497841,6371.60700497841,31.85803502489205,4.749278592010442,0.25323967990268803,0.15878738979775986,-22.220472572640464,0.21373436485136302,14.755924423253289,92,60,32,65.21739130434783,548.5119866232782,-817.7691310130679,1257.5257480223636,-3207.265795502984,1.2576409843748577,5.75,21,71,29.577464788732392,9.870718086776842,-10.236691652141893,0.45202331662142275,,0.8739875916811646,301
30,0.24,0.16,0.6,0.9,24,25,20000,26570.965336465368,6570.965336465368,32.85482668232684,4.881718067966934,0.24721696133857493,0.15517890906134368,-25.68933091583636,0.19002900791618382,17.311706057031646,97,65,32,67.0103092783505,568.4150090141169,-916.7909452953829,1328.599148405068,-3302.7315606252982,1.2593852426061256,5.938144329896907,21,71,29.577464788732392,11.82738773961567,-14.458715416550882,0.48964766851762004,,0.8811939881311177,220
30,0.3,0.14,0.6,0.5,24,25,20000,26479.560239159913,6479.560239159913,32.397801195799566,4.821098056673123,0.24499698344876553,0.1510338059451329,-26.980985520767348,0.17868502442070952,17.05832338097538,91,57,34,62.637362637362635,631.6246345262169,-853.4130567304253,1490.1920538034901,-3037.3530744245327,1.2407826599758167,6.032967032967033,21,71,29.577464788732392,11.359536193105457,-13.615152003670694,0.4879885394876842,,0.8186153199764469,92
30,0.22,0.14,0.6,0.7,20,25,20000,26615.99540144871,6615.995401448708,33.07997700724354,4.911518296261486,0.24424694810408776,0.15132880122789297,-31.175366980185693,0.1575448429968163,18.61939366555238,71,55,16,77.46478873239437,590.4034418364878,-1570.755868722384,1277.23582885475,-6659.5459310953,1.2920606389099052,9.140845070422536,22,71,30.985915492957744,10.61679730571119,-18.11950078648281,0.5079132735490848,,0.82223506002007,114
35,0.3,0.1,0.6,0.7,20,25,20000,26379.465916265493,6379.465916265493,31.897329581327465,4.754515242542112,0.24200057804901642,0.15255639482238298,-27.075761480323273,0.1756004257164606,16.83388246311872,44,36,8,81.81818181818183,611.2223108702026,-1936.492159382727,1148.9703432646945,-5697.0988274243655,1.4203519418290114,13.5,24,71,33.80281690140845,12.154960984070762,-15.452030662268267,0.47106757917821057,,0.8852235423657483,384
30,0.3,0.08,0.6,0.7,24,25,20000,25810.046503283516,5810.046503283516,29.050232516417584,4.371686236515626,0.24131384690050756,0.14238580317890653,-19.478783509125982,0.2244332267704219,12.972087266973691,90,61,29,67.77777777777779,452.34774481777896,-741.6850320896909,1150.195000681157,-2307.2007149297788,1.2828762112756105,5.9,20,71,28.169014084507044,8.63282233420859,-8.25994191433409,0.40687645124248284,,0.9035824995366937,314
40,0.28,0.08,0.4,0.5,18,25,20000,25647.856828130254,5647.856828130254,28.23928414065127,4.261358116402647,0.23321738498658215,0.13768641625312095,-17.29287090963581,0.24642282583791011,12.963223436707136,48,39,9,81.25,478.69674862163043,-1432.0795964570493,816.7996731873795,-4296.911362577987,1.4484897225631357,10.166666666666666,24,71,33.80281690140845,9.024513653462819,-14.588671896605554,0.4052842541141796,,0.47074746261836536,2
30,0.26,0.1,0.55,0.9,24,25,20000,25904.453323223028,5904.453323223028,29.52226661611514,4.435640256752005,0.2330056139413835,0.13794676945099238,-23.031454224767682,0.19259054219780805,14.778493498248633,91,61,30,67.03296703296702,498.24375933748206,-802.6305332121086,1018.8209693793121,-2820.3221694561244,1.2622191681791977,5.7032967032967035,22,71,30.985915492957744,8.9210907511867,-12.534880660329396,0.4266116192904992,,0.8659854303771952,199
30,0.28,0.08,0.5,0.5,24,25,20000,25654.024968511272,5654.024968511272,28.27012484255636,4.265564546710432,0.2326818906354124,0.13651969713476975,-18.33258687770086,0.2326766306995616,13.067342678685426,95,64,31,67.36842105263158,443.1858158042385,-723.09894332129,1056.3757850657826,-2747.092949873692,1.26533757701763,5.684210526315789,22,71,30.985915492957744,8.4627623464693,-9.763760013644285,0.39804852547844255,,0.8909940152900597,189
35,0.3,0.12,0.55,0.9,20,25,20000,26175.275622779187,6175.275622779187,30.876378113895935,4.618033153983658,0.2306776236353905,0.1494176640414984,-28.307568765654594,0.16313775274076842,17.918086393561726,43,33,10,76.74418604651163,745.8555227109657,-1826.5056626682606,1186.0384699879778,-6039.268722386446,1.3475584966709326,13.395348837209303,24,71,33.80281690140845,13.165442437496178,-17.07029207894194,0.479843673318566,,0.86034814090239,374
45,0.22,0.16,0.45,0.7,24,25,20000,26083.288513516232,6083.288513516232,30.416442567581157,4.556258709336025,0.22997898574515946,0.14632429317386347,-27.96831746746069,0.1629078586739061,17.08505004948422,56,43,13,76.78571428571429,474.31300767153147,-1063.936216643048,927.8238080364534,-5811.850165222378,1.4746010732332169,12.25,22,71,30.985915492957744,15.762805580501539,-17.38380519677668,0.4696157447732537,,0.22997898574515946,1
35,0.18,0.08,0.45,0.7,18,15,20000,26121.67235389958,6121.672353899579,30.6083617694979,4.582057594631905,0.22506883240678136,0.21897470088657897,-40.50101641540459,0.11313438526172682,24.199730133989846,194,161,33,82.9896907216495,319.3533218337557,-1336.5852261010627,659.1013567528473,-3883.636209511324,1.1656997886757747,9.84020618556701,40,71,56.33802816901409,12.856456716946884,-20.207581748504786,0.6339704838263179,,0.538073868499769,7
45,0.22,0.12,0.55,0.7,22,25,20000,25721.404155611595,5721.404155611595,28.60702077805798,4.311459784260596,0.22335878952003563,0.13817938669446994,-25.10773205739682,0.17171840827377421,15.09579670136685,39,30,9,76.92307692307693,609.525073272682,-1369.3164491743164,1017.1530669810116,-5153.614198179184,1.4837696906857416,14.076923076923077,22,71,30.985915492957744,13.0423945090266,-15.039907358457782,0.42572212661229714,,0.4351630116593601,2
30,0.3,0.1,0.45,0.5,24,25,20000,25660.822950482583,5660.822950482583,28.304114752412918,4.270199529442853,0.2216041185933941,0.13474486450595002,-22.262777885205768,0.19180892660661716,14.89259038644347,97,64,33,65.97938144329896,512.2524183841366,-811.007025033396,1066.7578706380355,-3207.265795502984,1.2249699509238827,5.515463917525773,22,71,30.985915492957744,9.46223475878718,-10.841660316511504,0.41630470236138606,,0.7481069416127569,42
30,0.26,0.16,0.6,0.5,24,25,20000,25763.281124635425,5763.281124635425,28.816405623177126,4.339933829414333,0.21681138390044308,0.13439464359124934,-28.459028513740535,0.1524976099348906,17.559503004474006,97,64,33,65.97938144329896,574.1261739953057,-914.4270912443707,1328.599148405068,-3302.7315606252982,1.2176551120972499,6.020618556701031,21,71,29.577464788732392,12.446420029773808,-14.458715416550882,0.46109744710681283,,0.8828900486701828,254
45,0.28,0.1,0.6,0.5,22,25,20000,25403.39012941206,5403.390129412059,27.016950647060295,4.09395953367877,0.2162403586229426,0.13444251580556776,-24.209061762004396,0.16910855835413466,13.666498607489991,45,33,12,73.33333333333333,604.0436514933313,-1200.2208641556592,1176.5138826498414,-4082.21654235184,1.3840119691430617,15.666666666666666,23,71,32.3943661971831,9.885004588976809,-13.861690352586464,0.4003788391347529,,0.4269752811239307,2
35,0.24,0.08,0.6,0.7,18,15,20000,25507.299990218322,5507.299990218322,27.53649995109161,4.1652749202570005,0.21139699267169784,0.20658903561248237,-47.23228989860323,0.0881870205573111,25.790381462978058,195,148,47,75.8974358974359,400.8577142694967,-1130.6881217376033,1084.8656280545058,-4680.423957558407,1.1163780102617598,12.953846153846154,42,71,59.154929577464785,11.02508142099834,-19.536338702536472,0.6300240352227211,,0.664783671664085,10
45,0.26,0.1,0.5,0.3,20,25,20000,25125.43508864615,5125.435088646151,25.627175443230755,3.901993185562991,0.20771505926474965,0.12930488397646706,-23.0127961682715,0.16955754342198526,12.772995103225476,51,42,9,82.35294117647058,443.37791884935734,-1483.2819447807626,877.8242632952583,-3160.327590179756,1.3949451497814584,13.372549019607844,24,71,33.80281690140845,15.001961272497022,-10.792538542879837,0.39159979040498044,,0.5228576100542649,3
30,0.22,0.16,0.6,0.9,22,25,20000,25434.059806241505,5434.059806241505,27.170299031207524,4.115033951499014,0.20403314075568785,0.12878672827747228,-28.39122101384105,0.1449403655268256,17.728264481052918,91,62,29,68.13186813186813,558.6655576602046,-966.3036127134886,1325.0686260318787,-6138.76756414379,1.236038464416367,6.824175824175824,21,71,29.577464788732392,10.287017979733658,-14.929632394270964,0.4217296554454365,,0.7947433139506807,86
45,0.3,0.14,0.6,0.3,20,25,20000,24979.827756648876,4979.827756648876,24.89913878324438,3.8007248025515805,0.18989841619977973,0.12235678461039164,-28.411815475343705,0.13377268361643133,15.533172600190095,43,31,12,72.09302325581395,745.565644195569,-1497.3006011178084,1213.315292682618,-2659.848703735365,1.286344625388293,15.162790697674419,23,71,32.3943661971831,10.572031267415927,-12.060005397451635,0.4074366573907004,,0.18989841619977973,1
35,0.22,0.08,0.45,0.7,20,25,20000,24780.10908398267,4780.109083982668,23.900545419913342,3.661020509392121,0.1860147632552814,0.10755747987740587,-21.82508160137874,0.16774372606060936,13.63196331033194,53,44,9,83.01886792452831,440.9663604275123,-1602.1789749808665,769.8857920758416,-4449.89736500872,1.3455647424742814,9.18867924528302,23,71,32.3943661971831,10.504091366526747,-13.099091705833022,0.3610282021077989,,0.4965764941317899,7
40,0.16,0.14,0.4,0.9,20,15,20000,24321.683582510203,4321.6835825102025,21.608417912551012,3.336770495565955,0.18395797776462633,0.17983533779075728,-48.976226497451826,0.06813041212433063,26.985726193196697,143,123,20,86.01398601398601,411.0661679759725,-2198.8077539267224,833.458316903742,-6555.187602816837,1.1497398663150618,11.76923076923077,39,71,54.929577464788736,11.787580711438373,-25.00283960057009,0.5364746331774864,,0.29618175252267226,2
45,0.16,0.08,0.55,0.9,20,25,20000,24607.040416064247,4607.0404160642465,23.03520208032123,3.539198141796085,0.1825772008317275,0.10561058668911105,-25.567661395209246,0.1384247893105798,12.249009103139043,49,41,8,83.6734693877551,297.9626860639605,-927.9412140697625,609.7267200751209,-5240.11484899763,1.6456417097592062,14.10204081632653,28,71,39.436619718309856,10.113026801252033,-18.53098070471878,0.3452014666611039,,0.17259956190249454,2
45,0.18,0.16,0.4,0.9,18,25,20000,24778.58595476839,4778.58595476839,23.89292977384195,3.6599514773303365,0.1795967398121728,0.10735129050458436,-30.540683535190112,0.11983855807003155,17.441994823863816,44,37,7,84.0909090909091,475.64823261595126,-1726.7426645745495,790.084388172892,-6123.118161308026,1.4560019334046754,12.318181818181818,25,71,35.2112676056338,10.6798840657635,-28.54957366805183,0.41686898918267784,,0.1795967398121728,1
45,0.18,0.1,0.4,0.3,20,25,20000,24416.654499777433,4416.654499777433,22.083272498887162,3.404359795009304,0.17349996625942035,0.0990947622970596,-25.82364492670669,0.13183111077741513,11.920252738674767,56,49,7,87.5,353.53069088948877,-1801.049907686785,637.0824107318807,-2558.5232131894327,1.374040122744223,9.803571428571429,26,71,36.61971830985916,12.601463333426842,-11.11384060813192,0.34078907560661503,,0.3840489418127747,4
30,0.3,0.08,0.5,0.7,24,25,20000,24424.866417100344,4424.866417100344,22.12433208550172,3.4101938040520086,0.16928674786355022,0.09761795947642518,-20.460685124071027,0.16667055787101073,13.212480034108133,92,59,33,64.13043478260869,469.3319046519971,-696.7489684050776,1056.3757850657826,-2747.092949873692,1.2043197691743297,5.673913043478261,22,71,30.985915492957744,9.20129206586675,-8.25994191433409,0.33314900501960676,,0.8900463752362628,316
45,0.18,0.12,0.55,0.3,20,25,20000,24413.389809212567,4413.389809212567,22.066949046062838,3.402040000646722,0.16924293742313706,0.0990800360032164,-26.768636677720707,0.12709052170289303,13.080050075228227,48,40,8,83.33333333333334,440.9993797948064,-1604.5731728224628,736.7529560913167,-2553.9696036126415,1.374195291508842,12.958333333333334,27,71,38.028169014084504,13.617223056784965,-11.7695435423826,0.3478374190341596,,0.10117361807852576,3
35,0.2,0.12,0.4,0.9,18,25,20000,24376.164930988823,4376.1649309888235,21.880824654944117,3.3755708117058747,0.16336663467644244,0.0980381027016343,-25.98847258162823,0.12988723369961083,16.397295092505242,55,45,10,81.81818181818183,499.3863028433837,-1762.1718696963435,832.9414341720719,-5394.688164653835,1.275266278755471,9.472727272727273,23,71,32.3943661971831,12.16759546304953,-15.981567235675875,0.36689070726762385,,0.447794736198445,2
45,0.18,0.08,0.6,0.7,22,25,20000,24221.268877338163,4221.268877338163,21.106344386690818,3.265067628506846,0.16262192297326156,0.09244934154928182,-21.16138399759067,0.15429367138172959,11.78403015802697,45,38,7,84.44444444444444,347.29308180796846,-1260.166890194942,635.7833214421338,-4314.701275096588,1.4960758895606354,13.822222222222223,25,71,35.2112676056338,10.819056762823266,-13.487299103600503,0.31537940591601066,,0.2528573830944607,4
45,0.28,0.16,0.4,0.9,22,25,20000,24323.25272049906,4323.252720499058,21.61626360249529,3.337889009340489,0.1621249359371184,0.10443609102111692,-30.070825856816242,0.11100090916139171,18.038104417647325,48,38,10,79.16666666666666,564.8025199719401,-1687.4043038434643,891.2753167763168,-6209.84280654377,1.2719237298404293,11.708333333333334,22,71,30.985915492957744,13.511793823310803,-18.59354961375046,0.37468055773988085,,0.1621249359371184,1
35,0.16,0.12,0.55,0.7,22,15,20000,23486.60772249228,3486.607722492281,17.433038612461406,2.732807781252178,0.15828901922905284,0.15085284311406755,-43.69271146930039,0.06254607895351878,25.87370736024633,238,184,54,77.31092436974791,338.4700877868719,-1039.3868227831906,918.3554678523335,-4685.795946715946,1.1096017950493056,10.857142857142858,42,71,59.154929577464785,14.046289199965688,-22.496758682871388,0.524428269789131,,0.46306297986507733,6
30,0.2,0.14,0.6,0.7,24,25,20000,24055.898716997548,4055.898716997548,20.27949358498774,3.1464411788855173,0.14929487860014456,0.08981495925017358,-23.600273859194456,0.13332223166807414,15.743726220101923,100,65,35,65.0,459.0164347334221,-702.2934154478529,1129.7051517311618,-2921.0791322774016,1.2138218504195168,5.93,21,71,29.577464788732392,9.99047879238053,-12.44966419704111,0.3273237220508146,,0.6537617192800876,16
30,0.18,0.08,0.55,0.3,22,15,20000,23452.193088495533,3452.1930884955327,17.260965442477662,2.707536481275863,0.14661304501166852,0.13373997679372338,-43.37830075896502,0.062416840537864886,23.092246701805212,306,212,94,69.28104575163398,287.54289202600586,-592.6627661810396,821.8685287201585,-2733.135516619448,1.0942158467377723,6.480392156862745,39,71,54.929577464788736,10.714183596292548,-18.392809499882812,0.4492832437842143,,0.4771232498186942,3
40,0.16,0.12,0.55,0.5,18,25,20000,23535.485895966878,3535.485895966878,17.67742947983439,2.768647011011538,0.12375116596323764,0.07274540948468504,-21.041792344739314,0.13157847799518518,14.475318173820853,48,40,8,83.33333333333334,440.3153743991309,-1682.7786349997946,695.4278099057481,-4229.867057302798,1.308298564175628,11.708333333333334,24,71,33.80281690140845,10.542887326661777,-13.81840386134675,0.2919889123609397,,0.23595118565734094,5
40,0.18,0.12,0.4,0.7,22,25,20000,23492.39993583969,3492.3999358396904,17.461999679198453,2.73705808001683,0.12366087680652145,0.07215216192075895,-27.038998717283626,0.10122631050931898,15.534547026407653,59,48,11,81.35593220338984,366.49838765429564,-1236.511151960596,693.4020348234691,-5285.606677045179,1.2933694039448058,9.084745762711865,24,71,33.80281690140845,7.456423609622531,-15.995682466948512,0.2884510471623053,,0.4680430101862181,3
35,0.3,0.08,0.4,0.3,22,25,20000,23399.039765131267,3399.039765131267,16.995198825656335,2.668444305783124,0.11417746174435744,0.06656098673792207,-25.61727106706283,0.10416583010725337,12.693199099285229,70,54,16,77.14285714285715,378.92554056323274,-1056.8462140802142,695.2999841232186,-2084.1631029865803,1.2100849512092253,7.985714285714286,21,71,29.577464788732392,7.615940249179909,-12.456964837964591,0.28081235732161197,,0.16789079016887576,2
30,0.28,0.1,0.6,0.3,22,25,20000,23262.42128334182,3262.4212833418205,16.312106416709103,2.567626642400489,0.111366304341075,0.06468269965919685,-28.95387126341209,0.0886799080869404,14.834817636449548,83,56,27,67.46987951807229,495.32997933932836,-895.2539836911303,1164.66850962004,-3242.9724700912807,1.1475526353131447,6.698795180722891,22,71,30.985915492957744,9.811148754560172,-13.142440743641991,0.29071475188644336,,0.8727965144565226,99
45,0.24,0.16,0.5,0.3,18,25,20000,22965.786659279707,2965.7866592797072,14.828933296398535,2.347017157718967,0.10082202262573967,0.06346405197962157,-29.815320752642133,0.07871849433352086,15.965170268886988,47,36,11,76.59574468085107,591.8233844611535,-1634.4050164838022,979.1727633273008,-3054.3001258558693,1.1850652142090818,12.553191489361701,22,71,30.985915492957744,16.1931702500685,-13.431398254996395,0.2995318505402026,,0.4000914946199266,3
40,0.18,0.16,0.6,0.9,18,25,20000,22647.323542581948,2647.3235425819475,13.236617712909737,2.1075181767547857,0.08657888896871148,0.04908477473783675,-29.89152049969847,0.07050555279635391,16.058293125070904,37,27,10,72.97297297297297,598.6581489909948,-1293.7946480174921,863.8406660862987,-6349.6360651032755,1.2493304132556844,13.945945945945946,23,71,32.3943661971831,10.759749574995613,-19.194256159279288,0.2567927127703954,,0.08657888896871148,1
40,0.3,0.08,0.45,0.9,20,25,20000,22655.777754069248,2655.7777540692477,13.278888770346239,2.1139122425549495,0.08149239199497757,0.049019151865377676,-26.88606167353057,0.07862483796338622,14.931005568983341,49,39,10,79.59183673469387,446.5836835972918,-1465.1785906225218,734.3368346933878,-5486.280937767719,1.1887126778787003,11.428571428571429,21,71,29.577464788732392,11.753525370058515,-15.894032233726795,0.25102565478574174,,0.5685866384869627,12
35,0.22,0.08,0.6,0.3,24,25,20000,22773.414501888907,2773.4145018889067,13.867072509444533,2.2026775327473436,0.07379663891549758,0.04090460051254646,-22.525461959779996,0.09778612028824545,11.453635096678607,56,39,17,69.64285714285714,425.97070030010684,-802.3084005773665,733.5909925282019,-2616.468381844143,1.2180190310674013,9.625,25,71,35.2112676056338,7.901878367095283,-10.42788777632616,0.23381742934443175,,0.07379663891549758,1
35,0.18,0.14,0.5,0.3,20,25,20000,22293.15229739682,2293.1522973968204,11.465761486984102,1.8378505420958868,0.06438337975077377,0.03641376696834041,-31.334551557556207,0.05865252415436902,15.011185078414432,64,50,14,78.125,420.05301802086876,-1281.049900260475,748.4498359889619,-3040.128527993671,1.1710623838848893,9.578125,23,71,32.3943661971831,13.164471960013557,-13.972133085386352,0.24093736783330386,,0.03431275759398126,3
35,0.16,0.12,0.4,0.7,18,25,20000,22141.72319857847,2141.723198578471,10.708615992892355,1.721462439380561,0.0628786222571134,0.03603092796510188,-27.351369487682554,0.0629388023936354,16.024314888580463,71,61,10,85.91549295774648,312.10516322487183,-1610.7591758138765,627.2461759768789,-5581.134032514348,1.1819529103161897,8.690140845070422,23,71,32.3943661971831,11.151606173072448,-17.23466845238001,0.22480417325096383,,0.31694583208386373,2
45,0.24,0.14,0.4,0.3,22,25,20000,22143.872169905913,2143.8721699059133,10.719360849529567,1.723118761755038,0.05185332766551705,0.03046022647306335,-26.730779770796254,0.0644619714250749,14.259504212240085,59,47,12,79.66101694915254,450.9304206246643,-1561.5964666211091,743.2023214696678,-2720.1535580335185,1.130986260021503,10.186440677966102,22,71,30.985915492957744,8.4214354304184,-11.913503219839939,0.2140897325180747,,0.05185332766551705,1
45,0.22,0.14,0.5,0.3,24,25,20000,22162.488092588133,2162.4880925881334,10.812440462940668,1.7374614118531362,0.05147272129165965,0.030974164068998066,-26.841503864204235,0.06473040484777794,14.057195859941023,53,39,14,73.58490566037736,498.1663362129255,-1209.14278712257,865.8323721567508,-2720.1535580335185,1.1477131520196688,12.018867924528301,23,71,32.3943661971831,8.671541699624674,-11.954517761985084,0.21762645849363513,,-0.01686177582020398,2
35,0.22,0.08,0.4,0.3,24,25,20000,22306.952604943264,2306.9526049432643,11.534763024716321,1.84842468737072,0.044533226453287056,0.023624815636852446,-23.710083517790792,0.07795943384103898,11.613157771758862,74,56,18,75.67567567567568,326.3065787582954,-873.5064336400712,611.8805552170164,-2778.098153939192,1.1621849407257938,6.945945945945946,22,71,30.985915492957744,7.528776675124127,-9.500694879815475,0.20518958374398966,,0.044533226453287056,1
45,0.3,0.1,0.45,0.3,24,25,20000,21996.43519281482,1996.4351928148208,9.982175964074104,1.609170004782734,0.030499094201861792,0.018426193417617667,-23.417906392788385,0.06871536583126332,12.455333225019324,59,47,12,79.66101694915254,370.676991580144,-1275.1569509543376,669.0417753990788,-2451.463418985902,1.1385408015348057,10.76271186440678,22,71,30.985915492957744,7.5778341631448365,-9.560532649610964,0.18931509500212157,,0.45819841569563063,3
40,0.16,0.14,0.4,0.3,24,25,20000,21801.321677535783,1801.3216775357832,9.006608387678916,1.4573925371032637,0.024112540513530123,0.012664707186368354,-24.44672494332559,0.059615042116353455,13.063073868094854,52,40,12,76.92307692307693,422.5169219987218,-1187.4296002010915,684.5708112043889,-3330.67789593035,1.186082728405312,8.826923076923077,20,71,28.169014084507044,9.506753292720038,-12.040227023944162,0.1750824783367238,,0.20065851089237924,2
30,0.2,0.08,0.45,0.3,20,25,20000,21798.338611446383,1798.3386114463829,8.991693057231915,1.4550632711127776,0.01985400947129633,0.010465889081824426,-27.58770164985403,0.05274318569848955,12.57895909728211,80,60,20,75.0,328.1219976304498,-879.5640623190262,665.0951855862288,-2462.9708234576747,1.1191521289489776,6.7,22,71,30.985915492957744,8.427855874413282,-12.458017953938294,0.183740763860851,,0.44872711883368044,4
45,0.3,0.14,0.5,0.3,24,25,20000,21377.386409996387,1377.3864099963866,6.886932049981934,1.1236796798562265,0.017330426352703418,0.010783990081763343,-28.01909661922411,0.040104065278295284,15.03371593495359,52,39,13,75.0,585.8348446683857,-1637.5517332362028,999.3192077887342,-2836.1701712653494,1.0732513045752137,12.346153846153847,22,71,30.985915492957744,9.393344887227318,-12.074169367473232,0.17612635174944327,,0.33524044109612383,2
40,0.16,0.1,0.6,0.3,22,25,20000,21808.415119120727,1808.4151191207275,9.042075595603636,1.462930240455207,0.010526750849202583,0.0057029086492696324,-27.197105673098488,0.05378992375288806,11.467874883442223,57,44,13,77.19298245614034,346.85373433995426,-1009.0576301413294,594.4740623075728,-2142.7981342707535,1.1634285796876438,11.333333333333334,26,71,36.61971830985916,6.0812600378581605,-11.018036424707534,0.1716765198672328,,0.2412186015455577,4
40,0.16,0.12,0.5,0.9,18,25,20000,21062.939602511175,1062.9396025111746,5.314698012555873,0.8725777024144454,0.01029960722217527,0.005939902944701619,-29.054328363104652,0.030032623418771213,16.004135784459333,53,43,10,81.13207547169812,359.62236925734607,-1379.112227555474,608.4993336675294,-5999.352541860045,1.121283791782193,10.924528301886792,23,71,32.3943661971831,10.372292374070957,-19.574837681340984,0.15643917860842638,,0.19379589201949757,2
35,0.2,0.16,0.6,0.3,18,25,20000,20782.367050446388,782.367050446388,3.9118352522319397,0.6458783977232763,0.0005177033487818379,0.00029775304833917223,-31.564433868882404,0.020462220244666304,16.380320686339026,61,48,13,78.68852459016394,442.7184063579627,-1526.070496518144,874.0399053196595,-2838.287009288799,1.0711514186607392,11.459016393442623,20,71,28.169014084507044,9.681751304819652,-14.800686802259577,0.15363346532692512,,0.44165398945336226,3
45,0.16,0.14,0.45,0.3,18,25,20000,21326.345566392734,1326.3455663927343,6.631727831963671,1.0831308243108406,-0.002873547392365213,-0.0015633502554050307,-24.52594771834755,0.04416264915628782,13.217970490844408,42,34,8,80.95238095238095,397.1682843955811,-1444.3345128821302,622.7645153312237,-2685.5652318341527,1.168680242441158,11.952380952380953,20,71,28.169014084507044,8.838012776779758,-11.57196311296631,0.14640477520676043,,-0.002873547392365213,1
30,0.18,0.14,0.4,0.7,24,25,20000,20287.776877446824,287.7768774468241,1.4388843872341204,0.23997785544396244,-0.03493452384304895,-0.020158934159892433,-27.713319252882034,0.008659296753816527,15.524015542114746,103,69,34,66.99029126213593,380.3085851859534,-718.9092794230587,818.4509469088946,-2875.828382836059,1.0735745650889534,5.097087378640777,20,71,28.169014084507044,8.791415571600258,-12.401854000435296,0.08273493677018669,,0.1711349787140897,2
40,0.16,0.12,0.4,0.3,22,15,20000,17860.46768692323,-2139.5323130767683,-10.697661565383841,-1.8803596357345964,-0.039916424367487525,-0.03779676508477903,-43.256510011950304,0.04346998024609745,24.061536273678417,200,163,37,81.5,284.0875039643328,-1249.0539313314343,647.4503686993128,-2507.801405951858,1.001974850067953,9.815,39,71,54.929577464788736,12.628595805635246,-17.929500780322027,0.08236288137744152,,0.12475830698283157,2
35,0.16,0.12,0.4,0.3,18,25,20000,19952.915960155202,-47.0840398447981,-0.2354201992239905,-0.03953667790904669,-0.07972229304898375,-0.04310032817629181,-28.822848246688583,0.001371713078827628,13.667428443077615,72,57,15,79.16666666666666,331.88925224226693,-1211.4514278436047,627.2461759768789,-3087.7465578022866,1.0410480598182343,8.26388888888889,22,71,30.985915492957744,8.747727071102517,-13.678548447575167,0.07052465869918899,,-0.07972229304898375,1
40,0.2,0.16,0.55,0.3,22,25,20000,19243.67819126016,-756.3218087398418,-3.781609043699209,-0.6446850645626112,-0.08519627293206761,-0.04968974415713087,-32.12506164760211,0.02006797906365207,15.9353566473599,51,35,16,68.62745098039215,537.6688580634458,-1183.20199006003,851.7370536472102,-2838.287009288799,0.9940404401737993,11.549019607843137,21,71,29.577464788732392,7.964461695079539,-14.485815304986993,0.03235250601250766,,0.08958596883075001,4
30,0.22,0.16,0.45,0.3,24,25,20000,17971.86836947873,-2028.1316305212713,-10.140658152606356,-1.7779461303249366,-0.13890991981950948,-0.07665974983933627,-37.08005179327517,0.04794885779116912,16.865574831953214,103,69,34,66.99029126213593,392.60330457058114,-826.1605778203366,929.701335196576,-2808.8102539221663,0.9644054516133214,5.466019417475728,21,71,29.577464788732392,10.490815617266414,-15.21910268150145,-0.03979905644175129,,0.13233031914597237,2
35,0.16,0.16,0.4,0.3,20,25,20000,20000.0,0.0,0.0,0.0,,,0.0,,0.0,0,0,0,0.0,0.0,0.0,0.0,0.0,0.0,,0,71,0.0,0.0,0.0,0.0,True,0.37720448127122835,1
30,0.16,0.16,0.6,0.7,20,20,20000,20000.0,0.0,0.0,0.0,,,0.0,,0.0,0,0,0,0.0,0.0,0.0,0.0,0.0,0.0,,0,71,0.0,0.0,0.0,0.0,True,0.44508626833273657,1
40,0.16,0.16,0.55,0.3,20,10,20000,20000.0,0.0,0.0,0.0,,,0.0,,0.0,0,0,0,0.0,0.0,0.0,0.0,0.0,0.0,,0,71,0.0,0.0,0.0,0.0,True,,0
35,0.16,0.16,0.55,0.5,24,15,20000,20000.0,0.0,0.0,0.0,,,0.0,,0.0,0,0,0,0.0,0.0,0.0,0.0,0.0,0.0,,0,71,0.0,0.0,0.0,0.0,True,0.7553036572601509,1
45,0.16,0.16,0.45,0.3,22,20,20000,20000.0,0.0,0.0,0.0,,,0.0,,0.0,0,0,0,0.0,0.0,0.0,0.0,0.0,0.0,,0,71,0.0,0.0,0.0,0.0,True,0.024112540513530123,1
35,0.16,0.16,0.4,0.9,22,10,20000,20000.0,0.0,0.0,0.0,,,0.0,,0.0,0,0,0,0.0,0.0,0.0,0.0,0.0,0.0,,0,71,0.0,0.0,0.0,0.0,True,0.18395797776462633,1
45,0.16,0.16,0.4,0.3,18,15,20000,20000.0,0.0,0.0,0.0,,,0.0,,0.0,0,0,0,0.0,0.0,0.0,0.0,0.0,0.0,,0,71,0.0,0.0,0.0,0.0,True,0.4091225673319534,1
40,0.16,0.16,0.5,0.9,18,20,20000,20000.0,0.0,0.0,0.0,,,0.0,,0.0,0,0,0,0.0,0.0,0.0,0.0,0.0,0.0,,0,71,0.0,0.0,0.0,0.0,True,,0
30,0.16,0.16,0.5,0.7,24,10,20000,20000.0,0.0,0.0,0.0,,,0.0,,0.0,0,0,0,0.0,0.0,0.0,0.0,0.0,0.0,,0,71,0.0,0.0,0.0,0.0,True,,0
30,0.16,0.16,0.5,0.5,22,25,20000,20000.0,0.0,0.0,0.0,,,0.0,,0.0,0,0,0,0.0,0.0,0.0,0.0,0.0,0.0,,0,71,0.0,0.0,0.0,0.0,True,0.06438337975077377,1
40,0.16,0.16,0.55,0.9,22,25,20000,20000.0,0.0,0.0,0.0,,,0.0,,0.0,0,0,0,0.0,0.0,0.0,0.0,0.0,0.0,,0,71,0.0,0.0,0.0,0.0,True,0.3104679928257521,2
