dte,short_delta,long_delta,profit_target,stop_loss,dte_min,vix_min,initial_capital,final_value,total_pnl,total_return_pct,annualized_return_pct,sharpe_ratio,sortino_ratio,max_drawdown_pct,calmar_ratio,volatility_pct,total_trades,winning_trades,losing_trades,win_rate_pct,avg_win,avg_loss,largest_win,largest_loss,profit_factor,avg_days_in_trade,positive_months,total_months,positive_months_pct,best_month_pct,worst_month_pct,avg_monthly_return_pct,below_min_trades,stability_score,stability_n
30,0.3,0.08,0.45,0.5,20,10,20000,599211.2583413502,579211.2583413502,2896.0562917067514,49.26411009270504,1.356492479175404,1.5847336246492287,-47.05886345779196,1.0468614512309888,31.874931028035036,508,400,108,78.74015748031496,2685.5262962391334,-4409.506529870821,22637.381271123442,-56516.15141038581,2.255670475232509,8.535433070866143,71,102,69.6078431372549,20.77594884895355,-23.842631963735073,3.7488967328932423,,1.1708392483476742,946
30,0.3,0.08,0.45,0.5,18,10,20000,599211.2583413502,579211.2583413502,2896.0562917067514,49.26411009270504,1.356492479175404,1.5847336246492287,-47.05886345779196,1.0468614512309888,31.874931028035036,508,400,108,78.74015748031496,2685.5262962391334,-4409.506529870821,22637.381271123442,-56516.15141038581,2.255670475232509,8.535433070866143,71,102,69.6078431372549,20.77594884895355,-23.842631963735073,3.7488967328932423,,1.176604766327098,886
30,0.3,0.08,0.45,0.5,18,10,20000,599211.2583413502,579211.2583413502,2896.0562917067514,49.26411009270504,1.356492479175404,1.5847336246492287,-47.05886345779196,1.0468614512309888,31.874931028035036,508,400,108,78.74015748031496,2685.5262962391334,-4409.506529870821,22637.381271123442,-56516.15141038581,2.255670475232509,8.535433070866143,71,102,69.6078431372549,20.77594884895355,-23.842631963735073,3.7488967328932423,,1.176604766327098,886
30,0.3,0.08,0.45,0.5,20,10,20000,599211.2583413502,579211.2583413502,2896.0562917067514,49.26411009270504,1.356492479175404,1.5847336246492287,-47.05886345779196,1.0468614512309888,31.874931028035036,508,400,108,78.74015748031496,2685.5262962391334,-4409.506529870821,22637.381271123442,-56516.15141038581,2.255670475232509,8.535433070866143,71,102,69.6078431372549,20.77594884895355,-23.842631963735073,3.7488967328932423,,1.1708392483476742,946
30,0.3,0.08,0.45,0.5,18,10,20000,599211.2583413502,579211.2583413502,2896.0562917067514,49.26411009270504,1.356492479175404,1.5847336246492287,-47.05886345779196,1.0468614512309888,31.874931028035036,508,400,108,78.74015748031496,2685.5262962391334,-4409.506529870821,22637.381271123442,-56516.15141038581,2.255670475232509,8.535433070866143,71,102,69.6078431372549,20.77594884895355,-23.842631963735073,3.7488967328932423,,1.176604766327098,886
30,0.3,0.08,0.45,0.5,18,10,20000,599211.2583413502,579211.2583413502,2896.0562917067514,49.26411009270504,1.356492479175404,1.5847336246492287,-47.05886345779196,1.0468614512309888,31.874931028035036,508,400,108,78.74015748031496,2685.5262962391334,-4409.506529870821,22637.381271123442,-56516.15141038581,2.255670475232509,8.535433070866143,71,102,69.6078431372549,20.77594884895355,-23.842631963735073,3.7488967328932423,,1.176604766327098,886
30,0.3,0.08,0.45,0.5,18,10,20000,599211.2583413502,579211.2583413502,2896.0562917067514,49.26411009270504,1.356492479175404,1.5847336246492287,-47.05886345779196,1.0468614512309888,31.874931028035036,508,400,108,78.74015748031496,2685.5262962391334,-4409.506529870821,22637.381271123442,-56516.15141038581,2.255670475232509,8.535433070866143,71,102,69.6078431372549,20.77594884895355,-23.842631963735073,3.7488967328932423,,1.176604766327098,886
30,0.3,0.08,0.45,0.5,18,10,20000,599211.2583413502,579211.2583413502,2896.0562917067514,49.26411009270504,1.356492479175404,1.5847336246492287,-47.05886345779196,1.0468614512309888,31.874931028035036,508,400,108,78.74015748031496,2685.5262962391334,-4409.506529870821,22637.381271123442,-56516.15141038581,2.255670475232509,8.535433070866143,71,102,69.6078431372549,20.77594884895355,-23.842631963735073,3.7488967328932423,,1.176604766327098,886
30,0.3,0.08,0.45,0.5,18,10,20000,599211.2583413502,579211.2583413502,2896.0562917067514,49.26411009270504,1.356492479175404,1.5847336246492287,-47.05886345779196,1.0468614512309888,31.874931028035036,508,400,108,78.74015748031496,2685.5262962391334,-4409.506529870821,22637.381271123442,-56516.15141038581,2.255670475232509,8.535433070866143,71,102,69.6078431372549,20.77594884895355,-23.842631963735073,3.7488967328932423,,1.176604766327098,886
30,0.3,0.08,0.45,0.5,18,10,20000,599211.2583413502,579211.2583413502,2896.0562917067514,49.26411009270504,1.356492479175404,1.5847336246492287,-47.05886345779196,1.0468614512309888,31.874931028035036,508,400,108,78.74015748031496,2685.5262962391334,-4409.506529870821,22637.381271123442,-56516.15141038581,2.255670475232509,8.535433070866143,71,102,69.6078431372549,20.77594884895355,-23.842631963735073,3.7488967328932423,,1.176604766327098,886
30,0.3,0.08,0.45,0.5,20,10,20000,599211.2583413502,579211.2583413502,2896.0562917067514,49.26411009270504,1.356492479175404,1.5847336246492287,-47.05886345779196,1.0468614512309888,31.874931028035036,508,400,108,78.74015748031496,2685.5262962391334,-4409.506529870821,22637.381271123442,-56516.15141038581,2.255670475232509,8.535433070866143,71,102,69.6078431372549,20.77594884895355,-23.842631963735073,3.7488967328932423,,1.1708392483476742,946
30,0.3,0.08,0.45,0.5,18,10,20000,599211.2583413502,579211.2583413502,2896.0562917067514,49.26411009270504,1.356492479175404,1.5847336246492287,-47.05886345779196,1.0468614512309888,31.874931028035036,508,400,108,78.74015748031496,2685.5262962391334,-4409.506529870821,22637.381271123442,-56516.15141038581,2.255670475232509,8.535433070866143,71,102,69.6078431372549,20.77594884895355,-23.842631963735073,3.7488967328932423,,1.176604766327098,886
30,0.3,0.08,0.45,0.5,20,10,20000,599211.2583413502,579211.2583413502,2896.0562917067514,49.26411009270504,1.356492479175404,1.5847336246492287,-47.05886345779196,1.0468614512309888,31.874931028035036,508,400,108,78.74015748031496,2685.5262962391334,-4409.506529870821,22637.381271123442,-56516.15141038581,2.255670475232509,8.535433070866143,71,102,69.6078431372549,20.77594884895355,-23.842631963735073,3.7488967328932423,,1.1708392483476742,946
30,0.3,0.08,0.45,0.5,18,10,20000,599211.2583413502,579211.2583413502,2896.0562917067514,49.26411009270504,1.356492479175404,1.5847336246492287,-47.05886345779196,1.0468614512309888,31.874931028035036,508,400,108,78.74015748031496,2685.5262962391334,-4409.506529870821,22637.381271123442,-56516.15141038581,2.255670475232509,8.535433070866143,71,102,69.6078431372549,20.77594884895355,-23.842631963735073,3.7488967328932423,,1.176604766327098,886
30,0.3,0.08,0.45,0.5,20,10,20000,599211.2583413502,579211.2583413502,2896.0562917067514,49.26411009270504,1.356492479175404,1.5847336246492287,-47.05886345779196,1.0468614512309888,31.874931028035036,508,400,108,78.74015748031496,2685.5262962391334,-4409.506529870821,22637.381271123442,-56516.15141038581,2.255670475232509,8.535433070866143,71,102,69.6078431372549,20.77594884895355,-23.842631963735073,3.7488967328932423,,1.1708392483476742,946
30,0.3,0.08,0.45,0.5,20,10,20000,599211.2583413502,579211.2583413502,2896.0562917067514,49.26411009270504,1.356492479175404,1.5847336246492287,-47.05886345779196,1.0468614512309888,31.874931028035036,508,400,108,78.74015748031496,2685.5262962391334,-4409.506529870821,22637.381271123442,-56516.15141038581,2.255670475232509,8.535433070866143,71,102,69.6078431372549,20.77594884895355,-23.842631963735073,3.7488967328932423,,1.1708392483476742,946
30,0.3,0.08,0.45,0.5,20,10,20000,599211.2583413502,579211.2583413502,2896.0562917067514,49.26411009270504,1.356492479175404,1.5847336246492287,-47.05886345779196,1.0468614512309888,31.874931028035036,508,400,108,78.74015748031496,2685.5262962391334,-4409.506529870821,22637.381271123442,-56516.15141038581,2.255670475232509,8.535433070866143,71,102,69.6078431372549,20.77594884895355,-23.842631963735073,3.7488967328932423,,1.1708392483476742,946
30,0.3,0.08,0.45,0.5,20,10,20000,599211.2583413502,579211.2583413502,2896.0562917067514,49.26411009270504,1.356492479175404,1.5847336246492287,-47.05886345779196,1.0468614512309888,31.874931028035036,508,400,108,78.74015748031496,2685.5262962391334,-4409.506529870821,22637.381271123442,-56516.15141038581,2.255670475232509,8.535433070866143,71,102,69.6078431372549,20.77594884895355,-23.842631963735073,3.7488967328932423,,1.1708392483476742,946
30,0.3,0.08,0.45,0.5,18,10,20000,599211.2583413502,579211.2583413502,2896.0562917067514,49.26411009270504,1.356492479175404,1.5847336246492287,-47.05886345779196,1.0468614512309888,31.874931028035036,508,400,108,78.74015748031496,2685.5262962391334,-4409.506529870821,22637.381271123442,-56516.15141038581,2.255670475232509,8.535433070866143,71,102,69.6078431372549,20.77594884895355,-23.842631963735073,3.7488967328932423,,1.176604766327098,886
30,0.3,0.08,0.45,0.5,18,10,20000,599211.2583413502,579211.2583413502,2896.0562917067514,49.26411009270504,1.356492479175404,1.5847336246492287,-47.05886345779196,1.0468614512309888,31.874931028035036,508,400,108,78.74015748031496,2685.5262962391334,-4409.506529870821,22637.381271123442,-56516.15141038581,2.255670475232509,8.535433070866143,71,102,69.6078431372549,20.77594884895355,-23.842631963735073,3.7488967328932423,,1.176604766327098,886
30,0.3,0.08,0.45,0.5,20,10,20000,599211.2583413502,579211.2583413502,2896.0562917067514,49.26411009270504,1.356492479175404,1.5847336246492287,-47.05886345779196,1.0468614512309888,31.874931028035036,508,400,108,78.74015748031496,2685.5262962391334,-4409.506529870821,22637.381271123442,-56516.15141038581,2.255670475232509,8.535433070866143,71,102,69.6078431372549,20.77594884895355,-23.842631963735073,3.7488967328932423,,1.1708392483476742,946
30,0.3,0.08,0.45,0.5,18,10,20000,599211.2583413502,579211.2583413502,2896.0562917067514,49.26411009270504,1.356492479175404,1.5847336246492287,-47.05886345779196,1.0468614512309888,31.874931028035036,508,400,108,78.74015748031496,2685.5262962391334,-4409.506529870821,22637.381271123442,-56516.15141038581,2.255670475232509,8.535433070866143,71,102,69.6078431372549,20.77594884895355,-23.842631963735073,3.7488967328932423,,1.176604766327098,886
30,0.3,0.08,0.45,0.5,18,10,20000,599211.2583413502,579211.2583413502,2896.0562917067514,49.26411009270504,1.356492479175404,1.5847336246492287,-47.05886345779196,1.0468614512309888,31.874931028035036,508,400,108,78.74015748031496,2685.5262962391334,-4409.506529870821,22637.381271123442,-56516.15141038581,2.255670475232509,8.535433070866143,71,102,69.6078431372549,20.77594884895355,-23.842631963735073,3.7488967328932423,,1.176604766327098,886
30,0.3,0.08,0.45,0.5,20,10,20000,599211.2583413502,579211.2583413502,2896.0562917067514,49.26411009270504,1.356492479175404,1.5847336246492287,-47.05886345779196,1.0468614512309888,31.874931028035036,508,400,108,78.74015748031496,2685.5262962391334,-4409.506529870821,22637.381271123442,-56516.15141038581,2.255670475232509,8.535433070866143,71,102,69.6078431372549,20.77594884895355,-23.842631963735073,3.7488967328932423,,1.1708392483476742,946
30,0.3,0.08,0.45,0.5,20,10,20000,599211.2583413502,579211.2583413502,2896.0562917067514,49.26411009270504,1.356492479175404,1.5847336246492287,-47.05886345779196,1.0468614512309888,31.874931028035036,508,400,108,78.74015748031496,2685.5262962391334,-4409.506529870821,22637.381271123442,-56516.15141038581,2.255670475232509,8.535433070866143,71,102,69.6078431372549,20.77594884895355,-23.842631963735073,3.7488967328932423,,1.1708392483476742,946
30,0.3,0.08,0.45,0.5,20,10,20000,599211.2583413502,579211.2583413502,2896.0562917067514,49.26411009270504,1.356492479175404,1.5847336246492287,-47.05886345779196,1.0468614512309888,31.874931028035036,508,400,108,78.74015748031496,2685.5262962391334,-4409.506529870821,22637.381271123442,-56516.15141038581,2.255670475232509,8.535433070866143,71,102,69.6078431372549,20.77594884895355,-23.842631963735073,3.7488967328932423,,1.1708392483476742,946
30,0.3,0.08,0.45,0.5,18,10,20000,599211.2583413502,579211.2583413502,2896.0562917067514,49.26411009270504,1.356492479175404,1.5847336246492287,-47.05886345779196,1.0468614512309888,31.874931028035036,508,400,108,78.74015748031496,2685.5262962391334,-4409.506529870821,22637.381271123442,-56516.15141038581,2.255670475232509,8.535433070866143,71,102,69.6078431372549,20.77594884895355,-23.842631963735073,3.7488967328932423,,1.176604766327098,886
30,0.3,0.08,0.45,0.5,20,10,20000,599211.2583413502,579211.2583413502,2896.0562917067514,49.26411009270504,1.356492479175404,1.5847336246492287,-47.05886345779196,1.0468614512309888,31.874931028035036,508,400,108,78.74015748031496,2685.5262962391334,-4409.506529870821,22637.381271123442,-56516.15141038581,2.255670475232509,8.535433070866143,71,102,69.6078431372549,20.77594884895355,-23.842631963735073,3.7488967328932423,,1.1708392483476742,946
30,0.3,0.08,0.45,0.5,20,10,20000,599211.2583413502,579211.2583413502,2896.0562917067514,49.26411009270504,1.356492479175404,1.5847336246492287,-47.05886345779196,1.0468614512309888,31.874931028035036,508,400,108,78.74015748031496,2685.5262962391334,-4409.506529870821,22637.381271123442,-56516.15141038581,2.255670475232509,8.535433070866143,71,102,69.6078431372549,20.77594884895355,-23.842631963735073,3.7488967328932423,,1.1708392483476742,946
30,0.3,0.08,0.45,0.5,18,10,20000,599211.2583413502,579211.2583413502,2896.0562917067514,49.26411009270504,1.356492479175404,1.5847336246492287,-47.05886345779196,1.0468614512309888,31.874931028035036,508,400,108,78.74015748031496,2685.5262962391334,-4409.506529870821,22637.381271123442,-56516.15141038581,2.255670475232509,8.535433070866143,71,102,69.6078431372549,20.77594884895355,-23.842631963735073,3.7488967328932423,,1.176604766327098,886
30,0.3,0.08,0.45,0.5,20,10,20000,599211.2583413502,579211.2583413502,2896.0562917067514,49.26411009270504,1.356492479175404,1.5847336246492287,-47.05886345779196,1.0468614512309888,31.874931028035036,508,400,108,78.74015748031496,2685.5262962391334,-4409.506529870821,22637.381271123442,-56516.15141038581,2.255670475232509,8.535433070866143,71,102,69.6078431372549,20.77594884895355,-23.842631963735073,3.7488967328932423,,1.1708392483476742,946
30,0.3,0.08,0.45,0.5,18,10,20000,599211.2583413502,579211.2583413502,2896.0562917067514,49.26411009270504,1.356492479175404,1.5847336246492287,-47.05886345779196,1.0468614512309888,31.874931028035036,508,400,108,78.74015748031496,2685.5262962391334,-4409.506529870821,22637.381271123442,-56516.15141038581,2.255670475232509,8.535433070866143,71,102,69.6078431372549,20.77594884895355,-23.842631963735073,3.7488967328932423,,1.176604766327098,886
30,0.3,0.08,0.45,0.5,18,10,20000,599211.2583413502,579211.2583413502,2896.0562917067514,49.26411009270504,1.356492479175404,1.5847336246492287,-47.05886345779196,1.0468614512309888,31.874931028035036,508,400,108,78.74015748031496,2685.5262962391334,-4409.506529870821,22637.381271123442,-56516.15141038581,2.255670475232509,8.535433070866143,71,102,69.6078431372549,20.77594884895355,-23.842631963735073,3.7488967328932423,,1.176604766327098,886
30,0.3,0.08,0.45,0.5,20,10,20000,599211.2583413502,579211.2583413502,2896.0562917067514,49.26411009270504,1.356492479175404,1.5847336246492287,-47.05886345779196,1.0468614512309888,31.874931028035036,508,400,108,78.74015748031496,2685.5262962391334,-4409.506529870821,22637.381271123442,-56516.15141038581,2.255670475232509,8.535433070866143,71,102,69.6078431372549,20.77594884895355,-23.842631963735073,3.7488967328932423,,1.1708392483476742,946
30,0.3,0.08,0.45,0.5,18,10,20000,599211.2583413502,579211.2583413502,2896.0562917067514,49.26411009270504,1.356492479175404,1.5847336246492287,-47.05886345779196,1.0468614512309888,31.874931028035036,508,400,108,78.74015748031496,2685.5262962391334,-4409.506529870821,22637.381271123442,-56516.15141038581,2.255670475232509,8.535433070866143,71,102,69.6078431372549,20.77594884895355,-23.842631963735073,3.7488967328932423,,1.176604766327098,886
30,0.3,0.08,0.45,0.5,20,10,20000,599211.2583413502,579211.2583413502,2896.0562917067514,49.26411009270504,1.356492479175404,1.5847336246492287,-47.05886345779196,1.0468614512309888,31.874931028035036,508,400,108,78.74015748031496,2685.5262962391334,-4409.506529870821,22637.381271123442,-56516.15141038581,2.255670475232509,8.535433070866143,71,102,69.6078431372549,20.77594884895355,-23.842631963735073,3.7488967328932423,,1.1708392483476742,946
30,0.3,0.08,0.45,0.5,18,10,20000,599211.2583413502,579211.2583413502,2896.0562917067514,49.26411009270504,1.356492479175404,1.5847336246492287,-47.05886345779196,1.0468614512309888,31.874931028035036,508,400,108,78.74015748031496,2685.5262962391334,-4409.506529870821,22637.381271123442,-56516.15141038581,2.255670475232509,8.535433070866143,71,102,69.6078431372549,20.77594884895355,-23.842631963735073,3.7488967328932423,,1.176604766327098,886
30,0.3,0.08,0.45,0.5,20,10,20000,599211.2583413502,579211.2583413502,2896.0562917067514,49.26411009270504,1.356492479175404,1.5847336246492287,-47.05886345779196,1.0468614512309888,31.874931028035036,508,400,108,78.74015748031496,2685.5262962391334,-4409.506529870821,22637.381271123442,-56516.15141038581,2.255670475232509,8.535433070866143,71,102,69.6078431372549,20.77594884895355,-23.842631963735073,3.7488967328932423,,1.1708392483476742,946
30,0.3,0.08,0.45,0.5,18,10,20000,599211.2583413502,579211.2583413502,2896.0562917067514,49.26411009270504,1.356492479175404,1.5847336246492287,-47.05886345779196,1.0468614512309888,31.874931028035036,508,400,108,78.74015748031496,2685.5262962391334,-4409.506529870821,22637.381271123442,-56516.15141038581,2.255670475232509,8.535433070866143,71,102,69.6078431372549,20.77594884895355,-23.842631963735073,3.7488967328932423,,1.176604766327098,886
30,0.3,0.08,0.45,0.5,20,10,20000,599211.2583413502,579211.2583413502,2896.0562917067514,49.26411009270504,1.356492479175404,1.5847336246492287,-47.05886345779196,1.0468614512309888,31.874931028035036,508,400,108,78.74015748031496,2685.5262962391334,-4409.506529870821,22637.381271123442,-56516.15141038581,2.255670475232509,8.535433070866143,71,102,69.6078431372549,20.77594884895355,-23.842631963735073,3.7488967328932423,,1.1708392483476742,946
30,0.3,0.08,0.45,0.5,20,10,20000,599211.2583413502,579211.2583413502,2896.0562917067514,49.26411009270504,1.356492479175404,1.5847336246492287,-47.05886345779196,1.0468614512309888,31.874931028035036,508,400,108,78.74015748031496,2685.5262962391334,-4409.506529870821,22637.381271123442,-56516.15141038581,2.255670475232509,8.535433070866143,71,102,69.6078431372549,20.77594884895355,-23.842631963735073,3.7488967328932423,,1.1708392483476742,946
30,0.3,0.08,0.45,0.5,18,10,20000,599211.2583413502,579211.2583413502,2896.0562917067514,49.26411009270504,1.356492479175404,1.5847336246492287,-47.05886345779196,1.0468614512309888,31.874931028035036,508,400,108,78.74015748031496,2685.5262962391334,-4409.506529870821,22637.381271123442,-56516.15141038581,2.255670475232509,8.535433070866143,71,102,69.6078431372549,20.77594884895355,-23.842631963735073,3.7488967328932423,,1.176604766327098,886
30,0.3,0.08,0.45,0.5,18,10,20000,599211.2583413502,579211.2583413502,2896.0562917067514,49.26411009270504,1.356492479175404,1.5847336246492287,-47.05886345779196,1.0468614512309888,31.874931028035036,508,400,108,78.74015748031496,2685.5262962391334,-4409.506529870821,22637.381271123442,-56516.15141038581,2.255670475232509,8.535433070866143,71,102,69.6078431372549,20.77594884895355,-23.842631963735073,3.7488967328932423,,1.176604766327098,886
30,0.3,0.08,0.45,0.5,18,10,20000,599211.2583413502,579211.2583413502,2896.0562917067514,49.26411009270504,1.356492479175404,1.5847336246492287,-47.05886345779196,1.0468614512309888,31.874931028035036,508,400,108,78.74015748031496,2685.5262962391334,-4409.506529870821,22637.381271123442,-56516.15141038581,2.255670475232509,8.535433070866143,71,102,69.6078431372549,20.77594884895355,-23.842631963735073,3.7488967328932423,,1.176604766327098,886
30,0.3,0.08,0.45,0.5,18,10,20000,599211.2583413502,579211.2583413502,2896.0562917067514,49.26411009270504,1.356492479175404,1.5847336246492287,-47.05886345779196,1.0468614512309888,31.874931028035036,508,400,108,78.74015748031496,2685.5262962391334,-4409.506529870821,22637.381271123442,-56516.15141038581,2.255670475232509,8.535433070866143,71,102,69.6078431372549,20.77594884895355,-23.842631963735073,3.7488967328932423,,1.176604766327098,886
30,0.3,0.08,0.45,0.5,20,10,20000,599211.2583413502,579211.2583413502,2896.0562917067514,49.26411009270504,1.356492479175404,1.5847336246492287,-47.05886345779196,1.0468614512309888,31.874931028035036,508,400,108,78.74015748031496,2685.5262962391334,-4409.506529870821,22637.381271123442,-56516.15141038581,2.255670475232509,8.535433070866143,71,102,69.6078431372549,20.77594884895355,-23.842631963735073,3.7488967328932423,,1.1708392483476742,946
30,0.3,0.08,0.45,0.5,18,10,20000,599211.2583413502,579211.2583413502,2896.0562917067514,49.26411009270504,1.356492479175404,1.5847336246492287,-47.05886345779196,1.0468614512309888,31.874931028035036,508,400,108,78.74015748031496,2685.5262962391334,-4409.506529870821,22637.381271123442,-56516.15141038581,2.255670475232509,8.535433070866143,71,102,69.6078431372549,20.77594884895355,-23.842631963735073,3.7488967328932423,,1.176604766327098,886
30,0.3,0.08,0.45,0.5,20,10,20000,599211.2583413502,579211.2583413502,2896.0562917067514,49.26411009270504,1.356492479175404,1.5847336246492287,-47.05886345779196,1.0468614512309888,31.874931028035036,508,400,108,78.74015748031496,2685.5262962391334,-4409.506529870821,22637.381271123442,-56516.15141038581,2.255670475232509,8.535433070866143,71,102,69.6078431372549,20.77594884895355,-23.842631963735073,3.7488967328932423,,1.1708392483476742,946
30,0.3,0.08,0.45,0.5,18,10,20000,599211.2583413502,579211.2583413502,2896.0562917067514,49.26411009270504,1.356492479175404,1.5847336246492287,-47.05886345779196,1.0468614512309888,31.874931028035036,508,400,108,78.74015748031496,2685.5262962391334,-4409.506529870821,22637.381271123442,-56516.15141038581,2.255670475232509,8.535433070866143,71,102,69.6078431372549,20.77594884895355,-23.842631963735073,3.7488967328932423,,1.176604766327098,886
30,0.3,0.08,0.45,0.5,20,10,20000,599211.2583413502,579211.2583413502,2896.0562917067514,49.26411009270504,1.356492479175404,1.5847336246492287,-47.05886345779196,1.0468614512309888,31.874931028035036,508,400,108,78.74015748031496,2685.5262962391334,-4409.506529870821,22637.381271123442,-56516.15141038581,2.255670475232509,8.535433070866143,71,102,69.6078431372549,20.77594884895355,-23.842631963735073,3.7488967328932423,,1.1708392483476742,946
30,0.3,0.08,0.45,0.5,18,10,20000,599211.2583413502,579211.2583413502,2896.0562917067514,49.26411009270504,1.356492479175404,1.5847336246492287,-47.05886345779196,1.0468614512309888,31.874931028035036,508,400,108,78.74015748031496,2685.5262962391334,-4409.506529870821,22637.381271123442,-56516.15141038581,2.255670475232509,8.535433070866143,71,102,69.6078431372549,20.77594884895355,-23.842631963735073,3.7488967328932423,,1.176604766327098,886
30,0.3,0.08,0.45,0.5,20,10,20000,599211.2583413502,579211.2583413502,2896.0562917067514,49.26411009270504,1.356492479175404,1.5847336246492287,-47.05886345779196,1.0468614512309888,31.874931028035036,508,400,108,78.74015748031496,2685.5262962391334,-4409.506529870821,22637.381271123442,-56516.15141038581,2.255670475232509,8.535433070866143,71,102,69.6078431372549,20.77594884895355,-23.842631963735073,3.7488967328932423,,1.1708392483476742,946
30,0.3,0.08,0.45,0.5,18,10,20000,599211.2583413502,579211.2583413502,2896.0562917067514,49.26411009270504,1.356492479175404,1.5847336246492287,-47.05886345779196,1.0468614512309888,31.874931028035036,508,400,108,78.74015748031496,2685.5262962391334,-4409.506529870821,22637.381271123442,-56516.15141038581,2.255670475232509,8.535433070866143,71,102,69.6078431372549,20.77594884895355,-23.842631963735073,3.7488967328932423,,1.176604766327098,886
30,0.3,0.08,0.45,0.5,20,10,20000,599211.2583413502,579211.2583413502,2896.0562917067514,49.26411009270504,1.356492479175404,1.5847336246492287,-47.05886345779196,1.0468614512309888,31.874931028035036,508,400,108,78.74015748031496,2685.5262962391334,-4409.506529870821,22637.381271123442,-56516.15141038581,2.255670475232509,8.535433070866143,71,102,69.6078431372549,20.77594884895355,-23.842631963735073,3.7488967328932423,,1.1708392483476742,946
30,0.3,0.08,0.45,0.5,18,10,20000,599211.2583413502,579211.2583413502,2896.0562917067514,49.26411009270504,1.356492479175404,1.5847336246492287,-47.05886345779196,1.0468614512309888,31.874931028035036,508,400,108,78.74015748031496,2685.5262962391334,-4409.506529870821,22637.381271123442,-56516.15141038581,2.255670475232509,8.535433070866143,71,102,69.6078431372549,20.77594884895355,-23.842631963735073,3.7488967328932423,,1.176604766327098,886
30,0.3,0.08,0.45,0.5,18,10,20000,599211.2583413502,579211.2583413502,2896.0562917067514,49.26411009270504,1.356492479175404,1.5847336246492287,-47.05886345779196,1.0468614512309888,31.874931028035036,508,400,108,78.74015748031496,2685.5262962391334,-4409.506529870821,22637.381271123442,-56516.15141038581,2.255670475232509,8.535433070866143,71,102,69.6078431372549,20.77594884895355,-23.842631963735073,3.7488967328932423,,1.176604766327098,886
30,0.3,0.08,0.45,0.5,18,10,20000,599211.2583413502,579211.2583413502,2896.0562917067514,49.26411009270504,1.356492479175404,1.5847336246492287,-47.05886345779196,1.0468614512309888,31.874931028035036,508,400,108,78.74015748031496,2685.5262962391334,-4409.506529870821,22637.381271123442,-56516.15141038581,2.255670475232509,8.535433070866143,71,102,69.6078431372549,20.77594884895355,-23.842631963735073,3.7488967328932423,,1.176604766327098,886
30,0.3,0.08,0.45,0.5,20,10,20000,599211.2583413502,579211.2583413502,2896.0562917067514,49.26411009270504,1.356492479175404,1.5847336246492287,-47.05886345779196,1.0468614512309888,31.874931028035036,508,400,108,78.74015748031496,2685.5262962391334,-4409.506529870821,22637.381271123442,-56516.15141038581,2.255670475232509,8.535433070866143,71,102,69.6078431372549,20.77594884895355,-23.842631963735073,3.7488967328932423,,1.1708392483476742,946
30,0.3,0.08,0.45,0.5,18,10,20000,599211.2583413502,579211.2583413502,2896.0562917067514,49.26411009270504,1.356492479175404,1.5847336246492287,-47.05886345779196,1.0468614512309888,31.874931028035036,508,400,108,78.74015748031496,2685.5262962391334,-4409.506529870821,22637.381271123442,-56516.15141038581,2.255670475232509,8.535433070866143,71,102,69.6078431372549,20.77594884895355,-23.842631963735073,3.7488967328932423,,1.176604766327098,886
30,0.3,0.08,0.45,0.5,20,10,20000,599211.2583413502,579211.2583413502,2896.0562917067514,49.26411009270504,1.356492479175404,1.5847336246492287,-47.05886345779196,1.0468614512309888,31.874931028035036,508,400,108,78.74015748031496,2685.5262962391334,-4409.506529870821,22637.381271123442,-56516.15141038581,2.255670475232509,8.535433070866143,71,102,69.6078431372549,20.77594884895355,-23.842631963735073,3.7488967328932423,,1.1708392483476742,946
30,0.3,0.08,0.45,0.5,20,10,20000,599211.2583413502,579211.2583413502,2896.0562917067514,49.26411009270504,1.356492479175404,1.5847336246492287,-47.05886345779196,1.0468614512309888,31.874931028035036,508,400,108,78.74015748031496,2685.5262962391334,-4409.506529870821,22637.381271123442,-56516.15141038581,2.255670475232509,8.535433070866143,71,102,69.6078431372549,20.77594884895355,-23.842631963735073,3.7488967328932423,,1.1708392483476742,946
30,0.3,0.08,0.45,0.5,18,10,20000,599211.2583413502,579211.2583413502,2896.0562917067514,49.26411009270504,1.356492479175404,1.5847336246492287,-47.05886345779196,1.0468614512309888,31.874931028035036,508,400,108,78.74015748031496,2685.5262962391334,-4409.506529870821,22637.381271123442,-56516.15141038581,2.255670475232509,8.535433070866143,71,102,69.6078431372549,20.77594884895355,-23.842631963735073,3.7488967328932423,,1.176604766327098,886
30,0.3,0.08,0.45,0.5,20,10,20000,599211.2583413502,579211.2583413502,2896.0562917067514,49.26411009270504,1.356492479175404,1.5847336246492287,-47.05886345779196,1.0468614512309888,31.874931028035036,508,400,108,78.74015748031496,2685.5262962391334,-4409.506529870821,22637.381271123442,-56516.15141038581,2.255670475232509,8.535433070866143,71,102,69.6078431372549,20.77594884895355,-23.842631963735073,3.7488967328932423,,1.1708392483476742,946
30,0.3,0.08,0.45,0.5,18,10,20000,599211.2583413502,579211.2583413502,2896.0562917067514,49.26411009270504,1.356492479175404,1.5847336246492287,-47.05886345779196,1.0468614512309888,31.874931028035036,508,400,108,78.74015748031496,2685.5262962391334,-4409.506529870821,22637.381271123442,-56516.15141038581,2.255670475232509,8.535433070866143,71,102,69.6078431372549,20.77594884895355,-23.842631963735073,3.7488967328932423,,1.176604766327098,886
30,0.3,0.08,0.45,0.5,20,10,20000,599211.2583413502,579211.2583413502,2896.0562917067514,49.26411009270504,1.356492479175404,1.5847336246492287,-47.05886345779196,1.0468614512309888,31.874931028035036,508,400,108,78.74015748031496,2685.5262962391334,-4409.506529870821,22637.381271123442,-56516.15141038581,2.255670475232509,8.535433070866143,71,102,69.6078431372549,20.77594884895355,-23.842631963735073,3.7488967328932423,,1.1708392483476742,946
30,0.3,0.08,0.45,0.5,18,10,20000,599211.2583413502,579211.2583413502,2896.0562917067514,49.26411009270504,1.356492479175404,1.5847336246492287,-47.05886345779196,1.0468614512309888,31.874931028035036,508,400,108,78.74015748031496,2685.5262962391334,-4409.506529870821,22637.381271123442,-56516.15141038581,2.255670475232509,8.535433070866143,71,102,69.6078431372549,20.77594884895355,-23.842631963735073,3.7488967328932423,,1.176604766327098,886
30,0.3,0.08,0.45,0.5,20,10,20000,599211.2583413502,579211.2583413502,2896.0562917067514,49.26411009270504,1.356492479175404,1.5847336246492287,-47.05886345779196,1.0468614512309888,31.874931028035036,508,400,108,78.74015748031496,2685.5262962391334,-4409.506529870821,22637.381271123442,-56516.15141038581,2.255670475232509,8.535433070866143,71,102,69.6078431372549,20.77594884895355,-23.842631963735073,3.7488967328932423,,1.1708392483476742,946
30,0.3,0.08,0.45,0.5,18,10,20000,599211.2583413502,579211.2583413502,2896.0562917067514,49.26411009270504,1.356492479175404,1.5847336246492287,-47.05886345779196,1.0468614512309888,31.874931028035036,508,400,108,78.74015748031496,2685.5262962391334,-4409.506529870821,22637.381271123442,-56516.15141038581,2.255670475232509,8.535433070866143,71,102,69.6078431372549,20.77594884895355,-23.842631963735073,3.7488967328932423,,1.176604766327098,886
30,0.3,0.08,0.45,0.5,18,10,20000,599211.2583413502,579211.2583413502,2896.0562917067514,49.26411009270504,1.356492479175404,1.5847336246492287,-47.05886345779196,1.0468614512309888,31.874931028035036,508,400,108,78.74015748031496,2685.5262962391334,-4409.506529870821,22637.381271123442,-56516.15141038581,2.255670475232509,8.535433070866143,71,102,69.6078431372549,20.77594884895355,-23.842631963735073,3.7488967328932423,,1.176604766327098,886
30,0.3,0.08,0.45,0.5,20,10,20000,599211.2583413502,579211.2583413502,2896.0562917067514,49.26411009270504,1.356492479175404,1.5847336246492287,-47.05886345779196,1.0468614512309888,31.874931028035036,508,400,108,78.74015748031496,2685.5262962391334,-4409.506529870821,22637.381271123442,-56516.15141038581,2.255670475232509,8.535433070866143,71,102,69.6078431372549,20.77594884895355,-23.842631963735073,3.7488967328932423,,1.1708392483476742,946
30,0.3,0.08,0.45,0.5,18,10,20000,599211.2583413502,579211.2583413502,2896.0562917067514,49.26411009270504,1.356492479175404,1.5847336246492287,-47.05886345779196,1.0468614512309888,31.874931028035036,508,400,108,78.74015748031496,2685.5262962391334,-4409.506529870821,22637.381271123442,-56516.15141038581,2.255670475232509,8.535433070866143,71,102,69.6078431372549,20.77594884895355,-23.842631963735073,3.7488967328932423,,1.176604766327098,886
30,0.3,0.08,0.45,0.5,20,10,20000,599211.2583413502,579211.2583413502,2896.0562917067514,49.26411009270504,1.356492479175404,1.5847336246492287,-47.05886345779196,1.0468614512309888,31.874931028035036,508,400,108,78.74015748031496,2685.5262962391334,-4409.506529870821,22637.381271123442,-56516.15141038581,2.255670475232509,8.535433070866143,71,102,69.6078431372549,20.77594884895355,-23.842631963735073,3.7488967328932423,,1.1708392483476742,946
30,0.3,0.08,0.45,0.5,18,10,20000,599211.2583413502,579211.2583413502,2896.0562917067514,49.26411009270504,1.356492479175404,1.5847336246492287,-47.05886345779196,1.0468614512309888,31.874931028035036,508,400,108,78.74015748031496,2685.5262962391334,-4409.506529870821,22637.381271123442,-56516.15141038581,2.255670475232509,8.535433070866143,71,102,69.6078431372549,20.77594884895355,-23.842631963735073,3.7488967328932423,,1.176604766327098,886
30,0.3,0.08,0.45,0.5,18,10,20000,599211.2583413502,579211.2583413502,2896.0562917067514,49.26411009270504,1.356492479175404,1.5847336246492287,-47.05886345779196,1.0468614512309888,31.874931028035036,508,400,108,78.74015748031496,2685.5262962391334,-4409.506529870821,22637.381271123442,-56516.15141038581,2.255670475232509,8.535433070866143,71,102,69.6078431372549,20.77594884895355,-23.842631963735073,3.7488967328932423,,1.176604766327098,886
30,0.3,0.08,0.45,0.5,18,10,20000,599211.2583413502,579211.2583413502,2896.0562917067514,49.26411009270504,1.356492479175404,1.5847336246492287,-47.05886345779196,1.0468614512309888,31.874931028035036,508,400,108,78.74015748031496,2685.5262962391334,-4409.506529870821,22637.381271123442,-56516.15141038581,2.255670475232509,8.535433070866143,71,102,69.6078431372549,20.77594884895355,-23.842631963735073,3.7488967328932423,,1.176604766327098,886
30,0.3,0.08,0.45,0.5,20,10,20000,599211.2583413502,579211.2583413502,2896.0562917067514,49.26411009270504,1.356492479175404,1.5847336246492287,-47.05886345779196,1.0468614512309888,31.874931028035036,508,400,108,78.74015748031496,2685.5262962391334,-4409.506529870821,22637.381271123442,-56516.15141038581,2.255670475232509,8.535433070866143,71,102,69.6078431372549,20.77594884895355,-23.842631963735073,3.7488967328932423,,1.1708392483476742,946
30,0.3,0.08,0.45,0.5,18,10,20000,599211.2583413502,579211.2583413502,2896.0562917067514,49.26411009270504,1.356492479175404,1.5847336246492287,-47.05886345779196,1.0468614512309888,31.874931028035036,508,400,108,78.74015748031496,2685.5262962391334,-4409.506529870821,22637.381271123442,-56516.15141038581,2.255670475232509,8.535433070866143,71,102,69.6078431372549,20.77594884895355,-23.842631963735073,3.7488967328932423,,1.176604766327098,886
30,0.3,0.08,0.45,0.5,20,10,20000,599211.2583413502,579211.2583413502,2896.0562917067514,49.26411009270504,1.356492479175404,1.5847336246492287,-47.05886345779196,1.0468614512309888,31.874931028035036,508,400,108,78.74015748031496,2685.5262962391334,-4409.506529870821,22637.381271123442,-56516.15141038581,2.255670475232509,8.535433070866143,71,102,69.6078431372549,20.77594884895355,-23.842631963735073,3.7488967328932423,,1.1708392483476742,946
30,0.3,0.08,0.45,0.5,18,10,20000,599211.2583413502,579211.2583413502,2896.0562917067514,49.26411009270504,1.356492479175404,1.5847336246492287,-47.05886345779196,1.0468614512309888,31.874931028035036,508,400,108,78.74015748031496,2685.5262962391334,-4409.506529870821,22637.381271123442,-56516.15141038581,2.255670475232509,8.535433070866143,71,102,69.6078431372549,20.77594884895355,-23.842631963735073,3.7488967328932423,,1.176604766327098,886
30,0.3,0.08,0.45,0.5,20,10,20000,599211.2583413502,579211.2583413502,2896.0562917067514,49.26411009270504,1.356492479175404,1.5847336246492287,-47.05886345779196,1.0468614512309888,31.874931028035036,508,400,108,78.74015748031496,2685.5262962391334,-4409.506529870821,22637.381271123442,-56516.15141038581,2.255670475232509,8.535433070866143,71,102,69.6078431372549,20.77594884895355,-23.842631963735073,3.7488967328932423,,1.1708392483476742,946
30,0.3,0.08,0.45,0.5,18,10,20000,599211.2583413502,579211.2583413502,2896.0562917067514,49.26411009270504,1.356492479175404,1.5847336246492287,-47.05886345779196,1.0468614512309888,31.874931028035036,508,400,108,78.74015748031496,2685.5262962391334,-4409.506529870821,22637.381271123442,-56516.15141038581,2.255670475232509,8.535433070866143,71,102,69.6078431372549,20.77594884895355,-23.842631963735073,3.7488967328932423,,1.176604766327098,886
30,0.3,0.08,0.45,0.5,18,10,20000,599211.2583413502,579211.2583413502,2896.0562917067514,49.26411009270504,1.356492479175404,1.5847336246492287,-47.05886345779196,1.0468614512309888,31.874931028035036,508,400,108,78.74015748031496,2685.5262962391334,-4409.506529870821,22637.381271123442,-56516.15141038581,2.255670475232509,8.535433070866143,71,102,69.6078431372549,20.77594884895355,-23.842631963735073,3.7488967328932423,,1.176604766327098,886
30,0.3,0.08,0.45,0.5,20,10,20000,599211.2583413502,579211.2583413502,2896.0562917067514,49.26411009270504,1.356492479175404,1.5847336246492287,-47.05886345779196,1.0468614512309888,31.874931028035036,508,400,108,78.74015748031496,2685.5262962391334,-4409.506529870821,22637.381271123442,-56516.15141038581,2.255670475232509,8.535433070866143,71,102,69.6078431372549,20.77594884895355,-23.842631963735073,3.7488967328932423,,1.1708392483476742,946
30,0.3,0.08,0.45,0.5,18,10,20000,599211.2583413502,579211.2583413502,2896.0562917067514,49.26411009270504,1.356492479175404,1.5847336246492287,-47.05886345779196,1.0468614512309888,31.874931028035036,508,400,108,78.74015748031496,2685.5262962391334,-4409.506529870821,22637.381271123442,-56516.15141038581,2.255670475232509,8.535433070866143,71,102,69.6078431372549,20.77594884895355,-23.842631963735073,3.7488967328932423,,1.176604766327098,886
30,0.3,0.08,0.45,0.5,20,10,20000,599211.2583413502,579211.2583413502,2896.0562917067514,49.26411009270504,1.356492479175404,1.5847336246492287,-47.05886345779196,1.0468614512309888,31.874931028035036,508,400,108,78.74015748031496,2685.5262962391334,-4409.506529870821,22637.381271123442,-56516.15141038581,2.255670475232509,8.535433070866143,71,102,69.6078431372549,20.77594884895355,-23.842631963735073,3.7488967328932423,,1.1708392483476742,946
30,0.3,0.08,0.45,0.5,18,10,20000,599211.2583413502,579211.2583413502,2896.0562917067514,49.26411009270504,1.356492479175404,1.5847336246492287,-47.05886345779196,1.0468614512309888,31.874931028035036,508,400,108,78.74015748031496,2685.5262962391334,-4409.506529870821,22637.381271123442,-56516.15141038581,2.255670475232509,8.535433070866143,71,102,69.6078431372549,20.77594884895355,-23.842631963735073,3.7488967328932423,,1.176604766327098,886
30,0.3,0.08,0.45,0.5,20,10,20000,599211.2583413502,579211.2583413502,2896.0562917067514,49.26411009270504,1.356492479175404,1.5847336246492287,-47.05886345779196,1.0468614512309888,31.874931028035036,508,400,108,78.74015748031496,2685.5262962391334,-4409.506529870821,22637.381271123442,-56516.15141038581,2.255670475232509,8.535433070866143,71,102,69.6078431372549,20.77594884895355,-23.842631963735073,3.7488967328932423,,1.1708392483476742,946
30,0.3,0.08,0.45,0.5,18,10,20000,599211.2583413502,579211.2583413502,2896.0562917067514,49.26411009270504,1.356492479175404,1.5847336246492287,-47.05886345779196,1.0468614512309888,31.874931028035036,508,400,108,78.74015748031496,2685.5262962391334,-4409.506529870821,22637.381271123442,-56516.15141038581,2.255670475232509,8.535433070866143,71,102,69.6078431372549,20.77594884895355,-23.842631963735073,3.7488967328932423,,1.176604766327098,886
30,0.3,0.08,0.45,0.5,20,10,20000,599211.2583413502,579211.2583413502,2896.0562917067514,49.26411009270504,1.356492479175404,1.5847336246492287,-47.05886345779196,1.0468614512309888,31.874931028035036,508,400,108,78.74015748031496,2685.5262962391334,-4409.506529870821,22637.381271123442,-56516.15141038581,2.255670475232509,8.535433070866143,71,102,69.6078431372549,20.77594884895355,-23.842631963735073,3.7488967328932423,,1.1708392483476742,946
30,0.3,0.08,0.45,0.5,18,10,20000,599211.2583413502,579211.2583413502,2896.0562917067514,49.26411009270504,1.356492479175404,1.5847336246492287,-47.05886345779196,1.0468614512309888,31.874931028035036,508,400,108,78.74015748031496,2685.5262962391334,-4409.506529870821,22637.381271123442,-56516.15141038581,2.255670475232509,8.535433070866143,71,102,69.6078431372549,20.77594884895355,-23.842631963735073,3.7488967328932423,,1.176604766327098,886
30,0.3,0.08,0.45,0.5,18,10,20000,599211.2583413502,579211.2583413502,2896.0562917067514,49.26411009270504,1.356492479175404,1.5847336246492287,-47.05886345779196,1.0468614512309888,31.874931028035036,508,400,108,78.74015748031496,2685.5262962391334,-4409.506529870821,22637.381271123442,-56516.15141038581,2.255670475232509,8.535433070866143,71,102,69.6078431372549,20.77594884895355,-23.842631963735073,3.7488967328932423,,1.176604766327098,886
30,0.3,0.08,0.45,0.5,20,10,20000,599211.2583413502,579211.2583413502,2896.0562917067514,49.26411009270504,1.356492479175404,1.5847336246492287,-47.05886345779196,1.0468614512309888,31.874931028035036,508,400,108,78.74015748031496,2685.5262962391334,-4409.506529870821,22637.381271123442,-56516.15141038581,2.255670475232509,8.535433070866143,71,102,69.6078431372549,20.77594884895355,-23.842631963735073,3.7488967328932423,,1.1708392483476742,946
30,0.3,0.08,0.45,0.5,18,10,20000,599211.2583413502,579211.2583413502,2896.0562917067514,49.26411009270504,1.356492479175404,1.5847336246492287,-47.05886345779196,1.0468614512309888,31.874931028035036,508,400,108,78.74015748031496,2685.5262962391334,-4409.506529870821,22637.381271123442,-56516.15141038581,2.255670475232509,8.535433070866143,71,102,69.6078431372549,20.77594884895355,-23.842631963735073,3.7488967328932423,,1.176604766327098,886
30,0.3,0.08,0.45,0.5,20,10,20000,599211.2583413502,579211.2583413502,2896.0562917067514,49.26411009270504,1.356492479175404,1.5847336246492287,-47.05886345779196,1.0468614512309888,31.874931028035036,508,400,108,78.74015748031496,2685.5262962391334,-4409.506529870821,22637.381271123442,-56516.15141038581,2.255670475232509,8.535433070866143,71,102,69.6078431372549,20.77594884895355,-23.842631963735073,3.7488967328932423,,1.1708392483476742,946
30,0.3,0.08,0.45,0.5,18,10,20000,599211.2583413502,579211.2583413502,2896.0562917067514,49.26411009270504,1.356492479175404,1.5847336246492287,-47.05886345779196,1.0468614512309888,31.874931028035036,508,400,108,78.74015748031496,2685.5262962391334,-4409.506529870821,22637.381271123442,-56516.15141038581,2.255670475232509,8.535433070866143,71,102,69.6078431372549,20.77594884895355,-23.842631963735073,3.7488967328932423,,1.176604766327098,886
30,0.3,0.08,0.45,0.5,20,10,20000,599211.2583413502,579211.2583413502,2896.0562917067514,49.26411009270504,1.356492479175404,1.5847336246492287,-47.05886345779196,1.0468614512309888,31.874931028035036,508,400,108,78.74015748031496,2685.5262962391334,-4409.506529870821,22637.381271123442,-56516.15141038581,2.255670475232509,8.535433070866143,71,102,69.6078431372549,20.77594884895355,-23.842631963735073,3.7488967328932423,,1.1708392483476742,946
30,0.3,0.08,0.45,0.5,18,10,20000,599211.2583413502,579211.2583413502,2896.0562917067514,49.26411009270504,1.356492479175404,1.5847336246492287,-47.05886345779196,1.0468614512309888,31.874931028035036,508,400,108,78.74015748031496,2685.5262962391334,-4409.506529870821,22637.381271123442,-56516.15141038581,2.255670475232509,8.535433070866143,71,102,69.6078431372549,20.77594884895355,-23.842631963735073,3.7488967328932423,,1.176604766327098,886
30,0.3,0.08,0.45,0.5,18,10,20000,599211.2583413502,579211.2583413502,2896.0562917067514,49.26411009270504,1.356492479175404,1.5847336246492287,-47.05886345779196,1.0468614512309888,31.874931028035036,508,400,108,78.74015748031496,2685.5262962391334,-4409.506529870821,22637.381271123442,-56516.15141038581,2.255670475232509,8.535433070866143,71,102,69.6078431372549,20.77594884895355,-23.842631963735073,3.7488967328932423,,1.176604766327098,886
30,0.3,0.08,0.45,0.5,20,10,20000,599211.2583413502,579211.2583413502,2896.0562917067514,49.26411009270504,1.356492479175404,1.5847336246492287,-47.05886345779196,1.0468614512309888,31.874931028035036,508,400,108,78.74015748031496,2685.5262962391334,-4409.506529870821,22637.381271123442,-56516.15141038581,2.255670475232509,8.535433070866143,71,102,69.6078431372549,20.77594884895355,-23.842631963735073,3.7488967328932423,,1.1708392483476742,946
30,0.3,0.08,0.45,0.5,18,10,20000,599211.2583413502,579211.2583413502,2896.0562917067514,49.26411009270504,1.356492479175404,1.5847336246492287,-47.05886345779196,1.0468614512309888,31.874931028035036,508,400,108,78.74015748031496,2685.5262962391334,-4409.506529870821,22637.381271123442,-56516.15141038581,2.255670475232509,8.535433070866143,71,102,69.6078431372549,20.77594884895355,-23.842631963735073,3.7488967328932423,,1.176604766327098,886
30,0.3,0.08,0.45,0.5,20,10,20000,599211.2583413502,579211.2583413502,2896.0562917067514,49.26411009270504,1.356492479175404,1.5847336246492287,-47.05886345779196,1.0468614512309888,31.874931028035036,508,400,108,78.74015748031496,2685.5262962391334,-4409.506529870821,22637.381271123442,-56516.15141038581,2.255670475232509,8.535433070866143,71,102,69.6078431372549,20.77594884895355,-23.842631963735073,3.7488967328932423,,1.1708392483476742,946
30,0.3,0.08,0.45,0.5,18,10,20000,599211.2583413502,579211.2583413502,2896.0562917067514,49.26411009270504,1.356492479175404,1.5847336246492287,-47.05886345779196,1.0468614512309888,31.874931028035036,508,400,108,78.74015748031496,2685.5262962391334,-4409.506529870821,22637.381271123442,-56516.15141038581,2.255670475232509,8.535433070866143,71,102,69.6078431372549,20.77594884895355,-23.842631963735073,3.7488967328932423,,1.176604766327098,886
30,0.3,0.08,0.45,0.5,18,10,20000,599211.2583413502,579211.2583413502,2896.0562917067514,49.26411009270504,1.356492479175404,1.5847336246492287,-47.05886345779196,1.0468614512309888,31.874931028035036,508,400,108,78.74015748031496,2685.5262962391334,-4409.506529870821,22637.381271123442,-56516.15141038581,2.255670475232509,8.535433070866143,71,102,69.6078431372549,20.77594884895355,-23.842631963735073,3.7488967328932423,,1.176604766327098,886
30,0.3,0.08,0.45,0.5,20,10,20000,599211.2583413502,579211.2583413502,2896.0562917067514,49.26411009270504,1.356492479175404,1.5847336246492287,-47.05886345779196,1.0468614512309888,31.874931028035036,508,400,108,78.74015748031496,2685.5262962391334,-4409.506529870821,22637.381271123442,-56516.15141038581,2.255670475232509,8.535433070866143,71,102,69.6078431372549,20.77594884895355,-23.842631963735073,3.7488967328932423,,1.1708392483476742,946
30,0.3,0.08,0.45,0.5,18,10,20000,599211.2583413502,579211.2583413502,2896.0562917067514,49.26411009270504,1.356492479175404,1.5847336246492287,-47.05886345779196,1.0468614512309888,31.874931028035036,508,400,108,78.74015748031496,2685.5262962391334,-4409.506529870821,22637.381271123442,-56516.15141038581,2.255670475232509,8.535433070866143,71,102,69.6078431372549,20.77594884895355,-23.842631963735073,3.7488967328932423,,1.176604766327098,886
30,0.3,0.08,0.45,0.5,20,10,20000,599211.2583413502,579211.2583413502,2896.0562917067514,49.26411009270504,1.356492479175404,1.5847336246492287,-47.05886345779196,1.0468614512309888,31.874931028035036,508,400,108,78.74015748031496,2685.5262962391334,-4409.506529870821,22637.381271123442,-56516.15141038581,2.255670475232509,8.535433070866143,71,102,69.6078431372549,20.77594884895355,-23.842631963735073,3.7488967328932423,,1.1708392483476742,946
30,0.3,0.08,0.45,0.5,18,10,20000,599211.2583413502,579211.2583413502,2896.0562917067514,49.26411009270504,1.356492479175404,1.5847336246492287,-47.05886345779196,1.0468614512309888,31.874931028035036,508,400,108,78.74015748031496,2685.5262962391334,-4409.506529870821,22637.381271123442,-56516.15141038581,2.255670475232509,8.535433070866143,71,102,69.6078431372549,20.77594884895355,-23.842631963735073,3.7488967328932423,,1.176604766327098,886
30,0.3,0.08,0.45,0.5,20,10,20000,599211.2583413502,579211.2583413502,2896.0562917067514,49.26411009270504,1.356492479175404,1.5847336246492287,-47.05886345779196,1.0468614512309888,31.874931028035036,508,400,108,78.74015748031496,2685.5262962391334,-4409.506529870821,22637.381271123442,-56516.15141038581,2.255670475232509,8.535433070866143,71,102,69.6078431372549,20.77594884895355,-23.842631963735073,3.7488967328932423,,1.1708392483476742,946
30,0.3,0.08,0.45,0.5,18,10,20000,599211.2583413502,579211.2583413502,2896.0562917067514,49.26411009270504,1.356492479175404,1.5847336246492287,-47.05886345779196,1.0468614512309888,31.874931028035036,508,400,108,78.74015748031496,2685.5262962391334,-4409.506529870821,22637.381271123442,-56516.15141038581,2.255670475232509,8.535433070866143,71,102,69.6078431372549,20.77594884895355,-23.842631963735073,3.7488967328932423,,1.176604766327098,886
30,0.3,0.08,0.45,0.5,18,10,20000,599211.2583413502,579211.2583413502,2896.0562917067514,49.26411009270504,1.356492479175404,1.5847336246492287,-47.05886345779196,1.0468614512309888,31.874931028035036,508,400,108,78.74015748031496,2685.5262962391334,-4409.506529870821,22637.381271123442,-56516.15141038581,2.255670475232509,8.535433070866143,71,102,69.6078431372549,20.77594884895355,-23.842631963735073,3.7488967328932423,,1.176604766327098,886
30,0.3,0.08,0.45,0.5,18,10,20000,599211.2583413502,579211.2583413502,2896.0562917067514,49.26411009270504,1.356492479175404,1.5847336246492287,-47.05886345779196,1.0468614512309888,31.874931028035036,508,400,108,78.74015748031496,2685.5262962391334,-4409.506529870821,22637.381271123442,-56516.15141038581,2.255670475232509,8.535433070866143,71,102,69.6078431372549,20.77594884895355,-23.842631963735073,3.7488967328932423,,1.176604766327098,886
30,0.3,0.08,0.45,0.5,20,10,20000,599211.2583413502,579211.2583413502,2896.0562917067514,49.26411009270504,1.356492479175404,1.5847336246492287,-47.05886345779196,1.0468614512309888,31.874931028035036,508,400,108,78.74015748031496,2685.5262962391334,-4409.506529870821,22637.381271123442,-56516.15141038581,2.255670475232509,8.535433070866143,71,102,69.6078431372549,20.77594884895355,-23.842631963735073,3.7488967328932423,,1.1708392483476742,946
30,0.3,0.08,0.45,0.5,20,10,20000,599211.2583413502,579211.2583413502,2896.0562917067514,49.26411009270504,1.356492479175404,1.5847336246492287,-47.05886345779196,1.0468614512309888,31.874931028035036,508,400,108,78.74015748031496,2685.5262962391334,-4409.506529870821,22637.381271123442,-56516.15141038581,2.255670475232509,8.535433070866143,71,102,69.6078431372549,20.77594884895355,-23.842631963735073,3.7488967328932423,,1.1708392483476742,946
30,0.3,0.08,0.45,0.5,18,10,20000,599211.2583413502,579211.2583413502,2896.0562917067514,49.26411009270504,1.356492479175404,1.5847336246492287,-47.05886345779196,1.0468614512309888,31.874931028035036,508,400,108,78.74015748031496,2685.5262962391334,-4409.506529870821,22637.381271123442,-56516.15141038581,2.255670475232509,8.535433070866143,71,102,69.6078431372549,20.77594884895355,-23.842631963735073,3.7488967328932423,,1.176604766327098,886
30,0.3,0.08,0.45,0.5,20,10,20000,599211.2583413502,579211.2583413502,2896.0562917067514,49.26411009270504,1.356492479175404,1.5847336246492287,-47.05886345779196,1.0468614512309888,31.874931028035036,508,400,108,78.74015748031496,2685.5262962391334,-4409.506529870821,22637.381271123442,-56516.15141038581,2.255670475232509,8.535433070866143,71,102,69.6078431372549,20.77594884895355,-23.842631963735073,3.7488967328932423,,1.1708392483476742,946
30,0.3,0.08,0.45,0.5,18,10,20000,599211.2583413502,579211.2583413502,2896.0562917067514,49.26411009270504,1.356492479175404,1.5847336246492287,-47.05886345779196,1.0468614512309888,31.874931028035036,508,400,108,78.74015748031496,2685.5262962391334,-4409.506529870821,22637.381271123442,-56516.15141038581,2.255670475232509,8.535433070866143,71,102,69.6078431372549,20.77594884895355,-23.842631963735073,3.7488967328932423,,1.176604766327098,886
30,0.3,0.08,0.45,0.5,18,10,20000,599211.2583413502,579211.2583413502,2896.0562917067514,49.26411009270504,1.356492479175404,1.5847336246492287,-47.05886345779196,1.0468614512309888,31.874931028035036,508,400,108,78.74015748031496,2685.5262962391334,-4409.506529870821,22637.381271123442,-56516.15141038581,2.255670475232509,8.535433070866143,71,102,69.6078431372549,20.77594884895355,-23.842631963735073,3.7488967328932423,,1.176604766327098,886
30,0.3,0.08,0.45,0.5,20,10,20000,599211.2583413502,579211.2583413502,2896.0562917067514,49.26411009270504,1.356492479175404,1.5847336246492287,-47.05886345779196,1.0468614512309888,31.874931028035036,508,400,108,78.74015748031496,2685.5262962391334,-4409.506529870821,22637.381271123442,-56516.15141038581,2.255670475232509,8.535433070866143,71,102,69.6078431372549,20.77594884895355,-23.842631963735073,3.7488967328932423,,1.1708392483476742,946
30,0.3,0.08,0.45,0.5,20,10,20000,599211.2583413502,579211.2583413502,2896.0562917067514,49.26411009270504,1.356492479175404,1.5847336246492287,-47.05886345779196,1.0468614512309888,31.874931028035036,508,400,108,78.74015748031496,2685.5262962391334,-4409.506529870821,22637.381271123442,-56516.15141038581,2.255670475232509,8.535433070866143,71,102,69.6078431372549,20.77594884895355,-23.842631963735073,3.7488967328932423,,1.1708392483476742,946
30,0.3,0.08,0.45,0.5,18,10,20000,599211.2583413502,579211.2583413502,2896.0562917067514,49.26411009270504,1.356492479175404,1.5847336246492287,-47.05886345779196,1.0468614512309888,31.874931028035036,508,400,108,78.74015748031496,2685.5262962391334,-4409.506529870821,22637.381271123442,-56516.15141038581,2.255670475232509,8.535433070866143,71,102,69.6078431372549,20.77594884895355,-23.842631963735073,3.7488967328932423,,1.176604766327098,886
30,0.3,0.08,0.45,0.5,18,10,20000,599211.2583413502,579211.2583413502,2896.0562917067514,49.26411009270504,1.356492479175404,1.5847336246492287,-47.05886345779196,1.0468614512309888,31.874931028035036,508,400,108,78.74015748031496,2685.5262962391334,-4409.506529870821,22637.381271123442,-56516.15141038581,2.255670475232509,8.535433070866143,71,102,69.6078431372549,20.77594884895355,-23.842631963735073,3.7488967328932423,,1.176604766327098,886
30,0.3,0.08,0.45,0.5,18,10,20000,599211.2583413502,579211.2583413502,2896.0562917067514,49.26411009270504,1.356492479175404,1.5847336246492287,-47.05886345779196,1.0468614512309888,31.874931028035036,508,400,108,78.74015748031496,2685.5262962391334,-4409.506529870821,22637.381271123442,-56516.15141038581,2.255670475232509,8.535433070866143,71,102,69.6078431372549,20.77594884895355,-23.842631963735073,3.7488967328932423,,1.176604766327098,886
30,0.3,0.08,0.45,0.5,20,10,20000,599211.2583413502,579211.2583413502,2896.0562917067514,49.26411009270504,1.356492479175404,1.5847336246492287,-47.05886345779196,1.0468614512309888,31.874931028035036,508,400,108,78.74015748031496,2685.5262962391334,-4409.506529870821,22637.381271123442,-56516.15141038581,2.255670475232509,8.535433070866143,71,102,69.6078431372549,20.77594884895355,-23.842631963735073,3.7488967328932423,,1.1708392483476742,946
30,0.3,0.08,0.45,0.5,20,10,20000,599211.2583413502,579211.2583413502,2896.0562917067514,49.26411009270504,1.356492479175404,1.5847336246492287,-47.05886345779196,1.0468614512309888,31.874931028035036,508,400,108,78.74015748031496,2685.5262962391334,-4409.506529870821,22637.381271123442,-56516.15141038581,2.255670475232509,8.535433070866143,71,102,69.6078431372549,20.77594884895355,-23.842631963735073,3.7488967328932423,,1.1708392483476742,946
30,0.3,0.08,0.45,0.5,18,10,20000,599211.2583413502,579211.2583413502,2896.0562917067514,49.26411009270504,1.356492479175404,1.5847336246492287,-47.05886345779196,1.0468614512309888,31.874931028035036,508,400,108,78.74015748031496,2685.5262962391334,-4409.506529870821,22637.381271123442,-56516.15141038581,2.255670475232509,8.535433070866143,71,102,69.6078431372549,20.77594884895355,-23.842631963735073,3.7488967328932423,,1.176604766327098,886
30,0.3,0.08,0.45,0.5,18,10,20000,599211.2583413502,579211.2583413502,2896.0562917067514,49.26411009270504,1.356492479175404,1.5847336246492287,-47.05886345779196,1.0468614512309888,31.874931028035036,508,400,108,78.74015748031496,2685.5262962391334,-4409.506529870821,22637.381271123442,-56516.15141038581,2.255670475232509,8.535433070866143,71,102,69.6078431372549,20.77594884895355,-23.842631963735073,3.7488967328932423,,1.176604766327098,886
30,0.3,0.08,0.45,0.5,20,10,20000,599211.2583413502,579211.2583413502,2896.0562917067514,49.26411009270504,1.356492479175404,1.5847336246492287,-47.05886345779196,1.0468614512309888,31.874931028035036,508,400,108,78.74015748031496,2685.5262962391334,-4409.506529870821,22637.381271123442,-56516.15141038581,2.255670475232509,8.535433070866143,71,102,69.6078431372549,20.77594884895355,-23.842631963735073,3.7488967328932423,,1.1708392483476742,946
30,0.3,0.08,0.45,0.5,18,10,20000,599211.2583413502,579211.2583413502,2896.0562917067514,49.26411009270504,1.356492479175404,1.5847336246492287,-47.05886345779196,1.0468614512309888,31.874931028035036,508,400,108,78.74015748031496,2685.5262962391334,-4409.506529870821,22637.381271123442,-56516.15141038581,2.255670475232509,8.535433070866143,71,102,69.6078431372549,20.77594884895355,-23.842631963735073,3.7488967328932423,,1.176604766327098,886
30,0.3,0.08,0.45,0.5,20,10,20000,599211.2583413502,579211.2583413502,2896.0562917067514,49.26411009270504,1.356492479175404,1.5847336246492287,-47.05886345779196,1.0468614512309888,31.874931028035036,508,400,108,78.74015748031496,2685.5262962391334,-4409.506529870821,22637.381271123442,-56516.15141038581,2.255670475232509,8.535433070866143,71,102,69.6078431372549,20.77594884895355,-23.842631963735073,3.7488967328932423,,1.1708392483476742,946
30,0.3,0.08,0.45,0.5,20,10,20000,599211.2583413502,579211.2583413502,2896.0562917067514,49.26411009270504,1.356492479175404,1.5847336246492287,-47.05886345779196,1.0468614512309888,31.874931028035036,508,400,108,78.74015748031496,2685.5262962391334,-4409.506529870821,22637.381271123442,-56516.15141038581,2.255670475232509,8.535433070866143,71,102,69.6078431372549,20.77594884895355,-23.842631963735073,3.7488967328932423,,1.1708392483476742,946
30,0.3,0.08,0.45,0.5,18,10,20000,599211.2583413502,579211.2583413502,2896.0562917067514,49.26411009270504,1.356492479175404,1.5847336246492287,-47.05886345779196,1.0468614512309888,31.874931028035036,508,400,108,78.74015748031496,2685.5262962391334,-4409.506529870821,22637.381271123442,-56516.15141038581,2.255670475232509,8.535433070866143,71,102,69.6078431372549,20.77594884895355,-23.842631963735073,3.7488967328932423,,1.176604766327098,886
30,0.3,0.08,0.45,0.5,18,10,20000,599211.2583413502,579211.2583413502,2896.0562917067514,49.26411009270504,1.356492479175404,1.5847336246492287,-47.05886345779196,1.0468614512309888,31.874931028035036,508,400,108,78.74015748031496,2685.5262962391334,-4409.506529870821,22637.381271123442,-56516.15141038581,2.255670475232509,8.535433070866143,71,102,69.6078431372549,20.77594884895355,-23.842631963735073,3.7488967328932423,,1.176604766327098,886
30,0.3,0.08,0.45,0.5,20,10,20000,599211.2583413502,579211.2583413502,2896.0562917067514,49.26411009270504,1.356492479175404,1.5847336246492287,-47.05886345779196,1.0468614512309888,31.874931028035036,508,400,108,78.74015748031496,2685.5262962391334,-4409.506529870821,22637.381271123442,-56516.15141038581,2.255670475232509,8.535433070866143,71,102,69.6078431372549,20.77594884895355,-23.842631963735073,3.7488967328932423,,1.1708392483476742,946
30,0.3,0.08,0.45,0.5,20,10,20000,599211.2583413502,579211.2583413502,2896.0562917067514,49.26411009270504,1.356492479175404,1.5847336246492287,-47.05886345779196,1.0468614512309888,31.874931028035036,508,400,108,78.74015748031496,2685.5262962391334,-4409.506529870821,22637.381271123442,-56516.15141038581,2.255670475232509,8.535433070866143,71,102,69.6078431372549,20.77594884895355,-23.842631963735073,3.7488967328932423,,1.1708392483476742,946
30,0.3,0.08,0.45,0.5,20,10,20000,599211.2583413502,579211.2583413502,2896.0562917067514,49.26411009270504,1.356492479175404,1.5847336246492287,-47.05886345779196,1.0468614512309888,31.874931028035036,508,400,108,78.74015748031496,2685.5262962391334,-4409.506529870821,22637.381271123442,-56516.15141038581,2.255670475232509,8.535433070866143,71,102,69.6078431372549,20.77594884895355,-23.842631963735073,3.7488967328932423,,1.1708392483476742,946
30,0.3,0.08,0.45,0.5,18,10,20000,599211.2583413502,579211.2583413502,2896.0562917067514,49.26411009270504,1.356492479175404,1.5847336246492287,-47.05886345779196,1.0468614512309888,31.874931028035036,508,400,108,78.74015748031496,2685.5262962391334,-4409.506529870821,22637.381271123442,-56516.15141038581,2.255670475232509,8.535433070866143,71,102,69.6078431372549,20.77594884895355,-23.842631963735073,3.7488967328932423,,1.176604766327098,886
30,0.3,0.08,0.45,0.5,18,10,20000,599211.2583413502,579211.2583413502,2896.0562917067514,49.26411009270504,1.356492479175404,1.5847336246492287,-47.05886345779196,1.0468614512309888,31.874931028035036,508,400,108,78.74015748031496,2685.5262962391334,-4409.506529870821,22637.381271123442,-56516.15141038581,2.255670475232509,8.535433070866143,71,102,69.6078431372549,20.77594884895355,-23.842631963735073,3.7488967328932423,,1.176604766327098,886
30,0.3,0.08,0.45,0.5,20,10,20000,599211.2583413502,579211.2583413502,2896.0562917067514,49.26411009270504,1.356492479175404,1.5847336246492287,-47.05886345779196,1.0468614512309888,31.874931028035036,508,400,108,78.74015748031496,2685.5262962391334,-4409.506529870821,22637.381271123442,-56516.15141038581,2.255670475232509,8.535433070866143,71,102,69.6078431372549,20.77594884895355,-23.842631963735073,3.7488967328932423,,1.1708392483476742,946
30,0.3,0.08,0.45,0.5,18,10,20000,599211.2583413502,579211.2583413502,2896.0562917067514,49.26411009270504,1.356492479175404,1.5847336246492287,-47.05886345779196,1.0468614512309888,31.874931028035036,508,400,108,78.74015748031496,2685.5262962391334,-4409.506529870821,22637.381271123442,-56516.15141038581,2.255670475232509,8.535433070866143,71,102,69.6078431372549,20.77594884895355,-23.842631963735073,3.7488967328932423,,1.176604766327098,886
30,0.3,0.08,0.45,0.5,18,10,20000,599211.2583413502,579211.2583413502,2896.0562917067514,49.26411009270504,1.356492479175404,1.5847336246492287,-47.05886345779196,1.0468614512309888,31.874931028035036,508,400,108,78.74015748031496,2685.5262962391334,-4409.506529870821,22637.381271123442,-56516.15141038581,2.255670475232509,8.535433070866143,71,102,69.6078431372549,20.77594884895355,-23.842631963735073,3.7488967328932423,,1.176604766327098,886
30,0.3,0.08,0.45,0.5,20,10,20000,599211.2583413502,579211.2583413502,2896.0562917067514,49.26411009270504,1.356492479175404,1.5847336246492287,-47.05886345779196,1.0468614512309888,31.874931028035036,508,400,108,78.74015748031496,2685.5262962391334,-4409.506529870821,22637.381271123442,-56516.15141038581,2.255670475232509,8.535433070866143,71,102,69.6078431372549,20.77594884895355,-23.842631963735073,3.7488967328932423,,1.1708392483476742,946
30,0.3,0.08,0.45,0.5,18,10,20000,599211.2583413502,579211.2583413502,2896.0562917067514,49.26411009270504,1.356492479175404,1.5847336246492287,-47.05886345779196,1.0468614512309888,31.874931028035036,508,400,108,78.74015748031496,2685.5262962391334,-4409.506529870821,22637.381271123442,-56516.15141038581,2.255670475232509,8.535433070866143,71,102,69.6078431372549,20.77594884895355,-23.842631963735073,3.7488967328932423,,1.176604766327098,886
30,0.3,0.08,0.45,0.5,20,10,20000,599211.2583413502,579211.2583413502,2896.0562917067514,49.26411009270504,1.356492479175404,1.5847336246492287,-47.05886345779196,1.0468614512309888,31.874931028035036,508,400,108,78.74015748031496,2685.5262962391334,-4409.506529870821,22637.381271123442,-56516.15141038581,2.255670475232509,8.535433070866143,71,102,69.6078431372549,20.77594884895355,-23.842631963735073,3.7488967328932423,,1.1708392483476742,946
30,0.3,0.08,0.45,0.5,18,10,20000,599211.2583413502,579211.2583413502,2896.0562917067514,49.26411009270504,1.356492479175404,1.5847336246492287,-47.05886345779196,1.0468614512309888,31.874931028035036,508,400,108,78.74015748031496,2685.5262962391334,-4409.506529870821,22637.381271123442,-56516.15141038581,2.255670475232509,8.535433070866143,71,102,69.6078431372549,20.77594884895355,-23.842631963735073,3.7488967328932423,,1.176604766327098,886
30,0.3,0.08,0.45,0.5,20,10,20000,599211.2583413502,579211.2583413502,2896.0562917067514,49.26411009270504,1.356492479175404,1.5847336246492287,-47.05886345779196,1.0468614512309888,31.874931028035036,508,400,108,78.74015748031496,2685.5262962391334,-4409.506529870821,22637.381271123442,-56516.15141038581,2.255670475232509,8.535433070866143,71,102,69.6078431372549,20.77594884895355,-23.842631963735073,3.7488967328932423,,1.1708392483476742,946
30,0.3,0.08,0.45,0.5,18,10,20000,599211.2583413502,579211.2583413502,2896.0562917067514,49.26411009270504,1.356492479175404,1.5847336246492287,-47.05886345779196,1.0468614512309888,31.874931028035036,508,400,108,78.74015748031496,2685.5262962391334,-4409.506529870821,22637.381271123442,-56516.15141038581,2.255670475232509,8.535433070866143,71,102,69.6078431372549,20.77594884895355,-23.842631963735073,3.7488967328932423,,1.176604766327098,886
30,0.3,0.08,0.45,0.5,20,10,20000,599211.2583413502,579211.2583413502,2896.0562917067514,49.26411009270504,1.356492479175404,1.5847336246492287,-47.05886345779196,1.0468614512309888,31.874931028035036,508,400,108,78.74015748031496,2685.5262962391334,-4409.506529870821,22637.381271123442,-56516.15141038581,2.255670475232509,8.535433070866143,71,102,69.6078431372549,20.77594884895355,-23.842631963735073,3.7488967328932423,,1.1708392483476742,946
30,0.3,0.08,0.45,0.5,18,10,20000,599211.2583413502,579211.2583413502,2896.0562917067514,49.26411009270504,1.356492479175404,1.5847336246492287,-47.05886345779196,1.0468614512309888,31.874931028035036,508,400,108,78.74015748031496,2685.5262962391334,-4409.506529870821,22637.381271123442,-56516.15141038581,2.255670475232509,8.535433070866143,71,102,69.6078431372549,20.77594884895355,-23.842631963735073,3.7488967328932423,,1.176604766327098,886
30,0.3,0.08,0.45,0.5,18,10,20000,599211.2583413502,579211.2583413502,2896.0562917067514,49.26411009270504,1.356492479175404,1.5847336246492287,-47.05886345779196,1.0468614512309888,31.874931028035036,508,400,108,78.74015748031496,2685.5262962391334,-4409.506529870821,22637.381271123442,-56516.15141038581,2.255670475232509,8.535433070866143,71,102,69.6078431372549,20.77594884895355,-23.842631963735073,3.7488967328932423,,1.176604766327098,886
30,0.3,0.08,0.45,0.5,20,10,20000,599211.2583413502,579211.2583413502,2896.0562917067514,49.26411009270504,1.356492479175404,1.5847336246492287,-47.05886345779196,1.0468614512309888,31.874931028035036,508,400,108,78.74015748031496,2685.5262962391334,-4409.506529870821,22637.381271123442,-56516.15141038581,2.255670475232509,8.535433070866143,71,102,69.6078431372549,20.77594884895355,-23.842631963735073,3.7488967328932423,,1.1708392483476742,946
30,0.3,0.08,0.45,0.5,18,10,20000,599211.2583413502,579211.2583413502,2896.0562917067514,49.26411009270504,1.356492479175404,1.5847336246492287,-47.05886345779196,1.0468614512309888,31.874931028035036,508,400,108,78.74015748031496,2685.5262962391334,-4409.506529870821,22637.381271123442,-56516.15141038581,2.255670475232509,8.535433070866143,71,102,69.6078431372549,20.77594884895355,-23.842631963735073,3.7488967328932423,,1.176604766327098,886
30,0.3,0.08,0.45,0.5,18,10,20000,599211.2583413502,579211.2583413502,2896.0562917067514,49.26411009270504,1.356492479175404,1.5847336246492287,-47.05886345779196,1.0468614512309888,31.874931028035036,508,400,108,78.74015748031496,2685.5262962391334,-4409.506529870821,22637.381271123442,-56516.15141038581,2.255670475232509,8.535433070866143,71,102,69.6078431372549,20.77594884895355,-23.842631963735073,3.7488967328932423,,1.176604766327098,886
30,0.3,0.08,0.45,0.5,20,10,20000,599211.2583413502,579211.2583413502,2896.0562917067514,49.26411009270504,1.356492479175404,1.5847336246492287,-47.05886345779196,1.0468614512309888,31.874931028035036,508,400,108,78.74015748031496,2685.5262962391334,-4409.506529870821,22637.381271123442,-56516.15141038581,2.255670475232509,8.535433070866143,71,102,69.6078431372549,20.77594884895355,-23.842631963735073,3.7488967328932423,,1.1708392483476742,946
30,0.3,0.08,0.45,0.5,18,10,20000,599211.2583413502,579211.2583413502,2896.0562917067514,49.26411009270504,1.356492479175404,1.5847336246492287,-47.05886345779196,1.0468614512309888,31.874931028035036,508,400,108,78.74015748031496,2685.5262962391334,-4409.506529870821,22637.381271123442,-56516.15141038581,2.255670475232509,8.535433070866143,71,102,69.6078431372549,20.77594884895355,-23.842631963735073,3.7488967328932423,,1.176604766327098,886
30,0.3,0.08,0.45,0.5,20,10,20000,599211.2583413502,579211.2583413502,2896.0562917067514,49.26411009270504,1.356492479175404,1.5847336246492287,-47.05886345779196,1.0468614512309888,31.874931028035036,508,400,108,78.74015748031496,2685.5262962391334,-4409.506529870821,22637.381271123442,-56516.15141038581,2.255670475232509,8.535433070866143,71,102,69.6078431372549,20.77594884895355,-23.842631963735073,3.7488967328932423,,1.1708392483476742,946
30,0.3,0.08,0.45,0.5,18,10,20000,599211.2583413502,579211.2583413502,2896.0562917067514,49.26411009270504,1.356492479175404,1.5847336246492287,-47.05886345779196,1.0468614512309888,31.874931028035036,508,400,108,78.74015748031496,2685.5262962391334,-4409.506529870821,22637.381271123442,-56516.15141038581,2.255670475232509,8.535433070866143,71,102,69.6078431372549,20.77594884895355,-23.842631963735073,3.7488967328932423,,1.176604766327098,886
30,0.3,0.08,0.45,0.5,20,10,20000,599211.2583413502,579211.2583413502,2896.0562917067514,49.26411009270504,1.356492479175404,1.5847336246492287,-47.05886345779196,1.0468614512309888,31.874931028035036,508,400,108,78.74015748031496,2685.5262962391334,-4409.506529870821,22637.381271123442,-56516.15141038581,2.255670475232509,8.535433070866143,71,102,69.6078431372549,20.77594884895355,-23.842631963735073,3.7488967328932423,,1.1708392483476742,946
30,0.3,0.08,0.45,0.5,18,10,20000,599211.2583413502,579211.2583413502,2896.0562917067514,49.26411009270504,1.356492479175404,1.5847336246492287,-47.05886345779196,1.0468614512309888,31.874931028035036,508,400,108,78.74015748031496,2685.5262962391334,-4409.506529870821,22637.381271123442,-56516.15141038581,2.255670475232509,8.535433070866143,71,102,69.6078431372549,20.77594884895355,-23.842631963735073,3.7488967328932423,,1.176604766327098,886
30,0.3,0.08,0.45,0.5,20,10,20000,599211.2583413502,579211.2583413502,2896.0562917067514,49.26411009270504,1.356492479175404,1.5847336246492287,-47.05886345779196,1.0468614512309888,31.874931028035036,508,400,108,78.74015748031496,2685.5262962391334,-4409.506529870821,22637.381271123442,-56516.15141038581,2.255670475232509,8.535433070866143,71,102,69.6078431372549,20.77594884895355,-23.842631963735073,3.7488967328932423,,1.1708392483476742,946
30,0.3,0.08,0.45,0.5,20,10,20000,599211.2583413502,579211.2583413502,2896.0562917067514,49.26411009270504,1.356492479175404,1.5847336246492287,-47.05886345779196,1.0468614512309888,31.874931028035036,508,400,108,78.74015748031496,2685.5262962391334,-4409.506529870821,22637.381271123442,-56516.15141038581,2.255670475232509,8.535433070866143,71,102,69.6078431372549,20.77594884895355,-23.842631963735073,3.7488967328932423,,1.1708392483476742,946
30,0.3,0.08,0.45,0.5,18,10,20000,599211.2583413502,579211.2583413502,2896.0562917067514,49.26411009270504,1.356492479175404,1.5847336246492287,-47.05886345779196,1.0468614512309888,31.874931028035036,508,400,108,78.74015748031496,2685.5262962391334,-4409.506529870821,22637.381271123442,-56516.15141038581,2.255670475232509,8.535433070866143,71,102,69.6078431372549,20.77594884895355,-23.842631963735073,3.7488967328932423,,1.176604766327098,886
30,0.3,0.08,0.45,0.5,18,10,20000,599211.2583413502,579211.2583413502,2896.0562917067514,49.26411009270504,1.356492479175404,1.5847336246492287,-47.05886345779196,1.0468614512309888,31.874931028035036,508,400,108,78.74015748031496,2685.5262962391334,-4409.506529870821,22637.381271123442,-56516.15141038581,2.255670475232509,8.535433070866143,71,102,69.6078431372549,20.77594884895355,-23.842631963735073,3.7488967328932423,,1.176604766327098,886
30,0.3,0.08,0.45,0.5,20,10,20000,599211.2583413502,579211.2583413502,2896.0562917067514,49.26411009270504,1.356492479175404,1.5847336246492287,-47.05886345779196,1.0468614512309888,31.874931028035036,508,400,108,78.74015748031496,2685.5262962391334,-4409.506529870821,22637.381271123442,-56516.15141038581,2.255670475232509,8.535433070866143,71,102,69.6078431372549,20.77594884895355,-23.842631963735073,3.7488967328932423,,1.1708392483476742,946
30,0.3,0.08,0.45,0.5,18,10,20000,599211.2583413502,579211.2583413502,2896.0562917067514,49.26411009270504,1.356492479175404,1.5847336246492287,-47.05886345779196,1.0468614512309888,31.874931028035036,508,400,108,78.74015748031496,2685.5262962391334,-4409.506529870821,22637.381271123442,-56516.15141038581,2.255670475232509,8.535433070866143,71,102,69.6078431372549,20.77594884895355,-23.842631963735073,3.7488967328932423,,1.176604766327098,886
30,0.3,0.08,0.45,0.5,20,10,20000,599211.2583413502,579211.2583413502,2896.0562917067514,49.26411009270504,1.356492479175404,1.5847336246492287,-47.05886345779196,1.0468614512309888,31.874931028035036,508,400,108,78.74015748031496,2685.5262962391334,-4409.506529870821,22637.381271123442,-56516.15141038581,2.255670475232509,8.535433070866143,71,102,69.6078431372549,20.77594884895355,-23.842631963735073,3.7488967328932423,,1.1708392483476742,946
30,0.3,0.08,0.45,0.5,18,10,20000,599211.2583413502,579211.2583413502,2896.0562917067514,49.26411009270504,1.356492479175404,1.5847336246492287,-47.05886345779196,1.0468614512309888,31.874931028035036,508,400,108,78.74015748031496,2685.5262962391334,-4409.506529870821,22637.381271123442,-56516.15141038581,2.255670475232509,8.535433070866143,71,102,69.6078431372549,20.77594884895355,-23.842631963735073,3.7488967328932423,,1.176604766327098,886
30,0.3,0.08,0.45,0.5,20,10,20000,599211.2583413502,579211.2583413502,2896.0562917067514,49.26411009270504,1.356492479175404,1.5847336246492287,-47.05886345779196,1.0468614512309888,31.874931028035036,508,400,108,78.74015748031496,2685.5262962391334,-4409.506529870821,22637.381271123442,-56516.15141038581,2.255670475232509,8.535433070866143,71,102,69.6078431372549,20.77594884895355,-23.842631963735073,3.7488967328932423,,1.1708392483476742,946
30,0.3,0.08,0.45,0.5,18,10,20000,599211.2583413502,579211.2583413502,2896.0562917067514,49.26411009270504,1.356492479175404,1.5847336246492287,-47.05886345779196,1.0468614512309888,31.874931028035036,508,400,108,78.74015748031496,2685.5262962391334,-4409.506529870821,22637.381271123442,-56516.15141038581,2.255670475232509,8.535433070866143,71,102,69.6078431372549,20.77594884895355,-23.842631963735073,3.7488967328932423,,1.176604766327098,886
30,0.3,0.08,0.45,0.5,18,10,20000,599211.2583413502,579211.2583413502,2896.0562917067514,49.26411009270504,1.356492479175404,1.5847336246492287,-47.05886345779196,1.0468614512309888,31.874931028035036,508,400,108,78.74015748031496,2685.5262962391334,-4409.506529870821,22637.381271123442,-56516.15141038581,2.255670475232509,8.535433070866143,71,102,69.6078431372549,20.77594884895355,-23.842631963735073,3.7488967328932423,,1.176604766327098,886
30,0.3,0.08,0.45,0.5,18,10,20000,599211.2583413502,579211.2583413502,2896.0562917067514,49.26411009270504,1.356492479175404,1.5847336246492287,-47.05886345779196,1.0468614512309888,31.874931028035036,508,400,108,78.74015748031496,2685.5262962391334,-4409.506529870821,22637.381271123442,-56516.15141038581,2.255670475232509,8.535433070866143,71,102,69.6078431372549,20.77594884895355,-23.842631963735073,3.7488967328932423,,1.176604766327098,886
30,0.3,0.08,0.45,0.5,20,10,20000,599211.2583413502,579211.2583413502,2896.0562917067514,49.26411009270504,1.356492479175404,1.5847336246492287,-47.05886345779196,1.0468614512309888,31.874931028035036,508,400,108,78.74015748031496,2685.5262962391334,-4409.506529870821,22637.381271123442,-56516.15141038581,2.255670475232509,8.535433070866143,71,102,69.6078431372549,20.77594884895355,-23.842631963735073,3.7488967328932423,,1.1708392483476742,946
30,0.3,0.08,0.45,0.5,18,10,20000,599211.2583413502,579211.2583413502,2896.0562917067514,49.26411009270504,1.356492479175404,1.5847336246492287,-47.05886345779196,1.0468614512309888,31.874931028035036,508,400,108,78.74015748031496,2685.5262962391334,-4409.506529870821,22637.381271123442,-56516.15141038581,2.255670475232509,8.535433070866143,71,102,69.6078431372549,20.77594884895355,-23.842631963735073,3.7488967328932423,,1.176604766327098,886
30,0.3,0.08,0.45,0.5,20,10,20000,599211.2583413502,579211.2583413502,2896.0562917067514,49.26411009270504,1.356492479175404,1.5847336246492287,-47.05886345779196,1.0468614512309888,31.874931028035036,508,400,108,78.74015748031496,2685.5262962391334,-4409.506529870821,22637.381271123442,-56516.15141038581,2.255670475232509,8.535433070866143,71,102,69.6078431372549,20.77594884895355,-23.842631963735073,3.7488967328932423,,1.1708392483476742,946
30,0.3,0.08,0.45,0.5,20,10,20000,599211.2583413502,579211.2583413502,2896.0562917067514,49.26411009270504,1.356492479175404,1.5847336246492287,-47.05886345779196,1.0468614512309888,31.874931028035036,508,400,108,78.74015748031496,2685.5262962391334,-4409.506529870821,22637.381271123442,-56516.15141038581,2.255670475232509,8.535433070866143,71,102,69.6078431372549,20.77594884895355,-23.842631963735073,3.7488967328932423,,1.1708392483476742,946
30,0.3,0.08,0.45,0.5,18,10,20000,599211.2583413502,579211.2583413502,2896.0562917067514,49.26411009270504,1.356492479175404,1.5847336246492287,-47.05886345779196,1.0468614512309888,31.874931028035036,508,400,108,78.74015748031496,2685.5262962391334,-4409.506529870821,22637.381271123442,-56516.15141038581,2.255670475232509,8.535433070866143,71,102,69.6078431372549,20.77594884895355,-23.842631963735073,3.7488967328932423,,1.176604766327098,886
30,0.3,0.08,0.45,0.5,20,10,20000,599211.2583413502,579211.2583413502,2896.0562917067514,49.26411009270504,1.356492479175404,1.5847336246492287,-47.05886345779196,1.0468614512309888,31.874931028035036,508,400,108,78.74015748031496,2685.5262962391334,-4409.506529870821,22637.381271123442,-56516.15141038581,2.255670475232509,8.535433070866143,71,102,69.6078431372549,20.77594884895355,-23.842631963735073,3.7488967328932423,,1.1708392483476742,946
30,0.3,0.08,0.45,0.5,18,10,20000,599211.2583413502,579211.2583413502,2896.0562917067514,49.26411009270504,1.356492479175404,1.5847336246492287,-47.05886345779196,1.0468614512309888,31.874931028035036,508,400,108,78.74015748031496,2685.5262962391334,-4409.506529870821,22637.381271123442,-56516.15141038581,2.255670475232509,8.535433070866143,71,102,69.6078431372549,20.77594884895355,-23.842631963735073,3.7488967328932423,,1.176604766327098,886
30,0.3,0.08,0.45,0.5,18,10,20000,599211.2583413502,579211.2583413502,2896.0562917067514,49.26411009270504,1.356492479175404,1.5847336246492287,-47.05886345779196,1.0468614512309888,31.874931028035036,508,400,108,78.74015748031496,2685.5262962391334,-4409.506529870821,22637.381271123442,-56516.15141038581,2.255670475232509,8.535433070866143,71,102,69.6078431372549,20.77594884895355,-23.842631963735073,3.7488967328932423,,1.176604766327098,886
30,0.3,0.08,0.45,0.5,20,10,20000,599211.2583413502,579211.2583413502,2896.0562917067514,49.26411009270504,1.356492479175404,1.5847336246492287,-47.05886345779196,1.0468614512309888,31.874931028035036,508,400,108,78.74015748031496,2685.5262962391334,-4409.506529870821,22637.381271123442,-56516.15141038581,2.255670475232509,8.535433070866143,71,102,69.6078431372549,20.77594884895355,-23.842631963735073,3.7488967328932423,,1.1708392483476742,946
30,0.3,0.1,0.4,0.5,20,10,20000,666492.1642911657,646492.1642911657,3232.4608214558284,51.14719443892331,1.3320344913391706,1.5767321562272043,-48.41840679762688,1.0563584764922536,33.91410041243761,582,457,125,78.52233676975945,2707.8863556722017,-4537.101068010173,26763.298593082134,-62775.64646500389,2.1820171884950774,7.981099656357388,73,102,71.56862745098039,23.078148919943352,-23.99655011828902,3.929838628171637,,1.176489579402097,785
30,0.3,0.1,0.4,0.5,20,10,20000,666492.1642911657,646492.1642911657,3232.4608214558284,51.14719443892331,1.3320344913391706,1.5767321562272043,-48.41840679762688,1.0563584764922536,33.91410041243761,582,457,125,78.52233676975945,2707.8863556722017,-4537.101068010173,26763.298593082134,-62775.64646500389,2.1820171884950774,7.981099656357388,73,102,71.56862745098039,23.078148919943352,-23.99655011828902,3.929838628171637,,1.176489579402097,785
30,0.3,0.1,0.4,0.5,18,10,20000,666492.1642911657,646492.1642911657,3232.4608214558284,51.14719443892331,1.3320344913391706,1.5767321562272043,-48.41840679762688,1.0563584764922536,33.91410041243761,582,457,125,78.52233676975945,2707.8863556722017,-4537.101068010173,26763.298593082134,-62775.64646500389,2.1820171884950774,7.981099656357388,73,102,71.56862745098039,23.078148919943352,-23.99655011828902,3.929838628171637,,1.1823591738188082,741
30,0.3,0.1,0.4,0.5,20,10,20000,666492.1642911657,646492.1642911657,3232.4608214558284,51.14719443892331,1.3320344913391706,1.5767321562272043,-48.41840679762688,1.0563584764922536,33.91410041243761,582,457,125,78.52233676975945,2707.8863556722017,-4537.101068010173,26763.298593082134,-62775.64646500389,2.1820171884950774,7.981099656357388,73,102,71.56862745098039,23.078148919943352,-23.99655011828902,3.929838628171637,,1.176489579402097,785
30,0.3,0.1,0.4,0.5,20,10,20000,666492.1642911657,646492.1642911657,3232.4608214558284,51.14719443892331,1.3320344913391706,1.5767321562272043,-48.41840679762688,1.0563584764922536,33.91410041243761,582,457,125,78.52233676975945,2707.8863556722017,-4537.101068010173,26763.298593082134,-62775.64646500389,2.1820171884950774,7.981099656357388,73,102,71.56862745098039,23.078148919943352,-23.99655011828902,3.929838628171637,,1.176489579402097,785
30,0.3,0.1,0.4,0.5,20,10,20000,666492.1642911657,646492.1642911657,3232.4608214558284,51.14719443892331,1.3320344913391706,1.5767321562272043,-48.41840679762688,1.0563584764922536,33.91410041243761,582,457,125,78.52233676975945,2707.8863556722017,-4537.101068010173,26763.298593082134,-62775.64646500389,2.1820171884950774,7.981099656357388,73,102,71.56862745098039,23.078148919943352,-23.99655011828902,3.929838628171637,,1.176489579402097,785
30,0.3,0.1,0.4,0.5,18,10,20000,666492.1642911657,646492.1642911657,3232.4608214558284,51.14719443892331,1.3320344913391706,1.5767321562272043,-48.41840679762688,1.0563584764922536,33.91410041243761,582,457,125,78.52233676975945,2707.8863556722017,-4537.101068010173,26763.298593082134,-62775.64646500389,2.1820171884950774,7.981099656357388,73,102,71.56862745098039,23.078148919943352,-23.99655011828902,3.929838628171637,,1.1823591738188082,741
30,0.3,0.1,0.4,0.5,18,10,20000,666492.1642911657,646492.1642911657,3232.4608214558284,51.14719443892331,1.3320344913391706,1.5767321562272043,-48.41840679762688,1.0563584764922536,33.91410041243761,582,457,125,78.52233676975945,2707.8863556722017,-4537.101068010173,26763.298593082134,-62775.64646500389,2.1820171884950774,7.981099656357388,73,102,71.56862745098039,23.078148919943352,-23.99655011828902,3.929838628171637,,1.1823591738188082,741
30,0.3,0.1,0.4,0.5,18,10,20000,666492.1642911657,646492.1642911657,3232.4608214558284,51.14719443892331,1.3320344913391706,1.5767321562272043,-48.41840679762688,1.0563584764922536,33.91410041243761,582,457,125,78.52233676975945,2707.8863556722017,-4537.101068010173,26763.298593082134,-62775.64646500389,2.1820171884950774,7.981099656357388,73,102,71.56862745098039,23.078148919943352,-23.99655011828902,3.929838628171637,,1.1823591738188082,741
30,0.3,0.1,0.4,0.5,18,10,20000,666492.1642911657,646492.1642911657,3232.4608214558284,51.14719443892331,1.3320344913391706,1.5767321562272043,-48.41840679762688,1.0563584764922536,33.91410041243761,582,457,125,78.52233676975945,2707.8863556722017,-4537.101068010173,26763.298593082134,-62775.64646500389,2.1820171884950774,7.981099656357388,73,102,71.56862745098039,23.078148919943352,-23.99655011828902,3.929838628171637,,1.1823591738188082,741
30,0.3,0.1,0.4,0.5,18,10,20000,666492.1642911657,646492.1642911657,3232.4608214558284,51.14719443892331,1.3320344913391706,1.5767321562272043,-48.41840679762688,1.0563584764922536,33.91410041243761,582,457,125,78.52233676975945,2707.8863556722017,-4537.101068010173,26763.298593082134,-62775.64646500389,2.1820171884950774,7.981099656357388,73,102,71.56862745098039,23.078148919943352,-23.99655011828902,3.929838628171637,,1.1823591738188082,741
30,0.3,0.1,0.4,0.5,18,10,20000,666492.1642911657,646492.1642911657,3232.4608214558284,51.14719443892331,1.3320344913391706,1.5767321562272043,-48.41840679762688,1.0563584764922536,33.91410041243761,582,457,125,78.52233676975945,2707.8863556722017,-4537.101068010173,26763.298593082134,-62775.64646500389,2.1820171884950774,7.981099656357388,73,102,71.56862745098039,23.078148919943352,-23.99655011828902,3.929838628171637,,1.1823591738188082,741
30,0.3,0.1,0.4,0.5,18,10,20000,666492.1642911657,646492.1642911657,3232.4608214558284,51.14719443892331,1.3320344913391706,1.5767321562272043,-48.41840679762688,1.0563584764922536,33.91410041243761,582,457,125,78.52233676975945,2707.8863556722017,-4537.101068010173,26763.298593082134,-62775.64646500389,2.1820171884950774,7.981099656357388,73,102,71.56862745098039,23.078148919943352,-23.99655011828902,3.929838628171637,,1.1823591738188082,741
30,0.3,0.1,0.4,0.5,18,10,20000,666492.1642911657,646492.1642911657,3232.4608214558284,51.14719443892331,1.3320344913391706,1.5767321562272043,-48.41840679762688,1.0563584764922536,33.91410041243761,582,457,125,78.52233676975945,2707.8863556722017,-4537.101068010173,26763.298593082134,-62775.64646500389,2.1820171884950774,7.981099656357388,73,102,71.56862745098039,23.078148919943352,-23.99655011828902,3.929838628171637,,1.1823591738188082,741
30,0.3,0.1,0.4,0.5,18,10,20000,666492.1642911657,646492.1642911657,3232.4608214558284,51.14719443892331,1.3320344913391706,1.5767321562272043,-48.41840679762688,1.0563584764922536,33.91410041243761,582,457,125,78.52233676975945,2707.8863556722017,-4537.101068010173,26763.298593082134,-62775.64646500389,2.1820171884950774,7.981099656357388,73,102,71.56862745098039,23.078148919943352,-23.99655011828902,3.929838628171637,,1.1823591738188082,741
30,0.3,0.1,0.4,0.5,18,10,20000,666492.1642911657,646492.1642911657,3232.4608214558284,51.14719443892331,1.3320344913391706,1.5767321562272043,-48.41840679762688,1.0563584764922536,33.91410041243761,582,457,125,78.52233676975945,2707.8863556722017,-4537.101068010173,26763.298593082134,-62775.64646500389,2.1820171884950774,7.981099656357388,73,102,71.56862745098039,23.078148919943352,-23.99655011828902,3.929838628171637,,1.1823591738188082,741
30,0.3,0.1,0.4,0.5,18,10,20000,666492.1642911657,646492.1642911657,3232.4608214558284,51.14719443892331,1.3320344913391706,1.5767321562272043,-48.41840679762688,1.0563584764922536,33.91410041243761,582,457,125,78.52233676975945,2707.8863556722017,-4537.101068010173,26763.298593082134,-62775.64646500389,2.1820171884950774,7.981099656357388,73,102,71.56862745098039,23.078148919943352,-23.99655011828902,3.929838628171637,,1.1823591738188082,741
30,0.3,0.1,0.4,0.5,18,10,20000,666492.1642911657,646492.1642911657,3232.4608214558284,51.14719443892331,1.3320344913391706,1.5767321562272043,-48.41840679762688,1.0563584764922536,33.91410041243761,582,457,125,78.52233676975945,2707.8863556722017,-4537.101068010173,26763.298593082134,-62775.64646500389,2.1820171884950774,7.981099656357388,73,102,71.56862745098039,23.078148919943352,-23.99655011828902,3.929838628171637,,1.1823591738188082,741
30,0.3,0.1,0.4,0.5,18,10,20000,666492.1642911657,646492.1642911657,3232.4608214558284,51.14719443892331,1.3320344913391706,1.5767321562272043,-48.41840679762688,1.0563584764922536,33.91410041243761,582,457,125,78.52233676975945,2707.8863556722017,-4537.101068010173,26763.298593082134,-62775.64646500389,2.1820171884950774,7.981099656357388,73,102,71.56862745098039,23.078148919943352,-23.99655011828902,3.929838628171637,,1.1823591738188082,741
30,0.3,0.1,0.4,0.5,18,10,20000,666492.1642911657,646492.1642911657,3232.4608214558284,51.14719443892331,1.3320344913391706,1.5767321562272043,-48.41840679762688,1.0563584764922536,33.91410041243761,582,457,125,78.52233676975945,2707.8863556722017,-4537.101068010173,26763.298593082134,-62775.64646500389,2.1820171884950774,7.981099656357388,73,102,71.56862745098039,23.078148919943352,-23.99655011828902,3.929838628171637,,1.1823591738188082,741
30,0.3,0.1,0.4,0.5,18,10,20000,666492.1642911657,646492.1642911657,3232.4608214558284,51.14719443892331,1.3320344913391706,1.5767321562272043,-48.41840679762688,1.0563584764922536,33.91410041243761,582,457,125,78.52233676975945,2707.8863556722017,-4537.101068010173,26763.298593082134,-62775.64646500389,2.1820171884950774,7.981099656357388,73,102,71.56862745098039,23.078148919943352,-23.99655011828902,3.929838628171637,,1.1823591738188082,741
30,0.3,0.1,0.4,0.5,18,10,20000,666492.1642911657,646492.1642911657,3232.4608214558284,51.14719443892331,1.3320344913391706,1.5767321562272043,-48.41840679762688,1.0563584764922536,33.91410041243761,582,457,125,78.52233676975945,2707.8863556722017,-4537.101068010173,26763.298593082134,-62775.64646500389,2.1820171884950774,7.981099656357388,73,102,71.56862745098039,23.078148919943352,-23.99655011828902,3.929838628171637,,1.1823591738188082,741
30,0.3,0.1,0.4,0.5,18,10,20000,666492.1642911657,646492.1642911657,3232.4608214558284,51.14719443892331,1.3320344913391706,1.5767321562272043,-48.41840679762688,1.0563584764922536,33.91410041243761,582,457,125,78.52233676975945,2707.8863556722017,-4537.101068010173,26763.298593082134,-62775.64646500389,2.1820171884950774,7.981099656357388,73,102,71.56862745098039,23.078148919943352,-23.99655011828902,3.929838628171637,,1.1823591738188082,741
30,0.3,0.1,0.4,0.5,18,10,20000,666492.1642911657,646492.1642911657,3232.4608214558284,51.14719443892331,1.3320344913391706,1.5767321562272043,-48.41840679762688,1.0563584764922536,33.91410041243761,582,457,125,78.52233676975945,2707.8863556722017,-4537.101068010173,26763.298593082134,-62775.64646500389,2.1820171884950774,7.981099656357388,73,102,71.56862745098039,23.078148919943352,-23.99655011828902,3.929838628171637,,1.1823591738188082,741
30,0.3,0.1,0.4,0.5,18,10,20000,666492.1642911657,646492.1642911657,3232.4608214558284,51.14719443892331,1.3320344913391706,1.5767321562272043,-48.41840679762688,1.0563584764922536,33.91410041243761,582,457,125,78.52233676975945,2707.8863556722017,-4537.101068010173,26763.298593082134,-62775.64646500389,2.1820171884950774,7.981099656357388,73,102,71.56862745098039,23.078148919943352,-23.99655011828902,3.929838628171637,,1.1823591738188082,741
30,0.3,0.1,0.4,0.5,18,10,20000,666492.1642911657,646492.1642911657,3232.4608214558284,51.14719443892331,1.3320344913391706,1.5767321562272043,-48.41840679762688,1.0563584764922536,33.91410041243761,582,457,125,78.52233676975945,2707.8863556722017,-4537.101068010173,26763.298593082134,-62775.64646500389,2.1820171884950774,7.981099656357388,73,102,71.56862745098039,23.078148919943352,-23.99655011828902,3.929838628171637,,1.1823591738188082,741
30,0.3,0.1,0.4,0.5,18,10,20000,666492.1642911657,646492.1642911657,3232.4608214558284,51.14719443892331,1.3320344913391706,1.5767321562272043,-48.41840679762688,1.0563584764922536,33.91410041243761,582,457,125,78.52233676975945,2707.8863556722017,-4537.101068010173,26763.298593082134,-62775.64646500389,2.1820171884950774,7.981099656357388,73,102,71.56862745098039,23.078148919943352,-23.99655011828902,3.929838628171637,,1.1823591738188082,741
30,0.3,0.1,0.4,0.5,18,10,20000,666492.1642911657,646492.1642911657,3232.4608214558284,51.14719443892331,1.3320344913391706,1.5767321562272043,-48.41840679762688,1.0563584764922536,33.91410041243761,582,457,125,78.52233676975945,2707.8863556722017,-4537.101068010173,26763.298593082134,-62775.64646500389,2.1820171884950774,7.981099656357388,73,102,71.56862745098039,23.078148919943352,-23.99655011828902,3.929838628171637,,1.1823591738188082,741
30,0.3,0.1,0.4,0.5,20,10,20000,666492.1642911657,646492.1642911657,3232.4608214558284,51.14719443892331,1.3320344913391706,1.5767321562272043,-48.41840679762688,1.0563584764922536,33.91410041243761,582,457,125,78.52233676975945,2707.8863556722017,-4537.101068010173,26763.298593082134,-62775.64646500389,2.1820171884950774,7.981099656357388,73,102,71.56862745098039,23.078148919943352,-23.99655011828902,3.929838628171637,,1.176489579402097,785
30,0.3,0.1,0.4,0.5,18,10,20000,666492.1642911657,646492.1642911657,3232.4608214558284,51.14719443892331,1.3320344913391706,1.5767321562272043,-48.41840679762688,1.0563584764922536,33.91410041243761,582,457,125,78.52233676975945,2707.8863556722017,-4537.101068010173,26763.298593082134,-62775.64646500389,2.1820171884950774,7.981099656357388,73,102,71.56862745098039,23.078148919943352,-23.99655011828902,3.929838628171637,,1.1823591738188082,741
30,0.3,0.1,0.4,0.5,18,10,20000,666492.1642911657,646492.1642911657,3232.4608214558284,51.14719443892331,1.3320344913391706,1.5767321562272043,-48.41840679762688,1.0563584764922536,33.91410041243761,582,457,125,78.52233676975945,2707.8863556722017,-4537.101068010173,26763.298593082134,-62775.64646500389,2.1820171884950774,7.981099656357388,73,102,71.56862745098039,23.078148919943352,-23.99655011828902,3.929838628171637,,1.1823591738188082,741
30,0.3,0.1,0.4,0.5,18,10,20000,666492.1642911657,646492.1642911657,3232.4608214558284,51.14719443892331,1.3320344913391706,1.5767321562272043,-48.41840679762688,1.0563584764922536,33.91410041243761,582,457,125,78.52233676975945,2707.8863556722017,-4537.101068010173,26763.298593082134,-62775.64646500389,2.1820171884950774,7.981099656357388,73,102,71.56862745098039,23.078148919943352,-23.99655011828902,3.929838628171637,,1.1823591738188082,741
30,0.3,0.1,0.4,0.5,20,10,20000,666492.1642911657,646492.1642911657,3232.4608214558284,51.14719443892331,1.3320344913391706,1.5767321562272043,-48.41840679762688,1.0563584764922536,33.91410041243761,582,457,125,78.52233676975945,2707.8863556722017,-4537.101068010173,26763.298593082134,-62775.64646500389,2.1820171884950774,7.981099656357388,73,102,71.56862745098039,23.078148919943352,-23.99655011828902,3.929838628171637,,1.176489579402097,785
30,0.3,0.1,0.4,0.5,20,10,20000,666492.1642911657,646492.1642911657,3232.4608214558284,51.14719443892331,1.3320344913391706,1.5767321562272043,-48.41840679762688,1.0563584764922536,33.91410041243761,582,457,125,78.52233676975945,2707.8863556722017,-4537.101068010173,26763.298593082134,-62775.64646500389,2.1820171884950774,7.981099656357388,73,102,71.56862745098039,23.078148919943352,-23.99655011828902,3.929838628171637,,1.176489579402097,785
30,0.3,0.1,0.4,0.5,18,10,20000,666492.1642911657,646492.1642911657,3232.4608214558284,51.14719443892331,1.3320344913391706,1.5767321562272043,-48.41840679762688,1.0563584764922536,33.91410041243761,582,457,125,78.52233676975945,2707.8863556722017,-4537.101068010173,26763.298593082134,-62775.64646500389,2.1820171884950774,7.981099656357388,73,102,71.56862745098039,23.078148919943352,-23.99655011828902,3.929838628171637,,1.1823591738188082,741
30,0.3,0.1,0.4,0.5,18,10,20000,666492.1642911657,646492.1642911657,3232.4608214558284,51.14719443892331,1.3320344913391706,1.5767321562272043,-48.41840679762688,1.0563584764922536,33.91410041243761,582,457,125,78.52233676975945,2707.8863556722017,-4537.101068010173,26763.298593082134,-62775.64646500389,2.1820171884950774,7.981099656357388,73,102,71.56862745098039,23.078148919943352,-23.99655011828902,3.929838628171637,,1.1823591738188082,741
30,0.3,0.1,0.4,0.5,18,10,20000,666492.1642911657,646492.1642911657,3232.4608214558284,51.14719443892331,1.3320344913391706,1.5767321562272043,-48.41840679762688,1.0563584764922536,33.91410041243761,582,457,125,78.52233676975945,2707.8863556722017,-4537.101068010173,26763.298593082134,-62775.64646500389,2.1820171884950774,7.981099656357388,73,102,71.56862745098039,23.078148919943352,-23.99655011828902,3.929838628171637,,1.1823591738188082,741
30,0.3,0.1,0.4,0.5,18,10,20000,666492.1642911657,646492.1642911657,3232.4608214558284,51.14719443892331,1.3320344913391706,1.5767321562272043,-48.41840679762688,1.0563584764922536,33.91410041243761,582,457,125,78.52233676975945,2707.8863556722017,-4537.101068010173,26763.298593082134,-62775.64646500389,2.1820171884950774,7.981099656357388,73,102,71.56862745098039,23.078148919943352,-23.99655011828902,3.929838628171637,,1.1823591738188082,741
30,0.3,0.1,0.4,0.5,18,10,20000,666492.1642911657,646492.1642911657,3232.4608214558284,51.14719443892331,1.3320344913391706,1.5767321562272043,-48.41840679762688,1.0563584764922536,33.91410041243761,582,457,125,78.52233676975945,2707.8863556722017,-4537.101068010173,26763.298593082134,-62775.64646500389,2.1820171884950774,7.981099656357388,73,102,71.56862745098039,23.078148919943352,-23.99655011828902,3.929838628171637,,1.1823591738188082,741
30,0.3,0.1,0.4,0.5,18,10,20000,666492.1642911657,646492.1642911657,3232.4608214558284,51.14719443892331,1.3320344913391706,1.5767321562272043,-48.41840679762688,1.0563584764922536,33.91410041243761,582,457,125,78.52233676975945,2707.8863556722017,-4537.101068010173,26763.298593082134,-62775.64646500389,2.1820171884950774,7.981099656357388,73,102,71.56862745098039,23.078148919943352,-23.99655011828902,3.929838628171637,,1.1823591738188082,741
30,0.3,0.1,0.4,0.5,20,10,20000,666492.1642911657,646492.1642911657,3232.4608214558284,51.14719443892331,1.3320344913391706,1.5767321562272043,-48.41840679762688,1.0563584764922536,33.91410041243761,582,457,125,78.52233676975945,2707.8863556722017,-4537.101068010173,26763.298593082134,-62775.64646500389,2.1820171884950774,7.981099656357388,73,102,71.56862745098039,23.078148919943352,-23.99655011828902,3.929838628171637,,1.176489579402097,785
30,0.3,0.08,0.4,0.5,20,10,20000,552593.8353070258,532593.8353070258,2662.969176535129,47.84664813067614,1.3294189731895067,1.5540336659124319,-44.68014806039472,1.0708704023541107,31.78177536309225,542,431,111,79.52029520295203,2386.02158268538,-4299.273025985389,20928.899665755634,-51933.76075548967,2.1549323119516797,7.691881918819188,70,102,68.62745098039215,21.22565712919977,-21.34295478959861,3.667629723538614,,1.176022139912085,767
30,0.3,0.08,0.4,0.5,20,10,20000,552593.8353070258,532593.8353070258,2662.969176535129,47.84664813067614,1.3294189731895067,1.5540336659124319,-44.68014806039472,1.0708704023541107,31.78177536309225,542,431,111,79.52029520295203,2386.02158268538,-4299.273025985389,20928.899665755634,-51933.76075548967,2.1549323119516797,7.691881918819188,70,102,68.62745098039215,21.22565712919977,-21.34295478959861,3.667629723538614,,1.176022139912085,767
30,0.3,0.08,0.4,0.5,20,10,20000,552593.8353070258,532593.8353070258,2662.969176535129,47.84664813067614,1.3294189731895067,1.5540336659124319,-44.68014806039472,1.0708704023541107,31.78177536309225,542,431,111,79.52029520295203,2386.02158268538,-4299.273025985389,20928.899665755634,-51933.76075548967,2.1549323119516797,7.691881918819188,70,102,68.62745098039215,21.22565712919977,-21.34295478959861,3.667629723538614,,1.176022139912085,767
30,0.3,0.08,0.4,0.5,20,10,20000,552593.8353070258,532593.8353070258,2662.969176535129,47.84664813067614,1.3294189731895067,1.5540336659124319,-44.68014806039472,1.0708704023541107,31.78177536309225,542,431,111,79.52029520295203,2386.02158268538,-4299.273025985389,20928.899665755634,-51933.76075548967,2.1549323119516797,7.691881918819188,70,102,68.62745098039215,21.22565712919977,-21.34295478959861,3.667629723538614,,1.176022139912085,767
30,0.3,0.08,0.4,0.5,20,10,20000,552593.8353070258,532593.8353070258,2662.969176535129,47.84664813067614,1.3294189731895067,1.5540336659124319,-44.68014806039472,1.0708704023541107,31.78177536309225,542,431,111,79.52029520295203,2386.02158268538,-4299.273025985389,20928.899665755634,-51933.76075548967,2.1549323119516797,7.691881918819188,70,102,68.62745098039215,21.22565712919977,-21.34295478959861,3.667629723538614,,1.176022139912085,767
30,0.3,0.08,0.4,0.5,20,10,20000,552593.8353070258,532593.8353070258,2662.969176535129,47.84664813067614,1.3294189731895067,1.5540336659124319,-44.68014806039472,1.0708704023541107,31.78177536309225,542,431,111,79.52029520295203,2386.02158268538,-4299.273025985389,20928.899665755634,-51933.76075548967,2.1549323119516797,7.691881918819188,70,102,68.62745098039215,21.22565712919977,-21.34295478959861,3.667629723538614,,1.176022139912085,767
30,0.3,0.08,0.4,0.5,18,10,20000,552593.8353070258,532593.8353070258,2662.969176535129,47.84664813067614,1.3294189731895067,1.5540336659124319,-44.68014806039472,1.0708704023541107,31.78177536309225,542,431,111,79.52029520295203,2386.02158268538,-4299.273025985389,20928.899665755634,-51933.76075548967,2.1549323119516797,7.691881918819188,70,102,68.62745098039215,21.22565712919977,-21.34295478959861,3.667629723538614,,1.182009418093582,723
30,0.3,0.08,0.4,0.5,18,10,20000,552593.8353070258,532593.8353070258,2662.969176535129,47.84664813067614,1.3294189731895067,1.5540336659124319,-44.68014806039472,1.0708704023541107,31.78177536309225,542,431,111,79.52029520295203,2386.02158268538,-4299.273025985389,20928.899665755634,-51933.76075548967,2.1549323119516797,7.691881918819188,70,102,68.62745098039215,21.22565712919977,-21.34295478959861,3.667629723538614,,1.182009418093582,723
30,0.3,0.08,0.4,0.5,18,10,20000,552593.8353070258,532593.8353070258,2662.969176535129,47.84664813067614,1.3294189731895067,1.5540336659124319,-44.68014806039472,1.0708704023541107,31.78177536309225,542,431,111,79.52029520295203,2386.02158268538,-4299.273025985389,20928.899665755634,-51933.76075548967,2.1549323119516797,7.691881918819188,70,102,68.62745098039215,21.22565712919977,-21.34295478959861,3.667629723538614,,1.182009418093582,723
30,0.3,0.08,0.4,0.5,18,10,20000,552593.8353070258,532593.8353070258,2662.969176535129,47.84664813067614,1.3294189731895067,1.5540336659124319,-44.68014806039472,1.0708704023541107,31.78177536309225,542,431,111,79.52029520295203,2386.02158268538,-4299.273025985389,20928.899665755634,-51933.76075548967,2.1549323119516797,7.691881918819188,70,102,68.62745098039215,21.22565712919977,-21.34295478959861,3.667629723538614,,1.182009418093582,723
30,0.3,0.08,0.4,0.5,18,10,20000,552593.8353070258,532593.8353070258,2662.969176535129,47.84664813067614,1.3294189731895067,1.5540336659124319,-44.68014806039472,1.0708704023541107,31.78177536309225,542,431,111,79.52029520295203,2386.02158268538,-4299.273025985389,20928.899665755634,-51933.76075548967,2.1549323119516797,7.691881918819188,70,102,68.62745098039215,21.22565712919977,-21.34295478959861,3.667629723538614,,1.182009418093582,723
30,0.3,0.08,0.4,0.5,20,10,20000,552593.8353070258,532593.8353070258,2662.969176535129,47.84664813067614,1.3294189731895067,1.5540336659124319,-44.68014806039472,1.0708704023541107,31.78177536309225,542,431,111,79.52029520295203,2386.02158268538,-4299.273025985389,20928.899665755634,-51933.76075548967,2.1549323119516797,7.691881918819188,70,102,68.62745098039215,21.22565712919977,-21.34295478959861,3.667629723538614,,1.176022139912085,767
30,0.3,0.08,0.4,0.5,20,10,20000,552593.8353070258,532593.8353070258,2662.969176535129,47.84664813067614,1.3294189731895067,1.5540336659124319,-44.68014806039472,1.0708704023541107,31.78177536309225,542,431,111,79.52029520295203,2386.02158268538,-4299.273025985389,20928.899665755634,-51933.76075548967,2.1549323119516797,7.691881918819188,70,102,68.62745098039215,21.22565712919977,-21.34295478959861,3.667629723538614,,1.176022139912085,767
30,0.3,0.08,0.4,0.5,18,10,20000,552593.8353070258,532593.8353070258,2662.969176535129,47.84664813067614,1.3294189731895067,1.5540336659124319,-44.68014806039472,1.0708704023541107,31.78177536309225,542,431,111,79.52029520295203,2386.02158268538,-4299.273025985389,20928.899665755634,-51933.76075548967,2.1549323119516797,7.691881918819188,70,102,68.62745098039215,21.22565712919977,-21.34295478959861,3.667629723538614,,1.182009418093582,723
30,0.3,0.08,0.4,0.5,20,10,20000,552593.8353070258,532593.8353070258,2662.969176535129,47.84664813067614,1.3294189731895067,1.5540336659124319,-44.68014806039472,1.0708704023541107,31.78177536309225,542,431,111,79.52029520295203,2386.02158268538,-4299.273025985389,20928.899665755634,-51933.76075548967,2.1549323119516797,7.691881918819188,70,102,68.62745098039215,21.22565712919977,-21.34295478959861,3.667629723538614,,1.176022139912085,767
30,0.3,0.08,0.4,0.5,18,10,20000,552593.8353070258,532593.8353070258,2662.969176535129,47.84664813067614,1.3294189731895067,1.5540336659124319,-44.68014806039472,1.0708704023541107,31.78177536309225,542,431,111,79.52029520295203,2386.02158268538,-4299.273025985389,20928.899665755634,-51933.76075548967,2.1549323119516797,7.691881918819188,70,102,68.62745098039215,21.22565712919977,-21.34295478959861,3.667629723538614,,1.182009418093582,723
30,0.3,0.08,0.4,0.5,20,10,20000,552593.8353070258,532593.8353070258,2662.969176535129,47.84664813067614,1.3294189731895067,1.5540336659124319,-44.68014806039472,1.0708704023541107,31.78177536309225,542,431,111,79.52029520295203,2386.02158268538,-4299.273025985389,20928.899665755634,-51933.76075548967,2.1549323119516797,7.691881918819188,70,102,68.62745098039215,21.22565712919977,-21.34295478959861,3.667629723538614,,1.176022139912085,767
30,0.3,0.08,0.4,0.5,18,10,20000,552593.8353070258,532593.8353070258,2662.969176535129,47.84664813067614,1.3294189731895067,1.5540336659124319,-44.68014806039472,1.0708704023541107,31.78177536309225,542,431,111,79.52029520295203,2386.02158268538,-4299.273025985389,20928.899665755634,-51933.76075548967,2.1549323119516797,7.691881918819188,70,102,68.62745098039215,21.22565712919977,-21.34295478959861,3.667629723538614,,1.182009418093582,723
30,0.3,0.08,0.4,0.5,20,10,20000,552593.8353070258,532593.8353070258,2662.969176535129,47.84664813067614,1.3294189731895067,1.5540336659124319,-44.68014806039472,1.0708704023541107,31.78177536309225,542,431,111,79.52029520295203,2386.02158268538,-4299.273025985389,20928.899665755634,-51933.76075548967,2.1549323119516797,7.691881918819188,70,102,68.62745098039215,21.22565712919977,-21.34295478959861,3.667629723538614,,1.176022139912085,767
30,0.3,0.08,0.4,0.5,18,10,20000,552593.8353070258,532593.8353070258,2662.969176535129,47.84664813067614,1.3294189731895067,1.5540336659124319,-44.68014806039472,1.0708704023541107,31.78177536309225,542,431,111,79.52029520295203,2386.02158268538,-4299.273025985389,20928.899665755634,-51933.76075548967,2.1549323119516797,7.691881918819188,70,102,68.62745098039215,21.22565712919977,-21.34295478959861,3.667629723538614,,1.182009418093582,723
30,0.3,0.08,0.4,0.5,20,10,20000,552593.8353070258,532593.8353070258,2662.969176535129,47.84664813067614,1.3294189731895067,1.5540336659124319,-44.68014806039472,1.0708704023541107,31.78177536309225,542,431,111,79.52029520295203,2386.02158268538,-4299.273025985389,20928.899665755634,-51933.76075548967,2.1549323119516797,7.691881918819188,70,102,68.62745098039215,21.22565712919977,-21.34295478959861,3.667629723538614,,1.176022139912085,767
30,0.3,0.08,0.4,0.5,18,10,20000,552593.8353070258,532593.8353070258,2662.969176535129,47.84664813067614,1.3294189731895067,1.5540336659124319,-44.68014806039472,1.0708704023541107,31.78177536309225,542,431,111,79.52029520295203,2386.02158268538,-4299.273025985389,20928.899665755634,-51933.76075548967,2.1549323119516797,7.691881918819188,70,102,68.62745098039215,21.22565712919977,-21.34295478959861,3.667629723538614,,1.182009418093582,723
30,0.3,0.08,0.4,0.5,18,10,20000,552593.8353070258,532593.8353070258,2662.969176535129,47.84664813067614,1.3294189731895067,1.5540336659124319,-44.68014806039472,1.0708704023541107,31.78177536309225,542,431,111,79.52029520295203,2386.02158268538,-4299.273025985389,20928.899665755634,-51933.76075548967,2.1549323119516797,7.691881918819188,70,102,68.62745098039215,21.22565712919977,-21.34295478959861,3.667629723538614,,1.182009418093582,723
30,0.3,0.08,0.4,0.5,20,10,20000,552593.8353070258,532593.8353070258,2662.969176535129,47.84664813067614,1.3294189731895067,1.5540336659124319,-44.68014806039472,1.0708704023541107,31.78177536309225,542,431,111,79.52029520295203,2386.02158268538,-4299.273025985389,20928.899665755634,-51933.76075548967,2.1549323119516797,7.691881918819188,70,102,68.62745098039215,21.22565712919977,-21.34295478959861,3.667629723538614,,1.176022139912085,767
30,0.3,0.08,0.4,0.5,18,10,20000,552593.8353070258,532593.8353070258,2662.969176535129,47.84664813067614,1.3294189731895067,1.5540336659124319,-44.68014806039472,1.0708704023541107,31.78177536309225,542,431,111,79.52029520295203,2386.02158268538,-4299.273025985389,20928.899665755634,-51933.76075548967,2.1549323119516797,7.691881918819188,70,102,68.62745098039215,21.22565712919977,-21.34295478959861,3.667629723538614,,1.182009418093582,723
30,0.3,0.08,0.4,0.5,18,10,20000,552593.8353070258,532593.8353070258,2662.969176535129,47.84664813067614,1.3294189731895067,1.5540336659124319,-44.68014806039472,1.0708704023541107,31.78177536309225,542,431,111,79.52029520295203,2386.02158268538,-4299.273025985389,20928.899665755634,-51933.76075548967,2.1549323119516797,7.691881918819188,70,102,68.62745098039215,21.22565712919977,-21.34295478959861,3.667629723538614,,1.182009418093582,723
30,0.3,0.08,0.4,0.5,20,10,20000,552593.8353070258,532593.8353070258,2662.969176535129,47.84664813067614,1.3294189731895067,1.5540336659124319,-44.68014806039472,1.0708704023541107,31.78177536309225,542,431,111,79.52029520295203,2386.02158268538,-4299.273025985389,20928.899665755634,-51933.76075548967,2.1549323119516797,7.691881918819188,70,102,68.62745098039215,21.22565712919977,-21.34295478959861,3.667629723538614,,1.176022139912085,767
30,0.3,0.08,0.4,0.5,18,10,20000,552593.8353070258,532593.8353070258,2662.969176535129,47.84664813067614,1.3294189731895067,1.5540336659124319,-44.68014806039472,1.0708704023541107,31.78177536309225,542,431,111,79.52029520295203,2386.02158268538,-4299.273025985389,20928.899665755634,-51933.76075548967,2.1549323119516797,7.691881918819188,70,102,68.62745098039215,21.22565712919977,-21.34295478959861,3.667629723538614,,1.182009418093582,723
30,0.3,0.08,0.4,0.5,20,10,20000,552593.8353070258,532593.8353070258,2662.969176535129,47.84664813067614,1.3294189731895067,1.5540336659124319,-44.68014806039472,1.0708704023541107,31.78177536309225,542,431,111,79.52029520295203,2386.02158268538,-4299.273025985389,20928.899665755634,-51933.76075548967,2.1549323119516797,7.691881918819188,70,102,68.62745098039215,21.22565712919977,-21.34295478959861,3.667629723538614,,1.176022139912085,767
30,0.3,0.08,0.4,0.5,20,10,20000,552593.8353070258,532593.8353070258,2662.969176535129,47.84664813067614,1.3294189731895067,1.5540336659124319,-44.68014806039472,1.0708704023541107,31.78177536309225,542,431,111,79.52029520295203,2386.02158268538,-4299.273025985389,20928.899665755634,-51933.76075548967,2.1549323119516797,7.691881918819188,70,102,68.62745098039215,21.22565712919977,-21.34295478959861,3.667629723538614,,1.176022139912085,767
30,0.3,0.08,0.4,0.5,18,10,20000,552593.8353070258,532593.8353070258,2662.969176535129,47.84664813067614,1.3294189731895067,1.5540336659124319,-44.68014806039472,1.0708704023541107,31.78177536309225,542,431,111,79.52029520295203,2386.02158268538,-4299.273025985389,20928.899665755634,-51933.76075548967,2.1549323119516797,7.691881918819188,70,102,68.62745098039215,21.22565712919977,-21.34295478959861,3.667629723538614,,1.182009418093582,723
30,0.3,0.08,0.4,0.5,18,10,20000,552593.8353070258,532593.8353070258,2662.969176535129,47.84664813067614,1.3294189731895067,1.5540336659124319,-44.68014806039472,1.0708704023541107,31.78177536309225,542,431,111,79.52029520295203,2386.02158268538,-4299.273025985389,20928.899665755634,-51933.76075548967,2.1549323119516797,7.691881918819188,70,102,68.62745098039215,21.22565712919977,-21.34295478959861,3.667629723538614,,1.182009418093582,723
30,0.3,0.08,0.4,0.5,20,10,20000,552593.8353070258,532593.8353070258,2662.969176535129,47.84664813067614,1.3294189731895067,1.5540336659124319,-44.68014806039472,1.0708704023541107,31.78177536309225,542,431,111,79.52029520295203,2386.02158268538,-4299.273025985389,20928.899665755634,-51933.76075548967,2.1549323119516797,7.691881918819188,70,102,68.62745098039215,21.22565712919977,-21.34295478959861,3.667629723538614,,1.176022139912085,767
30,0.3,0.08,0.4,0.5,20,10,20000,552593.8353070258,532593.8353070258,2662.969176535129,47.84664813067614,1.3294189731895067,1.5540336659124319,-44.68014806039472,1.0708704023541107,31.78177536309225,542,431,111,79.52029520295203,2386.02158268538,-4299.273025985389,20928.899665755634,-51933.76075548967,2.1549323119516797,7.691881918819188,70,102,68.62745098039215,21.22565712919977,-21.34295478959861,3.667629723538614,,1.176022139912085,767
30,0.3,0.08,0.4,0.5,18,10,20000,552593.8353070258,532593.8353070258,2662.969176535129,47.84664813067614,1.3294189731895067,1.5540336659124319,-44.68014806039472,1.0708704023541107,31.78177536309225,542,431,111,79.52029520295203,2386.02158268538,-4299.273025985389,20928.899665755634,-51933.76075548967,2.1549323119516797,7.691881918819188,70,102,68.62745098039215,21.22565712919977,-21.34295478959861,3.667629723538614,,1.182009418093582,723
30,0.3,0.08,0.4,0.5,18,10,20000,552593.8353070258,532593.8353070258,2662.969176535129,47.84664813067614,1.3294189731895067,1.5540336659124319,-44.68014806039472,1.0708704023541107,31.78177536309225,542,431,111,79.52029520295203,2386.02158268538,-4299.273025985389,20928.899665755634,-51933.76075548967,2.1549323119516797,7.691881918819188,70,102,68.62745098039215,21.22565712919977,-21.34295478959861,3.667629723538614,,1.182009418093582,723
30,0.3,0.08,0.4,0.5,20,10,20000,552593.8353070258,532593.8353070258,2662.969176535129,47.84664813067614,1.3294189731895067,1.5540336659124319,-44.68014806039472,1.0708704023541107,31.78177536309225,542,431,111,79.52029520295203,2386.02158268538,-4299.273025985389,20928.899665755634,-51933.76075548967,2.1549323119516797,7.691881918819188,70,102,68.62745098039215,21.22565712919977,-21.34295478959861,3.667629723538614,,1.176022139912085,767
30,0.3,0.08,0.4,0.5,18,10,20000,552593.8353070258,532593.8353070258,2662.969176535129,47.84664813067614,1.3294189731895067,1.5540336659124319,-44.68014806039472,1.0708704023541107,31.78177536309225,542,431,111,79.52029520295203,2386.02158268538,-4299.273025985389,20928.899665755634,-51933.76075548967,2.1549323119516797,7.691881918819188,70,102,68.62745098039215,21.22565712919977,-21.34295478959861,3.667629723538614,,1.182009418093582,723
30,0.3,0.1,0.4,0.7,20,10,20000,670438.4128545623,650438.4128545623,3252.1920642728114,51.252353746670366,1.3291950830565118,1.5726218534782945,-48.83137960661084,1.049578245783,34.08249297410476,592,471,121,79.5608108108108,2632.047840426061,-4670.594265891039,27156.87651356864,-62775.64646500389,2.193598668405217,8.02027027027027,73,102,71.56862745098039,23.09878618521324,-25.709626873882275,3.943080813097099,,1.1919567418138293,689
30,0.3,0.1,0.4,0.7,20,10,20000,670438.4128545623,650438.4128545623,3252.1920642728114,51.252353746670366,1.3291950830565118,1.5726218534782945,-48.83137960661084,1.049578245783,34.08249297410476,592,471,121,79.5608108108108,2632.047840426061,-4670.594265891039,27156.87651356864,-62775.64646500389,2.193598668405217,8.02027027027027,73,102,71.56862745098039,23.09878618521324,-25.709626873882275,3.943080813097099,,1.1919567418138293,689
30,0.3,0.1,0.4,0.7,20,10,20000,670438.4128545623,650438.4128545623,3252.1920642728114,51.252353746670366,1.3291950830565118,1.5726218534782945,-48.83137960661084,1.049578245783,34.08249297410476,592,471,121,79.5608108108108,2632.047840426061,-4670.594265891039,27156.87651356864,-62775.64646500389,2.193598668405217,8.02027027027027,73,102,71.56862745098039,23.09878618521324,-25.709626873882275,3.943080813097099,,1.1919567418138293,689
30,0.3,0.1,0.4,0.7,18,10,20000,670438.4128545623,650438.4128545623,3252.1920642728114,51.252353746670366,1.3291950830565118,1.5726218534782945,-48.83137960661084,1.049578245783,34.08249297410476,592,471,121,79.5608108108108,2632.047840426061,-4670.594265891039,27156.87651356864,-62775.64646500389,2.193598668405217,8.02027027027027,73,102,71.56862745098039,23.09878618521324,-25.709626873882275,3.943080813097099,,1.1968002788955192,651
30,0.3,0.1,0.4,0.7,18,10,20000,670438.4128545623,650438.4128545623,3252.1920642728114,51.252353746670366,1.3291950830565118,1.5726218534782945,-48.83137960661084,1.049578245783,34.08249297410476,592,471,121,79.5608108108108,2632.047840426061,-4670.594265891039,27156.87651356864,-62775.64646500389,2.193598668405217,8.02027027027027,73,102,71.56862745098039,23.09878618521324,-25.709626873882275,3.943080813097099,,1.1968002788955192,651
30,0.3,0.08,0.45,0.7,18,10,20000,542306.7297943827,522306.7297943827,2611.5336489719134,47.51969772320788,1.3200567732160233,1.5458800886951722,-46.77059252948816,1.0160165854911378,31.857200048010014,523,413,110,78.96749521988528,2347.3835517192097,-3910.9657619629415,20501.779264413683,-51933.76075548967,2.253499207254281,8.51242829827916,71,102,69.6078431372549,20.83726273840336,-23.47543270248692,3.6543343868900164,,1.1903805046951828,777
30,0.3,0.08,0.45,0.7,18,10,20000,542306.7297943827,522306.7297943827,2611.5336489719134,47.51969772320788,1.3200567732160233,1.5458800886951722,-46.77059252948816,1.0160165854911378,31.857200048010014,523,413,110,78.96749521988528,2347.3835517192097,-3910.9657619629415,20501.779264413683,-51933.76075548967,2.253499207254281,8.51242829827916,71,102,69.6078431372549,20.83726273840336,-23.47543270248692,3.6543343868900164,,1.1903805046951828,777
30,0.3,0.08,0.45,0.7,20,10,20000,542306.7297943827,522306.7297943827,2611.5336489719134,47.51969772320788,1.3200567732160233,1.5458800886951722,-46.77059252948816,1.0160165854911378,31.857200048010014,523,413,110,78.96749521988528,2347.3835517192097,-3910.9657619629415,20501.779264413683,-51933.76075548967,2.253499207254281,8.51242829827916,71,102,69.6078431372549,20.83726273840336,-23.47543270248692,3.6543343868900164,,1.185508650503616,828
30,0.3,0.08,0.45,0.7,18,10,20000,542306.7297943827,522306.7297943827,2611.5336489719134,47.51969772320788,1.3200567732160233,1.5458800886951722,-46.77059252948816,1.0160165854911378,31.857200048010014,523,413,110,78.96749521988528,2347.3835517192097,-3910.9657619629415,20501.779264413683,-51933.76075548967,2.253499207254281,8.51242829827916,71,102,69.6078431372549,20.83726273840336,-23.47543270248692,3.6543343868900164,,1.1903805046951828,777
30,0.3,0.08,0.45,0.7,18,10,20000,542306.7297943827,522306.7297943827,2611.5336489719134,47.51969772320788,1.3200567732160233,1.5458800886951722,-46.77059252948816,1.0160165854911378,31.857200048010014,523,413,110,78.96749521988528,2347.3835517192097,-3910.9657619629415,20501.779264413683,-51933.76075548967,2.253499207254281,8.51242829827916,71,102,69.6078431372549,20.83726273840336,-23.47543270248692,3.6543343868900164,,1.1903805046951828,777
30,0.3,0.08,0.45,0.7,20,10,20000,542306.7297943827,522306.7297943827,2611.5336489719134,47.51969772320788,1.3200567732160233,1.5458800886951722,-46.77059252948816,1.0160165854911378,31.857200048010014,523,413,110,78.96749521988528,2347.3835517192097,-3910.9657619629415,20501.779264413683,-51933.76075548967,2.253499207254281,8.51242829827916,71,102,69.6078431372549,20.83726273840336,-23.47543270248692,3.6543343868900164,,1.185508650503616,828
30,0.3,0.08,0.45,0.7,18,10,20000,542306.7297943827,522306.7297943827,2611.5336489719134,47.51969772320788,1.3200567732160233,1.5458800886951722,-46.77059252948816,1.0160165854911378,31.857200048010014,523,413,110,78.96749521988528,2347.3835517192097,-3910.9657619629415,20501.779264413683,-51933.76075548967,2.253499207254281,8.51242829827916,71,102,69.6078431372549,20.83726273840336,-23.47543270248692,3.6543343868900164,,1.1903805046951828,777
30,0.3,0.08,0.45,0.7,20,10,20000,542306.7297943827,522306.7297943827,2611.5336489719134,47.51969772320788,1.3200567732160233,1.5458800886951722,-46.77059252948816,1.0160165854911378,31.857200048010014,523,413,110,78.96749521988528,2347.3835517192097,-3910.9657619629415,20501.779264413683,-51933.76075548967,2.253499207254281,8.51242829827916,71,102,69.6078431372549,20.83726273840336,-23.47543270248692,3.6543343868900164,,1.185508650503616,828
30,0.3,0.08,0.45,0.7,20,10,20000,542306.7297943827,522306.7297943827,2611.5336489719134,47.51969772320788,1.3200567732160233,1.5458800886951722,-46.77059252948816,1.0160165854911378,31.857200048010014,523,413,110,78.96749521988528,2347.3835517192097,-3910.9657619629415,20501.779264413683,-51933.76075548967,2.253499207254281,8.51242829827916,71,102,69.6078431372549,20.83726273840336,-23.47543270248692,3.6543343868900164,,1.185508650503616,828
30,0.3,0.08,0.45,0.7,18,10,20000,542306.7297943827,522306.7297943827,2611.5336489719134,47.51969772320788,1.3200567732160233,1.5458800886951722,-46.77059252948816,1.0160165854911378,31.857200048010014,523,413,110,78.96749521988528,2347.3835517192097,-3910.9657619629415,20501.779264413683,-51933.76075548967,2.253499207254281,8.51242829827916,71,102,69.6078431372549,20.83726273840336,-23.47543270248692,3.6543343868900164,,1.1903805046951828,777
30,0.3,0.08,0.45,0.7,18,10,20000,542306.7297943827,522306.7297943827,2611.5336489719134,47.51969772320788,1.3200567732160233,1.5458800886951722,-46.77059252948816,1.0160165854911378,31.857200048010014,523,413,110,78.96749521988528,2347.3835517192097,-3910.9657619629415,20501.779264413683,-51933.76075548967,2.253499207254281,8.51242829827916,71,102,69.6078431372549,20.83726273840336,-23.47543270248692,3.6543343868900164,,1.1903805046951828,777
30,0.3,0.08,0.45,0.7,20,10,20000,542306.7297943827,522306.7297943827,2611.5336489719134,47.51969772320788,1.3200567732160233,1.5458800886951722,-46.77059252948816,1.0160165854911378,31.857200048010014,523,413,110,78.96749521988528,2347.3835517192097,-3910.9657619629415,20501.779264413683,-51933.76075548967,2.253499207254281,8.51242829827916,71,102,69.6078431372549,20.83726273840336,-23.47543270248692,3.6543343868900164,,1.185508650503616,828
30,0.3,0.08,0.45,0.7,20,10,20000,542306.7297943827,522306.7297943827,2611.5336489719134,47.51969772320788,1.3200567732160233,1.5458800886951722,-46.77059252948816,1.0160165854911378,31.857200048010014,523,413,110,78.96749521988528,2347.3835517192097,-3910.9657619629415,20501.779264413683,-51933.76075548967,2.253499207254281,8.51242829827916,71,102,69.6078431372549,20.83726273840336,-23.47543270248692,3.6543343868900164,,1.185508650503616,828
30,0.3,0.08,0.45,0.7,18,10,20000,542306.7297943827,522306.7297943827,2611.5336489719134,47.51969772320788,1.3200567732160233,1.5458800886951722,-46.77059252948816,1.0160165854911378,31.857200048010014,523,413,110,78.96749521988528,2347.3835517192097,-3910.9657619629415,20501.779264413683,-51933.76075548967,2.253499207254281,8.51242829827916,71,102,69.6078431372549,20.83726273840336,-23.47543270248692,3.6543343868900164,,1.1903805046951828,777
30,0.3,0.08,0.45,0.7,20,10,20000,542306.7297943827,522306.7297943827,2611.5336489719134,47.51969772320788,1.3200567732160233,1.5458800886951722,-46.77059252948816,1.0160165854911378,31.857200048010014,523,413,110,78.96749521988528,2347.3835517192097,-3910.9657619629415,20501.779264413683,-51933.76075548967,2.253499207254281,8.51242829827916,71,102,69.6078431372549,20.83726273840336,-23.47543270248692,3.6543343868900164,,1.185508650503616,828
30,0.3,0.08,0.45,0.7,18,10,20000,542306.7297943827,522306.7297943827,2611.5336489719134,47.51969772320788,1.3200567732160233,1.5458800886951722,-46.77059252948816,1.0160165854911378,31.857200048010014,523,413,110,78.96749521988528,2347.3835517192097,-3910.9657619629415,20501.779264413683,-51933.76075548967,2.253499207254281,8.51242829827916,71,102,69.6078431372549,20.83726273840336,-23.47543270248692,3.6543343868900164,,1.1903805046951828,777
30,0.3,0.08,0.45,0.7,18,10,20000,542306.7297943827,522306.7297943827,2611.5336489719134,47.51969772320788,1.3200567732160233,1.5458800886951722,-46.77059252948816,1.0160165854911378,31.857200048010014,523,413,110,78.96749521988528,2347.3835517192097,-3910.9657619629415,20501.779264413683,-51933.76075548967,2.253499207254281,8.51242829827916,71,102,69.6078431372549,20.83726273840336,-23.47543270248692,3.6543343868900164,,1.1903805046951828,777
30,0.3,0.08,0.45,0.7,20,10,20000,542306.7297943827,522306.7297943827,2611.5336489719134,47.51969772320788,1.3200567732160233,1.5458800886951722,-46.77059252948816,1.0160165854911378,31.857200048010014,523,413,110,78.96749521988528,2347.3835517192097,-3910.9657619629415,20501.779264413683,-51933.76075548967,2.253499207254281,8.51242829827916,71,102,69.6078431372549,20.83726273840336,-23.47543270248692,3.6543343868900164,,1.185508650503616,828
30,0.3,0.08,0.45,0.7,18,10,20000,542306.7297943827,522306.7297943827,2611.5336489719134,47.51969772320788,1.3200567732160233,1.5458800886951722,-46.77059252948816,1.0160165854911378,31.857200048010014,523,413,110,78.96749521988528,2347.3835517192097,-3910.9657619629415,20501.779264413683,-51933.76075548967,2.253499207254281,8.51242829827916,71,102,69.6078431372549,20.83726273840336,-23.47543270248692,3.6543343868900164,,1.1903805046951828,777
30,0.3,0.08,0.45,0.7,18,10,20000,542306.7297943827,522306.7297943827,2611.5336489719134,47.51969772320788,1.3200567732160233,1.5458800886951722,-46.77059252948816,1.0160165854911378,31.857200048010014,523,413,110,78.96749521988528,2347.3835517192097,-3910.9657619629415,20501.779264413683,-51933.76075548967,2.253499207254281,8.51242829827916,71,102,69.6078431372549,20.83726273840336,-23.47543270248692,3.6543343868900164,,1.1903805046951828,777
30,0.3,0.08,0.45,0.7,20,10,20000,542306.7297943827,522306.7297943827,2611.5336489719134,47.51969772320788,1.3200567732160233,1.5458800886951722,-46.77059252948816,1.0160165854911378,31.857200048010014,523,413,110,78.96749521988528,2347.3835517192097,-3910.9657619629415,20501.779264413683,-51933.76075548967,2.253499207254281,8.51242829827916,71,102,69.6078431372549,20.83726273840336,-23.47543270248692,3.6543343868900164,,1.185508650503616,828
30,0.3,0.08,0.45,0.7,20,10,20000,542306.7297943827,522306.7297943827,2611.5336489719134,47.51969772320788,1.3200567732160233,1.5458800886951722,-46.77059252948816,1.0160165854911378,31.857200048010014,523,413,110,78.96749521988528,2347.3835517192097,-3910.9657619629415,20501.779264413683,-51933.76075548967,2.253499207254281,8.51242829827916,71,102,69.6078431372549,20.83726273840336,-23.47543270248692,3.6543343868900164,,1.185508650503616,828
30,0.3,0.08,0.45,0.7,18,10,20000,542306.7297943827,522306.7297943827,2611.5336489719134,47.51969772320788,1.3200567732160233,1.5458800886951722,-46.77059252948816,1.0160165854911378,31.857200048010014,523,413,110,78.96749521988528,2347.3835517192097,-3910.9657619629415,20501.779264413683,-51933.76075548967,2.253499207254281,8.51242829827916,71,102,69.6078431372549,20.83726273840336,-23.47543270248692,3.6543343868900164,,1.1903805046951828,777
30,0.3,0.08,0.45,0.7,20,10,20000,542306.7297943827,522306.7297943827,2611.5336489719134,47.51969772320788,1.3200567732160233,1.5458800886951722,-46.77059252948816,1.0160165854911378,31.857200048010014,523,413,110,78.96749521988528,2347.3835517192097,-3910.9657619629415,20501.779264413683,-51933.76075548967,2.253499207254281,8.51242829827916,71,102,69.6078431372549,20.83726273840336,-23.47543270248692,3.6543343868900164,,1.185508650503616,828
30,0.3,0.08,0.45,0.7,18,10,20000,542306.7297943827,522306.7297943827,2611.5336489719134,47.51969772320788,1.3200567732160233,1.5458800886951722,-46.77059252948816,1.0160165854911378,31.857200048010014,523,413,110,78.96749521988528,2347.3835517192097,-3910.9657619629415,20501.779264413683,-51933.76075548967,2.253499207254281,8.51242829827916,71,102,69.6078431372549,20.83726273840336,-23.47543270248692,3.6543343868900164,,1.1903805046951828,777
30,0.3,0.08,0.45,0.7,20,10,20000,542306.7297943827,522306.7297943827,2611.5336489719134,47.51969772320788,1.3200567732160233,1.5458800886951722,-46.77059252948816,1.0160165854911378,31.857200048010014,523,413,110,78.96749521988528,2347.3835517192097,-3910.9657619629415,20501.779264413683,-51933.76075548967,2.253499207254281,8.51242829827916,71,102,69.6078431372549,20.83726273840336,-23.47543270248692,3.6543343868900164,,1.185508650503616,828
30,0.3,0.08,0.45,0.7,18,10,20000,542306.7297943827,522306.7297943827,2611.5336489719134,47.51969772320788,1.3200567732160233,1.5458800886951722,-46.77059252948816,1.0160165854911378,31.857200048010014,523,413,110,78.96749521988528,2347.3835517192097,-3910.9657619629415,20501.779264413683,-51933.76075548967,2.253499207254281,8.51242829827916,71,102,69.6078431372549,20.83726273840336,-23.47543270248692,3.6543343868900164,,1.1903805046951828,777
30,0.3,0.08,0.45,0.7,20,10,20000,542306.7297943827,522306.7297943827,2611.5336489719134,47.51969772320788,1.3200567732160233,1.5458800886951722,-46.77059252948816,1.0160165854911378,31.857200048010014,523,413,110,78.96749521988528,2347.3835517192097,-3910.9657619629415,20501.779264413683,-51933.76075548967,2.253499207254281,8.51242829827916,71,102,69.6078431372549,20.83726273840336,-23.47543270248692,3.6543343868900164,,1.185508650503616,828
30,0.3,0.08,0.45,0.7,18,10,20000,542306.7297943827,522306.7297943827,2611.5336489719134,47.51969772320788,1.3200567732160233,1.5458800886951722,-46.77059252948816,1.0160165854911378,31.857200048010014,523,413,110,78.96749521988528,2347.3835517192097,-3910.9657619629415,20501.779264413683,-51933.76075548967,2.253499207254281,8.51242829827916,71,102,69.6078431372549,20.83726273840336,-23.47543270248692,3.6543343868900164,,1.1903805046951828,777
30,0.3,0.08,0.45,0.7,18,10,20000,542306.7297943827,522306.7297943827,2611.5336489719134,47.51969772320788,1.3200567732160233,1.5458800886951722,-46.77059252948816,1.0160165854911378,31.857200048010014,523,413,110,78.96749521988528,2347.3835517192097,-3910.9657619629415,20501.779264413683,-51933.76075548967,2.253499207254281,8.51242829827916,71,102,69.6078431372549,20.83726273840336,-23.47543270248692,3.6543343868900164,,1.1903805046951828,777
30,0.3,0.12,0.4,0.5,20,10,20000,767598.68729714,747598.68729714,3737.9934364857,53.68326729829733,1.3187519253410416,1.5713375427265457,-51.38229880848543,1.0447813457780115,36.1138273330076,627,499,128,79.58532695374801,3035.5032146511817,-5749.265546054797,33284.85697815432,-70161.01663735729,2.058301094039243,8.10207336523126,72,102,70.58823529411765,24.07946609428395,-22.704940887409386,4.100889193374096,,1.1742028576666774,220
30,0.3,0.12,0.4,0.5,18,10,20000,767598.68729714,747598.68729714,3737.9934364857,53.68326729829733,1.3187519253410416,1.5713375427265457,-51.38229880848543,1.0447813457780115,36.1138273330076,627,499,128,79.58532695374801,3035.5032146511817,-5749.265546054797,33284.85697815432,-70161.01663735729,2.058301094039243,8.10207336523126,72,102,70.58823529411765,24.07946609428395,-22.704940887409386,4.100889193374096,,1.180201308494492,208
30,0.3,0.12,0.4,0.5,18,10,20000,767598.68729714,747598.68729714,3737.9934364857,53.68326729829733,1.3187519253410416,1.5713375427265457,-51.38229880848543,1.0447813457780115,36.1138273330076,627,499,128,79.58532695374801,3035.5032146511817,-5749.265546054797,33284.85697815432,-70161.01663735729,2.058301094039243,8.10207336523126,72,102,70.58823529411765,24.07946609428395,-22.704940887409386,4.100889193374096,,1.180201308494492,208
30,0.3,0.12,0.4,0.5,20,10,20000,767598.68729714,747598.68729714,3737.9934364857,53.68326729829733,1.3187519253410416,1.5713375427265457,-51.38229880848543,1.0447813457780115,36.1138273330076,627,499,128,79.58532695374801,3035.5032146511817,-5749.265546054797,33284.85697815432,-70161.01663735729,2.058301094039243,8.10207336523126,72,102,70.58823529411765,24.07946609428395,-22.704940887409386,4.100889193374096,,1.1742028576666774,220
30,0.3,0.12,0.4,0.5,18,10,20000,767598.68729714,747598.68729714,3737.9934364857,53.68326729829733,1.3187519253410416,1.5713375427265457,-51.38229880848543,1.0447813457780115,36.1138273330076,627,499,128,79.58532695374801,3035.5032146511817,-5749.265546054797,33284.85697815432,-70161.01663735729,2.058301094039243,8.10207336523126,72,102,70.58823529411765,24.07946609428395,-22.704940887409386,4.100889193374096,,1.180201308494492,208
30,0.3,0.12,0.4,0.5,20,10,20000,767598.68729714,747598.68729714,3737.9934364857,53.68326729829733,1.3187519253410416,1.5713375427265457,-51.38229880848543,1.0447813457780115,36.1138273330076,627,499,128,79.58532695374801,3035.5032146511817,-5749.265546054797,33284.85697815432,-70161.01663735729,2.058301094039243,8.10207336523126,72,102,70.58823529411765,24.07946609428395,-22.704940887409386,4.100889193374096,,1.1742028576666774,220
30,0.3,0.1,0.45,0.5,18,10,20000,609313.8709009864,589313.8709009864,2946.569354504932,49.55841064012196,1.3062961003600075,1.5463001290159426,-48.92578005874402,1.0129304137944937,33.72049856207852,595,466,129,78.31932773109244,2396.6326736476644,-3925.657561135096,24795.408990649627,-57852.06635010162,2.20538933080058,8.685714285714285,72,102,70.58823529411765,22.628694017947094,-25.31276297270477,3.859428398992472,,1.1764844479974255,906
30,0.3,0.1,0.45,0.5,20,10,20000,609313.8709009864,589313.8709009864,2946.569354504932,49.55841064012196,1.3062961003600075,1.5463001290159426,-48.92578005874402,1.0129304137944937,33.72049856207852,595,466,129,78.31932773109244,2396.6326736476644,-3925.657561135096,24795.408990649627,-57852.06635010162,2.20538933080058,8.685714285714285,72,102,70.58823529411765,22.628694017947094,-25.31276297270477,3.859428398992472,,1.1708698620840365,967
30,0.3,0.1,0.45,0.5,18,10,20000,609313.8709009864,589313.8709009864,2946.569354504932,49.55841064012196,1.3062961003600075,1.5463001290159426,-48.92578005874402,1.0129304137944937,33.72049856207852,595,466,129,78.31932773109244,2396.6326736476644,-3925.657561135096,24795.408990649627,-57852.06635010162,2.20538933080058,8.685714285714285,72,102,70.58823529411765,22.628694017947094,-25.31276297270477,3.859428398992472,,1.1764844479974255,906
30,0.3,0.1,0.45,0.5,20,10,20000,609313.8709009864,589313.8709009864,2946.569354504932,49.55841064012196,1.3062961003600075,1.5463001290159426,-48.92578005874402,1.0129304137944937,33.72049856207852,595,466,129,78.31932773109244,2396.6326736476644,-3925.657561135096,24795.408990649627,-57852.06635010162,2.20538933080058,8.685714285714285,72,102,70.58823529411765,22.628694017947094,-25.31276297270477,3.859428398992472,,1.1708698620840365,967
30,0.3,0.1,0.45,0.5,18,10,20000,609313.8709009864,589313.8709009864,2946.569354504932,49.55841064012196,1.3062961003600075,1.5463001290159426,-48.92578005874402,1.0129304137944937,33.72049856207852,595,466,129,78.31932773109244,2396.6326736476644,-3925.657561135096,24795.408990649627,-57852.06635010162,2.20538933080058,8.685714285714285,72,102,70.58823529411765,22.628694017947094,-25.31276297270477,3.859428398992472,,1.1764844479974255,906
30,0.3,0.1,0.45,0.5,20,10,20000,609313.8709009864,589313.8709009864,2946.569354504932,49.55841064012196,1.3062961003600075,1.5463001290159426,-48.92578005874402,1.0129304137944937,33.72049856207852,595,466,129,78.31932773109244,2396.6326736476644,-3925.657561135096,24795.408990649627,-57852.06635010162,2.20538933080058,8.685714285714285,72,102,70.58823529411765,22.628694017947094,-25.31276297270477,3.859428398992472,,1.1708698620840365,967
30,0.3,0.1,0.45,0.5,18,10,20000,609313.8709009864,589313.8709009864,2946.569354504932,49.55841064012196,1.3062961003600075,1.5463001290159426,-48.92578005874402,1.0129304137944937,33.72049856207852,595,466,129,78.31932773109244,2396.6326736476644,-3925.657561135096,24795.408990649627,-57852.06635010162,2.20538933080058,8.685714285714285,72,102,70.58823529411765,22.628694017947094,-25.31276297270477,3.859428398992472,,1.1764844479974255,906
30,0.3,0.1,0.45,0.5,20,10,20000,609313.8709009864,589313.8709009864,2946.569354504932,49.55841064012196,1.3062961003600075,1.5463001290159426,-48.92578005874402,1.0129304137944937,33.72049856207852,595,466,129,78.31932773109244,2396.6326736476644,-3925.657561135096,24795.408990649627,-57852.06635010162,2.20538933080058,8.685714285714285,72,102,70.58823529411765,22.628694017947094,-25.31276297270477,3.859428398992472,,1.1708698620840365,967
30,0.3,0.1,0.45,0.5,20,10,20000,609313.8709009864,589313.8709009864,2946.569354504932,49.55841064012196,1.3062961003600075,1.5463001290159426,-48.92578005874402,1.0129304137944937,33.72049856207852,595,466,129,78.31932773109244,2396.6326736476644,-3925.657561135096,24795.408990649627,-57852.06635010162,2.20538933080058,8.685714285714285,72,102,70.58823529411765,22.628694017947094,-25.31276297270477,3.859428398992472,,1.1708698620840365,967
30,0.3,0.1,0.45,0.5,20,10,20000,609313.8709009864,589313.8709009864,2946.569354504932,49.55841064012196,1.3062961003600075,1.5463001290159426,-48.92578005874402,1.0129304137944937,33.72049856207852,595,466,129,78.31932773109244,2396.6326736476644,-3925.657561135096,24795.408990649627,-57852.06635010162,2.20538933080058,8.685714285714285,72,102,70.58823529411765,22.628694017947094,-25.31276297270477,3.859428398992472,,1.1708698620840365,967
30,0.3,0.1,0.45,0.5,20,10,20000,609313.8709009864,589313.8709009864,2946.569354504932,49.55841064012196,1.3062961003600075,1.5463001290159426,-48.92578005874402,1.0129304137944937,33.72049856207852,595,466,129,78.31932773109244,2396.6326736476644,-3925.657561135096,24795.408990649627,-57852.06635010162,2.20538933080058,8.685714285714285,72,102,70.58823529411765,22.628694017947094,-25.31276297270477,3.859428398992472,,1.1708698620840365,967
30,0.3,0.1,0.45,0.5,18,10,20000,609313.8709009864,589313.8709009864,2946.569354504932,49.55841064012196,1.3062961003600075,1.5463001290159426,-48.92578005874402,1.0129304137944937,33.72049856207852,595,466,129,78.31932773109244,2396.6326736476644,-3925.657561135096,24795.408990649627,-57852.06635010162,2.20538933080058,8.685714285714285,72,102,70.58823529411765,22.628694017947094,-25.31276297270477,3.859428398992472,,1.1764844479974255,906
30,0.3,0.1,0.45,0.5,18,10,20000,609313.8709009864,589313.8709009864,2946.569354504932,49.55841064012196,1.3062961003600075,1.5463001290159426,-48.92578005874402,1.0129304137944937,33.72049856207852,595,466,129,78.31932773109244,2396.6326736476644,-3925.657561135096,24795.408990649627,-57852.06635010162,2.20538933080058,8.685714285714285,72,102,70.58823529411765,22.628694017947094,-25.31276297270477,3.859428398992472,,1.1764844479974255,906
30,0.3,0.1,0.45,0.5,18,10,20000,609313.8709009864,589313.8709009864,2946.569354504932,49.55841064012196,1.3062961003600075,1.5463001290159426,-48.92578005874402,1.0129304137944937,33.72049856207852,595,466,129,78.31932773109244,2396.6326736476644,-3925.657561135096,24795.408990649627,-57852.06635010162,2.20538933080058,8.685714285714285,72,102,70.58823529411765,22.628694017947094,-25.31276297270477,3.859428398992472,,1.1764844479974255,906
30,0.3,0.1,0.45,0.5,20,10,20000,609313.8709009864,589313.8709009864,2946.569354504932,49.55841064012196,1.3062961003600075,1.5463001290159426,-48.92578005874402,1.0129304137944937,33.72049856207852,595,466,129,78.31932773109244,2396.6326736476644,-3925.657561135096,24795.408990649627,-57852.06635010162,2.20538933080058,8.685714285714285,72,102,70.58823529411765,22.628694017947094,-25.31276297270477,3.859428398992472,,1.1708698620840365,967
30,0.3,0.1,0.45,0.5,20,10,20000,609313.8709009864,589313.8709009864,2946.569354504932,49.55841064012196,1.3062961003600075,1.5463001290159426,-48.92578005874402,1.0129304137944937,33.72049856207852,595,466,129,78.31932773109244,2396.6326736476644,-3925.657561135096,24795.408990649627,-57852.06635010162,2.20538933080058,8.685714285714285,72,102,70.58823529411765,22.628694017947094,-25.31276297270477,3.859428398992472,,1.1708698620840365,967
30,0.3,0.1,0.45,0.5,18,10,20000,609313.8709009864,589313.8709009864,2946.569354504932,49.55841064012196,1.3062961003600075,1.5463001290159426,-48.92578005874402,1.0129304137944937,33.72049856207852,595,466,129,78.31932773109244,2396.6326736476644,-3925.657561135096,24795.408990649627,-57852.06635010162,2.20538933080058,8.685714285714285,72,102,70.58823529411765,22.628694017947094,-25.31276297270477,3.859428398992472,,1.1764844479974255,906
30,0.3,0.1,0.45,0.5,20,10,20000,609313.8709009864,589313.8709009864,2946.569354504932,49.55841064012196,1.3062961003600075,1.5463001290159426,-48.92578005874402,1.0129304137944937,33.72049856207852,595,466,129,78.31932773109244,2396.6326736476644,-3925.657561135096,24795.408990649627,-57852.06635010162,2.20538933080058,8.685714285714285,72,102,70.58823529411765,22.628694017947094,-25.31276297270477,3.859428398992472,,1.1708698620840365,967
30,0.3,0.1,0.45,0.5,20,10,20000,609313.8709009864,589313.8709009864,2946.569354504932,49.55841064012196,1.3062961003600075,1.5463001290159426,-48.92578005874402,1.0129304137944937,33.72049856207852,595,466,129,78.31932773109244,2396.6326736476644,-3925.657561135096,24795.408990649627,-57852.06635010162,2.20538933080058,8.685714285714285,72,102,70.58823529411765,22.628694017947094,-25.31276297270477,3.859428398992472,,1.1708698620840365,967
30,0.3,0.1,0.45,0.5,18,10,20000,609313.8709009864,589313.8709009864,2946.569354504932,49.55841064012196,1.3062961003600075,1.5463001290159426,-48.92578005874402,1.0129304137944937,33.72049856207852,595,466,129,78.31932773109244,2396.6326736476644,-3925.657561135096,24795.408990649627,-57852.06635010162,2.20538933080058,8.685714285714285,72,102,70.58823529411765,22.628694017947094,-25.31276297270477,3.859428398992472,,1.1764844479974255,906
30,0.3,0.1,0.45,0.5,18,10,20000,609313.8709009864,589313.8709009864,2946.569354504932,49.55841064012196,1.3062961003600075,1.5463001290159426,-48.92578005874402,1.0129304137944937,33.72049856207852,595,466,129,78.31932773109244,2396.6326736476644,-3925.657561135096,24795.408990649627,-57852.06635010162,2.20538933080058,8.685714285714285,72,102,70.58823529411765,22.628694017947094,-25.31276297270477,3.859428398992472,,1.1764844479974255,906
30,0.3,0.1,0.45,0.5,20,10,20000,609313.8709009864,589313.8709009864,2946.569354504932,49.55841064012196,1.3062961003600075,1.5463001290159426,-48.92578005874402,1.0129304137944937,33.72049856207852,595,466,129,78.31932773109244,2396.6326736476644,-3925.657561135096,24795.408990649627,-57852.06635010162,2.20538933080058,8.685714285714285,72,102,70.58823529411765,22.628694017947094,-25.31276297270477,3.859428398992472,,1.1708698620840365,967
30,0.3,0.1,0.45,0.5,18,10,20000,609313.8709009864,589313.8709009864,2946.569354504932,49.55841064012196,1.3062961003600075,1.5463001290159426,-48.92578005874402,1.0129304137944937,33.72049856207852,595,466,129,78.31932773109244,2396.6326736476644,-3925.657561135096,24795.408990649627,-57852.06635010162,2.20538933080058,8.685714285714285,72,102,70.58823529411765,22.628694017947094,-25.31276297270477,3.859428398992472,,1.1764844479974255,906
30,0.3,0.1,0.45,0.5,18,10,20000,609313.8709009864,589313.8709009864,2946.569354504932,49.55841064012196,1.3062961003600075,1.5463001290159426,-48.92578005874402,1.0129304137944937,33.72049856207852,595,466,129,78.31932773109244,2396.6326736476644,-3925.657561135096,24795.408990649627,-57852.06635010162,2.20538933080058,8.685714285714285,72,102,70.58823529411765,22.628694017947094,-25.31276297270477,3.859428398992472,,1.1764844479974255,906
30,0.3,0.1,0.45,0.5,18,10,20000,609313.8709009864,589313.8709009864,2946.569354504932,49.55841064012196,1.3062961003600075,1.5463001290159426,-48.92578005874402,1.0129304137944937,33.72049856207852,595,466,129,78.31932773109244,2396.6326736476644,-3925.657561135096,24795.408990649627,-57852.06635010162,2.20538933080058,8.685714285714285,72,102,70.58823529411765,22.628694017947094,-25.31276297270477,3.859428398992472,,1.1764844479974255,906
30,0.3,0.1,0.45,0.5,20,10,20000,609313.8709009864,589313.8709009864,2946.569354504932,49.55841064012196,1.3062961003600075,1.5463001290159426,-48.92578005874402,1.0129304137944937,33.72049856207852,595,466,129,78.31932773109244,2396.6326736476644,-3925.657561135096,24795.408990649627,-57852.06635010162,2.20538933080058,8.685714285714285,72,102,70.58823529411765,22.628694017947094,-25.31276297270477,3.859428398992472,,1.1708698620840365,967
30,0.3,0.1,0.45,0.5,20,10,20000,609313.8709009864,589313.8709009864,2946.569354504932,49.55841064012196,1.3062961003600075,1.5463001290159426,-48.92578005874402,1.0129304137944937,33.72049856207852,595,466,129,78.31932773109244,2396.6326736476644,-3925.657561135096,24795.408990649627,-57852.06635010162,2.20538933080058,8.685714285714285,72,102,70.58823529411765,22.628694017947094,-25.31276297270477,3.859428398992472,,1.1708698620840365,967
30,0.3,0.1,0.45,0.5,18,10,20000,609313.8709009864,589313.8709009864,2946.569354504932,49.55841064012196,1.3062961003600075,1.5463001290159426,-48.92578005874402,1.0129304137944937,33.72049856207852,595,466,129,78.31932773109244,2396.6326736476644,-3925.657561135096,24795.408990649627,-57852.06635010162,2.20538933080058,8.685714285714285,72,102,70.58823529411765,22.628694017947094,-25.31276297270477,3.859428398992472,,1.1764844479974255,906
30,0.3,0.1,0.45,0.5,20,10,20000,609313.8709009864,589313.8709009864,2946.569354504932,49.55841064012196,1.3062961003600075,1.5463001290159426,-48.92578005874402,1.0129304137944937,33.72049856207852,595,466,129,78.31932773109244,2396.6326736476644,-3925.657561135096,24795.408990649627,-57852.06635010162,2.20538933080058,8.685714285714285,72,102,70.58823529411765,22.628694017947094,-25.31276297270477,3.859428398992472,,1.1708698620840365,967
30,0.3,0.1,0.45,0.5,18,10,20000,609313.8709009864,589313.8709009864,2946.569354504932,49.55841064012196,1.3062961003600075,1.5463001290159426,-48.92578005874402,1.0129304137944937,33.72049856207852,595,466,129,78.31932773109244,2396.6326736476644,-3925.657561135096,24795.408990649627,-57852.06635010162,2.20538933080058,8.685714285714285,72,102,70.58823529411765,22.628694017947094,-25.31276297270477,3.859428398992472,,1.1764844479974255,906
30,0.3,0.1,0.45,0.5,18,10,20000,609313.8709009864,589313.8709009864,2946.569354504932,49.55841064012196,1.3062961003600075,1.5463001290159426,-48.92578005874402,1.0129304137944937,33.72049856207852,595,466,129,78.31932773109244,2396.6326736476644,-3925.657561135096,24795.408990649627,-57852.06635010162,2.20538933080058,8.685714285714285,72,102,70.58823529411765,22.628694017947094,-25.31276297270477,3.859428398992472,,1.1764844479974255,906
30,0.3,0.1,0.45,0.5,20,10,20000,609313.8709009864,589313.8709009864,2946.569354504932,49.55841064012196,1.3062961003600075,1.5463001290159426,-48.92578005874402,1.0129304137944937,33.72049856207852,595,466,129,78.31932773109244,2396.6326736476644,-3925.657561135096,24795.408990649627,-57852.06635010162,2.20538933080058,8.685714285714285,72,102,70.58823529411765,22.628694017947094,-25.31276297270477,3.859428398992472,,1.1708698620840365,967
30,0.3,0.1,0.45,0.5,18,10,20000,609313.8709009864,589313.8709009864,2946.569354504932,49.55841064012196,1.3062961003600075,1.5463001290159426,-48.92578005874402,1.0129304137944937,33.72049856207852,595,466,129,78.31932773109244,2396.6326736476644,-3925.657561135096,24795.408990649627,-57852.06635010162,2.20538933080058,8.685714285714285,72,102,70.58823529411765,22.628694017947094,-25.31276297270477,3.859428398992472,,1.1764844479974255,906
30,0.3,0.1,0.45,0.5,20,10,20000,609313.8709009864,589313.8709009864,2946.569354504932,49.55841064012196,1.3062961003600075,1.5463001290159426,-48.92578005874402,1.0129304137944937,33.72049856207852,595,466,129,78.31932773109244,2396.6326736476644,-3925.657561135096,24795.408990649627,-57852.06635010162,2.20538933080058,8.685714285714285,72,102,70.58823529411765,22.628694017947094,-25.31276297270477,3.859428398992472,,1.1708698620840365,967
30,0.3,0.1,0.45,0.5,18,10,20000,609313.8709009864,589313.8709009864,2946.569354504932,49.55841064012196,1.3062961003600075,1.5463001290159426,-48.92578005874402,1.0129304137944937,33.72049856207852,595,466,129,78.31932773109244,2396.6326736476644,-3925.657561135096,24795.408990649627,-57852.06635010162,2.20538933080058,8.685714285714285,72,102,70.58823529411765,22.628694017947094,-25.31276297270477,3.859428398992472,,1.1764844479974255,906
30,0.3,0.1,0.45,0.5,18,10,20000,609313.8709009864,589313.8709009864,2946.569354504932,49.55841064012196,1.3062961003600075,1.5463001290159426,-48.92578005874402,1.0129304137944937,33.72049856207852,595,466,129,78.31932773109244,2396.6326736476644,-3925.657561135096,24795.408990649627,-57852.06635010162,2.20538933080058,8.685714285714285,72,102,70.58823529411765,22.628694017947094,-25.31276297270477,3.859428398992472,,1.1764844479974255,906
30,0.3,0.1,0.45,0.5,20,10,20000,609313.8709009864,589313.8709009864,2946.569354504932,49.55841064012196,1.3062961003600075,1.5463001290159426,-48.92578005874402,1.0129304137944937,33.72049856207852,595,466,129,78.31932773109244,2396.6326736476644,-3925.657561135096,24795.408990649627,-57852.06635010162,2.20538933080058,8.685714285714285,72,102,70.58823529411765,22.628694017947094,-25.31276297270477,3.859428398992472,,1.1708698620840365,967
30,0.3,0.1,0.45,0.5,20,10,20000,609313.8709009864,589313.8709009864,2946.569354504932,49.55841064012196,1.3062961003600075,1.5463001290159426,-48.92578005874402,1.0129304137944937,33.72049856207852,595,466,129,78.31932773109244,2396.6326736476644,-3925.657561135096,24795.408990649627,-57852.06635010162,2.20538933080058,8.685714285714285,72,102,70.58823529411765,22.628694017947094,-25.31276297270477,3.859428398992472,,1.1708698620840365,967
30,0.3,0.1,0.45,0.5,18,10,20000,609313.8709009864,589313.8709009864,2946.569354504932,49.55841064012196,1.3062961003600075,1.5463001290159426,-48.92578005874402,1.0129304137944937,33.72049856207852,595,466,129,78.31932773109244,2396.6326736476644,-3925.657561135096,24795.408990649627,-57852.06635010162,2.20538933080058,8.685714285714285,72,102,70.58823529411765,22.628694017947094,-25.31276297270477,3.859428398992472,,1.1764844479974255,906
30,0.3,0.12,0.4,0.7,20,10,20000,737882.8136828913,717882.8136828913,3589.414068414457,52.970075784562034,1.3057447049212862,1.5722861164287842,-51.371592638662165,1.031116090893722,36.11206129407097,600,471,129,78.5,3077.155363013416,-5438.746844208273,31868.480085466894,-67699.22657990616,2.0657690980036607,8.18,71,102,69.6078431372549,24.1896729100564,-26.15166304324973,4.077051850725847,,1.1912111940853292,194
30,0.3,0.12,0.4,0.7,18,10,20000,737882.8136828913,717882.8136828913,3589.414068414457,52.970075784562034,1.3057447049212862,1.5722861164287842,-51.371592638662165,1.031116090893722,36.11206129407097,600,471,129,78.5,3077.155363013416,-5438.746844208273,31868.480085466894,-67699.22657990616,2.0657690980036607,8.18,71,102,69.6078431372549,24.1896729100564,-26.15166304324973,4.077051850725847,,1.1954690469629683,184
30,0.3,0.1,0.5,0.5,18,10,20000,590204.1411599339,570204.1411599339,2851.0207057996695,48.99800799608256,1.2978312846876467,1.5212707618254162,-49.072440448000116,0.9984832127516375,33.630357395388636,552,429,123,77.71739130434783,2504.3183915221334,-3935.694839153565,24008.253149676624,-59082.96137882719,2.2193219391005132,9.097826086956522,71,102,69.6078431372549,21.362499761590502,-24.953650083970214,3.832976723296209,,1.1760682014477104,721
30,0.3,0.1,0.5,0.5,18,10,20000,590204.1411599339,570204.1411599339,2851.0207057996695,48.99800799608256,1.2978312846876467,1.5212707618254162,-49.072440448000116,0.9984832127516375,33.630357395388636,552,429,123,77.71739130434783,2504.3183915221334,-3935.694839153565,24008.253149676624,-59082.96137882719,2.2193219391005132,9.097826086956522,71,102,69.6078431372549,21.362499761590502,-24.953650083970214,3.832976723296209,,1.1760682014477104,721
30,0.3,0.1,0.5,0.5,20,10,20000,590204.1411599339,570204.1411599339,2851.0207057996695,48.99800799608256,1.2978312846876467,1.5212707618254162,-49.072440448000116,0.9984832127516375,33.630357395388636,552,429,123,77.71739130434783,2504.3183915221334,-3935.694839153565,24008.253149676624,-59082.96137882719,2.2193219391005132,9.097826086956522,71,102,69.6078431372549,21.362499761590502,-24.953650083970214,3.832976723296209,,1.1717741631043235,796
30,0.3,0.1,0.5,0.5,18,10,20000,590204.1411599339,570204.1411599339,2851.0207057996695,48.99800799608256,1.2978312846876467,1.5212707618254162,-49.072440448000116,0.9984832127516375,33.630357395388636,552,429,123,77.71739130434783,2504.3183915221334,-3935.694839153565,24008.253149676624,-59082.96137882719,2.2193219391005132,9.097826086956522,71,102,69.6078431372549,21.362499761590502,-24.953650083970214,3.832976723296209,,1.1760682014477104,721
30,0.3,0.1,0.5,0.5,20,10,20000,590204.1411599339,570204.1411599339,2851.0207057996695,48.99800799608256,1.2978312846876467,1.5212707618254162,-49.072440448000116,0.9984832127516375,33.630357395388636,552,429,123,77.71739130434783,2504.3183915221334,-3935.694839153565,24008.253149676624,-59082.96137882719,2.2193219391005132,9.097826086956522,71,102,69.6078431372549,21.362499761590502,-24.953650083970214,3.832976723296209,,1.1717741631043235,796
30,0.3,0.1,0.5,0.5,18,10,20000,590204.1411599339,570204.1411599339,2851.0207057996695,48.99800799608256,1.2978312846876467,1.5212707618254162,-49.072440448000116,0.9984832127516375,33.630357395388636,552,429,123,77.71739130434783,2504.3183915221334,-3935.694839153565,24008.253149676624,-59082.96137882719,2.2193219391005132,9.097826086956522,71,102,69.6078431372549,21.362499761590502,-24.953650083970214,3.832976723296209,,1.1760682014477104,721
30,0.3,0.1,0.5,0.5,18,10,20000,590204.1411599339,570204.1411599339,2851.0207057996695,48.99800799608256,1.2978312846876467,1.5212707618254162,-49.072440448000116,0.9984832127516375,33.630357395388636,552,429,123,77.71739130434783,2504.3183915221334,-3935.694839153565,24008.253149676624,-59082.96137882719,2.2193219391005132,9.097826086956522,71,102,69.6078431372549,21.362499761590502,-24.953650083970214,3.832976723296209,,1.1760682014477104,721
30,0.3,0.1,0.5,0.5,20,10,20000,590204.1411599339,570204.1411599339,2851.0207057996695,48.99800799608256,1.2978312846876467,1.5212707618254162,-49.072440448000116,0.9984832127516375,33.630357395388636,552,429,123,77.71739130434783,2504.3183915221334,-3935.694839153565,24008.253149676624,-59082.96137882719,2.2193219391005132,9.097826086956522,71,102,69.6078431372549,21.362499761590502,-24.953650083970214,3.832976723296209,,1.1717741631043235,796
30,0.3,0.1,0.5,0.5,18,10,20000,590204.1411599339,570204.1411599339,2851.0207057996695,48.99800799608256,1.2978312846876467,1.5212707618254162,-49.072440448000116,0.9984832127516375,33.630357395388636,552,429,123,77.71739130434783,2504.3183915221334,-3935.694839153565,24008.253149676624,-59082.96137882719,2.2193219391005132,9.097826086956522,71,102,69.6078431372549,21.362499761590502,-24.953650083970214,3.832976723296209,,1.1760682014477104,721
30,0.3,0.1,0.5,0.5,20,10,20000,590204.1411599339,570204.1411599339,2851.0207057996695,48.99800799608256,1.2978312846876467,1.5212707618254162,-49.072440448000116,0.9984832127516375,33.630357395388636,552,429,123,77.71739130434783,2504.3183915221334,-3935.694839153565,24008.253149676624,-59082.96137882719,2.2193219391005132,9.097826086956522,71,102,69.6078431372549,21.362499761590502,-24.953650083970214,3.832976723296209,,1.1717741631043235,796
30,0.3,0.1,0.5,0.5,18,10,20000,590204.1411599339,570204.1411599339,2851.0207057996695,48.99800799608256,1.2978312846876467,1.5212707618254162,-49.072440448000116,0.9984832127516375,33.630357395388636,552,429,123,77.71739130434783,2504.3183915221334,-3935.694839153565,24008.253149676624,-59082.96137882719,2.2193219391005132,9.097826086956522,71,102,69.6078431372549,21.362499761590502,-24.953650083970214,3.832976723296209,,1.1760682014477104,721
30,0.3,0.1,0.5,0.5,20,10,20000,590204.1411599339,570204.1411599339,2851.0207057996695,48.99800799608256,1.2978312846876467,1.5212707618254162,-49.072440448000116,0.9984832127516375,33.630357395388636,552,429,123,77.71739130434783,2504.3183915221334,-3935.694839153565,24008.253149676624,-59082.96137882719,2.2193219391005132,9.097826086956522,71,102,69.6078431372549,21.362499761590502,-24.953650083970214,3.832976723296209,,1.1717741631043235,796
30,0.3,0.1,0.5,0.5,18,10,20000,590204.1411599339,570204.1411599339,2851.0207057996695,48.99800799608256,1.2978312846876467,1.5212707618254162,-49.072440448000116,0.9984832127516375,33.630357395388636,552,429,123,77.71739130434783,2504.3183915221334,-3935.694839153565,24008.253149676624,-59082.96137882719,2.2193219391005132,9.097826086956522,71,102,69.6078431372549,21.362499761590502,-24.953650083970214,3.832976723296209,,1.1760682014477104,721
30,0.3,0.1,0.5,0.5,18,10,20000,590204.1411599339,570204.1411599339,2851.0207057996695,48.99800799608256,1.2978312846876467,1.5212707618254162,-49.072440448000116,0.9984832127516375,33.630357395388636,552,429,123,77.71739130434783,2504.3183915221334,-3935.694839153565,24008.253149676624,-59082.96137882719,2.2193219391005132,9.097826086956522,71,102,69.6078431372549,21.362499761590502,-24.953650083970214,3.832976723296209,,1.1760682014477104,721
30,0.3,0.08,0.5,0.7,18,10,20000,476815.4502997134,456815.4502997134,2284.077251498567,45.29977673905654,1.2897721795564152,1.4968299608212559,-46.47484508894305,0.9747160351446535,31.28945513485008,526,407,119,77.3764258555133,2097.6248923189037,-3212.4151365487355,17939.056856361974,-47351.37010059353,2.233282240550332,9.051330798479087,73,102,71.56862745098039,19.688579326231892,-25.2240966539498,3.562363270795104,,1.1887981001156271,627
30,0.3,0.08,0.5,0.7,18,10,20000,476815.4502997134,456815.4502997134,2284.077251498567,45.29977673905654,1.2897721795564152,1.4968299608212559,-46.47484508894305,0.9747160351446535,31.28945513485008,526,407,119,77.3764258555133,2097.6248923189037,-3212.4151365487355,17939.056856361974,-47351.37010059353,2.233282240550332,9.051330798479087,73,102,71.56862745098039,19.688579326231892,-25.2240966539498,3.562363270795104,,1.1887981001156271,627
30,0.3,0.08,0.5,0.7,20,10,20000,476815.4502997134,456815.4502997134,2284.077251498567,45.29977673905654,1.2897721795564152,1.4968299608212559,-46.47484508894305,0.9747160351446535,31.28945513485008,526,407,119,77.3764258555133,2097.6248923189037,-3212.4151365487355,17939.056856361974,-47351.37010059353,2.233282240550332,9.051330798479087,73,102,71.56862745098039,19.688579326231892,-25.2240966539498,3.562363270795104,,1.18538860540978,688
30,0.3,0.08,0.5,0.7,18,10,20000,476815.4502997134,456815.4502997134,2284.077251498567,45.29977673905654,1.2897721795564152,1.4968299608212559,-46.47484508894305,0.9747160351446535,31.28945513485008,526,407,119,77.3764258555133,2097.6248923189037,-3212.4151365487355,17939.056856361974,-47351.37010059353,2.233282240550332,9.051330798479087,73,102,71.56862745098039,19.688579326231892,-25.2240966539498,3.562363270795104,,1.1887981001156271,627
30,0.3,0.08,0.5,0.7,18,10,20000,476815.4502997134,456815.4502997134,2284.077251498567,45.29977673905654,1.2897721795564152,1.4968299608212559,-46.47484508894305,0.9747160351446535,31.28945513485008,526,407,119,77.3764258555133,2097.6248923189037,-3212.4151365487355,17939.056856361974,-47351.37010059353,2.233282240550332,9.051330798479087,73,102,71.56862745098039,19.688579326231892,-25.2240966539498,3.562363270795104,,1.1887981001156271,627
30,0.3,0.08,0.5,0.7,20,10,20000,476815.4502997134,456815.4502997134,2284.077251498567,45.29977673905654,1.2897721795564152,1.4968299608212559,-46.47484508894305,0.9747160351446535,31.28945513485008,526,407,119,77.3764258555133,2097.6248923189037,-3212.4151365487355,17939.056856361974,-47351.37010059353,2.233282240550332,9.051330798479087,73,102,71.56862745098039,19.688579326231892,-25.2240966539498,3.562363270795104,,1.18538860540978,688
30,0.3,0.08,0.5,0.7,20,10,20000,476815.4502997134,456815.4502997134,2284.077251498567,45.29977673905654,1.2897721795564152,1.4968299608212559,-46.47484508894305,0.9747160351446535,31.28945513485008,526,407,119,77.3764258555133,2097.6248923189037,-3212.4151365487355,17939.056856361974,-47351.37010059353,2.233282240550332,9.051330798479087,73,102,71.56862745098039,19.688579326231892,-25.2240966539498,3.562363270795104,,1.18538860540978,688
30,0.3,0.08,0.5,0.7,18,10,20000,476815.4502997134,456815.4502997134,2284.077251498567,45.29977673905654,1.2897721795564152,1.4968299608212559,-46.47484508894305,0.9747160351446535,31.28945513485008,526,407,119,77.3764258555133,2097.6248923189037,-3212.4151365487355,17939.056856361974,-47351.37010059353,2.233282240550332,9.051330798479087,73,102,71.56862745098039,19.688579326231892,-25.2240966539498,3.562363270795104,,1.1887981001156271,627
30,0.3,0.08,0.5,0.7,18,10,20000,476815.4502997134,456815.4502997134,2284.077251498567,45.29977673905654,1.2897721795564152,1.4968299608212559,-46.47484508894305,0.9747160351446535,31.28945513485008,526,407,119,77.3764258555133,2097.6248923189037,-3212.4151365487355,17939.056856361974,-47351.37010059353,2.233282240550332,9.051330798479087,73,102,71.56862745098039,19.688579326231892,-25.2240966539498,3.562363270795104,,1.1887981001156271,627
30,0.3,0.08,0.5,0.7,20,10,20000,476815.4502997134,456815.4502997134,2284.077251498567,45.29977673905654,1.2897721795564152,1.4968299608212559,-46.47484508894305,0.9747160351446535,31.28945513485008,526,407,119,77.3764258555133,2097.6248923189037,-3212.4151365487355,17939.056856361974,-47351.37010059353,2.233282240550332,9.051330798479087,73,102,71.56862745098039,19.688579326231892,-25.2240966539498,3.562363270795104,,1.18538860540978,688
30,0.3,0.1,0.45,0.7,20,10,20000,574919.1917743142,554919.1917743142,2774.5959588715705,48.538126275063775,1.2867370876932016,1.5188447057463466,-49.73349450633101,0.9759645236448231,33.69446581508117,562,442,120,78.64768683274022,2382.281174969493,-3984.1045835021246,23221.09730870362,-55390.27629265049,2.2024360749647856,8.542704626334519,72,102,70.58823529411765,22.59357484401814,-26.10109421912872,3.8185558137227757,,1.185183591075273,847
30,0.3,0.1,0.45,0.7,18,10,20000,574919.1917743142,554919.1917743142,2774.5959588715705,48.538126275063775,1.2867370876932016,1.5188447057463466,-49.73349450633101,0.9759645236448231,33.69446581508117,562,442,120,78.64768683274022,2382.281174969493,-3984.1045835021246,23221.09730870362,-55390.27629265049,2.2024360749647856,8.542704626334519,72,102,70.58823529411765,22.59357484401814,-26.10109421912872,3.8185558137227757,,1.1899130193627856,795
30,0.3,0.1,0.45,0.7,20,10,20000,574919.1917743142,554919.1917743142,2774.5959588715705,48.538126275063775,1.2867370876932016,1.5188447057463466,-49.73349450633101,0.9759645236448231,33.69446581508117,562,442,120,78.64768683274022,2382.281174969493,-3984.1045835021246,23221.09730870362,-55390.27629265049,2.2024360749647856,8.542704626334519,72,102,70.58823529411765,22.59357484401814,-26.10109421912872,3.8185558137227757,,1.185183591075273,847
30,0.3,0.1,0.45,0.7,18,10,20000,574919.1917743142,554919.1917743142,2774.5959588715705,48.538126275063775,1.2867370876932016,1.5188447057463466,-49.73349450633101,0.9759645236448231,33.69446581508117,562,442,120,78.64768683274022,2382.281174969493,-3984.1045835021246,23221.09730870362,-55390.27629265049,2.2024360749647856,8.542704626334519,72,102,70.58823529411765,22.59357484401814,-26.10109421912872,3.8185558137227757,,1.1899130193627856,795
30,0.3,0.1,0.45,0.7,18,10,20000,574919.1917743142,554919.1917743142,2774.5959588715705,48.538126275063775,1.2867370876932016,1.5188447057463466,-49.73349450633101,0.9759645236448231,33.69446581508117,562,442,120,78.64768683274022,2382.281174969493,-3984.1045835021246,23221.09730870362,-55390.27629265049,2.2024360749647856,8.542704626334519,72,102,70.58823529411765,22.59357484401814,-26.10109421912872,3.8185558137227757,,1.1899130193627856,795
30,0.3,0.1,0.45,0.7,20,10,20000,574919.1917743142,554919.1917743142,2774.5959588715705,48.538126275063775,1.2867370876932016,1.5188447057463466,-49.73349450633101,0.9759645236448231,33.69446581508117,562,442,120,78.64768683274022,2382.281174969493,-3984.1045835021246,23221.09730870362,-55390.27629265049,2.2024360749647856,8.542704626334519,72,102,70.58823529411765,22.59357484401814,-26.10109421912872,3.8185558137227757,,1.185183591075273,847
30,0.3,0.1,0.45,0.7,18,10,20000,574919.1917743142,554919.1917743142,2774.5959588715705,48.538126275063775,1.2867370876932016,1.5188447057463466,-49.73349450633101,0.9759645236448231,33.69446581508117,562,442,120,78.64768683274022,2382.281174969493,-3984.1045835021246,23221.09730870362,-55390.27629265049,2.2024360749647856,8.542704626334519,72,102,70.58823529411765,22.59357484401814,-26.10109421912872,3.8185558137227757,,1.1899130193627856,795
30,0.3,0.1,0.45,0.7,18,10,20000,574919.1917743142,554919.1917743142,2774.5959588715705,48.538126275063775,1.2867370876932016,1.5188447057463466,-49.73349450633101,0.9759645236448231,33.69446581508117,562,442,120,78.64768683274022,2382.281174969493,-3984.1045835021246,23221.09730870362,-55390.27629265049,2.2024360749647856,8.542704626334519,72,102,70.58823529411765,22.59357484401814,-26.10109421912872,3.8185558137227757,,1.1899130193627856,795
30,0.3,0.1,0.45,0.7,20,10,20000,574919.1917743142,554919.1917743142,2774.5959588715705,48.538126275063775,1.2867370876932016,1.5188447057463466,-49.73349450633101,0.9759645236448231,33.69446581508117,562,442,120,78.64768683274022,2382.281174969493,-3984.1045835021246,23221.09730870362,-55390.27629265049,2.2024360749647856,8.542704626334519,72,102,70.58823529411765,22.59357484401814,-26.10109421912872,3.8185558137227757,,1.185183591075273,847
30,0.3,0.08,0.4,0.7,20,10,20000,486745.1927239453,466745.1927239453,2333.725963619727,45.65303017845428,1.2832947625118025,1.4908255079312276,-46.062666717164845,0.9911069730021098,31.752532205538596,526,415,111,78.89733840304183,2194.6844742793737,-3851.331665175909,18366.177257703926,-47351.37010059353,2.1305233037939306,7.908745247148289,69,102,67.64705882352942,21.21466464503228,-23.549980358617873,3.5536688747205636,,1.192453830679964,672
30,0.3,0.08,0.4,0.7,20,10,20000,486745.1927239453,466745.1927239453,2333.725963619727,45.65303017845428,1.2832947625118025,1.4908255079312276,-46.062666717164845,0.9911069730021098,31.752532205538596,526,415,111,78.89733840304183,2194.6844742793737,-3851.331665175909,18366.177257703926,-47351.37010059353,2.1305233037939306,7.908745247148289,69,102,67.64705882352942,21.21466464503228,-23.549980358617873,3.5536688747205636,,1.192453830679964,672
30,0.3,0.08,0.4,0.7,20,10,20000,486745.1927239453,466745.1927239453,2333.725963619727,45.65303017845428,1.2832947625118025,1.4908255079312276,-46.062666717164845,0.9911069730021098,31.752532205538596,526,415,111,78.89733840304183,2194.6844742793737,-3851.331665175909,18366.177257703926,-47351.37010059353,2.1305233037939306,7.908745247148289,69,102,67.64705882352942,21.21466464503228,-23.549980358617873,3.5536688747205636,,1.192453830679964,672
30,0.3,0.08,0.4,0.7,20,10,20000,486745.1927239453,466745.1927239453,2333.725963619727,45.65303017845428,1.2832947625118025,1.4908255079312276,-46.062666717164845,0.9911069730021098,31.752532205538596,526,415,111,78.89733840304183,2194.6844742793737,-3851.331665175909,18366.177257703926,-47351.37010059353,2.1305233037939306,7.908745247148289,69,102,67.64705882352942,21.21466464503228,-23.549980358617873,3.5536688747205636,,1.192453830679964,672
30,0.3,0.08,0.4,0.7,18,10,20000,486745.1927239453,466745.1927239453,2333.725963619727,45.65303017845428,1.2832947625118025,1.4908255079312276,-46.062666717164845,0.9911069730021098,31.752532205538596,526,415,111,78.89733840304183,2194.6844742793737,-3851.331665175909,18366.177257703926,-47351.37010059353,2.1305233037939306,7.908745247148289,69,102,67.64705882352942,21.21466464503228,-23.549980358617873,3.5536688747205636,,1.1974570357542433,634
30,0.3,0.08,0.4,0.7,18,10,20000,486745.1927239453,466745.1927239453,2333.725963619727,45.65303017845428,1.2832947625118025,1.4908255079312276,-46.062666717164845,0.9911069730021098,31.752532205538596,526,415,111,78.89733840304183,2194.6844742793737,-3851.331665175909,18366.177257703926,-47351.37010059353,2.1305233037939306,7.908745247148289,69,102,67.64705882352942,21.21466464503228,-23.549980358617873,3.5536688747205636,,1.1974570357542433,634
30,0.3,0.08,0.4,0.7,20,10,20000,486745.1927239453,466745.1927239453,2333.725963619727,45.65303017845428,1.2832947625118025,1.4908255079312276,-46.062666717164845,0.9911069730021098,31.752532205538596,526,415,111,78.89733840304183,2194.6844742793737,-3851.331665175909,18366.177257703926,-47351.37010059353,2.1305233037939306,7.908745247148289,69,102,67.64705882352942,21.21466464503228,-23.549980358617873,3.5536688747205636,,1.192453830679964,672
30,0.3,0.08,0.4,0.7,18,10,20000,486745.1927239453,466745.1927239453,2333.725963619727,45.65303017845428,1.2832947625118025,1.4908255079312276,-46.062666717164845,0.9911069730021098,31.752532205538596,526,415,111,78.89733840304183,2194.6844742793737,-3851.331665175909,18366.177257703926,-47351.37010059353,2.1305233037939306,7.908745247148289,69,102,67.64705882352942,21.21466464503228,-23.549980358617873,3.5536688747205636,,1.1974570357542433,634
30,0.3,0.08,0.4,0.7,18,10,20000,486745.1927239453,466745.1927239453,2333.725963619727,45.65303017845428,1.2832947625118025,1.4908255079312276,-46.062666717164845,0.9911069730021098,31.752532205538596,526,415,111,78.89733840304183,2194.6844742793737,-3851.331665175909,18366.177257703926,-47351.37010059353,2.1305233037939306,7.908745247148289,69,102,67.64705882352942,21.21466464503228,-23.549980358617873,3.5536688747205636,,1.1974570357542433,634
30,0.3,0.08,0.5,0.5,20,10,20000,478629.31337056594,458629.31337056594,2293.14656685283,45.3647869047638,1.2828376946810751,1.4759578967930118,-47.081729222993985,0.963532726036926,31.563358085506277,487,386,101,79.26078028747433,2238.193326711888,-3865.5572194952547,17939.056856361974,-47351.37010059353,2.2128471735700956,9.006160164271048,71,102,69.6078431372549,19.626656709391632,-22.90784010679452,3.5553246508853498,,1.1724792831088886,785
30,0.3,0.08,0.5,0.5,18,10,20000,478629.31337056594,458629.31337056594,2293.14656685283,45.3647869047638,1.2828376946810751,1.4759578967930118,-47.081729222993985,0.963532726036926,31.563358085506277,487,386,101,79.26078028747433,2238.193326711888,-3865.5572194952547,17939.056856361974,-47351.37010059353,2.2128471735700956,9.006160164271048,71,102,69.6078431372549,19.626656709391632,-22.90784010679452,3.5553246508853498,,1.1766381952288558,716
30,0.3,0.08,0.5,0.5,20,10,20000,478629.31337056594,458629.31337056594,2293.14656685283,45.3647869047638,1.2828376946810751,1.4759578967930118,-47.081729222993985,0.963532726036926,31.563358085506277,487,386,101,79.26078028747433,2238.193326711888,-3865.5572194952547,17939.056856361974,-47351.37010059353,2.2128471735700956,9.006160164271048,71,102,69.6078431372549,19.626656709391632,-22.90784010679452,3.5553246508853498,,1.1724792831088886,785
30,0.3,0.08,0.5,0.5,18,10,20000,478629.31337056594,458629.31337056594,2293.14656685283,45.3647869047638,1.2828376946810751,1.4759578967930118,-47.081729222993985,0.963532726036926,31.563358085506277,487,386,101,79.26078028747433,2238.193326711888,-3865.5572194952547,17939.056856361974,-47351.37010059353,2.2128471735700956,9.006160164271048,71,102,69.6078431372549,19.626656709391632,-22.90784010679452,3.5553246508853498,,1.1766381952288558,716
30,0.3,0.08,0.5,0.5,18,10,20000,478629.31337056594,458629.31337056594,2293.14656685283,45.3647869047638,1.2828376946810751,1.4759578967930118,-47.081729222993985,0.963532726036926,31.563358085506277,487,386,101,79.26078028747433,2238.193326711888,-3865.5572194952547,17939.056856361974,-47351.37010059353,2.2128471735700956,9.006160164271048,71,102,69.6078431372549,19.626656709391632,-22.90784010679452,3.5553246508853498,,1.1766381952288558,716
30,0.3,0.08,0.5,0.5,18,10,20000,478629.31337056594,458629.31337056594,2293.14656685283,45.3647869047638,1.2828376946810751,1.4759578967930118,-47.081729222993985,0.963532726036926,31.563358085506277,487,386,101,79.26078028747433,2238.193326711888,-3865.5572194952547,17939.056856361974,-47351.37010059353,2.2128471735700956,9.006160164271048,71,102,69.6078431372549,19.626656709391632,-22.90784010679452,3.5553246508853498,,1.1766381952288558,716
30,0.3,0.08,0.5,0.5,18,10,20000,478629.31337056594,458629.31337056594,2293.14656685283,45.3647869047638,1.2828376946810751,1.4759578967930118,-47.081729222993985,0.963532726036926,31.563358085506277,487,386,101,79.26078028747433,2238.193326711888,-3865.5572194952547,17939.056856361974,-47351.37010059353,2.2128471735700956,9.006160164271048,71,102,69.6078431372549,19.626656709391632,-22.90784010679452,3.5553246508853498,,1.1766381952288558,716
30,0.3,0.08,0.5,0.5,18,10,20000,478629.31337056594,458629.31337056594,2293.14656685283,45.3647869047638,1.2828376946810751,1.4759578967930118,-47.081729222993985,0.963532726036926,31.563358085506277,487,386,101,79.26078028747433,2238.193326711888,-3865.5572194952547,17939.056856361974,-47351.37010059353,2.2128471735700956,9.006160164271048,71,102,69.6078431372549,19.626656709391632,-22.90784010679452,3.5553246508853498,,1.1766381952288558,716
30,0.3,0.08,0.5,0.5,18,10,20000,478629.31337056594,458629.31337056594,2293.14656685283,45.3647869047638,1.2828376946810751,1.4759578967930118,-47.081729222993985,0.963532726036926,31.563358085506277,487,386,101,79.26078028747433,2238.193326711888,-3865.5572194952547,17939.056856361974,-47351.37010059353,2.2128471735700956,9.006160164271048,71,102,69.6078431372549,19.626656709391632,-22.90784010679452,3.5553246508853498,,1.1766381952288558,716
30,0.3,0.08,0.5,0.5,18,10,20000,478629.31337056594,458629.31337056594,2293.14656685283,45.3647869047638,1.2828376946810751,1.4759578967930118,-47.081729222993985,0.963532726036926,31.563358085506277,487,386,101,79.26078028747433,2238.193326711888,-3865.5572194952547,17939.056856361974,-47351.37010059353,2.2128471735700956,9.006160164271048,71,102,69.6078431372549,19.626656709391632,-22.90784010679452,3.5553246508853498,,1.1766381952288558,716
30,0.3,0.08,0.5,0.5,20,10,20000,478629.31337056594,458629.31337056594,2293.14656685283,45.3647869047638,1.2828376946810751,1.4759578967930118,-47.081729222993985,0.963532726036926,31.563358085506277,487,386,101,79.26078028747433,2238.193326711888,-3865.5572194952547,17939.056856361974,-47351.37010059353,2.2128471735700956,9.006160164271048,71,102,69.6078431372549,19.626656709391632,-22.90784010679452,3.5553246508853498,,1.1724792831088886,785
30,0.3,0.08,0.5,0.5,20,10,20000,478629.31337056594,458629.31337056594,2293.14656685283,45.3647869047638,1.2828376946810751,1.4759578967930118,-47.081729222993985,0.963532726036926,31.563358085506277,487,386,101,79.26078028747433,2238.193326711888,-3865.5572194952547,17939.056856361974,-47351.37010059353,2.2128471735700956,9.006160164271048,71,102,69.6078431372549,19.626656709391632,-22.90784010679452,3.5553246508853498,,1.1724792831088886,785
30,0.3,0.08,0.5,0.5,18,10,20000,478629.31337056594,458629.31337056594,2293.14656685283,45.3647869047638,1.2828376946810751,1.4759578967930118,-47.081729222993985,0.963532726036926,31.563358085506277,487,386,101,79.26078028747433,2238.193326711888,-3865.5572194952547,17939.056856361974,-47351.37010059353,2.2128471735700956,9.006160164271048,71,102,69.6078431372549,19.626656709391632,-22.90784010679452,3.5553246508853498,,1.1766381952288558,716
30,0.3,0.08,0.5,0.5,20,10,20000,478629.31337056594,458629.31337056594,2293.14656685283,45.3647869047638,1.2828376946810751,1.4759578967930118,-47.081729222993985,0.963532726036926,31.563358085506277,487,386,101,79.26078028747433,2238.193326711888,-3865.5572194952547,17939.056856361974,-47351.37010059353,2.2128471735700956,9.006160164271048,71,102,69.6078431372549,19.626656709391632,-22.90784010679452,3.5553246508853498,,1.1724792831088886,785
30,0.3,0.08,0.5,0.5,18,10,20000,478629.31337056594,458629.31337056594,2293.14656685283,45.3647869047638,1.2828376946810751,1.4759578967930118,-47.081729222993985,0.963532726036926,31.563358085506277,487,386,101,79.26078028747433,2238.193326711888,-3865.5572194952547,17939.056856361974,-47351.37010059353,2.2128471735700956,9.006160164271048,71,102,69.6078431372549,19.626656709391632,-22.90784010679452,3.5553246508853498,,1.1766381952288558,716
30,0.3,0.08,0.5,0.5,20,10,20000,478629.31337056594,458629.31337056594,2293.14656685283,45.3647869047638,1.2828376946810751,1.4759578967930118,-47.081729222993985,0.963532726036926,31.563358085506277,487,386,101,79.26078028747433,2238.193326711888,-3865.5572194952547,17939.056856361974,-47351.37010059353,2.2128471735700956,9.006160164271048,71,102,69.6078431372549,19.626656709391632,-22.90784010679452,3.5553246508853498,,1.1724792831088886,785
30,0.3,0.08,0.5,0.5,18,10,20000,478629.31337056594,458629.31337056594,2293.14656685283,45.3647869047638,1.2828376946810751,1.4759578967930118,-47.081729222993985,0.963532726036926,31.563358085506277,487,386,101,79.26078028747433,2238.193326711888,-3865.5572194952547,17939.056856361974,-47351.37010059353,2.2128471735700956,9.006160164271048,71,102,69.6078431372549,19.626656709391632,-22.90784010679452,3.5553246508853498,,1.1766381952288558,716
30,0.3,0.08,0.5,0.5,20,10,20000,478629.31337056594,458629.31337056594,2293.14656685283,45.3647869047638,1.2828376946810751,1.4759578967930118,-47.081729222993985,0.963532726036926,31.563358085506277,487,386,101,79.26078028747433,2238.193326711888,-3865.5572194952547,17939.056856361974,-47351.37010059353,2.2128471735700956,9.006160164271048,71,102,69.6078431372549,19.626656709391632,-22.90784010679452,3.5553246508853498,,1.1724792831088886,785
30,0.3,0.08,0.5,0.5,18,10,20000,478629.31337056594,458629.31337056594,2293.14656685283,45.3647869047638,1.2828376946810751,1.4759578967930118,-47.081729222993985,0.963532726036926,31.563358085506277,487,386,101,79.26078028747433,2238.193326711888,-3865.5572194952547,17939.056856361974,-47351.37010059353,2.2128471735700956,9.006160164271048,71,102,69.6078431372549,19.626656709391632,-22.90784010679452,3.5553246508853498,,1.1766381952288558,716
30,0.3,0.08,0.5,0.5,20,10,20000,478629.31337056594,458629.31337056594,2293.14656685283,45.3647869047638,1.2828376946810751,1.4759578967930118,-47.081729222993985,0.963532726036926,31.563358085506277,487,386,101,79.26078028747433,2238.193326711888,-3865.5572194952547,17939.056856361974,-47351.37010059353,2.2128471735700956,9.006160164271048,71,102,69.6078431372549,19.626656709391632,-22.90784010679452,3.5553246508853498,,1.1724792831088886,785
30,0.3,0.08,0.5,0.5,18,10,20000,478629.31337056594,458629.31337056594,2293.14656685283,45.3647869047638,1.2828376946810751,1.4759578967930118,-47.081729222993985,0.963532726036926,31.563358085506277,487,386,101,79.26078028747433,2238.193326711888,-3865.5572194952547,17939.056856361974,-47351.37010059353,2.2128471735700956,9.006160164271048,71,102,69.6078431372549,19.626656709391632,-22.90784010679452,3.5553246508853498,,1.1766381952288558,716
30,0.3,0.08,0.5,0.5,20,10,20000,478629.31337056594,458629.31337056594,2293.14656685283,45.3647869047638,1.2828376946810751,1.4759578967930118,-47.081729222993985,0.963532726036926,31.563358085506277,487,386,101,79.26078028747433,2238.193326711888,-3865.5572194952547,17939.056856361974,-47351.37010059353,2.2128471735700956,9.006160164271048,71,102,69.6078431372549,19.626656709391632,-22.90784010679452,3.5553246508853498,,1.1724792831088886,785
30,0.3,0.08,0.5,0.5,18,10,20000,478629.31337056594,458629.31337056594,2293.14656685283,45.3647869047638,1.2828376946810751,1.4759578967930118,-47.081729222993985,0.963532726036926,31.563358085506277,487,386,101,79.26078028747433,2238.193326711888,-3865.5572194952547,17939.056856361974,-47351.37010059353,2.2128471735700956,9.006160164271048,71,102,69.6078431372549,19.626656709391632,-22.90784010679452,3.5553246508853498,,1.1766381952288558,716
30,0.3,0.08,0.5,0.5,20,10,20000,478629.31337056594,458629.31337056594,2293.14656685283,45.3647869047638,1.2828376946810751,1.4759578967930118,-47.081729222993985,0.963532726036926,31.563358085506277,487,386,101,79.26078028747433,2238.193326711888,-3865.5572194952547,17939.056856361974,-47351.37010059353,2.2128471735700956,9.006160164271048,71,102,69.6078431372549,19.626656709391632,-22.90784010679452,3.5553246508853498,,1.1724792831088886,785
30,0.3,0.08,0.5,0.5,18,10,20000,478629.31337056594,458629.31337056594,2293.14656685283,45.3647869047638,1.2828376946810751,1.4759578967930118,-47.081729222993985,0.963532726036926,31.563358085506277,487,386,101,79.26078028747433,2238.193326711888,-3865.5572194952547,17939.056856361974,-47351.37010059353,2.2128471735700956,9.006160164271048,71,102,69.6078431372549,19.626656709391632,-22.90784010679452,3.5553246508853498,,1.1766381952288558,716
30,0.3,0.08,0.5,0.5,20,10,20000,478629.31337056594,458629.31337056594,2293.14656685283,45.3647869047638,1.2828376946810751,1.4759578967930118,-47.081729222993985,0.963532726036926,31.563358085506277,487,386,101,79.26078028747433,2238.193326711888,-3865.5572194952547,17939.056856361974,-47351.37010059353,2.2128471735700956,9.006160164271048,71,102,69.6078431372549,19.626656709391632,-22.90784010679452,3.5553246508853498,,1.1724792831088886,785
30,0.3,0.08,0.5,0.5,18,10,20000,478629.31337056594,458629.31337056594,2293.14656685283,45.3647869047638,1.2828376946810751,1.4759578967930118,-47.081729222993985,0.963532726036926,31.563358085506277,487,386,101,79.26078028747433,2238.193326711888,-3865.5572194952547,17939.056856361974,-47351.37010059353,2.2128471735700956,9.006160164271048,71,102,69.6078431372549,19.626656709391632,-22.90784010679452,3.5553246508853498,,1.1766381952288558,716
30,0.3,0.08,0.5,0.5,18,10,20000,478629.31337056594,458629.31337056594,2293.14656685283,45.3647869047638,1.2828376946810751,1.4759578967930118,-47.081729222993985,0.963532726036926,31.563358085506277,487,386,101,79.26078028747433,2238.193326711888,-3865.5572194952547,17939.056856361974,-47351.37010059353,2.2128471735700956,9.006160164271048,71,102,69.6078431372549,19.626656709391632,-22.90784010679452,3.5553246508853498,,1.1766381952288558,716
30,0.3,0.08,0.5,0.5,20,10,20000,478629.31337056594,458629.31337056594,2293.14656685283,45.3647869047638,1.2828376946810751,1.4759578967930118,-47.081729222993985,0.963532726036926,31.563358085506277,487,386,101,79.26078028747433,2238.193326711888,-3865.5572194952547,17939.056856361974,-47351.37010059353,2.2128471735700956,9.006160164271048,71,102,69.6078431372549,19.626656709391632,-22.90784010679452,3.5553246508853498,,1.1724792831088886,785
30,0.3,0.08,0.5,0.5,20,10,20000,478629.31337056594,458629.31337056594,2293.14656685283,45.3647869047638,1.2828376946810751,1.4759578967930118,-47.081729222993985,0.963532726036926,31.563358085506277,487,386,101,79.26078028747433,2238.193326711888,-3865.5572194952547,17939.056856361974,-47351.37010059353,2.2128471735700956,9.006160164271048,71,102,69.6078431372549,19.626656709391632,-22.90784010679452,3.5553246508853498,,1.1724792831088886,785
30,0.3,0.08,0.5,0.5,18,10,20000,478629.31337056594,458629.31337056594,2293.14656685283,45.3647869047638,1.2828376946810751,1.4759578967930118,-47.081729222993985,0.963532726036926,31.563358085506277,487,386,101,79.26078028747433,2238.193326711888,-3865.5572194952547,17939.056856361974,-47351.37010059353,2.2128471735700956,9.006160164271048,71,102,69.6078431372549,19.626656709391632,-22.90784010679452,3.5553246508853498,,1.1766381952288558,716
30,0.3,0.08,0.5,0.5,18,10,20000,478629.31337056594,458629.31337056594,2293.14656685283,45.3647869047638,1.2828376946810751,1.4759578967930118,-47.081729222993985,0.963532726036926,31.563358085506277,487,386,101,79.26078028747433,2238.193326711888,-3865.5572194952547,17939.056856361974,-47351.37010059353,2.2128471735700956,9.006160164271048,71,102,69.6078431372549,19.626656709391632,-22.90784010679452,3.5553246508853498,,1.1766381952288558,716
30,0.3,0.08,0.5,0.5,20,10,20000,478629.31337056594,458629.31337056594,2293.14656685283,45.3647869047638,1.2828376946810751,1.4759578967930118,-47.081729222993985,0.963532726036926,31.563358085506277,487,386,101,79.26078028747433,2238.193326711888,-3865.5572194952547,17939.056856361974,-47351.37010059353,2.2128471735700956,9.006160164271048,71,102,69.6078431372549,19.626656709391632,-22.90784010679452,3.5553246508853498,,1.1724792831088886,785
30,0.3,0.08,0.5,0.5,18,10,20000,478629.31337056594,458629.31337056594,2293.14656685283,45.3647869047638,1.2828376946810751,1.4759578967930118,-47.081729222993985,0.963532726036926,31.563358085506277,487,386,101,79.26078028747433,2238.193326711888,-3865.5572194952547,17939.056856361974,-47351.37010059353,2.2128471735700956,9.006160164271048,71,102,69.6078431372549,19.626656709391632,-22.90784010679452,3.5553246508853498,,1.1766381952288558,716
30,0.3,0.08,0.5,0.5,18,10,20000,478629.31337056594,458629.31337056594,2293.14656685283,45.3647869047638,1.2828376946810751,1.4759578967930118,-47.081729222993985,0.963532726036926,31.563358085506277,487,386,101,79.26078028747433,2238.193326711888,-3865.5572194952547,17939.056856361974,-47351.37010059353,2.2128471735700956,9.006160164271048,71,102,69.6078431372549,19.626656709391632,-22.90784010679452,3.5553246508853498,,1.1766381952288558,716
30,0.3,0.08,0.5,0.5,20,10,20000,478629.31337056594,458629.31337056594,2293.14656685283,45.3647869047638,1.2828376946810751,1.4759578967930118,-47.081729222993985,0.963532726036926,31.563358085506277,487,386,101,79.26078028747433,2238.193326711888,-3865.5572194952547,17939.056856361974,-47351.37010059353,2.2128471735700956,9.006160164271048,71,102,69.6078431372549,19.626656709391632,-22.90784010679452,3.5553246508853498,,1.1724792831088886,785
30,0.3,0.08,0.5,0.5,18,10,20000,478629.31337056594,458629.31337056594,2293.14656685283,45.3647869047638,1.2828376946810751,1.4759578967930118,-47.081729222993985,0.963532726036926,31.563358085506277,487,386,101,79.26078028747433,2238.193326711888,-3865.5572194952547,17939.056856361974,-47351.37010059353,2.2128471735700956,9.006160164271048,71,102,69.6078431372549,19.626656709391632,-22.90784010679452,3.5553246508853498,,1.1766381952288558,716
30,0.3,0.08,0.5,0.5,20,10,20000,478629.31337056594,458629.31337056594,2293.14656685283,45.3647869047638,1.2828376946810751,1.4759578967930118,-47.081729222993985,0.963532726036926,31.563358085506277,487,386,101,79.26078028747433,2238.193326711888,-3865.5572194952547,17939.056856361974,-47351.37010059353,2.2128471735700956,9.006160164271048,71,102,69.6078431372549,19.626656709391632,-22.90784010679452,3.5553246508853498,,1.1724792831088886,785
30,0.3,0.08,0.5,0.5,18,10,20000,478629.31337056594,458629.31337056594,2293.14656685283,45.3647869047638,1.2828376946810751,1.4759578967930118,-47.081729222993985,0.963532726036926,31.563358085506277,487,386,101,79.26078028747433,2238.193326711888,-3865.5572194952547,17939.056856361974,-47351.37010059353,2.2128471735700956,9.006160164271048,71,102,69.6078431372549,19.626656709391632,-22.90784010679452,3.5553246508853498,,1.1766381952288558,716
30,0.3,0.08,0.5,0.5,20,10,20000,478629.31337056594,458629.31337056594,2293.14656685283,45.3647869047638,1.2828376946810751,1.4759578967930118,-47.081729222993985,0.963532726036926,31.563358085506277,487,386,101,79.26078028747433,2238.193326711888,-3865.5572194952547,17939.056856361974,-47351.37010059353,2.2128471735700956,9.006160164271048,71,102,69.6078431372549,19.626656709391632,-22.90784010679452,3.5553246508853498,,1.1724792831088886,785
30,0.3,0.08,0.5,0.5,18,10,20000,478629.31337056594,458629.31337056594,2293.14656685283,45.3647869047638,1.2828376946810751,1.4759578967930118,-47.081729222993985,0.963532726036926,31.563358085506277,487,386,101,79.26078028747433,2238.193326711888,-3865.5572194952547,17939.056856361974,-47351.37010059353,2.2128471735700956,9.006160164271048,71,102,69.6078431372549,19.626656709391632,-22.90784010679452,3.5553246508853498,,1.1766381952288558,716
30,0.3,0.08,0.5,0.5,20,10,20000,478629.31337056594,458629.31337056594,2293.14656685283,45.3647869047638,1.2828376946810751,1.4759578967930118,-47.081729222993985,0.963532726036926,31.563358085506277,487,386,101,79.26078028747433,2238.193326711888,-3865.5572194952547,17939.056856361974,-47351.37010059353,2.2128471735700956,9.006160164271048,71,102,69.6078431372549,19.626656709391632,-22.90784010679452,3.5553246508853498,,1.1724792831088886,785
30,0.3,0.08,0.5,0.5,18,10,20000,478629.31337056594,458629.31337056594,2293.14656685283,45.3647869047638,1.2828376946810751,1.4759578967930118,-47.081729222993985,0.963532726036926,31.563358085506277,487,386,101,79.26078028747433,2238.193326711888,-3865.5572194952547,17939.056856361974,-47351.37010059353,2.2128471735700956,9.006160164271048,71,102,69.6078431372549,19.626656709391632,-22.90784010679452,3.5553246508853498,,1.1766381952288558,716
30,0.3,0.08,0.5,0.5,20,10,20000,478629.31337056594,458629.31337056594,2293.14656685283,45.3647869047638,1.2828376946810751,1.4759578967930118,-47.081729222993985,0.963532726036926,31.563358085506277,487,386,101,79.26078028747433,2238.193326711888,-3865.5572194952547,17939.056856361974,-47351.37010059353,2.2128471735700956,9.006160164271048,71,102,69.6078431372549,19.626656709391632,-22.90784010679452,3.5553246508853498,,1.1724792831088886,785
30,0.3,0.08,0.5,0.5,18,10,20000,478629.31337056594,458629.31337056594,2293.14656685283,45.3647869047638,1.2828376946810751,1.4759578967930118,-47.081729222993985,0.963532726036926,31.563358085506277,487,386,101,79.26078028747433,2238.193326711888,-3865.5572194952547,17939.056856361974,-47351.37010059353,2.2128471735700956,9.006160164271048,71,102,69.6078431372549,19.626656709391632,-22.90784010679452,3.5553246508853498,,1.1766381952288558,716
30,0.3,0.08,0.5,0.5,18,10,20000,478629.31337056594,458629.31337056594,2293.14656685283,45.3647869047638,1.2828376946810751,1.4759578967930118,-47.081729222993985,0.963532726036926,31.563358085506277,487,386,101,79.26078028747433,2238.193326711888,-3865.5572194952547,17939.056856361974,-47351.37010059353,2.2128471735700956,9.006160164271048,71,102,69.6078431372549,19.626656709391632,-22.90784010679452,3.5553246508853498,,1.1766381952288558,716
30,0.3,0.08,0.5,0.5,20,10,20000,478629.31337056594,458629.31337056594,2293.14656685283,45.3647869047638,1.2828376946810751,1.4759578967930118,-47.081729222993985,0.963532726036926,31.563358085506277,487,386,101,79.26078028747433,2238.193326711888,-3865.5572194952547,17939.056856361974,-47351.37010059353,2.2128471735700956,9.006160164271048,71,102,69.6078431372549,19.626656709391632,-22.90784010679452,3.5553246508853498,,1.1724792831088886,785
30,0.3,0.1,0.5,0.7,20,10,20000,568375.1473956951,548375.1473956951,2741.8757369784753,48.33792917283377,1.2827639090441876,1.5051304639742267,-49.92903544588127,0.9681326454869708,33.694098898388525,540,418,122,77.4074074074074,2465.6573862017667,-3796.9862506626746,22827.519388217115,-55390.27629265049,2.2248982577256657,9.12037037037037,71,102,69.6078431372549,21.48270496368896,-25.501961317534594,3.810874594639464,,1.1851888653348936,699
30,0.3,0.1,0.5,0.7,18,10,20000,568375.1473956951,548375.1473956951,2741.8757369784753,48.33792917283377,1.2827639090441876,1.5051304639742267,-49.92903544588127,0.9681326454869708,33.694098898388525,540,418,122,77.4074074074074,2465.6573862017667,-3796.9862506626746,22827.519388217115,-55390.27629265049,2.2248982577256657,9.12037037037037,71,102,69.6078431372549,21.48270496368896,-25.501961317534594,3.810874594639464,,1.1887276377056315,632
30,0.28,0.1,0.55,0.5,22,10,20000,479355.3512274524,459355.3512274524,2296.776756137262,45.39074773264558,1.2814312237862684,1.4710203654449643,-41.56790431229859,1.0919662293202483,31.628818453558893,674,478,196,70.91988130563797,2480.220412791832,-3653.7384352602885,20978.13639681508,-36722.98983981645,1.6554827089569906,6.906528189910979,68,102,66.66666666666666,19.539386973016203,-20.60779082650933,3.521419475446652,,1.1367796448812266,205
30,0.28,0.1,0.55,0.5,22,10,20000,479355.3512274524,459355.3512274524,2296.776756137262,45.39074773264558,1.2814312237862684,1.4710203654449643,-41.56790431229859,1.0919662293202483,31.628818453558893,674,478,196,70.91988130563797,2480.220412791832,-3653.7384352602885,20978.13639681508,-36722.98983981645,1.6554827089569906,6.906528189910979,68,102,66.66666666666666,19.539386973016203,-20.60779082650933,3.521419475446652,,1.1367796448812266,205
30,0.28,0.1,0.55,0.5,22,10,20000,479355.3512274524,459355.3512274524,2296.776756137262,45.39074773264558,1.2814312237862684,1.4710203654449643,-41.56790431229859,1.0919662293202483,31.628818453558893,674,478,196,70.91988130563797,2480.220412791832,-3653.7384352602885,20978.13639681508,-36722.98983981645,1.6554827089569906,6.906528189910979,68,102,66.66666666666666,19.539386973016203,-20.60779082650933,3.521419475446652,,1.1367796448812266,205
30,0.28,0.1,0.55,0.5,22,10,20000,479355.3512274524,459355.3512274524,2296.776756137262,45.39074773264558,1.2814312237862684,1.4710203654449643,-41.56790431229859,1.0919662293202483,31.628818453558893,674,478,196,70.91988130563797,2480.220412791832,-3653.7384352602885,20978.13639681508,-36722.98983981645,1.6554827089569906,6.906528189910979,68,102,66.66666666666666,19.539386973016203,-20.60779082650933,3.521419475446652,,1.1367796448812266,205
30,0.28,0.1,0.55,0.5,22,10,20000,479355.3512274524,459355.3512274524,2296.776756137262,45.39074773264558,1.2814312237862684,1.4710203654449643,-41.56790431229859,1.0919662293202483,31.628818453558893,674,478,196,70.91988130563797,2480.220412791832,-3653.7384352602885,20978.13639681508,-36722.98983981645,1.6554827089569906,6.906528189910979,68,102,66.66666666666666,19.539386973016203,-20.60779082650933,3.521419475446652,,1.1367796448812266,205
30,0.28,0.1,0.55,0.5,22,10,20000,479355.3512274524,459355.3512274524,2296.776756137262,45.39074773264558,1.2814312237862684,1.4710203654449643,-41.56790431229859,1.0919662293202483,31.628818453558893,674,478,196,70.91988130563797,2480.220412791832,-3653.7384352602885,20978.13639681508,-36722.98983981645,1.6554827089569906,6.906528189910979,68,102,66.66666666666666,19.539386973016203,-20.60779082650933,3.521419475446652,,1.1367796448812266,205
30,0.28,0.1,0.55,0.5,22,10,20000,479355.3512274524,459355.3512274524,2296.776756137262,45.39074773264558,1.2814312237862684,1.4710203654449643,-41.56790431229859,1.0919662293202483,31.628818453558893,674,478,196,70.91988130563797,2480.220412791832,-3653.7384352602885,20978.13639681508,-36722.98983981645,1.6554827089569906,6.906528189910979,68,102,66.66666666666666,19.539386973016203,-20.60779082650933,3.521419475446652,,1.1367796448812266,205
30,0.28,0.1,0.55,0.5,22,10,20000,479355.3512274524,459355.3512274524,2296.776756137262,45.39074773264558,1.2814312237862684,1.4710203654449643,-41.56790431229859,1.0919662293202483,31.628818453558893,674,478,196,70.91988130563797,2480.220412791832,-3653.7384352602885,20978.13639681508,-36722.98983981645,1.6554827089569906,6.906528189910979,68,102,66.66666666666666,19.539386973016203,-20.60779082650933,3.521419475446652,,1.1367796448812266,205
30,0.28,0.1,0.55,0.5,22,10,20000,479355.3512274524,459355.3512274524,2296.776756137262,45.39074773264558,1.2814312237862684,1.4710203654449643,-41.56790431229859,1.0919662293202483,31.628818453558893,674,478,196,70.91988130563797,2480.220412791832,-3653.7384352602885,20978.13639681508,-36722.98983981645,1.6554827089569906,6.906528189910979,68,102,66.66666666666666,19.539386973016203,-20.60779082650933,3.521419475446652,,1.1367796448812266,205
30,0.28,0.1,0.55,0.5,22,10,20000,479355.3512274524,459355.3512274524,2296.776756137262,45.39074773264558,1.2814312237862684,1.4710203654449643,-41.56790431229859,1.0919662293202483,31.628818453558893,674,478,196,70.91988130563797,2480.220412791832,-3653.7384352602885,20978.13639681508,-36722.98983981645,1.6554827089569906,6.906528189910979,68,102,66.66666666666666,19.539386973016203,-20.60779082650933,3.521419475446652,,1.1367796448812266,205
30,0.28,0.1,0.6,0.5,22,10,20000,462832.27095104876,442832.27095104876,2214.161354755244,44.79115328092445,1.2758042152815943,1.454665857273065,-39.80581000465868,1.1252415985425823,31.38407380502497,670,471,199,70.29850746268657,2383.610465514557,-3369.082097730804,20228.91723978597,-35973.5410675753,1.6745245547995204,6.949253731343283,68,102,66.66666666666666,19.671523509243904,-19.36072812740569,3.4826598051425677,,1.1576308383131273,101
30,0.28,0.1,0.6,0.5,22,10,20000,462832.27095104876,442832.27095104876,2214.161354755244,44.79115328092445,1.2758042152815943,1.454665857273065,-39.80581000465868,1.1252415985425823,31.38407380502497,670,471,199,70.29850746268657,2383.610465514557,-3369.082097730804,20228.91723978597,-35973.5410675753,1.6745245547995204,6.949253731343283,68,102,66.66666666666666,19.671523509243904,-19.36072812740569,3.4826598051425677,,1.1576308383131273,101
30,0.28,0.1,0.6,0.5,22,10,20000,462832.27095104876,442832.27095104876,2214.161354755244,44.79115328092445,1.2758042152815943,1.454665857273065,-39.80581000465868,1.1252415985425823,31.38407380502497,670,471,199,70.29850746268657,2383.610465514557,-3369.082097730804,20228.91723978597,-35973.5410675753,1.6745245547995204,6.949253731343283,68,102,66.66666666666666,19.671523509243904,-19.36072812740569,3.4826598051425677,,1.1576308383131273,101
30,0.28,0.1,0.6,0.5,22,10,20000,462832.27095104876,442832.27095104876,2214.161354755244,44.79115328092445,1.2758042152815943,1.454665857273065,-39.80581000465868,1.1252415985425823,31.38407380502497,670,471,199,70.29850746268657,2383.610465514557,-3369.082097730804,20228.91723978597,-35973.5410675753,1.6745245547995204,6.949253731343283,68,102,66.66666666666666,19.671523509243904,-19.36072812740569,3.4826598051425677,,1.1576308383131273,101
30,0.28,0.1,0.6,0.5,22,10,20000,462832.27095104876,442832.27095104876,2214.161354755244,44.79115328092445,1.2758042152815943,1.454665857273065,-39.80581000465868,1.1252415985425823,31.38407380502497,670,471,199,70.29850746268657,2383.610465514557,-3369.082097730804,20228.91723978597,-35973.5410675753,1.6745245547995204,6.949253731343283,68,102,66.66666666666666,19.671523509243904,-19.36072812740569,3.4826598051425677,,1.1576308383131273,101
30,0.28,0.1,0.6,0.5,22,10,20000,462832.27095104876,442832.27095104876,2214.161354755244,44.79115328092445,1.2758042152815943,1.454665857273065,-39.80581000465868,1.1252415985425823,31.38407380502497,670,471,199,70.29850746268657,2383.610465514557,-3369.082097730804,20228.91723978597,-35973.5410675753,1.6745245547995204,6.949253731343283,68,102,66.66666666666666,19.671523509243904,-19.36072812740569,3.4826598051425677,,1.1576308383131273,101
30,0.28,0.1,0.6,0.5,22,10,20000,462832.27095104876,442832.27095104876,2214.161354755244,44.79115328092445,1.2758042152815943,1.454665857273065,-39.80581000465868,1.1252415985425823,31.38407380502497,670,471,199,70.29850746268657,2383.610465514557,-3369.082097730804,20228.91723978597,-35973.5410675753,1.6745245547995204,6.949253731343283,68,102,66.66666666666666,19.671523509243904,-19.36072812740569,3.4826598051425677,,1.1576308383131273,101
30,0.28,0.1,0.6,0.5,22,10,20000,462832.27095104876,442832.27095104876,2214.161354755244,44.79115328092445,1.2758042152815943,1.454665857273065,-39.80581000465868,1.1252415985425823,31.38407380502497,670,471,199,70.29850746268657,2383.610465514557,-3369.082097730804,20228.91723978597,-35973.5410675753,1.6745245547995204,6.949253731343283,68,102,66.66666666666666,19.671523509243904,-19.36072812740569,3.4826598051425677,,1.1576308383131273,101
30,0.28,0.1,0.6,0.5,22,10,20000,462832.27095104876,442832.27095104876,2214.161354755244,44.79115328092445,1.2758042152815943,1.454665857273065,-39.80581000465868,1.1252415985425823,31.38407380502497,670,471,199,70.29850746268657,2383.610465514557,-3369.082097730804,20228.91723978597,-35973.5410675753,1.6745245547995204,6.949253731343283,68,102,66.66666666666666,19.671523509243904,-19.36072812740569,3.4826598051425677,,1.1576308383131273,101
30,0.28,0.1,0.6,0.5,22,10,20000,462832.27095104876,442832.27095104876,2214.161354755244,44.79115328092445,1.2758042152815943,1.454665857273065,-39.80581000465868,1.1252415985425823,31.38407380502497,670,471,199,70.29850746268657,2383.610465514557,-3369.082097730804,20228.91723978597,-35973.5410675753,1.6745245547995204,6.949253731343283,68,102,66.66666666666666,19.671523509243904,-19.36072812740569,3.4826598051425677,,1.1576308383131273,101
30,0.28,0.1,0.6,0.5,22,10,20000,462832.27095104876,442832.27095104876,2214.161354755244,44.79115328092445,1.2758042152815943,1.454665857273065,-39.80581000465868,1.1252415985425823,31.38407380502497,670,471,199,70.29850746268657,2383.610465514557,-3369.082097730804,20228.91723978597,-35973.5410675753,1.6745245547995204,6.949253731343283,68,102,66.66666666666666,19.671523509243904,-19.36072812740569,3.4826598051425677,,1.1576308383131273,101
30,0.28,0.1,0.6,0.5,22,10,20000,462832.27095104876,442832.27095104876,2214.161354755244,44.79115328092445,1.2758042152815943,1.454665857273065,-39.80581000465868,1.1252415985425823,31.38407380502497,670,471,199,70.29850746268657,2383.610465514557,-3369.082097730804,20228.91723978597,-35973.5410675753,1.6745245547995204,6.949253731343283,68,102,66.66666666666666,19.671523509243904,-19.36072812740569,3.4826598051425677,,1.1576308383131273,101
30,0.28,0.1,0.6,0.5,22,10,20000,462832.27095104876,442832.27095104876,2214.161354755244,44.79115328092445,1.2758042152815943,1.454665857273065,-39.80581000465868,1.1252415985425823,31.38407380502497,670,471,199,70.29850746268657,2383.610465514557,-3369.082097730804,20228.91723978597,-35973.5410675753,1.6745245547995204,6.949253731343283,68,102,66.66666666666666,19.671523509243904,-19.36072812740569,3.4826598051425677,,1.1576308383131273,101
30,0.28,0.1,0.6,0.5,22,10,20000,462832.27095104876,442832.27095104876,2214.161354755244,44.79115328092445,1.2758042152815943,1.454665857273065,-39.80581000465868,1.1252415985425823,31.38407380502497,670,471,199,70.29850746268657,2383.610465514557,-3369.082097730804,20228.91723978597,-35973.5410675753,1.6745245547995204,6.949253731343283,68,102,66.66666666666666,19.671523509243904,-19.36072812740569,3.4826598051425677,,1.1576308383131273,101
30,0.28,0.1,0.6,0.5,22,10,20000,462832.27095104876,442832.27095104876,2214.161354755244,44.79115328092445,1.2758042152815943,1.454665857273065,-39.80581000465868,1.1252415985425823,31.38407380502497,670,471,199,70.29850746268657,2383.610465514557,-3369.082097730804,20228.91723978597,-35973.5410675753,1.6745245547995204,6.949253731343283,68,102,66.66666666666666,19.671523509243904,-19.36072812740569,3.4826598051425677,,1.1576308383131273,101
30,0.28,0.1,0.6,0.5,22,10,20000,462832.27095104876,442832.27095104876,2214.161354755244,44.79115328092445,1.2758042152815943,1.454665857273065,-39.80581000465868,1.1252415985425823,31.38407380502497,670,471,199,70.29850746268657,2383.610465514557,-3369.082097730804,20228.91723978597,-35973.5410675753,1.6745245547995204,6.949253731343283,68,102,66.66666666666666,19.671523509243904,-19.36072812740569,3.4826598051425677,,1.1576308383131273,101
30,0.28,0.1,0.6,0.5,22,10,20000,462832.27095104876,442832.27095104876,2214.161354755244,44.79115328092445,1.2758042152815943,1.454665857273065,-39.80581000465868,1.1252415985425823,31.38407380502497,670,471,199,70.29850746268657,2383.610465514557,-3369.082097730804,20228.91723978597,-35973.5410675753,1.6745245547995204,6.949253731343283,68,102,66.66666666666666,19.671523509243904,-19.36072812740569,3.4826598051425677,,1.1576308383131273,101
30,0.3,0.12,0.45,0.5,18,10,20000,645661.6922946785,625661.6922946785,3128.3084614733925,50.58283133133092,1.2716815659197018,1.4951772592247063,-51.66860532364588,0.9789858080063552,35.74190460396575,620,477,143,76.93548387096774,2629.4994803017066,-4219.67833207204,27973.443630576494,-61544.75143627832,2.0786247071073105,8.753225806451614,70,102,68.62745098039215,23.122777590395938,-23.76644826790009,3.955043504900502,,1.1713237749587895,251
30,0.3,0.08,0.6,0.5,22,10,20000,386562.0782961466,366562.0782961466,1832.810391480733,41.75180820327995,1.258471983041063,1.4235140387383036,-39.454705023019194,1.0582212737091952,29.716459705698423,606,420,186,69.3069306930693,2192.578225823961,-2952.0938867586347,15671.453272218883,-30271.692477055152,1.677108954013098,6.985148514851486,68,102,66.66666666666666,18.150975261917512,-17.452655441242303,3.275157766047884,,1.1935318101822965,67
30,0.3,0.08,0.6,0.5,22,10,20000,386562.0782961466,366562.0782961466,1832.810391480733,41.75180820327995,1.258471983041063,1.4235140387383036,-39.454705023019194,1.0582212737091952,29.716459705698423,606,420,186,69.3069306930693,2192.578225823961,-2952.0938867586347,15671.453272218883,-30271.692477055152,1.677108954013098,6.985148514851486,68,102,66.66666666666666,18.150975261917512,-17.452655441242303,3.275157766047884,,1.1935318101822965,67
30,0.3,0.08,0.6,0.5,22,10,20000,386562.0782961466,366562.0782961466,1832.810391480733,41.75180820327995,1.258471983041063,1.4235140387383036,-39.454705023019194,1.0582212737091952,29.716459705698423,606,420,186,69.3069306930693,2192.578225823961,-2952.0938867586347,15671.453272218883,-30271.692477055152,1.677108954013098,6.985148514851486,68,102,66.66666666666666,18.150975261917512,-17.452655441242303,3.275157766047884,,1.1935318101822965,67
30,0.3,0.08,0.6,0.5,22,10,20000,386562.0782961466,366562.0782961466,1832.810391480733,41.75180820327995,1.258471983041063,1.4235140387383036,-39.454705023019194,1.0582212737091952,29.716459705698423,606,420,186,69.3069306930693,2192.578225823961,-2952.0938867586347,15671.453272218883,-30271.692477055152,1.677108954013098,6.985148514851486,68,102,66.66666666666666,18.150975261917512,-17.452655441242303,3.275157766047884,,1.1935318101822965,67
30,0.3,0.08,0.6,0.5,22,10,20000,386562.0782961466,366562.0782961466,1832.810391480733,41.75180820327995,1.258471983041063,1.4235140387383036,-39.454705023019194,1.0582212737091952,29.716459705698423,606,420,186,69.3069306930693,2192.578225823961,-2952.0938867586347,15671.453272218883,-30271.692477055152,1.677108954013098,6.985148514851486,68,102,66.66666666666666,18.150975261917512,-17.452655441242303,3.275157766047884,,1.1935318101822965,67
30,0.3,0.08,0.6,0.5,22,10,20000,386562.0782961466,366562.0782961466,1832.810391480733,41.75180820327995,1.258471983041063,1.4235140387383036,-39.454705023019194,1.0582212737091952,29.716459705698423,606,420,186,69.3069306930693,2192.578225823961,-2952.0938867586347,15671.453272218883,-30271.692477055152,1.677108954013098,6.985148514851486,68,102,66.66666666666666,18.150975261917512,-17.452655441242303,3.275157766047884,,1.1935318101822965,67
30,0.28,0.08,0.6,0.5,22,10,20000,367075.582528327,347075.582528327,1735.3779126416348,40.890628574568936,1.2538226173400235,1.402501852107388,-37.8518347474346,1.080281282199677,29.223386047160403,598,424,174,70.90301003344482,2081.0660029336555,-3040.6206652070878,14846.639942102101,-27899.639883484062,1.6677856009786538,7.008361204013378,68,102,66.66666666666666,17.823324294244426,-16.547708285508644,3.1991384664860854,,1.1672505642899729,86
30,0.3,0.1,0.55,0.5,22,10,20000,466598.5302190559,446598.5302190559,2232.9926510952796,44.92946680887262,1.253680528315794,1.4532277405082215,-42.58389839894427,1.055081110422396,32.227969294954164,653,461,192,70.59724349157733,2445.2313532165,-3503.912379149988,20228.91723978597,-35973.5410675753,1.6755848116090166,6.940275650842266,68,102,66.66666666666666,19.95180168105637,-18.04636989579196,3.5132311605082958,,1.154255196368778,169
30,0.3,0.1,0.55,0.5,22,10,20000,466598.5302190559,446598.5302190559,2232.9926510952796,44.92946680887262,1.253680528315794,1.4532277405082215,-42.58389839894427,1.055081110422396,32.227969294954164,653,461,192,70.59724349157733,2445.2313532165,-3503.912379149988,20228.91723978597,-35973.5410675753,1.6755848116090166,6.940275650842266,68,102,66.66666666666666,19.95180168105637,-18.04636989579196,3.5132311605082958,,1.154255196368778,169
30,0.3,0.1,0.55,0.5,22,10,20000,466598.5302190559,446598.5302190559,2232.9926510952796,44.92946680887262,1.253680528315794,1.4532277405082215,-42.58389839894427,1.055081110422396,32.227969294954164,653,461,192,70.59724349157733,2445.2313532165,-3503.912379149988,20228.91723978597,-35973.5410675753,1.6755848116090166,6.940275650842266,68,102,66.66666666666666,19.95180168105637,-18.04636989579196,3.5132311605082958,,1.154255196368778,169
30,0.3,0.1,0.55,0.5,22,10,20000,466598.5302190559,446598.5302190559,2232.9926510952796,44.92946680887262,1.253680528315794,1.4532277405082215,-42.58389839894427,1.055081110422396,32.227969294954164,653,461,192,70.59724349157733,2445.2313532165,-3503.912379149988,20228.91723978597,-35973.5410675753,1.6755848116090166,6.940275650842266,68,102,66.66666666666666,19.95180168105637,-18.04636989579196,3.5132311605082958,,1.154255196368778,169
30,0.3,0.1,0.55,0.5,22,10,20000,466598.5302190559,446598.5302190559,2232.9926510952796,44.92946680887262,1.253680528315794,1.4532277405082215,-42.58389839894427,1.055081110422396,32.227969294954164,653,461,192,70.59724349157733,2445.2313532165,-3503.912379149988,20228.91723978597,-35973.5410675753,1.6755848116090166,6.940275650842266,68,102,66.66666666666666,19.95180168105637,-18.04636989579196,3.5132311605082958,,1.154255196368778,169
30,0.3,0.12,0.45,0.7,18,10,20000,601749.8246708988,581749.8246708988,2908.7491233544943,49.33847080347022,1.2524997312822086,1.4883526468379562,-51.33531898013556,0.961101864830371,35.57209079257829,601,466,135,77.53743760399334,2480.9006338259273,-4081.8077252175012,25848.878291545374,-56621.17132137606,2.098016864985021,8.75873544093178,70,102,68.62745098039215,23.212633277601526,-25.967642149889613,3.9069651582302,,1.1885077741290593,220
30,0.3,0.08,0.45,0.3,20,10,20000,427084.0101087498,407084.0101087498,2035.4200505437489,43.42642401767161,1.2496701560589676,1.4208052304061398,-41.97018502079529,1.0346969877820358,31.252433947703533,510,401,109,78.62745098039215,2259.388397735091,-4442.872951747702,16908.673267394057,-48837.120224013124,1.8708754434052637,8.209803921568627,70,102,68.62745098039215,20.48684515019863,-19.316379191819667,3.421096625442498,,1.1755433217782394,807
30,0.3,0.08,0.45,0.3,18,10,20000,427084.0101087498,407084.0101087498,2035.4200505437489,43.42642401767161,1.2496701560589676,1.4208052304061398,-41.97018502079529,1.0346969877820358,31.252433947703533,510,401,109,78.62745098039215,2259.388397735091,-4442.872951747702,16908.673267394057,-48837.120224013124,1.8708754434052637,8.209803921568627,70,102,68.62745098039215,20.48684515019863,-19.316379191819667,3.421096625442498,,1.1802615050506298,757
30,0.3,0.08,0.45,0.3,20,10,20000,427084.0101087498,407084.0101087498,2035.4200505437489,43.42642401767161,1.2496701560589676,1.4208052304061398,-41.97018502079529,1.0346969877820358,31.252433947703533,510,401,109,78.62745098039215,2259.388397735091,-4442.872951747702,16908.673267394057,-48837.120224013124,1.8708754434052637,8.209803921568627,70,102,68.62745098039215,20.48684515019863,-19.316379191819667,3.421096625442498,,1.1755433217782394,807
30,0.3,0.08,0.45,0.3,18,10,20000,427084.0101087498,407084.0101087498,2035.4200505437489,43.42642401767161,1.2496701560589676,1.4208052304061398,-41.97018502079529,1.0346969877820358,31.252433947703533,510,401,109,78.62745098039215,2259.388397735091,-4442.872951747702,16908.673267394057,-48837.120224013124,1.8708754434052637,8.209803921568627,70,102,68.62745098039215,20.48684515019863,-19.316379191819667,3.421096625442498,,1.1802615050506298,757
30,0.3,0.08,0.45,0.3,20,10,20000,427084.0101087498,407084.0101087498,2035.4200505437489,43.42642401767161,1.2496701560589676,1.4208052304061398,-41.97018502079529,1.0346969877820358,31.252433947703533,510,401,109,78.62745098039215,2259.388397735091,-4442.872951747702,16908.673267394057,-48837.120224013124,1.8708754434052637,8.209803921568627,70,102,68.62745098039215,20.48684515019863,-19.316379191819667,3.421096625442498,,1.1755433217782394,807
30,0.3,0.08,0.45,0.3,18,10,20000,427084.0101087498,407084.0101087498,2035.4200505437489,43.42642401767161,1.2496701560589676,1.4208052304061398,-41.97018502079529,1.0346969877820358,31.252433947703533,510,401,109,78.62745098039215,2259.388397735091,-4442.872951747702,16908.673267394057,-48837.120224013124,1.8708754434052637,8.209803921568627,70,102,68.62745098039215,20.48684515019863,-19.316379191819667,3.421096625442498,,1.1802615050506298,757
30,0.3,0.08,0.45,0.3,18,10,20000,427084.0101087498,407084.0101087498,2035.4200505437489,43.42642401767161,1.2496701560589676,1.4208052304061398,-41.97018502079529,1.0346969877820358,31.252433947703533,510,401,109,78.62745098039215,2259.388397735091,-4442.872951747702,16908.673267394057,-48837.120224013124,1.8708754434052637,8.209803921568627,70,102,68.62745098039215,20.48684515019863,-19.316379191819667,3.421096625442498,,1.1802615050506298,757
30,0.3,0.08,0.45,0.3,20,10,20000,427084.0101087498,407084.0101087498,2035.4200505437489,43.42642401767161,1.2496701560589676,1.4208052304061398,-41.97018502079529,1.0346969877820358,31.252433947703533,510,401,109,78.62745098039215,2259.388397735091,-4442.872951747702,16908.673267394057,-48837.120224013124,1.8708754434052637,8.209803921568627,70,102,68.62745098039215,20.48684515019863,-19.316379191819667,3.421096625442498,,1.1755433217782394,807
30,0.3,0.08,0.45,0.3,18,10,20000,427084.0101087498,407084.0101087498,2035.4200505437489,43.42642401767161,1.2496701560589676,1.4208052304061398,-41.97018502079529,1.0346969877820358,31.252433947703533,510,401,109,78.62745098039215,2259.388397735091,-4442.872951747702,16908.673267394057,-48837.120224013124,1.8708754434052637,8.209803921568627,70,102,68.62745098039215,20.48684515019863,-19.316379191819667,3.421096625442498,,1.1802615050506298,757
30,0.3,0.08,0.45,0.3,20,10,20000,427084.0101087498,407084.0101087498,2035.4200505437489,43.42642401767161,1.2496701560589676,1.4208052304061398,-41.97018502079529,1.0346969877820358,31.252433947703533,510,401,109,78.62745098039215,2259.388397735091,-4442.872951747702,16908.673267394057,-48837.120224013124,1.8708754434052637,8.209803921568627,70,102,68.62745098039215,20.48684515019863,-19.316379191819667,3.421096625442498,,1.1755433217782394,807
30,0.3,0.08,0.45,0.3,18,10,20000,427084.0101087498,407084.0101087498,2035.4200505437489,43.42642401767161,1.2496701560589676,1.4208052304061398,-41.97018502079529,1.0346969877820358,31.252433947703533,510,401,109,78.62745098039215,2259.388397735091,-4442.872951747702,16908.673267394057,-48837.120224013124,1.8708754434052637,8.209803921568627,70,102,68.62745098039215,20.48684515019863,-19.316379191819667,3.421096625442498,,1.1802615050506298,757
30,0.3,0.08,0.45,0.3,20,10,20000,427084.0101087498,407084.0101087498,2035.4200505437489,43.42642401767161,1.2496701560589676,1.4208052304061398,-41.97018502079529,1.0346969877820358,31.252433947703533,510,401,109,78.62745098039215,2259.388397735091,-4442.872951747702,16908.673267394057,-48837.120224013124,1.8708754434052637,8.209803921568627,70,102,68.62745098039215,20.48684515019863,-19.316379191819667,3.421096625442498,,1.1755433217782394,807
30,0.3,0.08,0.45,0.3,18,10,20000,427084.0101087498,407084.0101087498,2035.4200505437489,43.42642401767161,1.2496701560589676,1.4208052304061398,-41.97018502079529,1.0346969877820358,31.252433947703533,510,401,109,78.62745098039215,2259.388397735091,-4442.872951747702,16908.673267394057,-48837.120224013124,1.8708754434052637,8.209803921568627,70,102,68.62745098039215,20.48684515019863,-19.316379191819667,3.421096625442498,,1.1802615050506298,757
30,0.3,0.08,0.45,0.3,20,10,20000,427084.0101087498,407084.0101087498,2035.4200505437489,43.42642401767161,1.2496701560589676,1.4208052304061398,-41.97018502079529,1.0346969877820358,31.252433947703533,510,401,109,78.62745098039215,2259.388397735091,-4442.872951747702,16908.673267394057,-48837.120224013124,1.8708754434052637,8.209803921568627,70,102,68.62745098039215,20.48684515019863,-19.316379191819667,3.421096625442498,,1.1755433217782394,807
30,0.3,0.08,0.45,0.3,18,10,20000,427084.0101087498,407084.0101087498,2035.4200505437489,43.42642401767161,1.2496701560589676,1.4208052304061398,-41.97018502079529,1.0346969877820358,31.252433947703533,510,401,109,78.62745098039215,2259.388397735091,-4442.872951747702,16908.673267394057,-48837.120224013124,1.8708754434052637,8.209803921568627,70,102,68.62745098039215,20.48684515019863,-19.316379191819667,3.421096625442498,,1.1802615050506298,757
30,0.3,0.08,0.45,0.3,18,10,20000,427084.0101087498,407084.0101087498,2035.4200505437489,43.42642401767161,1.2496701560589676,1.4208052304061398,-41.97018502079529,1.0346969877820358,31.252433947703533,510,401,109,78.62745098039215,2259.388397735091,-4442.872951747702,16908.673267394057,-48837.120224013124,1.8708754434052637,8.209803921568627,70,102,68.62745098039215,20.48684515019863,-19.316379191819667,3.421096625442498,,1.1802615050506298,757
30,0.3,0.08,0.45,0.3,20,10,20000,427084.0101087498,407084.0101087498,2035.4200505437489,43.42642401767161,1.2496701560589676,1.4208052304061398,-41.97018502079529,1.0346969877820358,31.252433947703533,510,401,109,78.62745098039215,2259.388397735091,-4442.872951747702,16908.673267394057,-48837.120224013124,1.8708754434052637,8.209803921568627,70,102,68.62745098039215,20.48684515019863,-19.316379191819667,3.421096625442498,,1.1755433217782394,807
30,0.3,0.08,0.45,0.3,18,10,20000,427084.0101087498,407084.0101087498,2035.4200505437489,43.42642401767161,1.2496701560589676,1.4208052304061398,-41.97018502079529,1.0346969877820358,31.252433947703533,510,401,109,78.62745098039215,2259.388397735091,-4442.872951747702,16908.673267394057,-48837.120224013124,1.8708754434052637,8.209803921568627,70,102,68.62745098039215,20.48684515019863,-19.316379191819667,3.421096625442498,,1.1802615050506298,757
30,0.3,0.08,0.45,0.3,20,10,20000,427084.0101087498,407084.0101087498,2035.4200505437489,43.42642401767161,1.2496701560589676,1.4208052304061398,-41.97018502079529,1.0346969877820358,31.252433947703533,510,401,109,78.62745098039215,2259.388397735091,-4442.872951747702,16908.673267394057,-48837.120224013124,1.8708754434052637,8.209803921568627,70,102,68.62745098039215,20.48684515019863,-19.316379191819667,3.421096625442498,,1.1755433217782394,807
30,0.3,0.08,0.45,0.3,18,10,20000,427084.0101087498,407084.0101087498,2035.4200505437489,43.42642401767161,1.2496701560589676,1.4208052304061398,-41.97018502079529,1.0346969877820358,31.252433947703533,510,401,109,78.62745098039215,2259.388397735091,-4442.872951747702,16908.673267394057,-48837.120224013124,1.8708754434052637,8.209803921568627,70,102,68.62745098039215,20.48684515019863,-19.316379191819667,3.421096625442498,,1.1802615050506298,757
30,0.3,0.08,0.45,0.3,20,10,20000,427084.0101087498,407084.0101087498,2035.4200505437489,43.42642401767161,1.2496701560589676,1.4208052304061398,-41.97018502079529,1.0346969877820358,31.252433947703533,510,401,109,78.62745098039215,2259.388397735091,-4442.872951747702,16908.673267394057,-48837.120224013124,1.8708754434052637,8.209803921568627,70,102,68.62745098039215,20.48684515019863,-19.316379191819667,3.421096625442498,,1.1755433217782394,807
30,0.3,0.08,0.45,0.3,18,10,20000,427084.0101087498,407084.0101087498,2035.4200505437489,43.42642401767161,1.2496701560589676,1.4208052304061398,-41.97018502079529,1.0346969877820358,31.252433947703533,510,401,109,78.62745098039215,2259.388397735091,-4442.872951747702,16908.673267394057,-48837.120224013124,1.8708754434052637,8.209803921568627,70,102,68.62745098039215,20.48684515019863,-19.316379191819667,3.421096625442498,,1.1802615050506298,757
30,0.3,0.08,0.45,0.3,18,10,20000,427084.0101087498,407084.0101087498,2035.4200505437489,43.42642401767161,1.2496701560589676,1.4208052304061398,-41.97018502079529,1.0346969877820358,31.252433947703533,510,401,109,78.62745098039215,2259.388397735091,-4442.872951747702,16908.673267394057,-48837.120224013124,1.8708754434052637,8.209803921568627,70,102,68.62745098039215,20.48684515019863,-19.316379191819667,3.421096625442498,,1.1802615050506298,757
30,0.3,0.08,0.45,0.3,20,10,20000,427084.0101087498,407084.0101087498,2035.4200505437489,43.42642401767161,1.2496701560589676,1.4208052304061398,-41.97018502079529,1.0346969877820358,31.252433947703533,510,401,109,78.62745098039215,2259.388397735091,-4442.872951747702,16908.673267394057,-48837.120224013124,1.8708754434052637,8.209803921568627,70,102,68.62745098039215,20.48684515019863,-19.316379191819667,3.421096625442498,,1.1755433217782394,807
30,0.3,0.08,0.45,0.3,18,10,20000,427084.0101087498,407084.0101087498,2035.4200505437489,43.42642401767161,1.2496701560589676,1.4208052304061398,-41.97018502079529,1.0346969877820358,31.252433947703533,510,401,109,78.62745098039215,2259.388397735091,-4442.872951747702,16908.673267394057,-48837.120224013124,1.8708754434052637,8.209803921568627,70,102,68.62745098039215,20.48684515019863,-19.316379191819667,3.421096625442498,,1.1802615050506298,757
30,0.3,0.08,0.45,0.3,18,10,20000,427084.0101087498,407084.0101087498,2035.4200505437489,43.42642401767161,1.2496701560589676,1.4208052304061398,-41.97018502079529,1.0346969877820358,31.252433947703533,510,401,109,78.62745098039215,2259.388397735091,-4442.872951747702,16908.673267394057,-48837.120224013124,1.8708754434052637,8.209803921568627,70,102,68.62745098039215,20.48684515019863,-19.316379191819667,3.421096625442498,,1.1802615050506298,757
30,0.3,0.08,0.45,0.3,20,10,20000,427084.0101087498,407084.0101087498,2035.4200505437489,43.42642401767161,1.2496701560589676,1.4208052304061398,-41.97018502079529,1.0346969877820358,31.252433947703533,510,401,109,78.62745098039215,2259.388397735091,-4442.872951747702,16908.673267394057,-48837.120224013124,1.8708754434052637,8.209803921568627,70,102,68.62745098039215,20.48684515019863,-19.316379191819667,3.421096625442498,,1.1755433217782394,807
30,0.3,0.1,0.6,0.5,22,10,20000,445244.7688905382,425244.7688905382,2126.223844452691,44.1318171852616,1.2420275179379436,1.426513919601566,-42.05404563469383,1.049407174011664,32.03745225886048,651,452,199,69.43164362519201,2364.4521166249565,-3197.6614024056935,19479.698082756862,-34846.95840039668,1.679513143983523,7.0368663594470044,67,102,65.68627450980392,20.17616409793539,-17.938513088872867,3.462988492379365,,1.1811765156502374,79
30,0.26,0.08,0.5,0.7,18,10,20000,384930.9298158801,364930.9298158801,1824.6546490794003,41.68120858790869,1.2404169982212825,1.402453469048491,-41.497761524054226,1.0044206496234291,30.23560670602685,495,391,104,78.98989898989899,1783.2512873498529,-3071.2328189448567,13541.372499065357,-39714.05234243328,2.1829471647997756,8.731313131313131,70,102,68.62745098039215,18.143360928377895,-21.238068145160394,3.289985645129237,,1.0569437792158694,215
30,0.26,0.08,0.5,0.7,20,10,20000,384930.9298158801,364930.9298158801,1824.6546490794003,41.68120858790869,1.2404169982212825,1.402453469048491,-41.497761524054226,1.0044206496234291,30.23560670602685,495,391,104,78.98989898989899,1783.2512873498529,-3071.2328189448567,13541.372499065357,-39714.05234243328,2.1829471647997756,8.731313131313131,70,102,68.62745098039215,18.143360928377895,-21.238068145160394,3.289985645129237,,1.0673686920829268,252
30,0.28,0.12,0.6,0.5,22,10,20000,485436.1631653764,465436.1631653764,2327.180815826882,45.60682689794664,1.240174578199925,1.4256686677089832,-43.39805705541723,1.0508955928535906,33.22775216230232,737,518,219,70.28493894165535,2339.15797189697,-3351.653588606009,22772.183223471216,-37276.20697202318,1.6507681142753237,7.108548168249661,68,102,66.66666666666666,21.04806557085157,-17.583933223111202,3.5824655656842843,,1.1666336625773854,84
30,0.28,0.12,0.55,0.5,22,10,20000,497908.2965180164,477908.2965180164,2389.541482590082,46.04264874106505,1.239811326211796,1.4305055182089124,-44.056417142835976,1.0450838204066728,33.57325249659244,732,509,223,69.53551912568307,2468.5858558327873,-3434.4438792819756,23432.24650531096,-38221.88738429876,1.640607646745318,6.9603825136612025,69,102,67.64705882352942,21.38009480614742,-21.715201862930556,3.616600437177394,,1.1540826781048952,114
30,0.28,0.12,0.55,0.5,22,10,20000,497908.2965180164,477908.2965180164,2389.541482590082,46.04264874106505,1.239811326211796,1.4305055182089124,-44.056417142835976,1.0450838204066728,33.57325249659244,732,509,223,69.53551912568307,2468.5858558327873,-3434.4438792819756,23432.24650531096,-38221.88738429876,1.640607646745318,6.9603825136612025,69,102,67.64705882352942,21.38009480614742,-21.715201862930556,3.616600437177394,,1.1540826781048952,114
30,0.28,0.12,0.55,0.5,22,10,20000,497908.2965180164,477908.2965180164,2389.541482590082,46.04264874106505,1.239811326211796,1.4305055182089124,-44.056417142835976,1.0450838204066728,33.57325249659244,732,509,223,69.53551912568307,2468.5858558327873,-3434.4438792819756,23432.24650531096,-38221.88738429876,1.640607646745318,6.9603825136612025,69,102,67.64705882352942,21.38009480614742,-21.715201862930556,3.616600437177394,,1.1540826781048952,114
30,0.3,0.08,0.45,0.5,22,10,20000,373168.240562988,353168.240562988,1765.84120281494,41.164133325245686,1.2314773509903496,1.4239695062197786,-37.89992732698797,1.0861269724898213,30.125714225889887,609,438,171,71.92118226600985,2117.7380361942996,-3324.510679087903,14846.639942102101,-27029.988648515824,1.6316330913564887,6.420361247947455,67,102,65.68627450980392,19.773040359798078,-17.400165860867855,3.22186001952353,,1.1605000012400408,450
30,0.3,0.08,0.45,0.5,22,10,20000,373168.240562988,353168.240562988,1765.84120281494,41.164133325245686,1.2314773509903496,1.4239695062197786,-37.89992732698797,1.0861269724898213,30.125714225889887,609,438,171,71.92118226600985,2117.7380361942996,-3324.510679087903,14846.639942102101,-27029.988648515824,1.6316330913564887,6.420361247947455,67,102,65.68627450980392,19.773040359798078,-17.400165860867855,3.22186001952353,,1.1605000012400408,450
30,0.3,0.08,0.45,0.5,22,10,20000,373168.240562988,353168.240562988,1765.84120281494,41.164133325245686,1.2314773509903496,1.4239695062197786,-37.89992732698797,1.0861269724898213,30.125714225889887,609,438,171,71.92118226600985,2117.7380361942996,-3324.510679087903,14846.639942102101,-27029.988648515824,1.6316330913564887,6.420361247947455,67,102,65.68627450980392,19.773040359798078,-17.400165860867855,3.22186001952353,,1.1605000012400408,450
30,0.3,0.08,0.45,0.5,22,10,20000,373168.240562988,353168.240562988,1765.84120281494,41.164133325245686,1.2314773509903496,1.4239695062197786,-37.89992732698797,1.0861269724898213,30.125714225889887,609,438,171,71.92118226600985,2117.7380361942996,-3324.510679087903,14846.639942102101,-27029.988648515824,1.6316330913564887,6.420361247947455,67,102,65.68627450980392,19.773040359798078,-17.400165860867855,3.22186001952353,,1.1605000012400408,450
30,0.3,0.08,0.45,0.5,22,10,20000,373168.240562988,353168.240562988,1765.84120281494,41.164133325245686,1.2314773509903496,1.4239695062197786,-37.89992732698797,1.0861269724898213,30.125714225889887,609,438,171,71.92118226600985,2117.7380361942996,-3324.510679087903,14846.639942102101,-27029.988648515824,1.6316330913564887,6.420361247947455,67,102,65.68627450980392,19.773040359798078,-17.400165860867855,3.22186001952353,,1.1605000012400408,450
30,0.3,0.08,0.45,0.5,22,10,20000,373168.240562988,353168.240562988,1765.84120281494,41.164133325245686,1.2314773509903496,1.4239695062197786,-37.89992732698797,1.0861269724898213,30.125714225889887,609,438,171,71.92118226600985,2117.7380361942996,-3324.510679087903,14846.639942102101,-27029.988648515824,1.6316330913564887,6.420361247947455,67,102,65.68627450980392,19.773040359798078,-17.400165860867855,3.22186001952353,,1.1605000012400408,450
30,0.3,0.08,0.45,0.5,22,10,20000,373168.240562988,353168.240562988,1765.84120281494,41.164133325245686,1.2314773509903496,1.4239695062197786,-37.89992732698797,1.0861269724898213,30.125714225889887,609,438,171,71.92118226600985,2117.7380361942996,-3324.510679087903,14846.639942102101,-27029.988648515824,1.6316330913564887,6.420361247947455,67,102,65.68627450980392,19.773040359798078,-17.400165860867855,3.22186001952353,,1.1605000012400408,450
30,0.3,0.08,0.45,0.5,22,10,20000,373168.240562988,353168.240562988,1765.84120281494,41.164133325245686,1.2314773509903496,1.4239695062197786,-37.89992732698797,1.0861269724898213,30.125714225889887,609,438,171,71.92118226600985,2117.7380361942996,-3324.510679087903,14846.639942102101,-27029.988648515824,1.6316330913564887,6.420361247947455,67,102,65.68627450980392,19.773040359798078,-17.400165860867855,3.22186001952353,,1.1605000012400408,450
30,0.3,0.08,0.45,0.5,22,10,20000,373168.240562988,353168.240562988,1765.84120281494,41.164133325245686,1.2314773509903496,1.4239695062197786,-37.89992732698797,1.0861269724898213,30.125714225889887,609,438,171,71.92118226600985,2117.7380361942996,-3324.510679087903,14846.639942102101,-27029.988648515824,1.6316330913564887,6.420361247947455,67,102,65.68627450980392,19.773040359798078,-17.400165860867855,3.22186001952353,,1.1605000012400408,450
35,0.3,0.16,0.5,0.5,22,10,20000,561487.4130893196,541487.4130893196,2707.437065446598,48.125009280322814,1.2281562705235909,1.4757355046815528,-45.507860430220795,1.0575098197401525,35.62361836563559,554,416,138,75.09025270758123,2474.698431825652,-3474.447841885417,25521.897112038707,-46977.06533287338,2.1470923811862233,11.61913357400722,67,102,65.68627450980392,21.96225498765747,-28.001816186246277,3.841008521817004,,0.9738169452654313,7
30,0.3,0.08,0.5,0.3,18,10,20000,383011.6319677572,363011.6319677572,1815.058159838786,41.597798481051655,1.2205706624728991,1.3815621843833679,-42.1213450378489,0.9875705166507195,30.836593277780633,509,400,109,78.58546168958742,2069.4854216227504,-4143.540906646823,14522.093645626359,-39159.59860886653,1.8328386482270211,8.640471512770137,68,102,66.66666666666666,19.56965732078233,-21.97716040901464,3.3294465760897345,,1.1789131258582841,612
30,0.3,0.08,0.5,0.3,18,10,20000,383011.6319677572,363011.6319677572,1815.058159838786,41.597798481051655,1.2205706624728991,1.3815621843833679,-42.1213450378489,0.9875705166507195,30.836593277780633,509,400,109,78.58546168958742,2069.4854216227504,-4143.540906646823,14522.093645626359,-39159.59860886653,1.8328386482270211,8.640471512770137,68,102,66.66666666666666,19.56965732078233,-21.97716040901464,3.3294465760897345,,1.1789131258582841,612
30,0.3,0.08,0.5,0.3,20,10,20000,383011.6319677572,363011.6319677572,1815.058159838786,41.597798481051655,1.2205706624728991,1.3815621843833679,-42.1213450378489,0.9875705166507195,30.836593277780633,509,400,109,78.58546168958742,2069.4854216227504,-4143.540906646823,14522.093645626359,-39159.59860886653,1.8328386482270211,8.640471512770137,68,102,66.66666666666666,19.56965732078233,-21.97716040901464,3.3294465760897345,,1.1760295491953807,672
30,0.3,0.08,0.5,0.3,20,10,20000,383011.6319677572,363011.6319677572,1815.058159838786,41.597798481051655,1.2205706624728991,1.3815621843833679,-42.1213450378489,0.9875705166507195,30.836593277780633,509,400,109,78.58546168958742,2069.4854216227504,-4143.540906646823,14522.093645626359,-39159.59860886653,1.8328386482270211,8.640471512770137,68,102,66.66666666666666,19.56965732078233,-21.97716040901464,3.3294465760897345,,1.1760295491953807,672
30,0.3,0.08,0.5,0.3,18,10,20000,383011.6319677572,363011.6319677572,1815.058159838786,41.597798481051655,1.2205706624728991,1.3815621843833679,-42.1213450378489,0.9875705166507195,30.836593277780633,509,400,109,78.58546168958742,2069.4854216227504,-4143.540906646823,14522.093645626359,-39159.59860886653,1.8328386482270211,8.640471512770137,68,102,66.66666666666666,19.56965732078233,-21.97716040901464,3.3294465760897345,,1.1789131258582841,612
30,0.3,0.08,0.5,0.3,18,10,20000,383011.6319677572,363011.6319677572,1815.058159838786,41.597798481051655,1.2205706624728991,1.3815621843833679,-42.1213450378489,0.9875705166507195,30.836593277780633,509,400,109,78.58546168958742,2069.4854216227504,-4143.540906646823,14522.093645626359,-39159.59860886653,1.8328386482270211,8.640471512770137,68,102,66.66666666666666,19.56965732078233,-21.97716040901464,3.3294465760897345,,1.1789131258582841,612
30,0.3,0.08,0.5,0.3,20,10,20000,383011.6319677572,363011.6319677572,1815.058159838786,41.597798481051655,1.2205706624728991,1.3815621843833679,-42.1213450378489,0.9875705166507195,30.836593277780633,509,400,109,78.58546168958742,2069.4854216227504,-4143.540906646823,14522.093645626359,-39159.59860886653,1.8328386482270211,8.640471512770137,68,102,66.66666666666666,19.56965732078233,-21.97716040901464,3.3294465760897345,,1.1760295491953807,672
30,0.3,0.08,0.5,0.3,18,10,20000,383011.6319677572,363011.6319677572,1815.058159838786,41.597798481051655,1.2205706624728991,1.3815621843833679,-42.1213450378489,0.9875705166507195,30.836593277780633,509,400,109,78.58546168958742,2069.4854216227504,-4143.540906646823,14522.093645626359,-39159.59860886653,1.8328386482270211,8.640471512770137,68,102,66.66666666666666,19.56965732078233,-21.97716040901464,3.3294465760897345,,1.1789131258582841,612
30,0.3,0.12,0.6,0.5,22,10,20000,482263.121075758,462263.121075758,2311.31560537879,45.49437398720699,1.2199829894114593,1.4183017162666953,-44.585171206282666,1.0203924927576864,33.89905018578208,712,488,224,68.53932584269663,2439.8277911671607,-3209.16596141129,22442.15158255134,-38799.14790982736,1.6562992317585832,7.061797752808989,68,102,66.66666666666666,21.900382516538407,-19.959097783019143,3.60724979931699,,1.1846713759302359,66
30,0.28,0.1,0.45,0.7,20,10,20000,444638.3928498248,424638.3928498248,2123.191964249124,44.10867769108946,1.2179312948134964,1.4330564894919495,-50.220620441896145,0.8782981433318207,32.882794547373166,546,424,122,77.65567765567766,1948.8212766674692,-3155.49146948389,16786.090204763947,-44312.22103412039,2.1464018201804143,8.408424908424909,69,102,67.64705882352942,21.20664375124821,-20.21890859938059,3.5051466842705623,,1.168843880020203,946
30,0.28,0.1,0.45,0.7,20,10,20000,444638.3928498248,424638.3928498248,2123.191964249124,44.10867769108946,1.2179312948134964,1.4330564894919495,-50.220620441896145,0.8782981433318207,32.882794547373166,546,424,122,77.65567765567766,1948.8212766674692,-3155.49146948389,16786.090204763947,-44312.22103412039,2.1464018201804143,8.408424908424909,69,102,67.64705882352942,21.20664375124821,-20.21890859938059,3.5051466842705623,,1.168843880020203,946
30,0.28,0.1,0.45,0.7,18,10,20000,444638.3928498248,424638.3928498248,2123.191964249124,44.10867769108946,1.2179312948134964,1.4330564894919495,-50.220620441896145,0.8782981433318207,32.882794547373166,546,424,122,77.65567765567766,1948.8212766674692,-3155.49146948389,16786.090204763947,-44312.22103412039,2.1464018201804143,8.408424908424909,69,102,67.64705882352942,21.20664375124821,-20.21890859938059,3.5051466842705623,,1.174116143195537,884
30,0.28,0.1,0.45,0.5,20,10,20000,444180.5793301145,424180.5793301145,2120.9028966505725,44.091188937164574,1.2141763479320156,1.4177847572030826,-46.74362954391258,0.9432555701679902,33.01290688969784,568,449,119,79.04929577464789,1822.344873235397,-3171.980668675894,16786.090204763947,-43081.326005394825,2.1677011951272243,8.463028169014084,70,102,68.62745098039215,21.027291022949314,-24.260799710364157,3.515587967257589,,1.1541031972711373,1085
30,0.28,0.1,0.45,0.5,20,10,20000,444180.5793301145,424180.5793301145,2120.9028966505725,44.091188937164574,1.2141763479320156,1.4177847572030826,-46.74362954391258,0.9432555701679902,33.01290688969784,568,449,119,79.04929577464789,1822.344873235397,-3171.980668675894,16786.090204763947,-43081.326005394825,2.1677011951272243,8.463028169014084,70,102,68.62745098039215,21.027291022949314,-24.260799710364157,3.515587967257589,,1.1541031972711373,1085
30,0.28,0.1,0.45,0.5,18,10,20000,444180.5793301145,424180.5793301145,2120.9028966505725,44.091188937164574,1.2141763479320156,1.4177847572030826,-46.74362954391258,0.9432555701679902,33.01290688969784,568,449,119,79.04929577464789,1822.344873235397,-3171.980668675894,16786.090204763947,-43081.326005394825,2.1677011951272243,8.463028169014084,70,102,68.62745098039215,21.027291022949314,-24.260799710364157,3.515587967257589,,1.1601161013022754,1012
30,0.28,0.1,0.45,0.5,18,10,20000,444180.5793301145,424180.5793301145,2120.9028966505725,44.091188937164574,1.2141763479320156,1.4177847572030826,-46.74362954391258,0.9432555701679902,33.01290688969784,568,449,119,79.04929577464789,1822.344873235397,-3171.980668675894,16786.090204763947,-43081.326005394825,2.1677011951272243,8.463028169014084,70,102,68.62745098039215,21.027291022949314,-24.260799710364157,3.515587967257589,,1.1601161013022754,1012
30,0.28,0.1,0.45,0.5,20,10,20000,444180.5793301145,424180.5793301145,2120.9028966505725,44.091188937164574,1.2141763479320156,1.4177847572030826,-46.74362954391258,0.9432555701679902,33.01290688969784,568,449,119,79.04929577464789,1822.344873235397,-3171.980668675894,16786.090204763947,-43081.326005394825,2.1677011951272243,8.463028169014084,70,102,68.62745098039215,21.027291022949314,-24.260799710364157,3.515587967257589,,1.1541031972711373,1085
30,0.28,0.1,0.45,0.5,18,10,20000,444180.5793301145,424180.5793301145,2120.9028966505725,44.091188937164574,1.2141763479320156,1.4177847572030826,-46.74362954391258,0.9432555701679902,33.01290688969784,568,449,119,79.04929577464789,1822.344873235397,-3171.980668675894,16786.090204763947,-43081.326005394825,2.1677011951272243,8.463028169014084,70,102,68.62745098039215,21.027291022949314,-24.260799710364157,3.515587967257589,,1.1601161013022754,1012
30,0.28,0.1,0.45,0.5,20,10,20000,444180.5793301145,424180.5793301145,2120.9028966505725,44.091188937164574,1.2141763479320156,1.4177847572030826,-46.74362954391258,0.9432555701679902,33.01290688969784,568,449,119,79.04929577464789,1822.344873235397,-3171.980668675894,16786.090204763947,-43081.326005394825,2.1677011951272243,8.463028169014084,70,102,68.62745098039215,21.027291022949314,-24.260799710364157,3.515587967257589,,1.1541031972711373,1085
30,0.28,0.1,0.45,0.5,18,10,20000,444180.5793301145,424180.5793301145,2120.9028966505725,44.091188937164574,1.2141763479320156,1.4177847572030826,-46.74362954391258,0.9432555701679902,33.01290688969784,568,449,119,79.04929577464789,1822.344873235397,-3171.980668675894,16786.090204763947,-43081.326005394825,2.1677011951272243,8.463028169014084,70,102,68.62745098039215,21.027291022949314,-24.260799710364157,3.515587967257589,,1.1601161013022754,1012
30,0.28,0.1,0.45,0.5,18,10,20000,444180.5793301145,424180.5793301145,2120.9028966505725,44.091188937164574,1.2141763479320156,1.4177847572030826,-46.74362954391258,0.9432555701679902,33.01290688969784,568,449,119,79.04929577464789,1822.344873235397,-3171.980668675894,16786.090204763947,-43081.326005394825,2.1677011951272243,8.463028169014084,70,102,68.62745098039215,21.027291022949314,-24.260799710364157,3.515587967257589,,1.1601161013022754,1012
30,0.28,0.1,0.45,0.5,20,10,20000,444180.5793301145,424180.5793301145,2120.9028966505725,44.091188937164574,1.2141763479320156,1.4177847572030826,-46.74362954391258,0.9432555701679902,33.01290688969784,568,449,119,79.04929577464789,1822.344873235397,-3171.980668675894,16786.090204763947,-43081.326005394825,2.1677011951272243,8.463028169014084,70,102,68.62745098039215,21.027291022949314,-24.260799710364157,3.515587967257589,,1.1541031972711373,1085
30,0.28,0.1,0.45,0.5,18,10,20000,444180.5793301145,424180.5793301145,2120.9028966505725,44.091188937164574,1.2141763479320156,1.4177847572030826,-46.74362954391258,0.9432555701679902,33.01290688969784,568,449,119,79.04929577464789,1822.344873235397,-3171.980668675894,16786.090204763947,-43081.326005394825,2.1677011951272243,8.463028169014084,70,102,68.62745098039215,21.027291022949314,-24.260799710364157,3.515587967257589,,1.1601161013022754,1012
30,0.28,0.1,0.45,0.5,20,10,20000,444180.5793301145,424180.5793301145,2120.9028966505725,44.091188937164574,1.2141763479320156,1.4177847572030826,-46.74362954391258,0.9432555701679902,33.01290688969784,568,449,119,79.04929577464789,1822.344873235397,-3171.980668675894,16786.090204763947,-43081.326005394825,2.1677011951272243,8.463028169014084,70,102,68.62745098039215,21.027291022949314,-24.260799710364157,3.515587967257589,,1.1541031972711373,1085
30,0.28,0.1,0.45,0.5,18,10,20000,444180.5793301145,424180.5793301145,2120.9028966505725,44.091188937164574,1.2141763479320156,1.4177847572030826,-46.74362954391258,0.9432555701679902,33.01290688969784,568,449,119,79.04929577464789,1822.344873235397,-3171.980668675894,16786.090204763947,-43081.326005394825,2.1677011951272243,8.463028169014084,70,102,68.62745098039215,21.027291022949314,-24.260799710364157,3.515587967257589,,1.1601161013022754,1012
30,0.28,0.14,0.6,0.7,20,10,20000,550236.2737537218,530236.2737537218,2651.1813687686094,47.77219603116063,1.2136232884340716,1.4482411449789079,-47.55419560560053,1.0045842521944461,35.94470266879332,630,464,166,73.65079365079366,2023.4772179961092,-2489.7315932371407,25579.703488243056,-29533.910310323194,2.2717246020881663,10.225396825396825,72,102,70.58823529411765,23.039002157713373,-26.436316267923843,3.8317698541668697,,1.137746066245913,21
35,0.3,0.14,0.55,0.9,22,10,20000,480494.6543229142,460494.6543229142,2302.473271614571,45.43141578405798,1.2132591959355874,1.458505300247819,-43.930547765651774,1.0341645641755395,34.09617176434874,587,434,153,73.93526405451448,2070.502485904208,-2824.717936038867,23709.547030610964,-40379.17977185687,2.0792129306514453,12.047700170357752,65,102,63.725490196078425,20.165611233297078,-23.18486080259169,3.6163291267035484,,1.08778750029821,14
30,0.28,0.1,0.4,0.5,20,10,20000,453182.6671302353,433182.6671302353,2165.913335651176,44.43219343255489,1.2130693123008878,1.4103063122222552,-44.406215708367576,1.0005850019816578,33.326495296524236,553,442,111,79.92766726943941,1899.3317689476467,-3502.5975904672364,17108.899631778633,-44312.22103412039,2.1592845556507667,7.7902350813743215,71,102,69.6078431372549,21.531119827152988,-23.83603930136737,3.534689925030596,,1.1589078658072918,878
30,0.28,0.1,0.4,0.5,18,10,20000,453182.6671302353,433182.6671302353,2165.913335651176,44.43219343255489,1.2130693123008878,1.4103063122222552,-44.406215708367576,1.0005850019816578,33.326495296524236,553,442,111,79.92766726943941,1899.3317689476467,-3502.5975904672364,17108.899631778633,-44312.22103412039,2.1592845556507667,7.7902350813743215,71,102,69.6078431372549,21.531119827152988,-23.83603930136737,3.534689925030596,,1.1645033603299322,827
30,0.28,0.1,0.4,0.5,20,10,20000,453182.6671302353,433182.6671302353,2165.913335651176,44.43219343255489,1.2130693123008878,1.4103063122222552,-44.406215708367576,1.0005850019816578,33.326495296524236,553,442,111,79.92766726943941,1899.3317689476467,-3502.5975904672364,17108.899631778633,-44312.22103412039,2.1592845556507667,7.7902350813743215,71,102,69.6078431372549,21.531119827152988,-23.83603930136737,3.534689925030596,,1.1589078658072918,878
30,0.28,0.1,0.4,0.5,18,10,20000,453182.6671302353,433182.6671302353,2165.913335651176,44.43219343255489,1.2130693123008878,1.4103063122222552,-44.406215708367576,1.0005850019816578,33.326495296524236,553,442,111,79.92766726943941,1899.3317689476467,-3502.5975904672364,17108.899631778633,-44312.22103412039,2.1592845556507667,7.7902350813743215,71,102,69.6078431372549,21.531119827152988,-23.83603930136737,3.534689925030596,,1.1645033603299322,827
30,0.28,0.1,0.4,0.5,18,10,20000,453182.6671302353,433182.6671302353,2165.913335651176,44.43219343255489,1.2130693123008878,1.4103063122222552,-44.406215708367576,1.0005850019816578,33.326495296524236,553,442,111,79.92766726943941,1899.3317689476467,-3502.5975904672364,17108.899631778633,-44312.22103412039,2.1592845556507667,7.7902350813743215,71,102,69.6078431372549,21.531119827152988,-23.83603930136737,3.534689925030596,,1.1645033603299322,827
30,0.3,0.14,0.55,0.9,20,10,20000,573796.3430193842,553796.3430193842,2768.9817150969207,48.503919149106814,1.2129999208509379,1.459315005746684,-51.88151433278602,0.9348979067570361,36.56730492120423,633,472,161,74.565560821485,2347.955736324772,-3295.421642125382,28636.073509856065,-50889.32581334187,2.088791244483254,9.944707740916272,71,102,69.6078431372549,25.746946276289464,-26.52908076245386,3.9079096906541273,,1.1254963993429747,11
30,0.3,0.08,0.4,0.5,22,10,20000,361716.8041041963,341716.8041041963,1708.5840205209815,40.646737733590996,1.2128290358100358,1.401504910575452,-38.947272788019546,1.0436350179079603,30.342327044796573,616,450,166,73.05194805194806,2034.0933836094923,-3362.8776897740922,14434.233277043706,-26028.877957830056,1.6396994118439536,6.053571428571429,66,102,64.70588235294117,20.4987190206805,-17.751136722879444,3.208197652148274,,1.1668063534114326,363
30,0.3,0.08,0.4,0.5,22,10,20000,361716.8041041963,341716.8041041963,1708.5840205209815,40.646737733590996,1.2128290358100358,1.401504910575452,-38.947272788019546,1.0436350179079603,30.342327044796573,616,450,166,73.05194805194806,2034.0933836094923,-3362.8776897740922,14434.233277043706,-26028.877957830056,1.6396994118439536,6.053571428571429,66,102,64.70588235294117,20.4987190206805,-17.751136722879444,3.208197652148274,,1.1668063534114326,363
30,0.3,0.1,0.4,0.5,22,10,20000,426493.4830566007,406493.4830566007,2032.4674152830034,43.40304585172754,1.2078680773383974,1.4257629736088921,-43.372039889845034,1.0007148836430395,32.694340088107694,652,465,187,71.31901840490798,2357.101763925923,-3640.758931269383,18730.478925727748,-31177.28274078414,1.6098957565706704,6.223926380368098,68,102,66.66666666666666,21.445460839696405,-16.910626569421293,3.411523608952288,,1.167915163802927,370
30,0.3,0.1,0.4,0.5,22,10,20000,426493.4830566007,406493.4830566007,2032.4674152830034,43.40304585172754,1.2078680773383974,1.4257629736088921,-43.372039889845034,1.0007148836430395,32.694340088107694,652,465,187,71.31901840490798,2357.101763925923,-3640.758931269383,18730.478925727748,-31177.28274078414,1.6098957565706704,6.223926380368098,68,102,66.66666666666666,21.445460839696405,-16.910626569421293,3.411523608952288,,1.167915163802927,370
35,0.28,0.1,0.5,0.5,22,10,20000,342032.2745611297,322032.2745611297,1610.1613728056484,39.722594708591515,1.2063784932789763,1.384267984116131,-42.198575460976215,0.9413254896560572,29.830520192991017,464,363,101,78.23275862068965,1851.8071001212077,-3426.3552404679376,11818.732135769402,-37428.30034258977,1.942444451635219,11.09051724137931,67,102,65.68627450980392,17.164618624666318,-18.484102960122694,3.1536192386274067,,1.1462146372962942,457
30,0.26,0.1,0.6,0.5,22,10,20000,365831.37968805525,345831.37968805525,1729.156898440276,40.834283266152084,1.2058745668592477,1.3611185075785193,-39.16802270712856,1.0425413499037894,30.732807941175654,635,444,191,69.92125984251969,1993.5296114060584,-2778.119098353844,14658.644736011262,-28662.0137393291,1.668097508735102,6.995275590551181,65,102,63.725490196078425,18.535507594770895,-21.50003100825806,3.233623200700705,,1.14266362996343,81
30,0.26,0.1,0.6,0.5,22,10,20000,365831.37968805525,345831.37968805525,1729.156898440276,40.834283266152084,1.2058745668592477,1.3611185075785193,-39.16802270712856,1.0425413499037894,30.732807941175654,635,444,191,69.92125984251969,1993.5296114060584,-2778.119098353844,14658.644736011262,-28662.0137393291,1.668097508735102,6.995275590551181,65,102,63.725490196078425,18.535507594770895,-21.50003100825806,3.233623200700705,,1.14266362996343,81
30,0.26,0.1,0.6,0.5,22,10,20000,365831.37968805525,345831.37968805525,1729.156898440276,40.834283266152084,1.2058745668592477,1.3611185075785193,-39.16802270712856,1.0425413499037894,30.732807941175654,635,444,191,69.92125984251969,1993.5296114060584,-2778.119098353844,14658.644736011262,-28662.0137393291,1.668097508735102,6.995275590551181,65,102,63.725490196078425,18.535507594770895,-21.50003100825806,3.233623200700705,,1.14266362996343,81
30,0.26,0.1,0.6,0.5,22,10,20000,365831.37968805525,345831.37968805525,1729.156898440276,40.834283266152084,1.2058745668592477,1.3611185075785193,-39.16802270712856,1.0425413499037894,30.732807941175654,635,444,191,69.92125984251969,1993.5296114060584,-2778.119098353844,14658.644736011262,-28662.0137393291,1.668097508735102,6.995275590551181,65,102,63.725490196078425,18.535507594770895,-21.50003100825806,3.233623200700705,,1.14266362996343,81
30,0.3,0.1,0.45,0.5,22,10,20000,415197.65903302527,395197.65903302527,1975.9882951651264,42.95027042583443,1.2056667028803527,1.4115183597395184,-41.960657552235894,1.0235843032813914,32.417794372533784,676,491,185,72.63313609467455,2113.0106169279106,-3431.0964099388507,17981.259768698637,-30356.827931816133,1.6344759004357812,6.439349112426036,68,102,66.66666666666666,20.604894036867737,-17.96909175150716,3.38538497681946,,1.1606191175152993,460
30,0.3,0.1,0.45,0.5,22,10,20000,415197.65903302527,395197.65903302527,1975.9882951651264,42.95027042583443,1.2056667028803527,1.4115183597395184,-41.960657552235894,1.0235843032813914,32.417794372533784,676,491,185,72.63313609467455,2113.0106169279106,-3431.0964099388507,17981.259768698637,-30356.827931816133,1.6344759004357812,6.439349112426036,68,102,66.66666666666666,20.604894036867737,-17.96909175150716,3.38538497681946,,1.1606191175152993,460
30,0.3,0.16,0.55,0.9,20,10,20000,624181.5324308788,604181.5324308788,3020.9076621543945,49.98378728314148,1.2045238504716065,1.4718816208353014,-51.897920346873136,0.9631173455325752,38.14533589548919,653,474,179,72.58805513016846,2514.592869745842,-3310.7119306804725,31080.61637045353,-55543.225441189585,2.0112756538613263,10.081163859111792,70,102,68.62745098039215,28.27317987328066,-28.250177317646376,4.036823444580587,,1.122505284856382,8
30,0.3,0.16,0.55,0.9,20,10,20000,624181.5324308788,604181.5324308788,3020.9076621543945,49.98378728314148,1.2045238504716065,1.4718816208353014,-51.897920346873136,0.9631173455325752,38.14533589548919,653,474,179,72.58805513016846,2514.592869745842,-3310.7119306804725,31080.61637045353,-55543.225441189585,2.0112756538613263,10.081163859111792,70,102,68.62745098039215,28.27317987328066,-28.250177317646376,4.036823444580587,,1.122505284856382,8
30,0.28,0.08,0.4,0.5,22,10,20000,343381.46841915115,323381.46841915115,1616.9073420957557,39.7874147376885,1.2037223328146147,1.372975437632686,-37.24794836862979,1.0681773488280886,29.968395879799004,625,460,165,73.6,1915.3736621436083,-3283.847866922272,14021.826611985316,-25027.767267144285,1.6260892160502363,5.992,67,102,65.68627450980392,19.267164234104772,-16.4130025413444,3.1373636602954287,,1.1485984436459473,407
30,0.28,0.14,0.4,0.5,18,10,20000,592162.7588952039,572162.7588952039,2860.8137944760197,49.056175816361744,1.2029159404117933,1.4432930822700936,-51.27923883929116,0.9566478935091747,37.45691454580574,604,478,126,79.13907284768213,2283.2865106541594,-3901.062493401423,25647.102315708114,-34598.503604229554,2.2204185905575486,8.094370860927153,68,102,66.66666666666666,24.667073510532013,-25.540245547810592,3.9124606415275904,,1.1662835174937256,23
30,0.3,0.1,0.5,0.5,22,10,20000,407307.68800614733,387307.68800614733,1936.5384400307366,42.62752209600724,1.198641723181073,1.3862843815015797,-43.427174901713116,0.9815863498485523,32.42388132347182,640,448,192,70.0,2309.376988984874,-3332.546932178438,17606.650190184086,-29990.31553390386,1.6169453625995773,6.7328125,66,102,64.70588235294117,20.971774119943355,-19.587663255275565,3.390350816500125,,1.1647591867987899,400
30,0.3,0.1,0.5,0.5,22,10,20000,407307.68800614733,387307.68800614733,1936.5384400307366,42.62752209600724,1.198641723181073,1.3862843815015797,-43.427174901713116,0.9815863498485523,32.42388132347182,640,448,192,70.0,2309.376988984874,-3332.546932178438,17606.650190184086,-29990.31553390386,1.6169453625995773,6.7328125,66,102,64.70588235294117,20.971774119943355,-19.587663255275565,3.390350816500125,,1.1647591867987899,400
30,0.3,0.08,0.4,0.3,18,10,20000,370434.37353483186,350434.37353483186,1752.1718676741593,41.04189864030929,1.1979210838623973,1.3556732500881945,-46.77587982670711,0.8774158560428841,31.18245126084704,556,448,108,80.57553956834532,1863.9813225513137,-4360.58134263111,14094.97324428441,-37737.7747185556,1.773174277413789,7.379496402877698,68,102,66.66666666666666,20.91960070839416,-20.13169143353131,3.298249448752474,,1.18726946071734,618
30,0.3,0.08,0.4,0.3,20,10,20000,370434.37353483186,350434.37353483186,1752.1718676741593,41.04189864030929,1.1979210838623973,1.3556732500881945,-46.77587982670711,0.8774158560428841,31.18245126084704,556,448,108,80.57553956834532,1863.9813225513137,-4360.58134263111,14094.97324428441,-37737.7747185556,1.773174277413789,7.379496402877698,68,102,66.66666666666666,20.91960070839416,-20.13169143353131,3.298249448752474,,1.1818922676907542,655
30,0.3,0.08,0.4,0.3,18,10,20000,370434.37353483186,350434.37353483186,1752.1718676741593,41.04189864030929,1.1979210838623973,1.3556732500881945,-46.77587982670711,0.8774158560428841,31.18245126084704,556,448,108,80.57553956834532,1863.9813225513137,-4360.58134263111,14094.97324428441,-37737.7747185556,1.773174277413789,7.379496402877698,68,102,66.66666666666666,20.91960070839416,-20.13169143353131,3.298249448752474,,1.18726946071734,618
30,0.3,0.08,0.4,0.3,20,10,20000,370434.37353483186,350434.37353483186,1752.1718676741593,41.04189864030929,1.1979210838623973,1.3556732500881945,-46.77587982670711,0.8774158560428841,31.18245126084704,556,448,108,80.57553956834532,1863.9813225513137,-4360.58134263111,14094.97324428441,-37737.7747185556,1.773174277413789,7.379496402877698,68,102,66.66666666666666,20.91960070839416,-20.13169143353131,3.298249448752474,,1.1818922676907542,655
30,0.3,0.08,0.4,0.3,18,10,20000,370434.37353483186,350434.37353483186,1752.1718676741593,41.04189864030929,1.1979210838623973,1.3556732500881945,-46.77587982670711,0.8774158560428841,31.18245126084704,556,448,108,80.57553956834532,1863.9813225513137,-4360.58134263111,14094.97324428441,-37737.7747185556,1.773174277413789,7.379496402877698,68,102,66.66666666666666,20.91960070839416,-20.13169143353131,3.298249448752474,,1.18726946071734,618
30,0.3,0.08,0.4,0.3,20,10,20000,370434.37353483186,350434.37353483186,1752.1718676741593,41.04189864030929,1.1979210838623973,1.3556732500881945,-46.77587982670711,0.8774158560428841,31.18245126084704,556,448,108,80.57553956834532,1863.9813225513137,-4360.58134263111,14094.97324428441,-37737.7747185556,1.773174277413789,7.379496402877698,68,102,66.66666666666666,20.91960070839416,-20.13169143353131,3.298249448752474,,1.1818922676907542,655
30,0.26,0.1,0.45,0.7,18,10,20000,404617.75488352776,384617.75488352776,1923.088774417639,42.51622585187991,1.1958023708194876,1.369645443197144,-50.08333809054169,0.8489095869572073,32.44492639221199,561,437,124,77.89661319073083,1738.580172336865,-2898.0624176023707,15172.043069690488,-40619.535947943696,2.114203265426002,8.333333333333334,69,102,67.64705882352942,19.964479378387967,-23.507204660748027,3.43621837741964,,1.0530486115361057,262
30,0.3,0.12,0.5,0.5,22,10,20000,459261.8264903458,439261.8264903458,2196.309132451729,44.65911103978315,1.1941407785048725,1.4064203479780224,-44.91853742781447,0.994224513911473,34.246181033671114,684,478,206,69.88304093567251,2488.7741427665023,-3593.6826487500357,21452.056659791724,-34542.9800499071,1.606965080084947,6.764619883040936,67,102,65.68627450980392,21.61522182349853,-20.03223268409007,3.5637735919448716,,1.1538814459919489,117
30,0.28,0.1,0.5,0.7,18,10,20000,424466.93660283624,404466.93660283624,2022.334683014181,43.32259987883855,1.1938561418158335,1.3808247865745846,-48.83709744034495,0.8870838389148247,33.17259391147055,550,427,123,77.63636363636364,1893.495725328384,-3156.3340487810838,16140.47135073456,-44312.22103412039,2.082591695744002,8.994545454545454,69,102,67.64705882352942,20.51536047535656,-20.231424327717974,3.4758094325482958,,1.1727515259909882,703
30,0.28,0.1,0.5,0.7,20,10,20000,424466.93660283624,404466.93660283624,2022.334683014181,43.32259987883855,1.1938561418158335,1.3808247865745846,-48.83709744034495,0.8870838389148247,33.17259391147055,550,427,123,77.63636363636364,1893.495725328384,-3156.3340487810838,16140.47135073456,-44312.22103412039,2.082591695744002,8.994545454545454,69,102,67.64705882352942,20.51536047535656,-20.231424327717974,3.4758094325482958,,1.1686073354930413,785
35,0.3,0.1,0.6,0.5,22,10,20000,334810.86190025095,314810.86190025095,1574.0543095012547,39.37176916456799,1.1921449860253128,1.3859473505117172,-37.508834561771465,1.0496665552145736,30.015066294260944,475,366,109,77.05263157894737,1666.4249175103537,-2680.401238553375,17065.276833796146,-27124.619989541414,2.087567506637847,12.349473684210526,67,102,65.68627450980392,16.950289586322675,-15.825908918239485,3.096589829231603,,1.1724900495262511,81
30,0.3,0.12,0.55,0.9,18,10,20000,468424.21874443657,448424.21874443657,2242.121093722183,44.996159987084106,1.1890038468388742,1.4117871637913397,-49.115207858503055,0.9161349803652344,34.73612828656372,565,422,143,74.69026548672566,2063.2467828070507,-2830.5887505432706,20183.3707207957,-42605.016960007146,2.151051526997437,9.84070796460177,72,102,70.58823529411765,23.670913747451916,-27.464655259409,3.647593227097266,,1.1391995266733115,12
30,0.28,0.1,0.45,0.5,22,10,20000,382664.8197837202,362664.8197837202,1813.324098918601,41.5826871693606,1.1884883118737863,1.3764149505247458,-43.97584187697533,0.9455802412081227,31.94998557239699,677,484,193,71.49187592319055,2003.8892059526993,-3102.2038429730283,16482.821454640416,-27851.319950732308,1.6199120166474137,6.460856720827179,68,102,66.66666666666666,20.04221107759443,-19.703966880408565,3.305052599493108,,1.1432000354362193,519
30,0.26,0.1,0.4,0.5,18,10,20000,401404.0422104785,381404.0422104785,1907.0202110523926,42.38239919228446,1.1883709166977678,1.3614317422863165,-45.93220791329761,0.9227163491092388,32.617838506468196,584,462,122,79.1095890410959,1723.492856630866,-3261.454010668468,16226.146283736663,-41850.43097666925,2.001153365597999,7.705479452054795,68,102,66.66666666666666,20.468535602152606,-23.62445507092471,3.401670013699397,,1.0358278646025247,246
30,0.26,0.1,0.4,0.5,18,10,20000,401404.0422104785,381404.0422104785,1907.0202110523926,42.38239919228446,1.1883709166977678,1.3614317422863165,-45.93220791329761,0.9227163491092388,32.617838506468196,584,462,122,79.1095890410959,1723.492856630866,-3261.454010668468,16226.146283736663,-41850.43097666925,2.001153365597999,7.705479452054795,68,102,66.66666666666666,20.468535602152606,-23.62445507092471,3.401670013699397,,1.0358278646025247,246
30,0.26,0.1,0.4,0.5,20,10,20000,401404.0422104785,381404.0422104785,1907.0202110523926,42.38239919228446,1.1883709166977678,1.3614317422863165,-45.93220791329761,0.9227163491092388,32.617838506468196,584,462,122,79.1095890410959,1723.492856630866,-3261.454010668468,16226.146283736663,-41850.43097666925,2.001153365597999,7.705479452054795,68,102,66.66666666666666,20.468535602152606,-23.62445507092471,3.401670013699397,,1.0340678539433446,263
30,0.28,0.08,0.5,0.7,18,10,20000,349841.94451638137,329841.94451638137,1649.209722581907,40.09471903500621,1.1881325238138079,1.3523583051964305,-43.34021611715289,0.9251158076052555,30.751542199696136,493,392,101,79.5131845841785,1664.347195742292,-3076.3285756776395,12472.316775454936,-36659.125239169174,2.099790189112018,8.926977687626774,70,102,68.62745098039215,18.802287444995635,-19.661144861086676,3.1951905249674404,,1.1732760351548823,696
30,0.28,0.08,0.5,0.7,20,10,20000,349841.94451638137,329841.94451638137,1649.209722581907,40.09471903500621,1.1881325238138079,1.3523583051964305,-43.34021611715289,0.9251158076052555,30.751542199696136,493,392,101,79.5131845841785,1664.347195742292,-3076.3285756776395,12472.316775454936,-36659.125239169174,2.099790189112018,8.926977687626774,70,102,68.62745098039215,18.802287444995635,-19.661144861086676,3.1951905249674404,,1.1690574585083804,772
30,0.28,0.08,0.5,0.7,18,10,20000,349841.94451638137,329841.94451638137,1649.209722581907,40.09471903500621,1.1881325238138079,1.3523583051964305,-43.34021611715289,0.9251158076052555,30.751542199696136,493,392,101,79.5131845841785,1664.347195742292,-3076.3285756776395,12472.316775454936,-36659.125239169174,2.099790189112018,8.926977687626774,70,102,68.62745098039215,18.802287444995635,-19.661144861086676,3.1951905249674404,,1.1732760351548823,696
30,0.28,0.1,0.5,0.5,22,10,20000,375998.94237496576,355998.94237496576,1779.994711874829,41.28986795394465,1.1876238881068455,1.3674465315202144,-41.800341151718165,0.98778782221129,31.74489526626732,647,453,194,70.01545595054097,2130.3459460845543,-3096.082386375358,16482.821454640416,-27851.319950732308,1.6066974243465926,6.661514683153014,67,102,65.68627450980392,20.11940962914107,-19.608408826338362,3.2811103470500496,,1.1478716414647299,455
35,0.3,0.08,0.55,0.5,22,10,20000,288847.0418725588,268847.0418725588,1344.235209362794,36.96806968059985,1.1867942922141368,1.3272253719888942,-40.061636745934265,0.922779813392213,28.25290451726272,401,309,92,77.0573566084788,1758.0808060007241,-2959.9799161662877,9996.248955485155,-30374.763159107788,1.9948981163807713,11.498753117206983,68,102,66.66666666666666,17.473400789972192,-16.85481380879783,2.9688375834251937,,1.1578634966437107,155
30,0.3,0.08,0.5,0.5,22,10,20000,331615.17928647605,311615.17928647605,1558.0758964323802,39.21438383575007,1.186351909204652,1.3543386190296267,-40.3885358366147,0.9709285821695921,30.09337299362111,599,430,169,71.78631051752922,1944.0198269693658,-3070.709373533356,13197.013281868532,-24026.656576458514,1.6108078085475277,6.664440734557596,68,102,66.66666666666666,19.812899435248553,-17.243811566263425,3.1319916589029786,,1.166204477518135,392
30,0.3,0.08,0.5,0.5,22,10,20000,331615.17928647605,311615.17928647605,1558.0758964323802,39.21438383575007,1.186351909204652,1.3543386190296267,-40.3885358366147,0.9709285821695921,30.09337299362111,599,430,169,71.78631051752922,1944.0198269693658,-3070.709373533356,13197.013281868532,-24026.656576458514,1.6108078085475277,6.664440734557596,68,102,66.66666666666666,19.812899435248553,-17.243811566263425,3.1319916589029786,,1.166204477518135,392
30,0.28,0.1,0.6,0.7,22,10,20000,363581.6737476279,343581.6737476279,1717.9083687381394,40.731971886066454,1.1862537827078696,1.3470203007759998,-40.339904828028466,1.0097190873332347,31.34191580379127,622,435,187,69.93569131832797,2047.2783350807438,-2884.3221375778285,15733.602297611309,-27729.60457292263,1.651128135039602,6.979099678456592,67,102,65.68627450980392,19.5896457286006,-18.731313935579674,3.255384894492082,,1.1729504050471906,93
30,0.28,0.1,0.6,0.7,22,10,20000,363581.6737476279,343581.6737476279,1717.9083687381394,40.731971886066454,1.1862537827078696,1.3470203007759998,-40.339904828028466,1.0097190873332347,31.34191580379127,622,435,187,69.93569131832797,2047.2783350807438,-2884.3221375778285,15733.602297611309,-27729.60457292263,1.651128135039602,6.979099678456592,67,102,65.68627450980392,19.5896457286006,-18.731313935579674,3.255384894492082,,1.1729504050471906,93
30,0.3,0.1,0.45,0.3,18,10,20000,416204.5151038208,396204.5151038208,1981.022575519104,42.99106694846644,1.1857491656653332,1.3631208114150355,-47.23113494277392,0.9102272685285919,33.225772903556816,550,424,126,77.0909090909091,2156.112400366001,-3986.4932898831844,16923.850580919585,-50209.46454426594,1.8200179505321519,8.16,68,102,66.66666666666666,22.39326719302335,-22.792088602415838,3.479706570637651,,1.1796371581509995,773
30,0.3,0.1,0.45,0.3,20,10,20000,416204.5151038208,396204.5151038208,1981.022575519104,42.99106694846644,1.1857491656653332,1.3631208114150355,-47.23113494277392,0.9102272685285919,33.225772903556816,550,424,126,77.0909090909091,2156.112400366001,-3986.4932898831844,16923.850580919585,-50209.46454426594,1.8200179505321519,8.16,68,102,66.66666666666666,22.39326719302335,-22.792088602415838,3.479706570637651,,1.1750718026467715,824
30,0.3,0.1,0.45,0.3,18,10,20000,416204.5151038208,396204.5151038208,1981.022575519104,42.99106694846644,1.1857491656653332,1.3631208114150355,-47.23113494277392,0.9102272685285919,33.225772903556816,550,424,126,77.0909090909091,2156.112400366001,-3986.4932898831844,16923.850580919585,-50209.46454426594,1.8200179505321519,8.16,68,102,66.66666666666666,22.39326719302335,-22.792088602415838,3.479706570637651,,1.1796371581509995,773
30,0.3,0.1,0.45,0.3,20,10,20000,416204.5151038208,396204.5151038208,1981.022575519104,42.99106694846644,1.1857491656653332,1.3631208114150355,-47.23113494277392,0.9102272685285919,33.225772903556816,550,424,126,77.0909090909091,2156.112400366001,-3986.4932898831844,16923.850580919585,-50209.46454426594,1.8200179505321519,8.16,68,102,66.66666666666666,22.39326719302335,-22.792088602415838,3.479706570637651,,1.1750718026467715,824
30,0.3,0.1,0.45,0.3,18,10,20000,416204.5151038208,396204.5151038208,1981.022575519104,42.99106694846644,1.1857491656653332,1.3631208114150355,-47.23113494277392,0.9102272685285919,33.225772903556816,550,424,126,77.0909090909091,2156.112400366001,-3986.4932898831844,16923.850580919585,-50209.46454426594,1.8200179505321519,8.16,68,102,66.66666666666666,22.39326719302335,-22.792088602415838,3.479706570637651,,1.1796371581509995,773
30,0.3,0.1,0.45,0.3,20,10,20000,416204.5151038208,396204.5151038208,1981.022575519104,42.99106694846644,1.1857491656653332,1.3631208114150355,-47.23113494277392,0.9102272685285919,33.225772903556816,550,424,126,77.0909090909091,2156.112400366001,-3986.4932898831844,16923.850580919585,-50209.46454426594,1.8200179505321519,8.16,68,102,66.66666666666666,22.39326719302335,-22.792088602415838,3.479706570637651,,1.1750718026467715,824
30,0.3,0.1,0.45,0.3,18,10,20000,416204.5151038208,396204.5151038208,1981.022575519104,42.99106694846644,1.1857491656653332,1.3631208114150355,-47.23113494277392,0.9102272685285919,33.225772903556816,550,424,126,77.0909090909091,2156.112400366001,-3986.4932898831844,16923.850580919585,-50209.46454426594,1.8200179505321519,8.16,68,102,66.66666666666666,22.39326719302335,-22.792088602415838,3.479706570637651,,1.1796371581509995,773
30,0.3,0.1,0.45,0.3,18,10,20000,416204.5151038208,396204.5151038208,1981.022575519104,42.99106694846644,1.1857491656653332,1.3631208114150355,-47.23113494277392,0.9102272685285919,33.225772903556816,550,424,126,77.0909090909091,2156.112400366001,-3986.4932898831844,16923.850580919585,-50209.46454426594,1.8200179505321519,8.16,68,102,66.66666666666666,22.39326719302335,-22.792088602415838,3.479706570637651,,1.1796371581509995,773
30,0.3,0.12,0.55,0.9,22,10,20000,445262.5729912776,425262.5729912776,2126.3128649563882,44.13249617494495,1.1853640526908624,1.3892425522509344,-44.6535047086621,0.9883321916808899,34.172775604967576,678,462,216,68.14159292035397,2332.414740630751,-2978.370508465525,20791.993377951978,-33725.19475085184,1.6750018034478935,6.969026548672566,68,102,66.66666666666666,21.742596998321062,-21.216095232940724,3.5426519380407306,,1.1653682479151277,14
30,0.28,0.08,0.45,0.7,18,10,20000,351051.71074842673,331051.71074842673,1655.2585537421337,40.15170653339211,1.1849445059439097,1.3598570729364001,-44.210778052352936,0.90818819080374,30.909050483277895,499,401,98,80.36072144288578,1630.6263310715963,-3170.465081021716,12472.316775454936,-35131.66168753713,2.104504087421664,8.382765531062125,69,102,67.64705882352942,20.428532670524625,-19.42447676770055,3.196630491520081,,1.1746094658454505,864
30,0.28,0.08,0.45,0.7,18,10,20000,351051.71074842673,331051.71074842673,1655.2585537421337,40.15170653339211,1.1849445059439097,1.3598570729364001,-44.210778052352936,0.90818819080374,30.909050483277895,499,401,98,80.36072144288578,1630.6263310715963,-3170.465081021716,12472.316775454936,-35131.66168753713,2.104504087421664,8.382765531062125,69,102,67.64705882352942,20.428532670524625,-19.42447676770055,3.196630491520081,,1.1746094658454505,864
30,0.28,0.08,0.45,0.7,20,10,20000,351051.71074842673,331051.71074842673,1655.2585537421337,40.15170653339211,1.1849445059439097,1.3598570729364001,-44.210778052352936,0.90818819080374,30.909050483277895,499,401,98,80.36072144288578,1630.6263310715963,-3170.465081021716,12472.316775454936,-35131.66168753713,2.104504087421664,8.382765531062125,69,102,67.64705882352942,20.428532670524625,-19.42447676770055,3.196630491520081,,1.169163327163483,925
30,0.28,0.08,0.45,0.7,20,10,20000,351051.71074842673,331051.71074842673,1655.2585537421337,40.15170653339211,1.1849445059439097,1.3598570729364001,-44.210778052352936,0.90818819080374,30.909050483277895,499,401,98,80.36072144288578,1630.6263310715963,-3170.465081021716,12472.316775454936,-35131.66168753713,2.104504087421664,8.382765531062125,69,102,67.64705882352942,20.428532670524625,-19.42447676770055,3.196630491520081,,1.169163327163483,925
30,0.28,0.08,0.45,0.7,18,10,20000,351051.71074842673,331051.71074842673,1655.2585537421337,40.15170653339211,1.1849445059439097,1.3598570729364001,-44.210778052352936,0.90818819080374,30.909050483277895,499,401,98,80.36072144288578,1630.6263310715963,-3170.465081021716,12472.316775454936,-35131.66168753713,2.104504087421664,8.382765531062125,69,102,67.64705882352942,20.428532670524625,-19.42447676770055,3.196630491520081,,1.1746094658454505,864
30,0.28,0.08,0.45,0.7,20,10,20000,351051.71074842673,331051.71074842673,1655.2585537421337,40.15170653339211,1.1849445059439097,1.3598570729364001,-44.210778052352936,0.90818819080374,30.909050483277895,499,401,98,80.36072144288578,1630.6263310715963,-3170.465081021716,12472.316775454936,-35131.66168753713,2.104504087421664,8.382765531062125,69,102,67.64705882352942,20.428532670524625,-19.42447676770055,3.196630491520081,,1.169163327163483,925
30,0.28,0.08,0.45,0.7,18,10,20000,351051.71074842673,331051.71074842673,1655.2585537421337,40.15170653339211,1.1849445059439097,1.3598570729364001,-44.210778052352936,0.90818819080374,30.909050483277895,499,401,98,80.36072144288578,1630.6263310715963,-3170.465081021716,12472.316775454936,-35131.66168753713,2.104504087421664,8.382765531062125,69,102,67.64705882352942,20.428532670524625,-19.42447676770055,3.196630491520081,,1.1746094658454505,864
30,0.28,0.08,0.45,0.7,18,10,20000,351051.71074842673,331051.71074842673,1655.2585537421337,40.15170653339211,1.1849445059439097,1.3598570729364001,-44.210778052352936,0.90818819080374,30.909050483277895,499,401,98,80.36072144288578,1630.6263310715963,-3170.465081021716,12472.316775454936,-35131.66168753713,2.104504087421664,8.382765531062125,69,102,67.64705882352942,20.428532670524625,-19.42447676770055,3.196630491520081,,1.1746094658454505,864
30,0.28,0.08,0.45,0.7,18,10,20000,351051.71074842673,331051.71074842673,1655.2585537421337,40.15170653339211,1.1849445059439097,1.3598570729364001,-44.210778052352936,0.90818819080374,30.909050483277895,499,401,98,80.36072144288578,1630.6263310715963,-3170.465081021716,12472.316775454936,-35131.66168753713,2.104504087421664,8.382765531062125,69,102,67.64705882352942,20.428532670524625,-19.42447676770055,3.196630491520081,,1.1746094658454505,864
30,0.28,0.08,0.45,0.7,20,10,20000,351051.71074842673,331051.71074842673,1655.2585537421337,40.15170653339211,1.1849445059439097,1.3598570729364001,-44.210778052352936,0.90818819080374,30.909050483277895,499,401,98,80.36072144288578,1630.6263310715963,-3170.465081021716,12472.316775454936,-35131.66168753713,2.104504087421664,8.382765531062125,69,102,67.64705882352942,20.428532670524625,-19.42447676770055,3.196630491520081,,1.169163327163483,925
30,0.28,0.08,0.45,0.5,22,10,20000,322121.62535101577,302121.62535101577,1510.6081267550787,38.73881058396651,1.1847740866708991,1.352781531262743,-39.26727635824353,0.9865418276160609,29.755441636852158,639,471,168,73.70892018779342,1709.0978876670893,-2958.3923898785615,12784.606616810142,-23025.545885772743,1.6196560073939081,6.375586854460094,68,102,66.66666666666666,19.421618509226125,-17.03398463703243,3.0761450965311647,,1.1427495864461414,508
30,0.28,0.08,0.45,0.5,22,10,20000,322121.62535101577,302121.62535101577,1510.6081267550787,38.73881058396651,1.1847740866708991,1.352781531262743,-39.26727635824353,0.9865418276160609,29.755441636852158,639,471,168,73.70892018779342,1709.0978876670893,-2958.3923898785615,12784.606616810142,-23025.545885772743,1.6196560073939081,6.375586854460094,68,102,66.66666666666666,19.421618509226125,-17.03398463703243,3.0761450965311647,,1.1427495864461414,508
30,0.28,0.08,0.45,0.5,22,10,20000,322121.62535101577,302121.62535101577,1510.6081267550787,38.73881058396651,1.1847740866708991,1.352781531262743,-39.26727635824353,0.9865418276160609,29.755441636852158,639,471,168,73.70892018779342,1709.0978876670893,-2958.3923898785615,12784.606616810142,-23025.545885772743,1.6196560073939081,6.375586854460094,68,102,66.66666666666666,19.421618509226125,-17.03398463703243,3.0761450965311647,,1.1427495864461414,508
30,0.26,0.1,0.4,0.7,18,10,20000,403533.51330914616,383533.51330914616,1917.6675665457306,42.471180593814964,1.1822810962688626,1.356840049429727,-46.428818257442664,0.9147590265665811,32.923516676711415,557,429,128,77.0197486535009,1879.728460453124,-3170.0845935454317,16226.146283736663,-41850.43097666925,1.9873373193462496,7.836624775583483,68,102,66.66666666666666,20.48790311444797,-23.78508311990757,3.3973815109538053,,1.0494390966565692,211
30,0.3,0.12,0.4,0.3,20,10,20000,485984.43735667324,465984.43735667324,2329.922186783366,45.62619204983618,1.1784032490018386,1.3672262954327854,-53.69818247561021,0.8496785169695391,35.73169201503573,592,461,131,77.87162162162163,2323.859961488221,-4459.7207838743325,20891.55916713941,-37352.43016866133,1.8337153230144234,7.7449324324324325,67,102,65.68627450980392,24.118683240293315,-21.56642471242599,3.6780189347377203,,1.182125184825582,185
30,0.3,0.12,0.4,0.3,18,10,20000,485984.43735667324,465984.43735667324,2329.922186783366,45.62619204983618,1.1784032490018386,1.3672262954327854,-53.69818247561021,0.8496785169695391,35.73169201503573,592,461,131,77.87162162162163,2323.859961488221,-4459.7207838743325,20891.55916713941,-37352.43016866133,1.8337153230144234,7.7449324324324325,67,102,65.68627450980392,24.118683240293315,-21.56642471242599,3.6780189347377203,,1.1889148459230894,175
30,0.28,0.08,0.5,0.5,22,10,20000,311912.1349493976,291912.1349493976,1459.560674746988,38.21337044411983,1.1776993755000769,1.3394431433890928,-37.89848932538889,1.0083085401116503,29.563473361912067,603,443,160,73.46600331674958,1791.4155910382542,-3099.3718663114705,12372.199951751749,-23025.545885772743,1.6003184295500457,6.580431177446103,68,102,66.66666666666666,19.085741586895423,-16.576184505435656,3.0446466507794216,,1.149297227147405,445
30,0.28,0.08,0.5,0.5,22,10,20000,311912.1349493976,291912.1349493976,1459.560674746988,38.21337044411983,1.1776993755000769,1.3394431433890928,-37.89848932538889,1.0083085401116503,29.563473361912067,603,443,160,73.46600331674958,1791.4155910382542,-3099.3718663114705,12372.199951751749,-23025.545885772743,1.6003184295500457,6.580431177446103,68,102,66.66666666666666,19.085741586895423,-16.576184505435656,3.0446466507794216,,1.149297227147405,445
30,0.26,0.1,0.55,0.5,22,10,20000,344197.12350793905,324197.12350793905,1620.985617539695,39.826492791768445,1.1771233661687401,1.3330768585169843,-39.30216819169928,1.013340856858373,30.923168031504,676,477,199,70.56213017751479,1856.2021569566523,-2774.7532478536423,13779.126051850584,-26213.007012453934,1.603489820480314,6.769230769230769,65,102,63.725490196078425,18.23065839952349,-21.956119733703872,3.1808189752266247,,1.1100228850904788,120
30,0.26,0.1,0.55,0.5,22,10,20000,344197.12350793905,324197.12350793905,1620.985617539695,39.826492791768445,1.1771233661687401,1.3330768585169843,-39.30216819169928,1.013340856858373,30.923168031504,676,477,199,70.56213017751479,1856.2021569566523,-2774.7532478536423,13779.126051850584,-26213.007012453934,1.603489820480314,6.769230769230769,65,102,63.725490196078425,18.23065839952349,-21.956119733703872,3.1808189752266247,,1.1100228850904788,120
30,0.26,0.1,0.55,0.5,22,10,20000,344197.12350793905,324197.12350793905,1620.985617539695,39.826492791768445,1.1771233661687401,1.3330768585169843,-39.30216819169928,1.013340856858373,30.923168031504,676,477,199,70.56213017751479,1856.2021569566523,-2774.7532478536423,13779.126051850584,-26213.007012453934,1.603489820480314,6.769230769230769,65,102,63.725490196078425,18.23065839952349,-21.956119733703872,3.1808189752266247,,1.1100228850904788,120
30,0.26,0.1,0.55,0.5,22,10,20000,344197.12350793905,324197.12350793905,1620.985617539695,39.826492791768445,1.1771233661687401,1.3330768585169843,-39.30216819169928,1.013340856858373,30.923168031504,676,477,199,70.56213017751479,1856.2021569566523,-2774.7532478536423,13779.126051850584,-26213.007012453934,1.603489820480314,6.769230769230769,65,102,63.725490196078425,18.23065839952349,-21.956119733703872,3.1808189752266247,,1.1100228850904788,120
30,0.3,0.08,0.55,0.5,20,10,20000,339599.0387781799,319599.0387781799,1597.9951938908994,39.605121111656615,1.1729865366296166,1.3405625632514524,-48.17171082454277,0.8221655497333592,30.886684853040002,487,376,111,77.20739219712526,1672.826297904839,-2690.366046029781,12813.612040258555,-33604.198135905084,2.106222947310443,9.527720739219713,71,102,69.6078431372549,19.32295456312638,-22.38297823337845,3.1859028349951997,,1.1605909194416237,244
30,0.3,0.1,0.55,0.7,22,10,20000,375347.90388421755,355347.90388421755,1776.7395194210876,41.26102413610753,1.1726589484347663,1.3495255000459832,-41.044596993587504,1.0052729752116665,32.28191462743565,636,445,191,69.9685534591195,2046.3111261455635,-2873.074654481891,16108.211876125864,-28479.053345163782,1.6594011945903957,6.888364779874214,67,102,65.68627450980392,19.861381085931296,-21.53349988372493,3.3128590955747597,,1.1683039280689365,150
30,0.3,0.14,0.55,0.9,24,10,20000,419549.7112299311,399549.7112299311,1997.7485561496553,43.12598771276315,1.1681827980072776,1.4016843311268183,-47.689499554874914,0.9043078269911249,34.02883034543971,761,502,259,65.9658344283837,2115.3438448247775,-2479.435084002373,21824.458518610398,-36180.34690011677,1.6536065429048046,6.02496714848883,68,102,66.66666666666666,24.529953354318156,-18.177178358120607,3.493353719197196,,1.0935213742011731,6
40,0.26,0.12,0.5,0.9,24,10,20000,296711.4599507245,276711.4599507245,1383.5572997536226,37.402228778592715,1.1669234855983082,1.388578613755949,-43.58454259446012,0.858153523064546,29.24238625492308,462,364,98,78.78787878787878,1417.4167018246658,-2394.7606850617844,9056.502454391379,-31750.27184391624,2.1984203430504796,12.491341991341992,67,102,65.68627450980392,17.919635578237703,-14.862242692847104,2.97591311952914,,1.0147908098004963,3
30,0.26,0.1,0.45,0.5,18,10,20000,369638.3731079851,349638.3731079851,1748.1918655399254,41.006158856304054,1.165361794708866,1.3243199106195471,-49.36574593015472,0.8306601689827952,32.3543197790848,554,434,120,78.33935018050542,1598.6281188800194,-2747.4313899448725,13880.805361631725,-36926.850861766994,2.104403790067134,8.321299638989169,69,102,67.64705882352942,20.163420978084034,-24.430195606602645,3.36542668635517,,1.0398693787331565,304
30,0.26,0.1,0.45,0.5,20,10,20000,369638.3731079851,349638.3731079851,1748.1918655399254,41.006158856304054,1.165361794708866,1.3243199106195471,-49.36574593015472,0.8306601689827952,32.3543197790848,554,434,120,78.33935018050542,1598.6281188800194,-2747.4313899448725,13880.805361631725,-36926.850861766994,2.104403790067134,8.321299638989169,69,102,67.64705882352942,20.163420978084034,-24.430195606602645,3.36542668635517,,1.0386492392393294,331
30,0.26,0.1,0.45,0.5,18,10,20000,369638.3731079851,349638.3731079851,1748.1918655399254,41.006158856304054,1.165361794708866,1.3243199106195471,-49.36574593015472,0.8306601689827952,32.3543197790848,554,434,120,78.33935018050542,1598.6281188800194,-2747.4313899448725,13880.805361631725,-36926.850861766994,2.104403790067134,8.321299638989169,69,102,67.64705882352942,20.163420978084034,-24.430195606602645,3.36542668635517,,1.0398693787331565,304
30,0.26,0.1,0.45,0.5,20,10,20000,369638.3731079851,349638.3731079851,1748.1918655399254,41.006158856304054,1.165361794708866,1.3243199106195471,-49.36574593015472,0.8306601689827952,32.3543197790848,554,434,120,78.33935018050542,1598.6281188800194,-2747.4313899448725,13880.805361631725,-36926.850861766994,2.104403790067134,8.321299638989169,69,102,67.64705882352942,20.163420978084034,-24.430195606602645,3.36542668635517,,1.0386492392393294,331
30,0.26,0.1,0.45,0.5,18,10,20000,369638.3731079851,349638.3731079851,1748.1918655399254,41.006158856304054,1.165361794708866,1.3243199106195471,-49.36574593015472,0.8306601689827952,32.3543197790848,554,434,120,78.33935018050542,1598.6281188800194,-2747.4313899448725,13880.805361631725,-36926.850861766994,2.104403790067134,8.321299638989169,69,102,67.64705882352942,20.163420978084034,-24.430195606602645,3.36542668635517,,1.0398693787331565,304
30,0.26,0.1,0.45,0.5,20,10,20000,369638.3731079851,349638.3731079851,1748.1918655399254,41.006158856304054,1.165361794708866,1.3243199106195471,-49.36574593015472,0.8306601689827952,32.3543197790848,554,434,120,78.33935018050542,1598.6281188800194,-2747.4313899448725,13880.805361631725,-36926.850861766994,2.104403790067134,8.321299638989169,69,102,67.64705882352942,20.163420978084034,-24.430195606602645,3.36542668635517,,1.0386492392393294,331
30,0.3,0.1,0.55,0.5,20,10,20000,385021.3749958894,365021.3749958894,1825.106874979447,41.685130154744535,1.164935279054349,1.359620453126817,-50.495819899552316,0.8255164533948701,32.940190677332055,518,398,120,76.83397683397683,1858.2969431745155,-3010.619361569331,15349.538898973577,-39388.64091921812,2.0472038434585555,9.517374517374517,70,102,68.62745098039215,20.78752441621159,-24.326488466912423,3.384423296233743,,1.157744366458444,257
30,0.26,0.1,0.5,0.5,18,10,20000,362883.17243076384,342883.17243076384,1714.4158621538193,40.7000920492609,1.1620035627786243,1.315201738113986,-47.4712704426133,0.8573626041557516,32.22367364388352,560,439,121,78.39285714285714,1584.4397467819601,-2799.9933958291017,13557.99593461703,-38157.74589049256,2.0530421766023887,8.817857142857143,69,102,67.64705882352942,19.72441834771923,-23.62295557075512,3.333631098466359,,1.0433956286857247,250
30,0.26,0.1,0.5,0.5,20,10,20000,362883.17243076384,342883.17243076384,1714.4158621538193,40.7000920492609,1.1620035627786243,1.315201738113986,-47.4712704426133,0.8573626041557516,32.22367364388352,560,439,121,78.39285714285714,1584.4397467819601,-2799.9933958291017,13557.99593461703,-38157.74589049256,2.0530421766023887,8.817857142857143,69,102,67.64705882352942,19.72441834771923,-23.62295557075512,3.333631098466359,,1.0535566318854492,297
30,0.28,0.1,0.5,0.5,20,10,20000,381826.28430585616,361826.28430585616,1809.1314215292807,41.54610049262497,1.1619443569597219,1.3333284896598312,-49.138132643813954,0.8454961199640795,32.94488434714482,547,421,126,76.96526508226691,1730.9472718673223,-2798.7494229201798,14526.424215661104,-38157.74589049256,2.0664807892248165,8.921389396709323,70,102,68.62745098039215,20.540286357425398,-23.063105500576842,3.3790167491645926,,1.1548085465750229,896
30,0.28,0.1,0.5,0.5,18,10,20000,381826.28430585616,361826.28430585616,1809.1314215292807,41.54610049262497,1.1619443569597219,1.3333284896598312,-49.138132643813954,0.8454961199640795,32.94488434714482,547,421,126,76.96526508226691,1730.9472718673223,-2798.7494229201798,14526.424215661104,-38157.74589049256,2.0664807892248165,8.921389396709323,70,102,68.62745098039215,20.540286357425398,-23.063105500576842,3.3790167491645926,,1.1592782369832988,805
30,0.28,0.1,0.5,0.5,18,10,20000,381826.28430585616,361826.28430585616,1809.1314215292807,41.54610049262497,1.1619443569597219,1.3333284896598312,-49.138132643813954,0.8454961199640795,32.94488434714482,547,421,126,76.96526508226691,1730.9472718673223,-2798.7494229201798,14526.424215661104,-38157.74589049256,2.0664807892248165,8.921389396709323,70,102,68.62745098039215,20.540286357425398,-23.063105500576842,3.3790167491645926,,1.1592782369832988,805
30,0.28,0.1,0.5,0.5,20,10,20000,381826.28430585616,361826.28430585616,1809.1314215292807,41.54610049262497,1.1619443569597219,1.3333284896598312,-49.138132643813954,0.8454961199640795,32.94488434714482,547,421,126,76.96526508226691,1730.9472718673223,-2798.7494229201798,14526.424215661104,-38157.74589049256,2.0664807892248165,8.921389396709323,70,102,68.62745098039215,20.540286357425398,-23.063105500576842,3.3790167491645926,,1.1548085465750229,896
30,0.28,0.08,0.4,0.7,18,10,20000,332642.5870982246,312642.5870982246,1563.212935491123,39.265128404966006,1.1601088576322527,1.3351487118131768,-46.06197944043473,0.8524411864614262,31.063910735706855,517,421,96,81.43133462282398,1497.6778414416005,-3185.1606038580862,11759.612959714654,-33604.198135905084,2.0620440172466683,7.673114119922631,71,102,69.6078431372549,19.4824597938255,-19.589314137250003,3.156540646599395,,1.1802074403221288,704
30,0.28,0.08,0.4,0.7,20,10,20000,332642.5870982246,312642.5870982246,1563.212935491123,39.265128404966006,1.1601088576322527,1.3351487118131768,-46.06197944043473,0.8524411864614262,31.063910735706855,517,421,96,81.43133462282398,1497.6778414416005,-3185.1606038580862,11759.612959714654,-33604.198135905084,2.0620440172466683,7.673114119922631,71,102,69.6078431372549,19.4824597938255,-19.589314137250003,3.156540646599395,,1.1753192489398057,748
30,0.3,0.1,0.4,0.3,18,10,20000,387937.81560918555,367937.81560918555,1839.6890780459278,41.81114906620209,1.1600408999055662,1.3231795480276605,-49.59098581590431,0.8431199416244081,33.25809093032947,543,422,121,77.71639042357275,2088.3133866579824,-4114.356731423454,16108.211876125864,-43317.969410739235,1.7701937742048728,7.47329650092081,68,102,66.66666666666666,22.749487423588487,-20.408079498093034,3.409240214751628,,1.1870986427989403,632
30,0.3,0.1,0.4,0.3,18,10,20000,387937.81560918555,367937.81560918555,1839.6890780459278,41.81114906620209,1.1600408999055662,1.3231795480276605,-49.59098581590431,0.8431199416244081,33.25809093032947,543,422,121,77.71639042357275,2088.3133866579824,-4114.356731423454,16108.211876125864,-43317.969410739235,1.7701937742048728,7.47329650092081,68,102,66.66666666666666,22.749487423588487,-20.408079498093034,3.409240214751628,,1.1870986427989403,632
30,0.3,0.1,0.4,0.3,20,10,20000,387937.81560918555,367937.81560918555,1839.6890780459278,41.81114906620209,1.1600408999055662,1.3231795480276605,-49.59098581590431,0.8431199416244081,33.25809093032947,543,422,121,77.71639042357275,2088.3133866579824,-4114.356731423454,16108.211876125864,-43317.969410739235,1.7701937742048728,7.47329650092081,68,102,66.66666666666666,22.749487423588487,-20.408079498093034,3.409240214751628,,1.181843424309504,669
30,0.3,0.1,0.4,0.3,20,10,20000,387937.81560918555,367937.81560918555,1839.6890780459278,41.81114906620209,1.1600408999055662,1.3231795480276605,-49.59098581590431,0.8431199416244081,33.25809093032947,543,422,121,77.71639042357275,2088.3133866579824,-4114.356731423454,16108.211876125864,-43317.969410739235,1.7701937742048728,7.47329650092081,68,102,66.66666666666666,22.749487423588487,-20.408079498093034,3.409240214751628,,1.181843424309504,669
30,0.28,0.1,0.6,0.5,20,10,20000,360593.0002072997,340593.0002072997,1702.9650010364985,40.59518672261897,1.1588674725914778,1.3223346502081321,-44.65765355563069,0.9090308937089351,32.250497656570275,529,392,137,74.10207939508507,1645.3497005556014,-2130.4855217451513,14423.241141099257,-23287.886163204897,2.2097601081380978,9.958412098298677,68,102,66.66666666666666,20.331628758345044,-21.515333117408808,3.282208630061747,,1.1698775468885587,93
30,0.28,0.14,0.5,0.7,22,10,20000,445065.3732759193,425065.3732759193,2125.3268663795966,44.12497429127262,1.1577675749089966,1.3673829277556662,-44.970928437486755,0.9811888663274969,35.33815400058219,737,514,223,69.74219810040707,2270.4854402018564,-3261.4857495782203,22252.62313354898,-34969.47669133604,1.604580433045329,6.848032564450475,67,102,65.68627450980392,22.385292411439938,-20.568377311886955,3.5593374298425258,,1.1403871046668659,17
30,0.28,0.12,0.4,0.7,20,10,20000,448082.9679053409,428082.9679053409,2140.4148395267043,44.23975550907435,1.1575338513382005,1.3648823566844872,-49.48029770405076,0.8940883050801169,35.44634387963257,579,451,128,77.89291882556131,1973.8464879935195,-3453.796487675154,18132.84670080279,-43081.326005394825,2.013646362736643,8.103626943005182,70,102,68.62745098039215,23.182721693250553,-21.933749077548427,3.5769712182926914,,1.1791649237811244,215
35,0.3,0.1,0.5,0.3,22,10,20000,300356.72310232685,280356.72310232685,1401.7836155116343,37.60003333912254,1.1552910820002453,1.3022683836173505,-39.14876898946692,0.960439735646322,29.83005661255819,494,380,114,76.92307692307693,1807.514218133083,-3527.8709775423217,9948.095084232582,-29339.347734353352,1.7078423310067508,10.593117408906883,67,102,65.68627450980392,18.245880584863137,-17.043104295616697,3.0439064908825264,,1.1673041891396134,347
35,0.28,0.1,0.55,0.5,22,10,20000,295254.0960888409,275254.0960888409,1376.2704804442046,37.32254681877838,1.1546985981365294,1.3065326912642914,-42.51800943567726,0.8778056008299552,29.60747120040765,443,344,99,77.65237020316027,1689.7790346575418,-3057.35106649604,10341.098028276343,-30952.37410739561,1.9204714492558341,11.670428893905191,68,102,66.66666666666666,18.88679055524618,-19.62592759903409,3.0135479153181675,,1.1317607500312443,208
30,0.28,0.12,0.4,0.5,18,10,20000,441697.6260899077,421697.6260899077,2108.488130449539,43.9960607022164,1.1544196493230012,1.3422638372194997,-49.420206271750764,0.8902443761624913,35.383419789144824,580,451,129,77.75862068965517,1966.4314893455564,-3451.9549562222182,17849.520971102746,-43081.326005394825,1.9915927271412506,8.043103448275861,70,102,68.62745098039215,23.191588352508496,-25.620595027853454,3.5649356118080147,,1.1678812166009993,231
30,0.26,0.08,0.45,0.7,20,10,20000,309196.97783244005,289196.97783244005,1445.9848891622003,38.07107991581682,1.1520483230550964,1.289592593845931,-42.68717793768888,0.8918621880179043,30.342728843178385,511,403,108,78.86497064579257,1429.317051975578,-2556.2287860145734,10690.55723610423,-30549.271032640987,2.086460390318978,8.252446183953033,68,102,66.66666666666666,19.11617600558553,-21.549832276953197,3.0757156165237576,,1.0526832184237356,280
30,0.26,0.08,0.45,0.7,18,10,20000,309196.97783244005,289196.97783244005,1445.9848891622003,38.07107991581682,1.1520483230550964,1.289592593845931,-42.68717793768888,0.8918621880179043,30.342728843178385,511,403,108,78.86497064579257,1429.317051975578,-2556.2287860145734,10690.55723610423,-30549.271032640987,2.086460390318978,8.252446183953033,68,102,66.66666666666666,19.11617600558553,-21.549832276953197,3.0757156165237576,,1.0526584840025988,258
30,0.26,0.08,0.45,0.7,20,10,20000,309196.97783244005,289196.97783244005,1445.9848891622003,38.07107991581682,1.1520483230550964,1.289592593845931,-42.68717793768888,0.8918621880179043,30.342728843178385,511,403,108,78.86497064579257,1429.317051975578,-2556.2287860145734,10690.55723610423,-30549.271032640987,2.086460390318978,8.252446183953033,68,102,66.66666666666666,19.11617600558553,-21.549832276953197,3.0757156165237576,,1.0526832184237356,280
30,0.26,0.08,0.45,0.7,18,10,20000,309196.97783244005,289196.97783244005,1445.9848891622003,38.07107991581682,1.1520483230550964,1.289592593845931,-42.68717793768888,0.8918621880179043,30.342728843178385,511,403,108,78.86497064579257,1429.317051975578,-2556.2287860145734,10690.55723610423,-30549.271032640987,2.086460390318978,8.252446183953033,68,102,66.66666666666666,19.11617600558553,-21.549832276953197,3.0757156165237576,,1.0526584840025988,258
30,0.3,0.08,0.6,0.7,22,10,20000,292775.7810772507,272775.7810772507,1363.8789053862536,37.18624374078827,1.1479134092528454,1.2908010713028437,-39.667909745674066,0.9374389520194865,29.725046343882646,576,408,168,70.83333333333334,1725.8342827446525,-2540.761243366964,11959.793286693357,-21363.507981240364,1.6496283704203893,6.972222222222222,68,102,66.66666666666666,18.19859473092269,-19.10093779137787,3.014110930871381,,1.2040740114548114,62
30,0.28,0.08,0.45,0.5,18,10,20000,305358.2791994734,285358.2791994734,1426.7913959973669,37.86801652031026,1.1472814299065457,1.302721417137321,-44.495052491587984,0.8510612843409816,30.337767860599378,511,406,105,79.45205479452055,1419.0280797928926,-2669.0688062934914,10690.55723610423,-30549.271032640987,2.0557389012457867,8.262230919765166,70,102,68.62745098039215,20.0851107779348,-27.20941866627855,3.0754475019442147,,1.1602156704534505,990
30,0.28,0.08,0.45,0.5,18,10,20000,305358.2791994734,285358.2791994734,1426.7913959973669,37.86801652031026,1.1472814299065457,1.302721417137321,-44.495052491587984,0.8510612843409816,30.337767860599378,511,406,105,79.45205479452055,1419.0280797928926,-2669.0688062934914,10690.55723610423,-30549.271032640987,2.0557389012457867,8.262230919765166,70,102,68.62745098039215,20.0851107779348,-27.20941866627855,3.0754475019442147,,1.1602156704534505,990
30,0.28,0.08,0.45,0.5,18,10,20000,305358.2791994734,285358.2791994734,1426.7913959973669,37.86801652031026,1.1472814299065457,1.302721417137321,-44.495052491587984,0.8510612843409816,30.337767860599378,511,406,105,79.45205479452055,1419.0280797928926,-2669.0688062934914,10690.55723610423,-30549.271032640987,2.0557389012457867,8.262230919765166,70,102,68.62745098039215,20.0851107779348,-27.20941866627855,3.0754475019442147,,1.1602156704534505,990
30,0.28,0.08,0.45,0.5,18,10,20000,305358.2791994734,285358.2791994734,1426.7913959973669,37.86801652031026,1.1472814299065457,1.302721417137321,-44.495052491587984,0.8510612843409816,30.337767860599378,511,406,105,79.45205479452055,1419.0280797928926,-2669.0688062934914,10690.55723610423,-30549.271032640987,2.0557389012457867,8.262230919765166,70,102,68.62745098039215,20.0851107779348,-27.20941866627855,3.0754475019442147,,1.1602156704534505,990
30,0.28,0.08,0.45,0.5,18,10,20000,305358.2791994734,285358.2791994734,1426.7913959973669,37.86801652031026,1.1472814299065457,1.302721417137321,-44.495052491587984,0.8510612843409816,30.337767860599378,511,406,105,79.45205479452055,1419.0280797928926,-2669.0688062934914,10690.55723610423,-30549.271032640987,2.0557389012457867,8.262230919765166,70,102,68.62745098039215,20.0851107779348,-27.20941866627855,3.0754475019442147,,1.1602156704534505,990
30,0.28,0.08,0.45,0.5,20,10,20000,305358.2791994734,285358.2791994734,1426.7913959973669,37.86801652031026,1.1472814299065457,1.302721417137321,-44.495052491587984,0.8510612843409816,30.337767860599378,511,406,105,79.45205479452055,1419.0280797928926,-2669.0688062934914,10690.55723610423,-30549.271032640987,2.0557389012457867,8.262230919765166,70,102,68.62745098039215,20.0851107779348,-27.20941866627855,3.0754475019442147,,1.1540337547002752,1062
30,0.28,0.08,0.45,0.5,20,10,20000,305358.2791994734,285358.2791994734,1426.7913959973669,37.86801652031026,1.1472814299065457,1.302721417137321,-44.495052491587984,0.8510612843409816,30.337767860599378,511,406,105,79.45205479452055,1419.0280797928926,-2669.0688062934914,10690.55723610423,-30549.271032640987,2.0557389012457867,8.262230919765166,70,102,68.62745098039215,20.0851107779348,-27.20941866627855,3.0754475019442147,,1.1540337547002752,1062
30,0.28,0.08,0.45,0.5,18,10,20000,305358.2791994734,285358.2791994734,1426.7913959973669,37.86801652031026,1.1472814299065457,1.302721417137321,-44.495052491587984,0.8510612843409816,30.337767860599378,511,406,105,79.45205479452055,1419.0280797928926,-2669.0688062934914,10690.55723610423,-30549.271032640987,2.0557389012457867,8.262230919765166,70,102,68.62745098039215,20.0851107779348,-27.20941866627855,3.0754475019442147,,1.1602156704534505,990
30,0.28,0.08,0.45,0.5,20,10,20000,305358.2791994734,285358.2791994734,1426.7913959973669,37.86801652031026,1.1472814299065457,1.302721417137321,-44.495052491587984,0.8510612843409816,30.337767860599378,511,406,105,79.45205479452055,1419.0280797928926,-2669.0688062934914,10690.55723610423,-30549.271032640987,2.0557389012457867,8.262230919765166,70,102,68.62745098039215,20.0851107779348,-27.20941866627855,3.0754475019442147,,1.1540337547002752,1062
30,0.28,0.08,0.45,0.5,20,10,20000,305358.2791994734,285358.2791994734,1426.7913959973669,37.86801652031026,1.1472814299065457,1.302721417137321,-44.495052491587984,0.8510612843409816,30.337767860599378,511,406,105,79.45205479452055,1419.0280797928926,-2669.0688062934914,10690.55723610423,-30549.271032640987,2.0557389012457867,8.262230919765166,70,102,68.62745098039215,20.0851107779348,-27.20941866627855,3.0754475019442147,,1.1540337547002752,1062
30,0.28,0.08,0.45,0.5,20,10,20000,305358.2791994734,285358.2791994734,1426.7913959973669,37.86801652031026,1.1472814299065457,1.302721417137321,-44.495052491587984,0.8510612843409816,30.337767860599378,511,406,105,79.45205479452055,1419.0280797928926,-2669.0688062934914,10690.55723610423,-30549.271032640987,2.0557389012457867,8.262230919765166,70,102,68.62745098039215,20.0851107779348,-27.20941866627855,3.0754475019442147,,1.1540337547002752,1062
30,0.28,0.08,0.45,0.5,18,10,20000,305358.2791994734,285358.2791994734,1426.7913959973669,37.86801652031026,1.1472814299065457,1.302721417137321,-44.495052491587984,0.8510612843409816,30.337767860599378,511,406,105,79.45205479452055,1419.0280797928926,-2669.0688062934914,10690.55723610423,-30549.271032640987,2.0557389012457867,8.262230919765166,70,102,68.62745098039215,20.0851107779348,-27.20941866627855,3.0754475019442147,,1.1602156704534505,990
30,0.28,0.08,0.45,0.5,18,10,20000,305358.2791994734,285358.2791994734,1426.7913959973669,37.86801652031026,1.1472814299065457,1.302721417137321,-44.495052491587984,0.8510612843409816,30.337767860599378,511,406,105,79.45205479452055,1419.0280797928926,-2669.0688062934914,10690.55723610423,-30549.271032640987,2.0557389012457867,8.262230919765166,70,102,68.62745098039215,20.0851107779348,-27.20941866627855,3.0754475019442147,,1.1602156704534505,990
30,0.28,0.08,0.45,0.5,20,10,20000,305358.2791994734,285358.2791994734,1426.7913959973669,37.86801652031026,1.1472814299065457,1.302721417137321,-44.495052491587984,0.8510612843409816,30.337767860599378,511,406,105,79.45205479452055,1419.0280797928926,-2669.0688062934914,10690.55723610423,-30549.271032640987,2.0557389012457867,8.262230919765166,70,102,68.62745098039215,20.0851107779348,-27.20941866627855,3.0754475019442147,,1.1540337547002752,1062
30,0.28,0.08,0.45,0.5,18,10,20000,305358.2791994734,285358.2791994734,1426.7913959973669,37.86801652031026,1.1472814299065457,1.302721417137321,-44.495052491587984,0.8510612843409816,30.337767860599378,511,406,105,79.45205479452055,1419.0280797928926,-2669.0688062934914,10690.55723610423,-30549.271032640987,2.0557389012457867,8.262230919765166,70,102,68.62745098039215,20.0851107779348,-27.20941866627855,3.0754475019442147,,1.1602156704534505,990
30,0.28,0.08,0.45,0.5,20,10,20000,305358.2791994734,285358.2791994734,1426.7913959973669,37.86801652031026,1.1472814299065457,1.302721417137321,-44.495052491587984,0.8510612843409816,30.337767860599378,511,406,105,79.45205479452055,1419.0280797928926,-2669.0688062934914,10690.55723610423,-30549.271032640987,2.0557389012457867,8.262230919765166,70,102,68.62745098039215,20.0851107779348,-27.20941866627855,3.0754475019442147,,1.1540337547002752,1062
30,0.28,0.08,0.45,0.5,18,10,20000,305358.2791994734,285358.2791994734,1426.7913959973669,37.86801652031026,1.1472814299065457,1.302721417137321,-44.495052491587984,0.8510612843409816,30.337767860599378,511,406,105,79.45205479452055,1419.0280797928926,-2669.0688062934914,10690.55723610423,-30549.271032640987,2.0557389012457867,8.262230919765166,70,102,68.62745098039215,20.0851107779348,-27.20941866627855,3.0754475019442147,,1.1602156704534505,990
30,0.28,0.08,0.45,0.5,20,10,20000,305358.2791994734,285358.2791994734,1426.7913959973669,37.86801652031026,1.1472814299065457,1.302721417137321,-44.495052491587984,0.8510612843409816,30.337767860599378,511,406,105,79.45205479452055,1419.0280797928926,-2669.0688062934914,10690.55723610423,-30549.271032640987,2.0557389012457867,8.262230919765166,70,102,68.62745098039215,20.0851107779348,-27.20941866627855,3.0754475019442147,,1.1540337547002752,1062
30,0.28,0.08,0.45,0.5,18,10,20000,305358.2791994734,285358.2791994734,1426.7913959973669,37.86801652031026,1.1472814299065457,1.302721417137321,-44.495052491587984,0.8510612843409816,30.337767860599378,511,406,105,79.45205479452055,1419.0280797928926,-2669.0688062934914,10690.55723610423,-30549.271032640987,2.0557389012457867,8.262230919765166,70,102,68.62745098039215,20.0851107779348,-27.20941866627855,3.0754475019442147,,1.1602156704534505,990
30,0.28,0.08,0.45,0.5,20,10,20000,305358.2791994734,285358.2791994734,1426.7913959973669,37.86801652031026,1.1472814299065457,1.302721417137321,-44.495052491587984,0.8510612843409816,30.337767860599378,511,406,105,79.45205479452055,1419.0280797928926,-2669.0688062934914,10690.55723610423,-30549.271032640987,2.0557389012457867,8.262230919765166,70,102,68.62745098039215,20.0851107779348,-27.20941866627855,3.0754475019442147,,1.1540337547002752,1062
30,0.28,0.08,0.45,0.5,18,10,20000,305358.2791994734,285358.2791994734,1426.7913959973669,37.86801652031026,1.1472814299065457,1.302721417137321,-44.495052491587984,0.8510612843409816,30.337767860599378,511,406,105,79.45205479452055,1419.0280797928926,-2669.0688062934914,10690.55723610423,-30549.271032640987,2.0557389012457867,8.262230919765166,70,102,68.62745098039215,20.0851107779348,-27.20941866627855,3.0754475019442147,,1.1602156704534505,990
30,0.28,0.08,0.45,0.5,20,10,20000,305358.2791994734,285358.2791994734,1426.7913959973669,37.86801652031026,1.1472814299065457,1.302721417137321,-44.495052491587984,0.8510612843409816,30.337767860599378,511,406,105,79.45205479452055,1419.0280797928926,-2669.0688062934914,10690.55723610423,-30549.271032640987,2.0557389012457867,8.262230919765166,70,102,68.62745098039215,20.0851107779348,-27.20941866627855,3.0754475019442147,,1.1540337547002752,1062
30,0.28,0.08,0.45,0.5,18,10,20000,305358.2791994734,285358.2791994734,1426.7913959973669,37.86801652031026,1.1472814299065457,1.302721417137321,-44.495052491587984,0.8510612843409816,30.337767860599378,511,406,105,79.45205479452055,1419.0280797928926,-2669.0688062934914,10690.55723610423,-30549.271032640987,2.0557389012457867,8.262230919765166,70,102,68.62745098039215,20.0851107779348,-27.20941866627855,3.0754475019442147,,1.1602156704534505,990
30,0.28,0.08,0.45,0.5,18,10,20000,305358.2791994734,285358.2791994734,1426.7913959973669,37.86801652031026,1.1472814299065457,1.302721417137321,-44.495052491587984,0.8510612843409816,30.337767860599378,511,406,105,79.45205479452055,1419.0280797928926,-2669.0688062934914,10690.55723610423,-30549.271032640987,2.0557389012457867,8.262230919765166,70,102,68.62745098039215,20.0851107779348,-27.20941866627855,3.0754475019442147,,1.1602156704534505,990
30,0.28,0.08,0.45,0.5,20,10,20000,305358.2791994734,285358.2791994734,1426.7913959973669,37.86801652031026,1.1472814299065457,1.302721417137321,-44.495052491587984,0.8510612843409816,30.337767860599378,511,406,105,79.45205479452055,1419.0280797928926,-2669.0688062934914,10690.55723610423,-30549.271032640987,2.0557389012457867,8.262230919765166,70,102,68.62745098039215,20.0851107779348,-27.20941866627855,3.0754475019442147,,1.1540337547002752,1062
30,0.28,0.08,0.45,0.5,20,10,20000,305358.2791994734,285358.2791994734,1426.7913959973669,37.86801652031026,1.1472814299065457,1.302721417137321,-44.495052491587984,0.8510612843409816,30.337767860599378,511,406,105,79.45205479452055,1419.0280797928926,-2669.0688062934914,10690.55723610423,-30549.271032640987,2.0557389012457867,8.262230919765166,70,102,68.62745098039215,20.0851107779348,-27.20941866627855,3.0754475019442147,,1.1540337547002752,1062
30,0.28,0.08,0.45,0.5,20,10,20000,305358.2791994734,285358.2791994734,1426.7913959973669,37.86801652031026,1.1472814299065457,1.302721417137321,-44.495052491587984,0.8510612843409816,30.337767860599378,511,406,105,79.45205479452055,1419.0280797928926,-2669.0688062934914,10690.55723610423,-30549.271032640987,2.0557389012457867,8.262230919765166,70,102,68.62745098039215,20.0851107779348,-27.20941866627855,3.0754475019442147,,1.1540337547002752,1062
30,0.28,0.08,0.45,0.5,18,10,20000,305358.2791994734,285358.2791994734,1426.7913959973669,37.86801652031026,1.1472814299065457,1.302721417137321,-44.495052491587984,0.8510612843409816,30.337767860599378,511,406,105,79.45205479452055,1419.0280797928926,-2669.0688062934914,10690.55723610423,-30549.271032640987,2.0557389012457867,8.262230919765166,70,102,68.62745098039215,20.0851107779348,-27.20941866627855,3.0754475019442147,,1.1602156704534505,990
30,0.28,0.08,0.45,0.5,20,10,20000,305358.2791994734,285358.2791994734,1426.7913959973669,37.86801652031026,1.1472814299065457,1.302721417137321,-44.495052491587984,0.8510612843409816,30.337767860599378,511,406,105,79.45205479452055,1419.0280797928926,-2669.0688062934914,10690.55723610423,-30549.271032640987,2.0557389012457867,8.262230919765166,70,102,68.62745098039215,20.0851107779348,-27.20941866627855,3.0754475019442147,,1.1540337547002752,1062
30,0.28,0.08,0.45,0.5,18,10,20000,305358.2791994734,285358.2791994734,1426.7913959973669,37.86801652031026,1.1472814299065457,1.302721417137321,-44.495052491587984,0.8510612843409816,30.337767860599378,511,406,105,79.45205479452055,1419.0280797928926,-2669.0688062934914,10690.55723610423,-30549.271032640987,2.0557389012457867,8.262230919765166,70,102,68.62745098039215,20.0851107779348,-27.20941866627855,3.0754475019442147,,1.1602156704534505,990
30,0.28,0.08,0.45,0.5,18,10,20000,305358.2791994734,285358.2791994734,1426.7913959973669,37.86801652031026,1.1472814299065457,1.302721417137321,-44.495052491587984,0.8510612843409816,30.337767860599378,511,406,105,79.45205479452055,1419.0280797928926,-2669.0688062934914,10690.55723610423,-30549.271032640987,2.0557389012457867,8.262230919765166,70,102,68.62745098039215,20.0851107779348,-27.20941866627855,3.0754475019442147,,1.1602156704534505,990
30,0.28,0.08,0.45,0.5,18,10,20000,305358.2791994734,285358.2791994734,1426.7913959973669,37.86801652031026,1.1472814299065457,1.302721417137321,-44.495052491587984,0.8510612843409816,30.337767860599378,511,406,105,79.45205479452055,1419.0280797928926,-2669.0688062934914,10690.55723610423,-30549.271032640987,2.0557389012457867,8.262230919765166,70,102,68.62745098039215,20.0851107779348,-27.20941866627855,3.0754475019442147,,1.1602156704534505,990
30,0.28,0.08,0.45,0.5,18,10,20000,305358.2791994734,285358.2791994734,1426.7913959973669,37.86801652031026,1.1472814299065457,1.302721417137321,-44.495052491587984,0.8510612843409816,30.337767860599378,511,406,105,79.45205479452055,1419.0280797928926,-2669.0688062934914,10690.55723610423,-30549.271032640987,2.0557389012457867,8.262230919765166,70,102,68.62745098039215,20.0851107779348,-27.20941866627855,3.0754475019442147,,1.1602156704534505,990
30,0.28,0.08,0.45,0.5,18,10,20000,305358.2791994734,285358.2791994734,1426.7913959973669,37.86801652031026,1.1472814299065457,1.302721417137321,-44.495052491587984,0.8510612843409816,30.337767860599378,511,406,105,79.45205479452055,1419.0280797928926,-2669.0688062934914,10690.55723610423,-30549.271032640987,2.0557389012457867,8.262230919765166,70,102,68.62745098039215,20.0851107779348,-27.20941866627855,3.0754475019442147,,1.1602156704534505,990
30,0.28,0.08,0.45,0.5,20,10,20000,305358.2791994734,285358.2791994734,1426.7913959973669,37.86801652031026,1.1472814299065457,1.302721417137321,-44.495052491587984,0.8510612843409816,30.337767860599378,511,406,105,79.45205479452055,1419.0280797928926,-2669.0688062934914,10690.55723610423,-30549.271032640987,2.0557389012457867,8.262230919765166,70,102,68.62745098039215,20.0851107779348,-27.20941866627855,3.0754475019442147,,1.1540337547002752,1062
30,0.28,0.08,0.45,0.5,18,10,20000,305358.2791994734,285358.2791994734,1426.7913959973669,37.86801652031026,1.1472814299065457,1.302721417137321,-44.495052491587984,0.8510612843409816,30.337767860599378,511,406,105,79.45205479452055,1419.0280797928926,-2669.0688062934914,10690.55723610423,-30549.271032640987,2.0557389012457867,8.262230919765166,70,102,68.62745098039215,20.0851107779348,-27.20941866627855,3.0754475019442147,,1.1602156704534505,990
30,0.28,0.08,0.45,0.5,20,10,20000,305358.2791994734,285358.2791994734,1426.7913959973669,37.86801652031026,1.1472814299065457,1.302721417137321,-44.495052491587984,0.8510612843409816,30.337767860599378,511,406,105,79.45205479452055,1419.0280797928926,-2669.0688062934914,10690.55723610423,-30549.271032640987,2.0557389012457867,8.262230919765166,70,102,68.62745098039215,20.0851107779348,-27.20941866627855,3.0754475019442147,,1.1540337547002752,1062
30,0.28,0.08,0.45,0.5,20,10,20000,305358.2791994734,285358.2791994734,1426.7913959973669,37.86801652031026,1.1472814299065457,1.302721417137321,-44.495052491587984,0.8510612843409816,30.337767860599378,511,406,105,79.45205479452055,1419.0280797928926,-2669.0688062934914,10690.55723610423,-30549.271032640987,2.0557389012457867,8.262230919765166,70,102,68.62745098039215,20.0851107779348,-27.20941866627855,3.0754475019442147,,1.1540337547002752,1062
30,0.28,0.08,0.45,0.5,20,10,20000,305358.2791994734,285358.2791994734,1426.7913959973669,37.86801652031026,1.1472814299065457,1.302721417137321,-44.495052491587984,0.8510612843409816,30.337767860599378,511,406,105,79.45205479452055,1419.0280797928926,-2669.0688062934914,10690.55723610423,-30549.271032640987,2.0557389012457867,8.262230919765166,70,102,68.62745098039215,20.0851107779348,-27.20941866627855,3.0754475019442147,,1.1540337547002752,1062
30,0.28,0.08,0.45,0.5,18,10,20000,305358.2791994734,285358.2791994734,1426.7913959973669,37.86801652031026,1.1472814299065457,1.302721417137321,-44.495052491587984,0.8510612843409816,30.337767860599378,511,406,105,79.45205479452055,1419.0280797928926,-2669.0688062934914,10690.55723610423,-30549.271032640987,2.0557389012457867,8.262230919765166,70,102,68.62745098039215,20.0851107779348,-27.20941866627855,3.0754475019442147,,1.1602156704534505,990
30,0.28,0.08,0.45,0.5,18,10,20000,305358.2791994734,285358.2791994734,1426.7913959973669,37.86801652031026,1.1472814299065457,1.302721417137321,-44.495052491587984,0.8510612843409816,30.337767860599378,511,406,105,79.45205479452055,1419.0280797928926,-2669.0688062934914,10690.55723610423,-30549.271032640987,2.0557389012457867,8.262230919765166,70,102,68.62745098039215,20.0851107779348,-27.20941866627855,3.0754475019442147,,1.1602156704534505,990
30,0.28,0.08,0.45,0.5,18,10,20000,305358.2791994734,285358.2791994734,1426.7913959973669,37.86801652031026,1.1472814299065457,1.302721417137321,-44.495052491587984,0.8510612843409816,30.337767860599378,511,406,105,79.45205479452055,1419.0280797928926,-2669.0688062934914,10690.55723610423,-30549.271032640987,2.0557389012457867,8.262230919765166,70,102,68.62745098039215,20.0851107779348,-27.20941866627855,3.0754475019442147,,1.1602156704534505,990
30,0.28,0.08,0.45,0.5,20,10,20000,305358.2791994734,285358.2791994734,1426.7913959973669,37.86801652031026,1.1472814299065457,1.302721417137321,-44.495052491587984,0.8510612843409816,30.337767860599378,511,406,105,79.45205479452055,1419.0280797928926,-2669.0688062934914,10690.55723610423,-30549.271032640987,2.0557389012457867,8.262230919765166,70,102,68.62745098039215,20.0851107779348,-27.20941866627855,3.0754475019442147,,1.1540337547002752,1062
30,0.28,0.08,0.45,0.5,20,10,20000,305358.2791994734,285358.2791994734,1426.7913959973669,37.86801652031026,1.1472814299065457,1.302721417137321,-44.495052491587984,0.8510612843409816,30.337767860599378,511,406,105,79.45205479452055,1419.0280797928926,-2669.0688062934914,10690.55723610423,-30549.271032640987,2.0557389012457867,8.262230919765166,70,102,68.62745098039215,20.0851107779348,-27.20941866627855,3.0754475019442147,,1.1540337547002752,1062
30,0.28,0.08,0.45,0.5,18,10,20000,305358.2791994734,285358.2791994734,1426.7913959973669,37.86801652031026,1.1472814299065457,1.302721417137321,-44.495052491587984,0.8510612843409816,30.337767860599378,511,406,105,79.45205479452055,1419.0280797928926,-2669.0688062934914,10690.55723610423,-30549.271032640987,2.0557389012457867,8.262230919765166,70,102,68.62745098039215,20.0851107779348,-27.20941866627855,3.0754475019442147,,1.1602156704534505,990
30,0.28,0.08,0.45,0.5,18,10,20000,305358.2791994734,285358.2791994734,1426.7913959973669,37.86801652031026,1.1472814299065457,1.302721417137321,-44.495052491587984,0.8510612843409816,30.337767860599378,511,406,105,79.45205479452055,1419.0280797928926,-2669.0688062934914,10690.55723610423,-30549.271032640987,2.0557389012457867,8.262230919765166,70,102,68.62745098039215,20.0851107779348,-27.20941866627855,3.0754475019442147,,1.1602156704534505,990
30,0.28,0.08,0.45,0.5,18,10,20000,305358.2791994734,285358.2791994734,1426.7913959973669,37.86801652031026,1.1472814299065457,1.302721417137321,-44.495052491587984,0.8510612843409816,30.337767860599378,511,406,105,79.45205479452055,1419.0280797928926,-2669.0688062934914,10690.55723610423,-30549.271032640987,2.0557389012457867,8.262230919765166,70,102,68.62745098039215,20.0851107779348,-27.20941866627855,3.0754475019442147,,1.1602156704534505,990
35,0.28,0.12,0.6,0.5,22,10,20000,330191.9825816446,310191.9825816446,1550.959912908223,39.14386129131171,1.1469720863864958,1.3336364142903845,-39.90639777663766,0.9808918737894112,31.44503506705049,516,387,129,75.0,1571.6455800141991,-2278.5510083093327,14588.333326305521,-26019.89355637629,2.0692697784023033,12.224806201550388,69,102,67.64705882352942,17.762037488563443,-19.608484241424428,3.1379976143732846,,1.1586968462998015,86
30,0.26,0.16,0.6,0.9,18,10,20000,467984.36458784674,447984.36458784674,2239.9218229392336,44.98011292378483,1.1447138814107294,1.3609742255924464,-49.27642245112729,0.912812064804348,36.67261887247778,661,499,162,75.49167927382754,1650.7012025968463,-2318.471099656655,21582.87481820508,-25578.54841481342,2.193069081298929,10.299546142208774,69,102,67.64705882352942,23.962264918113863,-23.11270253410874,3.670348611347967,,1.0698288058427305,3
30,0.26,0.12,0.4,0.5,20,10,20000,412446.0095017321,392446.0095017321,1962.2300475086604,42.838330257023614,1.144234977738693,1.3165422978058725,-46.678840518413466,0.9177248145254405,34.81857843992957,593,469,124,79.0893760539629,1672.1392432071868,-3006.637586121119,16716.218052302575,-38157.74589049256,2.1034999917544117,7.782462057335581,69,102,67.64705882352942,22.318748093795236,-25.2522771002221,3.4789265052547114,,1.0661515148670604,71
35,0.3,0.08,0.5,0.5,22,10,20000,260575.06046250515,240575.06046250515,1202.8753023125257,35.315953941781885,1.1438876129316722,1.2823781897459234,-38.37043639306254,0.9203948993440974,28.25090724533259,426,333,93,78.16901408450704,1486.7180097127114,-2710.1893852830613,9044.225245438947,-25707.824917433158,1.9642205362430802,10.830985915492958,66,102,64.70588235294117,16.55073375253917,-18.59034282610098,2.866673799067362,,1.166204477518135,392
30,0.3,0.08,0.45,0.9,22,10,20000,298333.5933791338,278333.5933791338,1391.667966895669,37.49051457062229,1.1418387894370017,1.3140002756096683,-37.98698274126445,0.9869305710847401,30.19958880515977,599,427,172,71.28547579298832,1746.949845263483,-2691.162515725171,11959.793286693357,-21287.77818623092,1.6115357331177105,6.447412353923205,67,102,65.68627450980392,19.754466680452552,-18.867765238523404,3.0242545640904632,,1.1356546251187174,69
30,0.3,0.16,0.45,0.3,20,10,20000,543015.5613276727,523015.5613276727,2615.077806638363,47.54240094807434,1.1409910810512807,1.3382631532011369,-51.905884692260784,0.9159347004668809,39.22083935496115,665,493,172,74.13533834586467,2625.669361181671,-4319.975687548609,26372.76860368799,-78473.35970859256,1.7421165484279104,8.481203007518797,66,102,64.70588235294117,26.768616972639613,-22.08644273888304,3.91581769980948,,1.130641167676104,4
30,0.3,0.1,0.5,0.3,20,10,20000,355377.8872723067,335377.8872723067,1676.8894363615334,40.35408872638602,1.1383048552978754,1.2900785143607059,-47.13626367758614,0.8561155589761958,32.87247494489806,544,404,140,74.26470588235294,2040.416024484121,-3395.6494334847716,14168.805137514073,-39841.17437158608,1.7340004573474423,8.674632352941176,67,102,65.68627450980392,21.346516302900255,-22.770855009026135,3.3323197491692857,,1.1750371758336913,682
30,0.3,0.1,0.5,0.3,18,10,20000,355377.8872723067,335377.8872723067,1676.8894363615334,40.35408872638602,1.1383048552978754,1.2900785143607059,-47.13626367758614,0.8561155589761958,32.87247494489806,544,404,140,74.26470588235294,2040.416024484121,-3395.6494334847716,14168.805137514073,-39841.17437158608,1.7340004573474423,8.674632352941176,67,102,65.68627450980392,21.346516302900255,-22.770855009026135,3.3323197491692857,,1.1781080499252048,616
30,0.3,0.1,0.5,0.3,20,10,20000,355377.8872723067,335377.8872723067,1676.8894363615334,40.35408872638602,1.1383048552978754,1.2900785143607059,-47.13626367758614,0.8561155589761958,32.87247494489806,544,404,140,74.26470588235294,2040.416024484121,-3395.6494334847716,14168.805137514073,-39841.17437158608,1.7340004573474423,8.674632352941176,67,102,65.68627450980392,21.346516302900255,-22.770855009026135,3.3323197491692857,,1.1750371758336913,682
30,0.28,0.08,0.5,0.5,18,10,20000,300166.56684891356,280166.56684891356,1400.8328342445677,37.589767301276524,1.1350376240809188,1.2795543869582224,-46.55050279773895,0.8075050760375961,30.543104742964978,479,377,102,78.70563674321504,1507.0799862100139,-2722.479192286385,10690.55723610423,-32076.734584273036,2.046034308422408,8.88517745302714,69,102,67.64705882352942,18.699995664975777,-23.971325208693372,3.065607930574037,,1.1601528963223198,798
30,0.28,0.08,0.5,0.5,20,10,20000,300166.56684891356,280166.56684891356,1400.8328342445677,37.589767301276524,1.1350376240809188,1.2795543869582224,-46.55050279773895,0.8075050760375961,30.543104742964978,479,377,102,78.70563674321504,1507.0799862100139,-2722.479192286385,10690.55723610423,-32076.734584273036,2.046034308422408,8.88517745302714,69,102,67.64705882352942,18.699995664975777,-23.971325208693372,3.065607930574037,,1.1556372787024356,883
30,0.28,0.08,0.5,0.5,20,10,20000,300166.56684891356,280166.56684891356,1400.8328342445677,37.589767301276524,1.1350376240809188,1.2795543869582224,-46.55050279773895,0.8075050760375961,30.543104742964978,479,377,102,78.70563674321504,1507.0799862100139,-2722.479192286385,10690.55723610423,-32076.734584273036,2.046034308422408,8.88517745302714,69,102,67.64705882352942,18.699995664975777,-23.971325208693372,3.065607930574037,,1.1556372787024356,883
30,0.28,0.08,0.5,0.5,18,10,20000,300166.56684891356,280166.56684891356,1400.8328342445677,37.589767301276524,1.1350376240809188,1.2795543869582224,-46.55050279773895,0.8075050760375961,30.543104742964978,479,377,102,78.70563674321504,1507.0799862100139,-2722.479192286385,10690.55723610423,-32076.734584273036,2.046034308422408,8.88517745302714,69,102,67.64705882352942,18.699995664975777,-23.971325208693372,3.065607930574037,,1.1601528963223198,798
30,0.28,0.08,0.5,0.5,18,10,20000,300166.56684891356,280166.56684891356,1400.8328342445677,37.589767301276524,1.1350376240809188,1.2795543869582224,-46.55050279773895,0.8075050760375961,30.543104742964978,479,377,102,78.70563674321504,1507.0799862100139,-2722.479192286385,10690.55723610423,-32076.734584273036,2.046034308422408,8.88517745302714,69,102,67.64705882352942,18.699995664975777,-23.971325208693372,3.065607930574037,,1.1601528963223198,798
30,0.28,0.08,0.5,0.5,18,10,20000,300166.56684891356,280166.56684891356,1400.8328342445677,37.589767301276524,1.1350376240809188,1.2795543869582224,-46.55050279773895,0.8075050760375961,30.543104742964978,479,377,102,78.70563674321504,1507.0799862100139,-2722.479192286385,10690.55723610423,-32076.734584273036,2.046034308422408,8.88517745302714,69,102,67.64705882352942,18.699995664975777,-23.971325208693372,3.065607930574037,,1.1601528963223198,798
30,0.28,0.08,0.5,0.5,20,10,20000,300166.56684891356,280166.56684891356,1400.8328342445677,37.589767301276524,1.1350376240809188,1.2795543869582224,-46.55050279773895,0.8075050760375961,30.543104742964978,479,377,102,78.70563674321504,1507.0799862100139,-2722.479192286385,10690.55723610423,-32076.734584273036,2.046034308422408,8.88517745302714,69,102,67.64705882352942,18.699995664975777,-23.971325208693372,3.065607930574037,,1.1556372787024356,883
30,0.28,0.08,0.5,0.5,18,10,20000,300166.56684891356,280166.56684891356,1400.8328342445677,37.589767301276524,1.1350376240809188,1.2795543869582224,-46.55050279773895,0.8075050760375961,30.543104742964978,479,377,102,78.70563674321504,1507.0799862100139,-2722.479192286385,10690.55723610423,-32076.734584273036,2.046034308422408,8.88517745302714,69,102,67.64705882352942,18.699995664975777,-23.971325208693372,3.065607930574037,,1.1601528963223198,798
30,0.28,0.08,0.5,0.5,20,10,20000,300166.56684891356,280166.56684891356,1400.8328342445677,37.589767301276524,1.1350376240809188,1.2795543869582224,-46.55050279773895,0.8075050760375961,30.543104742964978,479,377,102,78.70563674321504,1507.0799862100139,-2722.479192286385,10690.55723610423,-32076.734584273036,2.046034308422408,8.88517745302714,69,102,67.64705882352942,18.699995664975777,-23.971325208693372,3.065607930574037,,1.1556372787024356,883
30,0.28,0.08,0.5,0.5,20,10,20000,300166.56684891356,280166.56684891356,1400.8328342445677,37.589767301276524,1.1350376240809188,1.2795543869582224,-46.55050279773895,0.8075050760375961,30.543104742964978,479,377,102,78.70563674321504,1507.0799862100139,-2722.479192286385,10690.55723610423,-32076.734584273036,2.046034308422408,8.88517745302714,69,102,67.64705882352942,18.699995664975777,-23.971325208693372,3.065607930574037,,1.1556372787024356,883
30,0.28,0.08,0.5,0.5,18,10,20000,300166.56684891356,280166.56684891356,1400.8328342445677,37.589767301276524,1.1350376240809188,1.2795543869582224,-46.55050279773895,0.8075050760375961,30.543104742964978,479,377,102,78.70563674321504,1507.0799862100139,-2722.479192286385,10690.55723610423,-32076.734584273036,2.046034308422408,8.88517745302714,69,102,67.64705882352942,18.699995664975777,-23.971325208693372,3.065607930574037,,1.1601528963223198,798
30,0.28,0.08,0.5,0.5,18,10,20000,300166.56684891356,280166.56684891356,1400.8328342445677,37.589767301276524,1.1350376240809188,1.2795543869582224,-46.55050279773895,0.8075050760375961,30.543104742964978,479,377,102,78.70563674321504,1507.0799862100139,-2722.479192286385,10690.55723610423,-32076.734584273036,2.046034308422408,8.88517745302714,69,102,67.64705882352942,18.699995664975777,-23.971325208693372,3.065607930574037,,1.1601528963223198,798
30,0.28,0.08,0.5,0.5,20,10,20000,300166.56684891356,280166.56684891356,1400.8328342445677,37.589767301276524,1.1350376240809188,1.2795543869582224,-46.55050279773895,0.8075050760375961,30.543104742964978,479,377,102,78.70563674321504,1507.0799862100139,-2722.479192286385,10690.55723610423,-32076.734584273036,2.046034308422408,8.88517745302714,69,102,67.64705882352942,18.699995664975777,-23.971325208693372,3.065607930574037,,1.1556372787024356,883
30,0.28,0.08,0.5,0.5,18,10,20000,300166.56684891356,280166.56684891356,1400.8328342445677,37.589767301276524,1.1350376240809188,1.2795543869582224,-46.55050279773895,0.8075050760375961,30.543104742964978,479,377,102,78.70563674321504,1507.0799862100139,-2722.479192286385,10690.55723610423,-32076.734584273036,2.046034308422408,8.88517745302714,69,102,67.64705882352942,18.699995664975777,-23.971325208693372,3.065607930574037,,1.1601528963223198,798
30,0.3,0.14,0.55,0.3,18,10,20000,451061.86946236866,431061.86946236866,2155.3093473118433,44.35239802407662,1.1341218432458822,1.3184400370469596,-53.6057356631519,0.827381575411604,36.65141255627725,649,476,173,73.34360554699538,1986.0318810908727,-2859.0051124967154,22350.106154033998,-30458.20436669723,1.9113144070229957,9.322033898305085,71,102,69.6078431372549,23.92096490267759,-20.44643977363507,3.65600879639816,,1.0091835383831154,6
30,0.28,0.1,0.45,0.3,18,10,20000,340529.0495447435,320529.0495447435,1602.6452477237176,39.650108274313276,1.1328583067112283,1.290373758718347,-43.51471731208242,0.9111884604454024,32.46271453130869,550,430,120,78.18181818181819,1723.4649474332384,-3389.8171497113576,12912.37708058765,-39418.79301961711,1.8218532511392151,7.965454545454546,65,102,63.725490196078425,21.1372908108177,-23.066211335261777,3.2548193745323397,,1.1624430494539015,863
30,0.28,0.1,0.45,0.3,20,10,20000,340529.0495447435,320529.0495447435,1602.6452477237176,39.650108274313276,1.1328583067112283,1.290373758718347,-43.51471731208242,0.9111884604454024,32.46271453130869,550,430,120,78.18181818181819,1723.4649474332384,-3389.8171497113576,12912.37708058765,-39418.79301961711,1.8218532511392151,7.965454545454546,65,102,63.725490196078425,21.1372908108177,-23.066211335261777,3.2548193745323397,,1.1573856922320065,924
30,0.26,0.08,0.5,0.5,20,10,20000,291290.2974462095,271290.2974462095,1356.4514872310474,37.10405600514868,1.1317969653743616,1.2487221773802737,-44.049476408394796,0.8423268340614718,30.23928950646113,500,400,100,80.0,1347.262141930095,-2576.050738379151,10334.20532823409,-30549.271032640987,2.0919807546613636,8.664,70,102,68.62745098039215,18.0369881612378,-24.826173941967667,3.045011978651819,,1.0537376270662124,289
30,0.26,0.08,0.5,0.5,18,10,20000,291290.2974462095,271290.2974462095,1356.4514872310474,37.10405600514868,1.1317969653743616,1.2487221773802737,-44.049476408394796,0.8423268340614718,30.23928950646113,500,400,100,80.0,1347.262141930095,-2576.050738379151,10334.20532823409,-30549.271032640987,2.0919807546613636,8.664,70,102,68.62745098039215,18.0369881612378,-24.826173941967667,3.045011978651819,,1.0451108990919378,247
30,0.26,0.08,0.5,0.5,18,10,20000,291290.2974462095,271290.2974462095,1356.4514872310474,37.10405600514868,1.1317969653743616,1.2487221773802737,-44.049476408394796,0.8423268340614718,30.23928950646113,500,400,100,80.0,1347.262141930095,-2576.050738379151,10334.20532823409,-30549.271032640987,2.0919807546613636,8.664,70,102,68.62745098039215,18.0369881612378,-24.826173941967667,3.045011978651819,,1.0451108990919378,247
30,0.26,0.08,0.5,0.5,20,10,20000,291290.2974462095,271290.2974462095,1356.4514872310474,37.10405600514868,1.1317969653743616,1.2487221773802737,-44.049476408394796,0.8423268340614718,30.23928950646113,500,400,100,80.0,1347.262141930095,-2576.050738379151,10334.20532823409,-30549.271032640987,2.0919807546613636,8.664,70,102,68.62745098039215,18.0369881612378,-24.826173941967667,3.045011978651819,,1.0537376270662124,289
30,0.26,0.08,0.5,0.5,18,10,20000,291290.2974462095,271290.2974462095,1356.4514872310474,37.10405600514868,1.1317969653743616,1.2487221773802737,-44.049476408394796,0.8423268340614718,30.23928950646113,500,400,100,80.0,1347.262141930095,-2576.050738379151,10334.20532823409,-30549.271032640987,2.0919807546613636,8.664,70,102,68.62745098039215,18.0369881612378,-24.826173941967667,3.045011978651819,,1.0451108990919378,247
30,0.26,0.08,0.5,0.5,18,10,20000,291290.2974462095,271290.2974462095,1356.4514872310474,37.10405600514868,1.1317969653743616,1.2487221773802737,-44.049476408394796,0.8423268340614718,30.23928950646113,500,400,100,80.0,1347.262141930095,-2576.050738379151,10334.20532823409,-30549.271032640987,2.0919807546613636,8.664,70,102,68.62745098039215,18.0369881612378,-24.826173941967667,3.045011978651819,,1.0451108990919378,247
30,0.26,0.08,0.5,0.5,20,10,20000,291290.2974462095,271290.2974462095,1356.4514872310474,37.10405600514868,1.1317969653743616,1.2487221773802737,-44.049476408394796,0.8423268340614718,30.23928950646113,500,400,100,80.0,1347.262141930095,-2576.050738379151,10334.20532823409,-30549.271032640987,2.0919807546613636,8.664,70,102,68.62745098039215,18.0369881612378,-24.826173941967667,3.045011978651819,,1.0537376270662124,289
30,0.26,0.1,0.5,0.5,22,10,20000,306331.50551884854,286331.50551884854,1431.6575275942428,37.919711417025546,1.1303665986114928,1.2878821948562318,-40.34629542617396,0.9398560888052634,31.007664080605192,636,450,186,70.75471698113208,1751.214848494579,-2654.87184077854,12313.261578249458,-22117.22466675801,1.595862388627826,6.688679245283019,67,102,65.68627450980392,18.83588255618307,-21.691059341150808,3.075561543053053,,1.0609822512389457,166
30,0.26,0.1,0.4,0.5,22,10,20000,314269.75474420167,294269.75474420167,1471.3487737210085,38.33604027983453,1.130035269478397,1.2949607272161057,-41.290836522926625,0.9284394192049983,31.390371966415064,671,495,176,73.77049180327869,1691.3852795764997,-2984.7420288169446,12606.434472969684,-23755.53760503638,1.5937796475812802,6.049180327868853,65,102,63.725490196078425,19.001687390604573,-21.187961534443602,3.0772967250755703,,1.030152091311386,127
30,0.26,0.08,0.55,0.5,22,10,20000,259590.4354183613,239590.4354183613,1197.9521770918066,35.25561443388363,1.1261256957134684,1.2482167512885105,-37.15126186117459,0.9489748845039357,28.797391556133345,610,432,178,70.81967213114754,1538.4906696298156,-2357.021992645923,9598.129456657796,-20022.21381371543,1.5841451660635466,6.754098360655738,67,102,65.68627450980392,16.930288538394667,-20.314770291132,2.8515384946214706,,1.1169597119042156,104
35,0.3,0.12,0.5,0.5,20,10,20000,346806.7228800027,326806.7228800027,1634.0336144000134,39.950972309642395,1.1259773524648564,1.3115817625922774,-48.339960562626835,0.826458520955637,33.00096251088461,412,331,81,80.33980582524272,1752.6730311944436,-2992.468050742248,13144.56338266753,-33109.65030306018,2.393394874708297,12.633495145631068,71,102,69.6078431372549,18.637505927020335,-20.589519699052783,3.274309460591772,,1.1512217613633564,206
30,0.28,0.08,0.6,0.9,18,10,20000,271193.20665038616,251193.20665038616,1255.9660332519306,35.954180612655605,1.124766522750454,1.2617544052490424,-42.42641781331427,0.8474479455433178,29.464937088853056,492,376,116,76.42276422764228,1380.5189662624111,-2231.0911221077013,10342.87765860085,-27246.389608147998,2.0056489716808605,9.808943089430894,70,102,68.62745098039215,18.171147007439494,-23.13260867544885,2.9459478061854663,,1.0815527619581247,3
35,0.26,0.1,0.6,0.7,22,10,20000,268618.27791599854,248618.27791599854,1243.0913895799927,35.80146105167068,1.1244292205711817,1.3056140538869911,-41.07921573277379,0.8715225062855224,29.325393016690633,433,334,99,77.13625866050808,1442.7690668419941,-2325.2038822410027,9602.719860312642,-19548.656647197404,2.0933751055781706,12.096997690531177,68,102,66.66666666666666,17.87093132992812,-18.030419464619087,2.8981044843302253,,1.1480639280870162,77
30,0.3,0.1,0.55,0.5,22,20,20000,153652.62571007173,133652.62571007173,668.2631285503587,27.15216453319065,1.1238539415904285,0.9187127411806776,-32.1297316036467,0.8450790958399697,21.723017570092715,215,158,57,73.48837209302326,1720.6800198153953,-2384.5669722940474,6594.114659711003,-9765.744713097267,2.0001972353347885,6.586046511627907,52,102,50.98039215686274,12.222392402045013,-16.210615023212515,2.183366494555021,,0.8744604590720703,28
30,0.26,0.08,0.4,0.5,20,10,20000,282014.536730783,262014.536730783,1310.072683653915,36.5823278734982,1.1219329076205502,1.2580797836610202,-44.59343112948912,0.8203523915276107,30.132799343317394,542,427,115,78.78228782287823,1303.704204133635,-2469.0745692236155,10740.680645470113,-29021.80748100894,1.96053632931054,7.544280442804428,69,102,67.64705882352942,18.719641910344453,-24.511548370717218,3.0009077945443283,,1.0333860935803487,259
30,0.26,0.08,0.4,0.5,20,10,20000,282014.536730783,262014.536730783,1310.072683653915,36.5823278734982,1.1219329076205502,1.2580797836610202,-44.59343112948912,0.8203523915276107,30.132799343317394,542,427,115,78.78228782287823,1303.704204133635,-2469.0745692236155,10740.680645470113,-29021.80748100894,1.96053632931054,7.544280442804428,69,102,67.64705882352942,18.719641910344453,-24.511548370717218,3.0009077945443283,,1.0333860935803487,259
30,0.26,0.08,0.4,0.5,18,10,20000,282014.536730783,262014.536730783,1310.072683653915,36.5823278734982,1.1219329076205502,1.2580797836610202,-44.59343112948912,0.8203523915276107,30.132799343317394,542,427,115,78.78228782287823,1303.704204133635,-2469.0745692236155,10740.680645470113,-29021.80748100894,1.96053632931054,7.544280442804428,69,102,67.64705882352942,18.719641910344453,-24.511548370717218,3.0009077945443283,,1.0351273030679,242
30,0.26,0.08,0.4,0.5,18,10,20000,282014.536730783,262014.536730783,1310.072683653915,36.5823278734982,1.1219329076205502,1.2580797836610202,-44.59343112948912,0.8203523915276107,30.132799343317394,542,427,115,78.78228782287823,1303.704204133635,-2469.0745692236155,10740.680645470113,-29021.80748100894,1.96053632931054,7.544280442804428,69,102,67.64705882352942,18.719641910344453,-24.511548370717218,3.0009077945443283,,1.0351273030679,242
30,0.26,0.08,0.4,0.5,20,10,20000,282014.536730783,262014.536730783,1310.072683653915,36.5823278734982,1.1219329076205502,1.2580797836610202,-44.59343112948912,0.8203523915276107,30.132799343317394,542,427,115,78.78228782287823,1303.704204133635,-2469.0745692236155,10740.680645470113,-29021.80748100894,1.96053632931054,7.544280442804428,69,102,67.64705882352942,18.719641910344453,-24.511548370717218,3.0009077945443283,,1.0333860935803487,259
30,0.26,0.08,0.4,0.5,18,10,20000,282014.536730783,262014.536730783,1310.072683653915,36.5823278734982,1.1219329076205502,1.2580797836610202,-44.59343112948912,0.8203523915276107,30.132799343317394,542,427,115,78.78228782287823,1303.704204133635,-2469.0745692236155,10740.680645470113,-29021.80748100894,1.96053632931054,7.544280442804428,69,102,67.64705882352942,18.719641910344453,-24.511548370717218,3.0009077945443283,,1.0351273030679,242
30,0.28,0.1,0.55,0.5,20,10,20000,326545.08219705883,306545.08219705883,1532.725410985294,38.96191779121268,1.1200679157545435,1.277231008852438,-49.15874593239546,0.7925734689162787,32.35678014771764,524,388,136,74.04580152671755,1629.6138992602175,-2306.6304181981213,13252.73857138191,-33234.16577559029,2.0155775967699645,9.492366412213741,70,102,68.62745098039215,20.255327332074778,-21.6555566561316,3.209007754028016,,1.1449315824033928,300
30,0.28,0.08,0.4,0.5,18,10,20000,295925.54237866995,275925.54237866995,1379.6277118933497,37.35930141974764,1.1188298130491132,1.2698895895886042,-47.24712739457833,0.7907211185083534,30.947418030086936,509,411,98,80.74656188605108,1366.0499976979877,-2803.642329414011,10334.20532823409,-29021.80748100894,2.0434298479558546,7.583497053045186,69,102,67.64705882352942,19.94345721748898,-27.007408572684444,3.063715045387242,,1.164198322956194,807
30,0.28,0.08,0.4,0.5,20,10,20000,295925.54237866995,275925.54237866995,1379.6277118933497,37.35930141974764,1.1188298130491132,1.2698895895886042,-47.24712739457833,0.7907211185083534,30.947418030086936,509,411,98,80.74656188605108,1366.0499976979877,-2803.642329414011,10334.20532823409,-29021.80748100894,2.0434298479558546,7.583497053045186,69,102,67.64705882352942,19.94345721748898,-27.007408572684444,3.063715045387242,,1.1584905289179452,858
30,0.28,0.08,0.4,0.5,18,10,20000,295925.54237866995,275925.54237866995,1379.6277118933497,37.35930141974764,1.1188298130491132,1.2698895895886042,-47.24712739457833,0.7907211185083534,30.947418030086936,509,411,98,80.74656188605108,1366.0499976979877,-2803.642329414011,10334.20532823409,-29021.80748100894,2.0434298479558546,7.583497053045186,69,102,67.64705882352942,19.94345721748898,-27.007408572684444,3.063715045387242,,1.164198322956194,807
30,0.28,0.08,0.4,0.5,18,10,20000,295925.54237866995,275925.54237866995,1379.6277118933497,37.35930141974764,1.1188298130491132,1.2698895895886042,-47.24712739457833,0.7907211185083534,30.947418030086936,509,411,98,80.74656188605108,1366.0499976979877,-2803.642329414011,10334.20532823409,-29021.80748100894,2.0434298479558546,7.583497053045186,69,102,67.64705882352942,19.94345721748898,-27.007408572684444,3.063715045387242,,1.164198322956194,807
30,0.28,0.08,0.4,0.5,20,10,20000,295925.54237866995,275925.54237866995,1379.6277118933497,37.35930141974764,1.1188298130491132,1.2698895895886042,-47.24712739457833,0.7907211185083534,30.947418030086936,509,411,98,80.74656188605108,1366.0499976979877,-2803.642329414011,10334.20532823409,-29021.80748100894,2.0434298479558546,7.583497053045186,69,102,67.64705882352942,19.94345721748898,-27.007408572684444,3.063715045387242,,1.1584905289179452,858
30,0.28,0.08,0.4,0.5,18,10,20000,295925.54237866995,275925.54237866995,1379.6277118933497,37.35930141974764,1.1188298130491132,1.2698895895886042,-47.24712739457833,0.7907211185083534,30.947418030086936,509,411,98,80.74656188605108,1366.0499976979877,-2803.642329414011,10334.20532823409,-29021.80748100894,2.0434298479558546,7.583497053045186,69,102,67.64705882352942,19.94345721748898,-27.007408572684444,3.063715045387242,,1.164198322956194,807
30,0.28,0.08,0.4,0.5,20,10,20000,295925.54237866995,275925.54237866995,1379.6277118933497,37.35930141974764,1.1188298130491132,1.2698895895886042,-47.24712739457833,0.7907211185083534,30.947418030086936,509,411,98,80.74656188605108,1366.0499976979877,-2803.642329414011,10334.20532823409,-29021.80748100894,2.0434298479558546,7.583497053045186,69,102,67.64705882352942,19.94345721748898,-27.007408572684444,3.063715045387242,,1.1584905289179452,858
30,0.28,0.08,0.4,0.5,20,10,20000,295925.54237866995,275925.54237866995,1379.6277118933497,37.35930141974764,1.1188298130491132,1.2698895895886042,-47.24712739457833,0.7907211185083534,30.947418030086936,509,411,98,80.74656188605108,1366.0499976979877,-2803.642329414011,10334.20532823409,-29021.80748100894,2.0434298479558546,7.583497053045186,69,102,67.64705882352942,19.94345721748898,-27.007408572684444,3.063715045387242,,1.1584905289179452,858
30,0.28,0.08,0.4,0.5,18,10,20000,295925.54237866995,275925.54237866995,1379.6277118933497,37.35930141974764,1.1188298130491132,1.2698895895886042,-47.24712739457833,0.7907211185083534,30.947418030086936,509,411,98,80.74656188605108,1366.0499976979877,-2803.642329414011,10334.20532823409,-29021.80748100894,2.0434298479558546,7.583497053045186,69,102,67.64705882352942,19.94345721748898,-27.007408572684444,3.063715045387242,,1.164198322956194,807
30,0.28,0.08,0.4,0.5,18,10,20000,295925.54237866995,275925.54237866995,1379.6277118933497,37.35930141974764,1.1188298130491132,1.2698895895886042,-47.24712739457833,0.7907211185083534,30.947418030086936,509,411,98,80.74656188605108,1366.0499976979877,-2803.642329414011,10334.20532823409,-29021.80748100894,2.0434298479558546,7.583497053045186,69,102,67.64705882352942,19.94345721748898,-27.007408572684444,3.063715045387242,,1.164198322956194,807
30,0.3,0.08,0.6,0.3,22,10,20000,260248.4871724289,240248.4871724289,1201.2424358621445,35.2959632979899,1.1181636035809024,1.22888033659107,-39.36247828236111,0.8966905753443509,29.124779386847944,566,396,170,69.96466431095406,1821.5918497668904,-2800.716038400383,9847.31311940221,-33540.528566619425,1.5150545171879872,6.9416961130742045,66,102,64.70588235294117,18.23396542669906,-21.27966648721741,2.9025740191126004,,1.2013643221964507,61
35,0.3,0.1,0.5,0.5,18,10,20000,298769.1067556653,278769.1067556653,1393.8455337783266,37.51414558416257,1.1168759601125835,1.2824908631469605,-50.0480961529118,0.7495618908168996,31.159567205239973,375,306,69,81.6,1542.13330440702,-2676.2456202385556,10728.070478158254,-27351.45025035406,2.555455264253732,12.448,70,102,68.62745098039215,18.880023255414248,-18.220521679935587,3.0602308475812907,,1.1760682014477104,721
35,0.3,0.1,0.5,0.5,20,10,20000,298769.1067556653,278769.1067556653,1393.8455337783266,37.51414558416257,1.1168759601125835,1.2824908631469605,-50.0480961529118,0.7495618908168996,31.159567205239973,375,306,69,81.6,1542.13330440702,-2676.2456202385556,10728.070478158254,-27351.45025035406,2.555455264253732,12.448,70,102,68.62745098039215,18.880023255414248,-18.220521679935587,3.0602308475812907,,1.1713463822815633,797
35,0.3,0.1,0.5,0.5,18,10,20000,298769.1067556653,278769.1067556653,1393.8455337783266,37.51414558416257,1.1168759601125835,1.2824908631469605,-50.0480961529118,0.7495618908168996,31.159567205239973,375,306,69,81.6,1542.13330440702,-2676.2456202385556,10728.070478158254,-27351.45025035406,2.555455264253732,12.448,70,102,68.62745098039215,18.880023255414248,-18.220521679935587,3.0602308475812907,,1.1760682014477104,721
30,0.3,0.08,0.4,0.7,22,10,20000,284883.735573491,264883.735573491,1324.4186778674552,36.7453071818105,1.115104115313172,1.2760565528222587,-40.581825090207516,0.9054621644081066,30.527901469747377,610,445,165,72.95081967213115,1637.7198550575242,-2737.0423847327206,11547.386621634965,-21023.3245044012,1.613742207958927,6.086885245901639,66,102,64.70588235294117,20.258662811471993,-20.340255355386304,2.989683502641334,,1.1853117169032128,316
35,0.3,0.1,0.45,0.5,22,10,20000,289734.90542541735,269734.90542541735,1348.6745271270868,37.017603212476935,1.1143682642768604,1.2810009544163325,-43.57866146100003,0.8494433277994369,30.80531626162255,450,360,90,80.0,1650.012961753913,-3562.8973408805687,10672.18824062444,-31670.100289883645,1.8524395219830982,10.551111111111112,67,102,65.68627450980392,18.37406743743322,-17.15476914362276,3.018022177855934,,1.159636558758411,461
30,0.3,0.1,0.45,0.7,22,10,20000,321591.8032698354,301591.8032698354,1507.959016349177,38.71190681095567,1.1128872699519823,1.2970608068255003,-41.61205622364705,0.9303050683892111,32.410796337991904,613,432,181,70.47308319738988,1888.7780489154436,-2806.393559712875,13860.554405038532,-22972.734651104103,1.6063401838208098,6.468189233278956,67,102,65.68627450980392,21.015073383955716,-17.841827588211288,3.1453324421018154,,1.1770692525657604,400
30,0.28,0.14,0.6,0.5,20,10,20000,403411.2508019465,383411.2508019465,1917.0562540097326,42.46609445141007,1.111311171286515,1.3019506249720745,-51.36133228080455,0.8268106095698198,35.986604198447985,602,447,155,74.25249169435216,1736.8008546328654,-2547.3575871193,18918.322371513095,-27227.787236891207,1.9662373224519458,10.111295681063122,72,102,70.58823529411765,22.92160004639008,-22.846715408561757,3.5316751359390217,,1.1037788863291187,17
30,0.26,0.08,0.4,0.7,20,10,20000,278304.8495763826,258304.8495763826,1291.5242478819132,36.3694240125503,1.1105259473937668,1.2476810200305364,-44.91902384379859,0.8096663929969032,30.363550635928505,522,421,101,80.65134099616859,1310.2358377053606,-2798.4094566733784,10740.680645470113,-29021.80748100894,1.9516365207949615,7.473180076628353,68,102,66.66666666666666,18.442883717512505,-21.998686861715598,2.971376513397906,,1.0485446660763404,221
30,0.26,0.08,0.4,0.7,18,10,20000,278304.8495763826,258304.8495763826,1291.5242478819132,36.3694240125503,1.1105259473937668,1.2476810200305364,-44.91902384379859,0.8096663929969032,30.363550635928505,522,421,101,80.65134099616859,1310.2358377053606,-2798.4094566733784,10740.680645470113,-29021.80748100894,1.9516365207949615,7.473180076628353,68,102,66.66666666666666,18.442883717512505,-21.998686861715598,2.971376513397906,,1.0488831016654436,207
30,0.3,0.1,0.4,0.5,18,15,20000,294730.0044628382,274730.0044628382,1373.650022314191,37.29380705606966,1.105185309216793,1.169035764994754,-47.897910167563516,0.7786103177696684,31.411956110322564,432,336,96,77.77777777777779,1774.025718426325,-3234.1641164364137,11807.33761459506,-29541.480689413595,1.9198438270144642,7.775462962962963,65,102,63.725490196078425,20.866529340585306,-16.226790518864597,3.0265466044474967,,1.1823591738188082,741
30,0.3,0.1,0.4,0.5,18,15,20000,294730.0044628382,274730.0044628382,1373.650022314191,37.29380705606966,1.105185309216793,1.169035764994754,-47.897910167563516,0.7786103177696684,31.411956110322564,432,336,96,77.77777777777779,1774.025718426325,-3234.1641164364137,11807.33761459506,-29541.480689413595,1.9198438270144642,7.775462962962963,65,102,63.725490196078425,20.866529340585306,-16.226790518864597,3.0265466044474967,,1.1823591738188082,741
30,0.3,0.1,0.4,0.5,20,15,20000,294730.0044628382,274730.0044628382,1373.650022314191,37.29380705606966,1.105185309216793,1.169035764994754,-47.897910167563516,0.7786103177696684,31.411956110322564,432,336,96,77.77777777777779,1774.025718426325,-3234.1641164364137,11807.33761459506,-29541.480689413595,1.9198438270144642,7.775462962962963,65,102,63.725490196078425,20.866529340585306,-16.226790518864597,3.0265466044474967,,1.176489579402097,785
30,0.3,0.1,0.4,0.5,20,15,20000,294730.0044628382,274730.0044628382,1373.650022314191,37.29380705606966,1.105185309216793,1.169035764994754,-47.897910167563516,0.7786103177696684,31.411956110322564,432,336,96,77.77777777777779,1774.025718426325,-3234.1641164364137,11807.33761459506,-29541.480689413595,1.9198438270144642,7.775462962962963,65,102,63.725490196078425,20.866529340585306,-16.226790518864597,3.0265466044474967,,1.176489579402097,785
30,0.3,0.08,0.45,0.7,22,10,20000,271062.49976871157,251062.49976871157,1255.312498843558,35.946459243493756,1.10384475189164,1.258993685936882,-39.43499592842205,0.9115370344842868,30.223539806384935,575,415,160,72.17391304347827,1642.311447323685,-2661.3812866677995,10722.573291518183,-19021.103123029658,1.600576865041856,6.380869565217392,67,102,65.68627450980392,19.6643309718745,-20.234230570952626,2.9341516969162935,,1.1772891635105476,391
30,0.3,0.08,0.45,0.7,22,10,20000,271062.49976871157,251062.49976871157,1255.312498843558,35.946459243493756,1.10384475189164,1.258993685936882,-39.43499592842205,0.9115370344842868,30.223539806384935,575,415,160,72.17391304347827,1642.311447323685,-2661.3812866677995,10722.573291518183,-19021.103123029658,1.600576865041856,6.380869565217392,67,102,65.68627450980392,19.6643309718745,-20.234230570952626,2.9341516969162935,,1.1772891635105476,391
30,0.26,0.12,0.6,0.7,22,10,20000,312617.8672137063,292617.8672137063,1463.0893360685316,38.250176093080256,1.098041433083387,1.2533027361496494,-41.62414294668692,0.9189420702805072,32.61225131608791,670,467,203,69.70149253731344,1642.5746156226687,-2291.9529808314114,13424.127684779314,-22886.553022775028,1.648694714766073,7.029850746268656,66,102,64.70588235294117,20.03679085404759,-22.986820520687303,3.145045814755325,,1.1712236887483243,68
30,0.3,0.14,0.4,0.7,22,10,20000,390678.7883933344,370678.7883933344,1853.3939419666722,41.92882647986684,1.0968080936706337,1.3221702036977911,-46.445313584998026,0.9027568820939122,36.167971924100144,706,498,208,70.53824362606233,2060.194657182272,-3095.152898770582,19749.203031024717,-30736.586773229326,1.5936470992401992,6.294617563739377,65,102,63.725490196078425,24.53342924994417,-19.185186778206177,3.445965136813201,,1.1074923496358693,9
30,0.26,0.08,0.45,0.5,22,10,20000,241351.27256036462,221351.27256036462,1106.7563628018231,34.09970879388291,1.0955858285242952,1.2292590251314846,-39.12025454267442,0.871663776028992,28.81990268912987,626,457,169,73.00319488817891,1344.2067873318026,-2294.260988388369,8936.189494129674,-18019.992432343886,1.5843559493073043,6.26038338658147,67,102,65.68627450980392,18.503797458187687,-18.65473518550148,2.79347784205489,,1.0332071650427737,163
30,0.26,0.08,0.45,0.5,22,10,20000,241351.27256036462,221351.27256036462,1106.7563628018231,34.09970879388291,1.0955858285242952,1.2292590251314846,-39.12025454267442,0.871663776028992,28.81990268912987,626,457,169,73.00319488817891,1344.2067873318026,-2294.260988388369,8936.189494129674,-18019.992432343886,1.5843559493073043,6.26038338658147,67,102,65.68627450980392,18.503797458187687,-18.65473518550148,2.79347784205489,,1.0332071650427737,163
30,0.28,0.1,0.5,0.3,18,10,20000,302551.08326341625,282551.08326341625,1412.7554163170812,37.71808808420649,1.094771305208274,1.2302771662309526,-45.02511861964216,0.8377121313735311,32.25992777964971,520,390,130,75.0,1767.9298643994007,-3035.633915994051,11580.72760966827,-37798.03722432526,1.7471769455644057,8.513461538461538,65,102,63.725490196078425,20.581076108741915,-21.03497931839291,3.139156240161056,,1.1606977012972737,687
35,0.3,0.08,0.5,0.3,20,10,20000,234708.9281006133,214708.9281006133,1073.5446405030664,33.6595376731774,1.0937469655371808,1.2147815102617268,-33.085504629669835,1.0173499860417057,28.48149386277835,374,304,70,81.28342245989305,1465.2122210466314,-3201.92799472265,7440.504103116093,-22582.404564547996,1.9873049520356627,11.443850267379679,70,102,68.62745098039215,17.065322049134114,-18.626496076285214,2.760373208237538,,1.1760295491953807,672
35,0.3,0.08,0.5,0.3,18,10,20000,234708.9281006133,214708.9281006133,1073.5446405030664,33.6595376731774,1.0937469655371808,1.2147815102617268,-33.085504629669835,1.0173499860417057,28.48149386277835,374,304,70,81.28342245989305,1465.2122210466314,-3201.92799472265,7440.504103116093,-22582.404564547996,1.9873049520356627,11.443850267379679,70,102,68.62745098039215,17.065322049134114,-18.626496076285214,2.760373208237538,,1.1789131258582841,612
35,0.3,0.08,0.5,0.3,18,10,20000,234708.9281006133,214708.9281006133,1073.5446405030664,33.6595376731774,1.0937469655371808,1.2147815102617268,-33.085504629669835,1.0173499860417057,28.48149386277835,374,304,70,81.28342245989305,1465.2122210466314,-3201.92799472265,7440.504103116093,-22582.404564547996,1.9873049520356627,11.443850267379679,70,102,68.62745098039215,17.065322049134114,-18.626496076285214,2.760373208237538,,1.1789131258582841,612
30,0.26,0.1,0.45,0.3,20,10,20000,294695.2411481252,274695.2411481252,1373.476205740626,37.29189913620581,1.0933600645706345,1.2147952754144373,-43.73225968450769,0.8527320427811462,31.919491381396004,560,435,125,77.67857142857143,1502.030752338737,-2927.67766665669,11726.915788809009,-32178.606546626215,1.7853970324909236,7.917857142857143,67,102,65.68627450980392,19.979122799477068,-22.293379909676368,3.13302161674071,,1.0359973607152235,280
30,0.26,0.1,0.45,0.3,18,10,20000,294695.2411481252,274695.2411481252,1373.476205740626,37.29189913620581,1.0933600645706345,1.2147952754144373,-43.73225968450769,0.8527320427811462,31.919491381396004,560,435,125,77.67857142857143,1502.030752338737,-2927.67766665669,11726.915788809009,-32178.606546626215,1.7853970324909236,7.917857142857143,67,102,65.68627450980392,19.979122799477068,-22.293379909676368,3.13302161674071,,1.0354248420349945,257
40,0.28,0.14,0.55,0.9,22,10,20000,306986.55788370746,286986.55788370746,1434.9327894185374,37.95442433865945,1.0920411646129242,1.3077344625986569,-44.229690118921006,0.8581209643705584,32.55692318418942,475,373,102,78.52631578947368,1360.6732123582103,-2180.3102540901123,11951.234463753217,-22537.985738434876,2.2821500606124117,14.894736842105264,72,102,70.58823529411765,24.759058734111306,-19.74268710713781,3.116903037873705,,0.9608620067056473,8
30,0.26,0.08,0.45,0.5,18,10,20000,261013.19715160807,241013.19715160807,1205.0659857580404,35.342739065312244,1.0911975532804643,1.206463747910751,-44.45880275858005,0.7949548092248502,30.154426793540484,510,401,109,78.62745098039215,1236.0876206727467,-2249.264777920188,9265.149604623668,-25966.880377744834,2.021745798141417,8.125490196078431,70,102,68.62745098039215,19.08272036802281,-24.812472286531985,2.930878248314832,,1.0402865308888751,299
30,0.26,0.08,0.45,0.5,20,10,20000,261013.19715160807,241013.19715160807,1205.0659857580404,35.342739065312244,1.0911975532804643,1.206463747910751,-44.45880275858005,0.7949548092248502,30.154426793540484,510,401,109,78.62745098039215,1236.0876206727467,-2249.264777920188,9265.149604623668,-25966.880377744834,2.021745798141417,8.125490196078431,70,102,68.62745098039215,19.08272036802281,-24.812472286531985,2.930878248314832,,1.0390131281874602,326
30,0.26,0.08,0.45,0.5,18,10,20000,261013.19715160807,241013.19715160807,1205.0659857580404,35.342739065312244,1.0911975532804643,1.206463747910751,-44.45880275858005,0.7949548092248502,30.154426793540484,510,401,109,78.62745098039215,1236.0876206727467,-2249.264777920188,9265.149604623668,-25966.880377744834,2.021745798141417,8.125490196078431,70,102,68.62745098039215,19.08272036802281,-24.812472286531985,2.930878248314832,,1.0402865308888751,299
30,0.26,0.08,0.45,0.5,18,10,20000,261013.19715160807,241013.19715160807,1205.0659857580404,35.342739065312244,1.0911975532804643,1.206463747910751,-44.45880275858005,0.7949548092248502,30.154426793540484,510,401,109,78.62745098039215,1236.0876206727467,-2249.264777920188,9265.149604623668,-25966.880377744834,2.021745798141417,8.125490196078431,70,102,68.62745098039215,19.08272036802281,-24.812472286531985,2.930878248314832,,1.0402865308888751,299
30,0.26,0.08,0.45,0.5,20,10,20000,261013.19715160807,241013.19715160807,1205.0659857580404,35.342739065312244,1.0911975532804643,1.206463747910751,-44.45880275858005,0.7949548092248502,30.154426793540484,510,401,109,78.62745098039215,1236.0876206727467,-2249.264777920188,9265.149604623668,-25966.880377744834,2.021745798141417,8.125490196078431,70,102,68.62745098039215,19.08272036802281,-24.812472286531985,2.930878248314832,,1.0390131281874602,326
30,0.26,0.08,0.45,0.5,18,10,20000,261013.19715160807,241013.19715160807,1205.0659857580404,35.342739065312244,1.0911975532804643,1.206463747910751,-44.45880275858005,0.7949548092248502,30.154426793540484,510,401,109,78.62745098039215,1236.0876206727467,-2249.264777920188,9265.149604623668,-25966.880377744834,2.021745798141417,8.125490196078431,70,102,68.62745098039215,19.08272036802281,-24.812472286531985,2.930878248314832,,1.0402865308888751,299
30,0.26,0.08,0.45,0.5,20,10,20000,261013.19715160807,241013.19715160807,1205.0659857580404,35.342739065312244,1.0911975532804643,1.206463747910751,-44.45880275858005,0.7949548092248502,30.154426793540484,510,401,109,78.62745098039215,1236.0876206727467,-2249.264777920188,9265.149604623668,-25966.880377744834,2.021745798141417,8.125490196078431,70,102,68.62745098039215,19.08272036802281,-24.812472286531985,2.930878248314832,,1.0390131281874602,326
30,0.26,0.08,0.45,0.5,20,10,20000,261013.19715160807,241013.19715160807,1205.0659857580404,35.342739065312244,1.0911975532804643,1.206463747910751,-44.45880275858005,0.7949548092248502,30.154426793540484,510,401,109,78.62745098039215,1236.0876206727467,-2249.264777920188,9265.149604623668,-25966.880377744834,2.021745798141417,8.125490196078431,70,102,68.62745098039215,19.08272036802281,-24.812472286531985,2.930878248314832,,1.0390131281874602,326
30,0.26,0.08,0.45,0.5,18,10,20000,261013.19715160807,241013.19715160807,1205.0659857580404,35.342739065312244,1.0911975532804643,1.206463747910751,-44.45880275858005,0.7949548092248502,30.154426793540484,510,401,109,78.62745098039215,1236.0876206727467,-2249.264777920188,9265.149604623668,-25966.880377744834,2.021745798141417,8.125490196078431,70,102,68.62745098039215,19.08272036802281,-24.812472286531985,2.930878248314832,,1.0402865308888751,299
30,0.26,0.08,0.45,0.5,18,10,20000,261013.19715160807,241013.19715160807,1205.0659857580404,35.342739065312244,1.0911975532804643,1.206463747910751,-44.45880275858005,0.7949548092248502,30.154426793540484,510,401,109,78.62745098039215,1236.0876206727467,-2249.264777920188,9265.149604623668,-25966.880377744834,2.021745798141417,8.125490196078431,70,102,68.62745098039215,19.08272036802281,-24.812472286531985,2.930878248314832,,1.0402865308888751,299
30,0.26,0.08,0.45,0.5,20,10,20000,261013.19715160807,241013.19715160807,1205.0659857580404,35.342739065312244,1.0911975532804643,1.206463747910751,-44.45880275858005,0.7949548092248502,30.154426793540484,510,401,109,78.62745098039215,1236.0876206727467,-2249.264777920188,9265.149604623668,-25966.880377744834,2.021745798141417,8.125490196078431,70,102,68.62745098039215,19.08272036802281,-24.812472286531985,2.930878248314832,,1.0390131281874602,326
30,0.26,0.08,0.45,0.5,18,10,20000,261013.19715160807,241013.19715160807,1205.0659857580404,35.342739065312244,1.0911975532804643,1.206463747910751,-44.45880275858005,0.7949548092248502,30.154426793540484,510,401,109,78.62745098039215,1236.0876206727467,-2249.264777920188,9265.149604623668,-25966.880377744834,2.021745798141417,8.125490196078431,70,102,68.62745098039215,19.08272036802281,-24.812472286531985,2.930878248314832,,1.0402865308888751,299
30,0.26,0.08,0.45,0.5,18,10,20000,261013.19715160807,241013.19715160807,1205.0659857580404,35.342739065312244,1.0911975532804643,1.206463747910751,-44.45880275858005,0.7949548092248502,30.154426793540484,510,401,109,78.62745098039215,1236.0876206727467,-2249.264777920188,9265.149604623668,-25966.880377744834,2.021745798141417,8.125490196078431,70,102,68.62745098039215,19.08272036802281,-24.812472286531985,2.930878248314832,,1.0402865308888751,299
30,0.26,0.08,0.45,0.5,20,10,20000,261013.19715160807,241013.19715160807,1205.0659857580404,35.342739065312244,1.0911975532804643,1.206463747910751,-44.45880275858005,0.7949548092248502,30.154426793540484,510,401,109,78.62745098039215,1236.0876206727467,-2249.264777920188,9265.149604623668,-25966.880377744834,2.021745798141417,8.125490196078431,70,102,68.62745098039215,19.08272036802281,-24.812472286531985,2.930878248314832,,1.0390131281874602,326
30,0.26,0.08,0.45,0.5,20,10,20000,261013.19715160807,241013.19715160807,1205.0659857580404,35.342739065312244,1.0911975532804643,1.206463747910751,-44.45880275858005,0.7949548092248502,30.154426793540484,510,401,109,78.62745098039215,1236.0876206727467,-2249.264777920188,9265.149604623668,-25966.880377744834,2.021745798141417,8.125490196078431,70,102,68.62745098039215,19.08272036802281,-24.812472286531985,2.930878248314832,,1.0390131281874602,326
30,0.26,0.08,0.45,0.5,18,10,20000,261013.19715160807,241013.19715160807,1205.0659857580404,35.342739065312244,1.0911975532804643,1.206463747910751,-44.45880275858005,0.7949548092248502,30.154426793540484,510,401,109,78.62745098039215,1236.0876206727467,-2249.264777920188,9265.149604623668,-25966.880377744834,2.021745798141417,8.125490196078431,70,102,68.62745098039215,19.08272036802281,-24.812472286531985,2.930878248314832,,1.0402865308888751,299
30,0.26,0.08,0.45,0.5,20,10,20000,261013.19715160807,241013.19715160807,1205.0659857580404,35.342739065312244,1.0911975532804643,1.206463747910751,-44.45880275858005,0.7949548092248502,30.154426793540484,510,401,109,78.62745098039215,1236.0876206727467,-2249.264777920188,9265.149604623668,-25966.880377744834,2.021745798141417,8.125490196078431,70,102,68.62745098039215,19.08272036802281,-24.812472286531985,2.930878248314832,,1.0390131281874602,326
30,0.26,0.08,0.45,0.5,18,10,20000,261013.19715160807,241013.19715160807,1205.0659857580404,35.342739065312244,1.0911975532804643,1.206463747910751,-44.45880275858005,0.7949548092248502,30.154426793540484,510,401,109,78.62745098039215,1236.0876206727467,-2249.264777920188,9265.149604623668,-25966.880377744834,2.021745798141417,8.125490196078431,70,102,68.62745098039215,19.08272036802281,-24.812472286531985,2.930878248314832,,1.0402865308888751,299
30,0.26,0.08,0.45,0.5,20,10,20000,261013.19715160807,241013.19715160807,1205.0659857580404,35.342739065312244,1.0911975532804643,1.206463747910751,-44.45880275858005,0.7949548092248502,30.154426793540484,510,401,109,78.62745098039215,1236.0876206727467,-2249.264777920188,9265.149604623668,-25966.880377744834,2.021745798141417,8.125490196078431,70,102,68.62745098039215,19.08272036802281,-24.812472286531985,2.930878248314832,,1.0390131281874602,326
30,0.26,0.08,0.45,0.5,18,10,20000,261013.19715160807,241013.19715160807,1205.0659857580404,35.342739065312244,1.0911975532804643,1.206463747910751,-44.45880275858005,0.7949548092248502,30.154426793540484,510,401,109,78.62745098039215,1236.0876206727467,-2249.264777920188,9265.149604623668,-25966.880377744834,2.021745798141417,8.125490196078431,70,102,68.62745098039215,19.08272036802281,-24.812472286531985,2.930878248314832,,1.0402865308888751,299
30,0.26,0.08,0.45,0.5,18,10,20000,261013.19715160807,241013.19715160807,1205.0659857580404,35.342739065312244,1.0911975532804643,1.206463747910751,-44.45880275858005,0.7949548092248502,30.154426793540484,510,401,109,78.62745098039215,1236.0876206727467,-2249.264777920188,9265.149604623668,-25966.880377744834,2.021745798141417,8.125490196078431,70,102,68.62745098039215,19.08272036802281,-24.812472286531985,2.930878248314832,,1.0402865308888751,299
30,0.26,0.08,0.45,0.5,20,10,20000,261013.19715160807,241013.19715160807,1205.0659857580404,35.342739065312244,1.0911975532804643,1.206463747910751,-44.45880275858005,0.7949548092248502,30.154426793540484,510,401,109,78.62745098039215,1236.0876206727467,-2249.264777920188,9265.149604623668,-25966.880377744834,2.021745798141417,8.125490196078431,70,102,68.62745098039215,19.08272036802281,-24.812472286531985,2.930878248314832,,1.0390131281874602,326
30,0.26,0.12,0.55,0.5,20,10,20000,333213.8512287231,313213.8512287231,1566.0692561436158,39.29328385619946,1.088085175016487,1.2382541562020357,-51.411347056056975,0.7642920504174995,34.059154030393415,557,424,133,76.12208258527828,1505.902575099261,-2338.8148743630786,13599.635025602094,-33234.16577559029,2.052651610752566,9.55475763016158,70,102,68.62745098039215,20.39956678820678,-24.982451918314318,3.280987426462748,,1.1512929588144734,86
30,0.28,0.08,0.45,0.3,18,10,20000,257336.43758244574,237336.43758244574,1186.6821879122288,35.11672183351655,1.0869701932982019,1.2221724836846435,-42.57293942101574,0.8248601649568389,30.100984689239286,506,400,106,79.05138339920948,1327.189395951447,-2682.980527745608,8908.797696753525,-18901.96792137309,1.8666784271159504,7.91699604743083,68,102,66.66666666666666,19.92564616348389,-22.422156514238324,2.901608526233841,,1.1630602294700514,845
30,0.28,0.08,0.45,0.3,20,10,20000,257336.43758244574,237336.43758244574,1186.6821879122288,35.11672183351655,1.0869701932982019,1.2221724836846435,-42.57293942101574,0.8248601649568389,30.100984689239286,506,400,106,79.05138339920948,1327.189395951447,-2682.980527745608,8908.797696753525,-18901.96792137309,1.8666784271159504,7.91699604743083,68,102,66.66666666666666,19.92564616348389,-22.422156514238324,2.901608526233841,,1.1578207525606028,905
30,0.28,0.08,0.45,0.3,18,10,20000,257336.43758244574,237336.43758244574,1186.6821879122288,35.11672183351655,1.0869701932982019,1.2221724836846435,-42.57293942101574,0.8248601649568389,30.100984689239286,506,400,106,79.05138339920948,1327.189395951447,-2682.980527745608,8908.797696753525,-18901.96792137309,1.8666784271159504,7.91699604743083,68,102,66.66666666666666,19.92564616348389,-22.422156514238324,2.901608526233841,,1.1630602294700514,845
30,0.28,0.08,0.45,0.3,20,10,20000,257336.43758244574,237336.43758244574,1186.6821879122288,35.11672183351655,1.0869701932982019,1.2221724836846435,-42.57293942101574,0.8248601649568389,30.100984689239286,506,400,106,79.05138339920948,1327.189395951447,-2682.980527745608,8908.797696753525,-18901.96792137309,1.8666784271159504,7.91699604743083,68,102,66.66666666666666,19.92564616348389,-22.422156514238324,2.901608526233841,,1.1578207525606028,905
30,0.28,0.08,0.45,0.3,18,10,20000,257336.43758244574,237336.43758244574,1186.6821879122288,35.11672183351655,1.0869701932982019,1.2221724836846435,-42.57293942101574,0.8248601649568389,30.100984689239286,506,400,106,79.05138339920948,1327.189395951447,-2682.980527745608,8908.797696753525,-18901.96792137309,1.8666784271159504,7.91699604743083,68,102,66.66666666666666,19.92564616348389,-22.422156514238324,2.901608526233841,,1.1630602294700514,845
30,0.28,0.08,0.45,0.3,20,10,20000,257336.43758244574,237336.43758244574,1186.6821879122288,35.11672183351655,1.0869701932982019,1.2221724836846435,-42.57293942101574,0.8248601649568389,30.100984689239286,506,400,106,79.05138339920948,1327.189395951447,-2682.980527745608,8908.797696753525,-18901.96792137309,1.8666784271159504,7.91699604743083,68,102,66.66666666666666,19.92564616348389,-22.422156514238324,2.901608526233841,,1.1578207525606028,905
30,0.28,0.08,0.45,0.3,20,10,20000,257336.43758244574,237336.43758244574,1186.6821879122288,35.11672183351655,1.0869701932982019,1.2221724836846435,-42.57293942101574,0.8248601649568389,30.100984689239286,506,400,106,79.05138339920948,1327.189395951447,-2682.980527745608,8908.797696753525,-18901.96792137309,1.8666784271159504,7.91699604743083,68,102,66.66666666666666,19.92564616348389,-22.422156514238324,2.901608526233841,,1.1578207525606028,905
30,0.28,0.08,0.45,0.3,18,10,20000,257336.43758244574,237336.43758244574,1186.6821879122288,35.11672183351655,1.0869701932982019,1.2221724836846435,-42.57293942101574,0.8248601649568389,30.100984689239286,506,400,106,79.05138339920948,1327.189395951447,-2682.980527745608,8908.797696753525,-18901.96792137309,1.8666784271159504,7.91699604743083,68,102,66.66666666666666,19.92564616348389,-22.422156514238324,2.901608526233841,,1.1630602294700514,845
30,0.3,0.08,0.45,0.5,18,15,20000,236469.83199741633,216469.83199741633,1082.3491599870817,33.77728821352222,1.0855382747462663,1.119202626242115,-46.80314933056754,0.7216883627842108,28.876997670170606,369,288,81,78.04878048780488,1601.1229015940835,-2925.5619376243885,8969.528428180987,-22911.953274480737,1.945910409441819,8.230352303523036,66,102,64.70588235294117,18.982936659346915,-16.53630193617802,2.7656705286161083,,1.176604766327098,886
30,0.3,0.08,0.45,0.5,18,15,20000,236469.83199741633,216469.83199741633,1082.3491599870817,33.77728821352222,1.0855382747462663,1.119202626242115,-46.80314933056754,0.7216883627842108,28.876997670170606,369,288,81,78.04878048780488,1601.1229015940835,-2925.5619376243885,8969.528428180987,-22911.953274480737,1.945910409441819,8.230352303523036,66,102,64.70588235294117,18.982936659346915,-16.53630193617802,2.7656705286161083,,1.176604766327098,886
30,0.3,0.08,0.45,0.5,20,15,20000,236469.83199741633,216469.83199741633,1082.3491599870817,33.77728821352222,1.0855382747462663,1.119202626242115,-46.80314933056754,0.7216883627842108,28.876997670170606,369,288,81,78.04878048780488,1601.1229015940835,-2925.5619376243885,8969.528428180987,-22911.953274480737,1.945910409441819,8.230352303523036,66,102,64.70588235294117,18.982936659346915,-16.53630193617802,2.7656705286161083,,1.1708392483476742,946
30,0.3,0.08,0.45,0.5,18,15,20000,236469.83199741633,216469.83199741633,1082.3491599870817,33.77728821352222,1.0855382747462663,1.119202626242115,-46.80314933056754,0.7216883627842108,28.876997670170606,369,288,81,78.04878048780488,1601.1229015940835,-2925.5619376243885,8969.528428180987,-22911.953274480737,1.945910409441819,8.230352303523036,66,102,64.70588235294117,18.982936659346915,-16.53630193617802,2.7656705286161083,,1.176604766327098,886
30,0.3,0.08,0.45,0.5,18,15,20000,236469.83199741633,216469.83199741633,1082.3491599870817,33.77728821352222,1.0855382747462663,1.119202626242115,-46.80314933056754,0.7216883627842108,28.876997670170606,369,288,81,78.04878048780488,1601.1229015940835,-2925.5619376243885,8969.528428180987,-22911.953274480737,1.945910409441819,8.230352303523036,66,102,64.70588235294117,18.982936659346915,-16.53630193617802,2.7656705286161083,,1.176604766327098,886
30,0.3,0.08,0.45,0.5,20,15,20000,236469.83199741633,216469.83199741633,1082.3491599870817,33.77728821352222,1.0855382747462663,1.119202626242115,-46.80314933056754,0.7216883627842108,28.876997670170606,369,288,81,78.04878048780488,1601.1229015940835,-2925.5619376243885,8969.528428180987,-22911.953274480737,1.945910409441819,8.230352303523036,66,102,64.70588235294117,18.982936659346915,-16.53630193617802,2.7656705286161083,,1.1708392483476742,946
30,0.3,0.08,0.45,0.5,20,15,20000,236469.83199741633,216469.83199741633,1082.3491599870817,33.77728821352222,1.0855382747462663,1.119202626242115,-46.80314933056754,0.7216883627842108,28.876997670170606,369,288,81,78.04878048780488,1601.1229015940835,-2925.5619376243885,8969.528428180987,-22911.953274480737,1.945910409441819,8.230352303523036,66,102,64.70588235294117,18.982936659346915,-16.53630193617802,2.7656705286161083,,1.1708392483476742,946
30,0.3,0.08,0.45,0.5,20,15,20000,236469.83199741633,216469.83199741633,1082.3491599870817,33.77728821352222,1.0855382747462663,1.119202626242115,-46.80314933056754,0.7216883627842108,28.876997670170606,369,288,81,78.04878048780488,1601.1229015940835,-2925.5619376243885,8969.528428180987,-22911.953274480737,1.945910409441819,8.230352303523036,66,102,64.70588235294117,18.982936659346915,-16.53630193617802,2.7656705286161083,,1.1708392483476742,946
30,0.3,0.08,0.45,0.5,18,15,20000,236469.83199741633,216469.83199741633,1082.3491599870817,33.77728821352222,1.0855382747462663,1.119202626242115,-46.80314933056754,0.7216883627842108,28.876997670170606,369,288,81,78.04878048780488,1601.1229015940835,-2925.5619376243885,8969.528428180987,-22911.953274480737,1.945910409441819,8.230352303523036,66,102,64.70588235294117,18.982936659346915,-16.53630193617802,2.7656705286161083,,1.176604766327098,886
30,0.3,0.08,0.45,0.5,20,15,20000,236469.83199741633,216469.83199741633,1082.3491599870817,33.77728821352222,1.0855382747462663,1.119202626242115,-46.80314933056754,0.7216883627842108,28.876997670170606,369,288,81,78.04878048780488,1601.1229015940835,-2925.5619376243885,8969.528428180987,-22911.953274480737,1.945910409441819,8.230352303523036,66,102,64.70588235294117,18.982936659346915,-16.53630193617802,2.7656705286161083,,1.1708392483476742,946
30,0.3,0.08,0.45,0.5,18,15,20000,236469.83199741633,216469.83199741633,1082.3491599870817,33.77728821352222,1.0855382747462663,1.119202626242115,-46.80314933056754,0.7216883627842108,28.876997670170606,369,288,81,78.04878048780488,1601.1229015940835,-2925.5619376243885,8969.528428180987,-22911.953274480737,1.945910409441819,8.230352303523036,66,102,64.70588235294117,18.982936659346915,-16.53630193617802,2.7656705286161083,,1.176604766327098,886
30,0.3,0.08,0.45,0.5,20,15,20000,236469.83199741633,216469.83199741633,1082.3491599870817,33.77728821352222,1.0855382747462663,1.119202626242115,-46.80314933056754,0.7216883627842108,28.876997670170606,369,288,81,78.04878048780488,1601.1229015940835,-2925.5619376243885,8969.528428180987,-22911.953274480737,1.945910409441819,8.230352303523036,66,102,64.70588235294117,18.982936659346915,-16.53630193617802,2.7656705286161083,,1.1708392483476742,946
30,0.3,0.08,0.45,0.5,18,15,20000,236469.83199741633,216469.83199741633,1082.3491599870817,33.77728821352222,1.0855382747462663,1.119202626242115,-46.80314933056754,0.7216883627842108,28.876997670170606,369,288,81,78.04878048780488,1601.1229015940835,-2925.5619376243885,8969.528428180987,-22911.953274480737,1.945910409441819,8.230352303523036,66,102,64.70588235294117,18.982936659346915,-16.53630193617802,2.7656705286161083,,1.176604766327098,886
30,0.3,0.08,0.45,0.5,20,15,20000,236469.83199741633,216469.83199741633,1082.3491599870817,33.77728821352222,1.0855382747462663,1.119202626242115,-46.80314933056754,0.7216883627842108,28.876997670170606,369,288,81,78.04878048780488,1601.1229015940835,-2925.5619376243885,8969.528428180987,-22911.953274480737,1.945910409441819,8.230352303523036,66,102,64.70588235294117,18.982936659346915,-16.53630193617802,2.7656705286161083,,1.1708392483476742,946
30,0.3,0.08,0.45,0.5,18,15,20000,236469.83199741633,216469.83199741633,1082.3491599870817,33.77728821352222,1.0855382747462663,1.119202626242115,-46.80314933056754,0.7216883627842108,28.876997670170606,369,288,81,78.04878048780488,1601.1229015940835,-2925.5619376243885,8969.528428180987,-22911.953274480737,1.945910409441819,8.230352303523036,66,102,64.70588235294117,18.982936659346915,-16.53630193617802,2.7656705286161083,,1.176604766327098,886
30,0.3,0.08,0.45,0.5,18,15,20000,236469.83199741633,216469.83199741633,1082.3491599870817,33.77728821352222,1.0855382747462663,1.119202626242115,-46.80314933056754,0.7216883627842108,28.876997670170606,369,288,81,78.04878048780488,1601.1229015940835,-2925.5619376243885,8969.528428180987,-22911.953274480737,1.945910409441819,8.230352303523036,66,102,64.70588235294117,18.982936659346915,-16.53630193617802,2.7656705286161083,,1.176604766327098,886
30,0.3,0.08,0.45,0.5,20,15,20000,236469.83199741633,216469.83199741633,1082.3491599870817,33.77728821352222,1.0855382747462663,1.119202626242115,-46.80314933056754,0.7216883627842108,28.876997670170606,369,288,81,78.04878048780488,1601.1229015940835,-2925.5619376243885,8969.528428180987,-22911.953274480737,1.945910409441819,8.230352303523036,66,102,64.70588235294117,18.982936659346915,-16.53630193617802,2.7656705286161083,,1.1708392483476742,946
30,0.3,0.08,0.45,0.5,18,15,20000,236469.83199741633,216469.83199741633,1082.3491599870817,33.77728821352222,1.0855382747462663,1.119202626242115,-46.80314933056754,0.7216883627842108,28.876997670170606,369,288,81,78.04878048780488,1601.1229015940835,-2925.5619376243885,8969.528428180987,-22911.953274480737,1.945910409441819,8.230352303523036,66,102,64.70588235294117,18.982936659346915,-16.53630193617802,2.7656705286161083,,1.176604766327098,886
30,0.3,0.08,0.45,0.5,18,15,20000,236469.83199741633,216469.83199741633,1082.3491599870817,33.77728821352222,1.0855382747462663,1.119202626242115,-46.80314933056754,0.7216883627842108,28.876997670170606,369,288,81,78.04878048780488,1601.1229015940835,-2925.5619376243885,8969.528428180987,-22911.953274480737,1.945910409441819,8.230352303523036,66,102,64.70588235294117,18.982936659346915,-16.53630193617802,2.7656705286161083,,1.176604766327098,886
30,0.3,0.08,0.45,0.5,20,15,20000,236469.83199741633,216469.83199741633,1082.3491599870817,33.77728821352222,1.0855382747462663,1.119202626242115,-46.80314933056754,0.7216883627842108,28.876997670170606,369,288,81,78.04878048780488,1601.1229015940835,-2925.5619376243885,8969.528428180987,-22911.953274480737,1.945910409441819,8.230352303523036,66,102,64.70588235294117,18.982936659346915,-16.53630193617802,2.7656705286161083,,1.1708392483476742,946
30,0.3,0.08,0.45,0.5,18,15,20000,236469.83199741633,216469.83199741633,1082.3491599870817,33.77728821352222,1.0855382747462663,1.119202626242115,-46.80314933056754,0.7216883627842108,28.876997670170606,369,288,81,78.04878048780488,1601.1229015940835,-2925.5619376243885,8969.528428180987,-22911.953274480737,1.945910409441819,8.230352303523036,66,102,64.70588235294117,18.982936659346915,-16.53630193617802,2.7656705286161083,,1.176604766327098,886
30,0.3,0.08,0.45,0.5,20,15,20000,236469.83199741633,216469.83199741633,1082.3491599870817,33.77728821352222,1.0855382747462663,1.119202626242115,-46.80314933056754,0.7216883627842108,28.876997670170606,369,288,81,78.04878048780488,1601.1229015940835,-2925.5619376243885,8969.528428180987,-22911.953274480737,1.945910409441819,8.230352303523036,66,102,64.70588235294117,18.982936659346915,-16.53630193617802,2.7656705286161083,,1.1708392483476742,946
30,0.3,0.08,0.45,0.5,18,15,20000,236469.83199741633,216469.83199741633,1082.3491599870817,33.77728821352222,1.0855382747462663,1.119202626242115,-46.80314933056754,0.7216883627842108,28.876997670170606,369,288,81,78.04878048780488,1601.1229015940835,-2925.5619376243885,8969.528428180987,-22911.953274480737,1.945910409441819,8.230352303523036,66,102,64.70588235294117,18.982936659346915,-16.53630193617802,2.7656705286161083,,1.176604766327098,886
30,0.3,0.08,0.45,0.5,20,15,20000,236469.83199741633,216469.83199741633,1082.3491599870817,33.77728821352222,1.0855382747462663,1.119202626242115,-46.80314933056754,0.7216883627842108,28.876997670170606,369,288,81,78.04878048780488,1601.1229015940835,-2925.5619376243885,8969.528428180987,-22911.953274480737,1.945910409441819,8.230352303523036,66,102,64.70588235294117,18.982936659346915,-16.53630193617802,2.7656705286161083,,1.1708392483476742,946
30,0.3,0.08,0.45,0.5,18,15,20000,236469.83199741633,216469.83199741633,1082.3491599870817,33.77728821352222,1.0855382747462663,1.119202626242115,-46.80314933056754,0.7216883627842108,28.876997670170606,369,288,81,78.04878048780488,1601.1229015940835,-2925.5619376243885,8969.528428180987,-22911.953274480737,1.945910409441819,8.230352303523036,66,102,64.70588235294117,18.982936659346915,-16.53630193617802,2.7656705286161083,,1.176604766327098,886
30,0.3,0.08,0.45,0.5,18,15,20000,236469.83199741633,216469.83199741633,1082.3491599870817,33.77728821352222,1.0855382747462663,1.119202626242115,-46.80314933056754,0.7216883627842108,28.876997670170606,369,288,81,78.04878048780488,1601.1229015940835,-2925.5619376243885,8969.528428180987,-22911.953274480737,1.945910409441819,8.230352303523036,66,102,64.70588235294117,18.982936659346915,-16.53630193617802,2.7656705286161083,,1.176604766327098,886
30,0.3,0.08,0.45,0.5,20,15,20000,236469.83199741633,216469.83199741633,1082.3491599870817,33.77728821352222,1.0855382747462663,1.119202626242115,-46.80314933056754,0.7216883627842108,28.876997670170606,369,288,81,78.04878048780488,1601.1229015940835,-2925.5619376243885,8969.528428180987,-22911.953274480737,1.945910409441819,8.230352303523036,66,102,64.70588235294117,18.982936659346915,-16.53630193617802,2.7656705286161083,,1.1708392483476742,946
30,0.3,0.08,0.45,0.5,18,15,20000,236469.83199741633,216469.83199741633,1082.3491599870817,33.77728821352222,1.0855382747462663,1.119202626242115,-46.80314933056754,0.7216883627842108,28.876997670170606,369,288,81,78.04878048780488,1601.1229015940835,-2925.5619376243885,8969.528428180987,-22911.953274480737,1.945910409441819,8.230352303523036,66,102,64.70588235294117,18.982936659346915,-16.53630193617802,2.7656705286161083,,1.176604766327098,886
30,0.3,0.08,0.45,0.5,20,15,20000,236469.83199741633,216469.83199741633,1082.3491599870817,33.77728821352222,1.0855382747462663,1.119202626242115,-46.80314933056754,0.7216883627842108,28.876997670170606,369,288,81,78.04878048780488,1601.1229015940835,-2925.5619376243885,8969.528428180987,-22911.953274480737,1.945910409441819,8.230352303523036,66,102,64.70588235294117,18.982936659346915,-16.53630193617802,2.7656705286161083,,1.1708392483476742,946
30,0.3,0.08,0.45,0.5,18,15,20000,236469.83199741633,216469.83199741633,1082.3491599870817,33.77728821352222,1.0855382747462663,1.119202626242115,-46.80314933056754,0.7216883627842108,28.876997670170606,369,288,81,78.04878048780488,1601.1229015940835,-2925.5619376243885,8969.528428180987,-22911.953274480737,1.945910409441819,8.230352303523036,66,102,64.70588235294117,18.982936659346915,-16.53630193617802,2.7656705286161083,,1.176604766327098,886
30,0.3,0.08,0.45,0.5,20,15,20000,236469.83199741633,216469.83199741633,1082.3491599870817,33.77728821352222,1.0855382747462663,1.119202626242115,-46.80314933056754,0.7216883627842108,28.876997670170606,369,288,81,78.04878048780488,1601.1229015940835,-2925.5619376243885,8969.528428180987,-22911.953274480737,1.945910409441819,8.230352303523036,66,102,64.70588235294117,18.982936659346915,-16.53630193617802,2.7656705286161083,,1.1708392483476742,946
30,0.3,0.08,0.45,0.5,18,15,20000,236469.83199741633,216469.83199741633,1082.3491599870817,33.77728821352222,1.0855382747462663,1.119202626242115,-46.80314933056754,0.7216883627842108,28.876997670170606,369,288,81,78.04878048780488,1601.1229015940835,-2925.5619376243885,8969.528428180987,-22911.953274480737,1.945910409441819,8.230352303523036,66,102,64.70588235294117,18.982936659346915,-16.53630193617802,2.7656705286161083,,1.176604766327098,886
35,0.3,0.08,0.4,0.5,22,10,20000,237322.19319081964,217322.19319081964,1086.6109659540982,33.83400747681642,1.0845973034836647,1.2294311163737093,-42.29511672620951,0.7999506821516845,28.966761530661955,439,359,80,81.77676537585421,1351.8689566305861,-3316.6030865942435,6900.212949322052,-23993.969922937613,1.8291341425209071,9.530751708428246,70,102,68.62745098039215,16.204834494174982,-16.6568170729559,2.7581846222891455,,1.1668063534114326,363
30,0.28,0.08,0.5,0.3,18,10,20000,251688.41918165213,231688.41918165213,1158.4420959082606,34.763915662773904,1.0829884309475803,1.2059408780104501,-39.57953141041814,0.8783306528389907,29.921778948244416,477,372,105,77.9874213836478,1522.9818698191775,-3099.4379598489186,8908.797696753525,-29945.57540678029,1.7408663331315117,8.572327044025156,66,102,64.70588235294117,18.494416925621348,-21.915123173701424,2.875340446560936,,1.1618720279238837,681
30,0.28,0.08,0.5,0.3,20,10,20000,251688.41918165213,231688.41918165213,1158.4420959082606,34.763915662773904,1.0829884309475803,1.2059408780104501,-39.57953141041814,0.8783306528389907,29.921778948244416,477,372,105,77.9874213836478,1522.9818698191775,-3099.4379598489186,8908.797696753525,-29945.57540678029,1.7408663331315117,8.572327044025156,66,102,64.70588235294117,18.494416925621348,-21.915123173701424,2.875340446560936,,1.1587646096817537,754
30,0.28,0.08,0.6,0.5,20,10,20000,243383.5345568085,223383.5345568085,1116.9176727840425,34.23224671398329,1.081676817365371,1.2023743900648067,-41.16805983877743,0.8315244111100641,29.459964464614718,526,393,133,74.7148288973384,1205.6277369653915,-1820.9824617298175,9149.46869799306,-25041.71619569137,1.9563582102243575,9.916349809885931,70,102,68.62745098039215,18.201530427749635,-22.035818744324075,2.8330781111657886,,1.1770155135402303,81
30,0.3,0.08,0.5,0.7,22,10,20000,252539.25167599673,232539.25167599673,1162.6962583799836,34.8175073607005,1.0791354789667609,1.2226541610206814,-40.3885358366147,0.8620641139740521,30.113219449464147,554,389,165,70.21660649819495,1648.1714236994453,-2449.863391105853,10310.166626459792,-18019.992432343886,1.58608394531295,6.705776173285199,67,102,65.68627450980392,19.616271758852854,-19.86030228177633,2.8802849004486495,,1.1803905884897126,343
30,0.3,0.1,0.45,0.5,18,15,20000,265843.9675033652,245843.9675033652,1229.219837516826,35.63546393311987,1.0759572077670019,1.1304012980990854,-48.00882669365063,0.7422690031671366,31.021729822094358,403,318,85,78.90818858560795,1637.3622429680681,-3123.437212680075,10626.603853135553,-27079.69063196246,1.9611923275914265,8.307692307692308,65,102,63.725490196078425,20.596491328103994,-23.05661009394345,2.954892325709382,,1.1764844479974255,906
30,0.3,0.1,0.45,0.5,20,15,20000,265843.9675033652,245843.9675033652,1229.219837516826,35.63546393311987,1.0759572077670019,1.1304012980990854,-48.00882669365063,0.7422690031671366,31.021729822094358,403,318,85,78.90818858560795,1637.3622429680681,-3123.437212680075,10626.603853135553,-27079.69063196246,1.9611923275914265,8.307692307692308,65,102,63.725490196078425,20.596491328103994,-23.05661009394345,2.954892325709382,,1.1708698620840365,967
30,0.3,0.1,0.45,0.5,20,15,20000,265843.9675033652,245843.9675033652,1229.219837516826,35.63546393311987,1.0759572077670019,1.1304012980990854,-48.00882669365063,0.7422690031671366,31.021729822094358,403,318,85,78.90818858560795,1637.3622429680681,-3123.437212680075,10626.603853135553,-27079.69063196246,1.9611923275914265,8.307692307692308,65,102,63.725490196078425,20.596491328103994,-23.05661009394345,2.954892325709382,,1.1708698620840365,967
30,0.3,0.1,0.45,0.5,18,15,20000,265843.9675033652,245843.9675033652,1229.219837516826,35.63546393311987,1.0759572077670019,1.1304012980990854,-48.00882669365063,0.7422690031671366,31.021729822094358,403,318,85,78.90818858560795,1637.3622429680681,-3123.437212680075,10626.603853135553,-27079.69063196246,1.9611923275914265,8.307692307692308,65,102,63.725490196078425,20.596491328103994,-23.05661009394345,2.954892325709382,,1.1764844479974255,906
30,0.3,0.1,0.45,0.5,18,15,20000,265843.9675033652,245843.9675033652,1229.219837516826,35.63546393311987,1.0759572077670019,1.1304012980990854,-48.00882669365063,0.7422690031671366,31.021729822094358,403,318,85,78.90818858560795,1637.3622429680681,-3123.437212680075,10626.603853135553,-27079.69063196246,1.9611923275914265,8.307692307692308,65,102,63.725490196078425,20.596491328103994,-23.05661009394345,2.954892325709382,,1.1764844479974255,906
30,0.3,0.1,0.45,0.5,20,15,20000,265843.9675033652,245843.9675033652,1229.219837516826,35.63546393311987,1.0759572077670019,1.1304012980990854,-48.00882669365063,0.7422690031671366,31.021729822094358,403,318,85,78.90818858560795,1637.3622429680681,-3123.437212680075,10626.603853135553,-27079.69063196246,1.9611923275914265,8.307692307692308,65,102,63.725490196078425,20.596491328103994,-23.05661009394345,2.954892325709382,,1.1708698620840365,967
30,0.3,0.1,0.45,0.5,20,15,20000,265843.9675033652,245843.9675033652,1229.219837516826,35.63546393311987,1.0759572077670019,1.1304012980990854,-48.00882669365063,0.7422690031671366,31.021729822094358,403,318,85,78.90818858560795,1637.3622429680681,-3123.437212680075,10626.603853135553,-27079.69063196246,1.9611923275914265,8.307692307692308,65,102,63.725490196078425,20.596491328103994,-23.05661009394345,2.954892325709382,,1.1708698620840365,967
30,0.3,0.1,0.45,0.5,18,15,20000,265843.9675033652,245843.9675033652,1229.219837516826,35.63546393311987,1.0759572077670019,1.1304012980990854,-48.00882669365063,0.7422690031671366,31.021729822094358,403,318,85,78.90818858560795,1637.3622429680681,-3123.437212680075,10626.603853135553,-27079.69063196246,1.9611923275914265,8.307692307692308,65,102,63.725490196078425,20.596491328103994,-23.05661009394345,2.954892325709382,,1.1764844479974255,906
30,0.3,0.1,0.45,0.5,18,15,20000,265843.9675033652,245843.9675033652,1229.219837516826,35.63546393311987,1.0759572077670019,1.1304012980990854,-48.00882669365063,0.7422690031671366,31.021729822094358,403,318,85,78.90818858560795,1637.3622429680681,-3123.437212680075,10626.603853135553,-27079.69063196246,1.9611923275914265,8.307692307692308,65,102,63.725490196078425,20.596491328103994,-23.05661009394345,2.954892325709382,,1.1764844479974255,906
30,0.3,0.1,0.45,0.5,20,15,20000,265843.9675033652,245843.9675033652,1229.219837516826,35.63546393311987,1.0759572077670019,1.1304012980990854,-48.00882669365063,0.7422690031671366,31.021729822094358,403,318,85,78.90818858560795,1637.3622429680681,-3123.437212680075,10626.603853135553,-27079.69063196246,1.9611923275914265,8.307692307692308,65,102,63.725490196078425,20.596491328103994,-23.05661009394345,2.954892325709382,,1.1708698620840365,967
30,0.28,0.1,0.55,0.3,22,10,20000,265256.11423109885,245256.11423109885,1226.2805711554943,35.60009441631588,1.0756979891668916,1.1844585863917745,-41.652026858447506,0.8547025703527265,31.02854475310509,602,427,175,70.93023255813954,1803.4053722445328,-2956.9390225186985,10362.31375425043,-35750.69501318474,1.488129810850313,6.787375415282392,64,102,62.745098039215684,19.120223740324892,-25.42357418824437,2.9672417152735417,,1.1428133780696679,177
35,0.28,0.1,0.6,0.5,24,10,20000,208581.8771017674,188581.8771017674,942.909385508837,31.814057421727604,1.0738278055477541,1.2208502126780816,-42.19672045172865,0.753946209116455,27.42874205488815,415,308,107,74.21686746987952,1312.3560228583954,-1990.4472935457657,7854.378486570839,-16116.182637878805,1.8978764002201967,11.159036144578312,69,102,67.64705882352942,17.690474199933814,-20.855479324414183,2.635865357408805,,1.1613304843464902,91
30,0.3,0.08,0.4,0.3,22,10,20000,243562.55829416815,223562.55829416815,1117.8127914708407,34.24387525356145,1.072931037096303,1.193017388400594,-37.72183679403868,0.9077997829356267,29.815793795356328,618,454,164,73.46278317152104,1556.8251808622692,-2876.5949704681575,9897.759961401398,-28858.29831418958,1.4982115316970948,5.993527508090615,67,102,65.68627450980392,20.46102749233627,-17.55644108841208,2.8461985873583195,,1.1717831585033347,308
30,0.24,0.1,0.6,0.5,22,10,20000,249409.56030467965,229409.56030467965,1147.0478015233982,34.61958504155034,1.0728055685547704,1.1963065910154824,-43.094131718787466,0.8033480119163757,30.173477400930416,605,437,168,72.23140495867769,1405.1812086613393,-2245.478709704194,9967.878420487656,-20600.822375142794,1.627779395767776,6.950413223140496,64,102,62.745098039215684,17.385416367278218,-20.318745517540115,2.8483451875629404,,1.0563192420544592,27
35,0.3,0.08,0.5,0.7,22,10,20000,230359.06777537506,210359.06777537506,1051.7953388768753,33.365290196823906,1.0724672700334432,1.2148805509316398,-41.81296287201811,0.7979652219085502,28.957779952885975,411,323,88,78.58880778588808,1323.8926882623507,-2446.961406133365,8092.201535392744,-18220.304028197203,1.9858457608471738,10.800486618004866,66,102,64.70588235294117,16.531123190237107,-21.98483646208549,2.7532884416876477,,1.1795259936696914,344
30,0.3,0.16,0.6,0.3,22,10,20000,374828.2117280513,354828.2117280513,1774.1410586402567,41.2379678338789,1.0713464409548896,1.2322184600001544,-48.66117148888132,0.8474511930585443,36.834551685590185,746,500,246,67.02412868632707,2075.0247248137825,-2721.553915226361,18125.94059462069,-56307.438958391715,1.5496771549839061,7.025469168900805,65,102,63.725490196078425,24.695883533529205,-19.765839353052662,3.4660073707462957,,1.0913288061207023,2
30,0.3,0.1,0.55,0.7,18,10,20000,297701.7412636052,277701.7412636052,1388.508706318026,37.45617602868163,1.0708412897622188,1.243527202886389,-49.35308330583615,0.7589429782242668,33.02933510712814,513,388,125,75.6335282651072,1476.501931414343,-2278.002826816293,11807.33761459506,-29541.480689413595,2.011877220326082,9.573099415204679,70,102,68.62745098039215,21.058851697107595,-27.44517604354284,3.1549588447582266,,1.1533672908179147,156
35,0.24,0.1,0.6,0.5,22,10,20000,218549.4113292475,198549.4113292475,992.7470566462375,32.540968749290315,1.0698289647963715,1.2063045411753759,-40.49312497249358,0.8036171268924032,28.266325764606375,472,370,102,78.38983050847457,1106.110295786443,-2032.5655507958443,7608.632839207943,-20556.717052946686,1.9740376271266455,11.777542372881356,64,102,62.745098039215684,17.011780217033532,-18.911511639929312,2.676769936672013,,1.0477704710729236,29
30,0.28,0.08,0.55,0.5,20,10,20000,243224.90975660115,223224.90975660115,1116.1245487830058,34.22193688658197,1.0661429251490306,1.1904983176164723,-46.25802410368074,0.7398054186205273,30.047117377366778,475,368,107,77.47368421052632,1265.242158214378,-2187.545848652007,9242.215486336218,-25966.880377744834,1.989209529708146,9.374736842105262,70,102,68.62745098039215,18.13385640887004,-24.173044892156003,2.8524044293207127,,1.1471481764100144,285
30,0.26,0.1,0.6,0.3,22,10,20000,244670.93276172425,224670.93276172425,1123.3546638086211,34.31570264315971,1.0636535219128351,1.1653931865173321,-39.278093357402014,0.8736600916676844,30.257214535464666,633,446,187,70.45813586097947,1545.0102773110748,-2443.6009799645685,9197.195944001684,-31735.457297752375,1.5079756687098584,6.868878357030016,62,102,60.78431372549019,18.39855582900245,-16.21408675903362,2.8432946531690586,,1.1542525825738965,71
30,0.26,0.1,0.6,0.5,20,10,20000,261998.38422204202,241998.38422204202,1209.9919211102101,35.40282308879703,1.0614241126444826,1.2002681645075266,-48.19635972022563,0.7345538811293296,31.40223515265328,510,387,123,75.88235294117646,1220.1671200097662,-1791.8414209849243,10007.092237455428,-15226.694799018585,2.142523527484773,9.813725490196079,69,102,67.64705882352942,18.51410410496994,-26.25248200656666,2.9785347743876045,,1.1506662741112235,74
30,0.26,0.1,0.4,0.3,18,10,20000,273784.7885799562,253784.78857995622,1268.923942899781,36.106601646493466,1.0610488309494335,1.1741784318563149,-47.87810206610296,0.7541360264582511,32.14344534591792,565,441,124,78.05309734513274,1481.2830848084698,-3116.3309015277855,10817.430855824443,-21598.22141221681,1.690485311925845,7.348672566371682,66,102,64.70588235294117,20.526494089576495,-19.607255447917826,3.0099300983018447,,1.0338645179607606,208
35,0.3,0.12,0.45,0.5,18,10,20000,286817.5858329895,266817.5858329895,1334.0879291649474,36.85434083690677,1.060295760955119,1.235875435248147,-47.8488707506793,0.7702238372341014,32.900344652784156,429,353,76,82.28438228438229,1421.1713980972102,-2963.7780974077896,11349.482036703263,-25911.900237177528,2.2272136896691976,11.71095571095571,69,102,67.64705882352942,20.690441772502254,-19.484718971536086,3.0648974617101734,,1.1713237749587895,251
30,0.28,0.12,0.6,0.7,24,10,20000,261807.81144930812,241807.81144930812,1209.0390572465406,35.39121611251079,1.0583740011131588,1.2303098363653038,-45.24139403029103,0.7822751016207606,31.515309177361722,671,456,215,67.95827123695976,1436.0338256502848,-1862.8519341212584,11767.182048878949,-23612.899830988088,1.6349810202358026,6.135618479880775,67,102,65.68627450980392,21.869132190506548,-17.990207999638052,2.9835110863090804,,1.190757800989172,70
30,0.28,0.1,0.6,0.3,22,10,20000,248336.36514202022,228336.36514202022,1141.681825710101,34.551211299042976,1.0583004201030004,1.1660396279886194,-42.13687966288582,0.8199755552729192,30.707788794761292,604,421,183,69.70198675496688,1682.0754386971955,-2586.0298836815114,9671.492837300402,-34006.75867107816,1.4963835879579972,6.875827814569536,66,102,64.70588235294117,19.440313113911767,-24.559475590427738,2.9016603707939623,,1.1668250329724563,89
30,0.28,0.1,0.55,0.7,24,10,20000,234178.55169603392,214178.55169603392,1070.8927584801695,33.6239190132047,1.0577478597684407,1.2155520525336834,-42.34888257654093,0.7939741728116008,29.780464196935934,633,436,197,68.8783570300158,1352.5616413989733,-1855.8297508880569,10010.794584157034,-22370.11562935714,1.6130179381991814,5.995260663507109,67,102,65.68627450980392,20.48771732944532,-15.54900930625973,2.8083695269638564,,1.16544256696813,101
30,0.3,0.08,0.4,0.5,20,15,20000,221264.05411774013,201264.05411774013,1006.3202705887006,32.73387016849263,1.057237498564999,1.092476243269306,-45.744771212386034,0.7155762134324432,28.9198454609774,395,316,79,80.0,1415.2272250259864,-3014.881699022642,8115.287625497083,-22911.953274480737,1.8776553991949625,7.415189873417722,65,102,63.725490196078425,18.97618439345914,-17.605087966228737,2.692727539656998,,1.176022139912085,767
30,0.3,0.08,0.4,0.5,18,15,20000,221264.05411774013,201264.05411774013,1006.3202705887006,32.73387016849263,1.057237498564999,1.092476243269306,-45.744771212386034,0.7155762134324432,28.9198454609774,395,316,79,80.0,1415.2272250259864,-3014.881699022642,8115.287625497083,-22911.953274480737,1.8776553991949625,7.415189873417722,65,102,63.725490196078425,18.97618439345914,-17.605087966228737,2.692727539656998,,1.182009418093582,723
30,0.3,0.08,0.4,0.5,20,15,20000,221264.05411774013,201264.05411774013,1006.3202705887006,32.73387016849263,1.057237498564999,1.092476243269306,-45.744771212386034,0.7155762134324432,28.9198454609774,395,316,79,80.0,1415.2272250259864,-3014.881699022642,8115.287625497083,-22911.953274480737,1.8776553991949625,7.415189873417722,65,102,63.725490196078425,18.97618439345914,-17.605087966228737,2.692727539656998,,1.176022139912085,767
30,0.3,0.08,0.4,0.5,18,15,20000,221264.05411774013,201264.05411774013,1006.3202705887006,32.73387016849263,1.057237498564999,1.092476243269306,-45.744771212386034,0.7155762134324432,28.9198454609774,395,316,79,80.0,1415.2272250259864,-3014.881699022642,8115.287625497083,-22911.953274480737,1.8776553991949625,7.415189873417722,65,102,63.725490196078425,18.97618439345914,-17.605087966228737,2.692727539656998,,1.182009418093582,723
30,0.3,0.08,0.4,0.5,20,15,20000,221264.05411774013,201264.05411774013,1006.3202705887006,32.73387016849263,1.057237498564999,1.092476243269306,-45.744771212386034,0.7155762134324432,28.9198454609774,395,316,79,80.0,1415.2272250259864,-3014.881699022642,8115.287625497083,-22911.953274480737,1.8776553991949625,7.415189873417722,65,102,63.725490196078425,18.97618439345914,-17.605087966228737,2.692727539656998,,1.176022139912085,767
30,0.3,0.08,0.4,0.5,18,15,20000,221264.05411774013,201264.05411774013,1006.3202705887006,32.73387016849263,1.057237498564999,1.092476243269306,-45.744771212386034,0.7155762134324432,28.9198454609774,395,316,79,80.0,1415.2272250259864,-3014.881699022642,8115.287625497083,-22911.953274480737,1.8776553991949625,7.415189873417722,65,102,63.725490196078425,18.97618439345914,-17.605087966228737,2.692727539656998,,1.182009418093582,723
30,0.3,0.08,0.4,0.5,18,15,20000,221264.05411774013,201264.05411774013,1006.3202705887006,32.73387016849263,1.057237498564999,1.092476243269306,-45.744771212386034,0.7155762134324432,28.9198454609774,395,316,79,80.0,1415.2272250259864,-3014.881699022642,8115.287625497083,-22911.953274480737,1.8776553991949625,7.415189873417722,65,102,63.725490196078425,18.97618439345914,-17.605087966228737,2.692727539656998,,1.182009418093582,723
30,0.3,0.08,0.4,0.5,20,15,20000,221264.05411774013,201264.05411774013,1006.3202705887006,32.73387016849263,1.057237498564999,1.092476243269306,-45.744771212386034,0.7155762134324432,28.9198454609774,395,316,79,80.0,1415.2272250259864,-3014.881699022642,8115.287625497083,-22911.953274480737,1.8776553991949625,7.415189873417722,65,102,63.725490196078425,18.97618439345914,-17.605087966228737,2.692727539656998,,1.176022139912085,767
30,0.3,0.12,0.4,0.5,18,15,20000,286047.2155849214,266047.2155849214,1330.2360779246071,36.81098404394425,1.0534215857772566,1.1120288199791848,-51.81263751128882,0.7104634276902804,33.17188843659265,429,340,89,79.25407925407926,1824.8362728457234,-3845.322162535955,12393.297811014905,-28310.58566068803,1.8129260288662252,7.8671328671328675,67,102,65.68627450980392,22.34629855889021,-18.497359880471897,3.0451477372989744,,1.1779688796930026,209
30,0.3,0.1,0.55,0.3,24,10,20000,231278.6977090476,211278.6977090476,1056.3934885452381,33.42790497405244,1.0531389120005556,1.1949925388487606,-44.76192802544874,0.7467932336392546,29.778753780419354,614,429,185,69.86970684039088,1365.0283777282004,-1975.3524606413246,10550.532930833982,-19263.74044481424,1.6024432059823077,6.0,67,102,65.68627450980392,20.78284947567852,-23.28156770054265,2.838020619022997,,1.190788074989756,78
30,0.26,0.08,0.5,0.3,20,10,20000,228561.97948627904,208561.97948627904,1042.8098974313953,33.24229281099949,1.051313375069705,1.1391382623103865,-40.715919759661666,0.8164445997345122,29.678197851897004,515,405,110,78.64077669902912,1249.1846001288507,-2625.7820088265053,7839.741973143101,-26037.211463812648,1.7515812652159761,8.34368932038835,69,102,67.64705882352942,18.059537487080778,-20.624509809439306,2.791986338850708,,1.05126358998562,247
30,0.26,0.08,0.5,0.3,18,10,20000,228561.97948627904,208561.97948627904,1042.8098974313953,33.24229281099949,1.051313375069705,1.1391382623103865,-40.715919759661666,0.8164445997345122,29.678197851897004,515,405,110,78.64077669902912,1249.1846001288507,-2625.7820088265053,7839.741973143101,-26037.211463812648,1.7515812652159761,8.34368932038835,69,102,67.64705882352942,18.059537487080778,-20.624509809439306,2.791986338850708,,1.0381228038115067,210
30,0.26,0.1,0.55,0.7,20,10,20000,266743.8333016488,246743.8333016488,1233.719166508244,35.68947296662151,1.0490504733617014,1.1939208353361344,-47.11100411413436,0.7575612882323148,32.22940889760585,526,405,121,76.99619771863118,1264.8939017784655,-2110.4544387123956,9684.282810440738,-28310.58566068803,2.006077795039956,9.366920152091256,71,102,69.6078431372549,18.893459110885956,-24.120018637418006,3.023701271796787,,1.117736341058801,128
30,0.28,0.12,0.55,0.3,22,10,20000,278246.48225866916,258246.48225866916,1291.2324112933459,36.36605427635309,1.048937093615139,1.1639028871396317,-46.39714830137909,0.7837993412899508,32.96358292522282,676,472,204,69.8224852071006,1676.7250098603092,-2570.8206990810327,11834.336495750458,-37494.63135529131,1.5090439394508652,6.866863905325443,67,102,65.68627450980392,21.148038902103238,-26.750841873743912,3.089961544943309,,1.156025293798165,101
30,0.28,0.08,0.4,0.3,20,10,20000,235473.95053838854,215473.95053838854,1077.3697526919427,33.71078965982481,1.048868753940141,1.1728056993423845,-46.11155574280765,0.7310703166870036,30.23604941695893,541,430,111,79.48243992606284,1232.5272832502162,-2748.467878784689,9072.946631284616,-24177.410644968884,1.73720612792135,7.256931608133087,67,102,65.68627450980392,19.44043665066846,-22.418258512040268,2.82872595902861,,1.1631486074308763,733
30,0.28,0.08,0.4,0.3,18,10,20000,235473.95053838854,215473.95053838854,1077.3697526919427,33.71078965982481,1.048868753940141,1.1728056993423845,-46.11155574280765,0.7310703166870036,30.23604941695893,541,430,111,79.48243992606284,1232.5272832502162,-2748.467878784689,9072.946631284616,-24177.410644968884,1.73720612792135,7.256931608133087,67,102,65.68627450980392,19.44043665066846,-22.418258512040268,2.82872595902861,,1.1683016953383978,690
35,0.3,0.1,0.5,0.7,18,10,20000,248042.26791930437,228042.26791930437,1140.2113395965218,34.532428732122966,1.0481250008288825,1.215443534403766,-49.533154369150985,0.6971578768185537,31.080449739477366,412,343,69,83.25242718446601,1178.0467414552545,-2449.1925237572,8940.058731798546,-24230.446269949625,2.3910278053322163,12.317961165048544,69,102,67.64705882352942,18.76975332333879,-18.903808852926417,2.891492635059603,,1.1887276377056315,632
35,0.3,0.08,0.45,0.5,22,10,20000,214361.89704841503,194361.89704841503,971.8094852420752,32.23921965777008,1.0477065376867511,1.1791513370654412,-43.885974555027666,0.7346132787217936,28.794501309414937,416,334,82,80.28846153846155,1355.4222510811737,-3119.1970398912867,7616.189680369641,-23993.969922937613,1.7699639271269318,10.110576923076923,68,102,66.66666666666666,16.95197620018163,-17.327033020738913,2.6858847083505677,,1.1605000012400408,450
35,0.3,0.08,0.45,0.5,22,10,20000,214361.89704841503,194361.89704841503,971.8094852420752,32.23921965777008,1.0477065376867511,1.1791513370654412,-43.885974555027666,0.7346132787217936,28.794501309414937,416,334,82,80.28846153846155,1355.4222510811737,-3119.1970398912867,7616.189680369641,-23993.969922937613,1.7699639271269318,10.110576923076923,68,102,66.66666666666666,16.95197620018163,-17.327033020738913,2.6858847083505677,,1.1605000012400408,450
35,0.3,0.08,0.5,0.5,18,10,20000,213462.05143009004,193462.05143009004,967.3102571504503,32.17369934332559,1.0432354178997134,1.170813428952184,-44.28809704227773,0.7264638016081917,28.89883086793728,374,310,64,82.88770053475936,1120.8915663530217,-2316.6326427842487,7531.430476644097,-18852.404939450982,2.3436251498197027,12.275401069518717,71,102,69.6078431372549,16.57789256652451,-16.821404344251746,2.6851726886883833,,1.1766381952288558,716
35,0.3,0.08,0.5,0.5,18,10,20000,213462.05143009004,193462.05143009004,967.3102571504503,32.17369934332559,1.0432354178997134,1.170813428952184,-44.28809704227773,0.7264638016081917,28.89883086793728,374,310,64,82.88770053475936,1120.8915663530217,-2316.6326427842487,7531.430476644097,-18852.404939450982,2.3436251498197027,12.275401069518717,71,102,69.6078431372549,16.57789256652451,-16.821404344251746,2.6851726886883833,,1.1766381952288558,716
35,0.3,0.08,0.5,0.5,20,10,20000,213462.05143009004,193462.05143009004,967.3102571504503,32.17369934332559,1.0432354178997134,1.170813428952184,-44.28809704227773,0.7264638016081917,28.89883086793728,374,310,64,82.88770053475936,1120.8915663530217,-2316.6326427842487,7531.430476644097,-18852.404939450982,2.3436251498197027,12.275401069518717,71,102,69.6078431372549,16.57789256652451,-16.821404344251746,2.6851726886883833,,1.1724792831088886,785
35,0.3,0.08,0.5,0.5,18,10,20000,213462.05143009004,193462.05143009004,967.3102571504503,32.17369934332559,1.0432354178997134,1.170813428952184,-44.28809704227773,0.7264638016081917,28.89883086793728,374,310,64,82.88770053475936,1120.8915663530217,-2316.6326427842487,7531.430476644097,-18852.404939450982,2.3436251498197027,12.275401069518717,71,102,69.6078431372549,16.57789256652451,-16.821404344251746,2.6851726886883833,,1.1766381952288558,716
35,0.3,0.08,0.5,0.5,20,10,20000,213462.05143009004,193462.05143009004,967.3102571504503,32.17369934332559,1.0432354178997134,1.170813428952184,-44.28809704227773,0.7264638016081917,28.89883086793728,374,310,64,82.88770053475936,1120.8915663530217,-2316.6326427842487,7531.430476644097,-18852.404939450982,2.3436251498197027,12.275401069518717,71,102,69.6078431372549,16.57789256652451,-16.821404344251746,2.6851726886883833,,1.1724792831088886,785
35,0.3,0.08,0.5,0.5,18,10,20000,213462.05143009004,193462.05143009004,967.3102571504503,32.17369934332559,1.0432354178997134,1.170813428952184,-44.28809704227773,0.7264638016081917,28.89883086793728,374,310,64,82.88770053475936,1120.8915663530217,-2316.6326427842487,7531.430476644097,-18852.404939450982,2.3436251498197027,12.275401069518717,71,102,69.6078431372549,16.57789256652451,-16.821404344251746,2.6851726886883833,,1.1766381952288558,716
35,0.3,0.08,0.5,0.5,20,10,20000,213462.05143009004,193462.05143009004,967.3102571504503,32.17369934332559,1.0432354178997134,1.170813428952184,-44.28809704227773,0.7264638016081917,28.89883086793728,374,310,64,82.88770053475936,1120.8915663530217,-2316.6326427842487,7531.430476644097,-18852.404939450982,2.3436251498197027,12.275401069518717,71,102,69.6078431372549,16.57789256652451,-16.821404344251746,2.6851726886883833,,1.1724792831088886,785
35,0.3,0.08,0.5,0.5,18,10,20000,213462.05143009004,193462.05143009004,967.3102571504503,32.17369934332559,1.0432354178997134,1.170813428952184,-44.28809704227773,0.7264638016081917,28.89883086793728,374,310,64,82.88770053475936,1120.8915663530217,-2316.6326427842487,7531.430476644097,-18852.404939450982,2.3436251498197027,12.275401069518717,71,102,69.6078431372549,16.57789256652451,-16.821404344251746,2.6851726886883833,,1.1766381952288558,716
35,0.3,0.08,0.5,0.5,20,10,20000,213462.05143009004,193462.05143009004,967.3102571504503,32.17369934332559,1.0432354178997134,1.170813428952184,-44.28809704227773,0.7264638016081917,28.89883086793728,374,310,64,82.88770053475936,1120.8915663530217,-2316.6326427842487,7531.430476644097,-18852.404939450982,2.3436251498197027,12.275401069518717,71,102,69.6078431372549,16.57789256652451,-16.821404344251746,2.6851726886883833,,1.1724792831088886,785
30,0.3,0.08,0.45,0.7,20,15,20000,220893.8922669738,200893.8922669738,1004.4694613348689,32.70768996602156,1.0430416815955001,1.0768458555427056,-43.963588323581476,0.7439722555239558,29.44287168849174,384,301,83,78.38541666666666,1414.0399742194686,-2623.3531440391585,8115.287625497083,-22911.953274480737,1.9547595017742894,8.408854166666666,66,102,64.70588235294117,19.212608856355075,-22.14725754545157,2.711997381383615,,1.1851160619384518,829
30,0.3,0.08,0.45,0.7,18,15,20000,220893.8922669738,200893.8922669738,1004.4694613348689,32.70768996602156,1.0430416815955001,1.0768458555427056,-43.963588323581476,0.7439722555239558,29.44287168849174,384,301,83,78.38541666666666,1414.0399742194686,-2623.3531440391585,8115.287625497083,-22911.953274480737,1.9547595017742894,8.408854166666666,66,102,64.70588235294117,19.212608856355075,-22.14725754545157,2.711997381383615,,1.1903805046951828,777
30,0.3,0.08,0.45,0.7,18,15,20000,220893.8922669738,200893.8922669738,1004.4694613348689,32.70768996602156,1.0430416815955001,1.0768458555427056,-43.963588323581476,0.7439722555239558,29.44287168849174,384,301,83,78.38541666666666,1414.0399742194686,-2623.3531440391585,8115.287625497083,-22911.953274480737,1.9547595017742894,8.408854166666666,66,102,64.70588235294117,19.212608856355075,-22.14725754545157,2.711997381383615,,1.1903805046951828,777
30,0.3,0.08,0.45,0.7,20,15,20000,220893.8922669738,200893.8922669738,1004.4694613348689,32.70768996602156,1.0430416815955001,1.0768458555427056,-43.963588323581476,0.7439722555239558,29.44287168849174,384,301,83,78.38541666666666,1414.0399742194686,-2623.3531440391585,8115.287625497083,-22911.953274480737,1.9547595017742894,8.408854166666666,66,102,64.70588235294117,19.212608856355075,-22.14725754545157,2.711997381383615,,1.1851160619384518,829
30,0.3,0.08,0.45,0.7,18,15,20000,220893.8922669738,200893.8922669738,1004.4694613348689,32.70768996602156,1.0430416815955001,1.0768458555427056,-43.963588323581476,0.7439722555239558,29.44287168849174,384,301,83,78.38541666666666,1414.0399742194686,-2623.3531440391585,8115.287625497083,-22911.953274480737,1.9547595017742894,8.408854166666666,66,102,64.70588235294117,19.212608856355075,-22.14725754545157,2.711997381383615,,1.1903805046951828,777
30,0.3,0.08,0.45,0.7,20,15,20000,220893.8922669738,200893.8922669738,1004.4694613348689,32.70768996602156,1.0430416815955001,1.0768458555427056,-43.963588323581476,0.7439722555239558,29.44287168849174,384,301,83,78.38541666666666,1414.0399742194686,-2623.3531440391585,8115.287625497083,-22911.953274480737,1.9547595017742894,8.408854166666666,66,102,64.70588235294117,19.212608856355075,-22.14725754545157,2.711997381383615,,1.1851160619384518,829
30,0.3,0.08,0.45,0.7,18,15,20000,220893.8922669738,200893.8922669738,1004.4694613348689,32.70768996602156,1.0430416815955001,1.0768458555427056,-43.963588323581476,0.7439722555239558,29.44287168849174,384,301,83,78.38541666666666,1414.0399742194686,-2623.3531440391585,8115.287625497083,-22911.953274480737,1.9547595017742894,8.408854166666666,66,102,64.70588235294117,19.212608856355075,-22.14725754545157,2.711997381383615,,1.1903805046951828,777
30,0.26,0.08,0.4,0.3,20,10,20000,224016.40918386748,204016.40918386748,1020.0820459193374,32.927331495120924,1.041534358328221,1.1316018515764612,-43.755374974873746,0.752532266356516,29.74974222282721,568,454,114,79.92957746478874,1141.0685735382021,-2672.1215599067173,8353.862724254534,-16801.749263442744,1.700617073501427,7.144366197183099,66,102,64.70588235294117,18.866162466571268,-18.080813379026427,2.746835633165709,,1.0334301567516566,219
30,0.26,0.08,0.4,0.3,18,10,20000,224016.40918386748,204016.40918386748,1020.0820459193374,32.927331495120924,1.041534358328221,1.1316018515764612,-43.755374974873746,0.752532266356516,29.74974222282721,568,454,114,79.92957746478874,1141.0685735382021,-2672.1215599067173,8353.862724254534,-16801.749263442744,1.700617073501427,7.144366197183099,66,102,64.70588235294117,18.866162466571268,-18.080813379026427,2.746835633165709,,1.033602469450669,205
30,0.3,0.08,0.45,0.3,22,10,20000,218895.14032370184,198895.14032370184,994.4757016185091,32.56565318550311,1.0394205839756434,1.1582008440045253,-38.345749370105224,0.8492637051159484,29.45937824293371,587,423,164,72.06132879045997,1497.2016927982738,-2622.629142715468,8660.539966226224,-24186.81090547639,1.4724479306240783,6.321976149914821,66,102,64.70588235294117,19.851341106643194,-17.292820386281228,2.7178874631469663,,1.1649389272624708,382
30,0.26,0.08,0.55,0.7,22,10,20000,208408.32032414305,188408.32032414305,942.0416016207153,31.80113107079192,1.0339337643255342,1.1370517170454502,-38.1188828726233,0.8342618847739438,28.88643261419673,563,400,163,71.04795737122558,1338.5889515622496,-2101.8400427953457,7612.309569073425,-16017.771050972342,1.5628595877166342,6.758436944937833,66,102,64.70588235294117,16.98704354113374,-20.125213452175995,2.6499739967390634,,1.1331017062157804,94
30,0.22,0.1,0.6,0.9,22,20,20000,111282.85230622359,91282.85230622359,456.4142615311179,22.410001983550654,1.03272538443519,0.8106324484880705,-28.49123984670317,0.7865576262783734,19.51315599318346,236,175,61,74.15254237288136,1097.4297062729129,-1606.5089555989523,3827.0776759354003,-8038.925242059185,1.9597549708429014,6.580508474576271,53,102,51.9607843137255,10.658227862141256,-14.44865260689079,1.8194090780884022,,0.7530828369824284,4
30,0.26,0.16,0.55,0.7,22,20,20000,161224.19397357982,141224.19397357982,706.1209698678991,27.874773804354348,1.0317702106783624,0.8530224136622936,-38.813716528847216,0.7181681193460873,24.944272002175918,264,187,77,70.83333333333334,1682.7494199266243,-2179.4759422428397,7761.35297494789,-10362.73909181586,1.875073307059979,6.78030303030303,50,102,49.01960784313725,13.967814010317348,-18.15697807177067,2.270736043332907,,0.6603338864811789,5
40,0.28,0.16,0.5,0.9,18,10,20000,301118.32635584794,281118.32635584794,1405.5916317792396,37.64109291750013,1.029191300982149,1.2418210963969223,-44.30145144337895,0.8496582322050705,35.21054877908853,469,381,88,81.2366737739872,1467.1050524150933,-3015.461293778503,12315.886378743955,-29256.97356291044,2.1064432245008975,14.733475479744136,69,102,67.64705882352942,28.12407547584268,-22.265824293366155,3.192783803819181,,1.029191300982149,1
30,0.26,0.08,0.45,0.3,18,10,20000,219101.56298733855,199101.56298733855,995.5078149366929,32.58037500368969,1.0291497090182695,1.1080001436583553,-40.51540755846803,0.8041477790066102,29.903131719051924,505,397,108,78.61386138613862,1205.4586621039857,-2509.4209795120732,7483.390065272961,-16801.749263442744,1.7658164113705668,7.746534653465346,68,102,66.66666666666666,18.88040865776133,-17.543369474333804,2.737415480339488,,1.036312647649114,253
30,0.26,0.08,0.45,0.3,18,10,20000,219101.56298733855,199101.56298733855,995.5078149366929,32.58037500368969,1.0291497090182695,1.1080001436583553,-40.51540755846803,0.8041477790066102,29.903131719051924,505,397,108,78.61386138613862,1205.4586621039857,-2509.4209795120732,7483.390065272961,-16801.749263442744,1.7658164113705668,7.746534653465346,68,102,66.66666666666666,18.88040865776133,-17.543369474333804,2.737415480339488,,1.036312647649114,253
30,0.26,0.08,0.45,0.3,20,10,20000,219101.56298733855,199101.56298733855,995.5078149366929,32.58037500368969,1.0291497090182695,1.1080001436583553,-40.51540755846803,0.8041477790066102,29.903131719051924,505,397,108,78.61386138613862,1205.4586621039857,-2509.4209795120732,7483.390065272961,-16801.749263442744,1.7658164113705668,7.746534653465346,68,102,66.66666666666666,18.88040865776133,-17.543369474333804,2.737415480339488,,1.0368194799003434,276
30,0.26,0.08,0.45,0.3,18,10,20000,219101.56298733855,199101.56298733855,995.5078149366929,32.58037500368969,1.0291497090182695,1.1080001436583553,-40.51540755846803,0.8041477790066102,29.903131719051924,505,397,108,78.61386138613862,1205.4586621039857,-2509.4209795120732,7483.390065272961,-16801.749263442744,1.7658164113705668,7.746534653465346,68,102,66.66666666666666,18.88040865776133,-17.543369474333804,2.737415480339488,,1.036312647649114,253
30,0.3,0.08,0.5,0.3,22,10,20000,211149.97575442723,191149.97575442723,955.7498787721361,32.00422644058709,1.0269035286625374,1.130437174109189,-41.31197330808863,0.7746961444303814,29.387754427184664,570,403,167,70.7017543859649,1521.2258865629108,-2499.4163395574933,7953.599057978708,-27442.25064541589,1.468735788892435,6.621052631578947,65,102,63.725490196078425,19.50702861425462,-20.582107615041078,2.7120617755545995,,1.171408135670874,337
30,0.24,0.08,0.55,0.5,20,10,20000,208327.72010702637,188327.72010702637,941.6386005351319,31.79512481049609,1.0265469643764036,1.1149496583926612,-45.665574743106056,0.6962602570833967,29.177991869066794,453,357,96,78.80794701986756,1078.9163944854947,-1972.82372575371,6636.19446566005,-22257.45293728757,2.03374497661218,8.97130242825607,70,102,68.62745098039215,17.261252345897947,-24.494035342604914,2.698807681132645,,1.0437108775046364,47
35,0.28,0.12,0.6,0.7,20,10,20000,250819.2000935756,230819.2000935756,1154.096000467878,34.709000546262715,1.0260502143919288,1.1803933768718164,-42.237166433163694,0.8217644192866587,32.24629803542426,458,366,92,79.91266375545851,1183.7072577829792,-2112.880903013538,9084.628609270096,-25744.84916182148,2.228756130050649,14.174672489082969,70,102,68.62745098039215,18.439708086213336,-22.548890279054124,2.9309337333195074,,1.1783219474390485,79
30,0.28,0.08,0.45,0.3,22,10,20000,203243.6743529366,183243.6743529366,916.218371764683,31.41205886309337,1.0198414934164794,1.1252401164171524,-38.87504024211756,0.8080264011935677,29.048542295605923,608,446,162,73.35526315789474,1325.771258409581,-2488.694635924893,8248.133301167834,-24186.81090547639,1.466617396340356,6.202302631578948,66,102,64.70588235294117,19.12852907261764,-24.656164701384796,2.6459150087569454,,1.1464510156831234,431
30,0.26,0.1,0.6,0.5,24,10,20000,201199.11877862475,181199.11877862475,905.9955938931237,31.255621004922585,1.019103741277566,1.1435751486511325,-43.04769870385161,0.7260694983940233,28.90090419593847,619,427,192,68.98222940226171,1158.1548472616903,-1583.7623754777069,8527.71390502266,-17452.177972795904,1.6263097063921161,6.140549273021001,67,102,65.68627450980392,18.484966381928846,-16.104163696293384,2.649079195207126,,1.1536115988890054,71
35,0.28,0.1,0.45,0.5,18,10,20000,224136.29993414466,204136.29993414466,1020.6814996707232,32.935710788346825,1.0188563222362539,1.144443076724655,-46.63411515261932,0.7062578689561971,30.69083319556257,393,320,73,81.42493638676844,1246.119685170633,-2566.4947637426717,7793.905810187723,-21593.250197647943,2.1283668810516962,11.295165394402035,69,102,67.64705882352942,18.50293222277699,-19.028647116536757,2.766869063412264,,1.1601161013022754,1012
35,0.28,0.1,0.45,0.5,20,10,20000,224136.29993414466,204136.29993414466,1020.6814996707232,32.935710788346825,1.0188563222362539,1.144443076724655,-46.63411515261932,0.7062578689561971,30.69083319556257,393,320,73,81.42493638676844,1246.119685170633,-2566.4947637426717,7793.905810187723,-21593.250197647943,2.1283668810516962,11.295165394402035,69,102,67.64705882352942,18.50293222277699,-19.028647116536757,2.766869063412264,,1.1541031972711373,1085
35,0.28,0.1,0.45,0.5,18,10,20000,224136.29993414466,204136.29993414466,1020.6814996707232,32.935710788346825,1.0188563222362539,1.144443076724655,-46.63411515261932,0.7062578689561971,30.69083319556257,393,320,73,81.42493638676844,1246.119685170633,-2566.4947637426717,7793.905810187723,-21593.250197647943,2.1283668810516962,11.295165394402035,69,102,67.64705882352942,18.50293222277699,-19.028647116536757,2.766869063412264,,1.1601161013022754,1012
30,0.28,0.1,0.5,0.5,24,10,20000,212228.98870844315,192228.98870844315,961.1449435422157,32.08351970832166,1.0174033344168123,1.1647039915074637,-42.650200004921906,0.7522478137176184,29.83979884566011,644,450,194,69.87577639751554,1189.7075034152356,-1720.0436918670905,8898.484074806254,-18059.75666701335,1.6043957603748185,5.8105590062111805,65,102,63.725490196078425,20.139485920943013,-15.579604086343423,2.713777919273036,,1.110822716504388,96
30,0.24,0.08,0.45,0.3,20,10,20000,201455.7828396982,181455.7828396982,907.278914198491,31.275336260333585,1.016934144737849,1.105267351263736,-41.044896174529086,0.7619786910252164,29.02262042201761,524,420,104,80.1526717557252,991.044290864172,-2175.881336335037,7048.127634916705,-14107.08465749556,1.839389944999549,7.576335877862595,68,102,66.66666666666666,17.71871579547879,-24.141649773299967,2.656138923369118,,1.0100183561057745,100
30,0.28,0.1,0.55,0.5,24,10,20000,211219.36647275847,191219.36647275847,956.0968323637923,32.00933648875819,1.016487640137067,1.1507757480983696,-42.31726926921887,0.7564130919015003,29.80236619978228,621,429,192,69.08212560386472,1250.0925639442205,-1749.8162696061481,8898.484074806254,-19263.74044481424,1.5962679174263026,5.995169082125604,65,102,63.725490196078425,20.28328306486329,-16.509652974351386,2.713286737206673,,1.1493515666966323,112
40,0.24,0.08,0.55,0.7,24,10,20000,154832.8074722512,134832.8074722512,674.1640373612561,27.26683606809621,1.0156620741076903,1.137806781589708,-39.50650244186185,0.690186029710485,24.866742646713362,374,303,71,81.01604278074866,885.771389993282,-1853.9319045340521,4373.606488071348,-17587.368750606358,2.0389761700264493,12.422459893048128,69,102,67.64705882352942,14.164906396982534,-13.04994529855149,2.2447446291684705,,0.9696168656963213,5
30,0.26,0.08,0.6,0.5,24,10,20000,175815.8492786645,155815.8492786645,779.0792463933226,29.186724875286686,1.0151541979958643,1.113782161577158,-41.719951260722794,0.6995867443106171,26.885455811460734,574,402,172,70.03484320557492,1056.8798579173304,-1523.2216980983608,6937.401043886254,-15495.484591048224,1.6216611399698007,6.139372822299651,67,102,65.68627450980392,17.08234824771948,-15.939915360649792,2.4540168504397846,,1.1646578342761438,59
35,0.3,0.1,0.4,0.5,20,10,20000,232227.0876303015,212227.0876303015,1061.1354381515075,33.492248297640124,1.0143695498753331,1.173500115144752,-46.942267137105304,0.7134774338831694,31.475967102782253,398,331,67,83.16582914572864,1362.2481013602046,-3446.1559711457126,8899.850859582615,-23032.80021082447,1.952875121814717,10.56532663316583,67,102,65.68627450980392,19.191370095070837,-17.794455432542012,2.7901264362997553,,1.176489579402097,785
35,0.3,0.1,0.4,0.5,18,10,20000,232227.0876303015,212227.0876303015,1061.1354381515075,33.492248297640124,1.0143695498753331,1.173500115144752,-46.942267137105304,0.7134774338831694,31.475967102782253,398,331,67,83.16582914572864,1362.2481013602046,-3446.1559711457126,8899.850859582615,-23032.80021082447,1.952875121814717,10.56532663316583,67,102,65.68627450980392,19.191370095070837,-17.794455432542012,2.7901264362997553,,1.1823591738188082,741
35,0.3,0.1,0.4,0.5,18,10,20000,232227.0876303015,212227.0876303015,1061.1354381515075,33.492248297640124,1.0143695498753331,1.173500115144752,-46.942267137105304,0.7134774338831694,31.475967102782253,398,331,67,83.16582914572864,1362.2481013602046,-3446.1559711457126,8899.850859582615,-23032.80021082447,1.952875121814717,10.56532663316583,67,102,65.68627450980392,19.191370095070837,-17.794455432542012,2.7901264362997553,,1.1823591738188082,741
35,0.3,0.1,0.4,0.5,18,10,20000,232227.0876303015,212227.0876303015,1061.1354381515075,33.492248297640124,1.0143695498753331,1.173500115144752,-46.942267137105304,0.7134774338831694,31.475967102782253,398,331,67,83.16582914572864,1362.2481013602046,-3446.1559711457126,8899.850859582615,-23032.80021082447,1.952875121814717,10.56532663316583,67,102,65.68627450980392,19.191370095070837,-17.794455432542012,2.7901264362997553,,1.1823591738188082,741
35,0.3,0.1,0.4,0.5,20,10,20000,232227.0876303015,212227.0876303015,1061.1354381515075,33.492248297640124,1.0143695498753331,1.173500115144752,-46.942267137105304,0.7134774338831694,31.475967102782253,398,331,67,83.16582914572864,1362.2481013602046,-3446.1559711457126,8899.850859582615,-23032.80021082447,1.952875121814717,10.56532663316583,67,102,65.68627450980392,19.191370095070837,-17.794455432542012,2.7901264362997553,,1.176489579402097,785
35,0.3,0.1,0.45,0.5,20,10,20000,228489.15684498884,208489.15684498884,1042.4457842249442,33.23729067685181,1.0140428731372844,1.1594213837398057,-45.68726062517321,0.727495810036341,31.219438552012484,408,337,71,82.59803921568627,1213.8491035348582,-2727.381853090786,7867.251683982719,-23032.80021082447,2.112468820124928,11.610294117647058,68,102,66.66666666666666,19.179182122120196,-19.018212186364902,2.7917929603184897,,1.1708698620840365,967
35,0.3,0.1,0.45,0.5,18,10,20000,228489.15684498884,208489.15684498884,1042.4457842249442,33.23729067685181,1.0140428731372844,1.1594213837398057,-45.68726062517321,0.727495810036341,31.219438552012484,408,337,71,82.59803921568627,1213.8491035348582,-2727.381853090786,7867.251683982719,-23032.80021082447,2.112468820124928,11.610294117647058,68,102,66.66666666666666,19.179182122120196,-19.018212186364902,2.7917929603184897,,1.1764844479974255,906
35,0.3,0.1,0.45,0.5,20,10,20000,228489.15684498884,208489.15684498884,1042.4457842249442,33.23729067685181,1.0140428731372844,1.1594213837398057,-45.68726062517321,0.727495810036341,31.219438552012484,408,337,71,82.59803921568627,1213.8491035348582,-2727.381853090786,7867.251683982719,-23032.80021082447,2.112468820124928,11.610294117647058,68,102,66.66666666666666,19.179182122120196,-19.018212186364902,2.7917929603184897,,1.1708698620840365,967
35,0.3,0.1,0.45,0.5,18,10,20000,228489.15684498884,208489.15684498884,1042.4457842249442,33.23729067685181,1.0140428731372844,1.1594213837398057,-45.68726062517321,0.727495810036341,31.219438552012484,408,337,71,82.59803921568627,1213.8491035348582,-2727.381853090786,7867.251683982719,-23032.80021082447,2.112468820124928,11.610294117647058,68,102,66.66666666666666,19.179182122120196,-19.018212186364902,2.7917929603184897,,1.1764844479974255,906
35,0.3,0.1,0.45,0.5,20,10,20000,228489.15684498884,208489.15684498884,1042.4457842249442,33.23729067685181,1.0140428731372844,1.1594213837398057,-45.68726062517321,0.727495810036341,31.219438552012484,408,337,71,82.59803921568627,1213.8491035348582,-2727.381853090786,7867.251683982719,-23032.80021082447,2.112468820124928,11.610294117647058,68,102,66.66666666666666,19.179182122120196,-19.018212186364902,2.7917929603184897,,1.1708698620840365,967
35,0.3,0.1,0.45,0.5,18,10,20000,228489.15684498884,208489.15684498884,1042.4457842249442,33.23729067685181,1.0140428731372844,1.1594213837398057,-45.68726062517321,0.727495810036341,31.219438552012484,408,337,71,82.59803921568627,1213.8491035348582,-2727.381853090786,7867.251683982719,-23032.80021082447,2.112468820124928,11.610294117647058,68,102,66.66666666666666,19.179182122120196,-19.018212186364902,2.7917929603184897,,1.1764844479974255,906
35,0.3,0.1,0.45,0.5,18,10,20000,228489.15684498884,208489.15684498884,1042.4457842249442,33.23729067685181,1.0140428731372844,1.1594213837398057,-45.68726062517321,0.727495810036341,31.219438552012484,408,337,71,82.59803921568627,1213.8491035348582,-2727.381853090786,7867.251683982719,-23032.80021082447,2.112468820124928,11.610294117647058,68,102,66.66666666666666,19.179182122120196,-19.018212186364902,2.7917929603184897,,1.1764844479974255,906
35,0.3,0.1,0.45,0.5,20,10,20000,228489.15684498884,208489.15684498884,1042.4457842249442,33.23729067685181,1.0140428731372844,1.1594213837398057,-45.68726062517321,0.727495810036341,31.219438552012484,408,337,71,82.59803921568627,1213.8491035348582,-2727.381853090786,7867.251683982719,-23032.80021082447,2.112468820124928,11.610294117647058,68,102,66.66666666666666,19.179182122120196,-19.018212186364902,2.7917929603184897,,1.1708698620840365,967
35,0.3,0.1,0.45,0.5,18,10,20000,228489.15684498884,208489.15684498884,1042.4457842249442,33.23729067685181,1.0140428731372844,1.1594213837398057,-45.68726062517321,0.727495810036341,31.219438552012484,408,337,71,82.59803921568627,1213.8491035348582,-2727.381853090786,7867.251683982719,-23032.80021082447,2.112468820124928,11.610294117647058,68,102,66.66666666666666,19.179182122120196,-19.018212186364902,2.7917929603184897,,1.1764844479974255,906
30,0.28,0.12,0.6,0.5,24,10,20000,232056.72722302953,212056.72722302953,1060.2836361151476,33.48070733140591,1.0137107972643054,1.1612867289803412,-45.512772918704236,0.735633212048182,31.501573313420085,660,451,209,68.33333333333333,1288.0532828302205,-1711.2374754336618,10459.717376781287,-19263.74044481424,1.6242534655145695,6.121212121212121,69,102,67.64705882352942,22.031469240826773,-17.990207999638052,2.8715721288298215,,1.1793795836516565,73
45,0.3,0.08,0.55,0.9,22,10,20000,166854.2755112127,146854.2755112127,734.2713775560635,28.39293231738118,1.010670760788905,1.1672053230485844,-37.80714834261133,0.7509937554687334,26.18850600360615,292,238,54,81.5068493150685,1205.6619200569205,-2602.198894442185,5663.7539077834,-16021.1461478903,2.0420588482445727,16.554794520547944,66,102,64.70588235294117,17.99238070928393,-16.58848246091872,2.347718131028445,,0.8746649892907187,3
30,0.28,0.08,0.5,0.3,22,10,20000,194808.03697988973,174808.03697988973,874.0401848994486,30.75740100042006,1.0094424094271708,1.1068929309201037,-39.7227166970355,0.774302554253936,28.774706049120446,569,413,156,72.58347978910369,1374.4277104164776,-2489.8765095310205,7239.460615893879,-21883.30510495483,1.4614014972463756,6.555360281195079,65,102,63.725490196078425,19.057940917324,-23.49405801157821,2.60420565473589,,1.1549976908232058,380
35,0.28,0.1,0.6,0.3,22,10,20000,192191.08239473042,172191.08239473042,860.9554119736521,30.549223919834347,1.0087416471642099,1.1254165356055912,-37.283215899311514,0.8193827485895196,28.56902027942626,425,311,114,73.1764705882353,1352.4554042803675,-2155.3826530385945,9039.001011428049,-13098.9986461385,1.7118042807046538,11.67529411764706,64,102,62.745098039215684,16.828501937016192,-20.542136387696075,2.5454822742806984,,1.163091786465702,90
30,0.3,0.08,0.5,0.5,18,15,20000,195219.48703546886,175219.48703546886,876.0974351773443,30.78990688871368,1.008313657175298,1.0335424116190155,-46.96199718602316,0.6556345286328108,28.834436983106908,363,284,79,78.23691460055096,1315.7305074305887,-2432.8473183088363,7261.0468228131795,-19857.02617121664,1.9442107462042446,8.727272727272727,65,102,63.725490196078425,19.29356524552368,-17.69936864420273,2.584782102482272,,1.1766381952288558,716
30,0.3,0.08,0.5,0.5,20,15,20000,195219.48703546886,175219.48703546886,876.0974351773443,30.78990688871368,1.008313657175298,1.0335424116190155,-46.96199718602316,0.6556345286328108,28.834436983106908,363,284,79,78.23691460055096,1315.7305074305887,-2432.8473183088363,7261.0468228131795,-19857.02617121664,1.9442107462042446,8.727272727272727,65,102,63.725490196078425,19.29356524552368,-17.69936864420273,2.584782102482272,,1.1724174188067022,786
30,0.3,0.08,0.5,0.5,18,15,20000,195219.48703546886,175219.48703546886,876.0974351773443,30.78990688871368,1.008313657175298,1.0335424116190155,-46.96199718602316,0.6556345286328108,28.834436983106908,363,284,79,78.23691460055096,1315.7305074305887,-2432.8473183088363,7261.0468228131795,-19857.02617121664,1.9442107462042446,8.727272727272727,65,102,63.725490196078425,19.29356524552368,-17.69936864420273,2.584782102482272,,1.1766381952288558,716
30,0.3,0.08,0.5,0.5,18,15,20000,195219.48703546886,175219.48703546886,876.0974351773443,30.78990688871368,1.008313657175298,1.0335424116190155,-46.96199718602316,0.6556345286328108,28.834436983106908,363,284,79,78.23691460055096,1315.7305074305887,-2432.8473183088363,7261.0468228131795,-19857.02617121664,1.9442107462042446,8.727272727272727,65,102,63.725490196078425,19.29356524552368,-17.69936864420273,2.584782102482272,,1.1766381952288558,716
30,0.3,0.08,0.5,0.5,20,15,20000,195219.48703546886,175219.48703546886,876.0974351773443,30.78990688871368,1.008313657175298,1.0335424116190155,-46.96199718602316,0.6556345286328108,28.834436983106908,363,284,79,78.23691460055096,1315.7305074305887,-2432.8473183088363,7261.0468228131795,-19857.02617121664,1.9442107462042446,8.727272727272727,65,102,63.725490196078425,19.29356524552368,-17.69936864420273,2.584782102482272,,1.1724174188067022,786
30,0.3,0.08,0.5,0.5,18,15,20000,195219.48703546886,175219.48703546886,876.0974351773443,30.78990688871368,1.008313657175298,1.0335424116190155,-46.96199718602316,0.6556345286328108,28.834436983106908,363,284,79,78.23691460055096,1315.7305074305887,-2432.8473183088363,7261.0468228131795,-19857.02617121664,1.9442107462042446,8.727272727272727,65,102,63.725490196078425,19.29356524552368,-17.69936864420273,2.584782102482272,,1.1766381952288558,716
30,0.3,0.08,0.5,0.5,20,15,20000,195219.48703546886,175219.48703546886,876.0974351773443,30.78990688871368,1.008313657175298,1.0335424116190155,-46.96199718602316,0.6556345286328108,28.834436983106908,363,284,79,78.23691460055096,1315.7305074305887,-2432.8473183088363,7261.0468228131795,-19857.02617121664,1.9442107462042446,8.727272727272727,65,102,63.725490196078425,19.29356524552368,-17.69936864420273,2.584782102482272,,1.1724174188067022,786
30,0.3,0.08,0.5,0.5,18,15,20000,195219.48703546886,175219.48703546886,876.0974351773443,30.78990688871368,1.008313657175298,1.0335424116190155,-46.96199718602316,0.6556345286328108,28.834436983106908,363,284,79,78.23691460055096,1315.7305074305887,-2432.8473183088363,7261.0468228131795,-19857.02617121664,1.9442107462042446,8.727272727272727,65,102,63.725490196078425,19.29356524552368,-17.69936864420273,2.584782102482272,,1.1766381952288558,716
30,0.3,0.08,0.5,0.5,20,15,20000,195219.48703546886,175219.48703546886,876.0974351773443,30.78990688871368,1.008313657175298,1.0335424116190155,-46.96199718602316,0.6556345286328108,28.834436983106908,363,284,79,78.23691460055096,1315.7305074305887,-2432.8473183088363,7261.0468228131795,-19857.02617121664,1.9442107462042446,8.727272727272727,65,102,63.725490196078425,19.29356524552368,-17.69936864420273,2.584782102482272,,1.1724174188067022,786
30,0.3,0.08,0.5,0.5,18,15,20000,195219.48703546886,175219.48703546886,876.0974351773443,30.78990688871368,1.008313657175298,1.0335424116190155,-46.96199718602316,0.6556345286328108,28.834436983106908,363,284,79,78.23691460055096,1315.7305074305887,-2432.8473183088363,7261.0468228131795,-19857.02617121664,1.9442107462042446,8.727272727272727,65,102,63.725490196078425,19.29356524552368,-17.69936864420273,2.584782102482272,,1.1766381952288558,716
30,0.26,0.1,0.45,0.7,22,10,20000,225140.5460078258,205140.5460078258,1025.702730039129,33.00574376961636,1.0078043058291846,1.1414385588145024,-40.99294055825307,0.8051567738282523,31.251491431353383,608,440,168,72.36842105263158,1339.063406634048,-2246.731524992004,9088.359736326982,-17202.285851922894,1.5609656907765956,6.386513157894737,66,102,64.70588235294117,18.49079831695686,-21.024359519242097,2.8036670026398482,,1.0516985452948922,141
30,0.3,0.1,0.45,0.7,18,15,20000,223300.77806766547,203300.77806766547,1016.5038903383273,32.87723282630937,1.0077010398745336,1.058042764358389,-48.384292120318264,0.6795021976254781,31.10802363112087,382,295,87,77.22513089005236,1500.0396610460684,-2657.3557509239954,9052.292171189545,-22156.110517060195,1.9140611405305816,8.465968586387435,65,102,63.725490196078425,20.197640546633465,-25.718449112763643,2.8037044510181253,,1.1899130193627856,795
30,0.3,0.1,0.45,0.7,20,15,20000,223300.77806766547,203300.77806766547,1016.5038903383273,32.87723282630937,1.0077010398745336,1.058042764358389,-48.384292120318264,0.6795021976254781,31.10802363112087,382,295,87,77.22513089005236,1500.0396610460684,-2657.3557509239954,9052.292171189545,-22156.110517060195,1.9140611405305816,8.465968586387435,65,102,63.725490196078425,20.197640546633465,-25.718449112763643,2.8037044510181253,,1.184412023035171,849
35,0.28,0.1,0.5,0.5,20,10,20000,213293.10514400355,193293.10514400355,966.4655257200177,32.16137072418863,1.0070190974679871,1.1352338090156788,-46.82839336193685,0.6867921022959994,30.36818548620126,392,328,64,83.6734693877551,1184.1451336208088,-2941.8640877948346,7793.905810187723,-21593.250197647943,2.062890612446906,12.063775510204081,69,102,67.64705882352942,17.497048454588217,-19.318135724006602,2.711033129477401,,1.1544473696528261,897
30,0.3,0.08,0.4,0.7,18,15,20000,202548.40680732462,182548.40680732462,912.7420340366231,31.35901732310613,1.0066707145387965,1.0437595613221842,-44.070727533694416,0.7115611445064185,29.507536398461497,392,311,81,79.33673469387756,1320.4370064927361,-2727.9100165071022,7688.167224155132,-19857.02617121664,1.8585019324670162,7.599489795918367,65,102,63.725490196078425,18.821012292586126,-21.724964107005775,2.6231245170942996,,1.1974570357542433,634
30,0.3,0.08,0.4,0.7,20,15,20000,202548.40680732462,182548.40680732462,912.7420340366231,31.35901732310613,1.0066707145387965,1.0437595613221842,-44.070727533694416,0.7115611445064185,29.507536398461497,392,311,81,79.33673469387756,1320.4370064927361,-2727.9100165071022,7688.167224155132,-19857.02617121664,1.8585019324670162,7.599489795918367,65,102,63.725490196078425,18.821012292586126,-21.724964107005775,2.6231245170942996,,1.192453830679964,672
35,0.26,0.12,0.55,0.5,24,10,20000,198746.78285362772,178746.78285362772,893.7339142681386,31.066121481748365,1.0047260784334395,1.1473005815892843,-44.7520076046684,0.6941838622343199,29.281367983037658,502,380,122,75.69721115537848,1051.377164294317,-1774.4340603582002,7949.236589407583,-21397.506817933147,1.8455356581396196,10.693227091633466,68,102,66.66666666666666,19.2155179514613,-22.980478374781256,2.6536564055899716,,1.1513747342511313,74
35,0.28,0.08,0.5,0.5,20,10,20000,188580.9893906814,168580.9893906814,842.9049469534071,30.257900537794825,1.0022965712319762,1.115915648914768,-39.133175796400465,0.7732032967428623,28.509215198055944,366,302,64,82.5136612021858,1111.5208480284148,-2528.9629984393114,6309.8092953661935,-19867.734614699635,2.0739682648069193,12.114754098360656,67,102,65.68627450980392,15.905353509978394,-19.139876598956775,2.5457873369442616,,1.1556372787024356,883
35,0.28,0.08,0.5,0.5,18,10,20000,188580.9893906814,168580.9893906814,842.9049469534071,30.257900537794825,1.0022965712319762,1.115915648914768,-39.133175796400465,0.7732032967428623,28.509215198055944,366,302,64,82.5136612021858,1111.5208480284148,-2528.9629984393114,6309.8092953661935,-19867.734614699635,2.0739682648069193,12.114754098360656,67,102,65.68627450980392,15.905353509978394,-19.139876598956775,2.5457873369442616,,1.1601528963223198,798
35,0.28,0.08,0.5,0.5,20,10,20000,188580.9893906814,168580.9893906814,842.9049469534071,30.257900537794825,1.0022965712319762,1.115915648914768,-39.133175796400465,0.7732032967428623,28.509215198055944,366,302,64,82.5136612021858,1111.5208480284148,-2528.9629984393114,6309.8092953661935,-19867.734614699635,2.0739682648069193,12.114754098360656,67,102,65.68627450980392,15.905353509978394,-19.139876598956775,2.5457873369442616,,1.1556372787024356,883
40,0.3,0.16,0.4,0.7,20,10,20000,287235.9313415605,267235.9313415605,1336.1796567078025,36.87784249057271,1.0010718396607012,1.2146679343137596,-55.28974988149742,0.666992391349446,35.89589701922816,425,356,69,83.76470588235294,1579.2176526981864,-4098.356130965101,13432.890626828643,-33957.15958022543,1.9880770091860291,13.188235294117646,67,102,65.68627450980392,28.04599867424109,-22.586340208701728,3.2041656547521233,,0.8514245110771049,2
30,0.3,0.14,0.55,0.9,18,15,20000,254757.22708696258,234757.22708696258,1173.7861354348129,34.956466595480066,0.9998615379818928,1.077982033018275,-51.62697733799727,0.6770969054923197,33.7866366155721,436,320,116,73.39449541284404,1639.0010132903712,-2404.314935682341,12571.934711644126,-23669.453866670636,1.880528228031595,9.621559633027523,65,102,63.725490196078425,26.343320622062638,-25.619458602546363,2.989099107628259,,1.103008696154659,8
30,0.3,0.1,0.45,0.3,22,10,20000,223623.5489842385,203623.5489842385,1018.1177449211924,32.89984632475653,0.9970647613091064,1.1181151949888875,-42.7071046789987,0.7703600272611104,31.649572612346756,599,423,176,70.6176961602671,1528.3815073500207,-2487.874021192042,8980.671920350373,-27582.351488021133,1.4764919677815271,6.392320534223706,64,102,62.745098039215684,20.585274818703468,-22.667751817238756,2.805621909193342,,1.1646235516846761,390
45,0.28,0.12,0.5,0.7,18,10,20000,209286.4922944865,189286.4922944865,946.4324614724325,31.866439252702317,0.9917909192512342,1.179145273272597,-41.607053572568965,0.7658903122549269,30.680608535007476,345,291,54,84.34782608695653,1297.627047545895,-3502.1895070011687,6538.797696807039,-26415.602448579844,1.9966846352724894,16.556521739130435,70,102,68.62745098039215,23.527884068813766,-19.45360477949537,2.6703407568049395,,0.9058295985846019,2
35,0.3,0.08,0.45,0.3,18,10,20000,180257.09028256318,160257.09028256318,801.285451412816,29.5669702129532,0.9909857758640964,1.096248427624352,-37.48421755570225,0.7887845109482712,28.217530532415402,398,329,69,82.66331658291458,1174.2760302983208,-3193.3055148799535,6342.257243489766,-11412.194298473802,1.7533819530632735,10.384422110552764,65,102,63.725490196078425,16.87032144132965,-17.064323927804825,2.4947452175362703,,1.1802615050506298,757
35,0.3,0.08,0.45,0.3,20,10,20000,180257.09028256318,160257.09028256318,801.285451412816,29.5669702129532,0.9909857758640964,1.096248427624352,-37.48421755570225,0.7887845109482712,28.217530532415402,398,329,69,82.66331658291458,1174.2760302983208,-3193.3055148799535,6342.257243489766,-11412.194298473802,1.7533819530632735,10.384422110552764,65,102,63.725490196078425,16.87032144132965,-17.064323927804825,2.4947452175362703,,1.1755433217782394,807
35,0.3,0.08,0.45,0.3,18,10,20000,180257.09028256318,160257.09028256318,801.285451412816,29.5669702129532,0.9909857758640964,1.096248427624352,-37.48421755570225,0.7887845109482712,28.217530532415402,398,329,69,82.66331658291458,1174.2760302983208,-3193.3055148799535,6342.257243489766,-11412.194298473802,1.7533819530632735,10.384422110552764,65,102,63.725490196078425,16.87032144132965,-17.064323927804825,2.4947452175362703,,1.1802615050506298,757
35,0.3,0.08,0.45,0.3,20,10,20000,180257.09028256318,160257.09028256318,801.285451412816,29.5669702129532,0.9909857758640964,1.096248427624352,-37.48421755570225,0.7887845109482712,28.217530532415402,398,329,69,82.66331658291458,1174.2760302983208,-3193.3055148799535,6342.257243489766,-11412.194298473802,1.7533819530632735,10.384422110552764,65,102,63.725490196078425,16.87032144132965,-17.064323927804825,2.4947452175362703,,1.1755433217782394,807
35,0.3,0.08,0.45,0.3,18,10,20000,180257.09028256318,160257.09028256318,801.285451412816,29.5669702129532,0.9909857758640964,1.096248427624352,-37.48421755570225,0.7887845109482712,28.217530532415402,398,329,69,82.66331658291458,1174.2760302983208,-3193.3055148799535,6342.257243489766,-11412.194298473802,1.7533819530632735,10.384422110552764,65,102,63.725490196078425,16.87032144132965,-17.064323927804825,2.4947452175362703,,1.1802615050506298,757
35,0.3,0.08,0.45,0.3,20,10,20000,180257.09028256318,160257.09028256318,801.285451412816,29.5669702129532,0.9909857758640964,1.096248427624352,-37.48421755570225,0.7887845109482712,28.217530532415402,398,329,69,82.66331658291458,1174.2760302983208,-3193.3055148799535,6342.257243489766,-11412.194298473802,1.7533819530632735,10.384422110552764,65,102,63.725490196078425,16.87032144132965,-17.064323927804825,2.4947452175362703,,1.1755433217782394,807
35,0.3,0.08,0.5,0.7,18,10,20000,197356.65421041354,177356.65421041354,886.7832710520677,30.95778398137503,0.9899318538210852,1.120370468454012,-44.892876101081086,0.6895923511710474,29.77165791411376,353,290,63,82.15297450424929,1078.219627023268,-2062.932167819185,6738.648321207876,-11532.750987146723,2.4059119738312815,12.407932011331445,69,102,67.64705882352942,16.272477131657315,-20.802871620406716,2.6183939368704703,,1.1887981001156271,627
35,0.3,0.08,0.5,0.7,20,10,20000,197356.65421041354,177356.65421041354,886.7832710520677,30.95778398137503,0.9899318538210852,1.120370468454012,-44.892876101081086,0.6895923511710474,29.77165791411376,353,290,63,82.15297450424929,1078.219627023268,-2062.932167819185,6738.648321207876,-11532.750987146723,2.4059119738312815,12.407932011331445,69,102,67.64705882352942,16.272477131657315,-20.802871620406716,2.6183939368704703,,1.18538860540978,688
35,0.28,0.08,0.4,0.5,20,10,20000,190629.59096031968,170629.59096031968,853.1479548015984,30.423813969515944,0.9892722924874674,1.1023509748985874,-39.00407726255386,0.7800162471405149,29.226255794472966,394,339,55,86.04060913705584,1076.6075876320551,-3423.070693535675,6121.83679857043,-21523.379165924605,1.938557006440802,10.16497461928934,67,102,65.68627450980392,17.96427410509176,-17.497860627556637,2.5878970717802656,,1.1584905289179452,858
35,0.28,0.08,0.4,0.5,18,10,20000,190629.59096031968,170629.59096031968,853.1479548015984,30.423813969515944,0.9892722924874674,1.1023509748985874,-39.00407726255386,0.7800162471405149,29.226255794472966,394,339,55,86.04060913705584,1076.6075876320551,-3423.070693535675,6121.83679857043,-21523.379165924605,1.938557006440802,10.16497461928934,67,102,65.68627450980392,17.96427410509176,-17.497860627556637,2.5878970717802656,,1.164198322956194,807
30,0.3,0.1,0.5,0.5,18,15,20000,210278.9650186489,190278.9650186489,951.3948250932444,31.939957430007592,0.9867783670090025,1.0224789970271717,-50.879130064359,0.6277614689874903,31.030586238361828,373,293,80,78.55227882037534,1408.8928224395095,-2691.153505396752,8265.136330216543,-22156.110517060195,1.9174194083826381,9.00804289544236,64,102,62.745098039215684,21.773636522772378,-21.914097166725977,2.7209122246588926,,1.1760682014477104,721
30,0.3,0.1,0.5,0.5,20,15,20000,210278.9650186489,190278.9650186489,951.3948250932444,31.939957430007592,0.9867783670090025,1.0224789970271717,-50.879130064359,0.6277614689874903,31.030586238361828,373,293,80,78.55227882037534,1408.8928224395095,-2691.153505396752,8265.136330216543,-22156.110517060195,1.9174194083826381,9.00804289544236,64,102,62.745098039215684,21.773636522772378,-21.914097166725977,2.7209122246588926,,1.1717140373558743,797
30,0.3,0.1,0.5,0.5,18,15,20000,210278.9650186489,190278.9650186489,951.3948250932444,31.939957430007592,0.9867783670090025,1.0224789970271717,-50.879130064359,0.6277614689874903,31.030586238361828,373,293,80,78.55227882037534,1408.8928224395095,-2691.153505396752,8265.136330216543,-22156.110517060195,1.9174194083826381,9.00804289544236,64,102,62.745098039215684,21.773636522772378,-21.914097166725977,2.7209122246588926,,1.1760682014477104,721
35,0.28,0.08,0.45,0.5,20,10,20000,182563.21216252827,162563.21216252827,812.8160608126415,29.761164225169324,0.9856168768350919,1.0837554085289998,-39.37771385572278,0.7557870000836557,28.648152396546767,410,343,67,83.65853658536585,965.7060249455266,-2436.046706706386,5428.100769512899,-21523.379165924605,2.0294513619958092,11.165853658536586,67,102,65.68627450980392,16.72262879456401,-17.24793575854967,2.522427402769553,,1.1540337547002752,1062
35,0.28,0.08,0.45,0.5,18,10,20000,182563.21216252827,162563.21216252827,812.8160608126415,29.761164225169324,0.9856168768350919,1.0837554085289998,-39.37771385572278,0.7557870000836557,28.648152396546767,410,343,67,83.65853658536585,965.7060249455266,-2436.046706706386,5428.100769512899,-21523.379165924605,2.0294513619958092,11.165853658536586,67,102,65.68627450980392,16.72262879456401,-17.24793575854967,2.522427402769553,,1.1602156704534505,990
35,0.28,0.08,0.45,0.5,20,10,20000,182563.21216252827,162563.21216252827,812.8160608126415,29.761164225169324,0.9856168768350919,1.0837554085289998,-39.37771385572278,0.7557870000836557,28.648152396546767,410,343,67,83.65853658536585,965.7060249455266,-2436.046706706386,5428.100769512899,-21523.379165924605,2.0294513619958092,11.165853658536586,67,102,65.68627450980392,16.72262879456401,-17.24793575854967,2.522427402769553,,1.1540337547002752,1062
35,0.28,0.08,0.45,0.5,18,10,20000,182563.21216252827,162563.21216252827,812.8160608126415,29.761164225169324,0.9856168768350919,1.0837554085289998,-39.37771385572278,0.7557870000836557,28.648152396546767,410,343,67,83.65853658536585,965.7060249455266,-2436.046706706386,5428.100769512899,-21523.379165924605,2.0294513619958092,11.165853658536586,67,102,65.68627450980392,16.72262879456401,-17.24793575854967,2.522427402769553,,1.1602156704534505,990
35,0.28,0.08,0.45,0.5,20,10,20000,182563.21216252827,162563.21216252827,812.8160608126415,29.761164225169324,0.9856168768350919,1.0837554085289998,-39.37771385572278,0.7557870000836557,28.648152396546767,410,343,67,83.65853658536585,965.7060249455266,-2436.046706706386,5428.100769512899,-21523.379165924605,2.0294513619958092,11.165853658536586,67,102,65.68627450980392,16.72262879456401,-17.24793575854967,2.522427402769553,,1.1540337547002752,1062
35,0.28,0.08,0.45,0.5,18,10,20000,182563.21216252827,162563.21216252827,812.8160608126415,29.761164225169324,0.9856168768350919,1.0837554085289998,-39.37771385572278,0.7557870000836557,28.648152396546767,410,343,67,83.65853658536585,965.7060249455266,-2436.046706706386,5428.100769512899,-21523.379165924605,2.0294513619958092,11.165853658536586,67,102,65.68627450980392,16.72262879456401,-17.24793575854967,2.522427402769553,,1.1602156704534505,990
35,0.28,0.08,0.45,0.5,20,10,20000,182563.21216252827,162563.21216252827,812.8160608126415,29.761164225169324,0.9856168768350919,1.0837554085289998,-39.37771385572278,0.7557870000836557,28.648152396546767,410,343,67,83.65853658536585,965.7060249455266,-2436.046706706386,5428.100769512899,-21523.379165924605,2.0294513619958092,11.165853658536586,67,102,65.68627450980392,16.72262879456401,-17.24793575854967,2.522427402769553,,1.1540337547002752,1062
35,0.28,0.08,0.45,0.5,18,10,20000,182563.21216252827,162563.21216252827,812.8160608126415,29.761164225169324,0.9856168768350919,1.0837554085289998,-39.37771385572278,0.7557870000836557,28.648152396546767,410,343,67,83.65853658536585,965.7060249455266,-2436.046706706386,5428.100769512899,-21523.379165924605,2.0294513619958092,11.165853658536586,67,102,65.68627450980392,16.72262879456401,-17.24793575854967,2.522427402769553,,1.1602156704534505,990
35,0.28,0.08,0.45,0.5,18,10,20000,182563.21216252827,162563.21216252827,812.8160608126415,29.761164225169324,0.9856168768350919,1.0837554085289998,-39.37771385572278,0.7557870000836557,28.648152396546767,410,343,67,83.65853658536585,965.7060249455266,-2436.046706706386,5428.100769512899,-21523.379165924605,2.0294513619958092,11.165853658536586,67,102,65.68627450980392,16.72262879456401,-17.24793575854967,2.522427402769553,,1.1602156704534505,990
35,0.28,0.08,0.45,0.5,20,10,20000,182563.21216252827,162563.21216252827,812.8160608126415,29.761164225169324,0.9856168768350919,1.0837554085289998,-39.37771385572278,0.7557870000836557,28.648152396546767,410,343,67,83.65853658536585,965.7060249455266,-2436.046706706386,5428.100769512899,-21523.379165924605,2.0294513619958092,11.165853658536586,67,102,65.68627450980392,16.72262879456401,-17.24793575854967,2.522427402769553,,1.1540337547002752,1062
30,0.26,0.08,0.5,0.7,22,10,20000,185181.7304010131,165181.7304010131,825.9086520050655,29.979058137424097,0.9840376524165857,1.087421155673198,-38.1442804851135,0.785938488186295,28.952574471341457,549,399,150,72.6775956284153,1205.454439568965,-2075.809610138044,6950.3696065453005,-14015.549669600801,1.544702748071491,6.571948998178506,66,102,64.70588235294117,17.116382725585044,-20.39216266140752,2.5494035014314247,,1.0769991908179273,138
35,0.28,0.1,0.4,0.5,20,10,20000,207380.80748363814,187380.80748363814,936.9040374181907,31.724407736795946,0.983148395221145,1.1218070604667383,-48.393291234064215,0.6555538366538092,30.949805643301904,424,358,66,84.43396226415094,1158.62108827808,-3332.720144812916,7426.00916921359,-21593.250197647943,1.8857393923223276,10.393867924528301,68,102,66.66666666666666,18.20321222444854,-18.688763582622904,2.694477215163046,,1.1589078658072918,878
35,0.3,0.08,0.45,0.3,22,10,20000,171368.54625244575,151368.54625244575,756.8427312622288,28.797372666091302,0.9828428889165012,1.083981250854367,-39.13674588878674,0.7358141820968865,27.694026906846165,440,346,94,78.63636363636364,1186.1277116691767,-2730.4387743595626,4960.336068744062,-12553.41372832118,1.5989955498487736,9.797727272727272,65,102,63.725490196078425,17.132135547350646,-15.637097443230541,2.4461226112823837,,1.1649389272624708,382
35,0.3,0.1,0.45,0.7,20,10,20000,211773.01003503168,191773.01003503168,958.8650501751583,32.05005476014331,0.981738052414276,1.1454753543011262,-43.47216421100469,0.7372546396489286,31.37674211349028,413,341,72,82.56658595641646,1132.7400721456459,-2611.844748460447,6794.444636166895,-23668.951811062772,2.054020571035881,11.738498789346247,70,102,68.62745098039215,19.077673505421554,-19.561994705216623,2.7293816565541644,,1.185183591075273,847
35,0.3,0.1,0.45,0.7,18,10,20000,211773.01003503168,191773.01003503168,958.8650501751583,32.05005476014331,0.981738052414276,1.1454753543011262,-43.47216421100469,0.7372546396489286,31.37674211349028,413,341,72,82.56658595641646,1132.7400721456459,-2611.844748460447,6794.444636166895,-23668.951811062772,2.054020571035881,11.738498789346247,70,102,68.62745098039215,19.077673505421554,-19.561994705216623,2.7293816565541644,,1.1899130193627856,795
35,0.26,0.08,0.5,0.5,18,10,20000,174525.5250913279,154525.5250913279,772.6276254566395,29.07466282040698,0.9802411917717605,1.0822330632533486,-39.85777287475911,0.7294602965340096,28.098615599783088,395,332,63,84.05063291139241,951.5911005934009,-2474.453893035267,5959.264334512516,-18212.09006347467,2.0266023416461807,11.536708860759493,69,102,67.64705882352942,15.319520049877532,-17.12573494011933,2.469230284400419,,1.0451108990919378,247
35,0.26,0.08,0.5,0.5,20,10,20000,174525.5250913279,154525.5250913279,772.6276254566395,29.07466282040698,0.9802411917717605,1.0822330632533486,-39.85777287475911,0.7294602965340096,28.098615599783088,395,332,63,84.05063291139241,951.5911005934009,-2474.453893035267,5959.264334512516,-18212.09006347467,2.0266023416461807,11.536708860759493,69,102,67.64705882352942,15.319520049877532,-17.12573494011933,2.469230284400419,,1.0537376270662124,289
35,0.3,0.12,0.4,0.5,20,10,20000,233576.27484562094,213576.27484562094,1067.8813742281047,33.583385316665,0.979966737448466,1.1441089359236272,-50.43506079430982,0.6658737946927179,33.241890902151106,427,353,74,82.66978922716628,1288.4276727831807,-3145.7745523995377,9293.41235296625,-21593.250197647943,1.9537789884475203,10.955503512880561,68,102,66.66666666666666,20.646898611975928,-18.31880724927307,2.854922754125852,,1.1742028576666774,220
30,0.3,0.1,0.55,0.5,22,15,20000,191336.8110356457,171336.8110356457,856.6840551782285,30.480725635328888,0.9789084333917787,1.0151546908256184,-41.970015694187914,0.7262500413968136,29.72555595778107,445,316,129,71.01123595505618,1489.7250357289468,-2298.1635906665097,8241.410727320208,-14988.975444823041,1.587897806558246,6.8382022471910116,62,102,60.78431372549019,19.44237038437382,-19.8208724953595,2.5452512390534405,,1.1492507086889465,172
35,0.28,0.08,0.45,0.7,22,10,20000,180831.89839027406,160831.89839027406,804.1594919513702,29.615577850464913,0.9774874408160953,1.098024569505976,-43.25150813688422,0.6847293684358073,28.802679469222543,396,320,76,80.8080808080808,1129.5518160500972,-2611.2728392255553,5256.085903781313,-14614.932716273797,1.8213369262237835,10.169191919191919,69,102,67.64705882352942,16.28013719895609,-20.80441126281276,2.5241534487037454,,1.1596527610056404,441
35,0.3,0.08,0.45,0.5,20,10,20000,181950.59887442194,161950.59887442194,809.7529943721097,29.70978928464789,0.9768627375202462,1.0869564057222079,-41.23933972531798,0.7204234956848308,28.953342885390626,390,323,67,82.82051282051283,995.5526848030493,-2304.444405344713,6342.257243489766,-18212.09006347467,2.082695277584924,11.41025641025641,68,102,66.66666666666666,16.843142120510322,-17.987615039396367,2.5266572962617966,,1.1708392483476742,946
35,0.3,0.08,0.45,0.5,18,10,20000,181950.59887442194,161950.59887442194,809.7529943721097,29.70978928464789,0.9768627375202462,1.0869564057222079,-41.23933972531798,0.7204234956848308,28.953342885390626,390,323,67,82.82051282051283,995.5526848030493,-2304.444405344713,6342.257243489766,-18212.09006347467,2.082695277584924,11.41025641025641,68,102,66.66666666666666,16.843142120510322,-17.987615039396367,2.5266572962617966,,1.176604766327098,886
35,0.3,0.08,0.45,0.5,20,10,20000,181950.59887442194,161950.59887442194,809.7529943721097,29.70978928464789,0.9768627375202462,1.0869564057222079,-41.23933972531798,0.7204234956848308,28.953342885390626,390,323,67,82.82051282051283,995.5526848030493,-2304.444405344713,6342.257243489766,-18212.09006347467,2.082695277584924,11.41025641025641,68,102,66.66666666666666,16.843142120510322,-17.987615039396367,2.5266572962617966,,1.1708392483476742,946
35,0.3,0.08,0.45,0.5,18,10,20000,181950.59887442194,161950.59887442194,809.7529943721097,29.70978928464789,0.9768627375202462,1.0869564057222079,-41.23933972531798,0.7204234956848308,28.953342885390626,390,323,67,82.82051282051283,995.5526848030493,-2304.444405344713,6342.257243489766,-18212.09006347467,2.082695277584924,11.41025641025641,68,102,66.66666666666666,16.843142120510322,-17.987615039396367,2.5266572962617966,,1.176604766327098,886
35,0.3,0.08,0.45,0.5,18,10,20000,181950.59887442194,161950.59887442194,809.7529943721097,29.70978928464789,0.9768627375202462,1.0869564057222079,-41.23933972531798,0.7204234956848308,28.953342885390626,390,323,67,82.82051282051283,995.5526848030493,-2304.444405344713,6342.257243489766,-18212.09006347467,2.082695277584924,11.41025641025641,68,102,66.66666666666666,16.843142120510322,-17.987615039396367,2.5266572962617966,,1.176604766327098,886
35,0.3,0.08,0.45,0.5,20,10,20000,181950.59887442194,161950.59887442194,809.7529943721097,29.70978928464789,0.9768627375202462,1.0869564057222079,-41.23933972531798,0.7204234956848308,28.953342885390626,390,323,67,82.82051282051283,995.5526848030493,-2304.444405344713,6342.257243489766,-18212.09006347467,2.082695277584924,11.41025641025641,68,102,66.66666666666666,16.843142120510322,-17.987615039396367,2.5266572962617966,,1.1708392483476742,946
35,0.3,0.08,0.45,0.5,18,10,20000,181950.59887442194,161950.59887442194,809.7529943721097,29.70978928464789,0.9768627375202462,1.0869564057222079,-41.23933972531798,0.7204234956848308,28.953342885390626,390,323,67,82.82051282051283,995.5526848030493,-2304.444405344713,6342.257243489766,-18212.09006347467,2.082695277584924,11.41025641025641,68,102,66.66666666666666,16.843142120510322,-17.987615039396367,2.5266572962617966,,1.176604766327098,886
35,0.3,0.08,0.45,0.5,20,10,20000,181950.59887442194,161950.59887442194,809.7529943721097,29.70978928464789,0.9768627375202462,1.0869564057222079,-41.23933972531798,0.7204234956848308,28.953342885390626,390,323,67,82.82051282051283,995.5526848030493,-2304.444405344713,6342.257243489766,-18212.09006347467,2.082695277584924,11.41025641025641,68,102,66.66666666666666,16.843142120510322,-17.987615039396367,2.5266572962617966,,1.1708392483476742,946
35,0.3,0.08,0.45,0.5,18,10,20000,181950.59887442194,161950.59887442194,809.7529943721097,29.70978928464789,0.9768627375202462,1.0869564057222079,-41.23933972531798,0.7204234956848308,28.953342885390626,390,323,67,82.82051282051283,995.5526848030493,-2304.444405344713,6342.257243489766,-18212.09006347467,2.082695277584924,11.41025641025641,68,102,66.66666666666666,16.843142120510322,-17.987615039396367,2.5266572962617966,,1.176604766327098,886
35,0.3,0.08,0.45,0.5,20,10,20000,181950.59887442194,161950.59887442194,809.7529943721097,29.70978928464789,0.9768627375202462,1.0869564057222079,-41.23933972531798,0.7204234956848308,28.953342885390626,390,323,67,82.82051282051283,995.5526848030493,-2304.444405344713,6342.257243489766,-18212.09006347467,2.082695277584924,11.41025641025641,68,102,66.66666666666666,16.843142120510322,-17.987615039396367,2.5266572962617966,,1.1708392483476742,946
35,0.3,0.08,0.45,0.5,18,10,20000,181950.59887442194,161950.59887442194,809.7529943721097,29.70978928464789,0.9768627375202462,1.0869564057222079,-41.23933972531798,0.7204234956848308,28.953342885390626,390,323,67,82.82051282051283,995.5526848030493,-2304.444405344713,6342.257243489766,-18212.09006347467,2.082695277584924,11.41025641025641,68,102,66.66666666666666,16.843142120510322,-17.987615039396367,2.5266572962617966,,1.176604766327098,886
35,0.3,0.08,0.45,0.5,18,10,20000,181950.59887442194,161950.59887442194,809.7529943721097,29.70978928464789,0.9768627375202462,1.0869564057222079,-41.23933972531798,0.7204234956848308,28.953342885390626,390,323,67,82.82051282051283,995.5526848030493,-2304.444405344713,6342.257243489766,-18212.09006347467,2.082695277584924,11.41025641025641,68,102,66.66666666666666,16.843142120510322,-17.987615039396367,2.5266572962617966,,1.176604766327098,886
35,0.3,0.08,0.45,0.5,20,10,20000,181950.59887442194,161950.59887442194,809.7529943721097,29.70978928464789,0.9768627375202462,1.0869564057222079,-41.23933972531798,0.7204234956848308,28.953342885390626,390,323,67,82.82051282051283,995.5526848030493,-2304.444405344713,6342.257243489766,-18212.09006347467,2.082695277584924,11.41025641025641,68,102,66.66666666666666,16.843142120510322,-17.987615039396367,2.5266572962617966,,1.1708392483476742,946
35,0.3,0.08,0.45,0.5,18,10,20000,181950.59887442194,161950.59887442194,809.7529943721097,29.70978928464789,0.9768627375202462,1.0869564057222079,-41.23933972531798,0.7204234956848308,28.953342885390626,390,323,67,82.82051282051283,995.5526848030493,-2304.444405344713,6342.257243489766,-18212.09006347467,2.082695277584924,11.41025641025641,68,102,66.66666666666666,16.843142120510322,-17.987615039396367,2.5266572962617966,,1.176604766327098,886
35,0.3,0.08,0.45,0.5,20,10,20000,181950.59887442194,161950.59887442194,809.7529943721097,29.70978928464789,0.9768627375202462,1.0869564057222079,-41.23933972531798,0.7204234956848308,28.953342885390626,390,323,67,82.82051282051283,995.5526848030493,-2304.444405344713,6342.257243489766,-18212.09006347467,2.082695277584924,11.41025641025641,68,102,66.66666666666666,16.843142120510322,-17.987615039396367,2.5266572962617966,,1.1708392483476742,946
35,0.3,0.08,0.45,0.5,18,10,20000,181950.59887442194,161950.59887442194,809.7529943721097,29.70978928464789,0.9768627375202462,1.0869564057222079,-41.23933972531798,0.7204234956848308,28.953342885390626,390,323,67,82.82051282051283,995.5526848030493,-2304.444405344713,6342.257243489766,-18212.09006347467,2.082695277584924,11.41025641025641,68,102,66.66666666666666,16.843142120510322,-17.987615039396367,2.5266572962617966,,1.176604766327098,886
35,0.3,0.08,0.45,0.5,20,10,20000,181950.59887442194,161950.59887442194,809.7529943721097,29.70978928464789,0.9768627375202462,1.0869564057222079,-41.23933972531798,0.7204234956848308,28.953342885390626,390,323,67,82.82051282051283,995.5526848030493,-2304.444405344713,6342.257243489766,-18212.09006347467,2.082695277584924,11.41025641025641,68,102,66.66666666666666,16.843142120510322,-17.987615039396367,2.5266572962617966,,1.1708392483476742,946
35,0.3,0.08,0.45,0.5,18,10,20000,181950.59887442194,161950.59887442194,809.7529943721097,29.70978928464789,0.9768627375202462,1.0869564057222079,-41.23933972531798,0.7204234956848308,28.953342885390626,390,323,67,82.82051282051283,995.5526848030493,-2304.444405344713,6342.257243489766,-18212.09006347467,2.082695277584924,11.41025641025641,68,102,66.66666666666666,16.843142120510322,-17.987615039396367,2.5266572962617966,,1.176604766327098,886
35,0.3,0.08,0.45,0.5,20,10,20000,181950.59887442194,161950.59887442194,809.7529943721097,29.70978928464789,0.9768627375202462,1.0869564057222079,-41.23933972531798,0.7204234956848308,28.953342885390626,390,323,67,82.82051282051283,995.5526848030493,-2304.444405344713,6342.257243489766,-18212.09006347467,2.082695277584924,11.41025641025641,68,102,66.66666666666666,16.843142120510322,-17.987615039396367,2.5266572962617966,,1.1708392483476742,946
35,0.3,0.08,0.45,0.5,18,10,20000,181950.59887442194,161950.59887442194,809.7529943721097,29.70978928464789,0.9768627375202462,1.0869564057222079,-41.23933972531798,0.7204234956848308,28.953342885390626,390,323,67,82.82051282051283,995.5526848030493,-2304.444405344713,6342.257243489766,-18212.09006347467,2.082695277584924,11.41025641025641,68,102,66.66666666666666,16.843142120510322,-17.987615039396367,2.5266572962617966,,1.176604766327098,886
35,0.3,0.08,0.45,0.5,20,10,20000,181950.59887442194,161950.59887442194,809.7529943721097,29.70978928464789,0.9768627375202462,1.0869564057222079,-41.23933972531798,0.7204234956848308,28.953342885390626,390,323,67,82.82051282051283,995.5526848030493,-2304.444405344713,6342.257243489766,-18212.09006347467,2.082695277584924,11.41025641025641,68,102,66.66666666666666,16.843142120510322,-17.987615039396367,2.5266572962617966,,1.1708392483476742,946
35,0.3,0.08,0.45,0.5,18,10,20000,181950.59887442194,161950.59887442194,809.7529943721097,29.70978928464789,0.9768627375202462,1.0869564057222079,-41.23933972531798,0.7204234956848308,28.953342885390626,390,323,67,82.82051282051283,995.5526848030493,-2304.444405344713,6342.257243489766,-18212.09006347467,2.082695277584924,11.41025641025641,68,102,66.66666666666666,16.843142120510322,-17.987615039396367,2.5266572962617966,,1.176604766327098,886
35,0.3,0.08,0.45,0.5,18,10,20000,181950.59887442194,161950.59887442194,809.7529943721097,29.70978928464789,0.9768627375202462,1.0869564057222079,-41.23933972531798,0.7204234956848308,28.953342885390626,390,323,67,82.82051282051283,995.5526848030493,-2304.444405344713,6342.257243489766,-18212.09006347467,2.082695277584924,11.41025641025641,68,102,66.66666666666666,16.843142120510322,-17.987615039396367,2.5266572962617966,,1.176604766327098,886
35,0.3,0.08,0.45,0.5,20,10,20000,181950.59887442194,161950.59887442194,809.7529943721097,29.70978928464789,0.9768627375202462,1.0869564057222079,-41.23933972531798,0.7204234956848308,28.953342885390626,390,323,67,82.82051282051283,995.5526848030493,-2304.444405344713,6342.257243489766,-18212.09006347467,2.082695277584924,11.41025641025641,68,102,66.66666666666666,16.843142120510322,-17.987615039396367,2.5266572962617966,,1.1708392483476742,946
35,0.3,0.08,0.45,0.5,18,10,20000,181950.59887442194,161950.59887442194,809.7529943721097,29.70978928464789,0.9768627375202462,1.0869564057222079,-41.23933972531798,0.7204234956848308,28.953342885390626,390,323,67,82.82051282051283,995.5526848030493,-2304.444405344713,6342.257243489766,-18212.09006347467,2.082695277584924,11.41025641025641,68,102,66.66666666666666,16.843142120510322,-17.987615039396367,2.5266572962617966,,1.176604766327098,886
35,0.3,0.08,0.45,0.5,20,10,20000,181950.59887442194,161950.59887442194,809.7529943721097,29.70978928464789,0.9768627375202462,1.0869564057222079,-41.23933972531798,0.7204234956848308,28.953342885390626,390,323,67,82.82051282051283,995.5526848030493,-2304.444405344713,6342.257243489766,-18212.09006347467,2.082695277584924,11.41025641025641,68,102,66.66666666666666,16.843142120510322,-17.987615039396367,2.5266572962617966,,1.1708392483476742,946
35,0.3,0.08,0.45,0.5,18,10,20000,181950.59887442194,161950.59887442194,809.7529943721097,29.70978928464789,0.9768627375202462,1.0869564057222079,-41.23933972531798,0.7204234956848308,28.953342885390626,390,323,67,82.82051282051283,995.5526848030493,-2304.444405344713,6342.257243489766,-18212.09006347467,2.082695277584924,11.41025641025641,68,102,66.66666666666666,16.843142120510322,-17.987615039396367,2.5266572962617966,,1.176604766327098,886
35,0.3,0.08,0.45,0.5,18,10,20000,181950.59887442194,161950.59887442194,809.7529943721097,29.70978928464789,0.9768627375202462,1.0869564057222079,-41.23933972531798,0.7204234956848308,28.953342885390626,390,323,67,82.82051282051283,995.5526848030493,-2304.444405344713,6342.257243489766,-18212.09006347467,2.082695277584924,11.41025641025641,68,102,66.66666666666666,16.843142120510322,-17.987615039396367,2.5266572962617966,,1.176604766327098,886
35,0.3,0.08,0.45,0.5,20,10,20000,181950.59887442194,161950.59887442194,809.7529943721097,29.70978928464789,0.9768627375202462,1.0869564057222079,-41.23933972531798,0.7204234956848308,28.953342885390626,390,323,67,82.82051282051283,995.5526848030493,-2304.444405344713,6342.257243489766,-18212.09006347467,2.082695277584924,11.41025641025641,68,102,66.66666666666666,16.843142120510322,-17.987615039396367,2.5266572962617966,,1.1708392483476742,946
35,0.3,0.08,0.45,0.5,18,10,20000,181950.59887442194,161950.59887442194,809.7529943721097,29.70978928464789,0.9768627375202462,1.0869564057222079,-41.23933972531798,0.7204234956848308,28.953342885390626,390,323,67,82.82051282051283,995.5526848030493,-2304.444405344713,6342.257243489766,-18212.09006347467,2.082695277584924,11.41025641025641,68,102,66.66666666666666,16.843142120510322,-17.987615039396367,2.5266572962617966,,1.176604766327098,886
35,0.3,0.08,0.45,0.5,20,10,20000,181950.59887442194,161950.59887442194,809.7529943721097,29.70978928464789,0.9768627375202462,1.0869564057222079,-41.23933972531798,0.7204234956848308,28.953342885390626,390,323,67,82.82051282051283,995.5526848030493,-2304.444405344713,6342.257243489766,-18212.09006347467,2.082695277584924,11.41025641025641,68,102,66.66666666666666,16.843142120510322,-17.987615039396367,2.5266572962617966,,1.1708392483476742,946
35,0.3,0.08,0.45,0.5,18,10,20000,181950.59887442194,161950.59887442194,809.7529943721097,29.70978928464789,0.9768627375202462,1.0869564057222079,-41.23933972531798,0.7204234956848308,28.953342885390626,390,323,67,82.82051282051283,995.5526848030493,-2304.444405344713,6342.257243489766,-18212.09006347467,2.082695277584924,11.41025641025641,68,102,66.66666666666666,16.843142120510322,-17.987615039396367,2.5266572962617966,,1.176604766327098,886
35,0.3,0.08,0.45,0.5,20,10,20000,181950.59887442194,161950.59887442194,809.7529943721097,29.70978928464789,0.9768627375202462,1.0869564057222079,-41.23933972531798,0.7204234956848308,28.953342885390626,390,323,67,82.82051282051283,995.5526848030493,-2304.444405344713,6342.257243489766,-18212.09006347467,2.082695277584924,11.41025641025641,68,102,66.66666666666666,16.843142120510322,-17.987615039396367,2.5266572962617966,,1.1708392483476742,946
30,0.28,0.12,0.6,0.3,20,10,20000,234214.29757709068,214214.29757709068,1071.0714878854533,33.62632184633829,0.9714184352670386,1.0865764525787647,-48.92678143830451,0.6872784364273026,33.77796917554034,529,380,149,71.83364839319471,1267.2730141806712,-1727.212280004854,10458.9806800547,-17257.50322778851,1.8712068475754242,9.517958412098299,69,102,67.64705882352942,21.19541808909988,-20.461762898948365,2.946775972598123,,1.1851865437755247,69
30,0.3,0.08,0.45,0.5,22,15,20000,168375.0129608573,148375.0129608573,741.8750648042865,28.530244244604685,0.9692050875520927,0.9982893433386308,-36.41904577321654,0.7833880223623686,27.92089312499264,433,310,123,71.59353348729792,1343.6882496929434,-2161.003082131663,6598.506640934266,-12032.22245308704,1.56711084265284,6.316397228637413,62,102,60.78431372549019,18.05082678035155,-14.87731798405213,2.3611661454186366,,1.1596173393612643,451
30,0.3,0.08,0.45,0.5,22,15,20000,168375.0129608573,148375.0129608573,741.8750648042865,28.530244244604685,0.9692050875520927,0.9982893433386308,-36.41904577321654,0.7833880223623686,27.92089312499264,433,310,123,71.59353348729792,1343.6882496929434,-2161.003082131663,6598.506640934266,-12032.22245308704,1.56711084265284,6.316397228637413,62,102,60.78431372549019,18.05082678035155,-14.87731798405213,2.3611661454186366,,1.1596173393612643,451
35,0.26,0.08,0.4,0.5,18,10,20000,170841.74942927377,150841.74942927377,754.2087471463688,28.750663897957153,0.9689268968440697,1.0790555657322445,-38.96100701595536,0.7379343117641478,28.193570096549365,410,349,61,85.1219512195122,939.916446925209,-2809.8218616588597,5761.728751595699,-19867.734614699635,1.913841879835344,9.992682926829268,67,102,65.68627450980392,15.47476231851601,-16.951573093003645,2.4595715489002576,,1.0351273030679,242
35,0.26,0.08,0.4,0.5,20,10,20000,170841.74942927377,150841.74942927377,754.2087471463688,28.750663897957153,0.9689268968440697,1.0790555657322445,-38.96100701595536,0.7379343117641478,28.193570096549365,410,349,61,85.1219512195122,939.916446925209,-2809.8218616588597,5761.728751595699,-19867.734614699635,1.913841879835344,9.992682926829268,67,102,65.68627450980392,15.47476231851601,-16.951573093003645,2.4595715489002576,,1.0333860935803487,259
30,0.3,0.08,0.4,0.5,22,15,20000,169693.18836264897,149693.18836264897,748.4659418132449,28.648383895193863,0.967621863207916,0.9966569507918831,-38.724397400109034,0.7398019289801318,28.122029167072814,445,328,117,73.70786516853933,1333.7260575154671,-2398.6023539595494,6598.506640934266,-13014.438978915028,1.5588214120094808,5.876404494382022,61,102,59.80392156862745,17.718746599819866,-14.407077368420829,2.372305958692038,,1.1668063534114326,363
35,0.28,0.1,0.4,0.7,20,10,20000,199847.339233387,179847.339233387,899.236696166935,31.151418527342713,0.9664969839087922,1.1218415725342434,-44.38448374343621,0.7018537988954199,31.061251456476395,406,345,61,84.97536945812809,1167.0026184750404,-3537.249916140751,6780.269241455886,-21800.929738461302,1.8659299929388218,10.527093596059114,67,102,65.68627450980392,18.01271501287076,-21.001729564856497,2.6789548811675608,,1.1747964966739184,767
35,0.28,0.08,0.45,0.7,20,10,20000,178396.7235811432,158396.7235811432,791.983617905716,29.408708565845142,0.9645619275540418,1.0962839452721376,-39.54623655375096,0.7436537867736931,29.114495340378205,387,323,64,83.4625322997416,961.8849757702501,-2299.897138076394,6121.83679857043,-15989.16087941453,2.11075232745006,11.077519379844961,66,102,64.70588235294117,16.180712695398782,-17.92960516861234,2.5042919150747944,,1.169163327163483,925
35,0.28,0.08,0.45,0.7,18,10,20000,178396.7235811432,158396.7235811432,791.983617905716,29.408708565845142,0.9645619275540418,1.0962839452721376,-39.54623655375096,0.7436537867736931,29.114495340378205,387,323,64,83.4625322997416,961.8849757702501,-2299.897138076394,6121.83679857043,-15989.16087941453,2.11075232745006,11.077519379844961,66,102,64.70588235294117,16.180712695398782,-17.92960516861234,2.5042919150747944,,1.1746094658454505,864
30,0.3,0.1,0.45,0.5,22,15,20000,185917.76575267708,165917.76575267708,829.5888287633854,30.03981614178968,0.9632444270076901,1.0017763898927248,-41.177321452541086,0.7295233172563704,29.915108822703505,451,320,131,70.95343680709534,1482.4171434420873,-2327.1269386488084,7866.8011488056545,-13925.659975366154,1.556069670271342,6.3747228381374725,61,102,59.80392156862745,19.724026839494456,-19.378458802689035,2.5137515824110612,,1.159755343928307,461
35,0.26,0.08,0.5,0.3,22,10,20000,152571.67964080698,132571.67964080698,662.8583982040349,27.046451365907952,0.9611306211816445,1.0435924346126249,-40.4201196564811,0.669133381983228,26.57236816913705,429,337,92,78.55477855477857,988.3551322458957,-2152.900163381964,4808.0726908785355,-10323.897208681128,1.6816329354036397,10.027972027972028,65,102,63.725490196078425,15.171423673080486,-15.523124384773235,2.3089112579781523,,1.06194698629963,135
30,0.24,0.12,0.6,0.5,22,15,20000,177805.7702162524,157805.7702162524,789.028851081262,29.358131337569947,0.9599819722256074,0.9800803291342869,-39.12483541007563,0.7503707307611954,29.274277062555253,462,317,145,68.61471861471861,1384.6153042253586,-1898.5833158197183,7706.44367089183,-15876.902969565428,1.594375923324494,6.906926406926407,63,102,61.76470588235294,18.792488514891193,-17.23424804950383,2.4463764128332213,,1.0359233217944779,24
30,0.22,0.16,0.6,0.5,18,10,20000,240512.80237416233,220512.80237416233,1102.5640118708116,34.04473925756155,0.9569715284396241,1.0714281456965413,-50.979961054478196,0.6678063017973017,35.076347244521315,623,465,158,74.63884430176564,1054.6738365105934,-1594.698948521934,9574.355141020475,-17159.20808106775,1.946414497001324,9.969502407704654,68,102,66.66666666666666,22.86342771624128,-24.250126458594735,2.8994041244442657,,0.7720830544822626,2
30,0.3,0.1,0.5,0.7,18,15,20000,194106.05744527385,174106.05744527385,870.5302872263692,30.70180226378758,0.9566491192708907,0.9969912723486966,-49.42468687961613,0.6211835461612141,31.012263281846714,365,282,83,77.26027397260275,1345.615821592089,-2391.2789361565756,7871.55840973004,-19694.32045960906,1.9118854252103343,9.063013698630137,64,102,62.745098039215684,21.804560822646835,-26.025995255020838,2.6658705800162656,,1.1887276377056315,632
35,0.26,0.08,0.4,0.3,18,10,20000,157234.79950302848,137234.79950302848,686.1739975151423,27.49786178896576,0.9552951071382082,1.0490192088323151,-38.29057660531204,0.718136529319096,27.315917254890305,419,351,68,83.7708830548926,918.0794238072277,-2640.217438601969,5041.512657646237,-11262.43331856123,1.7948938211370469,9.837708830548927,66,102,64.70588235294117,15.256563737011831,-18.0274436197429,2.3603297175680753,,1.033602469450669,205
45,0.3,0.12,0.4,0.9,18,10,20000,198009.72668896397,178009.72668896397,890.0486334448198,31.00876372271206,0.9542201557919223,1.1509286222729493,-42.54910653974386,0.7287759072860365,31.4587912955945,329,285,44,86.62613981762918,1251.450132695166,-3922.717808368309,6184.830558553461,-22130.093522065392,2.066420326426691,14.246200607902736,67,102,65.68627450980392,23.497056702558773,-20.54756447721806,2.63222043573875,,0.9542201557919223,1
35,0.26,0.1,0.45,0.5,20,10,20000,183399.70499370006,163399.70499370006,816.9985249685002,29.83106908019597,0.9540400865067412,1.082016720833203,-48.081032839533975,0.6204332003381545,30.09872943123058,402,334,68,83.08457711442786,1003.3124575663566,-2431.1432089910772,6546.880880557686,-17486.382344673846,2.02704419049491,10.992537313432836,67,102,65.68627450980392,17.76544614376543,-19.072700135735488,2.5601627485419396,,1.0386492392393294,331
35,0.26,0.1,0.45,0.5,18,10,20000,183399.70499370006,163399.70499370006,816.9985249685002,29.83106908019597,0.9540400865067412,1.082016720833203,-48.081032839533975,0.6204332003381545,30.09872943123058,402,334,68,83.08457711442786,1003.3124575663566,-2431.1432089910772,6546.880880557686,-17486.382344673846,2.02704419049491,10.992537313432836,67,102,65.68627450980392,17.76544614376543,-19.072700135735488,2.5601627485419396,,1.0398693787331565,304
30,0.28,0.1,0.6,0.5,22,15,20000,168523.90486997014,148523.90486997014,742.6195243498506,28.54362927026446,0.9536164277670713,0.975908469720965,-38.708983027690294,0.7373903171221498,28.59556756731092,435,296,139,68.04597701149426,1388.3234386714203,-1864.742206703132,7117.581991776546,-13435.318940310519,1.5854361841836355,6.933333333333334,61,102,59.80392156862745,19.18465752625671,-20.565288355221455,2.3998712834339258,,1.153012513435819,103
30,0.28,0.1,0.6,0.5,22,15,20000,168523.90486997014,148523.90486997014,742.6195243498506,28.54362927026446,0.9536164277670713,0.975908469720965,-38.708983027690294,0.7373903171221498,28.59556756731092,435,296,139,68.04597701149426,1388.3234386714203,-1864.742206703132,7117.581991776546,-13435.318940310519,1.5854361841836355,6.933333333333334,61,102,59.80392156862745,19.18465752625671,-20.565288355221455,2.3998712834339258,,1.153012513435819,103
30,0.2,0.08,0.6,0.7,20,10,20000,160019.75040121286,140019.75040121286,700.0987520060643,27.76185497861259,0.9532146326141431,1.0378265849313486,-40.07936234941544,0.6926720723893327,27.70441867125352,495,375,120,75.75757575757575,799.2467507524926,-1272.5499862974368,4728.09415229392,-17199.656954550926,1.9627096169075415,9.466666666666667,70,102,68.62745098039215,14.493772531104177,-20.00673076979019,2.348164938993744,,0.9118337816692579,2
35,0.3,0.1,0.4,0.7,18,10,20000,197093.24882423124,177093.24882423124,885.4662441211563,30.937180065641854,0.9519285505901608,1.1135602469191963,-45.57922771861494,0.6787561267302221,31.517367106381787,418,349,69,83.49282296650718,1138.718000476985,-3092.746016122596,7352.050710089985,-21800.929738461302,1.8622940940086,10.698564593301436,68,102,66.66666666666666,19.311646221687973,-20.77371285581443,2.657030839198335,,1.1968002788955192,651
45,0.24,0.14,0.6,0.3,18,10,20000,166097.76177565203,146097.76177565203,730.4888088782602,28.324212735474006,0.9515590573360921,1.06309232059487,-39.53917153002505,0.7163582755891916,28.432555740740206,434,351,83,80.87557603686636,890.1041478620308,-1995.7691754020652,6199.115856801353,-10782.359979684097,1.8860775177197953,16.87327188940092,67,102,65.68627450980392,15.14993632871997,-18.457551703532427,2.3829877933541965,,0.9515590573360921,1
35,0.3,0.14,0.5,0.3,18,10,20000,221172.03000325698,201172.03000325698,1005.8601500162849,32.727365248178096,0.9505013787177502,1.0653734554133432,-49.10553600338913,0.6664699728747353,33.830602468334895,493,384,109,77.89046653144015,1359.2131096823384,-2868.2121199732655,8109.6891903452415,-17647.903237887633,1.6694792073259246,11.596348884381339,69,102,67.64705882352942,19.992557180135062,-21.01075555318458,2.8825781965382022,,0.953931705913222,10
35,0.28,0.08,0.55,0.5,18,10,20000,161435.8907716067,141435.8907716067,707.1794538580335,27.894543833438036,0.9484052027484554,1.040777689546941,-40.34334397346156,0.6914286493402102,28.059986131545354,332,271,61,81.62650602409639,1047.572631622184,-2260.854155239291,7560.341641200943,-18852.404939450982,2.0585008569041006,12.86144578313253,69,102,67.64705882352942,15.485733157946768,-19.16582886849708,2.380609113827667,,1.1367731654470117,195
30,0.3,0.16,0.45,0.7,18,15,20000,241739.97818679287,221739.97818679287,1108.6998909339643,34.125134938013765,0.9443815136874277,1.018273989157586,-56.54494721579538,0.6035045856136405,35.91806585090203,433,326,107,75.28868360277137,1541.1753665460626,-2515.1939087490596,11778.129667666482,-22342.282846073846,1.866871426412741,8.81986143187067,64,102,62.745098039215684,25.283998757429526,-30.465653361409682,3.0468067955021767,,0.9699234842549012,4
30,0.3,0.08,0.5,0.5,22,15,20000,154103.34127432678,134103.34127432678,670.516706371634,27.19604940439968,0.9436797074051981,0.9673854284696195,-37.12284042524324,0.7325961346941162,27.423016652561095,430,306,124,71.16279069767441,1231.0166240847166,-1937.8588774238954,6186.099975875874,-11106.666879772652,1.5676225869295495,6.544186046511628,63,102,61.76470588235294,18.521147964646765,-15.573063159070234,2.2721209183815487,,1.1650721538644957,394
35,0.3,0.08,0.45,0.7,18,10,20000,174503.25803732534,154503.25803732534,772.5162901866267,29.07272256453364,0.941670408561557,1.0682904746720447,-43.22322394955892,0.6726180952735321,29.748938520097095,400,338,62,84.5,875.1065847785617,-2197.65845901551,5945.866165771656,-14390.244791473078,2.1708297436781128,11.515,67,102,65.68627450980392,17.26268931860846,-20.962746923159735,2.4906121190835244,,1.1903805046951828,777
35,0.3,0.08,0.45,0.7,20,10,20000,174503.25803732534,154503.25803732534,772.5162901866267,29.07272256453364,0.941670408561557,1.0682904746720447,-43.22322394955892,0.6726180952735321,29.748938520097095,400,338,62,84.5,875.1065847785617,-2197.65845901551,5945.866165771656,-14390.244791473078,2.1708297436781128,11.515,67,102,65.68627450980392,17.26268931860846,-20.962746923159735,2.4906121190835244,,1.185508650503616,828
35,0.3,0.08,0.45,0.7,18,10,20000,174503.25803732534,154503.25803732534,772.5162901866267,29.07272256453364,0.941670408561557,1.0682904746720447,-43.22322394955892,0.6726180952735321,29.748938520097095,400,338,62,84.5,875.1065847785617,-2197.65845901551,5945.866165771656,-14390.244791473078,2.1708297436781128,11.515,67,102,65.68627450980392,17.26268931860846,-20.962746923159735,2.4906121190835244,,1.1903805046951828,777
35,0.3,0.08,0.45,0.7,18,10,20000,174503.25803732534,154503.25803732534,772.5162901866267,29.07272256453364,0.941670408561557,1.0682904746720447,-43.22322394955892,0.6726180952735321,29.748938520097095,400,338,62,84.5,875.1065847785617,-2197.65845901551,5945.866165771656,-14390.244791473078,2.1708297436781128,11.515,67,102,65.68627450980392,17.26268931860846,-20.962746923159735,2.4906121190835244,,1.1903805046951828,777
35,0.3,0.08,0.45,0.7,20,10,20000,174503.25803732534,154503.25803732534,772.5162901866267,29.07272256453364,0.941670408561557,1.0682904746720447,-43.22322394955892,0.6726180952735321,29.748938520097095,400,338,62,84.5,875.1065847785617,-2197.65845901551,5945.866165771656,-14390.244791473078,2.1708297436781128,11.515,67,102,65.68627450980392,17.26268931860846,-20.962746923159735,2.4906121190835244,,1.185508650503616,828
35,0.3,0.08,0.45,0.7,18,10,20000,174503.25803732534,154503.25803732534,772.5162901866267,29.07272256453364,0.941670408561557,1.0682904746720447,-43.22322394955892,0.6726180952735321,29.748938520097095,400,338,62,84.5,875.1065847785617,-2197.65845901551,5945.866165771656,-14390.244791473078,2.1708297436781128,11.515,67,102,65.68627450980392,17.26268931860846,-20.962746923159735,2.4906121190835244,,1.1903805046951828,777
35,0.3,0.08,0.45,0.7,20,10,20000,174503.25803732534,154503.25803732534,772.5162901866267,29.07272256453364,0.941670408561557,1.0682904746720447,-43.22322394955892,0.6726180952735321,29.748938520097095,400,338,62,84.5,875.1065847785617,-2197.65845901551,5945.866165771656,-14390.244791473078,2.1708297436781128,11.515,67,102,65.68627450980392,17.26268931860846,-20.962746923159735,2.4906121190835244,,1.185508650503616,828
45,0.24,0.08,0.55,0.3,18,10,20000,119095.67835557184,99095.67835557184,495.4783917778592,23.392442734248252,0.9396719736001917,1.0193458575850782,-31.170778296621688,0.7504606561839857,23.142506168231904,345,290,55,84.05797101449275,696.9380490993391,-1865.8677201002006,4846.380261744837,-8243.259732982255,1.9694666558088494,15.046376811594202,67,102,65.68627450980392,13.594441552578296,-18.902205220502143,1.9708762123339856,,0.9396719736001917,1
30,0.3,0.08,0.6,0.5,24,15,20000,138913.6703203836,118913.6703203836,594.568351601918,25.650487644165242,0.9386564395568727,0.9368119102406942,-41.37781129060845,0.6199092422751503,25.811083652641166,451,312,139,69.17960088691795,1127.0428935037787,-1640.97289760207,5952.372811708736,-12837.408192228062,1.541625304956983,6.073170731707317,62,102,60.78431372549019,16.887747207180716,-15.299586337329163,2.1864112653853063,,1.2030839961497226,61
30,0.26,0.1,0.55,0.5,22,15,20000,160546.82672711276,140546.82672711276,702.7341336355637,27.811361310668502,0.9384694213207725,0.953316103438659,-38.7998797780876,0.7167898836216263,28.381512422771628,436,307,129,70.41284403669725,1318.3694714395353,-2018.9167733171366,6449.803683844955,-12985.857830831734,1.5540585848436954,6.708715596330276,63,102,61.76470588235294,17.973912041326834,-16.621650779339326,2.3248841707969308,,1.1067641858143016,121
30,0.3,0.1,0.6,0.5,20,15,20000,174590.434321807,154590.434321807,772.952171609035,29.080317487306175,0.9376845121268356,0.9792007819447748,-45.71142764906171,0.6361717186031289,29.95789841105753,357,269,88,75.35014005602241,1250.5647019261062,-2087.36370976889,7093.539080241027,-12422.07786399672,1.831376535146817,9.92717086834734,62,102,60.78431372549019,19.97661729831568,-22.563243472029214,2.494716687006507,,1.1839120962735998,76
35,0.3,0.08,0.4,0.5,18,10,20000,166148.2879425693,146148.2879425693,730.7414397128465,28.328810986444086,0.9356598939193003,1.0485505552750731,-40.38344413770777,0.7014956646551167,29.14100908051673,374,315,59,84.22459893048129,1052.8844794751178,-3057.750835757477,5514.445566097476,-17138.549944955437,1.838387982657673,10.310160427807487,67,102,65.68627450980392,16.83892192908587,-17.325561392014965,2.42235249043173,,1.182009418093582,723
35,0.3,0.08,0.4,0.5,20,10,20000,166148.2879425693,146148.2879425693,730.7414397128465,28.328810986444086,0.9356598939193003,1.0485505552750731,-40.38344413770777,0.7014956646551167,29.14100908051673,374,315,59,84.22459893048129,1052.8844794751178,-3057.750835757477,5514.445566097476,-17138.549944955437,1.838387982657673,10.310160427807487,67,102,65.68627450980392,16.83892192908587,-17.325561392014965,2.42235249043173,,1.176022139912085,767
35,0.3,0.08,0.4,0.5,18,10,20000,166148.2879425693,146148.2879425693,730.7414397128465,28.328810986444086,0.9356598939193003,1.0485505552750731,-40.38344413770777,0.7014956646551167,29.14100908051673,374,315,59,84.22459893048129,1052.8844794751178,-3057.750835757477,5514.445566097476,-17138.549944955437,1.838387982657673,10.310160427807487,67,102,65.68627450980392,16.83892192908587,-17.325561392014965,2.42235249043173,,1.182009418093582,723
35,0.3,0.08,0.4,0.5,20,10,20000,166148.2879425693,146148.2879425693,730.7414397128465,28.328810986444086,0.9356598939193003,1.0485505552750731,-40.38344413770777,0.7014956646551167,29.14100908051673,374,315,59,84.22459893048129,1052.8844794751178,-3057.750835757477,5514.445566097476,-17138.549944955437,1.838387982657673,10.310160427807487,67,102,65.68627450980392,16.83892192908587,-17.325561392014965,2.42235249043173,,1.176022139912085,767
35,0.3,0.08,0.4,0.5,18,10,20000,166148.2879425693,146148.2879425693,730.7414397128465,28.328810986444086,0.9356598939193003,1.0485505552750731,-40.38344413770777,0.7014956646551167,29.14100908051673,374,315,59,84.22459893048129,1052.8844794751178,-3057.750835757477,5514.445566097476,-17138.549944955437,1.838387982657673,10.310160427807487,67,102,65.68627450980392,16.83892192908587,-17.325561392014965,2.42235249043173,,1.182009418093582,723
35,0.3,0.08,0.4,0.5,20,10,20000,166148.2879425693,146148.2879425693,730.7414397128465,28.328810986444086,0.9356598939193003,1.0485505552750731,-40.38344413770777,0.7014956646551167,29.14100908051673,374,315,59,84.22459893048129,1052.8844794751178,-3057.750835757477,5514.445566097476,-17138.549944955437,1.838387982657673,10.310160427807487,67,102,65.68627450980392,16.83892192908587,-17.325561392014965,2.42235249043173,,1.176022139912085,767
35,0.3,0.08,0.4,0.5,18,10,20000,166148.2879425693,146148.2879425693,730.7414397128465,28.328810986444086,0.9356598939193003,1.0485505552750731,-40.38344413770777,0.7014956646551167,29.14100908051673,374,315,59,84.22459893048129,1052.8844794751178,-3057.750835757477,5514.445566097476,-17138.549944955437,1.838387982657673,10.310160427807487,67,102,65.68627450980392,16.83892192908587,-17.325561392014965,2.42235249043173,,1.182009418093582,723
35,0.3,0.08,0.4,0.5,18,10,20000,166148.2879425693,146148.2879425693,730.7414397128465,28.328810986444086,0.9356598939193003,1.0485505552750731,-40.38344413770777,0.7014956646551167,29.14100908051673,374,315,59,84.22459893048129,1052.8844794751178,-3057.750835757477,5514.445566097476,-17138.549944955437,1.838387982657673,10.310160427807487,67,102,65.68627450980392,16.83892192908587,-17.325561392014965,2.42235249043173,,1.182009418093582,723
30,0.3,0.08,0.6,0.7,22,15,20000,149545.0942404958,129545.09424049579,647.725471202479,26.746906121516577,0.9325798453585948,0.9485681153181988,-37.283876160747845,0.7173853385361122,27.34920838459179,408,290,118,71.07843137254902,1210.641049685603,-1862.1230272857363,5773.693310817483,-11334.228702665401,1.5978022026761116,6.860294117647059,61,102,59.80392156862745,17.96620258663104,-17.24831308113718,2.2609971284559207,,1.2028006770125197,63
35,0.28,0.1,0.45,0.7,18,10,20000,179399.65401208293,159399.65401208293,796.9982700604146,29.49420789162769,0.9292056469079741,1.057222717354585,-43.27691273109719,0.6815229190421026,30.884012537184336,401,334,67,83.29177057356608,1006.7850784773646,-2548.940345441283,6546.880880557686,-19687.237594334074,1.9690138132893735,11.28927680798005,68,102,66.66666666666666,18.35146956851965,-21.729474572031005,2.568203618483024,,1.174116143195537,884
35,0.2,0.14,0.55,0.9,20,10,20000,192308.6614584639,172308.6614584639,861.5433072923196,30.558630757488125,0.9291715542542072,1.0610686028113137,-45.405296804518876,0.67301907284189,32.20489136871615,457,379,78,82.93216630196937,853.536297817408,-1797.0396306603575,7072.8109673624585,-13461.326180236316,2.3078572752592423,12.774617067833699,71,102,69.6078431372549,16.767867290741243,-24.717490900977623,2.6331855014518157,,0.8254931270126773,8
35,0.26,0.1,0.4,0.3,22,10,20000,159903.55332574496,139903.55332574496,699.5177666287248,27.750921667203833,0.9291084835886596,1.0375007852679354,-38.4587192445732,0.7215768546717708,28.737497785646532,489,394,95,80.57259713701431,1036.752009906242,-2784.7931404744595,5540.030688641908,-16995.51040529539,1.5440258322438325,8.993865030674847,65,102,63.725490196078425,17.3004362206723,-16.516069606950147,2.396140776394476,,1.029836743058583,107
35,0.26,0.08,0.45,0.5,22,10,20000,152879.0753935518,132879.0753935518,664.3953769677589,27.07658077324988,0.9288454468634696,1.0269568388612862,-42.32269473415647,0.6397650467043102,27.915960438546435,415,342,73,82.40963855421687,982.9100916242339,-2747.6523697122097,4219.6274121759,-17280.765651567246,1.6759276054753738,9.828915662650603,68,102,66.66666666666666,14.730807511342503,-15.580142019022148,2.3178812746199218,,1.0316824480204003,164
30,0.3,0.08,0.45,0.3,20,15,20000,153251.430259004,133251.430259004,666.25715129502,27.113005654627287,0.9283898316690266,0.9281405465121871,-42.24954092015042,0.6417349174484416,27.988034131252427,379,300,79,79.15567282321899,1216.682842349583,-2866.277937379516,6186.099975875874,-16649.018258186294,1.6119562345810239,7.902374670184696,63,102,61.76470588235294,18.896624117319185,-17.475777795749536,2.343193516850646,,1.1755433217782394,807
30,0.3,0.08,0.45,0.3,18,15,20000,153251.430259004,133251.430259004,666.25715129502,27.113005654627287,0.9283898316690266,0.9281405465121871,-42.24954092015042,0.6417349174484416,27.988034131252427,379,300,79,79.15567282321899,1216.682842349583,-2866.277937379516,6186.099975875874,-16649.018258186294,1.6119562345810239,7.902374670184696,63,102,61.76470588235294,18.896624117319185,-17.475777795749536,2.343193516850646,,1.1802615050506298,757
30,0.3,0.08,0.45,0.3,20,15,20000,153251.430259004,133251.430259004,666.25715129502,27.113005654627287,0.9283898316690266,0.9281405465121871,-42.24954092015042,0.6417349174484416,27.988034131252427,379,300,79,79.15567282321899,1216.682842349583,-2866.277937379516,6186.099975875874,-16649.018258186294,1.6119562345810239,7.902374670184696,63,102,61.76470588235294,18.896624117319185,-17.475777795749536,2.343193516850646,,1.1755433217782394,807
30,0.3,0.08,0.45,0.3,18,15,20000,153251.430259004,133251.430259004,666.25715129502,27.113005654627287,0.9283898316690266,0.9281405465121871,-42.24954092015042,0.6417349174484416,27.988034131252427,379,300,79,79.15567282321899,1216.682842349583,-2866.277937379516,6186.099975875874,-16649.018258186294,1.6119562345810239,7.902374670184696,63,102,61.76470588235294,18.896624117319185,-17.475777795749536,2.343193516850646,,1.1802615050506298,757
30,0.3,0.08,0.45,0.3,20,15,20000,153251.430259004,133251.430259004,666.25715129502,27.113005654627287,0.9283898316690266,0.9281405465121871,-42.24954092015042,0.6417349174484416,27.988034131252427,379,300,79,79.15567282321899,1216.682842349583,-2866.277937379516,6186.099975875874,-16649.018258186294,1.6119562345810239,7.902374670184696,63,102,61.76470588235294,18.896624117319185,-17.475777795749536,2.343193516850646,,1.1755433217782394,807
30,0.3,0.08,0.45,0.3,18,15,20000,153251.430259004,133251.430259004,666.25715129502,27.113005654627287,0.9283898316690266,0.9281405465121871,-42.24954092015042,0.6417349174484416,27.988034131252427,379,300,79,79.15567282321899,1216.682842349583,-2866.277937379516,6186.099975875874,-16649.018258186294,1.6119562345810239,7.902374670184696,63,102,61.76470588235294,18.896624117319185,-17.475777795749536,2.343193516850646,,1.1802615050506298,757
35,0.26,0.08,0.5,0.7,18,10,20000,157821.71028399383,137821.71028399383,689.1085514199691,27.553837820184857,0.9260469018140671,1.0381772809491934,-41.12894758012138,0.6699378282536531,28.6100101260107,353,297,56,84.13597733711048,919.9312703469243,-2335.2568675119383,5258.174412805161,-14390.244791473078,2.089243915535311,11.657223796033994,68,102,66.66666666666666,14.949527009021724,-18.813843889287384,2.379578490194873,,1.0569437792158694,215
45,0.24,0.14,0.4,0.9,18,10,20000,183302.92924047486,163302.92924047486,816.5146462023743,29.822996034274762,0.9247208429082691,1.1039851432899153,-43.65862736162341,0.6830951368958893,31.490117673513712,421,366,55,86.93586698337292,986.8266018044822,-3444.2404968992096,5677.466763800815,-23266.493376082373,1.9066271601459321,13.79809976247031,66,102,64.70588235294117,20.234940279549107,-19.28680389924452,2.5130175919792914,,0.9247208429082691,1
30,0.22,0.14,0.45,0.3,20,10,20000,206684.8375671919,186684.8375671919,933.4241878359595,31.67224964580968,0.9231036252524977,1.0332504163635177,-51.39463340421799,0.616255969698391,34.04527048838004,611,481,130,78.72340425531915,1046.5827236045536,-2309.8458562051683,8684.62273584382,-25412.107139112122,1.676456490347247,7.923076923076923,68,102,66.66666666666666,20.96396148106838,-27.125550161909352,2.807191099783492,,0.8769241614787271,5
35,0.24,0.1,0.55,0.3,18,20,20000,87441.95476521147,67441.95476521147,337.20977382605736,18.981925684771305,0.9180232114230059,0.6951808169982913,-28.741860558615627,0.6604278677805117,18.691652723175675,161,136,25,84.472049689441,1006.3833338316135,-2732.0151454355178,3571.4940625342606,-9733.394525166601,2.003914709327586,10.701863354037267,53,102,51.9607843137255,12.551242063974088,-18.134256900330747,1.6110484145294517,,0.6836572713289194,6
30,0.3,0.08,0.5,0.7,20,15,20000,157885.54228585065,137885.54228585065,689.4277114292532,27.55991465650527,0.9178612625569217,0.9407054817356661,-46.91322149804951,0.5874658310909456,28.99997993406342,349,270,79,77.36389684813754,1139.5705567388927,-2084.6604669736,5979.6856187873245,-16802.099067952542,1.8682825696911065,8.793696275071634,65,102,63.725490196078425,18.960727419796196,-25.056802652577048,2.3947473981804004,,1.1848279234688426,690
30,0.3,0.08,0.5,0.7,18,15,20000,157885.54228585065,137885.54228585065,689.4277114292532,27.55991465650527,0.9178612625569217,0.9407054817356661,-46.91322149804951,0.5874658310909456,28.99997993406342,349,270,79,77.36389684813754,1139.5705567388927,-2084.6604669736,5979.6856187873245,-16802.099067952542,1.8682825696911065,8.793696275071634,65,102,63.725490196078425,18.960727419796196,-25.056802652577048,2.3947473981804004,,1.1887981001156271,627
30,0.3,0.08,0.5,0.7,20,15,20000,157885.54228585065,137885.54228585065,689.4277114292532,27.55991465650527,0.9178612625569217,0.9407054817356661,-46.91322149804951,0.5874658310909456,28.99997993406342,349,270,79,77.36389684813754,1139.5705567388927,-2084.6604669736,5979.6856187873245,-16802.099067952542,1.8682825696911065,8.793696275071634,65,102,63.725490196078425,18.960727419796196,-25.056802652577048,2.3947473981804004,,1.1848279234688426,690
30,0.18,0.12,0.55,0.7,18,10,20000,169394.69977428232,149394.69977428232,746.9734988714116,28.621703355194338,0.9141101916872212,1.0021854731362385,-47.61128333638143,0.6011537885458236,30.54757418267906,603,473,130,78.44112769485903,765.4743565678366,-1530.00295518466,5462.55695879322,-19872.89587782855,1.8203553108265205,9.129353233830846,69,102,67.64705882352942,17.199522497925358,-23.400335086206358,2.5451278869895786,,0.8922536130602801,3
35,0.28,0.16,0.5,0.5,18,20,20000,123215.17660526194,103215.17660526194,516.0758830263097,23.887769549247494,0.9120341840254853,0.7495018420078869,-39.22794429733861,0.6089477788635522,24.683219795909036,171,141,30,82.45614035087719,1479.7777465236445,-3443.2961884857245,7098.763604322428,-13327.455680540166,2.0198539503857624,11.929824561403509,49,102,48.03921568627451,16.697457513168356,-17.385436190541594,2.037533496805875,,0.6533856905074096,7
35,0.3,0.08,0.4,0.3,18,10,20000,147839.33792420052,127839.33792420052,639.1966896210026,26.575720535552506,0.9106139555194311,1.0045424202881463,-36.77803106618733,0.7225976966446543,28.10527508328701,380,312,68,82.10526315789474,1180.3995045089966,-3458.0303847945124,5236.130405254128,-14132.173583643382,1.5661952224485718,9.634210526315789,65,102,63.725490196078425,16.92880109664754,-16.174481849803477,2.285135857918452,,1.18726946071734,618
40,0.22,0.14,0.55,0.9,22,10,20000,168391.44553556512,148391.44553556512,741.9572276778256,28.53172200617109,0.9081854565151849,1.0440684149258501,-42.30227628606238,0.6744724991447241,30.696578106140027,465,377,88,81.0752688172043,821.5283863235567,-1737.9474768028979,5888.587757901854,-14744.371778850147,2.0250912863507806,14.346236559139784,69,102,67.64705882352942,21.10075188195133,-23.03590898327672,2.4663639832655337,,0.8233655245577505,4
35,0.28,0.1,0.45,0.3,18,10,20000,158331.4539700571,138331.4539700571,691.6572698502855,27.602305304497076,0.9062968417905001,1.0019637051616859,-42.431509874296935,0.6505143320675771,29.624733701146134,443,364,79,82.16704288939052,1022.4340391686886,-2883.2510220256445,5611.612183335161,-13480.037437822008,1.6339062627584626,10.446952595936795,66,102,64.70588235294117,18.268114916303404,-18.35100702983118,2.406413283509214,,1.1624430494539015,863
40,0.3,0.14,0.6,0.9,24,15,20000,156794.27789719147,136794.27789719147,683.9713894859574,27.455726253646585,0.9060881292853824,0.9790032051321124,-45.66831482576957,0.6011985850231977,29.412831531169093,305,225,80,73.77049180327869,1317.6481758882705,-1968.568136285839,6336.487780574544,-16154.698730660055,1.8825284359614671,13.38032786885246,66,102,64.70588235294117,17.001078230620557,-16.643810889390963,2.3487924962620554,,0.9973922780962625,4
35,0.3,0.1,0.45,0.3,18,10,20000,162608.90285247777,142608.90285247777,713.0445142623888,28.00367689275609,0.9037469195735204,1.00097520408525,-44.31275733371734,0.6319551880254637,30.27871443408529,450,367,83,81.55555555555556,1108.1830828752718,-3110.6850662208794,5721.637588351069,-13480.037437822008,1.5752280756402053,10.566666666666666,67,102,65.68627450980392,17.992575945295265,-18.988622367166307,2.4435185947609677,,1.1796371581509995,773
35,0.3,0.1,0.45,0.3,20,10,20000,162608.90285247777,142608.90285247777,713.0445142623888,28.00367689275609,0.9037469195735204,1.00097520408525,-44.31275733371734,0.6319551880254637,30.27871443408529,450,367,83,81.55555555555556,1108.1830828752718,-3110.6850662208794,5721.637588351069,-13480.037437822008,1.5752280756402053,10.566666666666666,67,102,65.68627450980392,17.992575945295265,-18.988622367166307,2.4435185947609677,,1.1750718026467715,824
30,0.28,0.12,0.55,0.5,22,15,20000,165932.45040213442,145932.45040213442,729.6622520106721,28.309159562439756,0.9012592798700566,0.9315450740518009,-42.47555466527418,0.6664812216233132,30.787483320160042,454,315,139,69.38325991189427,1343.4508949171081,-1964.2743837576838,7590.727741157071,-12740.629128099587,1.549941823825613,6.8370044052863435,60,102,58.82352941176471,21.050135533894455,-21.46973450341597,2.4338084759690166,,1.146730077026781,117
35,0.3,0.08,0.4,0.7,18,10,20000,157669.90411155776,137669.90411155776,688.3495205577888,27.53937708722154,0.9002129383288787,1.0306630244245016,-41.9797538111868,0.6560156882073669,29.80652488929251,363,306,57,84.29752066115702,991.4326584218146,-2820.238843886119,5514.445566097476,-14390.244791473078,1.8872259586369564,10.694214876033058,68,102,66.66666666666666,17.176336068985655,-20.12330200472191,2.3800594062764358,,1.1974570357542433,634
35,0.3,0.08,0.4,0.7,20,10,20000,157669.90411155776,137669.90411155776,688.3495205577888,27.53937708722154,0.9002129383288787,1.0306630244245016,-41.9797538111868,0.6560156882073669,29.80652488929251,363,306,57,84.29752066115702,991.4326584218146,-2820.238843886119,5514.445566097476,-14390.244791473078,1.8872259586369564,10.694214876033058,68,102,66.66666666666666,17.176336068985655,-20.12330200472191,2.3800594062764358,,1.192453830679964,672
35,0.28,0.08,0.4,0.3,20,10,20000,142102.59809680175,122102.59809680175,610.5129904840088,25.9869190745335,0.8992341732205501,0.9816075782053865,-38.82213838568348,0.6693840204360497,27.868022652157475,402,339,63,84.32835820895522,963.9864378973883,-3169.151611715168,4907.629451951484,-14573.348135122542,1.6367677390487558,9.57960199004975,63,102,61.76470588235294,16.049921184054263,-18.157479222671626,2.2658777865442006,,1.1631486074308763,733
35,0.24,0.12,0.55,0.9,24,20,20000,93100.72003709513,73100.72003709513,365.50360018547565,19.864172328503173,0.8991078160851581,0.7069123824184047,-34.159674053531766,0.5815094224076596,20.240180988853417,181,143,38,79.00552486187846,1068.8632842170016,-2052.8244633141,4230.871807842986,-11084.128454258323,1.959398564406192,9.624309392265193,49,102,48.03921568627451,13.661013516838638,-14.16383368744073,1.6800818014687957,,0.7240093519948662,6
35,0.26,0.1,0.4,0.5,18,10,20000,161499.3916494806,141499.3916494806,707.496958247403,27.90046962086723,0.89750039532442,1.018423912032946,-46.74556431876997,0.5968581196411874,30.44167314550802,411,347,64,84.42822384428223,954.5588687988641,-2864.4754730688433,5811.659349819331,-16320.62352169559,1.8067876354424126,10.19221411192214,67,102,65.68627450980392,17.162031893828456,-18.80851019626173,2.4396872041032114,,1.0358278646025247,246
45,0.24,0.14,0.4,0.9,24,10,20000,154694.5762196846,134694.5762196846,673.4728810984229,27.253444872758404,0.8957894667117984,1.0611248163112126,-44.52388646447824,0.6121083992634285,29.63506646185791,409,339,70,82.88508557457213,897.4086079957978,-2315.372311841458,5532.078840009698,-19863.219629972747,1.877029307583567,12.684596577017114,67,102,65.68627450980392,15.545519115460781,-16.567102187287496,2.305065597840751,,0.8408529457049264,4
30,0.24,0.14,0.4,0.3,22,10,20000,184582.35213858477,164582.35213858477,822.9117606929238,29.929423272048304,0.893632221059492,0.998522326842557,-45.68917613142895,0.6550659435388739,33.457582982526105,691,497,194,71.92474674384948,1197.9353460945242,-2152.7764244191644,8459.007531126397,-24038.47972618714,1.425571844803712,6.0376266280752535,63,102,61.76470588235294,20.75427396423475,-26.366064829473046,2.6595929127093236,,0.9634514548531355,4
30,0.24,0.16,0.45,0.5,20,15,20000,191489.29027286105,171489.29027286105,857.4464513643053,30.492971675716962,0.8928349953618596,0.9351935110716549,-53.48621356068991,0.5701089990435965,34.24465317908337,479,366,113,76.40918580375782,1026.0481533781629,-1695.8891624486837,8221.92629582556,-12017.025508738032,1.9596247690434507,8.509394572025052,63,102,61.76470588235294,22.167812849504465,-18.961889741024272,2.641809088494887,,0.8144746860611288,6
45,0.28,0.08,0.5,0.5,18,10,20000,123411.83906582465,103411.83906582465,517.0591953291232,23.911048848276153,0.8895655126826011,0.982160729417774,-41.807647068789855,0.5719300301433651,25.59582375329686,338,291,47,86.09467455621301,811.4347031362504,-2819.256775367651,4890.285507410795,-15349.279672235549,1.782026162384182,15.20414201183432,68,102,66.66666666666666,17.80096163179026,-17.263842698471844,2.042340950712476,,0.8895655126826011,1
30,0.3,0.08,0.5,0.3,18,15,20000,138400.77169118993,118400.77169118993,592.0038584559496,25.595742090942373,0.8886979552057271,0.8819730547272129,-43.00502436095998,0.5951802718702381,27.84013018246732,371,285,86,76.81940700808624,1118.589557307596,-2274.1944754834954,5125.444816103421,-13821.034803129367,1.6300073742409396,8.409703504043126,64,102,62.745098039215684,18.839805742036543,-19.34920903298264,2.245571829178073,,1.1789131258582841,612
30,0.3,0.08,0.5,0.3,20,15,20000,138400.77169118993,118400.77169118993,592.0038584559496,25.595742090942373,0.8886979552057271,0.8819730547272129,-43.00502436095998,0.5951802718702381,27.84013018246732,371,285,86,76.81940700808624,1118.589557307596,-2274.1944754834954,5125.444816103421,-13821.034803129367,1.6300073742409396,8.409703504043126,64,102,62.745098039215684,18.839805742036543,-19.34920903298264,2.245571829178073,,1.1759520222895783,673
30,0.3,0.1,0.45,0.3,20,15,20000,152963.0521525527,132963.0521525527,664.8152607627635,27.084802463971226,0.8872901637634275,0.9020475426503266,-46.49247305627169,0.5825631695519705,29.88978440783014,411,315,96,76.64233576642336,1213.1521915840133,-2532.9223732324094,5903.66880729753,-16736.488181421977,1.5715663735699477,7.841849148418492,62,102,60.78431372549019,20.295813383318094,-22.90958035559344,2.4088926143772844,,1.1750718026467715,824
30,0.3,0.1,0.45,0.3,18,15,20000,152963.0521525527,132963.0521525527,664.8152607627635,27.084802463971226,0.8872901637634275,0.9020475426503266,-46.49247305627169,0.5825631695519705,29.88978440783014,411,315,96,76.64233576642336,1213.1521915840133,-2532.9223732324094,5903.66880729753,-16736.488181421977,1.5715663735699477,7.841849148418492,62,102,60.78431372549019,20.295813383318094,-22.90958035559344,2.4088926143772844,,1.1796371581509995,773
30,0.26,0.08,0.5,0.7,20,15,20000,139565.45746228786,119565.45746228786,597.8272873114392,25.71980111092418,0.8872810221734533,0.89591522528946,-41.28052122452254,0.6230493304829066,28.051448260885454,360,276,84,76.66666666666667,956.4965578361104,-1664.8447328969346,4632.574802311834,-15274.635516320493,1.8877282320796507,8.536111111111111,65,102,63.725490196078425,17.70249468698333,-18.165258133566375,2.2158621123357105,,1.0665492614026877,253
30,0.28,0.14,0.5,0.3,24,10,20000,177440.10689299475,157440.10689299475,787.2005344649738,29.32676142345567,0.883708449455583,1.0143839740210907,-50.2808235949022,0.5832593686160107,33.188635446134576,679,450,229,66.27393225331369,1155.8633041894784,-1532.6445731362728,8549.561982434896,-15600.433766352335,1.4819790211729118,5.811487481590574,64,102,62.745098039215684,23.1291429863999,-19.283648889477334,2.6634792508034604,,1.108929103226452,9
40,0.3,0.1,0.45,0.9,24,15,20000,128952.42451664744,108952.42451664744,544.7621225832372,24.553812574181034,0.8829699704024037,0.9411401947906065,-41.5531931484874,0.5909007398406115,26.694278548899184,270,217,53,80.37037037037037,1050.8533631492642,-2218.2492740076505,3710.9860896249,-14456.796759000174,1.9396154493290194,11.133333333333333,63,102,61.76470588235294,15.944898461049606,-15.2770522698623,2.0931550612508008,,0.9056063960909909,6
30,0.3,0.08,0.4,0.3,18,15,20000,138491.70590603547,118491.70590603547,592.4585295301773,25.605461226758685,0.8808280248965895,0.8787999051694557,-45.775103028520014,0.5593752833457369,28.218024508928302,432,341,91,78.93518518518519,1064.9087840647724,-2627.289694617118,5361.286645759092,-14429.14915709479,1.5188589118421691,7.043981481481482,63,102,61.76470588235294,18.432833573964547,-18.317040145499487,2.2396590238434295,,1.18726946071734,618
30,0.3,0.08,0.4,0.3,18,15,20000,138491.70590603547,118491.70590603547,592.4585295301773,25.605461226758685,0.8808280248965895,0.8787999051694557,-45.775103028520014,0.5593752833457369,28.218024508928302,432,341,91,78.93518518518519,1064.9087840647724,-2627.289694617118,5361.286645759092,-14429.14915709479,1.5188589118421691,7.043981481481482,63,102,61.76470588235294,18.432833573964547,-18.317040145499487,2.2396590238434295,,1.18726946071734,618
30,0.26,0.08,0.5,0.5,18,15,20000,135072.78616375622,115072.78616375622,575.3639308187811,25.236108979951034,0.8787094182862357,0.873053915696047,-42.185870353122276,0.5982123580409489,27.816010831430603,346,267,79,77.16763005780348,965.0970056901018,-1745.2984066568904,4632.574802311834,-15274.635516320493,1.868897340670013,8.488439306358382,65,102,63.725490196078425,17.573929120032993,-24.637051751419214,2.1961073474673216,,1.044598448738434,248
30,0.26,0.08,0.5,0.5,20,15,20000,135072.78616375622,115072.78616375622,575.3639308187811,25.236108979951034,0.8787094182862357,0.873053915696047,-42.185870353122276,0.5982123580409489,27.816010831430603,346,267,79,77.16763005780348,965.0970056901018,-1745.2984066568904,4632.574802311834,-15274.635516320493,1.868897340670013,8.488439306358382,65,102,63.725490196078425,17.573929120032993,-24.637051751419214,2.1961073474673216,,1.053269646322615,290
30,0.26,0.08,0.4,0.5,22,15,20000,127175.16354194927,107175.16354194927,535.8758177097463,24.350331696349148,0.8736899922308581,0.8729539446908096,-37.15521556691735,0.6553677949329529,26.852350075166836,444,325,119,73.1981981981982,1027.35982712965,-1853.615483696899,4633.579737696868,-10011.106906857714,1.513698325571561,5.876126126126126,61,102,59.80392156862745,16.204430345635302,-14.979850323435395,2.062071400015249,,1.028220374139753,125
30,0.2,0.16,0.6,0.9,22,10,20000,156626.91704180508,136626.91704180508,683.1345852090254,27.439690944061333,0.8735266332130326,0.9466880206850163,-47.892637103323146,0.5729417422737276,31.098537911498603,624,429,195,68.75,1083.6076684498885,-1590.0627136793453,6605.206024444596,-14535.45436150136,1.4992722300074657,7.197115384615385,64,102,62.745098039215684,18.783331135822113,-17.37203306977578,2.3278663839413105,,0.9013490937336199,2
30,0.28,0.1,0.5,0.5,18,15,20000,147599.89906560784,127599.89906560784,637.9994953280392,26.55155172655055,0.8731572583762274,0.8996629846470456,-47.72343019659544,0.5563630195309122,29.87861205474079,345,265,80,76.81159420289855,1088.632093801584,-1942.0598923098369,5487.760259249751,-16001.635373432362,1.8568396500010873,8.87536231884058,63,102,61.76470588235294,21.741344531137273,-22.714889521927482,2.3565964921999467,,1.1592782369832988,805
30,0.28,0.1,0.5,0.5,20,15,20000,147599.89906560784,127599.89906560784,637.9994953280392,26.55155172655055,0.8731572583762274,0.8996629846470456,-47.72343019659544,0.5563630195309122,29.87861205474079,345,265,80,76.81159420289855,1088.632093801584,-1942.0598923098369,5487.760259249751,-16001.635373432362,1.8568396500010873,8.87536231884058,63,102,61.76470588235294,21.741344531137273,-22.714889521927482,2.3565964921999467,,1.1547740375393656,897
35,0.2,0.12,0.5,0.5,22,10,20000,138564.6397045176,118564.63970451761,592.8231985225881,25.613252393245567,0.8729082807768886,0.9519355004222885,-45.03961966451725,0.5686826972347636,28.614562385423643,485,391,94,80.61855670103093,787.7738952747602,-1949.8150099625334,4830.251236328496,-15931.13660751876,1.6805718310024746,10.42680412371134,67,102,65.68627450980392,15.377985691414198,-20.70796354082871,2.2619878221890595,,0.6882693460201532,9
30,0.2,0.1,0.5,0.9,18,20,20000,86456.45165304624,66456.45165304624,332.28225826523123,18.823152241628847,0.871769145968563,0.6509893687154051,-29.321695272037037,0.6419530680949324,19.768485167552413,218,172,46,78.89908256880734,895.4897818187262,-1848.4824091255334,2867.295028390647,-10897.033233939785,1.811406524998662,7.3577981651376145,49,102,48.03921568627451,14.734936748041827,-14.338087317635019,1.599117183698705,,0.6124048724708192,4
35,0.2,0.08,0.55,0.9,20,10,20000,128932.4005650173,108932.4005650173,544.6620028250865,24.551533823529326,0.8704529307243727,0.9463604937843872,-42.03379733825891,0.5840903125157971,27.258220676386042,365,304,61,83.28767123287672,686.5749133958782,-1560.436367756889,4091.4978337782745,-10423.9378045803,2.1927323095198172,12.394520547945206,68,102,66.66666666666666,13.561331694240607,-22.97703605926509,2.118588470067636,,0.9118337816692579,2
35,0.26,0.08,0.4,0.7,18,10,20000,137877.42557906336,117877.42557906336,589.3871278953168,25.53969660241289,0.8704281960903384,0.9826441738862753,-43.20462413640314,0.5911334055766909,28.600043894899162,380,323,57,85.0,788.3811110889901,-2321.012961035508,4681.404610671505,-12791.328703531624,1.924803108744581,10.228947368421053,67,102,65.68627450980392,15.274529191569508,-19.131112781242365,2.25981486564702,,1.0488831016654436,207
35,0.28,0.16,0.6,0.3,18,20,20000,107571.02854227464,87571.02854227464,437.85514271137316,21.92175020913798,0.8697388967908575,0.7003372988807669,-35.40293047621841,0.6192072213870463,23.801086546684783,160,121,39,75.625,1567.3000553623324,-2569.371234783779,6130.750385551189,-11550.461589801478,1.8925443018447705,12.45625,49,102,48.03921568627451,16.97485773870642,-15.231131673740961,1.8856450514654566,,0.7795397526880249,3
35,0.28,0.08,0.45,0.3,20,10,20000,131175.89316444672,111175.89316444672,555.8794658222336,24.80492497180997,0.8697336613935266,0.9404852763171698,-39.05334998492334,0.6351548581974654,27.663868271195042,400,328,72,82.0,959.6685654162802,-2763.3876602466808,4557.084491097807,-13001.608917800819,1.5820521773206093,10.305,63,102,61.76470588235294,16.116324074406418,-18.531351902223335,2.1803334719334786,,1.1578207525606028,905
30,0.26,0.1,0.5,0.5,22,15,20000,136473.789957931,116473.789957931,582.3689497896551,25.388448351392135,0.8685254135368184,0.8869195441639565,-40.011839391344516,0.634523399513701,28.49670070418981,434,304,130,70.04608294930875,1140.3542139613153,-1746.1029875621423,5277.112104964054,-10649.034098809412,1.5272148828370131,6.529953917050691,61,102,59.80392156862745,18.05936396039989,-16.882139818990826,2.166441417934053,,1.059477806413059,167
30,0.28,0.08,0.5,0.9,18,15,20000,136315.62879593583,116315.62879593583,581.5781439796791,25.371319825422578,0.8681158257441546,0.8911471254551505,-43.04128582276634,0.5894647276546423,28.493215184842462,339,267,72,78.76106194690266,950.3577981697523,-1848.3110081228583,4632.574802311834,-13246.757698087386,1.9067372785521528,8.699115044247788,63,102,61.76470588235294,18.379961608843875,-16.215019310900335,2.2021254168977924,,1.1477565769050047,118
30,0.3,0.08,0.4,0.7,22,15,20000,132206.96134052798,112206.96134052798,561.0348067026399,24.920098823126114,0.8678940299092714,0.8877892730699394,-37.974521695073534,0.6562320658895624,27.888867884022524,452,326,126,72.12389380530973,1063.549712932152,-1816.3680140625427,5361.286645759092,-10011.106906857714,1.5149594350590425,5.915929203539823,59,102,57.84313725490197,17.81459758831858,-16.454490555539138,2.1339665950609885,,1.1853117169032128,316
35,0.26,0.08,0.45,0.5,20,10,20000,134635.24621092234,114635.24621092234,573.1762310546118,25.188247014112175,0.8675835894947088,0.959230774515945,-41.29488852845326,0.6099604070067126,28.27683496834895,357,301,56,84.31372549019608,908.2506070186142,-2752.2928883455147,4681.404610671505,-14900.800961024728,1.7737381923984388,10.663865546218487,66,102,64.70588235294117,15.465843905230114,-17.13254276163082,2.212373678670099,,1.0390131281874602,326
35,0.26,0.08,0.45,0.5,18,10,20000,134635.24621092234,114635.24621092234,573.1762310546118,25.188247014112175,0.8675835894947088,0.959230774515945,-41.29488852845326,0.6099604070067126,28.27683496834895,357,301,56,84.31372549019608,908.2506070186142,-2752.2928883455147,4681.404610671505,-14900.800961024728,1.7737381923984388,10.663865546218487,66,102,64.70588235294117,15.465843905230114,-17.13254276163082,2.212373678670099,,1.0402865308888751,299
35,0.26,0.08,0.45,0.5,18,10,20000,134635.24621092234,114635.24621092234,573.1762310546118,25.188247014112175,0.8675835894947088,0.959230774515945,-41.29488852845326,0.6099604070067126,28.27683496834895,357,301,56,84.31372549019608,908.2506070186142,-2752.2928883455147,4681.404610671505,-14900.800961024728,1.7737381923984388,10.663865546218487,66,102,64.70588235294117,15.465843905230114,-17.13254276163082,2.212373678670099,,1.0402865308888751,299
35,0.26,0.08,0.45,0.5,20,10,20000,134635.24621092234,114635.24621092234,573.1762310546118,25.188247014112175,0.8675835894947088,0.959230774515945,-41.29488852845326,0.6099604070067126,28.27683496834895,357,301,56,84.31372549019608,908.2506070186142,-2752.2928883455147,4681.404610671505,-14900.800961024728,1.7737381923984388,10.663865546218487,66,102,64.70588235294117,15.465843905230114,-17.13254276163082,2.212373678670099,,1.0390131281874602,326
35,0.26,0.08,0.45,0.5,18,10,20000,134635.24621092234,114635.24621092234,573.1762310546118,25.188247014112175,0.8675835894947088,0.959230774515945,-41.29488852845326,0.6099604070067126,28.27683496834895,357,301,56,84.31372549019608,908.2506070186142,-2752.2928883455147,4681.404610671505,-14900.800961024728,1.7737381923984388,10.663865546218487,66,102,64.70588235294117,15.465843905230114,-17.13254276163082,2.212373678670099,,1.0402865308888751,299
30,0.2,0.1,0.45,0.9,22,20,20000,82857.4722963811,62857.47229638109,314.28736148190546,18.229426832862305,0.8654140704339653,0.6698693611157702,-30.750761971999108,0.5928121992379108,19.19327608881053,244,190,54,77.8688524590164,854.3740120831767,-1782.7368518411545,2805.5457260675375,-7193.898323263544,1.6862448207939296,5.737704918032787,50,102,49.01960784313725,12.544954743423698,-15.203865278632133,1.5302034753191247,,0.6631901975754824,7
35,0.26,0.1,0.5,0.3,18,10,20000,138876.08022054838,118876.08022054838,594.3804011027419,25.646481428998726,0.8651776652549937,0.9429515873947797,-40.26902419080848,0.6368786416943425,29.051558904013596,473,387,86,81.81818181818183,909.5622096252458,-2642.32160886143,4988.099718520142,-12280.70953169562,1.5490279190795715,11.11416490486258,66,102,64.70588235294117,15.870148029691755,-17.981563269939237,2.2746681570334792,,1.0362079995123892,213
35,0.28,0.08,0.5,0.9,22,20,20000,82085.848678792,62085.848678792,310.42924339396,18.099176168951246,0.8600527299823971,0.6747590561054014,-34.210067209333,0.5290599418645261,19.180764659988604,150,126,24,84.0,1018.4478585708346,-2726.5742292138775,3453.8676650727257,-8445.83456408866,1.9610143748180584,9.7,49,102,48.03921568627451,15.828647505254278,-15.497348792683951,1.5397305012188731,,0.7968399892474488,18
45,0.22,0.1,0.6,0.7,18,15,20000,112131.47336641919,92131.47336641919,460.65736683209593,22.519608379000154,0.8598557634318039,0.9019498362353505,-33.475402806672754,0.6727210575793654,24.955422163523835,229,191,38,83.4061135371179,795.1546160400112,-1585.3941773957956,3577.396091461914,-6522.50043403505,2.520949211659059,17.510917030567686,67,102,65.68627450980392,13.906908536893736,-17.882899670566697,1.884556289914421,,0.75226002340634,3
45,0.28,0.12,0.5,0.5,18,20,20000,93271.78870918542,73271.78870918542,366.3589435459271,19.89009888641162,0.8597650188991968,0.7055583713673171,-35.45253632656666,0.5610345816501373,21.486746115161893,119,103,16,86.5546218487395,1280.1553513281538,-3606.588279850902,4727.615770503037,-12943.948977641548,2.2849849871179853,14.092436974789916,51,102,50.0,17.36946352250799,-13.468198164504264,1.6762129434808462,,0.5608950754465096,6
30,0.26,0.12,0.45,0.5,18,15,20000,154864.56446655036,134864.56446655036,674.3228223327518,27.269911046843397,0.8566588713894018,0.8753521341630914,-47.72496931729815,0.5713971415160091,31.836650959855866,378,298,80,78.83597883597884,1050.528745027038,-2139.419543852877,6233.16605340096,-16001.635373432362,1.8291034063278706,8.21957671957672,65,102,63.725490196078425,20.304361269510963,-26.420606064732898,2.437080312174126,,1.0667540774879953,80
30,0.28,0.1,0.4,0.5,20,15,20000,145506.3748428816,125506.3748428816,627.5318742144079,26.33874660123192,0.8562893427070009,0.8813681820259415,-44.76688614913337,0.5883533313773223,30.4891772582597,380,300,80,78.94736842105263,961.1271176222843,-1961.9905754597348,5487.760259249751,-14770.740344706797,1.8370254863426252,7.573684210526316,63,102,61.76470588235294,20.169771064821518,-24.730679712228053,2.329846238855525,,1.1589078658072918,878
30,0.28,0.1,0.4,0.5,18,15,20000,145506.3748428816,125506.3748428816,627.5318742144079,26.33874660123192,0.8562893427070009,0.8813681820259415,-44.76688614913337,0.5883533313773223,30.4891772582597,380,300,80,78.94736842105263,961.1271176222843,-1961.9905754597348,5487.760259249751,-14770.740344706797,1.8370254863426252,7.573684210526316,63,102,61.76470588235294,20.169771064821518,-24.730679712228053,2.329846238855525,,1.1645033603299322,827
35,0.24,0.16,0.6,0.3,24,10,20000,148970.79188868956,128970.79188868956,644.8539594434478,26.6894637487894,0.8555449422307321,0.9631710264611278,-46.14358020143495,0.5784003675544757,31.055734187706214,570,421,149,73.85964912280701,806.4135365348072,-1366.5391714137854,6739.38056362107,-12559.48122290847,1.6673683427658277,11.052631578947368,69,102,67.64705882352942,21.42254497502205,-26.590005650327985,2.3848427423842855,,0.8555449422307321,1
35,0.28,0.12,0.4,0.9,22,20,20000,97830.08426327987,77830.08426327987,389.1504213163994,20.565939399365753,0.8552531861213503,0.6902206485408764,-35.851309722954674,0.5736454137461513,22.521354855682297,170,147,23,86.47058823529412,1153.9493511045082,-3924.346536916644,3635.1380403321564,-8296.342969228597,1.8793553106245444,8.405882352941177,49,102,48.03921568627451,15.494911439991021,-16.33566247477283,1.7644164350143154,,0.729427457770394,9
40,0.24,0.12,0.55,0.7,18,10,20000,143889.7068010877,123889.70680108771,619.4485340054385,26.1725572308938,0.8549674616745682,0.9667821976444229,-42.99202733647407,0.6087769954660693,30.316122420850235,447,363,84,81.20805369127517,831.9065206249563,-2047.6426900134968,4980.341691226241,-18261.004505636858,1.755689420092488,14.758389261744966,69,102,67.64705882352942,19.39825654193634,-20.213487316343905,2.3103338534662927,,0.8553241575965876,3
30,0.26,0.1,0.45,0.5,20,15,20000,136595.7836284199,116595.78362841989,582.9789181420995,25.40164805420455,0.8529984321635296,0.8633114775760787,-47.376771399015354,0.5361624970234354,29.317169354058965,362,283,79,78.1767955801105,990.4234109614835,-2001.8024487770085,5164.950832235059,-14770.740344706797,1.7723889159722506,8.096685082872929,62,102,60.78431372549019,18.682588794671663,-24.486587430708784,2.2665249408670842,,1.0379597534744995,332
30,0.26,0.1,0.45,0.5,18,15,20000,136595.7836284199,116595.78362841989,582.9789181420995,25.40164805420455,0.8529984321635296,0.8633114775760787,-47.376771399015354,0.5361624970234354,29.317169354058965,362,283,79,78.1767955801105,990.4234109614835,-2001.8024487770085,5164.950832235059,-14770.740344706797,1.7723889159722506,8.096685082872929,62,102,60.78431372549019,18.682588794671663,-24.486587430708784,2.2665249408670842,,1.0398693787331565,304
30,0.22,0.12,0.6,0.9,18,20,20000,93996.28585893124,73996.28585893124,369.9814292946562,19.999438147649883,0.8524953951644745,0.6573240374652118,-34.303150548981606,0.5830204464482819,21.896767519436004,219,166,53,75.79908675799086,1031.676333327832,-1786.6393485563885,4783.654140475294,-10971.925873222839,1.8085844470840982,8.949771689497718,47,102,46.07843137254902,15.875992834375975,-15.501153870529716,1.7142511083114949,,0.8518223214239325,2
35,0.24,0.14,0.6,0.9,18,15,20000,144974.81516577725,124974.81516577725,624.8740758288862,26.284284149351155,0.8511492476833906,0.9036289789417091,-43.63099364569614,0.6024223138897937,30.664020730415448,336,266,70,79.16666666666666,914.3696622623924,-1606.9956912866185,5077.637358964854,-10244.926969065593,2.1621742581121657,13.854166666666666,64,102,62.745098039215684,16.810301158010876,-24.86274878373106,2.264531093490774,,0.9258314964832907,4
40,0.24,0.12,0.6,0.7,24,15,20000,118629.76031887851,98629.76031887851,493.1488015943926,23.335473227308114,0.8490620515367034,0.8887163903160153,-42.74716163101759,0.5458952673567865,26.56629083506918,297,231,66,77.77777777777779,938.9776092303299,-1758.4416671736708,3654.0026700116005,-13537.539297830472,1.8689398082726247,12.83838383838384,63,102,61.76470588235294,14.481126522545274,-15.784325976053049,1.9965394032418569,,0.9550402176155764,7
35,0.26,0.08,0.45,0.7,20,10,20000,129628.93241820656,109628.93241820656,548.1446620910327,24.630617186034765,0.8459810450054066,0.9557471608093179,-41.729281187593614,0.5902478184397196,28.54912279336021,378,319,59,84.39153439153439,760.5267123423711,-2184.3291924301484,4321.296563696774,-11192.41261559017,1.8825002999561915,10.748677248677248,66,102,64.70588235294117,15.253893537446551,-19.417273281708493,2.1858791657344896,,1.0526832184237356,280
40,0.24,0.16,0.4,0.5,18,10,20000,158697.2420694067,138697.2420694067,693.4862103470335,27.637000432843717,0.8406433985807904,0.9673720283169477,-54.0267789532606,0.5115426269767611,33.39054968513751,444,381,63,85.8108108108108,880.4032435615991,-2961.951857534745,6576.387931969728,-18134.744791631692,1.7975793265526634,11.873873873873874,67,102,65.68627450980392,24.984521370660893,-26.703677768163857,2.547171576630461,,0.8406433985807904,1
30,0.26,0.1,0.4,0.5,20,15,20000,135584.14306032582,115584.14306032582,577.9207153016291,25.291872665911463,0.839809117852389,0.8535487651556313,-46.3124178922544,0.5461142781349242,29.87161304265511,405,318,87,78.51851851851852,880.573211175182,-1824.0251709550084,5408.7154279122215,-13539.84531598123,1.7645847004005657,7.503703703703704,62,102,60.78431372549019,19.20429641003929,-23.237558356171018,2.2412954139296555,,1.033218127092483,264
40,0.18,0.16,0.5,0.7,22,10,20000,122855.37942416739,102855.37942416739,514.2768971208369,23.845094720083047,0.8391802367748551,0.8884173648066019,-42.37133299737456,0.5627647995299216,27.78180834559184,341,282,59,82.69794721407625,930.6962832063692,-2537.6108589762166,4169.215726831788,-18515.58236341712,1.7529924762599873,12.621700879765395,73,102,71.56862745098039,15.884931039308592,-23.051545850073897,2.1050279641970193,,0.7561112476908244,3
30,0.28,0.1,0.45,0.5,18,15,20000,134559.90611400688,114559.90611400688,572.7995305700344,25.179991807611124,0.8380394388782069,0.8676680825250368,-46.072864227869836,0.5465254272683041,29.796774775418218,359,274,85,76.32311977715878,998.6202734696071,-1812.394441392978,4842.141405220369,-13539.84531598123,1.7761485850947858,8.37325905292479,62,102,60.78431372549019,19.745032787354646,-23.26224244654821,2.2552065564542105,,1.1601161013022754,1012
45,0.26,0.14,0.4,0.9,22,15,20000,128729.96989910267,108729.96989910267,543.6498494955133,24.528479412579674,0.8340048734972085,0.9122400655776547,-45.24414178352173,0.5421360301172325,29.004498054701784,283,242,41,85.51236749116607,953.2159646964822,-2855.6453116573985,4231.9866266601275,-12507.787693986418,1.9702373700712996,13.243816254416961,62,102,60.78431372549019,18.659150336416964,-17.724349825289064,2.1367904684548447,,0.8056518876576201,5
45,0.24,0.12,0.5,0.3,24,10,20000,114426.4788742618,94426.4788742618,472.132394371309,22.812402968070987,0.833589786390608,0.9291255106531972,-36.527502930647984,0.6245267575881981,26.551313125089,413,329,84,79.66101694915254,708.5728276424268,-1616.3184492723421,3496.886902684862,-6346.602337696551,1.7170153419842717,12.951573849878935,63,102,61.76470588235294,14.381460864183326,-17.453497134661845,1.986495494241033,,0.833589786390608,1
30,0.2,0.14,0.5,0.9,18,15,20000,139718.88588374306,119718.88588374306,598.5944294187153,25.73607572940364,0.8334790932394117,0.8627461070774586,-51.4383561187685,0.500328503305595,30.88676990530359,430,332,98,77.20930232558139,907.9534754114186,-1731.6213987203723,5207.161512953514,-15786.793814603976,1.7763259457371916,8.674418604651162,63,102,61.76470588235294,19.438240256996608,-19.962594564940094,2.2681348319508743,,0.8088386970499518,4
40,0.28,0.12,0.55,0.5,22,15,20000,118829.68234152342,98829.68234152342,494.1484117076171,23.359942560211188,0.8308328473645842,0.8606246984375735,-40.84812814488574,0.5718730238348975,27.47679224744271,233,176,57,75.53648068669528,1193.4500054486123,-1886.7559709390273,4382.119303376179,-12955.950118588764,1.9531082291903343,14.025751072961373,67,102,65.68627450980392,16.508283238000597,-18.471311096201724,2.03128636909709,,0.9635222168342293,23
35,0.26,0.1,0.6,0.5,22,15,20000,115439.35664785828,95439.35664785828,477.1967832392914,22.939980113154345,0.8299419353709956,0.8541125244807846,-41.0875156377479,0.5583199606276252,26.901374021417112,291,222,69,76.28865979381443,963.1058891893515,-1696.3063031456443,3693.353792427939,-8959.800963298809,1.826726993407834,11.642611683848797,62,102,60.78431372549019,15.417428575444148,-17.361653835373126,2.0013861976627716,,1.1208227608409698,87
35,0.3,0.1,0.4,0.3,20,10,20000,134456.82993226967,114456.82993226967,572.2841496613484,25.168690879529443,0.8294559479169638,0.9229636984013503,-45.627258202264095,0.5516152377150844,30.29052105624541,434,356,78,82.02764976958525,1103.0108511874168,-3495.155173693876,4891.419610286202,-14913.65707046925,1.4403522601879097,9.580645161290322,64,102,62.745098039215684,17.83955992017976,-18.567822733483496,2.2466342577659826,,1.181843424309504,669
35,0.3,0.1,0.4,0.3,18,10,20000,134456.82993226967,114456.82993226967,572.2841496613484,25.168690879529443,0.8294559479169638,0.9229636984013503,-45.627258202264095,0.5516152377150844,30.29052105624541,434,356,78,82.02764976958525,1103.0108511874168,-3495.155173693876,4891.419610286202,-14913.65707046925,1.4403522601879097,9.580645161290322,64,102,62.745098039215684,17.83955992017976,-18.567822733483496,2.2466342577659826,,1.1870986427989403,632
40,0.3,0.08,0.6,0.7,24,15,20000,99746.44962505331,79746.44962505331,398.73224812526655,20.841804864015167,0.8279164278929945,0.8598832804654383,-41.78751023207131,0.49875679953814,23.97183408207305,243,193,50,79.42386831275721,924.8518919270145,-1960.032577026438,3111.6940482392824,-12147.504209619989,1.8213617185150095,12.930041152263374,64,102,62.745098039215684,12.950675297596014,-14.090032233543425,1.7866614341612534,,1.0743421451009387,6
35,0.28,0.1,0.45,0.5,22,15,20000,118457.94371177473,98457.94371177473,492.28971855887363,23.314414755025005,0.8258010841492512,0.853757664634746,-44.223412679659276,0.5271961918431627,27.66090722467095,306,237,69,77.45098039215686,1037.7854578878591,-2113.840117200067,3693.353792427939,-12955.950118588764,1.6862994572323653,9.813725490196079,63,102,61.76470588235294,16.88649469537451,-17.1285002838369,2.047321494297371,,1.1416332004143945,521
30,0.28,0.1,0.4,0.7,18,15,20000,137370.62243117433,117370.62243117433,586.8531121558717,25.485243557664504,0.8240957773997968,0.8470787056218306,-44.66190585328582,0.5706259746591071,31.079819315785954,365,286,79,78.35616438356165,970.916795466397,-1957.9941732633263,5164.950832235059,-13539.84531598123,1.7951864460609959,7.747945205479452,63,102,61.76470588235294,20.190653218789635,-24.10517182483979,2.2870079502685052,,1.1795244159456422,723
40,0.24,0.16,0.45,0.7,22,10,20000,148003.0907108924,128003.0907108924,640.0154535544619,26.5922297635681,0.8237751768642249,0.9547037905846463,-45.11444960400694,0.5894393037481777,32.8497044058329,460,371,89,80.65217391304348,842.2216713941202,-1968.9652469507284,5670.252430778153,-19186.143323472843,1.7830858943399168,12.747826086956522,69,102,67.64705882352942,17.64905946994091,-23.3013478335356,2.4156999318766,,0.8221003903271933,5
30,0.26,0.08,0.5,0.5,22,15,20000,112103.85800847904,92103.85800847904,460.5192900423952,22.516053165495965,0.8235123309001868,0.8189115190323469,-38.88147342913298,0.5790946479056324,26.598656243537583,418,303,115,72.48803827751196,936.2277419238037,-1646.952903565179,3971.6397751687437,-9009.996216171943,1.4977699525344175,6.497607655502392,62,102,60.78431372549019,16.349280876368375,-16.724710144301756,1.9367458480689894,,1.060752158549227,158
30,0.22,0.1,0.5,0.3,22,10,20000,124886.69604078664,104886.69604078664,524.4334802039332,24.08459484262735,0.8205810735330231,0.8821241486693469,-42.36695674326968,0.5684759230777975,29.146712068716436,626,455,171,72.68370607028754,850.6741830606201,-1612.8135342470473,4287.858484384421,-13053.068294330735,1.4034417105716208,6.456869009584665,64,102,62.745098039215684,17.337544743929744,-20.03966271752845,2.177928574979548,,0.8345455588524157,5
35,0.28,0.14,0.45,0.9,20,20,20000,101231.71490644355,81231.71490644355,406.15857453221776,21.05241448019177,0.8203622988948984,0.6782449980788946,-39.83205775823151,0.5285294224057802,24.559277853794807,167,143,24,85.62874251497006,1114.5790402715165,-3196.95782718263,5418.208781857858,-8328.48870470064,2.077297795991563,10.449101796407186,47,102,46.07843137254902,15.792318687973506,-22.64478275200421,1.8631998758645925,,0.7657583230143352,7
40,0.28,0.14,0.55,0.5,20,15,20000,130237.41272499827,110237.41272499827,551.1870636249913,24.69939709385598,0.8198682779179697,0.8614415031739434,-43.968790228158674,0.561748389384566,30.09282379387144,265,211,54,79.62264150943396,1027.7745467876357,-1894.2178719960734,5279.101589329166,-13920.723377961684,2.1201013550943433,15.19245283018868,68,102,66.66666666666666,18.524766142261704,-27.58957289765491,2.199729935907813,,0.9113180771232929,16
30,0.16,0.1,0.4,0.5,18,10,20000,122247.49183785998,102247.49183785998,511.23745918929995,23.772743237057714,0.8154938150892056,0.8629365437613378,-49.56125359247097,0.4796638808318827,28.93474352667734,628,518,110,82.48407643312102,568.8422548560765,-1631.0398147030294,3608.97427383026,-16234.872064973619,1.6423448814076018,6.961783439490445,67,102,65.68627450980392,14.907127456054937,-17.779945930747587,2.108307954427353,,0.6642870014606254,3
45,0.26,0.16,0.5,0.3,22,10,20000,130689.91735379283,110689.91735379283,553.4495867689642,24.750362645722014,0.8145546894736085,0.9072532140075891,-41.484483710692835,0.596617347785444,30.526263207658104,467,374,93,80.08565310492506,843.5585070003658,-2157.8259106269193,6134.452028215076,-12712.194140845831,1.5721263955798757,14.284796573875804,65,102,63.725490196078425,16.50189301324736,-21.12638601077291,2.234165761359137,,0.8172114836957891,2
30,0.28,0.08,0.5,0.5,20,15,20000,116194.70951009092,96194.70951009092,480.97354755045455,23.034479444937304,0.8109792488610661,0.8124823027766421,-42.26381249921896,0.5450166012676444,28.01957669398398,306,239,67,78.10457516339869,924.8195537308416,-1804.0035891720604,3919.8709865715505,-12219.708413056393,1.8287010092469387,8.637254901960784,65,102,63.725490196078425,18.00162511147285,-25.7994268083667,2.0628239996786633,,1.1556013247011778,884
30,0.28,0.08,0.5,0.5,18,15,20000,116194.70951009092,96194.70951009092,480.97354755045455,23.034479444937304,0.8109792488610661,0.8124823027766421,-42.26381249921896,0.5450166012676444,28.01957669398398,306,239,67,78.10457516339869,924.8195537308416,-1804.0035891720604,3919.8709865715505,-12219.708413056393,1.8287010092469387,8.637254901960784,65,102,63.725490196078425,18.00162511147285,-25.7994268083667,2.0628239996786633,,1.1601528963223198,798
30,0.26,0.08,0.45,0.5,18,15,20000,114045.04470685076,94045.04470685076,470.2252235342538,22.764101038351626,0.8105308820926517,0.8038196877624981,-42.61657542327935,0.5341607300035824,27.62792857520251,355,271,84,76.33802816901408,855.7978710103783,-1591.4255434572176,3919.8709865715505,-12219.708413056393,1.7349017378468334,8.050704225352113,64,102,62.745098039215684,16.796922557262484,-24.917894476105275,2.021502354153833,,1.0402865308888751,299
30,0.26,0.08,0.45,0.5,20,15,20000,114045.04470685076,94045.04470685076,470.2252235342538,22.764101038351626,0.8105308820926517,0.8038196877624981,-42.61657542327935,0.5341607300035824,27.62792857520251,355,271,84,76.33802816901408,855.7978710103783,-1591.4255434572176,3919.8709865715505,-12219.708413056393,1.7349017378468334,8.050704225352113,64,102,62.745098039215684,16.796922557262484,-24.917894476105275,2.021502354153833,,1.0390131281874602,326
30,0.26,0.08,0.45,0.5,18,15,20000,114045.04470685076,94045.04470685076,470.2252235342538,22.764101038351626,0.8105308820926517,0.8038196877624981,-42.61657542327935,0.5341607300035824,27.62792857520251,355,271,84,76.33802816901408,855.7978710103783,-1591.4255434572176,3919.8709865715505,-12219.708413056393,1.7349017378468334,8.050704225352113,64,102,62.745098039215684,16.796922557262484,-24.917894476105275,2.021502354153833,,1.0402865308888751,299
30,0.26,0.08,0.45,0.5,20,15,20000,114045.04470685076,94045.04470685076,470.2252235342538,22.764101038351626,0.8105308820926517,0.8038196877624981,-42.61657542327935,0.5341607300035824,27.62792857520251,355,271,84,76.33802816901408,855.7978710103783,-1591.4255434572176,3919.8709865715505,-12219.708413056393,1.7349017378468334,8.050704225352113,64,102,62.745098039215684,16.796922557262484,-24.917894476105275,2.021502354153833,,1.0390131281874602,326
30,0.26,0.08,0.45,0.5,18,15,20000,114045.04470685076,94045.04470685076,470.2252235342538,22.764101038351626,0.8105308820926517,0.8038196877624981,-42.61657542327935,0.5341607300035824,27.62792857520251,355,271,84,76.33802816901408,855.7978710103783,-1591.4255434572176,3919.8709865715505,-12219.708413056393,1.7349017378468334,8.050704225352113,64,102,62.745098039215684,16.796922557262484,-24.917894476105275,2.021502354153833,,1.0402865308888751,299
35,0.26,0.08,0.45,0.3,18,10,20000,111090.94647558533,91090.94647558533,455.4547323779266,22.38511357281152,0.8099033285344011,0.8747104558664235,-38.83195696491812,0.5764611243526784,27.08247459893844,399,331,68,82.95739348370927,813.5553940695592,-2557.380004752323,3855.9945693904515,-9001.113866169799,1.5484990551946676,10.092731829573935,64,102,62.745098039215684,15.055164352725248,-18.549376873344634,2.0027046091598613,,1.036312647649114,253
40,0.26,0.16,0.45,0.9,24,15,20000,128713.57098569495,108713.57098569495,543.5678549284747,24.526610374064695,0.8098422657464738,0.8740057492640797,-52.036349217802304,0.4713361091379913,30.405724747851227,342,268,74,78.3625730994152,954.3235093034566,-1936.2579555469124,4058.3810802072503,-13056.56980208363,1.784988743578326,11.441520467836257,64,102,62.745098039215684,18.038012941575367,-17.376527587069578,2.1740201658957985,,0.8408529457049264,4
35,0.24,0.12,0.45,0.7,22,20,20000,85143.40648401798,65143.40648401798,325.7170324200899,18.609109460192453,0.8097399653158645,0.6409438108695137,-37.77800875167949,0.49259106223710514,21.4874292086376,172,146,26,84.88372093023256,975.3092726723064,-2907.121051005335,3878.2991571894036,-10170.010709578113,1.8839038997402855,8.982558139534884,50,102,49.01960784313725,17.220792790217665,-20.021453172826497,1.6178638075461864,,0.6152841653170397,11
40,0.18,0.08,0.4,0.5,24,10,20000,94490.80388927166,74490.80388927166,372.4540194463583,20.073643413913402,0.80852605262249,0.8613961715861588,-40.125044787106624,0.5002771590765591,23.680389664155086,419,355,64,84.7255369928401,498.9974708701413,-1553.9248071610018,1728.6776903615325,-11375.10946201005,1.7812165578910382,9.41288782816229,67,102,65.68627450980392,11.867523955783454,-18.50430370619445,1.718820787295733,,0.599554771473601,3
35,0.28,0.08,0.4,0.5,18,15,20000,106092.42224319224,86092.42224319224,430.4621112159612,21.72310588815547,0.8084918844209135,0.8243457297300921,-37.1558613719023,0.5846481574124598,26.12719426222803,295,250,45,84.7457627118644,757.858741054583,-2228.0351653377365,3240.972422772581,-11589.51185857479,1.8897037195343844,10.020338983050847,63,102,61.76470588235294,15.645672342107408,-16.66659072098492,1.8978184475627091,,1.164198322956194,807
45,0.26,0.08,0.6,0.5,22,10,20000,96420.85976236957,76420.85976236957,382.10429881184785,20.360019691552523,0.8082221336353674,0.8717666007219349,-33.960136409310714,0.5995270291661873,24.11440015663915,281,222,59,79.00355871886121,837.2847055296719,-1810.90566207188,2990.701204571915,-9105.667866623164,1.7397157463069342,16.750889679715304,68,102,66.66666666666666,16.784105213485255,-15.574805752407816,1.7635902583672425,,0.9119421038715289,2
40,0.3,0.14,0.5,0.7,22,15,20000,123501.58771060544,103501.58771060544,517.5079385530272,23.921661687727603,0.8080463404494423,0.8702345307851492,-47.07370112597204,0.5081746519933031,29.545645844026087,284,220,64,77.46478873239437,1032.3632378972618,-1866.4910052043053,4865.813514207146,-13393.127462241198,1.9012942577151035,13.80281690140845,68,102,66.66666666666666,18.468404932394765,-18.903879409588985,2.1389994400969883,,0.9418501553208518,10
45,0.2,0.14,0.5,0.3,22,10,20000,112320.62049144976,92320.62049144976,461.60310245724884,22.543938521686503,0.8071893872810657,0.88932597827845,-43.70748357384156,0.5157912713871909,27.456610820005782,469,387,82,82.51599147121536,579.827116284872,-1541.3615938152539,3293.91350787551,-8545.92673025499,1.7753790916739562,13.942430703624733,66,102,64.70588235294117,15.331800042350196,-20.69807011159307,1.9767397725100806,,0.7082506440830013,5
45,0.2,0.16,0.45,0.3,20,10,20000,117311.64920453135,97311.64920453135,486.55824602265676,23.17322710866856,0.8069139097357222,0.8857446976329372,-44.480333742424186,0.5209769162897835,28.45564306473154,437,373,64,85.35469107551488,723.7788258175095,-2526.9219808173234,3587.9725397990355,-9891.263935523142,1.6693326906172576,13.43020594965675,65,102,63.725490196078425,15.68848943110237,-17.20989144659506,2.0714146785008376,,0.7263543900377648,3
35,0.22,0.16,0.5,0.3,22,10,20000,132027.60626351807,112027.60626351807,560.1380313175904,24.90012130877397,0.802141684942897,0.8702514032860332,-46.521452905355844,0.5352395454938018,31.565726910006497,577,435,142,75.3899480069324,850.5164259316078,-1743.8462685667564,4509.310911713392,-14022.51671720525,1.4940853992788303,10.29636048526863,62,102,60.78431372549019,19.39315390581291,-24.134094176130315,2.2907273011655835,,0.8013187215205388,4
30,0.28,0.1,0.45,0.7,20,15,20000,125077.99352415318,105077.99352415318,525.3899676207659,24.10697213074524,0.799840234396866,0.8270596379555635,-49.01036070247392,0.4918750195920999,30.352808941170817,357,274,83,76.75070028011206,946.1215384731195,-1800.419996889539,4519.331978205677,-12308.950287255664,1.734784654594658,8.324929971988796,63,102,61.76470588235294,19.63020527152959,-24.088981792004372,2.2005331311209058,,1.1681873590877803,948
30,0.28,0.1,0.45,0.7,18,15,20000,125077.99352415318,105077.99352415318,525.3899676207659,24.10697213074524,0.799840234396866,0.8270596379555635,-49.01036070247392,0.4918750195920999,30.352808941170817,357,274,83,76.75070028011206,946.1215384731195,-1800.419996889539,4519.331978205677,-12308.950287255664,1.734784654594658,8.324929971988796,63,102,61.76470588235294,19.63020527152959,-24.088981792004372,2.2005331311209058,,1.174116143195537,884
45,0.18,0.14,0.6,0.9,18,10,20000,118779.55056219132,98779.55056219132,493.8977528109566,23.353810125560393,0.7980597877058003,0.8973843608619348,-42.41116600482488,0.5506523947703669,29.190066079546412,391,320,71,81.84143222506394,662.1521662463155,-1535.3778139183498,3434.9646440739575,-13312.555834725643,1.9437221018040545,18.237851662404093,69,102,67.64705882352942,13.960029564908606,-19.653051653593167,2.0179535912665014,,0.7486543010991997,2
30,0.26,0.08,0.45,0.7,20,15,20000,111632.6094593595,91632.6094593595,458.1630472967976,22.45526502228399,0.7979281943092206,0.7965263007772538,-41.72157310782633,0.5382171224524543,27.8082258540583,363,283,80,77.96143250688705,817.7690802603228,-1694.8163445969535,3919.8709865715505,-12219.708413056393,1.7068858998458896,8.049586776859504,64,102,62.745098039215684,16.84379514469896,-18.603760385482925,1.991521404698411,,1.0519977006712753,281
30,0.26,0.08,0.45,0.7,18,15,20000,111632.6094593595,91632.6094593595,458.1630472967976,22.45526502228399,0.7979281943092206,0.7965263007772538,-41.72157310782633,0.5382171224524543,27.8082258540583,363,283,80,77.96143250688705,817.7690802603228,-1694.8163445969535,3919.8709865715505,-12219.708413056393,1.7068858998458896,8.049586776859504,64,102,62.745098039215684,16.84379514469896,-18.603760385482925,1.991521404698411,,1.0526584840025988,258
30,0.3,0.16,0.4,0.3,24,15,20000,137956.27755331574,117956.27755331574,589.7813877665787,25.54815290873367,0.793589841973725,0.8233879716783661,-53.909458193443626,0.47390854526972026,33.25015352670975,569,376,193,66.08084358523726,1208.4303349617512,-1683.0178661544362,7627.699280906772,-10865.407401668352,1.3988251381902244,5.286467486818981,64,102,62.745098039215684,22.949868050798905,-20.355758588889593,2.3796636176119925,,0.793589841973725,1
30,0.3,0.1,0.5,0.3,18,15,20000,120632.13631332196,100632.13631332196,503.1606815666098,23.578927984280828,0.7930313814587077,0.7903791735039338,-46.36249118909606,0.5085776751751926,29.935619608277403,367,276,91,75.20435967302453,1068.0894840032902,-2080.607317938446,4722.935045838024,-14301.960030825776,1.5569877916466055,8.356948228882834,61,102,59.80392156862745,22.219050718393095,-24.482568608751755,2.177613926251302,,1.1781080499252048,616
35,0.18,0.14,0.6,0.5,22,10,20000,112610.34267318362,92610.34267318362,463.0517133659181,22.5811357204436,0.7915211247483774,0.8580750015960249,-41.75872735427789,0.540752488189282,28.367363998469695,445,348,97,78.20224719101122,691.0066571771314,-1442.0547848250042,3579.192807389607,-11888.866805211033,1.7191270789156843,11.824719101123595,65,102,63.725490196078425,17.12628988796796,-22.092672491434627,2.060729037112195,,0.5827674103595909,4
35,0.2,0.08,0.4,0.3,18,20,20000,63384.000532677535,43384.000532677535,216.9200026633877,14.556018569999885,0.7896479187606521,0.5770296433540977,-25.46865820222549,0.5715267154799681,16.412422988058864,166,147,19,88.55421686746988,643.6380488038519,-2632.9996127099253,1615.0686484374287,-7401.852295125866,1.89127485340184,7.795180722891566,51,102,50.0,11.855216569973814,-12.091885338673869,1.2471583747189459,,0.5796643527400335,2
30,0.28,0.12,0.4,0.9,24,15,20000,116024.17922053229,96024.17922053229,480.12089610266145,23.013192512564128,0.7880188929793112,0.8202053790068055,-50.110279526641946,0.4592509307462312,29.266576167452353,502,335,167,66.73306772908366,1008.7925113765068,-1402.4145674323577,5229.858688390644,-9942.273613047617,1.4429582688796736,5.362549800796812,61,102,59.80392156862745,20.069297928775075,-17.20922979233208,2.0674616631799094,,0.9721543497104925,5
30,0.26,0.08,0.4,0.5,18,15,20000,108455.48015061209,88455.48015061209,442.2774007530604,22.03942404034118,0.7875933522056101,0.7842024085107002,-46.87373707750597,0.47018704746964973,27.706422221410993,373,295,78,79.08847184986595,757.6057886734778,-1678.153811998191,3978.0298686926344,-10692.244861424344,1.7074143763557998,7.375335120643432,62,102,60.78431372549019,17.440022933933584,-24.722238606973313,1.9756149080191043,,1.0351273030679,242
30,0.28,0.16,0.6,0.3,22,20,20000,93063.04661426706,73063.04661426706,365.3152330713353,19.85845703264415,0.7867467460999653,0.609939180015661,-38.3125968733561,0.5183270948269864,24.305882915830914,237,167,70,70.46413502109705,1224.1785205424662,-1831.078090233211,4746.873150093355,-6840.242402677839,1.5949839607063252,6.69198312236287,48,102,47.05882352941176,14.69484863113757,-20.803196886205512,1.7699929022932002,,0.6724912176240398,2
40,0.18,0.14,0.45,0.9,18,10,20000,118198.27270335543,98198.27270335543,490.99136351677714,23.28253733387493,0.7859168090484075,0.8927411425025483,-48.43068619005134,0.48073936517252247,29.804720431772967,410,346,64,84.39024390243902,684.0879728507181,-2000.7121684690403,3996.742796898923,-13569.244881165985,1.8485170738248669,12.78780487804878,66,102,64.70588235294117,14.865607236369804,-19.745309277190014,2.059041421382276,,0.6624073106426825,3
45,0.28,0.1,0.5,0.7,22,15,20000,99230.24537086257,79230.24537086257,396.1512268543129,20.767959273997505,0.7854077791902565,0.843773055535859,-43.07001962610619,0.48219061552062414,25.74463514326312,220,180,40,81.81818181818183,1020.8996022288503,-2551.173351245417,3884.922812599775,-9255.013025722239,1.8007589361919019,14.709090909090909,61,102,59.80392156862745,14.707569506554986,-18.273692621176096,1.8108884426926264,,0.8993873134254421,6
35,0.28,0.1,0.45,0.5,20,15,20000,110953.1316088219,90953.1316088219,454.7656580441095,22.36721684960039,0.7851472703915587,0.8048531120348538,-47.0449221493277,0.47544380621150695,28.366943012888353,310,259,51,83.54838709677419,853.1718301209718,-2477.119095296736,4052.8310212976153,-11516.400105412235,1.7491183998734543,11.022580645161291,61,102,59.80392156862745,17.522479652337395,-17.214475532646002,1.99069156714731,,1.1541031972711373,1085
35,0.28,0.1,0.45,0.5,18,15,20000,110953.1316088219,90953.1316088219,454.7656580441095,22.36721684960039,0.7851472703915587,0.8048531120348538,-47.0449221493277,0.47544380621150695,28.366943012888353,310,259,51,83.54838709677419,853.1718301209718,-2477.119095296736,4052.8310212976153,-11516.400105412235,1.7491183998734543,11.022580645161291,61,102,59.80392156862745,17.522479652337395,-17.214475532646002,1.99069156714731,,1.1601161013022754,1012
35,0.26,0.14,0.4,0.5,18,20,20000,87767.59678107433,67767.59678107433,338.8379839053717,19.034042635789472,0.7838878484289536,0.6223246634908974,-39.90874407736015,0.4769391539581749,23.1388761832562,159,136,23,85.53459119496856,1126.960044259698,-3636.237792967154,4190.880584110998,-10783.119680046686,1.8325984491054932,9.471698113207546,47,102,46.07843137254902,15.394365824274669,-18.48935584067519,1.678477701851236,,0.6933204882525109,6
30,0.24,0.08,0.6,0.7,22,15,20000,96425.03625125297,76425.03625125297,382.12518125626485,20.36063388338787,0.7836861322601285,0.7664606619829004,-36.154449895779166,0.5631570648172097,25.226248086931196,418,298,120,71.29186602870813,769.122302607737,-1254.8011266058643,3336.0347416891113,-7143.929068112554,1.5221432392575553,6.837320574162679,60,102,58.82352941176471,15.120500572548433,-16.72465196641031,1.7727936790339733,,1.0779644231416539,22
40,0.24,0.1,0.4,0.7,24,15,20000,97493.44411186941,77493.44411186941,387.4672205593471,20.516987675699493,0.7831535733735449,0.8077298424520655,-39.880387253872755,0.5144631004982807,25.4788538588262,308,255,53,82.79220779220779,687.0903792126084,-1808.0159749701904,2482.0746198298075,-11076.16851640675,1.8284197969691547,10.126623376623376,63,102,61.76470588235294,16.214514729352114,-15.098120971082485,1.7817463141570207,,0.8238216598038222,4
40,0.24,0.14,0.4,0.3,24,10,20000,115717.1019478268,95717.1019478268,478.585509739134,22.9747910141747,0.7825773021606696,0.8672080433607029,-47.70492288722295,0.4816020993994344,29.561033252505077,495,398,97,80.4040404040404,753.2215488591777,-2050.156718613571,3398.849663642013,-9586.338661042793,1.5074642213667744,9.965656565656566,65,102,63.725490196078425,17.62089581896884,-18.486163304093182,2.099625279925415,,0.7825773021606696,1
30,0.18,0.1,0.5,0.5,20,20,20000,72714.99677145835,52714.99677145835,263.5749838572917,16.424594546328276,0.7793847322205423,0.5718663195364725,-33.7169485572122,0.4871317022790007,19.402426306019805,208,169,39,81.25,794.8931078491505,-2024.3035501294357,2339.7013533012037,-9880.81115290335,1.7015910486643198,7.100961538461538,48,102,47.05882352941176,13.560938042253646,-15.382285432268027,1.4244908493131807,,0.49815870487420194,10
30,0.28,0.08,0.4,0.5,20,15,20000,106450.88792509634,86450.88792509634,432.2544396254817,21.771487421576573,0.77862878438868,0.7818061908655093,-44.705516321020866,0.4869977849095875,27.763483627949913,383,302,81,78.85117493472585,699.8832377851342,-1493.2836848812724,3563.51907870141,-10692.244861424344,1.7474517628256583,7.394255874673629,62,102,60.78431372549019,18.250273364925928,-25.084218878366794,1.9763125618068564,,1.1584905289179452,858
30,0.28,0.08,0.4,0.5,18,15,20000,106450.88792509634,86450.88792509634,432.2544396254817,21.771487421576573,0.77862878438868,0.7818061908655093,-44.705516321020866,0.4869977849095875,27.763483627949913,383,302,81,78.85117493472585,699.8832377851342,-1493.2836848812724,3563.51907870141,-10692.244861424344,1.7474517628256583,7.394255874673629,62,102,60.78431372549019,18.250273364925928,-25.084218878366794,1.9763125618068564,,1.164198322956194,807
35,0.28,0.16,0.55,0.7,24,15,20000,121172.84273561455,101172.84273561455,505.8642136780728,23.64405716346758,0.7781806225511558,0.8334513237542358,-48.95063961945196,0.48301834965343177,30.953936249296966,362,255,107,70.44198895027624,1073.9575237057616,-1579.3412186542266,5654.852152752345,-14930.805615295267,1.6205690394819194,10.859116022099448,61,102,59.80392156862745,18.95175735412242,-23.250181063226538,2.1679032590599707,,1.04261025632808,9
30,0.22,0.08,0.4,0.9,20,20,20000,72675.00436739196,52675.00436739196,263.3750218369598,16.41704895300451,0.7779722198300157,0.5829900735722993,-33.24653462281263,0.49379729765097663,19.430590324383353,215,175,40,81.3953488372093,737.7494542739186,-1869.6012532635934,2880.518908297447,-8927.329228191566,1.726386231724102,6.609302325581395,48,102,47.05882352941176,15.319486987322307,-14.058580972385037,1.4194494297109703,,0.6886079255813574,3
45,0.26,0.14,0.6,0.3,24,20,20000,70934.18764855844,50934.187648558436,254.67093824279218,16.084995255927282,0.776244725550109,0.616931748210856,-33.413481680319876,0.4813923735879683,18.999460417580202,140,113,27,80.71428571428572,1030.070977884508,-2384.5271426811464,3089.6528324699675,-7004.5532625903925,1.8079214613108396,13.592857142857143,48,102,47.05882352941176,12.33861382270247,-16.696446087677174,1.411556611819306,,0.605852828570597,4
30,0.3,0.08,0.5,0.7,22,15,20000,104955.85687146465,84955.85687146465,424.7792843573233,21.56874613846935,0.7757384535969695,0.7832445837551294,-36.789042459007796,0.5862818028629675,27.57762235214815,398,280,118,70.35175879396985,951.1797266132951,-1523.1313950382735,4124.066650583917,-8008.885525486171,1.481839745916775,6.550251256281407,62,102,60.78431372549019,17.6879202934632,-18.36109669681978,1.9068728357667986,,1.1780933468712604,346
40,0.28,0.12,0.55,0.3,20,20,20000,73653.12342209795,53653.12342209795,268.26561711048976,16.600554319437766,0.7743056141640821,0.6058929200652003,-32.04352738219941,0.5180626377812446,19.833753961996493,144,115,29,79.86111111111111,1060.3419056619664,-2324.975714794071,3208.066013570845,-7153.746170881838,1.8085367868162665,12.42361111111111,50,102,49.01960784313725,13.368898796388407,-16.341774307640332,1.4502787801656603,,0.6563637606388689,11
45,0.26,0.08,0.4,0.5,24,20,20000,62301.2856324177,42301.2856324177,211.50642816208847,14.323724895609224,0.7735476536624097,0.5871107213254014,-28.494118248846423,0.5026905823340968,16.503514450465353,148,128,20,86.48648648648648,625.0941965089805,-1855.8335760365997,1904.5617467565974,-5569.188184448644,2.155690525979889,10.655405405405405,52,102,50.98039215686274,10.635032616334051,-13.980188146177996,1.2171448999276526,,0.7783506135179773,2
30,0.28,0.08,0.45,0.5,20,15,20000,104648.95243073528,84648.95243073528,423.2447621536764,21.526811875452623,0.7734934158772498,0.7725799612860813,-43.22971155639488,0.4979633474391805,27.647875100792174,352,273,79,77.55681818181817,773.1103754033959,-1553.9210201288824,3978.0298686926344,-10692.244861424344,1.7192859571445558,8.059659090909092,64,102,62.745098039215684,18.002264465101582,-26.502268248281744,1.9579571958430881,,1.1540337547002752,1062
30,0.28,0.08,0.45,0.5,18,15,20000,104648.95243073528,84648.95243073528,423.2447621536764,21.526811875452623,0.7734934158772498,0.7725799612860813,-43.22971155639488,0.4979633474391805,27.647875100792174,352,273,79,77.55681818181817,773.1103754033959,-1553.9210201288824,3978.0298686926344,-10692.244861424344,1.7192859571445558,8.059659090909092,64,102,62.745098039215684,18.002264465101582,-26.502268248281744,1.9579571958430881,,1.1602156704534505,990
30,0.28,0.08,0.45,0.5,18,15,20000,104648.95243073528,84648.95243073528,423.2447621536764,21.526811875452623,0.7734934158772498,0.7725799612860813,-43.22971155639488,0.4979633474391805,27.647875100792174,352,273,79,77.55681818181817,773.1103754033959,-1553.9210201288824,3978.0298686926344,-10692.244861424344,1.7192859571445558,8.059659090909092,64,102,62.745098039215684,18.002264465101582,-26.502268248281744,1.9579571958430881,,1.1602156704534505,990
30,0.28,0.08,0.45,0.5,18,15,20000,104648.95243073528,84648.95243073528,423.2447621536764,21.526811875452623,0.7734934158772498,0.7725799612860813,-43.22971155639488,0.4979633474391805,27.647875100792174,352,273,79,77.55681818181817,773.1103754033959,-1553.9210201288824,3978.0298686926344,-10692.244861424344,1.7192859571445558,8.059659090909092,64,102,62.745098039215684,18.002264465101582,-26.502268248281744,1.9579571958430881,,1.1602156704534505,990
30,0.28,0.08,0.45,0.5,20,15,20000,104648.95243073528,84648.95243073528,423.2447621536764,21.526811875452623,0.7734934158772498,0.7725799612860813,-43.22971155639488,0.4979633474391805,27.647875100792174,352,273,79,77.55681818181817,773.1103754033959,-1553.9210201288824,3978.0298686926344,-10692.244861424344,1.7192859571445558,8.059659090909092,64,102,62.745098039215684,18.002264465101582,-26.502268248281744,1.9579571958430881,,1.1540337547002752,1062
30,0.28,0.08,0.45,0.5,20,15,20000,104648.95243073528,84648.95243073528,423.2447621536764,21.526811875452623,0.7734934158772498,0.7725799612860813,-43.22971155639488,0.4979633474391805,27.647875100792174,352,273,79,77.55681818181817,773.1103754033959,-1553.9210201288824,3978.0298686926344,-10692.244861424344,1.7192859571445558,8.059659090909092,64,102,62.745098039215684,18.002264465101582,-26.502268248281744,1.9579571958430881,,1.1540337547002752,1062
30,0.28,0.08,0.45,0.5,18,15,20000,104648.95243073528,84648.95243073528,423.2447621536764,21.526811875452623,0.7734934158772498,0.7725799612860813,-43.22971155639488,0.4979633474391805,27.647875100792174,352,273,79,77.55681818181817,773.1103754033959,-1553.9210201288824,3978.0298686926344,-10692.244861424344,1.7192859571445558,8.059659090909092,64,102,62.745098039215684,18.002264465101582,-26.502268248281744,1.9579571958430881,,1.1602156704534505,990
30,0.28,0.08,0.45,0.5,20,15,20000,104648.95243073528,84648.95243073528,423.2447621536764,21.526811875452623,0.7734934158772498,0.7725799612860813,-43.22971155639488,0.4979633474391805,27.647875100792174,352,273,79,77.55681818181817,773.1103754033959,-1553.9210201288824,3978.0298686926344,-10692.244861424344,1.7192859571445558,8.059659090909092,64,102,62.745098039215684,18.002264465101582,-26.502268248281744,1.9579571958430881,,1.1540337547002752,1062
30,0.28,0.08,0.45,0.5,18,15,20000,104648.95243073528,84648.95243073528,423.2447621536764,21.526811875452623,0.7734934158772498,0.7725799612860813,-43.22971155639488,0.4979633474391805,27.647875100792174,352,273,79,77.55681818181817,773.1103754033959,-1553.9210201288824,3978.0298686926344,-10692.244861424344,1.7192859571445558,8.059659090909092,64,102,62.745098039215684,18.002264465101582,-26.502268248281744,1.9579571958430881,,1.1602156704534505,990
30,0.28,0.08,0.45,0.5,20,15,20000,104648.95243073528,84648.95243073528,423.2447621536764,21.526811875452623,0.7734934158772498,0.7725799612860813,-43.22971155639488,0.4979633474391805,27.647875100792174,352,273,79,77.55681818181817,773.1103754033959,-1553.9210201288824,3978.0298686926344,-10692.244861424344,1.7192859571445558,8.059659090909092,64,102,62.745098039215684,18.002264465101582,-26.502268248281744,1.9579571958430881,,1.1540337547002752,1062
30,0.28,0.08,0.45,0.5,18,15,20000,104648.95243073528,84648.95243073528,423.2447621536764,21.526811875452623,0.7734934158772498,0.7725799612860813,-43.22971155639488,0.4979633474391805,27.647875100792174,352,273,79,77.55681818181817,773.1103754033959,-1553.9210201288824,3978.0298686926344,-10692.244861424344,1.7192859571445558,8.059659090909092,64,102,62.745098039215684,18.002264465101582,-26.502268248281744,1.9579571958430881,,1.1602156704534505,990
35,0.3,0.16,0.6,0.7,18,15,20000,131629.15886121427,111629.15886121427,558.1457943060714,24.855654321838628,0.7734830597963549,0.8304836952110236,-45.27467697169275,0.5489968340884954,33.459300153552554,318,244,74,76.72955974842768,1092.5824933743972,-2025.0389804382914,6704.973533782095,-14052.522932042602,1.779012323850683,14.50943396226415,64,102,62.745098039215684,19.762912030831625,-23.164180152163482,2.2963253920361977,,1.0675243696513692,8
40,0.24,0.16,0.5,0.3,18,10,20000,123606.08341545277,103606.08341545277,518.0304170772638,23.93400980810929,0.7717861600775545,0.8562869417458464,-45.29146286996924,0.5284441767055149,31.95567329492845,480,378,102,78.75,861.9364933369928,-2096.370333026655,4921.064295790137,-10351.703075501871,1.5236979791647087,13.30625,65,102,63.725490196078425,17.605406141360035,-20.969364498405664,2.2214480600430058,,0.6794903703012278,2
35,0.3,0.08,0.5,0.5,20,15,20000,97205.89755355127,77205.89755355127,386.02948776775634,20.475056555580238,0.7710262064889658,0.7803861793134232,-41.48075281356369,0.4936037840876685,26.02852873747804,259,213,46,82.23938223938224,848.3218167411262,-2188.7813888140377,3171.128621744883,-10283.129966973262,1.7946510634450796,11.895752895752896,61,102,59.80392156862745,15.930006297984821,-15.865550731336953,1.821075135430665,,1.1724174188067022,786
35,0.3,0.08,0.5,0.5,18,15,20000,97205.89755355127,77205.89755355127,386.02948776775634,20.475056555580238,0.7710262064889658,0.7803861793134232,-41.48075281356369,0.4936037840876685,26.02852873747804,259,213,46,82.23938223938224,848.3218167411262,-2188.7813888140377,3171.128621744883,-10283.129966973262,1.7946510634450796,11.895752895752896,61,102,59.80392156862745,15.930006297984821,-15.865550731336953,1.821075135430665,,1.1766381952288558,716
40,0.28,0.08,0.6,0.3,20,20,20000,63161.45278584791,43161.45278584791,215.80726392923958,14.508558891864087,0.7702433062804308,0.5908149533173892,-33.300591164904176,0.4356847246350029,16.868890904288016,125,101,24,80.80000000000001,925.9930435454884,-2077.0435255102725,2502.299213283882,-5523.591085048274,1.8761703082894738,13.392,53,102,51.9607843137255,10.77987066821471,-12.167128280686534,1.2426544427534738,,0.6629260949660195,3
35,0.3,0.1,0.5,0.5,18,15,20000,106847.57669653288,86847.57669653288,434.2378834826644,21.82486061661699,0.7698510419355182,0.7927209244763329,-47.60749829731196,0.4584332594063082,28.34317006700203,289,232,57,80.27681660899654,877.1292423659659,-1988.5237407286886,3933.6258419913597,-10076.850092235705,1.795336824816817,12.134948096885813,63,102,61.76470588235294,17.968006749451646,-18.341362625330493,1.9719195046104034,,1.1755117435705864,722
35,0.3,0.1,0.5,0.5,20,15,20000,106847.57669653288,86847.57669653288,434.2378834826644,21.82486061661699,0.7698510419355182,0.7927209244763329,-47.60749829731196,0.4584332594063082,28.34317006700203,289,232,57,80.27681660899654,877.1292423659659,-1988.5237407286886,3933.6258419913597,-10076.850092235705,1.795336824816817,12.134948096885813,63,102,61.76470588235294,17.968006749451646,-18.341362625330493,1.9719195046104034,,1.1707900203180983,799
40,0.18,0.12,0.5,0.3,24,10,20000,95149.2992093749,75149.2992093749,375.74649604687454,20.1719243697855,0.7665638980950015,0.8215182617248319,-39.00180310638934,0.5172049178024003,25.77246390375116,496,394,102,79.43548387096774,491.0839461592183,-1109.1340710677275,2566.7958496267483,-6455.265233753782,1.7102820616863386,11.058467741935484,66,102,64.70588235294117,13.764562420794647,-20.7300491235343,1.7990723043762236,,0.8155538553843186,3
35,0.2,0.14,0.6,0.7,22,20,20000,79213.39854947953,59213.398549479534,296.06699274739765,17.604613016706793,0.7650283774813444,0.6119271398198329,-33.16374490296,0.5308391156734387,21.682397817317074,184,144,40,78.26086956521739,887.5001563343126,-1646.4480990665331,3548.9872117098344,-8229.149356058664,1.9405413171632655,11.11413043478261,49,102,48.03921568627451,17.829199289070697,-17.27696570282784,1.512554982705223,,0.4882586557481746,7
30,0.26,0.1,0.45,0.3,20,15,20000,106892.73440674227,86892.73440674227,434.4636720337113,21.83092535353628,0.7632725228055557,0.7541994583026407,-42.28188974249718,0.5163185819387396,28.778158310968482,391,305,86,78.00511508951406,877.6136026146601,-2047.3470597530415,4104.420526083154,-12066.97745498483,1.520243884228237,7.621483375959079,60,102,58.82352941176471,18.325452464381485,-21.02458703481083,2.0255558236620637,,1.0359973607152235,280
30,0.3,0.1,0.5,0.5,24,20,20000,74917.8635704547,54917.863570454705,274.58931785227355,16.834671772687425,0.7624194939118658,0.5892680463919119,-36.28565000922262,0.46394846911681625,20.611390795005825,247,180,67,72.8744939271255,839.9688226762244,-1412.8645449442577,2818.735058341244,-9631.87022240712,1.5972038268007902,5.5951417004048585,46,102,45.09803921568628,13.664902184821726,-14.563695868572157,1.4791532535155973,,0.8651758666950852,13
30,0.28,0.12,0.5,0.3,20,15,20000,116266.18840348255,96266.18840348255,481.3309420174128,23.043393806475887,0.7617710493166489,0.7649108070569605,-46.17019167381545,0.4990967758867787,31.043266952662492,404,307,97,75.99009900990099,944.058504414673,-1941.0171283689306,4661.924697439678,-14063.898585917344,1.539345768769034,8.366336633663366,61,102,59.80392156862745,22.205366637831926,-20.896856628136838,2.1643573077338125,,1.1467898849027864,198
35,0.28,0.08,0.45,0.5,18,15,20000,96095.25591198106,76095.25591198106,380.4762795599053,20.312064202489964,0.7590665380128472,0.762954745532648,-38.338863698097356,0.5298035007620215,26.38303598122259,290,244,46,84.13793103448276,760.4693675865713,-2318.320809932881,3240.972422772581,-10283.129966973262,1.7399636924625357,10.641379310344828,62,102,60.78431372549019,16.098190423849612,-16.830482793433333,1.8085055128324912,,1.1602156704534505,990
35,0.28,0.08,0.45,0.5,20,15,20000,96095.25591198106,76095.25591198106,380.4762795599053,20.312064202489964,0.7590665380128472,0.762954745532648,-38.338863698097356,0.5298035007620215,26.38303598122259,290,244,46,84.13793103448276,760.4693675865713,-2318.320809932881,3240.972422772581,-10283.129966973262,1.7399636924625357,10.641379310344828,62,102,60.78431372549019,16.098190423849612,-16.830482793433333,1.8085055128324912,,1.1540337547002752,1062
30,0.28,0.1,0.4,0.3,18,15,20000,105454.46501804488,85454.46501804488,427.2723250902244,21.63664399793772,0.7527742422433554,0.7538379715108317,-46.79663091243738,0.462354737425921,29.08383751700349,384,304,80,79.16666666666666,857.1558648097613,-2129.1671073770012,3873.7131241762945,-9653.581963987863,1.5297964518575282,7.057291666666667,61,102,59.80392156862745,19.977317956341658,-24.51529969867261,2.0129832013741535,,1.1680494039068507,706
45,0.22,0.16,0.6,0.5,18,20,20000,76228.82613177299,56228.82613177299,281.1441306588649,17.07369378553405,0.7509014896397588,0.6009259794073685,-36.411925077373,0.4689039030277457,21.434857468023694,154,124,30,80.51948051948052,917.9060262505996,-1853.5907041100377,3176.0389619641583,-9113.94391914542,2.0468443042773883,16.006493506493506,51,102,50.0,12.648922628804971,-14.789185449035813,1.4881514453617766,,0.5396705785003746,4
35,0.3,0.12,0.4,0.9,18,15,20000,110727.62969687098,90727.62969687098,453.6381484843549,22.33789069212728,0.7506888727192284,0.8048026076458198,-43.81997590599761,0.5097650153903875,30.437605297999543,278,231,47,83.09352517985612,926.504891656092,-2538.0194195224813,4474.605947724492,-11098.427612243782,1.7941836627066756,10.388489208633093,60,102,58.82352941176471,19.677972824425982,-20.50508305885044,2.0448868029375125,,1.1140807229122232,35
35,0.3,0.1,0.45,0.5,18,15,20000,102580.45143421958,82580.45143421958,412.9022571710979,21.241315889823163,0.7500659083426661,0.7761706642746137,-49.45209432229543,0.42953319128178025,28.5133700637531,304,253,51,83.22368421052632,816.3710573920881,-2363.5798387282885,3576.0234927194188,-10076.850092235705,1.7134351331534279,10.927631578947368,62,102,60.78431372549019,18.357034416365757,-16.225576745126645,1.9276794000880495,,1.1764844479974255,906
35,0.24,0.16,0.4,0.9,20,15,20000,119079.09332764168,99079.09332764168,495.3954666382084,23.390418199658434,0.7470901688162613,0.8047102268373582,-49.54523915099122,0.47210223626886005,32.69952521269124,337,286,51,84.86646884272997,810.5922639279167,-2456.2502738846965,4481.385409256388,-12473.160434341982,1.8506559827027909,10.498516320474778,61,102,59.80392156862745,19.69782493339658,-24.24444863320452,2.158376162382624,,0.7854326728402431,2
30,0.28,0.08,0.4,0.7,18,15,20000,101374.6721343291,81374.6721343291,406.87336067164546,21.072541634132435,0.7458714303239773,0.750763520961801,-45.93366478946689,0.4587602955417702,28.48310218721729,370,294,76,79.45945945945945,698.1272638487342,-1580.4792628024836,3563.51907870141,-10692.244861424344,1.708753963718429,7.527027027027027,62,102,60.78431372549019,18.067369982183635,-20.42597667951217,1.928022440483259,,1.1802074403221288,704
35,0.3,0.08,0.45,0.7,18,15,20000,94127.53773541444,74127.53773541444,370.6376886770722,20.019166756248374,0.7412446823939581,0.7688298492197486,-39.98331026359692,0.5006880777071367,26.837043347791646,275,231,44,84.0,728.0721483132264,-2078.399021488798,3171.128621744883,-9593.496527648718,1.8390976608074003,10.654545454545454,63,102,61.76470588235294,16.95574980085508,-19.810839191999484,1.7846167152375811,,1.1903805046951828,777
35,0.3,0.08,0.45,0.7,20,15,20000,94127.53773541444,74127.53773541444,370.6376886770722,20.019166756248374,0.7412446823939581,0.7688298492197486,-39.98331026359692,0.5006880777071367,26.837043347791646,275,231,44,84.0,728.0721483132264,-2078.399021488798,3171.128621744883,-9593.496527648718,1.8390976608074003,10.654545454545454,63,102,61.76470588235294,16.95574980085508,-19.810839191999484,1.7846167152375811,,1.1851160619384518,829
35,0.2,0.14,0.4,0.7,20,10,20000,112655.06201696354,92655.06201696354,463.2753100848177,22.586869678052814,0.7404207582256024,0.8366851364047634,-49.90888706151921,0.4525620787779049,31.698100227259,449,373,76,83.07349665924276,661.7032297061958,-1902.7940492249925,4173.915191102177,-13469.63644463451,1.7067374158276325,10.369710467706014,66,102,64.70588235294117,17.09738135674117,-24.0938438524924,2.152394948458208,,0.7631687836370049,2
30,0.2,0.16,0.4,0.7,18,20,20000,79130.72113954036,59130.72113954036,295.6536056977018,17.59014522137079,0.7386586239253043,0.5575269230256117,-36.449411729699484,0.4825906478769888,22.80434020517766,216,168,48,77.77777777777779,957.0865908859136,-1991.2713776936018,3389.5858620331055,-11544.325867624317,1.6822433675417061,7.101851851851852,48,102,47.05882352941176,15.242944949354232,-17.444093172741006,1.543318097024978,,0.7386586239253043,1
35,0.3,0.1,0.4,0.5,20,15,20000,99233.19869722567,79233.19869722567,396.16599348612834,20.76838272499424,0.7360726690667638,0.7622808631978266,-48.39509949912615,0.42914226729442406,28.53266243521989,288,241,47,83.68055555555556,802.5282727087279,-2359.60236397098,3482.550336358415,-10076.850092235705,1.743976800570307,10.215277777777779,60,102,58.82352941176471,18.46448597965049,-16.311241319849568,1.8906281660663813,,1.176489579402097,785
30,0.16,0.08,0.55,0.5,24,10,20000,81045.41963209382,61045.41963209382,305.2270981604691,17.921830136699747,0.7357326229955274,0.7735521168109856,-37.46002352589317,0.47842549069174484,23.51146989877403,653,471,182,72.12863705972435,458.49566577719645,-802.213405464775,2430.471882616498,-7877.948851799786,1.4790908100478115,5.725880551301684,66,102,64.70588235294117,12.735123992532692,-16.498614883389827,1.5935510287619192,,0.7357326229955274,1
35,0.28,0.08,0.5,0.5,20,15,20000,90288.60122022986,70288.60122022986,351.4430061011493,19.431839305014908,0.7338630663861244,0.7353459981311807,-39.65584716145653,0.49001195778012957,26.234723471666577,264,213,51,80.68181818181817,814.7139759526026,-1972.6110418714636,3154.9046476830968,-8278.222756124847,1.7249365871754045,11.632575757575758,60,102,58.82352941176471,15.446982166054868,-18.92269473209085,1.752317256548079,,1.1556013247011778,884
35,0.28,0.08,0.5,0.5,18,15,20000,90288.60122022986,70288.60122022986,351.4430061011493,19.431839305014908,0.7338630663861244,0.7353459981311807,-39.65584716145653,0.49001195778012957,26.234723471666577,264,213,51,80.68181818181817,814.7139759526026,-1972.6110418714636,3154.9046476830968,-8278.222756124847,1.7249365871754045,11.632575757575758,60,102,58.82352941176471,15.446982166054868,-18.92269473209085,1.752317256548079,,1.1601528963223198,798
30,0.3,0.08,0.55,0.3,18,15,20000,93558.06807775199,73558.06807775199,367.79034038875994,19.933392674061956,0.7332176017118882,0.7234332267085613,-45.694089238205386,0.4362356927642931,27.2058719734052,353,267,86,75.63739376770539,849.7076850195598,-1744.679259356762,3520.8439947947486,-10365.776102347027,1.5120521082486975,8.861189801699716,58,102,56.86274509803921,20.190200811648506,-19.914113997933246,1.8493027334438186,,1.1426311950212318,148
35,0.26,0.08,0.4,0.5,20,15,20000,88801.99043792445,68801.99043792445,344.00995218962225,19.19846679431332,0.7290370783402156,0.7325322154252047,-40.77327950599135,0.4708590289258493,26.08300077110297,282,240,42,85.1063829787234,699.6824815462517,-2294.3145452296894,2880.8643757978493,-9933.867307349818,1.7426492880623985,9.677304964539006,62,102,60.78431372549019,14.83652685358734,-16.853473853271737,1.7178354182362123,,1.0312841428507433,260
30,0.2,0.08,0.6,0.5,20,20,20000,63117.79337666631,43117.79337666631,215.58896688333155,14.49923094846126,0.728883085785333,0.5238952717176348,-32.939579841879386,0.44017656017660967,18.123252200062733,183,146,37,79.78142076502732,714.0189798434366,-1616.1210183912285,1887.3696910923497,-7345.391458025535,1.743359727878755,8.185792349726777,48,102,47.05882352941176,12.728871847714519,-14.503001943341632,1.2600991861840063,,0.728883085785333,1
30,0.28,0.08,0.45,0.7,22,15,20000,92125.70719260653,72125.70719260653,360.6285359630326,19.715595447028612,0.728201057007517,0.7384905912167242,-37.38522052577664,0.5273633582938198,27.078362135662402,422,307,115,72.74881516587678,767.3497324908986,-1406.2242166341891,3711.6599855255254,-7007.774834800401,1.4567308194530353,6.286729857819905,59,102,57.84313725490197,17.385622594086712,-17.86138956679153,1.777078188303209,,1.1587021942465594,442
30,0.26,0.08,0.45,0.3,18,15,20000,90855.78760384806,70855.78760384806,354.2789380192403,19.51998526608021,0.7278815314198595,0.7019966596421734,-39.105080380778205,0.49916750140923133,26.76762598782339,379,298,81,78.62796833773086,737.5047116511587,-1793.2517447492962,3207.1671708312692,-7350.765302756201,1.5130552344954677,7.54089709762533,60,102,58.82352941176471,16.973882636367144,-18.53839914684885,1.780559471254228,,1.036312647649114,253
45,0.24,0.12,0.4,0.5,18,20,20000,69329.37896700903,49329.378967009034,246.64689483504517,15.772453617234605,0.7273164126692462,0.5722954978448029,-29.784633481161688,0.5295500321402455,20.23097533229284,129,114,15,88.37209302325581,914.1755691472711,-3580.7623943853246,2417.3451113981428,-8611.89472698084,1.9402947083038478,10.775193798449612,52,102,50.98039215686274,12.696813740837598,-14.041262397234366,1.356865306654628,,0.7273164126692462,1
35,0.3,0.12,0.4,0.5,18,15,20000,102267.61950518933,82267.61950518933,411.33809752594664,21.197697282923798,0.724712176140643,0.7571465045415589,-50.136936786145405,0.4227960190974704,30.121761504347432,286,236,50,82.51748251748252,882.5137503008182,-2443.4090280936625,4130.405490207222,-10076.850092235705,1.7047759313019073,10.513986013986013,62,102,60.78431372549019,20.168760283455622,-18.69933889016463,1.9706624134366204,,1.1779688796930026,209
40,0.26,0.14,0.5,0.9,18,20,20000,77995.03567387973,57995.03567387973,289.97517836939863,17.3900488754972,0.7226860536996931,0.5936104157051137,-40.336693566112096,0.4311223191111289,23.1649517906547,139,115,24,82.73381294964028,1057.3095349943128,-2598.3025354360902,3809.2617632900397,-7859.34800135289,1.949840246116981,12.482014388489208,49,102,48.03921568627451,13.839126539844404,-22.946960012645924,1.5827700499814876,,0.6053915516591438,5
40,0.28,0.1,0.55,0.9,20,20,20000,68484.25864399911,48484.258643999114,242.42129321999556,15.605289501745778,0.7195190372081949,0.5911408635693539,-31.56684044057918,0.49435703047699303,20.25073799523565,128,108,20,84.375,892.6897060579184,-2365.956480512805,2874.582181490783,-6212.223352730795,2.037452697214424,13.1796875,50,102,49.01960784313725,11.79376606861191,-19.854647240455414,1.368919649820408,,0.6250077355385408,6
30,0.22,0.12,0.55,0.5,20,20,20000,74725.42206183945,54725.42206183945,273.62711030919723,16.799274691257327,0.7190120507657201,0.5395220783580909,-39.944687910554705,0.4205634233236406,22.34667054691595,211,162,49,76.77725118483413,926.2272374547201,-1896.3998042005094,3587.7406053564714,-9329.172007631874,1.6147547873726882,8.369668246445498,48,102,47.05882352941176,18.186592451417603,-16.778897572116115,1.5064286059574603,,0.7225925832688183,6
35,0.3,0.08,0.45,0.5,22,15,20000,85912.90994339595,65912.90994339595,329.56454971697974,18.73489837714164,0.7180984542522869,0.7226805129351792,-43.15459259475333,0.43413452081620163,25.857204356906532,297,238,59,80.13468013468014,732.1815828522463,-1821.1849826721166,2856.071130138615,-10283.129966973262,1.6217715795945011,9.878787878787879,62,102,60.78431372549019,15.23586697604944,-17.56269143974476,1.7014628361155126,,1.1596173393612643,451
30,0.28,0.08,0.5,0.3,20,15,20000,89015.20839651569,69015.20839651569,345.0760419825785,19.23214911439237,0.717341808664576,0.7044656354618278,-40.31465568169455,0.4770510572194966,26.853284825904577,364,284,80,78.02197802197803,740.8218145389086,-1728.197314557404,3009.140286898469,-10365.776102347027,1.5217691981465986,8.214285714285714,61,102,59.80392156862745,17.734783525827847,-21.819265028741597,1.7866700582747808,,1.1587183703862682,755
30,0.3,0.1,0.4,0.3,22,15,20000,95447.27024847662,75447.27024847662,377.2363512423831,20.216199728598294,0.7170247471378552,0.7111949127288559,-44.474330071836235,0.45455883643316264,28.77805921306666,463,330,133,71.2742980561555,944.9894702851344,-1757.4749578631136,4120.705363660104,-11813.991657474338,1.334136059950446,5.829373650107992,59,102,57.84313725490197,18.774462556716422,-18.768194949091665,1.8831660041792815,,1.17260012326358,313
35,0.28,0.12,0.6,0.3,24,20,20000,66138.71477415512,46138.714774155116,230.69357387077557,15.13162094964773,0.7157202726730441,0.5454982524380061,-34.48273176435942,0.43881734930546984,19.633424657430044,160,117,43,73.125,1037.660033006113,-1726.3420718037212,3108.8073701152375,-6715.07609911617,1.63548151958879,9.83125,47,102,46.07843137254902,14.960768586518558,-19.228729294793833,1.367816506199886,,0.8784454676263918,10
45,0.18,0.1,0.55,0.7,18,20,20000,61521.511276542544,41521.511276542544,207.60755638271272,14.154209939556228,0.7136320357872108,0.5648873170935058,-24.97443948330516,0.5667478522998681,18.049148113860358,126,110,16,87.3015873015873,700.6921210307238,-2153.1826273023107,2136.545340371933,-6634.293757456702,2.2372734532609964,13.738095238095237,54,102,52.94117647058824,15.350604886267917,-15.921145753399625,1.21226892934608,,0.3712274892406449,6
30,0.3,0.14,0.4,0.3,20,20,20000,82531.11644851911,62531.11644851911,312.65558224259553,18.174468848176307,0.7136236889831857,0.5455324852839658,-40.28319757447888,0.45116748278420193,25.084704328086676,225,172,53,76.44444444444444,1139.6997380069652,-2478.6875186543125,4105.408398649373,-11540.694115772614,1.4921801068213043,6.875555555555556,45,102,44.11764705882353,19.161721761407,-18.19022573548691,1.6767368039576473,,0.6898271351768142,5
30,0.28,0.08,0.4,0.3,20,15,20000,87399.36193514288,67399.36193514288,336.9968096757144,18.975096313567576,0.7111457407182754,0.7000295486324165,-43.10732109377724,0.44018268433541624,26.736036648250195,400,318,82,79.5,655.775580756213,-1677.5488442383396,3299.253320467133,-9299.004094218802,1.515979519737904,6.975,60,102,58.82352941176471,18.18748003453472,-23.962691770760557,1.760597484149107,,1.1631486074308763,733
40,0.3,0.12,0.5,0.3,24,15,20000,86310.4748558799,66310.4748558799,331.5523742793995,18.799498441778685,0.7076595305897786,0.7348696672176886,-42.96723247759815,0.4375310523334308,26.591356766719898,275,199,76,72.36363636363636,912.4587690834261,-1497.8669771650148,3068.5548583746813,-6242.983123268341,1.5950690462168655,11.389090909090909,60,102,58.82352941176471,16.994924468409778,-16.188927780782024,1.7151717884164481,,0.9992899856851751,7
30,0.22,0.12,0.5,0.7,24,15,20000,87859.48140743306,67859.48140743306,339.2974070371653,19.048717332056665,0.7038651471274214,0.7092037557042268,-44.03324951590716,0.43259849185500726,27.32354544338339,516,352,164,68.21705426356588,701.0659205145929,-1047.9397954458632,3684.651626962171,-8050.913188133685,1.4358905543301828,5.631782945736434,61,102,59.80392156862745,17.107657360261342,-17.763919464417523,1.7366454100254098,,0.8302070559478596,5
35,0.3,0.08,0.45,0.5,18,15,20000,85105.4622408753,65105.462240875306,325.52731120437653,18.60288089433766,0.7028390005554522,0.7058931408571493,-39.555793627428265,0.4702947201503825,26.50317727493584,282,239,43,84.75177304964538,696.6766751117457,-2301.2261739262217,2774.737544026773,-9933.867307349818,1.68267952748137,10.705673758865249,62,102,60.78431372549019,16.25080306359543,-17.934432621740815,1.6932544051938163,,1.176604766327098,886
35,0.3,0.08,0.45,0.5,20,15,20000,85105.4622408753,65105.462240875306,325.52731120437653,18.60288089433766,0.7028390005554522,0.7058931408571493,-39.555793627428265,0.4702947201503825,26.50317727493584,282,239,43,84.75177304964538,696.6766751117457,-2301.2261739262217,2774.737544026773,-9933.867307349818,1.68267952748137,10.705673758865249,62,102,60.78431372549019,16.25080306359543,-17.934432621740815,1.6932544051938163,,1.1708392483476742,946
35,0.3,0.08,0.45,0.5,18,15,20000,85105.4622408753,65105.462240875306,325.52731120437653,18.60288089433766,0.7028390005554522,0.7058931408571493,-39.555793627428265,0.4702947201503825,26.50317727493584,282,239,43,84.75177304964538,696.6766751117457,-2301.2261739262217,2774.737544026773,-9933.867307349818,1.68267952748137,10.705673758865249,62,102,60.78431372549019,16.25080306359543,-17.934432621740815,1.6932544051938163,,1.176604766327098,886
35,0.3,0.08,0.45,0.5,20,15,20000,85105.4622408753,65105.462240875306,325.52731120437653,18.60288089433766,0.7028390005554522,0.7058931408571493,-39.555793627428265,0.4702947201503825,26.50317727493584,282,239,43,84.75177304964538,696.6766751117457,-2301.2261739262217,2774.737544026773,-9933.867307349818,1.68267952748137,10.705673758865249,62,102,60.78431372549019,16.25080306359543,-17.934432621740815,1.6932544051938163,,1.1708392483476742,946
35,0.3,0.08,0.45,0.5,18,15,20000,85105.4622408753,65105.462240875306,325.52731120437653,18.60288089433766,0.7028390005554522,0.7058931408571493,-39.555793627428265,0.4702947201503825,26.50317727493584,282,239,43,84.75177304964538,696.6766751117457,-2301.2261739262217,2774.737544026773,-9933.867307349818,1.68267952748137,10.705673758865249,62,102,60.78431372549019,16.25080306359543,-17.934432621740815,1.6932544051938163,,1.176604766327098,886
35,0.3,0.08,0.45,0.5,20,15,20000,85105.4622408753,65105.462240875306,325.52731120437653,18.60288089433766,0.7028390005554522,0.7058931408571493,-39.555793627428265,0.4702947201503825,26.50317727493584,282,239,43,84.75177304964538,696.6766751117457,-2301.2261739262217,2774.737544026773,-9933.867307349818,1.68267952748137,10.705673758865249,62,102,60.78431372549019,16.25080306359543,-17.934432621740815,1.6932544051938163,,1.1708392483476742,946
35,0.3,0.08,0.45,0.5,18,15,20000,85105.4622408753,65105.462240875306,325.52731120437653,18.60288089433766,0.7028390005554522,0.7058931408571493,-39.555793627428265,0.4702947201503825,26.50317727493584,282,239,43,84.75177304964538,696.6766751117457,-2301.2261739262217,2774.737544026773,-9933.867307349818,1.68267952748137,10.705673758865249,62,102,60.78431372549019,16.25080306359543,-17.934432621740815,1.6932544051938163,,1.176604766327098,886
45,0.3,0.16,0.45,0.7,22,15,20000,98870.63651351744,78870.63651351744,394.3531825675872,20.716314895913367,0.7017771824935086,0.7638335858187782,-52.666839626491566,0.39334645941984725,30.84659828323742,267,218,49,81.64794007490637,953.3503310988453,-2593.428429547419,4239.203717421226,-11676.144998761703,1.6354552601514176,14.464419475655431,62,102,60.78431372549019,20.77807474690989,-23.471281357287722,1.9782676292245907,,0.836965120867884,3
40,0.2,0.16,0.55,0.7,18,15,20000,92936.3468761055,72936.3468761055,364.6817343805275,19.839220896657707,0.6992488144925991,0.7203181779263405,-50.9299094216234,0.3895396854610257,29.213755407458002,313,255,58,81.46964856230032,674.0037688728049,-1580.3312334085178,3216.364166128806,-12628.036782593175,1.8751084389579855,14.792332268370608,67,102,65.68627450980392,15.690560193953518,-23.671925288418873,1.8094637610076172,,0.7943454115230913,4
45,0.28,0.14,0.6,0.9,20,15,20000,93993.43271854823,73993.43271854823,369.9671635927411,19.999009019275917,0.696306900820449,0.7543376174799876,-42.06299116087918,0.4754538007719256,29.725849030824563,230,189,41,82.17391304347827,901.9305528715649,-2363.914508961369,3825.0324912283677,-11556.278005616005,1.7588114332878282,18.408695652173915,65,102,63.725490196078425,16.486155503170274,-21.09049773633086,1.860266751659274,,0.8941740327166866,2
45,0.28,0.14,0.4,0.3,22,15,20000,87536.4145726953,67536.4145726953,337.6820728634765,18.99706098708267,0.6955462002505888,0.7223099372351376,-41.55837700473796,0.457117490053013,27.750605747793227,285,236,49,82.80701754385966,769.9620395761938,-2268.7201728709792,2692.550934709315,-7686.8180555840045,1.6345729381346807,12.0,60,102,58.82352941176471,18.204343491070894,-18.246742339677148,1.7674294210968127,,0.6955462002505888,1
35,0.3,0.08,0.4,0.5,18,15,20000,83365.44703490435,63365.447034904355,316.8272351745218,18.314590483116522,0.6945953095036909,0.7078706685310837,-38.83581734334753,0.47159019008656866,26.439490188739732,270,228,42,84.44444444444444,709.6941694814151,-2283.947285115565,2545.128722814219,-9933.867307349818,1.6868276761806262,10.225925925925926,61,102,59.80392156862745,16.008329153183,-17.49673394368655,1.6696728518412665,,1.182009418093582,723
35,0.3,0.08,0.4,0.5,20,15,20000,83365.44703490435,63365.447034904355,316.8272351745218,18.314590483116522,0.6945953095036909,0.7078706685310837,-38.83581734334753,0.47159019008656866,26.439490188739732,270,228,42,84.44444444444444,709.6941694814151,-2283.947285115565,2545.128722814219,-9933.867307349818,1.6868276761806262,10.225925925925926,61,102,59.80392156862745,16.008329153183,-17.49673394368655,1.6696728518412665,,1.176022139912085,767
30,0.16,0.12,0.45,0.9,18,15,20000,87191.84852177901,67191.84852177901,335.95924260889507,18.941781375692536,0.6921712825525557,0.6787623837221766,-45.27311111848793,0.41838921398881695,27.880092125388394,409,329,80,80.440097799511,606.9418524341983,-1525.2177112132351,2731.27847939661,-11072.908249947075,1.636519396401552,7.65281173594132,62,102,60.78431372549019,15.09918233215326,-19.747472420983602,1.7165689605163648,,0.6689021479393568,3
35,0.18,0.16,0.55,0.9,24,20,20000,59642.193095429124,39642.193095429124,198.21096547714563,13.737742679466303,0.6865862788923419,0.4797361025227462,-24.67945724825639,0.5566468719824411,18.31080886006021,133,99,34,74.43609022556392,852.0425010387564,-1218.1504266884622,2075.2063243476587,-8373.040199386993,2.0366509981700913,9.571428571428571,41,102,40.19607843137255,10.733230795181491,-16.04104050126942,1.1999442296255654,,0.7258073281868431,2
35,0.26,0.08,0.4,0.3,24,15,20000,72434.32420986092,52434.32420986092,262.1716210493046,16.37156095426391,0.6859144989156312,0.6798613512762739,-37.92762875573121,0.43165263664921355,23.16027422693686,354,278,76,78.53107344632768,514.3640014796376,-1175.521313371123,1900.9683912248224,-4692.680549400513,1.6005574313559108,8.180790960451978,60,102,58.82352941176471,14.504372374809993,-19.126203037476298,1.4849073906204406,,1.007907506009421,15
35,0.18,0.16,0.55,0.3,18,10,20000,83407.475225356,63407.475225356,317.03737612678,18.32161612668437,0.6834751410432518,0.6885299423150631,-47.19511163290733,0.38821003898016876,27.21513089134291,317,256,61,80.7570977917981,890.0887378414473,-2569.606550115314,3029.934500632716,-9027.025843084397,1.4537067455077193,11.473186119873818,66,102,64.70588235294117,14.995315588188586,-20.107889957431947,1.7610319552298117,,0.6834751410432518,1
35,0.3,0.16,0.4,0.7,24,15,20000,96598.24942837365,76598.24942837365,382.9912471418682,20.386085857527767,0.6831030903418029,0.7379750447958899,-52.031580849564904,0.39180216177687477,31.680979532011644,371,279,92,75.2021563342318,810.5157162751914,-1592.5023755986708,3653.1879166504905,-11417.674882284615,1.5434683469246733,9.336927223719677,59,102,57.84313725490197,22.30294632216323,-20.664747833298826,1.9753079095856838,,0.8899555920062183,2
45,0.16,0.1,0.5,0.7,24,10,20000,76946.58270082258,56946.582700822575,284.73291350411284,17.20302702481984,0.6825238627757446,0.7367025222313617,-38.62572364957188,0.44537746867586553,24.940104859065844,392,329,63,83.92857142857143,400.36258885109396,-1132.7188505651447,1747.2240611276454,-4903.191406326861,1.8458087877688736,13.357142857142858,70,102,68.62745098039215,14.987133499226823,-20.042611648049046,1.5552397259583173,,0.6825238627757446,1
30,0.28,0.08,0.45,0.3,18,15,20000,81486.76281369559,61486.76281369559,307.43381406847794,17.99730303484268,0.6811646251689789,0.6701123806587983,-41.604073737120515,0.4325851153077084,26.678635001000888,380,294,86,77.36842105263158,653.9790148110234,-1483.8796740625269,2850.815262961128,-6300.655973791029,1.5066556546832366,7.592105263157895,62,102,60.78431372549019,17.297381675731426,-21.588607360562474,1.6952826219219908,,1.1630602294700514,845
30,0.28,0.08,0.45,0.3,20,15,20000,81486.76281369559,61486.76281369559,307.43381406847794,17.99730303484268,0.6811646251689789,0.6701123806587983,-41.604073737120515,0.4325851153077084,26.678635001000888,380,294,86,77.36842105263158,653.9790148110234,-1483.8796740625269,2850.815262961128,-6300.655973791029,1.5066556546832366,7.592105263157895,62,102,60.78431372549019,17.297381675731426,-21.588607360562474,1.6952826219219908,,1.1578207525606028,905
45,0.24,0.12,0.55,0.3,22,20,20000,58191.3775981908,38191.3775981908,190.956887990954,13.408239502915809,0.6792087303058832,0.5112639954855409,-36.230338982447854,0.37008319213937146,18.007178246042592,124,101,23,81.45161290322581,926.7940291372554,-2369.6617106379113,2815.4042060681554,-5720.436123909635,1.7174749591552838,13.088709677419354,51,102,50.0,10.752335117936983,-18.006820178850425,1.199686749713785,,0.43057134066845465,6
35,0.16,0.08,0.6,0.3,18,20,20000,52084.42176704428,32084.42176704428,160.42210883522142,11.936536418808718,0.6780136619533123,0.47374788503153825,-30.462328403347232,0.3918458320309198,15.482714761329785,160,133,27,83.125,559.7908133413068,-1525.9391261981334,1557.0378466482246,-6269.624750804405,1.8070760708543898,10.93125,57,102,55.88235294117647,9.679188265688587,-13.111131894106832,1.0386196470022637,,0.6780136619533123,1
40,0.16,0.08,0.5,0.3,18,10,20000,70027.28810266967,50027.28810266967,250.13644051334833,15.909149684137326,0.675990254793001,0.6953689501331531,-37.94807215250079,0.41923472739810597,22.79496101341759,390,334,56,85.64102564102564,397.31554981896585,-1412.057288462422,2023.8901498160708,-4982.514789524741,1.6781921507088307,11.743589743589743,66,102,64.70588235294117,11.280207440629809,-17.788484054117504,1.4306817357858863,,0.675990254793001,1
45,0.22,0.08,0.55,0.3,22,20,20000,50426.29820185253,30426.29820185253,152.13149100926265,11.510693242459169,0.6754947534251843,0.49417385242677636,-25.243501861187617,0.4559863883289936,14.821367256814849,124,105,19,84.67741935483872,654.5456592646832,-1986.420843207324,2062.896808806535,-4753.765915053441,1.8209766697199061,12.5,51,102,50.0,12.649537007905366,-11.02215009833426,1.0020551730801375,,0.5543086533355841,5
45,0.2,0.12,0.5,0.3,20,20,20000,56330.18750793132,36330.18750793132,181.6509375396566,12.974753857663224,0.6716185353609858,0.5095092234541486,-34.2077198556154,0.3792931511491357,17.50195987535897,158,138,20,87.34177215189874,680.5998767687245,-2807.5447743076334,1867.6773357017735,-6090.629912945715,1.6726853985302195,11.879746835443038,50,102,49.01960784313725,15.16364301675701,-13.030155627481932,1.1489461342624412,,0.4739115658623091,2
45,0.28,0.08,0.4,0.3,20,20,20000,52830.413909268565,32830.413909268565,164.15206954634283,12.124234636275144,0.6714108295251888,0.5104172314236425,-26.289671122460277,0.46117863474971144,15.999444982795422,140,122,18,87.14285714285714,684.1092476785926,-2781.989683751097,1928.2805129902106,-5900.9488232217755,1.6666993711624005,10.407142857142857,50,102,49.01960784313725,10.435206461118685,-11.670559243439428,1.0584117407309068,,0.5143183839492487,2
35,0.26,0.08,0.45,0.5,18,15,20000,77344.22850494388,57344.22850494388,286.7211425247194,17.274221739832353,0.6670127658497975,0.6659933117084469,-38.14780953650713,0.45282342419427957,26.05472923749192,282,233,49,82.62411347517731,673.0638040972203,-1980.3153177011843,2520.7563288231186,-9933.867307349818,1.6161502362045677,10.49645390070922,61,102,59.80392156862745,13.8852167093799,-17.32856234410306,1.5743679627156615,,1.0384418387988554,300
35,0.18,0.1,0.5,0.7,20,20,20000,59996.429701963876,39996.429701963876,199.98214850981938,13.817120498641167,0.6669271545498099,0.507580057406223,-33.74917496106911,0.4094061711013592,19.19697930162218,149,131,18,87.91946308724832,621.8199683431066,-2221.6158972768376,1714.2304034028623,-6040.69334519449,2.0370161885018323,9.664429530201343,51,102,50.0,11.65864040979734,-21.130040385764048,1.231975671679155,,0.5578278006168627,13
35,0.3,0.16,0.6,0.7,18,25,20000,56778.87776937112,36778.87776937112,183.89438884685563,13.080400487311138,0.6667588511489718,0.4240787690826475,-21.091941495961088,0.6201610453838929,17.833813263843464,59,48,11,81.35593220338984,1211.790487897212,-1907.9968772449954,3099.897836960456,-4399.230411036796,2.7713950170254633,13.576271186440678,31,102,30.392156862745097,15.621733167014096,-11.36229026179274,1.1065808179133034,,0.5718510676031765,2
35,0.18,0.08,0.5,0.5,24,20,20000,52340.3943862108,32340.3943862108,161.701971931054,12.00120714009767,0.6648574217485106,0.47680041761220376,-28.27616930838093,0.4244283236959034,15.994061860497707,170,139,31,81.76470588235294,566.1681117941429,-1454.4152630056442,1634.0623788126236,-6628.547975813344,1.7454607524461712,8.305882352941177,48,102,47.05882352941176,10.661253497225797,-14.062449486794437,1.0464766703539616,,0.488712378321068,3
45,0.24,0.12,0.45,0.9,20,20,20000,64026.45563436824,44026.45563436824,220.1322781718412,14.692206016958288,0.6648476554683943,0.5418153282581293,-32.24867953706934,0.45559093357822084,20.934583549838568,125,109,16,87.2,866.4354805103661,-3088.2132338288475,2417.3451113981428,-8068.789347118703,1.9113290644307879,12.008,50,102,49.01960784313725,11.471390926547208,-19.22616841819178,1.2887144960338173,,0.5735516800478229,5
45,0.22,0.16,0.55,0.5,24,15,20000,79775.66372408572,59775.66372408572,298.8783186204286,17.702652455335688,0.6606040732598063,0.6772343251168963,-45.23592360966754,0.39134057719454607,27.42492725332398,334,264,70,79.04191616766467,611.3724320238372,-1387.8753011309223,2884.335072096158,-9780.628315266376,1.661350595431458,15.571856287425149,64,102,62.745098039215684,15.124190121756364,-18.595583157463793,1.628912907801486,,0.733896730270436,2
40,0.16,0.08,0.6,0.9,22,20,20000,50958.36827437826,30958.368274378263,154.7918413718913,11.648669816154111,0.655503890533182,0.4854705526305905,-24.263552071979866,0.4800892211328891,15.644983229574114,140,119,21,85.0,509.06074718744634,-1366.5790781394219,1435.753331360929,-5825.539686170409,2.1108749676769363,11.842857142857143,51,102,50.0,8.608656210252796,-15.16907387676526,0.9945039601544423,,0.41692279846240443,3
30,0.22,0.16,0.5,0.9,24,20,20000,66043.49738721002,46043.49738721002,230.21748693605014,15.112081117304577,0.6553795272006331,0.5111823113572117,-45.95666047665517,0.32883331731602067,22.254686162310332,279,199,80,71.32616487455196,810.8317381964192,-1364.1964814234661,2737.589973879213,-9217.666093359792,1.478484936905144,5.519713261648746,47,102,46.07843137254902,14.517286478592872,-16.192791793121096,1.3843154111889406,,0.6553795272006331,1
45,0.16,0.1,0.45,0.5,18,20,20000,53285.591463126075,33285.591463126075,166.42795731563038,12.237615912413302,0.6513435693345917,0.49453950828859305,-20.30998301247808,0.6025419078339325,16.85913967185722,136,120,16,88.23529411764706,546.7928620961872,-1925.2907492760166,1673.8173548777697,-5236.516161238947,2.1300400821348764,10.801470588235293,54,102,52.94117647058824,8.993960062142282,-14.346956097219444,1.0444715698951466,,0.42309357507411716,4
40,0.3,0.16,0.55,0.3,18,15,20000,85365.5500813343,65365.550081334295,326.8277504066715,18.645525381965534,0.6490120833552476,0.6719695119910599,-47.96212784998294,0.38875517450529806,30.59812724796866,312,242,70,77.56410256410257,877.6329281884035,-2047.5454334893373,4537.23490313696,-7591.935432863294,1.4818242170623412,13.73076923076923,60,102,58.82352941176471,18.562545677597697,-18.75796976744246,1.827444838430838,,0.840230964161462,5
35,0.3,0.1,0.4,0.7,18,15,20000,81152.30257823695,61152.30257823695,305.76151289118474,17.940141109072293,0.6480071479684968,0.6736751284788011,-41.58028016615824,0.4314579179693356,28.921297137358277,268,224,44,83.5820895522388,701.2410298345128,-2119.724658398648,3095.600298985257,-9086.41735123111,1.6841594588987356,10.242537313432836,61,102,59.80392156862745,18.46840428219845,-22.973921854496272,1.7171166371472415,,1.1968002788955192,651
35,0.16,0.1,0.45,0.9,20,10,20000,78040.22129509594,58040.22129509594,290.2011064754797,17.39805907589098,0.6476080067157046,0.7087972947579666,-43.08842522623001,0.4037757004240652,27.66571441025635,436,369,67,84.63302752293578,408.02370049025416,-1293.594940255724,2385.167381249556,-7551.07458818137,1.737155299355839,10.458715596330276,69,102,67.64705882352942,13.185809353579426,-24.457609771638456,1.62529096250245,,0.6366971377284023,4
30,0.22,0.12,0.55,0.3,24,20,20000,58288.698768764465,38288.698768764465,191.44349384382232,13.430568174651047,0.6444197410953019,0.47642847749898015,-37.707834172726315,0.3561744785746734,19.434605031814232,257,185,72,71.98443579766537,657.2873345018949,-1119.6827515845312,2156.104892804694,-6786.958100531741,1.50834090071458,5.595330739299611,44,102,43.13725490196079,12.658534328020066,-18.526295786194915,1.2336914711387739,,0.8022008566604546,2
45,0.16,0.1,0.5,0.9,20,10,20000,72825.87538152246,52825.87538152246,264.1293769076123,16.445495511916985,0.6443128885813622,0.7030611924218605,-34.32468606813383,0.47911568598975673,25.713641199954573,373,330,43,88.47184986595174,422.2273673915583,-1908.1723735508713,2231.7564731703596,-11184.542008377683,1.6981430024965563,14.823056300268096,70,102,68.62745098039215,15.112889050162392,-17.88368888664006,1.4838472753637244,,0.6443128885813622,1
45,0.18,0.14,0.45,0.9,24,20,20000,60277.48642552742,40277.48642552742,201.3874321276371,13.879806451586107,0.6439703077913402,0.5023089859617913,-30.96785601016569,0.44820043231374623,20.309440416000886,152,131,21,86.18421052631578,621.304684627235,-1836.3870124114462,2180.526890636042,-6347.760852665602,2.110534309154135,11.677631578947368,48,102,47.05882352941176,13.497108043596985,-15.311099053144783,1.21213092958481,,0.48651220448182053,4
40,0.16,0.08,0.4,0.9,18,10,20000,71439.63595697739,51439.63595697739,257.198179784887,16.18214147900565,0.6425292205898602,0.6913247776825592,-37.40724292329584,0.43259380308213025,25.253107042151058,418,372,46,88.99521531100478,368.11034614583616,-1790.3497758409198,1270.729946470477,-7668.805456247171,1.6627434508351777,10.272727272727273,68,102,66.66666666666666,11.858819770713636,-23.793960527311707,1.4745315565255748,,0.6182057561203512,3
35,0.28,0.08,0.4,0.7,20,15,20000,74822.04360769062,54822.04360769062,274.1102180384531,16.817056991548206,0.6405769845734901,0.644719616140346,-42.157144267784524,0.3989135716766137,26.842018130408963,285,242,43,84.91228070175438,562.9282952975697,-1840.723894142855,2520.7563288231186,-7994.580439707265,1.721120745263729,9.891228070175439,62,102,60.78431372549019,15.137049218075882,-21.74143799655368,1.5809602628554318,,1.1753192489398057,748
35,0.28,0.08,0.45,0.7,18,15,20000,73881.23490024585,53881.23490024585,269.40617450122926,16.643041096851306,0.6341990150742797,0.6393142999506751,-41.387810263431405,0.40212422428051053,26.90043220240803,281,233,48,82.91814946619218,604.7191703827187,-1767.1657373489381,2160.648281848387,-7994.580439707265,1.6610822502533042,10.619217081850534,61,102,59.80392156862745,15.856437528286204,-20.161164797615218,1.5710722718444061,,1.1746094658454505,864
40,0.28,0.16,0.45,0.3,18,15,20000,80650.90067483098,60650.90067483098,303.25450337415487,17.854056977050202,0.6250966661877643,0.6493177559435857,-46.72045075106598,0.38214650522486326,30.784592874854123,320,253,67,79.0625,810.1944252565524,-2117.3122452852435,3402.6909552841344,-9486.368406181595,1.4449408188207253,11.71875,61,102,59.80392156862745,18.53128207503756,-19.504955857738228,1.7551200183088376,,0.8178800193399883,4
30,0.16,0.14,0.4,0.5,20,15,20000,70312.02727104531,50312.027271045314,251.56013635522658,15.964575199666054,0.6250406089938033,0.601893170382669,-46.21664197578627,0.34542914667037433,25.954234409219247,280,228,52,81.42857142857143,627.7052136797687,-1635.9986143173371,2319.8139081966683,-6118.355302724768,1.6823033423240688,7.275,62,102,60.78431372549019,15.293879656587261,-23.405604312020955,1.4522090312590168,,0.6189638786154923,2
30,0.26,0.08,0.6,0.3,24,15,20000,65295.30380391426,45295.30380391426,226.4765190195713,14.95767132261394,0.6236394301174507,0.5910437627881174,-40.29874313642911,0.37116967325694483,23.75372330226938,447,310,137,69.35123042505593,564.4007823594453,-926.4295054571353,2448.4944860775017,-5959.801765787778,1.3785304244204901,5.957494407158837,61,102,59.80392156862745,15.238596666070414,-21.461296026677314,1.4148512134382891,,1.1762737298104047,53
35,0.24,0.14,0.4,0.3,24,20,20000,58674.28379116894,38674.28379116894,193.37141895584472,13.51871198870902,0.622998673955936,0.4669298402203153,-35.648551360375734,0.37922191709970604,20.60852675036986,192,156,36,81.25,773.95895821483,-2222.30038028735,2278.6264399978177,-7413.394780032098,1.5091668894151042,7.203125,46,102,45.09803921568628,15.916762358869207,-22.410689973933874,1.2729544778944488,,0.3235353049046866,2
40,0.16,0.14,0.6,0.5,24,10,20000,68901.24996477709,48901.24996477709,244.5062498238854,15.687996105354674,0.6225962063273849,0.6545269404748151,-41.381925628740866,0.3791026122394589,25.500480389615277,331,256,75,77.34138972809667,545.3716983947832,-1132.308698614306,2233.365404834039,-10278.838628988238,1.6440175717678684,13.18429003021148,69,102,67.64705882352942,11.918950621490044,-17.50324086787234,1.4704461698558986,,0.6178874997765131,3
45,0.16,0.14,0.6,0.5,18,10,20000,70772.21740873081,50772.21740873081,253.86108704365404,16.053735664795752,0.6218864384764113,0.6563746628877122,-40.15411110917378,0.3998030393736707,26.434109919989556,275,226,49,82.18181818181817,578.7151271543206,-1563.6269925431122,1864.9532031964825,-7660.001776903135,1.7070413246372258,16.818181818181817,67,102,65.68627450980392,15.281735088651027,-20.28865239713816,1.4871185265080016,,0.6218864384764113,1
35,0.3,0.1,0.45,0.7,20,15,20000,76427.83955513094,56427.83955513094,282.1391977756547,17.109661481701632,0.6215552887422542,0.6363672530030035,-45.83060200089898,0.3733239524404681,29.106624541321214,280,232,48,82.85714285714286,684.301792492466,-2082.6167034115633,2503.2164449035927,-10355.166417339962,1.588126446069309,11.114285714285714,60,102,58.82352941176471,17.63350832121038,-22.823738032528652,1.664357328441864,,1.184412023035171,849
45,0.18,0.12,0.4,0.7,22,10,20000,73524.34584676861,53524.345846768614,267.62172923384304,16.57651763162853,0.6182809574042453,0.6870320748657374,-39.84994952852986,0.4159733657820788,27.98166487605335,395,349,46,88.35443037974684,452.14710211913155,-2145.8578397548613,2012.5245350804364,-11629.047721607254,1.5986242618942914,12.035443037974684,67,102,65.68627450980392,15.920646977213115,-20.611262693256993,1.5680464957131244,,0.5395826610291414,2
35,0.3,0.1,0.45,0.3,20,15,20000,71488.47046097943,51488.47046097943,257.44235230489716,16.19149522923353,0.6175192154746506,0.6164322063339023,-41.44593417781541,0.3906654669615406,27.117692221914343,305,247,58,80.98360655737706,706.2139106187252,-2074.967460665284,2503.2164449035927,-5055.014039183254,1.4494189562466278,10.00983606557377,60,102,58.82352941176471,17.228902466823072,-16.41640851720394,1.5450472329274592,,1.1750718026467715,824
40,0.2,0.1,0.6,0.3,20,15,20000,63355.730807023545,43355.730807023545,216.7786540351177,14.5499980352223,0.6138703792851411,0.5979737521516922,-39.42850156359203,0.369022343183786,23.402489024002374,237,194,43,81.85654008438819,555.9793888273704,-1444.7547163552024,2405.9281308774007,-4593.679813695728,1.7361923778075687,13.265822784810126,66,102,64.70588235294117,10.602012032167242,-21.072490589620163,1.3387299896051625,,0.5966227043236239,4
30,0.18,0.12,0.45,0.3,18,15,20000,71841.22490455561,51841.22490455561,259.20612452277805,16.258894813157255,0.6128871482371814,0.5913721270635564,-46.73162645155439,0.34792058500280276,27.69147995906362,452,365,87,80.75221238938053,535.6546119587978,-1563.3377804840259,2260.3683967420216,-6394.433035237507,1.4374926637454313,7.338495575221239,61,102,59.80392156862745,16.538329422990316,-18.549190716739773,1.5752028032074177,,0.7082015761351831,4
35,0.3,0.08,0.45,0.3,18,15,20000,65974.12340216289,45974.12340216289,229.87061701081447,15.097829027452981,0.6120451757217333,0.597769704085863,-36.23446445509777,0.41667040632441005,24.827354525883564,291,233,58,80.06872852233677,652.2680994077323,-1793.0710989373054,2021.571501454351,-5106.266643383717,1.4613577793417298,9.838487972508592,61,102,59.80392156862745,16.26683843787533,-16.746808538992298,1.4199505484282293,,1.1802615050506298,757
40,0.16,0.08,0.55,0.3,22,10,20000,59322.27336336702,39322.27336336702,196.6113668168351,13.665696395890192,0.6104074642611219,0.6191276914854096,-38.84662271157093,0.3517859582634889,21.596932166621485,366,299,67,81.69398907103826,394.5336853853144,-1127.4545466274026,1496.4875602046347,-4479.653384759824,1.5616418270072263,11.896174863387978,67,102,65.68627450980392,11.351312378746226,-19.637061185232753,1.2597809860199052,,0.5095676740673692,2
30,0.18,0.08,0.4,0.5,22,15,20000,64202.08818486372,44202.08818486372,221.01044092431863,14.729226689936192,0.6081445564517365,0.5872862836799382,-36.875528351839556,0.3994309328777771,24.1965599744928,474,354,120,74.68354430379746,499.5507307992275,-1061.70317417912,1897.0036972145813,-5282.269778962381,1.3880288688004785,5.529535864978903,59,102,57.84313725490197,13.580049633375623,-16.622247318257877,1.339100722789823,,0.5831224728539192,2
30,0.18,0.08,0.4,0.9,24,15,20000,61421.10964477296,41421.10964477296,207.1055482238648,14.132246098035072,0.6079281234277797,0.5825469666678623,-38.96021752088612,0.3627352976265838,22.79992294006107,546,394,152,72.16117216117216,438.793194949252,-826.6486869927476,1672.0819470101494,-6815.48426706002,1.3759147845544246,4.728937728937729,60,102,58.82352941176471,13.154811304991721,-15.646721917754213,1.2874137663070433,,0.7366710969308725,2
40,0.2,0.12,0.5,0.7,22,15,20000,70381.45433142265,50381.45433142265,251.90727165711323,15.978059399410348,0.6070430359249068,0.6216546307428581,-39.80975123043259,0.4013604432472794,27.36212343200602,284,230,54,80.98591549295774,589.4464450208148,-1508.1487120935776,2300.0280400919273,-10195.505799064973,1.6646934142901564,12.232394366197184,63,102,61.76470588235294,17.004771537828802,-21.809034650746682,1.5023488069399427,,0.7713676316353896,6
40,0.22,0.16,0.45,0.5,18,20,20000,59113.166711483405,39113.166711483405,195.56583355741702,13.618419880595711,0.5993276481129358,0.47341310113361795,-35.48200572766591,0.3838120084056354,22.093866247825176,158,131,27,82.91139240506328,781.4164692580539,-2254.088546715615,2721.263971849543,-7049.407550013383,1.6819733851899794,11.582278481012658,48,102,47.05882352941176,11.65527903581327,-16.34333615828044,1.2326337079386722,,0.39282402178332254,2
35,0.2,0.08,0.5,0.9,24,15,20000,60708.867430973,40708.867430973,203.544337154865,13.975520434087564,0.5977871811792932,0.5744807468627438,-36.8252450242858,0.37950923136752734,23.050961268712513,329,258,71,78.419452887538,458.6955889403266,-1071.311744101025,1440.0530010001187,-7109.335266455002,1.555858350633771,9.097264437689969,63,102,61.76470588235294,14.267561206266489,-18.432185224096177,1.286871812505311,,0.7316006258066292,2
45,0.16,0.1,0.6,0.3,24,20,20000,45060.24338109491,25060.243381094908,125.30121690547453,10.042335630474696,0.5977347401686678,0.4382939310447862,-29.335716316330707,0.3423245412584077,14.432960901782495,140,118,22,84.28571428571429,546.1891414211835,-1729.830695754761,1557.7489879319492,-4416.4335268595405,1.6935529861618952,12.714285714285714,51,102,50.0,9.774217678788212,-11.40941452313614,0.8840062083924055,,0.4807012543871792,3
45,0.2,0.08,0.45,0.9,22,15,20000,58487.264557147486,38487.264557147486,192.43632278573745,13.47602386395006,0.5955511300189078,0.5998490298525756,-33.77519047183098,0.39899179473730184,21.957381589063292,230,202,28,87.82608695652175,510.3376648935343,-2242.6183261177293,1891.7826580350259,-8906.770412969661,1.641706786404847,12.443478260869565,63,102,61.76470588235294,12.546594195376892,-15.236619750670865,1.2191326560219249,,0.5955511300189078,1
30,0.18,0.08,0.5,0.3,20,20,20000,49847.28010522931,29847.280105229307,149.23640052614653,11.359075054485789,0.5915406125859767,0.41748933873957383,-33.03410153196023,0.34385905860027627,17.416801541866725,201,160,41,79.60199004975125,583.4198450633377,-1509.6193928025527,1540.971091813859,-6427.217525772344,1.5081684706978737,7.009950248756219,47,102,46.07843137254902,13.01630448847022,-16.571420281904416,1.0365508109615817,,0.5083771689481253,5
45,0.24,0.08,0.4,0.7,20,15,20000,61882.01927931783,41882.01927931783,209.41009639658915,14.232814858909792,0.5912550644252241,0.6041365928461337,-33.42500550238784,0.4258133886587698,24.06507891520796,215,190,25,88.37209302325581,609.119787119192,-2877.30914343596,2077.020112176359,-9746.156022925165,1.6089026765395582,13.190697674418605,63,102,61.76470588235294,14.869989828829034,-15.722917468136654,1.2872751914495797,,0.539066984154073,2
30,0.22,0.16,0.4,0.3,18,20,20000,61725.31209671243,41725.31209671243,208.62656048356212,14.198696300669011,0.5912477413210728,0.4384706811276685,-43.1436590059526,0.3291027378718619,24.065923446712855,240,189,51,78.75,790.8765375846189,-2024.3520295447142,2839.547364977918,-8850.649666930722,1.4478190360246925,6.691666666666666,47,102,46.07843137254902,17.553633684971604,-22.937309419019027,1.3908359196114182,,0.7420413683414662,2
30,0.28,0.08,0.45,0.3,22,15,20000,63941.04256782453,43941.04256782453,219.70521283912262,14.674169851644002,0.5876717597488795,0.5688785271717401,-44.11906854928406,0.33260379999301065,25.557589663082116,410,296,114,72.1951219512195,612.33368905635,-1191.6536159071056,2474.4399903503495,-6910.5174015646835,1.3342124179906014,6.0634146341463415,59,102,57.84313725490197,15.850292721292035,-24.039742538418786,1.423351077336736,,1.1455620538271716,432
35,0.22,0.14,0.55,0.3,20,15,20000,69007.20164526766,49007.20164526766,245.0360082263383,15.708940336024568,0.5871945805249011,0.5886104929698178,-41.31779263872198,0.3801979566861602,28.43902297788835,338,258,80,76.33136094674556,637.8286689295594,-1389.119507117924,2620.7160562399245,-5622.236605523543,1.4807922909135334,11.911242603550296,63,102,61.76470588235294,15.020459044113977,-20.321201049168526,1.5435356553194346,,0.7818408575400535,8
45,0.16,0.14,0.6,0.9,22,10,20000,65667.252433905,45667.252433905,228.33626216952499,15.034626885770063,0.5848055193200031,0.636083541997124,-44.5730428355143,0.3373031305323176,26.680043431284428,294,236,58,80.27210884353741,547.97599850546,-1342.3365065435255,2134.2178022618855,-5255.982604927424,1.6610555038363863,16.41156462585034,63,102,61.76470588235294,17.059044737487316,-25.79150977056631,1.406066169508827,,0.5848055193200031,1
30,0.2,0.16,0.55,0.3,20,20,20000,57570.80875104825,37570.80875104825,187.85404375524126,13.265080879216207,0.5847306025672359,0.4198401570807377,-39.79448596824218,0.33333967147615245,22.17058826628329,222,169,53,76.12612612612612,684.1880876480919,-1399.8750577637588,2798.3439091520663,-8045.646744029835,1.5584650521871957,8.22072072072072,47,102,46.07843137254902,15.902913280678854,-22.029068956923926,1.2637463127812751,,0.4262352290664708,3
40,0.18,0.08,0.4,0.9,18,20,20000,48422.36111540518,28422.361115405183,142.1118055770259,10.979231404185219,0.580679693570801,0.44271407064989454,-24.783003074023426,0.4430145681454246,17.008436082041563,149,132,17,88.59060402684564,475.8419822375328,-1967.1988552911275,1205.250375331996,-5763.793955237738,1.8781899087692697,8.906040268456376,54,102,52.94117647058824,9.93724862321843,-16.91512405275637,0.9673729974971497,,0.572579867313145,2
35,0.28,0.08,0.45,0.3,18,15,20000,59520.58941095493,39520.58941095493,197.60294705477466,13.710397650147144,0.5673815501542513,0.5426942628609607,-34.52326993513664,0.39713496652856617,24.5082172664235,284,227,57,79.92957746478874,634.2122055216406,-1798.563003210619,1752.724804268387,-6000.742577446532,1.404300148316438,9.616197183098592,59,102,57.84313725490197,14.73080682910659,-17.407773375696934,1.3162395645848672,,1.1630602294700514,845
40,0.2,0.1,0.6,0.3,24,15,20000,56327.70362581526,36327.70362581526,181.6385181290763,12.974166950526001,0.5664886059080587,0.5436462756759953,-39.31149029373341,0.3300349809580787,22.57902566668511,272,214,58,78.67647058823529,471.73096706699715,-1088.3479068910863,1572.2979557025615,-3425.134101601105,1.599235494097096,11.672794117647058,64,102,62.745098039215684,11.726188505898172,-20.87904238869216,1.2289881052503313,,0.6209916796666215,2
45,0.18,0.14,0.4,0.5,18,10,20000,66079.42525112869,46079.42525112869,230.39712625564346,15.119456894794968,0.5649598730965063,0.6097645818817583,-51.4121999089201,0.29408305658151224,28.89109313641296,407,364,43,89.43488943488943,468.43258379029345,-2722.3895502050123,1955.8116397563977,-9512.0196624822,1.4565646163280757,12.47911547911548,66,102,64.70588235294117,19.240609744075865,-18.30195858792234,1.4834837885137142,,0.6859368914161142,2
35,0.18,0.08,0.45,0.7,18,15,20000,58942.82146721251,38942.82146721251,194.71410733606257,13.579797684380601,0.5644800410554891,0.5545606151858685,-40.50101641540459,0.3352952317319008,24.31123244736942,279,238,41,85.30465949820788,415.3982350660374,-1402.4339593795457,1597.8784202891509,-3883.636209511324,1.7193936870323667,9.867383512544803,62,102,60.78431372549019,12.856456716946884,-20.207581748504786,1.2788386604455433,,0.696108976219997,8
35,0.26,0.12,0.6,0.9,22,25,20000,44464.93213678246,24464.93213678246,122.3246606839123,9.870051741540342,0.5641092091794957,0.33500089478749717,-25.073134000196173,0.3936505002311685,15.20308780500648,63,50,13,79.36507936507937,830.89156518236,-1288.4189324873491,1560.53195039618,-5269.6382024975865,2.480355347614625,10.920634920634921,33,102,32.35294117647059,11.546510154686729,-14.1549033743806,0.8441665196352195,,0.7275786874909494,3
35,0.3,0.08,0.4,0.3,20,15,20000,59142.4060521389,39142.4060521389,195.7120302606945,13.625039410004703,0.5630857399957492,0.5507521060388829,-35.95266118332424,0.3789716522103889,24.59571413932402,298,240,58,80.53691275167785,582.9828560900393,-1702.2277529711178,1981.9553885905518,-5888.405659851409,1.41716808962596,9.288590604026846,60,102,58.82352941176471,16.251620876039684,-16.87858893885481,1.3241087325629675,,1.1818922676907542,655
30,0.16,0.08,0.6,0.7,18,15,20000,59943.31213269489,39943.31213269489,199.71656066347444,13.805244235865754,0.5601038911274996,0.525982318111059,-43.64408112017902,0.31631423738424963,25.350248487413857,337,260,77,77.1513353115727,441.2966475649288,-925.9908392557475,1672.0819470101494,-7323.532342121783,1.6091871679755576,8.913946587537092,62,102,60.78431372549019,14.052100918623456,-21.04503455757243,1.314440942821454,,0.5601038911274996,1
30,0.18,0.14,0.55,0.7,18,20,20000,53879.92074652593,33879.92074652593,169.39960373262966,12.38437956544971,0.558593949018967,0.4073313032212126,-42.46464967141339,0.2916397441466873,21.548518268836087,201,154,47,76.61691542288557,684.8239603324985,-1443.1057264825258,1944.8633780235643,-7215.2036672651975,1.5549042825505848,8.109452736318408,46,102,45.09803921568628,15.692504742254076,-19.874706017566346,1.1839981363986811,,0.6411154957000228,3
35,0.28,0.14,0.6,0.5,22,25,20000,45649.76048883618,25649.760488836182,128.2488024441809,10.21097518972005,0.5582356891481145,0.33343708131251726,-22.98759310444267,0.4441950552773026,16.20297732783767,65,50,15,76.92307692307693,917.7019181111135,-1325.275694447967,1910.0046448950552,-4798.788145015752,2.308203799797231,11.215384615384615,33,102,32.35294117647059,10.729558333547429,-12.578396075047538,0.8754909810538403,,0.6265716170889409,7
35,0.16,0.1,0.4,0.3,24,15,20000,56421.84885087384,36421.84885087384,182.10924425436917,12.996396220221417,0.5581003892561018,0.5350614736114397,-38.673870518073514,0.3360510868481031,23.21496730667055,380,304,76,80.0,367.7436193665346,-943.963855267237,1334.20964235947,-3790.5473022212,1.5582953407148246,7.95,61,102,59.80392156862745,11.903506416660203,-16.111073930436206,1.2111701945007527,,0.49282396651270444,5
45,0.16,0.14,0.6,0.7,22,20,20000,49611.47800569643,29611.47800569643,148.05739002848216,11.29688377145488,0.5553773656651537,0.4154066357500858,-29.220071327645535,0.38661383282684647,18.92480864448343,113,92,21,81.41592920353983,653.2972344109255,-1349.9746457194617,1730.4468666988262,-6226.801060840972,2.120087279888748,14.380530973451327,46,102,45.09803921568628,15.569450459397771,-18.12764087973693,1.0008583781020246,,0.5553773656651537,1
40,0.18,0.08,0.6,0.5,18,10,20000,58309.214511112616,38309.214511112616,191.5460725555631,13.43527096182111,0.5551688394715221,0.5624141606797571,-46.63172725660713,0.28811437517398636,24.69800454826213,333,280,53,84.08408408408408,444.38383786539237,-1571.7753375543466,1287.9300953374998,-7875.075781391573,1.4936537964112235,14.297297297297296,68,102,66.66666666666666,14.845217164479173,-17.324520604544304,1.284030326043196,,0.5703320212897703,3
45,0.18,0.16,0.55,0.3,18,20,20000,47730.4077020263,27730.4077020263,138.6520385101315,10.791206288590471,0.5541594404167715,0.39220543005670894,-37.87155555361878,0.2849422510071501,17.790449658974623,133,109,24,81.95488721804512,768.8601123601778,-2222.993522718044,1718.3025873340762,-6139.223496360795,1.5708126487774332,13.421052631578947,46,102,45.09803921568628,13.840118703856795,-13.323242398180824,1.0025486103181773,,0.5541594404167715,1
40,0.16,0.08,0.45,0.9,22,20,20000,44954.02597874337,24954.025978743368,124.77012989371683,10.011743924624872,0.5507020826535264,0.4060588661600016,-25.956383460083,0.3857141323259237,16.054714286738864,148,126,22,85.13513513513513,457.18371801246406,-1435.0373859466881,923.9181798844194,-5825.539686170409,1.8246324905316473,9.263513513513514,52,102,50.98039215686274,8.72238882884857,-14.986147569331166,0.87348745833738,,0.6088146186016681,2
40,0.24,0.08,0.6,0.7,24,25,20000,37940.06580070713,17940.065800707132,89.70032900353566,7.835007850408626,0.5499508488493265,0.31433816598226255,-16.543187188327156,0.4736093330272533,11.237579393529284,66,52,14,78.78787878787878,556.4124210797204,-770.477149674166,1366.0708547894671,-2496.7560176073875,2.6823309526330896,11.636363636363637,36,102,35.294117647058826,9.668318649570296,-10.123616064501096,0.6605127614580615,,0.5499508488493265,1
45,0.2,0.08,0.55,0.5,18,15,20000,52844.616004284726,32844.616004284726,164.22308002142364,12.127785272313641,0.5419568451126476,0.5262960367592072,-36.94407623058412,0.32827415135836213,21.928338689673367,217,185,32,85.25345622119815,492.2615237537116,-1771.183510961032,1930.4720748298346,-6902.8968240830145,1.6067713574506948,14.935483870967742,66,102,64.70588235294117,13.173861537163134,-17.80627498249836,1.1263263688458127,,0.6568967726176651,5
35,0.24,0.1,0.4,0.5,24,25,20000,40212.20803000891,20212.208030008907,101.06104015004453,8.57646257345972,0.5348128320885266,0.29431437027691676,-21.313323481597866,0.40239911813212625,13.323066873901803,78,61,17,78.2051282051282,586.181373422158,-893.1444558083904,1243.1010652350126,-4394.121179232426,2.35500167883143,7.884615384615385,34,102,33.33333333333333,9.120237146259003,-11.492388004392684,0.7325396270828697,,0.5889967612948274,3
35,0.26,0.08,0.45,0.3,20,15,20000,54860.31532845875,34860.31532845875,174.30157664229378,12.623385947926181,0.53317102268212,0.5092601563018658,-35.54322389085828,0.3551559078233451,24.061496736027014,307,252,55,82.08469055374593,479.7986441640705,-1530.00732201381,1752.724804268387,-5000.618814538776,1.436823288237053,9.657980456026058,60,102,58.82352941176471,13.492747277573503,-16.797734222232187,1.2220252644646596,,1.0368194799003434,276
35,0.16,0.14,0.6,0.5,20,20,20000,47511.11169334199,27511.11169334199,137.55555846670995,10.731114875250825,0.5312734448416897,0.3648817866674752,-35.40959200984617,0.30305672181331195,18.820519480109336,131,108,23,82.44274809160305,667.1645400128492,-1827.7199403498155,1922.3162636828013,-6463.969099206822,1.7140331806356697,11.793893129770993,47,102,46.07843137254902,11.926109581850298,-22.443900105408343,1.0129524615614436,,0.38738592443510744,5
35,0.24,0.08,0.6,0.7,18,15,20000,55947.34551006545,35947.34551006545,179.73672755032723,12.884022982474995,0.5279166060992996,0.5210990997571476,-47.23228989860323,0.27277997764101647,25.315217666947877,275,216,59,78.54545454545455,492.2063287384228,-1163.5191054236966,1557.9823502487748,-4680.423957558407,1.5487289410132399,13.221818181818183,66,102,64.70588235294117,12.723067048173519,-19.536338702536472,1.2495469228960225,,0.9162345391204717,4
30,0.28,0.16,0.45,0.5,20,25,20000,45570.74726678613,25570.74726678613,127.85373633393064,10.188484246192075,0.5040236307009789,0.2940390676436593,-31.451638419473444,0.3239412875827742,18.822745338463257,87,67,20,77.01149425287356,938.5645191585435,-1826.9787758418129,2463.245039189624,-6211.407907744616,1.7209784704435762,7.540229885057471,31,102,30.392156862745097,19.36051670806269,-14.13665330658601,0.9184475980906978,,0.5822876335099267,6
40,0.18,0.16,0.45,0.5,24,15,20000,52502.418119885806,32502.418119885806,162.51209059942903,12.041997904794055,0.49998195204341067,0.4734164227115611,-46.73343817070274,0.2576741274803787,25.18688759251827,243,197,46,81.06995884773663,560.2879503237738,-1592.7354990855772,1571.9528740128212,-7604.614184974888,1.506523870098536,10.695473251028806,64,102,62.745098039215684,13.457436172021042,-22.767156186118555,1.207930887646281,,0.7154505253664438,3
30,0.2,0.16,0.4,0.7,24,15,20000,54782.137873752654,34782.137873752654,173.91068936876326,12.604466227849432,0.4985785950691834,0.4931875504124896,-48.89862706276663,0.25776728274334265,27.486717688761825,491,329,162,67.0061099796334,630.7125188189812,-988.8945961503176,2360.560931861733,-6709.050518286538,1.295276036890465,5.274949083503055,60,102,58.82352941176471,17.637590239436783,-19.071409439199037,1.2449672368240388,,0.4985785950691834,1
35,0.24,0.08,0.5,0.7,24,25,20000,36336.67172458308,16336.67172458308,81.6833586229154,7.2878277929268265,0.4977632238159719,0.2798623440442504,-17.090752881243542,0.4264193534109865,11.440938279292299,80,61,19,76.25,486.0714685183421,-687.1730450018817,1247.486922205196,-3282.6790091998164,2.2709639913601363,9.0125,35,102,34.31372549019608,8.83642624473393,-10.592653496614213,0.6199662366108126,,0.4977632238159719,1
40,0.22,0.16,0.6,0.7,24,25,20000,41581.1582650174,21581.158265017402,107.90579132508702,9.005526764579063,0.497682282325079,0.2978324811319323,-26.632780703887914,0.3381369322529816,15.845007626155036,70,52,18,74.28571428571429,783.5079792413236,-1014.4642586406358,1760.5102466076535,-5142.28201941351,2.231194915254139,11.757142857142858,34,102,33.33333333333333,12.398919162163114,-14.411694884602344,0.7849429485210963,,0.6313553299032117,2
30,0.26,0.12,0.45,0.5,18,25,20000,42524.40249788958,22524.402497889583,112.62201248944793,9.293969691719672,0.4974209174461073,0.2827885951169057,-28.105310199908168,0.3306837613822188,16.654791100127696,85,68,17,80.0,786.2545616951987,-1787.2475116108205,1485.173741230097,-5303.294704260594,1.7596993289117717,7.435294117647059,31,102,30.392156862745097,16.277819894491017,-13.342050763257573,0.8264870217851182,,0.48692562405389356,3
40,0.24,0.08,0.4,0.7,18,20,20000,43259.241427944806,23259.241427944806,116.29620713972403,9.514796917154955,0.4868789038829217,0.36920848055017697,-28.1042111969392,0.33855413519633676,17.865723879195237,152,131,21,86.18421052631578,497.7855522844256,-1968.7412343483281,1184.0686350589826,-6200.034557008778,1.5772685760431817,9.723684210526315,53,102,51.9607843137255,12.295923284861443,-18.550259782685785,0.8776922380108794,,0.6185459531245397,4
45,0.22,0.08,0.5,0.5,18,25,20000,35515.31584881471,15515.31584881471,77.57657924407356,6.999227391808716,0.48500273912809916,0.2676517194360261,-15.864709267182683,0.441182203463831,11.110159559476259,60,50,10,83.33333333333334,450.38640066685895,-683.8904184528303,1164.1218380129203,-3198.051615138862,3.292825784032557,13.85,39,102,38.23529411764706,6.280945651053016,-8.075807140042235,0.5857968574522835,,0.48500273912809916,1
30,0.18,0.14,0.55,0.3,24,15,20000,50287.78256071525,30287.782560715248,151.43891280357624,11.474562673760635,0.47740714210882423,0.4639363137840018,-47.491968589750286,0.24161059258000678,25.47843952301812,467,313,154,67.02355460385438,556.5090255340585,-871.2481554768021,1881.4680608043973,-6090.988586493662,1.2982369245925311,5.775160599571734,55,102,53.92156862745098,14.98133515238813,-18.053225726348366,1.1480465122476375,,0.71394551587803,3
30,0.3,0.16,0.55,0.9,20,25,20000,44246.568572904325,24246.568572904325,121.23284286452163,9.806346631769202,0.4769432840573812,0.29277158972776346,-31.75497185985796,0.308812952977785,19.371214108606303,78,58,20,74.35897435897436,1015.7477362534017,-1703.4400064896483,2237.058054070163,-5741.075572224626,1.7292469496505074,8.91025641025641,30,102,29.411764705882355,13.347642555605276,-17.4011300832409,0.8821221392790066,,0.5366756709106808,3
45,0.28,0.14,0.6,0.9,18,25,20000,39838.704628500134,19838.704628500134,99.19352314250067,8.457160454334044,0.4720437831517172,0.2916207501164404,-27.092555776384398,0.31215808962939723,15.536276078715613,47,41,6,87.2340425531915,886.708759001349,-2714.375748425858,1650.164060812418,-5851.387862147709,2.2322541465957455,15.340425531914894,32,102,31.372549019607842,20.4316627785315,-17.223732433663695,0.7659240831448975,,0.4720437831517172,1
45,0.3,0.14,0.55,0.9,24,25,20000,39729.03267895157,19729.032678951568,98.64516339475784,8.421942324441156,0.4706689196175328,0.2911814833611136,-23.89701119228988,0.35242659664311526,15.49361353330676,51,38,13,74.50980392156863,962.1552735400577,-1277.9359781208123,2108.7131074316544,-4990.490350395054,2.200778383778961,13.882352941176471,32,102,31.372549019607842,11.36357179309222,-12.951902796681692,0.7322790707084984,,0.4247461984498408,2
35,0.24,0.16,0.5,0.9,20,25,20000,42044.496573842946,22044.496573842946,110.22248286921472,9.14792837869447,0.46802843626414353,0.2841153498553558,-29.53787569078965,0.30970163441871784,17.84729722886618,73,62,11,84.93150684931507,686.1041732830198,-1806.4783790640308,2040.947978887157,-6287.478401082311,2.1407024063323576,11.36986301369863,32,102,31.372549019607842,14.138534966108217,-17.761785616292602,0.818005013912206,,0.7408282335473997,3
30,0.3,0.14,0.6,0.9,22,25,20000,41278.51203734564,21278.512037345638,106.39256018672818,8.911754285775707,0.4663248775256894,0.27864822699321445,-27.16551457981684,0.32805394720543496,17.201107693258706,99,64,35,64.64646464646465,878.1743257142714,-980.3898516676493,1718.35934587897,-6694.019344755804,1.6379244221822704,6.757575757575758,31,102,30.392156862745097,11.78409244141183,-13.708865032659034,0.7793000558613588,,0.44178864579342586,3
35,0.24,0.16,0.6,0.7,20,25,20000,41360.90262458434,21360.90262458434,106.80451312292172,8.937342267226267,0.46545447376411814,0.2824296388036749,-22.627661189488407,0.39497419518452376,17.339872380747938,60,49,11,81.66666666666667,854.115014090323,-1811.148460531048,2040.947978887157,-4798.788145015752,2.100708051596995,13.166666666666666,32,102,31.372549019607842,14.403069985268724,-12.190430989422863,0.7839916335750107,,0.7486123422212403,2
45,0.2,0.08,0.5,0.5,24,15,20000,44664.08743223205,24664.087432232052,123.32043716116026,9.927912865379795,0.4645939042783048,0.4476858778649942,-34.12126243529903,0.29095971710323354,20.7790845033254,238,198,40,83.19327731092437,419.4037260209598,-1436.531281271016,1446.1203979888246,-5427.784778886985,1.4451815083113972,12.777310924369749,62,102,60.78431372549019,10.170578967133315,-17.464932216949702,0.9517962063166755,,0.5700443288517445,2
30,0.28,0.08,0.6,0.7,18,25,20000,37374.88570706128,17374.88570706128,86.8744285353064,7.644501512059088,0.46387355431023275,0.26829740352164355,-21.66210727221252,0.3528974081789918,13.567672334543035,77,59,18,76.62337662337663,656.4790593347094,-1171.7154885381399,1633.0341443062675,-3613.1807431982693,1.8364462135329431,9.142857142857142,32,102,31.372549019607842,10.561439195557409,-10.774591313296511,0.6629336939805347,,0.46387355431023275,1
40,0.16,0.14,0.4,0.9,20,15,20000,49852.64777045271,29852.647770452713,149.26323885226356,11.360487717904943,0.46088436465403765,0.46011654265397983,-48.976226497451826,0.2319592285962663,26.964461558887937,222,196,26,88.28828828828829,485.35457413822184,-2318.5457170127493,1665.7566087363223,-6555.187602816837,1.5780697196566191,11.72972972972973,62,102,60.78431372549019,11.787580711438373,-25.00283960057009,1.1243021655775243,,0.5668122468795647,4
35,0.26,0.16,0.4,0.7,22,25,20000,40937.25673264222,20937.25673264222,104.68628366321111,8.805288777455322,0.45888999552830567,0.2755733425976,-22.602744247101754,0.3895672437467138,17.30510789404341,72,59,13,81.94444444444444,731.0885132809707,-1659.4588885334708,1408.4963463384438,-4198.939626888784,1.999457245770623,8.416666666666666,32,102,31.372549019607842,10.988111688360668,-12.705695102166404,0.76976602564446,,0.5944253083747276,3
40,0.16,0.12,0.5,0.3,20,15,20000,47192.75047499251,27192.750474992506,135.96375237496255,10.643440730249832,0.4565795277621395,0.4386319742880252,-39.981296792135204,0.2662104930109101,24.385672969623226,316,269,47,85.12658227848101,350.1142633558051,-1340.2699500666172,1463.3157562053966,-4346.287604965495,1.4951058662763752,11.879746835443038,63,102,61.76470588235294,14.306755893092383,-19.990214228993874,1.0648754600444605,,0.5539615485483655,2
35,0.3,0.12,0.45,0.5,20,25,20000,39454.28905890227,19454.28905890227,97.27144529451137,8.333337971038656,0.45335459428200725,0.2705728755073873,-22.25618779950662,0.3744279139854936,16.125152642349793,70,60,10,85.71428571428571,675.2102575512115,-2078.272639417036,1910.6800339629892,-5111.713591314745,1.9493407498467887,9.971428571428572,32,102,31.372549019607842,12.686074072805642,-14.101733824160423,0.7363794506564364,,0.41774455597136895,4
40,0.3,0.12,0.45,0.7,24,25,20000,38527.098200128275,18527.098200128275,92.63549100064138,8.030247492873377,0.45272308359789304,0.26443089050519136,-23.38096875486145,0.3434522999053964,15.21388080280861,68,49,19,72.05882352941177,750.232341682916,-945.4677127544477,1272.9233910010032,-3444.2301827478864,2.04640486098759,9.941176470588236,30,102,29.411764705882355,11.641515399182945,-13.546821196662007,0.697654750423773,,0.6539881348596217,2
45,0.24,0.08,0.5,0.5,24,25,20000,34330.587951219386,14330.587951219386,71.65293975609693,6.572400214256202,0.45109562378123147,0.2538800963962948,-15.898901876202453,0.4133870543659245,11.037965580031955,57,45,12,78.94736842105263,497.7595944033929,-660.0328164111158,1366.0708547894671,-3198.051615138862,2.828038898372095,14.263157894736842,36,102,35.294117647058826,11.569479500471047,-8.004236434534228,0.5622692180468412,,0.5632951886032078,2
45,0.3,0.14,0.5,0.7,20,25,20000,39478.04490980157,19478.044909801567,97.39022454900783,8.34102065441078,0.4491953889313254,0.27792732166971945,-24.950769448964753,0.33429913540228967,16.38640780771277,47,40,7,85.1063829787234,891.6518118651933,-2281.0039378294423,1671.4728143369946,-5359.095926516726,2.2337327551949313,14.425531914893616,31,102,30.392156862745097,17.561408211214236,-14.779886959491817,0.7475819006759414,,0.5456608291060254,3
45,0.22,0.08,0.4,0.7,22,25,20000,34657.589353816555,14657.589353816555,73.28794676908277,6.6914929416138635,0.4444443892609422,0.24118573334317048,-20.95735419106069,0.31929092196514497,11.604074338850763,64,56,8,87.5,418.3060322498053,-1072.0560565215744,1164.1218380129203,-4277.192556634409,2.7313331312630944,11.015625,37,102,36.27450980392157,11.662764240107837,-13.192803399659493,0.5778130086384028,,0.4444443892609422,1
35,0.16,0.12,0.55,0.7,22,15,20000,46794.86266126381,26794.86266126381,133.97431330631906,10.533129062526147,0.4395451682537771,0.4263089395180887,-43.69271146930039,0.24107290914932095,26.05694438054837,342,267,75,78.0701754385965,401.01156956140017,-1015.6322412998481,1308.312296706735,-4685.795946715946,1.4056280704632629,10.839181286549708,62,102,60.78431372549019,15.394317582114137,-22.496758682871388,1.0897290992027517,,0.6385413051569302,6
45,0.28,0.1,0.6,0.7,18,25,20000,35689.35985406855,15689.359854068549,78.44679927034275,7.060869414767268,0.4362411947276128,0.2596708287490138,-20.030736378585402,0.3525017393926641,13.007075071829307,49,40,9,81.63265306122449,707.9311705564944,-1387.3541075768082,1259.3405052295316,-4259.36360948792,2.267885856138334,16.122448979591837,34,102,33.33333333333333,13.365398592882771,-11.930540878798135,0.6181179080988967,,0.5778801159679039,2
30,0.22,0.1,0.45,0.3,24,15,20000,45617.25268406795,25617.25268406795,128.08626342033975,10.201726074358186,0.43575733083791424,0.4171813254458916,-44.5018009908529,0.2292429934791874,25.008027830913438,522,360,162,68.96551724137932,393.0823918003931,-690.8294315404908,1737.2846613399406,-4847.827214665529,1.2644458767126185,5.266283524904215,60,102,58.82352941176471,15.641352918973572,-21.80075797698433,1.0834858930878217,,0.7097488950492753,3
45,0.16,0.08,0.55,0.5,22,25,20000,32807.5222556358,12807.522255635799,64.037611278179,6.0041649937402575,0.43564113911925334,0.2338414308903207,-16.266733549768787,0.3691069860688534,9.94007884269137,50,44,6,88.0,453.7783886444327,-1150.2211407865286,939.9499369048045,-3154.14339576458,2.893102956807939,13.3,37,102,36.27450980392157,9.870870015548473,-7.82888428005859,0.5109842050011696,,0.4383914307165549,3
45,0.16,0.08,0.4,0.5,22,15,20000,42469.635782243844,22469.635782243844,112.34817891121922,9.27737721270736,0.43203787254221115,0.41348140564299174,-34.2262658189394,0.27106016361193697,21.152268607739494,254,225,29,88.58267716535433,334.0487231816094,-1763.7310002270053,975.1393876748518,-4898.495274550806,1.4694742762338189,11.165354330708661,63,102,61.76470588235294,11.12369411576064,-15.541560272928956,0.905336036356677,,0.6202819625823506,2
30,0.22,0.1,0.4,0.7,22,25,20000,36109.35311347673,16109.353113476733,80.54676556738366,7.208535399298377,0.4224374864800909,0.23564572890183025,-20.094598097325495,0.3587300111395511,14.110438874694298,109,82,27,75.22935779816514,525.9855437963788,-975.8059806602349,1167.0398469276618,-5227.757818931932,1.6370442578911386,5.467889908256881,31,102,30.392156862745097,9.583767447092884,-13.335567233675249,0.6275201079639723,,0.6820753148296925,5
45,0.24,0.08,0.5,0.9,22,25,20000,33958.84396197237,13958.843961972372,69.79421980986186,6.435790763316418,0.41854930978644,0.2386266741751972,-22.299582234325868,0.28860588936997084,11.796323818960644,54,46,8,85.18518518518519,510.5391929846135,-1172.7073644149953,1387.4227369091814,-4601.2550506690195,2.5032676085614516,13.407407407407407,35,102,34.31372549019608,10.679443245716612,-14.713342978707722,0.5603829873564472,,0.41854930978644,1
30,0.16,0.08,0.55,0.5,22,25,20000,33160.558097044515,13160.558097044515,65.80279048522257,6.137918639060369,0.40893149931881906,0.2133034935534663,-18.613490756985364,0.3297564502648113,11.232234960080046,104,77,27,74.03846153846155,418.5039911528413,-682.3944156194203,883.5314107634667,-4370.442757774067,1.7490052011830315,6.1826923076923075,33,102,32.35294117647059,7.750447164462093,-13.044727707507253,0.5292018463905287,,0.5264670449806251,6
45,0.16,0.08,0.6,0.5,22,15,20000,40184.40879408572,20184.40879408572,100.9220439704286,8.567616860316974,0.4087278838736165,0.3824260415052054,-34.371367824530175,0.24926610148469078,20.36703449769211,232,198,34,85.34482758620689,342.6916124603314,-1367.2107302773347,810.1823310184961,-4082.0793954590054,1.4596686817422766,14.939655172413794,65,102,63.725490196078425,11.291947039940432,-16.6110208922154,0.8447135974573389,,0.5389566961011354,3
40,0.16,0.14,0.4,0.7,18,20,20000,39703.9436395393,19703.9436395393,98.51971819769649,8.413873616662638,0.40216685641156835,0.29494708523776514,-29.194428685698398,0.288201345100628,20.25512736746137,124,108,16,87.09677419354838,547.6960334745933,-2304.089248482298,1076.383468651868,-5518.579180329196,1.6045160700214551,9.379032258064516,45,102,44.11764705882353,9.076084559014097,-18.114595702418413,0.7800073932198511,,0.37729339939990636,3
45,0.22,0.16,0.55,0.7,20,25,20000,37030.17266005806,17030.17266005806,85.1508633002903,7.527056941204502,0.3991045000193761,0.23669228131996298,-29.130491821438177,0.25839100099453416,16.686798692486597,57,49,8,85.96491228070175,660.5748747308944,-1853.0620252194722,1311.902766652845,-6199.306842903869,2.1834245441663116,14.43859649122807,34,102,33.33333333333333,16.94474329911142,-18.266276476719057,0.6893100241917367,,0.5750029948295674,2
35,0.16,0.12,0.6,0.7,24,25,20000,34226.3620175924,14226.3620175924,71.131810087962,6.534231163764925,0.39798913477770215,0.22438878817451502,-19.599946439960473,0.3333800520211066,13.026507861277874,81,60,21,74.07407407407408,460.4156887702222,-591.6609194581401,1057.69969570539,-3381.440450785827,2.223356914786762,10.358024691358025,34,102,33.33333333333333,8.247338589704455,-12.424056146755479,0.5662350453213819,,0.39798913477770215,1
45,0.22,0.12,0.6,0.9,18,25,20000,35310.862287891854,15310.862287891854,76.55431143945927,6.926473742652184,0.3961248998704946,0.23528020039707076,-27.025764199694486,0.256291503599017,14.543235637812518,48,39,9,81.25,727.3454913161269,-1420.8679859374527,1178.27646576781,-5648.152542983092,2.2182429990428596,15.25,34,102,33.33333333333333,12.969722073617419,-17.255463739115516,0.6202397024878086,,0.30936122702718627,2
35,0.2,0.08,0.5,0.3,22,25,20000,32321.363715090756,12321.363715090756,61.60681857545378,5.817882028951971,0.3923482138958742,0.20468053542102085,-23.24686850414251,0.2502651928329721,10.82914223272711,76,63,13,82.89473684210526,427.7164150954475,-1102.382341224797,787.7305491664314,-2778.098153939192,1.8802728169384362,8.223684210526315,34,102,33.33333333333333,11.992761992707447,-10.631691632694329,0.5141055222507815,,0.5595623534340637,5
45,0.28,0.1,0.6,0.5,22,25,20000,33590.043789316485,13590.043789316485,67.95021894658242,6.298953194385426,0.3885930432466319,0.22505239342225128,-24.209061762004396,0.2601898932023668,12.645631220250625,55,42,13,76.36363636363637,671.4128628663187,-1112.1920346976124,1259.3405052295316,-4082.21654235184,1.9503646410135906,14.963636363636363,31,102,30.392156862745097,9.885004588976809,-13.861690352586464,0.5581205939832293,,0.6443806545637148,3
35,0.24,0.1,0.6,0.5,20,25,20000,34359.143861455086,14359.143861455086,71.79571930727543,6.582839961448683,0.38631530719233076,0.21674937929740545,-21.163610101458328,0.31104522951852515,13.819812845919241,60,49,11,81.66666666666667,642.4336495684838,-1535.5731788545927,1541.10647618062,-4394.121179232426,1.8636362844439363,13.333333333333334,35,102,34.31372549019608,10.878620756400581,-12.522716016450708,0.5844331922081756,,0.6744501897936855,3
35,0.3,0.1,0.5,0.7,20,25,20000,35346.43122958854,15346.43122958854,76.7321561479427,6.939157406854868,0.3847164629432883,0.2237593694927323,-27.07357723276605,0.25630737110191293,15.304688868641875,57,48,9,84.21052631578947,646.8988303828357,-1724.7458476430645,1464.0146310252908,-5697.0988274243655,2.0003684021560995,11.0,32,102,31.372549019607842,12.473882266022684,-15.703902108848434,0.6245042739890008,,0.6188368049214988,6
30,0.3,0.14,0.55,0.7,24,25,20000,35375.22122905041,15375.22122905041,76.87610614525205,6.949415499563627,0.3820977757972069,0.21567518166297375,-24.194620921769477,0.28722977400777483,15.545368669651163,108,72,36,66.66666666666666,709.3820041676234,-973.7634186394025,1516.4555492248403,-3543.5785868286207,1.4569904570019938,5.7592592592592595,28,102,27.450980392156865,11.72725635482692,-13.091457481220036,0.6262010590228471,,0.4688861141570036,3
45,0.3,0.14,0.6,0.7,22,25,20000,35438.628821574384,15438.628821574384,77.19314410787193,6.971982152780654,0.37882347728214877,0.22972872458084365,-25.174878724472393,0.2769420353156744,15.838573770464482,51,41,10,80.3921568627451,843.17173887964,-1893.1212472490818,1617.753723576824,-5359.095926516726,1.8260870160482008,14.823529411764707,31,102,30.392156862745097,9.71114811799847,-14.664470851957912,0.6373699853381467,,0.4247461984498408,2
40,0.18,0.1,0.4,0.5,24,25,20000,32753.003722022564,12753.003722022564,63.765018610112826,5.9833966448324505,0.37691569524887203,0.1959365481010666,-20.08056323357282,0.2979695626678823,12.06597934093373,78,66,12,84.61538461538461,402.8835178052543,-1114.6507044270186,800.7331294580692,-4134.740332085909,1.9879405621225097,8.179487179487179,34,102,33.33333333333333,8.956328108457834,-10.611611077424621,0.5222858055134773,,0.361587141580132,2
30,0.18,0.08,0.45,0.5,20,25,20000,32696.723229564657,12696.723229564657,63.483616147823284,5.961925077541208,0.36968078671941484,0.19579462505401538,-19.97127221751595,0.29852505201507684,12.33195985456685,94,74,20,78.72340425531915,404.37121416634955,-838.9123309372568,1155.728318860394,-4029.871396012758,1.7834682329009584,7.4361702127659575,34,102,33.33333333333333,8.040914231229923,-11.811429631450466,0.5200070921422612,,0.5982549031220449,6
40,0.28,0.08,0.4,0.5,18,25,20000,31730.134940241296,11730.134940241296,58.65067470120648,5.587978726407128,0.35722593837330846,0.19283778450998343,-17.29287090963581,0.32313771123413837,11.491015406822907,60,51,9,85.0,485.679437418718,-1432.0795964570493,816.7996731873795,-4296.911362577987,1.9218090150260805,10.4,34,102,33.33333333333333,9.024513653462819,-14.588671896605554,0.4935671316101384,,0.5143183839492487,2
45,0.22,0.12,0.55,0.7,22,25,20000,33030.848549471644,13030.848549471644,65.15424274735823,6.088922602663538,0.3559541852849914,0.20260483349956923,-25.10773205739682,0.2425118520758517,13.60970097248931,48,39,9,81.25,657.2870921036039,-1369.3164491743164,1027.5362831954112,-5153.614198179184,2.0800480907826273,13.104166666666666,31,102,30.392156862745097,13.0423945090266,-15.039907358457782,0.5455182901572031,,0.2987281162735215,4
45,0.26,0.12,0.45,0.9,18,25,20000,33543.02745345395,13543.02745345395,67.71513726726974,6.2814133699518715,0.35103331396859005,0.20411385822651096,-28.369348950377432,0.2214154925070391,14.799886748163743,53,46,7,86.79245283018868,566.728978582924,-1759.9722230514988,1077.579655832746,-5851.387862147709,2.116066920453541,12.339622641509434,33,102,32.35294117647059,10.761520518518374,-17.939320206558907,0.5620607513828351,,0.5795223410455591,3
45,0.22,0.16,0.45,0.7,24,25,20000,33969.75670966945,13969.756709669447,69.84878354834724,6.439819761880616,0.3506647873644847,0.20526337974309794,-27.96831746746069,0.23025409981751407,15.577994618075493,68,53,15,77.94117647058823,538.0542989564603,-931.5014090015313,1312.9981329889533,-5811.850165222378,2.040925726225106,11.720588235294118,30,102,29.411764705882355,15.762805580501539,-17.38380519677668,0.5904696068301014,,0.34972083683206395,2
40,0.2,0.14,0.4,0.9,22,25,20000,33720.19008417804,13720.190084178037,68.60095042089019,6.347392613125313,0.3487768862996432,0.19389113657363424,-27.154702268512697,0.23374929875351455,15.291939212110877,75,61,14,81.33333333333333,493.34716174415473,-1117.9419130153908,996.8769116495542,-5528.160703887321,1.9228047869564509,9.386666666666667,34,102,33.33333333333333,8.502730751377975,-15.643562240406228,0.5679086661599276,,0.422417642341715,4
35,0.22,0.08,0.5,0.9,18,25,20000,32013.786077073502,12013.786077073502,60.068930385367516,5.698745765714741,0.34644314830941475,0.18822278573543758,-22.572896783442243,0.252459656391771,12.497944207362355,58,49,9,84.48275862068965,520.17510871693,-1473.0771388951134,974.896415159618,-4611.035164190191,1.9225500186068836,10.568965517241379,31,102,30.392156862745097,10.448157069685582,-13.918330928100852,0.5050192225822243,,0.6091061471389889,2
45,0.2,0.12,0.45,0.7,24,25,20000,32613.295851100913,12613.295851100913,63.06647925550456,5.9300366387617265,0.34625858791139197,0.19550018564854316,-24.802935756968687,0.23908607823150976,13.521005215089154,58,46,12,79.3103448275862,518.2121487485018,-903.5219159441785,1067.244191829585,-5153.614198179184,2.1985962581328824,11.517241379310345,34,102,33.33333333333333,13.477017276403469,-15.290722327033867,0.5304883527036605,,0.4022215961712951,5
30,0.2,0.12,0.4,0.5,18,25,20000,33580.96766404934,13580.967664049342,67.90483832024671,6.295568960089937,0.3452922964981532,0.1882914165828836,-27.590821732826353,0.22817620370471764,15.323202267507824,95,76,19,80.0,488.62721124222224,-1198.6000205452406,1111.623946685347,-4928.153855628227,1.6306597792980073,6.7368421052631575,32,102,31.372549019607842,11.509123445130465,-14.219298222261557,0.5745336320040997,,0.3452922964981532,1
45,0.26,0.1,0.5,0.3,20,25,20000,31588.898402190833,11588.898402190833,57.944492010954164,5.532499088976794,0.3429526750894889,0.19828721287971982,-23.0127961682715,0.24040968548640052,11.978367276188303,61,52,9,85.24590163934425,482.8603058695705,-1483.2819447807626,877.8242632952583,-3160.327590179756,1.8808693484343206,12.967213114754099,32,102,31.372549019607842,15.001961272497022,-10.792538542879837,0.5008856696110643,,0.5954812520957278,5
30,0.26,0.12,0.4,0.9,24,25,20000,32710.870202602397,12710.870202602397,63.55435101301198,5.96732535433715,0.33642312492403564,0.18171801779289895,-23.51883500120033,0.2537253802763868,14.399698675801599,119,82,37,68.90756302521008,563.0149281982908,-886.6230786393887,1239.8095123478108,-3428.1639756033746,1.4073204768814236,5.117647058823529,30,102,29.411764705882355,10.36884126371691,-12.324445050232102,0.538343980314035,,0.6671387587870834,3
45,0.3,0.16,0.45,0.9,22,25,20000,33600.877178145114,13600.877178145114,68.00438589072557,6.302991607373598,0.32802207948755413,0.20136390063821935,-28.865766346608773,0.21835524931816302,16.925772167621425,53,42,11,79.24528301886792,811.4136392952549,-1837.5723338414134,1253.4916656319417,-6209.84280654377,1.6859879459032265,13.283018867924529,30,102,29.411764705882355,14.541170805699766,-18.098783545594365,0.6004702222905385,,0.38860873420943975,2
40,0.24,0.12,0.5,0.5,20,25,20000,32113.873080323217,12113.873080323217,60.56936540161608,5.737623602801545,0.32117422201998846,0.18194592179069072,-21.259554035211135,0.26988447609477634,14.392206539921476,56,45,11,80.35714285714286,659.910565999434,-1573.318399059204,1118.1338898033698,-4394.121179232426,1.7158854401298214,11.767857142857142,32,102,31.372549019607842,12.003920397138469,-14.439278092078812,0.5217988463275438,,0.515217299389406,7
45,0.16,0.08,0.55,0.9,20,25,20000,30210.33409438793,10210.33409438793,51.051670471939644,4.979173267093295,0.3134660919922876,0.16698268584803877,-25.567661395209246,0.19474496279218836,11.106395219822582,59,51,8,86.4406779661017,350.0698785675702,-927.9412140697625,939.9499369048045,-5240.11484899763,2.404996611887185,14.508474576271187,39,102,38.23529411764706,10.113026801252033,-18.53098070471878,0.44369302504665353,,0.491100107793606,4
45,0.22,0.14,0.6,0.3,20,25,20000,31176.1687201007,11176.1687201007,55.8808436005035,5.369109820851681,0.30942750984976447,0.1725756533433452,-28.88139460076044,0.18590202776116335,13.361106008520734,54,43,11,79.62962962962963,674.7235376941152,-1589.513036431479,1256.8758700178405,-2757.0001910150063,1.6593482323813729,13.555555555555555,32,102,31.372549019607842,14.805893120782487,-12.996716087524508,0.5055684443120353,,0.4417955908947822,4
45,0.18,0.1,0.4,0.3,20,25,20000,30036.430833868213,10036.430833868213,50.18215416934106,4.907797560856242,0.3082466068361052,0.16366224784767439,-25.82364492670669,0.19005053604112335,11.059478717425483,67,60,7,89.55223880597015,383.2246697945958,-1801.049907686785,686.8318838309674,-2558.5232131894327,1.8238155810865653,9.283582089552239,35,102,34.31372549019608,12.601463333426842,-11.11384060813192,0.4429764844648495,,0.47979508808534843,2
35,0.2,0.12,0.4,0.9,18,25,20000,31713.194450008632,11713.194450008632,58.56597225004316,5.5813357825097665,0.3054986734497935,0.16833868481910255,-25.98847258162823,0.2147619782185785,14.888520774427988,68,57,11,83.82352941176471,536.6869604195317,-1666.1874812640597,852.520191090889,-5394.688164653835,1.669088431355178,8.720588235294118,32,102,31.372549019607842,12.16759546304953,-15.981567235675875,0.517620612852632,,0.3054986734497935,1
35,0.3,0.08,0.5,0.3,18,25,20000,30004.960256093218,10004.960256093218,50.02480128046609,4.894842044890924,0.3042206200116595,0.161518248364539,-24.439707659567176,0.2002823484255053,11.242346785980498,68,56,12,82.35294117647058,505.9447195626818,-1514.1120032847582,978.7552144066284,-2759.1874879623883,1.5593795920229132,10.058823529411764,31,102,30.392156862745097,9.06991837691804,-12.290677855374332,0.44292517338326337,,0.3042206200116595,1
30,0.2,0.12,0.55,0.9,24,25,20000,30714.18574401745,10714.18574401745,53.57092872008725,5.183943389634926,0.29681201514923705,0.15609137246825763,-23.489556498472844,0.22069141194606873,13.308443581993412,114,79,35,69.2982456140351,477.94488898601617,-746.2617281679375,1004.7743030787273,-2718.5644157601187,1.4455918769024063,5.640350877192983,28,102,27.450980392156865,9.41460327140684,-12.391258350990741,0.4664689686152015,,0.6981885923552572,3
40,0.22,0.12,0.5,0.9,22,25,20000,30954.53029261872,10954.530292618721,54.7726514630936,5.280579667481566,0.29518650360522825,0.1642214320919043,-25.959086791991986,0.2034193155481321,14.012487708005825,65,52,13,80.0,522.4564166468739,-1221.3694902322072,949.9924316826798,-5051.857164231134,1.7110511465209248,10.6,32,102,31.372549019607842,7.59254552583104,-14.669482492804974,0.4753431802386937,,0.5618491189451714,6
40,0.3,0.14,0.4,0.3,24,25,20000,31070.781475185544,11070.781475185544,55.353907375927726,5.327083939630239,0.29431050909085543,0.15761952934928067,-31.551120396889637,0.16883977090573912,14.432982319659708,74,57,17,77.02702702702703,595.0108740042705,-1326.455196650459,1150.2264608940427,-3552.1899394222173,1.504036069167283,8.702702702702704,29,102,28.431372549019606,13.399036345184157,-13.887874283081924,0.5102083327353335,,0.29431050909085543,1
45,0.18,0.08,0.6,0.7,22,25,20000,29060.846620148954,9060.846620148954,45.30423310074477,4.500492482464646,0.28179841286174373,0.14651154595420857,-21.16138399759067,0.21267477037310276,10.5061448315176,54,47,7,87.03703703703704,384.25776279816085,-1260.166890194942,785.5082225036537,-4314.701275096588,2.0473608911911367,14.481481481481481,36,102,35.294117647058826,10.819056762823266,-13.487299103600503,0.399871235824974,,0.3818014177380689,5
35,0.22,0.08,0.6,0.3,24,25,20000,29289.935924760484,9289.935924760484,46.44967962380242,4.597208709059664,0.2815431104506213,0.14866201100505136,-22.525461959779996,0.2040894307636461,11.051656263733733,67,50,17,74.6268656716418,463.1595746915142,-802.3084005773665,1024.2514229137457,-2616.468381844143,1.6978932817231245,9.746268656716419,35,102,34.31372549019608,7.901878367095283,-10.42788777632616,0.41296003979831075,,0.2815431104506213,1
40,0.18,0.12,0.5,0.5,20,25,20000,30079.80616136956,10079.80616136956,50.3990308068478,4.925634301324244,0.2762045963636324,0.1488789919874891,-21.151077766548436,0.23287864361760321,13.495228979450841,65,52,13,80.0,494.57795722988715,-1162.042124198817,872.272166892295,-4134.740332085909,1.7024441607773195,11.0,32,102,31.372549019607842,11.653388693487488,-13.65932918441749,0.449293628958315,,0.48113823490665675,7
45,0.3,0.14,0.6,0.3,20,25,20000,30247.74438251194,10247.74438251194,51.238721912559704,4.994480311037819,0.2758041819554584,0.15850769589142563,-28.411815475343705,0.17578884796616115,14.029959445918303,52,39,13,75.0,803.8681232846228,-1608.516340429868,1436.5083166705704,-2943.1052121745847,1.4992725340977133,14.403846153846153,29,102,28.431372549019606,10.572031267415927,-12.060005397451635,0.47981011828231845,,0.5250548980597702,2
40,0.16,0.12,0.4,0.3,22,15,20000,32315.837937655157,12315.837937655157,61.57918968827578,5.8157505292017575,0.2737446206178965,0.2621516097549854,-43.256510011950304,0.1344479831497054,24.188889802223027,290,240,50,82.75862068965517,315.429966576649,-1204.3922870142421,707.7782735787267,-2911.750243281028,1.2571185118773607,10.013793103448275,58,102,56.86274509803921,13.023878219239403,-17.929500780322027,0.6778134576429247,,0.41592250493699917,2
45,0.18,0.16,0.4,0.9,18,25,20000,30574.228300672967,10574.228300672967,52.87114150336484,5.127362374156363,0.268828977134113,0.14806863101191706,-30.540683535190112,0.1678863005226594,15.893016951571981,52,45,7,86.53846153846155,524.2717100598841,-1726.7426645745495,875.9259405326121,-6123.118161308026,1.951835791889502,11.846153846153847,33,102,32.35294117647059,10.6798840657635,-28.54957366805183,0.49971533137279467,,0.3354979167728407,2
40,0.18,0.14,0.6,0.7,18,25,20000,29639.91278816951,9639.91278816951,48.19956394084755,4.743680119462601,0.2516553681559686,0.14207981953232365,-22.70534367968672,0.2089235109753711,14.93580059845955,64,52,12,81.25,532.8879134186528,-1437.7132258000372,933.5133786533343,-4721.859392586591,1.6061485118929173,12.34375,32,102,31.372549019607842,8.50189161882371,-12.053873792349012,0.43929309793061244,,0.3914644064988292,2
30,0.22,0.16,0.6,0.9,24,25,20000,29455.50967495407,9455.509674954072,47.277548374770355,4.6666955386688524,0.2437545913062708,0.13279753087338758,-27.56222210491957,0.16931492391667127,15.485742636595907,118,83,35,70.33898305084746,493.65358951070425,-861.4325215552677,1270.1566851749399,-2972.458404562768,1.3589737991785913,5.872881355932203,29,102,28.431372549019606,11.52153224965784,-14.255241120140605,0.44674104465056147,,0.5043914843938077,2
35,0.16,0.14,0.45,0.7,22,25,20000,28865.138795992716,8865.138795992716,44.32569397996358,4.417334940315776,0.23238006104523168,0.11680580723919544,-28.46972466437731,0.15515903270546758,14.705723103782448,68,55,13,80.88235294117648,447.02932096512575,-1128.744142853016,795.476784562969,-4955.233036617397,1.675559433345558,9.161764705882353,31,102,30.392156862745097,9.24565488997331,-24.161980785556093,0.4254118452066543,,0.24139629034138718,3
40,0.2,0.1,0.6,0.7,20,25,20000,28268.636729532107,8268.636729532107,41.34318364766054,4.160772505402877,0.22259755418387792,0.12067769201236854,-25.251008857124635,0.1647764859196469,13.385936116742325,56,45,11,80.35714285714286,507.967347495648,-1303.8994461610905,801.9760436258003,-5285.606677045179,1.59371817042569,13.0,35,102,34.31372549019608,10.688015436047959,-15.393811787196377,0.3914850501410504,,0.3940214175976637,5
30,0.16,0.12,0.45,0.5,24,20,20000,28651.617652544977,8651.617652544977,43.25808826272489,4.326039114317237,0.21560421361529736,0.14753213182408426,-46.991784176512894,0.09205947784547938,18.056228988913023,254,183,71,72.04724409448819,388.77412018509307,-821.6062864975639,991.4629689982864,-4498.548882514777,1.2196250467108183,4.94488188976378,44,102,43.13725490196079,11.513142967998768,-15.403092277001917,0.49200558861860044,,0.335361554638877,3
30,0.2,0.16,0.55,0.5,24,25,20000,28028.87165281368,8028.871652813679,40.144358264068394,4.056299176934619,0.20893499431722903,0.10770956709316251,-24.92519056309307,0.16273894342620648,14.730019852580039,116,76,40,65.51724137931035,502.98009580070556,-712.332890700999,1131.927944933072,-3227.952748955185,1.3415949122900725,5.637931034482759,27,102,26.47058823529412,11.048057292028224,-15.614781444979242,0.39560059726747093,,0.48698168589928675,2
40,0.16,0.14,0.4,0.3,24,25,20000,27187.321098871034,7187.321098871034,35.93660549435517,3.683258770765341,0.193064346011389,0.09652006930391639,-24.44672494332559,0.15066471191147993,12.40842816456809,65,52,13,80.0,433.63336493660904,-1099.1626059871292,684.5708112043889,-3330.67789593035,1.5780499175449088,8.707692307692307,29,102,28.431372549019606,9.506753292720038,-12.040227023944162,0.34155453953073117,,0.193064346011389,1
45,0.24,0.16,0.5,0.3,18,25,20000,27227.97892254445,7227.978922544451,36.13989461272226,3.701514105526238,0.18632039545370924,0.10586040025698994,-29.815320752642133,0.12414805583462396,14.4244530811071,59,46,13,77.96610169491525,618.3594562990982,-1599.8427744010817,979.1727633273008,-3054.3001258558693,1.3676601151494177,11.915254237288135,29,102,28.431372549019606,16.1931702500685,-13.431398254996395,0.3819269025861325,,0.39282402178332254,2
35,0.24,0.1,0.45,0.3,20,25,20000,26793.079964313416,6793.079964313416,33.965399821567075,3.5049846478894864,0.17946810628662002,0.09253823511659315,-25.996202087154202,0.13482679647352966,12.391758399965822,81,69,12,85.18518518518519,400.37404630983843,-1715.0441025887892,867.988585977293,-2830.713907226864,1.3423274438287438,8.567901234567902,32,102,31.372549019607842,8.236824649651254,-11.73739669732865,0.3383822484379513,,0.3326877485842386,3
40,0.3,0.08,0.45,0.9,20,25,20000,26653.180128453663,6653.180128453663,33.26590064226831,3.441165945290048,0.17152406352267763,0.09329971719708692,-26.88606167353057,0.12799070340145388,13.13789902278363,58,47,11,81.03448275862068,473.8378033726399,-1408.75423909641,945.0427051501179,-5486.280937767719,1.4371418726789766,12.258620689655173,30,102,29.411764705882355,11.753525370058515,-15.894032233726795,0.3369668849988344,,0.4720977521494543,3
40,0.16,0.12,0.5,0.9,18,25,20000,26349.158196323282,6349.158196323282,31.745790981616413,3.30145373834716,0.15950781200421338,0.08430532588841899,-29.054328363104652,0.1136303581720234,14.306078683432647,65,54,11,83.07692307692308,389.68075085033274,-1272.9093045086129,762.6975836805138,-5999.352541860045,1.5028393811494403,10.661538461538461,32,102,31.372549019607842,10.372292374070957,-19.574837681340984,0.33148572757381345,,0.513355667447078,3
35,0.16,0.12,0.55,0.3,18,25,20000,26128.741691247385,6128.7416912473855,30.64370845623693,3.199270063287818,0.15586169190513485,0.07934933259429722,-29.51529593641474,0.10839362987178089,12.308110557689398,76,61,15,80.26315789473685,412.0316432675632,-1211.7192365382687,722.2290104201321,-2584.9968546943282,1.3828247491350043,9.881578947368421,31,102,30.392156862745097,10.361233902627397,-11.77908865342092,0.31675795842456206,,0.4356811163327498,4
45,0.22,0.14,0.5,0.3,24,25,20000,26116.7126328037,6116.712632803701,30.583563164018507,3.1936716142454413,0.15442018119549392,0.084007724145732,-26.841503864204235,0.11898258869558029,12.694475544762824,66,51,15,77.27272727272727,502.68929400812453,-1275.4494241073771,890.6563321240998,-2720.1535580335185,1.3400324366634664,11.181818181818182,31,102,30.392156862745097,8.671541699624674,-11.954517761985084,0.3171482157603215,,0.2870911817616998,3
45,0.24,0.14,0.4,0.3,22,25,20000,25989.123780842867,5989.123780842867,29.94561890421433,3.134149991472679,0.14937118129334503,0.07987199515899437,-26.730779770796254,0.11724873042786357,13.027589509204898,69,56,13,81.15942028985508,484.9713020125998,-1601.3053178355917,767.6354399385986,-2720.1535580335185,1.304627620893026,9.797101449275363,30,102,29.411764705882355,8.4214354304184,-11.913503219839939,0.3105095938957952,,0.14937118129334503,1
40,0.26,0.16,0.55,0.3,22,25,20000,25614.66452373864,5614.66452373864,28.073322618693204,2.957959841604496,0.13712501106181121,0.0738400049843098,-33.52818670216153,0.08822307832751956,14.942294132913508,65,49,16,75.38461538461539,603.063765423041,-1472.8099988743984,1226.8904056430151,-3092.8662515623123,1.2539857707508446,11.430769230769231,29,102,28.431372549019606,9.209033214735719,-14.328700393027184,0.31764287632564076,,0.4905351419200115,3
30,0.26,0.14,0.5,0.3,22,25,20000,25054.108218324094,5054.108218324094,25.27054109162047,2.689913238165831,0.1212664533926514,0.06251303332794744,-32.27057606536653,0.0833549804849224,15.586693669102953,107,73,34,68.22429906542055,529.0276699590763,-970.1121084908364,1033.1745936231755,-2908.980257610204,1.170847695575969,6.02803738317757,28,102,27.450980392156865,12.660065400794274,-17.796410148271224,0.31194691115813505,,0.31264504204681515,2
40,0.3,0.14,0.45,0.3,18,25,20000,25054.547353903163,5054.547353903163,25.272736769515813,2.6901252860102254,0.11928347767699457,0.0641529634656482,-31.551120396889637,0.0852624329079427,14.813323573800712,72,58,14,80.55555555555556,528.0164291252036,-1808.7218239541883,1007.071773650958,-3351.945531070548,1.2094157354529038,9.680555555555555,29,102,28.431372549019606,9.488597659214637,-13.887874283081924,0.29297182512573855,,0.586109318720921,4
35,0.2,0.16,0.6,0.3,18,25,20000,24650.83902757629,4650.83902757629,23.254195137881453,2.49378621539198,0.10678050410727563,0.05598397203605603,-31.564433868882404,0.0790062076117406,14.869454828419917,71,57,14,80.28169014084507,486.32101239252495,-1594.5184770569774,1141.596798951424,-2838.287009288799,1.2417675262036125,11.056338028169014,28,102,27.450980392156865,9.681751304819652,-14.800686802259577,0.2811241517723564,,0.3457555533372557,2
45,0.3,0.1,0.45,0.3,24,25,20000,24752.01222479912,4752.01222479912,23.7600611239956,2.5432555583451144,0.10203955124464638,0.05554749421055486,-23.417906392788385,0.10860302862634713,10.968566726614707,69,56,13,81.15942028985508,382.21953604353746,-1270.3447533568533,669.0417753990788,-2451.463418985902,1.2960923803665714,10.333333333333334,30,102,29.411764705882355,7.5778341631448365,-9.560532649610964,0.24914238804958633,,0.10203955124464638,1
30,0.16,0.08,0.6,0.3,24,25,20000,23680.838017569138,3680.838017569138,18.40419008784569,2.0101828328489724,0.04716084946009213,0.021746651439601257,-24.90503849575778,0.08071390185529641,9.468166874341575,108,75,33,69.44444444444444,310.0029826380537,-576.8207781904497,567.7035875205139,-1969.1926174509108,1.2214404541364856,5.518518518518518,28,102,27.450980392156865,6.758867780602262,-10.158081353678917,0.19906809891937335,,0.2280461743894556,2
40,0.2,0.16,0.55,0.3,22,25,20000,22456.320000560183,2456.320000560183,12.281600002800914,1.3740877352371506,0.027644633783722134,0.01460202734745313,-32.12506164760211,0.04277307699235857,14.232177655066266,62,44,18,70.96774193548387,555.90604046744,-1180.1692100004025,976.8707910779457,-2838.287009288799,1.1514293210998776,11.016129032258064,28,102,27.450980392156865,7.964461695079539,-14.485815304986993,0.17938281114633678,,0.1638307749429935,3
30,0.22,0.16,0.45,0.3,24,25,20000,22089.3881684826,2089.388168482601,10.446940842413005,1.1775189033947697,0.02407193585343731,0.011997403075411929,-37.08005179327517,0.0317561288738093,15.325601219009211,121,83,38,68.59504132231406,408.82027374507726,-807.7577513778658,929.701335196576,-2808.8102539221663,1.105467008842831,5.355371900826446,28,102,27.450980392156865,10.490815617266414,-15.21910268150145,0.18249103500649902,,0.3235353049046866,2
35,0.16,0.12,0.4,0.3,18,25,20000,22282.72804167471,2282.728041674709,11.413640208373545,1.2814488663491774,0.00373166753717548,0.0018176794498177384,-28.822848246688583,0.04445948073492013,12.324977273369415,86,69,17,80.23255813953489,341.4013383847578,-1199.1802533455093,627.2461759768789,-3087.7465578022866,1.1555291886627463,8.023255813953488,29,102,28.431372549019606,8.747727071102517,-13.678548447575167,0.16154199452442314,,0.00373166753717548,1
35,0.16,0.16,0.4,0.3,20,25,20000,20000.0,0.0,0.0,0.0,,,0.0,,0.0,0,0,0,0.0,0.0,0.0,0.0,0.0,0.0,,0,102,0.0,0.0,0.0,0.0,True,,0
45,0.16,0.16,0.45,0.3,22,20,20000,20000.0,0.0,0.0,0.0,,,0.0,,0.0,0,0,0,0.0,0.0,0.0,0.0,0.0,0.0,,0,102,0.0,0.0,0.0,0.0,True,0.34652314902739983,2
45,0.16,0.16,0.4,0.3,18,15,20000,20000.0,0.0,0.0,0.0,,,0.0,,0.0,0,0,0,0.0,0.0,0.0,0.0,0.0,0.0,,0,102,0.0,0.0,0.0,0.0,True,0.5649598730965063,1
40,0.16,0.16,0.5,0.9,18,20,20000,20000.0,0.0,0.0,0.0,,,0.0,,0.0,0,0,0,0.0,0.0,0.0,0.0,0.0,0.0,,0,102,0.0,0.0,0.0,0.0,True,,0
30,0.16,0.16,0.5,0.7,24,10,20000,20000.0,0.0,0.0,0.0,,,0.0,,0.0,0,0,0,0.0,0.0,0.0,0.0,0.0,0.0,,0,102,0.0,0.0,0.0,0.0,True,,0
30,0.16,0.16,0.4,0.5,24,20,20000,20000.0,0.0,0.0,0.0,,,0.0,,0.0,0,0,0,0.0,0.0,0.0,0.0,0.0,0.0,,0,102,0.0,0.0,0.0,0.0,True,0.23238006104523168,1
45,0.16,0.16,0.45,0.5,20,25,20000,20000.0,0.0,0.0,0.0,,,0.0,,0.0,0,0,0,0.0,0.0,0.0,0.0,0.0,0.0,,0,102,0.0,0.0,0.0,0.0,True,0.40216685641156835,1
30,0.16,0.16,0.6,0.7,18,25,20000,20000.0,0.0,0.0,0.0,,,0.0,,0.0,0,0,0,0.0,0.0,0.0,0.0,0.0,0.0,,0,102,0.0,0.0,0.0,0.0,True,0.5449336969303283,2
45,0.16,0.16,0.55,0.9,24,25,20000,20000.0,0.0,0.0,0.0,,,0.0,,0.0,0,0,0,0.0,0.0,0.0,0.0,0.0,0.0,,0,102,0.0,0.0,0.0,0.0,True,0.5553773656651537,1
30,0.16,0.16,0.5,0.5,22,25,20000,20000.0,0.0,0.0,0.0,,,0.0,,0.0,0,0,0,0.0,0.0,0.0,0.0,0.0,0.0,,0,102,0.0,0.0,0.0,0.0,True,0.23238006104523168,1
45,0.16,0.16,0.4,0.9,24,25,20000,20000.0,0.0,0.0,0.0,,,0.0,,0.0,0,0,0,0.0,0.0,0.0,0.0,0.0,0.0,,0,102,0.0,0.0,0.0,0.0,True,0.6439703077913402,1
