dte,short_delta,long_delta,profit_target,stop_loss,dte_min,initial_capital,final_value,total_pnl,total_return_pct,annualized_return_pct,sharpe_ratio,sortino_ratio,max_drawdown_pct,calmar_ratio,volatility_pct,total_trades,winning_trades,losing_trades,win_rate_pct,avg_win,avg_loss,largest_win,largest_loss,profit_factor,avg_days_in_trade,positive_months,total_months,positive_months_pct,best_month_pct,worst_month_pct,avg_monthly_return_pct,below_min_trades,stability_score,stability_n
24,0.35,0.19,0.9,0.30000000000000004,5,150000,219094.63999165196,69094.63999165196,46.06309332776797,6.567404073225225,0.7022868097113545,0.7681686006178279,-14.33486170654758,0.45814212984179004,6.519473659040852,1217,894,323,73.45932621199671,199.40198638785182,-334.80002595347975,412.47776626104445,-1209.2976493273718,1.6484622029484246,15.80443714050945,50,71,70.4225352112676,4.571553342925783,-4.69794297048497,0.5562979347193647,,0.5326808067319088,42
27,0.35,0.16999999999999998,0.9,0.30000000000000004,5,150000,235203.90796656517,85203.90796656517,56.80260531104344,7.844371824010565,0.7004917821621571,0.7696681075713743,-19.083249045356116,0.4110606011254401,8.444354737364819,1253,936,317,74.70071827613727,236.55506389778287,-427.49247644183015,477.30146579734674,-1412.7617667699267,1.6338807649312204,18.599361532322426,48,71,67.6056338028169,6.37567438592852,-6.415062508057856,0.6710419226695964,,0.5602705708868887,27
27,0.35,0.16999999999999998,0.9,0.30000000000000004,5,150000,235203.90796656517,85203.90796656517,56.80260531104344,7.844371824010565,0.7004917821621571,0.7696681075713743,-19.083249045356116,0.4110606011254401,8.444354737364819,1253,936,317,74.70071827613727,236.55506389778287,-427.49247644183015,477.30146579734674,-1412.7617667699267,1.6338807649312204,18.599361532322426,48,71,67.6056338028169,6.37567438592852,-6.415062508057856,0.6710419226695964,,0.5602705708868887,27
24,0.35,0.16999999999999998,0.9,0.30000000000000004,5,150000,224851.04080498673,74851.04080498673,49.90069386999115,7.032417593248486,0.6991419897105301,0.7566638692054876,-15.861322723187188,0.4433689242680881,7.243643174856611,1218,905,313,74.30213464696223,218.53165204902672,-389.73881651068297,477.30146579734674,-1209.2976493273718,1.6212311087747737,15.780788177339902,50,71,70.4225352112676,5.040565864781987,-5.318472795974849,0.5966680059351207,,0.5329401441340521,48
21,0.35,0.16999999999999998,0.9,0.30000000000000004,5,150000,219010.0750062199,69010.07500621991,46.00671667081327,6.560497337900095,0.6746665651945108,0.7228222562968651,-15.403336826447047,0.42591403484963897,6.805150459604907,1205,888,317,73.6929460580913,211.32682505375163,-370.75889329989803,433.2280928863998,-1209.2976493273718,1.596675843257497,14.854771784232366,48,71,67.6056338028169,4.664920903722303,-5.222351847617823,0.556725268131711,,0.5304810986375683,35
21,0.35,0.16999999999999998,0.9,0.30000000000000004,5,150000,219010.0750062199,69010.07500621991,46.00671667081327,6.560497337900095,0.6746665651945108,0.7228222562968651,-15.403336826447047,0.42591403484963897,6.805150459604907,1205,888,317,73.6929460580913,211.32682505375163,-370.75889329989803,433.2280928863998,-1209.2976493273718,1.596675843257497,14.854771784232366,48,71,67.6056338028169,4.664920903722303,-5.222351847617823,0.556725268131711,,0.5304810986375683,35
24,0.35,0.21000000000000002,0.9,0.30000000000000004,5,150000,209618.715515244,59618.715515243995,39.745810343496,5.779290735413611,0.6683599680838512,0.739669627737539,-12.235232530519113,0.4723482550084734,5.660338543756563,1200,864,336,72.0,179.28341767114668,-280.0845283384864,378.9578039764507,-995.4200511090276,1.6459834654836971,15.715833333333334,47,71,66.19718309859155,3.549277199932943,-4.048900193015459,0.4884005180985246,,0.5266717213292397,24
24,0.32999999999999996,0.15000000000000002,0.9,0.30000000000000004,5,150000,223073.7642191902,73073.7642191902,48.71584281279346,6.8899132531275775,0.6548365119440753,0.6972419369657161,-17.403642661159516,0.3958891473050124,7.566856301186707,1230,937,293,76.1788617886179,211.04781636197518,-422.37914456263724,435.7073520486253,-1317.4323884215787,1.5979028349717792,15.773983739837398,48,71,67.6056338028169,5.056866556733541,-5.5249298825019615,0.5872310316399708,,0.5270908329088773,50
24,0.32999999999999996,0.15000000000000002,0.9,0.30000000000000004,5,150000,223073.7642191902,73073.7642191902,48.71584281279346,6.8899132531275775,0.6548365119440753,0.6972419369657161,-17.403642661159516,0.3958891473050124,7.566856301186707,1230,937,293,76.1788617886179,211.04781636197518,-422.37914456263724,435.7073520486253,-1317.4323884215787,1.5979028349717792,15.773983739837398,48,71,67.6056338028169,5.056866556733541,-5.5249298825019615,0.5872310316399708,,0.5270908329088773,50
24,0.32999999999999996,0.15000000000000002,0.9,0.30000000000000004,5,150000,223073.7642191902,73073.7642191902,48.71584281279346,6.8899132531275775,0.6548365119440753,0.6972419369657161,-17.403642661159516,0.3958891473050124,7.566856301186707,1230,937,293,76.1788617886179,211.04781636197518,-422.37914456263724,435.7073520486253,-1317.4323884215787,1.5979028349717792,15.773983739837398,48,71,67.6056338028169,5.056866556733541,-5.5249298825019615,0.5872310316399708,,0.5270908329088773,50
30,0.35,0.16999999999999998,0.9,0.30000000000000004,5,150000,233673.14054955033,83673.14054955033,55.78209369970022,7.72621438055261,0.6548112157067187,0.720058773073729,-20.40678045522963,0.3786101583982406,8.930621147280808,1266,941,325,74.32859399684044,240.51245542382426,-436.70178130706233,477.30146579734674,-1412.7617667699267,1.5946261111146447,19.4826224328594,48,71,67.6056338028169,6.498459090082376,-6.9970114265233585,0.6664286341196508,,0.5483537943769097,17
21,0.32999999999999996,0.13,0.9,0.30000000000000004,5,150000,224905.19132612037,74905.19132612037,49.936794217413585,7.036744717946575,0.6525708050067613,0.6828245456550748,-18.398032541437118,0.3824726748416174,7.835622333290594,1197,915,282,76.44110275689223,222.59122826032203,-452.86206283946484,440.8775365815553,-1489.2035424982967,1.594828878847975,14.89390142021721,47,71,66.19718309859155,5.29326632791185,-6.022834390972287,0.5993121395089619,,0.5191088647693485,29
21,0.35,0.15000000000000002,0.9,0.30000000000000004,5,150000,223471.17904334998,73471.17904334998,48.98078602889999,6.921860281178538,0.6507608520076935,0.6899763100310329,-17.53525087354689,0.3947397348971284,7.672675758276198,1203,896,307,74.4804655029094,230.86980163417385,-431.01101762060057,466.99702344646954,-1376.3352005258814,1.563321829164621,14.87281795511222,51,71,71.83098591549296,5.099088432351584,-5.786877773795396,0.5909075836988482,,0.5406115204787496,32
21,0.31,0.16999999999999998,0.9,0.30000000000000004,5,150000,208769.12898719189,58769.128987191885,39.17941932479459,5.7071913437330535,0.6463464043433237,0.6788705799607352,-13.645054406259385,0.41826079792800225,5.756181878310289,1229,936,293,76.15947925142392,160.2859100050594,-306.9902153607662,346.8457112528746,-1033.6017572914875,1.667934692949848,14.815296989422295,52,71,73.23943661971832,3.716708096285881,-4.713528878884999,0.48173805328386515,,0.502830668603085,20
24,0.35,0.19,0.8,0.30000000000000004,5,150000,213367.51894329058,63367.518943290575,42.24501262886039,6.094554954391596,0.6454753462091087,0.7131726511520781,-14.17261643577516,0.43002327636606635,6.3907397379175945,1218,906,312,74.38423645320196,187.4527273612079,-337.3298886658552,381.5499671375146,-1209.2976493273718,1.6136544660440972,14.100985221674877,49,71,69.01408450704226,4.384256422159383,-4.804114208469102,0.5170745837660436,,0.5216581332867746,46
27,0.32999999999999996,0.16999999999999998,0.9,0.30000000000000004,5,150000,224438.1021574005,74438.10215740051,49.625401438267005,6.999391447231917,0.6434940641532751,0.6990729266006257,-18.751519901838414,0.3732706193350061,7.899486237934742,1280,972,308,75.9375,203.3443002120682,-396.6913691165924,423.9284892956194,-1412.7617667699267,1.6176881359368946,18.546875,48,71,67.6056338028169,5.2522261739906595,-6.389620912989125,0.5990891536642299,,0.5491485133325864,33
21,0.32999999999999996,0.15000000000000002,0.9,0.30000000000000004,5,150000,219026.74950246615,69026.74950246615,46.0178330016441,6.561859381340773,0.641662365704196,0.6783955816543394,-16.009252679262055,0.40987918129625284,7.200482431408535,1213,918,295,75.68013190436933,205.5288774876129,-401.92976006717697,435.7073520486253,-1184.0449439068072,1.591268082045439,14.916735366859028,50,71,70.4225352112676,4.926505667913239,-5.464727150992498,0.5581653935017928,,0.5359977271931993,37
27,0.35,0.15000000000000002,0.9,0.30000000000000004,5,150000,235258.75772128187,85258.75772128187,56.839171814187914,7.848593698875028,0.6412966333665476,0.700205221294031,-22.63106512667422,0.34680620001505114,9.357074182481844,1252,942,310,75.23961661341852,253.98811070364593,-494.66604629340225,494.8769522160334,-1529.03108762235,1.560236720769087,18.523162939297123,48,71,67.6056338028169,7.460112454245582,-7.863117770555772,0.6800844942494392,,0.5515064997892076,22
24,0.31,0.15000000000000002,0.9,0.30000000000000004,5,150000,216942.90744314008,66942.90744314008,44.62860496209339,6.390970025414244,0.639205616469563,0.6711320661869236,-16.598757709438807,0.38502700848389687,6.948994389958418,1251,968,283,77.37809752198241,182.71243017448998,-384.4932911634034,351.24240760614214,-1184.0449439068072,1.625429918634912,15.701838529176658,49,71,69.01408450704226,4.73048170074557,-5.325926992034913,0.5424159819046532,,0.4988101857785244,26
27,0.32999999999999996,0.19,0.9,0.30000000000000004,5,150000,217203.16563317308,67203.16563317308,44.80211042211539,6.412387433057765,0.6364496113438829,0.6955546244987478,-16.73673767811557,0.3831324572555379,7.018193245133296,1278,955,323,74.72613458528951,183.36463162727733,-331.00542192829437,391.0185598915212,-1242.6420786034155,1.6378771039816031,18.614241001564945,49,71,69.01408450704226,4.734288973091094,-5.273321012146126,0.5466940185498937,,0.5568347618335492,26
24,0.32999999999999996,0.21000000000000002,0.9,0.30000000000000004,5,150000,202691.6152361485,52691.6152361485,35.12774349076567,5.184185057715585,0.6302576604717983,0.6888424948598454,-10.497684633558347,0.4938408076332474,5.055089039886714,1186,876,310,73.86172006745363,152.81262766715466,-258.12255086897756,331.41405407281724,-745.8521703963629,1.6729220585184608,15.759696458684655,48,71,67.6056338028169,3.2814629543892693,-3.6268868610174754,0.4367540691039949,,0.5124251722309264,29
27,0.31,0.19,0.9,0.30000000000000004,5,150000,210584.15644420113,60584.15644420113,40.389437629467416,5.86092744309521,0.6204548705151487,0.6810090774021876,-14.271171719138806,0.4106829879452174,6.281767842497573,1284,971,313,75.62305295950156,156.5971401313116,-288.756662263039,324.43234755403466,-872.6412171955166,1.6823901060708055,18.440031152647975,48,71,67.6056338028169,4.8169233619119955,-4.608721116019787,0.497680110074775,,0.47124148905610236,13
21,0.35,0.16999999999999998,0.8,0.30000000000000004,5,150000,213142.74073806463,63142.74073806463,42.095160492043085,6.075782144997399,0.6181609376484973,0.6682332743006107,-15.211537267886493,0.39941933796685725,6.674648935460035,1206,899,307,74.54394693200663,199.01977821157803,-372.9804033476041,413.0587617636716,-1209.2976493273718,1.5625414251087266,13.309286898839138,48,71,67.6056338028169,4.41708173484221,-5.295349104433411,0.5164986641171934,,0.5285625626224013,41
21,0.35,0.16999999999999998,0.8,0.30000000000000004,5,150000,213142.74073806463,63142.74073806463,42.095160492043085,6.075782144997399,0.6181609376484973,0.6682332743006107,-15.211537267886493,0.39941933796685725,6.674648935460035,1206,899,307,74.54394693200663,199.01977821157803,-372.9804033476041,413.0587617636716,-1209.2976493273718,1.5625414251087266,13.309286898839138,48,71,67.6056338028169,4.41708173484221,-5.295349104433411,0.5164986641171934,,0.5285625626224013,41
30,0.35,0.16999999999999998,0.8,0.30000000000000004,5,150000,225750.65771220395,75750.65771220395,50.500438474802635,7.104193075336873,0.6088246996614103,0.6799117714652264,-19.65590133978763,0.36142799826515765,8.606034711975294,1268,958,310,75.55205047318611,223.8796008240115,-443.59677522742777,440.72410740891,-1412.7617667699267,1.5596600886414418,17.204258675078865,48,71,67.6056338028169,6.438140278086912,-7.008419440570024,0.6141343269521223,,0.5262841460453794,19
21,0.32999999999999996,0.13,0.8,0.30000000000000004,5,150000,218928.99301015152,68928.99301015152,45.95266200676768,6.55387298698713,0.6062985872243939,0.6414388659283354,-17.884014241250878,0.3664654310031866,7.6651240573015675,1198,925,273,77.21202003338898,210.77078316387468,-457.2227876340716,426.0934439008905,-1489.2035424982967,1.5619302204294805,13.257929883138564,47,71,66.19718309859155,5.150679605012232,-6.016640549771002,0.5589830010125244,,0.5094583679256931,34
21,0.35,0.21000000000000002,0.9,0.30000000000000004,5,150000,202912.75490001758,52912.75490001758,35.275169933345055,5.203442743960407,0.6031615653349384,0.6539594965891633,-11.862370094283484,0.43865118880989584,5.336915581895154,1176,834,342,70.91836734693877,174.7697883924908,-267.8313520784882,373.3935816832486,-995.4200511090276,1.5912737229572145,14.773809523809524,47,71,66.19718309859155,3.656010928618425,-4.12386218716998,0.44022898053686005,,0.5212305115900844,19
21,0.35,0.21000000000000002,0.9,0.30000000000000004,5,150000,202912.75490001758,52912.75490001758,35.275169933345055,5.203442743960407,0.6031615653349384,0.6539594965891633,-11.862370094283484,0.43865118880989584,5.336915581895154,1176,834,342,70.91836734693877,174.7697883924908,-267.8313520784882,373.3935816832486,-995.4200511090276,1.5912737229572145,14.773809523809524,47,71,66.19718309859155,3.656010928618425,-4.12386218716998,0.44022898053686005,,0.5212305115900844,19
21,0.35,0.19,0.8,0.30000000000000004,5,150000,207348.0546096233,57348.0546096233,38.23203640641553,5.5860455766081785,0.602448330528864,0.6552997232375984,-13.817213824923705,0.40428161910123894,6.00976539418542,1201,883,318,73.52206494587843,182.35446340662926,-322.1974446176462,381.5499671375146,-1209.2976493273718,1.5715488665471513,13.323896752706078,48,71,67.6056338028169,3.947901203825488,-4.610392249194883,0.47451585170390986,,0.5157513979572261,35
21,0.35,0.19,0.9,0.4,5,150000,210885.34269856813,60885.34269856813,40.59022846571209,5.886331712773196,0.5986403792326209,0.6408960986842002,-16.15820108532235,0.36429375285595206,6.5834319943387465,1201,902,299,75.10407993338885,190.45502979044588,-366.86603673041856,398.9085960036549,-1630.2831404949047,1.5661028783442106,15.46211490424646,48,71,67.6056338028169,4.13242528200346,-4.95455684038566,0.5022593818588611,,0.5743591922251657,26
27,0.35,0.21000000000000002,0.8,0.30000000000000004,5,150000,210152.32652814648,60152.326528146485,40.101551018764326,5.82445092197883,0.5971354629200011,0.6763840646693084,-14.9285133957967,0.39015612389233434,6.491715814636448,1252,921,331,73.56230031948881,179.22355954323507,-313.07215341882403,365.1642792338919,-805.2254589677666,1.5928771946865843,16.548722044728436,47,71,66.19718309859155,4.218288915835777,-4.669347977432093,0.49548347235922363,,0.520516631262481,17
21,0.35,0.15000000000000002,0.8,0.30000000000000004,5,150000,216886.3375393171,66886.33753931709,44.59089169287806,6.38631189414498,0.5956038862390588,0.6374892401201073,-17.253418786238626,0.37014761962647774,7.5196171108818755,1204,907,297,75.33222591362126,217.35017712841778,-434.4411202822442,449.23207710607414,-1376.3352005258814,1.5278471600602401,13.244186046511627,48,71,67.6056338028169,4.864821759194804,-5.897086943326013,0.5463276423465014,,0.5389586566252191,36
24,0.35,0.19,0.9,0.30000000000000004,7,150000,208639.38626051112,58639.38626051112,39.092924173674085,5.696159364263376,0.5955037464908468,0.6511599491059475,-13.135893548300134,0.4336331855399737,6.283401605845734,1217,847,370,69.59737058340181,193.36288249234858,-281.3747236605251,412.47776626104445,-974.0842840158833,1.5731484848155315,14.867707477403451,45,71,63.38028169014085,4.437713419420941,-4.63851502454693,0.48585620969536364,,0.5285286358301878,47
21,0.35,0.16999999999999998,0.9,0.4,5,150000,214512.7262461639,64512.72624616389,43.00848416410926,6.189944551250104,0.575056156126457,0.608617258795425,-18.63960066377663,0.3320856848226028,7.459111670132811,1205,913,292,75.76763485477179,208.6967840132706,-427.77349689215276,433.2280928863998,-1941.870128787602,1.5254213089149258,15.476348547717842,49,71,69.01408450704226,4.6633803588262746,-5.864186297486285,0.5310907780797802,,0.5716346881410108,30
21,0.31,0.19,0.9,0.30000000000000004,5,150000,199146.9751622917,49146.975162291696,32.764650108194466,4.873092923419953,0.5728692723138014,0.6025652612703214,-11.998492027594885,0.40614211454343657,5.043042536184986,1192,899,293,75.41946308724832,143.8839112971458,-269.0875040697179,307.9408744853233,-859.2304897080902,1.6406304811885755,14.833892617449665,49,71,69.01408450704226,3.276369663633938,-3.971589123050878,0.41157441700351716,,0.4277543314996549,17
33,0.35,0.16999999999999998,0.9,0.30000000000000004,5,150000,231346.08797652845,81346.08797652845,54.23072531768563,7.545353213609807,0.5709040657854576,0.6331934827594731,-24.896755281372155,0.3030657259685268,10.153945816610726,1302,965,337,74.11674347158218,250.76865687170348,-475.6651625198088,463.47444647435424,-1412.7617667699267,1.509625841019082,22.172043010752688,47,71,66.19718309859155,7.579659407552963,-8.360186282262582,0.6640867548067959,,0.5769315095719633,4
24,0.32999999999999996,0.19,0.9,0.30000000000000004,9,150000,198799.45269225948,48799.45269225948,32.53296846150632,4.84234550639111,0.5679288622470293,0.6231781525586193,-9.443253608272261,0.5127835921031741,5.034486852497485,1216,877,339,72.12171052631578,147.37085347690976,-234.26860870465111,372.8138379665757,-974.0842840158833,1.6274115559434223,13.869243421052632,49,71,69.01408450704226,3.2936242429928875,-3.297529802135324,0.40853619710910377,,0.438560446749173,17
21,0.35,0.13,0.9,0.4,5,150000,223578.34594264586,73578.34594264586,49.05223062843057,6.930467024774933,0.56716273111498,0.5919566920812882,-22.75499531257515,0.3045690376804838,9.016525447345732,1195,921,274,77.07112970711297,244.52156598303182,-549.5205675780339,493.8672137965741,-1749.2635639395219,1.4956923897066925,15.420083682008368,47,71,66.19718309859155,5.368259912243101,-6.896085906410887,0.5997775216690818,,0.5292716601764595,20
27,0.35,0.21000000000000002,0.9,0.30000000000000004,9,150000,204650.5824444814,54650.582444481406,36.43372162965427,5.3541745595995005,0.5669306562938172,0.6367215409004908,-12.412989934669469,0.43133641352961194,5.996874038852184,1250,893,357,71.44,169.16229797487114,-267.4223442680961,374.9514853560277,-805.2254589677666,1.5823010903641184,17.1,46,71,64.7887323943662,3.7153962330651824,-4.091866382130982,0.4546396610885916,,0.4977203309097449,9
27,0.32999999999999996,0.19,0.8,0.30000000000000004,5,150000,209505.13722944804,59505.13722944804,39.670091486298695,5.7696661134762905,0.5630909242503782,0.6197565086232901,-16.731120693008915,0.34484636261617196,6.8327264282932525,1280,966,314,75.46875,170.89630707724092,-332.1668474975491,354.49274161837224,-1242.6420786034155,1.5827920917247937,16.4125,49,71,69.01408450704226,4.654639165434338,-5.320049657527193,0.49386031182883394,,0.5375084437742562,29
24,0.35,0.15000000000000002,0.7,0.30000000000000004,5,150000,214478.54800983611,64478.548009836115,42.98569867322408,6.187103830001184,0.5580605819643542,0.6037196771682003,-17.075756109707537,0.362332642270747,7.716083648007394,1222,938,284,76.759410801964,208.15104561069035,-455.4768672513319,429.0504081222007,-1317.4323884215787,1.50937367168084,12.558919803600654,48,71,67.6056338028169,5.279308262696469,-6.209911352309283,0.5310948629410784,,0.4716653049770173,22
24,0.35,0.15000000000000002,0.7,0.30000000000000004,5,150000,214478.54800983611,64478.548009836115,42.98569867322408,6.187103830001184,0.5580605819643542,0.6037196771682003,-17.075756109707537,0.362332642270747,7.716083648007394,1222,938,284,76.759410801964,208.15104561069035,-455.4768672513319,429.0504081222007,-1317.4323884215787,1.50937367168084,12.558919803600654,48,71,67.6056338028169,5.279308262696469,-6.209911352309283,0.5310948629410784,,0.4716653049770173,22
24,0.35,0.15000000000000002,0.7,0.30000000000000004,5,150000,214478.54800983611,64478.548009836115,42.98569867322408,6.187103830001184,0.5580605819643542,0.6037196771682003,-17.075756109707537,0.362332642270747,7.716083648007394,1222,938,284,76.759410801964,208.15104561069035,-455.4768672513319,429.0504081222007,-1317.4323884215787,1.50937367168084,12.558919803600654,48,71,67.6056338028169,5.279308262696469,-6.209911352309283,0.5310948629410784,,0.4716653049770173,22
24,0.35,0.15000000000000002,0.9,0.30000000000000004,7,150000,215098.4944961105,65098.49449611051,43.39899633074034,6.2385721852239895,0.5543535884588253,0.5917422970279281,-17.65259522278162,0.35340821598700556,7.878531608042258,1219,869,350,71.28794093519278,229.8677698890036,-382.1389919494447,494.8769522160334,-1317.4323884215787,1.4935111213593706,14.847415914684168,45,71,63.38028169014085,5.539708906010388,-6.19363037555355,0.538872249364097,,0.5348203530955203,44
21,0.35,0.21000000000000002,0.9,0.4,5,150000,202210.78847878537,52210.78847878537,34.80719231919024,5.142252419677251,0.5539725751415849,0.5964290425359102,-14.999771070204423,0.342822060124093,5.746815531864251,1176,868,308,73.80952380952381,171.74402535663035,-310.44188091653433,373.3935816832486,-995.4200511090276,1.5590869640798983,15.46513605442177,48,71,67.6056338028169,3.604315346253828,-4.638283283831468,0.4375301697352006,,0.5631599942255823,16
27,0.31,0.15000000000000002,0.9,0.30000000000000004,5,150000,216333.70831958493,66333.70831958493,44.22247221305662,6.340753529472853,0.5521275559024412,0.5934562431911264,-20.771596836934794,0.305260764458807,8.119435532827636,1287,994,293,77.23387723387724,193.26270508610844,-425.54480589541464,392.94626143112197,-1184.0449439068072,1.5407122092016996,18.241647241647243,47,71,66.19718309859155,6.029185996174613,-7.46825393167958,0.5479259889302105,,0.49898582878768416,16
21,0.31,0.15000000000000002,0.9,0.4,5,150000,210346.38326946035,60346.38326946035,40.23092217964023,5.8408505355433515,0.5501195056107729,0.5696065187116186,-17.793034672688695,0.32826612452504955,7.15813461786376,1234,969,265,78.52512155591572,177.7136764036374,-417.3151514827318,375.1019582605206,-2512.663021290452,1.5571648847311905,15.312803889789302,49,71,69.01408450704226,4.571940996466828,-5.718144281040316,0.4999755437454677,,0.5727731012897321,16
24,0.32999999999999996,0.19,0.9,0.30000000000000004,7,150000,201684.39699899007,51684.396998990065,34.45626466599337,5.0962508640473025,0.5478164380951446,0.5920143358456983,-11.741980274106123,0.43401970920405614,5.729629050846392,1216,863,353,70.9703947368421,166.79402448735058,-258.44509540362526,372.8138379665757,-974.0842840158833,1.5777866721272131,14.894736842105264,45,71,63.38028169014085,3.7727590042926806,-4.150637339403362,0.43359721368050813,,0.5127756402221808,55
24,0.35,0.13,0.9,0.2,5,150000,214484.50442658053,64484.50442658053,42.98966961772035,6.1875989241815255,0.5375819785145253,0.5581534830210186,-18.300255279663073,0.33811544317951425,8.0624668465905,1207,841,366,69.67688483844242,256.0655341306483,-409.9036916459291,502.53010897372405,-1489.7501353896578,1.435437236616074,14.354598177299088,44,71,61.97183098591549,5.240357785857985,-5.948783401230651,0.5358952182743447,,0.5298460593220417,21
21,0.32999999999999996,0.16999999999999998,0.9,0.4,5,150000,207941.5593816628,57941.55938166281,38.627706254441875,5.636725274416454,0.5358574080935535,0.5638259891883243,-16.7208417299085,0.3371077464559734,6.9620438644246025,1213,929,284,76.58697444352845,183.8905872443319,-393.5426750101337,402.1669173849754,-1941.870128787602,1.5284985826128252,15.440230832646332,47,71,66.19718309859155,4.33539634610598,-5.4652175439634965,0.48300727525650056,,0.5697772367768368,36
21,0.32999999999999996,0.16999999999999998,0.9,0.4,5,150000,207941.5593816628,57941.55938166281,38.627706254441875,5.636725274416454,0.5358574080935535,0.5638259891883243,-16.7208417299085,0.3371077464559734,6.9620438644246025,1213,929,284,76.58697444352845,183.8905872443319,-393.5426750101337,402.1669173849754,-1941.870128787602,1.5284985826128252,15.440230832646332,47,71,66.19718309859155,4.33539634610598,-5.4652175439634965,0.48300727525650056,,0.5697772367768368,36
21,0.35,0.13,0.8,0.30000000000000004,9,150000,207025.93956278646,57025.93956278646,38.017293041857634,5.55848944187558,0.5340744198306316,0.5718304958609008,-15.033974517589014,0.369728539540387,6.829367432579081,1196,869,327,72.65886287625418,203.31362861601366,-362.21022419632504,454.1649294428567,-1489.2035424982967,1.491687361560122,11.785117056856187,45,71,63.38028169014085,4.2740716882157415,-5.443417360570146,0.47499143350621453,,0.404381214851523,7
24,0.29000000000000004,0.15000000000000002,0.9,0.30000000000000004,5,150000,204881.47130820132,54881.47130820132,36.58764753880088,5.374120652345926,0.5338743319526065,0.5552323729332403,-15.75773017029147,0.3410466224683755,6.457730063074556,1257,972,285,77.32696897374701,158.03935426286864,-342.0524299595681,327.19231292504753,-2111.2388083239985,1.5757741487397134,15.56642800318218,49,71,69.01408450704226,4.180474360346942,-4.689201140837362,0.45757244980296047,,0.4727762987770599,10
21,0.35,0.15000000000000002,0.8,0.4,5,150000,214623.99756351335,64623.997563513345,43.08266504234223,6.199190249219377,0.5324575209573346,0.5650500182005082,-19.65880650926921,0.3153390947866766,8.177942399044444,1204,933,271,77.49169435215947,215.0392371317333,-497.3666062290139,449.23207710607414,-2512.663021290452,1.4885157719243913,13.847176079734218,49,71,69.01408450704226,5.038069223191255,-6.338148518347831,0.53490825273143,,0.5571442656230545,32
21,0.35,0.15000000000000002,0.8,0.4,5,150000,214623.99756351335,64623.997563513345,43.08266504234223,6.199190249219377,0.5324575209573346,0.5650500182005082,-19.65880650926921,0.3153390947866766,8.177942399044444,1204,933,271,77.49169435215947,215.0392371317333,-497.3666062290139,449.23207710607414,-2512.663021290452,1.4885157719243913,13.847176079734218,49,71,69.01408450704226,5.038069223191255,-6.338148518347831,0.53490825273143,,0.5571442656230545,32
24,0.35,0.21000000000000002,0.9,0.30000000000000004,9,150000,195522.3954325548,45522.3954325548,30.348263621703197,4.550183366632976,0.5307656135112233,0.5913900431876233,-9.101116854279157,0.49995878961751533,4.842890581173866,1200,843,357,70.25,150.3453394101633,-224.21560184682838,373.3935816832486,-805.2254589677666,1.583373962730204,13.775833333333333,48,71,67.6056338028169,3.0833917345388206,-3.381510407547428,0.3846876390698163,,0.45718335824619044,10
24,0.32999999999999996,0.13,0.9,0.2,5,150000,209453.30546926087,59453.30546926087,39.63553697950724,5.765272448174885,0.5223260774000655,0.539506171887178,-16.792231142525672,0.34332974571643177,7.4418895143002555,1207,852,355,70.58823529411765,230.50205978654552,-383.36307277180646,440.8775365815553,-1331.9953012343813,1.4430313788125329,14.314001657000828,45,71,63.38028169014085,4.921321024919312,-5.714992072053027,0.4968917270409963,,0.5308788376271055,24
27,0.35,0.15000000000000002,0.9,0.2,5,150000,216008.00208798607,66008.00208798607,44.00533472532405,6.3138571599263615,0.5196303251339802,0.5527428484675143,-19.29599862969993,0.32721069694771987,8.667535105354796,1252,859,393,68.61022364217251,257.07969522101234,-392.2948801431699,494.8769522160334,-1529.03108762235,1.4323717586142266,16.857827476038338,45,71,63.38028169014085,5.080833429403686,-6.648127252040581,0.5504941350854788,,0.5489454599401071,19
21,0.35,0.16999999999999998,0.8,0.30000000000000004,7,150000,203699.24161342956,53699.24161342956,35.799494408953045,5.27179180921955,0.5194864894681285,0.5603654503240472,-13.936639655345044,0.3782685022782869,6.447992865167216,1206,853,353,70.72968490878938,194.5377694492515,-314.3637951284779,413.0587617636716,-1054.8956172420112,1.4953599149953591,12.613598673300165,47,71,66.19718309859155,4.393203349813213,-5.162797556181264,0.4517839562833396,,0.5245465932350577,43
21,0.35,0.19,0.7,0.30000000000000004,5,150000,200081.65191744638,50081.651917446376,33.38776794496425,4.955568468913563,0.5136391866703084,0.5583190503072285,-13.047517283394525,0.37980930481084524,5.865049563343655,1203,894,309,74.3142144638404,169.16111374434644,-322.5969960958338,381.5499671375146,-974.0842840158833,1.517117633284211,11.955112219451372,48,71,67.6056338028169,3.8755390140852164,-4.657828415649645,0.4228243583123408,,0.4518679306549952,15
24,0.32999999999999996,0.21000000000000002,0.9,0.4,5,150000,197923.49956881022,47923.49956881022,31.94899971254015,4.76464571786297,0.5069273162036858,0.5396576674120575,-14.241354611607274,0.33456408100249063,5.547611707306451,1186,898,288,75.71669477234401,151.08033384908043,-300.6680013776664,331.41405407281724,-953.5615288408585,1.5667675713239526,16.384485666104553,48,71,67.6056338028169,3.432785561386864,-4.322932176947136,0.40585134183949456,,0.5597590175758148,24
27,0.35,0.19,0.8,0.30000000000000004,7,150000,206955.49568888938,56955.49568888938,37.970330459259586,5.552458391259796,0.5000868305962459,0.5526920047164746,-17.098067678272134,0.32474186532293026,7.356699742540728,1256,900,356,71.656050955414,198.32228335183382,-337.87683717647315,397.12348689570075,-974.0842840158833,1.4839033158513495,16.10987261146497,46,71,64.7887323943662,5.078202082696626,-5.933836498349865,0.4810348179620359,,0.539655859835556,31
27,0.35,0.16999999999999998,0.9,0.4,5,150000,217456.82803064495,67456.82803064495,44.97121868709663,6.433241514043897,0.49450826409464865,0.5366400309469209,-25.025407371665644,0.2570684032631479,9.485398040209187,1253,953,300,76.05746209098164,234.56727939686905,-517.9642414162398,477.30146579734674,-2026.5748972634208,1.4385974898833203,19.261771747805266,48,71,67.6056338028169,7.1319528812356925,-8.790461855774778,0.5707200012313377,,0.5817258198988797,23
21,0.32999999999999996,0.13,0.8,0.4,5,150000,211623.82491670336,61623.824916703365,41.08254994446891,5.948493220857287,0.49433425812201764,0.5185759850932797,-20.823919329818143,0.285656754938516,8.360825833188343,1198,939,259,78.38063439065108,209.2619909042349,-516.0657303090443,426.0934439008905,-1732.6714466872686,1.4701144982885732,13.7220367278798,47,71,66.19718309859155,5.2192011056844345,-6.679812159545451,0.5154785483861583,,0.5186433837514163,29
24,0.35,0.19,0.7,0.4,5,150000,202473.2604239937,52473.26042399369,34.98217361599579,5.165152725174571,0.4876444453453523,0.533081065486435,-15.89071677545495,0.32504214870613934,6.694032897578088,1220,946,274,77.54098360655738,171.83756891151597,-396.39996422523956,381.5499671375146,-1630.2831404949047,1.4966666684563112,13.25983606557377,46,71,64.7887323943662,4.232739239964856,-5.378308199062709,0.44376864443395864,,0.5151160132498237,15
24,0.32999999999999996,0.21000000000000002,0.9,0.30000000000000004,9,150000,190318.10802399408,40318.10802399408,26.878738682662718,4.077716574684187,0.48611728988458697,0.5354618894637245,-8.18437017382597,0.4982321776848426,4.304464289603917,1186,848,338,71.50084317032041,129.70219649167225,-202.7073928107937,330.6314380166801,-745.8521703963629,1.605302547896489,13.822934232715008,49,71,69.01408450704226,2.692529641391661,-3.0428358702468628,0.34360811944317227,,0.4559111172675099,12
27,0.32999999999999996,0.15000000000000002,0.7,0.30000000000000004,5,150000,209371.51504205205,59371.51504205205,39.581010028034704,5.758337411390091,0.48374889131378473,0.5271827123517057,-21.212019046785784,0.2714657854440613,8.132817497433887,1275,1007,268,78.98039215686275,190.4930141139601,-489.31046232052057,382.11732529887433,-1529.03108762235,1.462814404561117,14.36,47,71,66.19718309859155,5.948956098037184,-6.771970894703827,0.5034063531272593,,0.44301044175488524,12
21,0.31,0.19,0.9,0.30000000000000004,7,150000,192459.87675461275,42459.87675461275,28.306584503075165,4.27344134564287,0.48216566156030244,0.5141779681827597,-10.35355891696669,0.4127509564503325,4.773991919182256,1192,860,332,72.14765100671141,137.79610629401083,-224.9480489663297,307.9408744853233,-859.2304897080902,1.586774025217117,13.829697986577182,47,71,66.19718309859155,2.9992196922673076,-3.7635259118130815,0.36229365677302244,,0.43714019754068306,20
21,0.35,0.16999999999999998,0.9,0.4,7,150000,203631.60158623414,53631.601586234145,35.75440105748943,5.265922239941534,0.47802441122944656,0.5109265573666983,-16.69783912638868,0.31536549131195396,7.08635401252971,1205,865,340,71.78423236514523,200.66349036549843,-349.4845326896428,433.2280928863998,-1941.870128787602,1.4607557107903224,14.270539419087138,45,71,63.38028169014085,4.53493444290296,-5.647656041711024,0.455585369051185,,0.5715151453702373,31
27,0.35,0.22999999999999998,0.7,0.30000000000000004,5,150000,195272.27718465132,45272.27718465132,30.18151812310088,4.527717417036237,0.4776982307102886,0.545425662439991,-12.496400705214663,0.362321721577546,5.394891582245255,1216,901,315,74.0953947368421,146.72002853316064,-271.63263584987016,314.3987108925365,-759.8060920091011,1.5449758387045303,14.900493421052632,46,71,64.7887323943662,3.3729840991969517,-4.130769068259199,0.3866418916513557,,0.32959881104459443,4
30,0.31,0.15000000000000002,0.9,0.30000000000000004,5,150000,211091.44610847504,61091.44610847504,40.72763073898336,5.903698600985652,0.4765971378274974,0.5072704946077494,-23.299558478530045,0.2533824238096941,8.631926979940998,1288,992,296,77.01863354037268,195.6461566581348,-445.5941372228741,392.94626143112197,-1351.3287514062256,1.471471360887734,19.138198757763973,45,71,63.38028169014085,6.2571280136666685,-8.567082222980016,0.5186346897866561,,0.43003121481391865,9
21,0.32999999999999996,0.11,0.9,0.30000000000000004,5,150000,212924.0025239003,62924.0025239003,41.949335015933535,6.057497955299884,0.4744575053226843,0.4806158555186835,-23.303573222898923,0.25993858956134547,9.057507735789779,1195,922,273,77.15481171548117,229.66100379611635,-541.6697051619822,453.5016506729481,-3382.6690382320417,1.4319273555575576,14.90041841004184,47,71,66.19718309859155,6.078662861866224,-7.266542723928837,0.5325843959118277,,0.46117881841800185,16
27,0.35,0.16999999999999998,0.9,0.2,5,150000,206125.61077734194,56125.610777341935,37.41707385156129,5.481278905934461,0.47344684857438657,0.5045537836994011,-17.32432395615267,0.3163920808573777,7.6797632003500285,1253,831,422,66.32083000798085,239.68034388697552,-337.32757863278476,477.30146579734674,-972.2576550644201,1.3991656774232109,16.655227454110136,46,71,64.7887323943662,4.848134195590359,-5.393208926497273,0.47700310883553854,,0.5593385898935609,24
30,0.35,0.16999999999999998,0.9,0.4,5,150000,217156.96950532263,67156.96950532263,44.77131300354842,6.40858737796266,0.4731860571342664,0.5145724635159568,-26.678934551815114,0.2402115183991352,9.962277068218746,1266,962,304,75.98736176935229,238.3300249191188,-530.9062940374899,477.30146579734674,-2104.3089086933855,1.4205691295883063,20.157187993680886,47,71,66.19718309859155,7.704470859813317,-9.417018585247972,0.5742036554874326,,0.5616439132656097,14
24,0.35,0.16999999999999998,0.6000000000000001,0.30000000000000004,5,150000,200742.12449467377,50742.12449467377,33.82808299644918,5.013655233629644,0.4724538382555552,0.5143781285611609,-14.63770756663434,0.3425164227940945,6.589084285496408,1221,947,274,77.55937755937757,171.2344440667547,-401.3915590748869,376.6120949136607,-1092.88175565318,1.4744237195206549,11.147420147420148,48,71,67.6056338028169,4.38107365694802,-5.90011704357326,0.4309963790268984,,0.43969141032422354,11
21,0.31,0.15000000000000002,0.8,0.4,5,150000,203143.84808867477,53143.84808867477,35.429232059116515,5.223548569407344,0.4722334194380362,0.4917965387095689,-17.94198935610369,0.2911354179145326,7.088239282935911,1235,978,257,79.19028340080972,167.38478170344726,-424.651108224011,356.97593207898126,-2512.663021290452,1.499993716843532,13.62914979757085,49,71,69.01408450704226,4.454829306305652,-5.877946587049254,0.44979422809880026,,0.5643018151723855,17
21,0.35,0.13,0.9,0.2,5,150000,205992.7485574301,55992.74855743011,37.328499038286736,5.469861136146381,0.47039425125893963,0.4775002386120661,-17.665041030111674,0.3096432737870523,7.712437220848933,1195,821,374,68.7029288702929,250.6868638886507,-397.76413337916324,493.8672137965741,-1489.7501353896578,1.3834947398645432,13.486192468619247,45,71,63.38028169014085,5.304654215072113,-6.0293166128866815,0.4754798519360987,,0.5346429895968656,18
21,0.35,0.13,0.6000000000000001,0.30000000000000004,5,150000,204815.33019009908,54815.33019009908,36.54355346006605,5.36840874703437,0.46675066651569597,0.48732727382662683,-19.273340634240537,0.27854064580257504,7.537017708835489,1197,943,254,78.78028404344194,194.9170277324552,-502.4318636136965,423.78583839132557,-1489.2035424982967,1.4402921124444328,10.381787802840435,47,71,66.19718309859155,4.49548499279222,-6.880405911864318,0.4648452159679464,,0.4411158217757792,6
21,0.32999999999999996,0.21000000000000002,0.9,0.4,5,150000,193789.38706855406,43789.38706855406,29.192924712369372,4.394028295783414,0.46545437243044085,0.49491041807379255,-13.285489286705854,0.3307389137847039,5.244672372427241,1156,864,292,74.74048442906575,148.01429391034347,-283.81964610104427,331.41405407281724,-924.5268682739828,1.5430929766338823,15.472318339100346,48,71,67.6056338028169,3.4001763864778933,-4.2965573313835215,0.37434242342009505,,0.5591997134157456,18
21,0.32999999999999996,0.19,0.8,0.4,5,150000,197339.74911090307,47339.74911090307,31.559832740602044,4.712706186236271,0.4643751638228367,0.49607981482125024,-14.708878809332141,0.32039873652682926,6.006145674539478,1195,918,277,76.82008368200837,157.21989436902106,-345.79445750844513,344.142939322847,-1630.2831404949047,1.5067888030126246,13.92133891213389,47,71,66.19718309859155,3.7605919533638454,-4.677657608952524,0.40306646003495444,,0.5645239126681949,32
24,0.29000000000000004,0.16999999999999998,0.9,0.4,5,150000,196354.76255411096,46354.76255411096,30.90317503607397,4.624775863338937,0.4535767656232193,0.4734909205307063,-15.2400500431326,0.30346198668966523,5.95749693733892,1234,965,269,78.20097244732577,139.17088023683078,-322.3122453575813,293.30346153880123,-1540.4459158211484,1.5489828230098077,16.095623987034035,46,71,64.7887323943662,3.564002128662458,-4.720332132375704,0.3956847012574886,,0.5298418233952515,11
27,0.31,0.22999999999999998,0.9,0.30000000000000004,5,150000,188719.84889388524,38719.84889388524,25.81323259592349,3.9304625228340218,0.45140388071047566,0.49320875955333043,-10.63935831697588,0.3694266520343317,4.323305695663353,1134,842,292,74.25044091710758,118.17830835367577,-204.60287254219,242.59409250289335,-654.6852218155752,1.6655408248570338,18.78306878306878,48,71,67.6056338028169,2.9745591223014456,-3.1904154857154143,0.3328516811147684,,0.2850482928501861,6
27,0.32999999999999996,0.16999999999999998,0.9,0.2,5,150000,201119.96867524146,51119.96867524146,34.07997911682764,5.046814124862142,0.44214425329062407,0.467779171076095,-16.71006172116229,0.30202247059749965,7.209873238886096,1280,869,411,67.890625,205.27632568414862,-307.1375727091597,423.9284892956194,-900.2464884158966,1.4131357137838816,16.6578125,47,71,66.19718309859155,4.498285202535612,-5.140821181090038,0.4372774665137878,,0.5556356906846991,29
27,0.35,0.22999999999999998,0.9,0.2,5,150000,190842.11361618713,40842.113616187125,27.22807574412475,4.125771340609519,0.439978762579641,0.48791391646713367,-10.254316999051783,0.40234482130706795,4.926082603784782,1213,752,461,61.99505358615004,175.26853808985248,-195.30725522236406,361.5664621921856,-690.7542353004485,1.4638699736638359,16.31657048639736,46,71,64.7887323943662,3.4969951591301784,-3.1626918896355827,0.3522702066632181,,0.4961291945500803,5
21,0.32999999999999996,0.16999999999999998,0.9,0.5,5,150000,201285.27441690554,51285.27441690554,34.19018294460369,5.0613047464238115,0.43792320912149063,0.4584433914351446,-19.050652669527405,0.2656761862295487,7.331154734150125,1213,934,279,76.99917559769167,183.5033776872153,-426.4523436469892,402.1669173849754,-1941.870128787602,1.4405098425979093,15.71805441055235,48,71,67.6056338028169,4.3781833365027945,-5.849424126227698,0.44048577737803407,,0.49047779893836746,14
21,0.35,0.22999999999999998,0.8,0.30000000000000004,5,150000,188801.3004737894,38801.30047378939,25.867533649192932,3.937992032036375,0.4332855199352545,0.4753780571159873,-10.463383181421484,0.3763593441773759,4.543326843897651,1138,808,330,71.00175746924428,146.10096303478284,-236.5174286358704,320.2444645397249,-995.4200511090276,1.5124720254355823,13.335676625659051,47,71,66.19718309859155,2.8271654472537655,-3.596187499685799,0.3343198569731868,,0.44200418038379347,13
24,0.32999999999999996,0.11,0.9,0.30000000000000004,5,150000,210486.77256499144,60486.772564991436,40.32451504332762,5.852706900285298,0.43315851763643626,0.4409630682192336,-25.682055389901826,0.2278909071501567,9.589815913429922,1201,928,273,77.26894254787678,233.0119160604922,-567.9071744184514,456.6797581585585,-3382.6690382320417,1.394717034022961,15.805162364696086,45,71,63.38028169014085,6.147231493689942,-8.107575937019828,0.5229803709394384,,0.45467126614902476,17
24,0.35,0.11,0.9,0.2,5,150000,208590.96587247204,58590.965872472036,39.060643914981355,5.692040732519321,0.4323152436122949,0.4432141549649975,-22.6790417064156,0.25098241831395895,9.163123430566406,1201,857,344,71.35720233139051,259.88294676393923,-475.0517226201047,523.2561309578646,-1742.7718294753513,1.3628851660437864,14.610324729392174,46,71,64.7887323943662,5.879273022891929,-7.17157445363803,0.506186693567046,,0.4819780656155165,10
21,0.35,0.15000000000000002,0.8,0.4,7,150000,202779.7984166878,52779.79841668779,35.18653227779186,5.191866480555096,0.4290319092591534,0.4556671371350018,-17.97636340996259,0.2888162840364997,7.868006072452281,1204,883,321,73.33887043189368,209.48663678993972,-408.0238052227361,449.23207710607414,-2512.663021290452,1.412298486957273,13.004152823920267,45,71,63.38028169014085,4.924231246684196,-6.225038657661475,0.4537459544158979,,0.5564451793869204,33
24,0.32999999999999996,0.16999999999999998,0.7,0.4,5,150000,199280.13777347928,49280.13777347928,32.85342518231952,4.884862794997091,0.4287612372948404,0.4582807578358124,-16.431872125877366,0.2972797474065219,7.047277361992478,1232,970,262,78.73376623376623,165.7430131482298,-420.00755011557357,350.8248885859536,-1941.870128787602,1.460994481246458,13.061688311688311,46,71,64.7887323943662,4.1378660027191705,-5.720575947865458,0.4219274137530886,,0.5004598782390495,25
30,0.35,0.13,0.9,0.30000000000000004,5,150000,215160.795525897,65160.795525897,43.440530350598,6.243737628530122,0.4252510697817742,0.45074014205883245,-31.877727012310466,0.19586520789637635,10.970892720431658,1221,919,302,75.26617526617527,268.7023261254994,-600.2920726574694,502.53010897372405,-3254.487340587505,1.3621263249059912,19.372645372645373,44,71,61.97183098591549,7.388255469315452,-11.335919651792326,0.574482810533938,,0.39849557545867936,7
21,0.31,0.11,0.8,0.30000000000000004,5,150000,203505.6566927396,53505.656692739605,35.670437795159735,5.254988850476439,0.4229916849156582,0.42787958085354505,-22.09347114010174,0.2378525681706093,8.182956720292074,1210,956,254,79.00826446280992,194.1598723737415,-514.7511204147378,393.7537532292603,-3382.6690382320417,1.4196665606574648,13.076859504132232,48,71,67.6056338028169,5.508543917824138,-6.51469742990577,0.4604629679462637,,0.44511663177882477,13
21,0.29000000000000004,0.11,0.8,0.30000000000000004,5,150000,200286.07008140872,50286.07008140872,33.52404672093915,4.9735635174135595,0.4227160580296866,0.4257353757057842,-19.71999169184735,0.2522092095743495,7.4114368015091445,1215,966,249,79.50617283950618,170.62790914466197,-454.4933411240421,358.9042931000648,-1594.5288651295177,1.4564659088876843,12.977777777777778,47,71,66.19718309859155,4.812228495616866,-5.93987385668977,0.4309191016765822,,0.38555017397003377,4
21,0.31,0.11,0.9,0.4,5,150000,206350.39562726664,56350.39562726664,37.566930418177755,5.500582285745681,0.4200970223695103,0.42067058013752284,-24.49803643012643,0.22453155792442805,8.952892697793084,1209,959,250,79.3217535153019,203.84163697134494,-551.8500931798776,412.77601371579055,-3639.7280911239304,1.4169364635174648,15.099255583126551,49,71,69.01408450704226,5.739894130155476,-7.511475617117302,0.4876793534656858,,0.4624265863209672,10
21,0.31,0.19,0.9,0.4,9,150000,187058.06349974446,37058.06349974446,24.705375666496305,3.7762510013454653,0.41693416318791243,0.4493110792423913,-9.05435940710974,0.4170644030741972,4.324534653311609,1192,872,320,73.15436241610739,120.59343402758348,-208.5543392840416,307.9408744853233,-1630.2831404949047,1.5756905795069713,13.058724832214764,50,71,70.4225352112676,2.482645823361196,-3.438613835762949,0.31960607805509716,,0.5001924829949951,5
21,0.35,0.19,0.9,0.2,5,150000,191117.58146054315,41117.58146054315,27.411720973695434,4.150989542030392,0.4147774120308013,0.4339918453948678,-12.009029100813958,0.3456557151442861,5.334661190255881,1201,763,438,63.53039134054954,196.40618975102274,-245.49815554673154,397.57750535054464,-936.9166954909961,1.3936616975722533,13.073272273105745,45,71,63.38028169014085,3.918746515604954,-4.045651786917692,0.3564653306221971,,0.5012388959138775,23
27,0.35,0.15000000000000002,0.9,0.30000000000000004,11,150000,201879.48409301197,51879.48409301197,34.586322728674645,5.113311240047991,0.4136935184609869,0.4514835793179565,-21.86526632904252,0.2338554291129873,8.00558959317804,1252,901,351,71.96485623003196,205.70273804326524,-378.3678480722864,445.46878208843975,-1430.6487241252662,1.395543961878887,15.920926517571885,45,71,63.38028169014085,4.631638447568509,-6.087963862909773,0.4503207809429396,,0.4136935184609869,1
21,0.35,0.13,0.8,0.5,5,150000,207695.80128365298,57695.80128365298,38.46386752243532,5.6157544756823885,0.41281270514213514,0.42993691821988617,-25.726302315534188,0.2182884429641276,9.496191199821503,1196,932,264,77.92642140468227,231.19382020859103,-593.0529498425117,463.7610886459863,-1901.6854709089528,1.3762417745101256,14.057692307692308,46,71,64.7887323943662,5.337648317568289,-7.2132995050235404,0.49854539727052805,,0.46061352648344434,8
30,0.31,0.16999999999999998,0.9,0.30000000000000004,7,150000,199258.95517500202,49258.95517500202,32.839303450001346,4.8829909620392575,0.4009236916961586,0.4309507674661323,-19.327460832721847,0.2526452390358613,7.641590693772124,1299,949,350,73.05619707467282,175.02479090395926,-330.5369889009398,364.2974991027451,-1078.8867101960434,1.4357461787961407,18.677444187836798,46,71,64.7887323943662,5.266779374212582,-6.961584243515306,0.42914691956399614,,0.4172902551255273,13
21,0.35,0.15000000000000002,0.8,0.2,5,150000,195680.28942148248,45680.28942148248,30.45352628098832,4.564353301869972,0.3969029283464168,0.41150305401371085,-14.328993925183353,0.3185396913211105,6.797971560884382,1204,820,384,68.10631229235881,220.53679193797743,-348.7984884774164,449.23207710607414,-1376.3352005258814,1.3501719665509608,11.816445182724253,45,71,63.38028169014085,4.630431715955674,-5.228517559785373,0.39631570222959694,,0.5351891082484679,26
24,0.35,0.22999999999999998,0.9,0.5,5,150000,190739.5029851888,40739.502985188796,27.15966865679253,4.1163699219223915,0.38943315058204914,0.42156395989533973,-16.2700908455633,0.25300227030046896,5.639263977579141,1163,865,298,74.37661220980225,155.38445598502992,-310.5449517146504,361.5664621921856,-995.4200511090276,1.4523889676692596,16.837489251934652,48,71,67.6056338028169,3.623853669284438,-4.713902841090456,0.3562982277806173,,0.4278163407677404,6
24,0.35,0.25,0.9,0.4,5,150000,186696.01125629584,36696.01125629584,24.464007504197223,3.742501867132675,0.38904767185235345,0.4185327145093607,-13.397540891487097,0.27934244780030415,4.580009799295586,1082,791,291,73.10536044362293,140.35632970274006,-251.81449602600054,296.1340534536372,-710.4354315722701,1.5150772264929178,16.512014787430683,50,71,70.4225352112676,2.9319065163823765,-4.05966852480949,0.3200711367704763,,0.32374868389221895,5
21,0.32999999999999996,0.13,0.9,0.2,9,150000,191919.2117691633,41919.21176916329,27.94614117944219,4.224204550710642,0.383791361123174,0.39885645198773767,-11.63393143078561,0.363093471526967,6.056213504777286,1197,826,371,69.00584795321637,193.5801628024372,-315.14642020028265,438.5371926477575,-1331.9953012343813,1.3675858864402268,11.827067669172932,45,71,63.38028169014085,3.6674359000972157,-4.183650932106698,0.3636034899556671,,0.44984217941049737,4
24,0.35,0.16999999999999998,0.8,0.4,7,150000,196983.5868012858,46983.5868012858,31.322391200857197,4.680953609765215,0.37849568323311894,0.4058921796059215,-18.97654491641272,0.24667048877357442,7.57004068623316,1220,885,335,72.54098360655738,199.36769282345492,-382.6390677875952,440.72410740891,-1941.870128787602,1.376461082669808,13.913934426229508,44,71,61.97183098591549,4.903270260851644,-6.590696430157051,0.41257752941181614,,0.5595882033421956,48
24,0.32999999999999996,0.11,0.9,0.4,5,150000,205440.026644176,55440.02664417599,36.96001776278399,5.422296045419306,0.37049207635316495,0.37942385306198867,-27.29812602934168,0.1986325376178238,10.303586346770501,1201,938,263,78.10158201498751,232.16061513835442,-614.513321036853,456.6797581585585,-3639.7280911239304,1.3474241718042275,16.210657785179016,45,71,63.38028169014085,6.258385079815398,-8.83865194175204,0.49517991788869525,,0.4197299837786721,14
30,0.35,0.22999999999999998,0.9,0.4,7,150000,192424.4504041814,42424.45040418141,28.28296693612094,4.270218696475392,0.36782396172680853,0.40977749138304137,-17.54126021453492,0.2434385354443937,6.51764905530957,1237,878,359,70.97817299919159,167.85801145324808,-289.6756536790729,361.5664621921856,-1239.354114145707,1.417196742976307,19.52869846402587,46,71,64.7887323943662,4.529995475489579,-5.902201635238158,0.3750610469969115,,0.510630026980209,3
21,0.32999999999999996,0.11,0.8,0.2,5,150000,197174.5411451342,47174.54114513419,31.449694096756133,4.697983503107306,0.36352834194970474,0.368634066660482,-18.695388668398355,0.2512910315177622,8.024971189731229,1196,864,332,72.24080267558529,220.59924648758783,-428.56147161239136,450.1387526308247,-1742.7718294753513,1.3395735345904505,12.130434782608695,43,71,60.56338028169014,5.031870338961708,-6.24362625046786,0.41477386604091165,,0.4633018413145784,12
27,0.32999999999999996,0.15000000000000002,0.8,0.4,5,150000,202219.46225961403,52219.462259614025,34.81297483974268,5.1430095898473915,0.35689067247256495,0.37963918525418117,-27.4448115453827,0.187394603943369,9.8112937375596,1275,1014,261,79.52941176470588,204.19310038635936,-588.1708630779636,406.9768258105681,-2727.617445891295,1.3487610149289326,16.798431372549018,44,71,61.97183098591549,6.5721136962682,-10.169793626645307,0.4687028990320878,,0.533057792165012,28
27,0.31,0.13,0.9,0.4,5,150000,202094.86200613415,52094.86200613415,34.72990800408943,5.132130123581158,0.35055042984539164,0.3652459544455626,-30.832608189127953,0.16645137810270702,10.01884900220988,1235,974,261,78.8663967611336,208.43096285833138,-574.6652807121093,412.485158410643,-2618.661021721591,1.3535232647917714,18.791093117408906,45,71,63.38028169014085,5.800717361588026,-10.474853340989831,0.4685408727652114,,0.4863879542576981,13
21,0.35,0.15000000000000002,0.9,0.5,7,150000,197049.52966082774,47049.52966082774,31.366353107218497,4.686836148196649,0.34615948996143486,0.3628045139244802,-20.642436174576417,0.22704859584204687,8.513935048255966,1203,875,328,72.73482959268496,218.55192829062545,-436.3281304333075,462.70393155163435,-2512.663021290452,1.3362128340144492,14.45137157107232,44,71,61.97183098591549,5.149277767573723,-6.864557837997021,0.4200684973843972,,0.4812023393393855,13
27,0.32999999999999996,0.15000000000000002,0.8,0.2,7,150000,194297.88260753686,44297.882607536856,29.5319217383579,4.439967031382763,0.34226647451876363,0.3615252237857387,-17.359538231581816,0.2557652727942516,7.734721678833692,1275,876,399,68.70588235294117,207.66905315725944,-341.60516714139516,406.9768258105681,-1298.169230896255,1.334684331299552,14.429019607843138,44,71,61.97183098591549,4.573642441934078,-6.3441555729916725,0.39250764403692145,,0.5428425325172053,27
21,0.35,0.16999999999999998,0.9,0.2,7,150000,188562.54333837278,38562.54333837278,25.708362225581855,3.915913298082052,0.34049537471621993,0.3522796050034168,-12.11928109313917,0.3231143223750198,5.9338018212083625,1205,763,442,63.31950207468879,207.54697802173416,-268.50277019630437,433.2280928863998,-1054.8956172420112,1.3343504673707203,12.482157676348548,45,71,63.38028169014085,4.427749349810317,-4.441418683003418,0.34026383660089776,,0.5139615983333062,28
21,0.32999999999999996,0.16999999999999998,0.9,0.2,5,150000,187871.96369169428,37871.96369169428,25.247975794462857,3.851921696013383,0.33811281322984993,0.3420683440104898,-12.824546455560046,0.30035539341380707,5.763950378856552,1213,804,409,66.28194558944766,187.74487313793412,-273.71207297252056,402.1669173849754,-1033.6017572914875,1.3483631444995974,13.215169002473207,47,71,66.19718309859155,4.104437605389033,-4.693894580705393,0.3334363099460719,,0.5184359861741042,31
30,0.31,0.22999999999999998,0.9,0.4,5,150000,184774.96934615055,34774.96934615055,23.1833128974337,3.5625131146443056,0.3285808747635407,0.35566252006109383,-14.18391712522659,0.2511656746998509,4.947329225007523,1156,880,276,76.12456747404845,119.419307123145,-250.85120055621613,242.59409250289335,-1239.354114145707,1.5178608285430377,20.31574394463668,46,71,64.7887323943662,3.5255254214677123,-4.49425468045429,0.30655587479068974,,0.3899923777370082,2
33,0.32999999999999996,0.21000000000000002,0.9,0.30000000000000004,11,150000,189599.055515945,39599.05551594499,26.399370343963323,4.01159520859824,0.32855867523091586,0.36908128778028015,-18.24866388443563,0.2198295302057565,6.54574608230958,1320,931,389,70.53030303030303,146.2051909978844,-246.09675445735027,347.6428410504337,-858.6103408094917,1.4218604883041843,20.296969696969697,45,71,63.38028169014085,3.899895788285046,-5.117389602951993,0.35186271581294654,,0.32855867523091586,1
24,0.32999999999999996,0.11,0.9,0.30000000000000004,7,150000,197245.0126727334,47245.0126727334,31.496675115155597,4.704264902985789,0.3271493482293584,0.3356246432625227,-24.589294571985807,0.19131353643407414,9.265588903333692,1201,886,315,73.77185678601165,222.8434558964253,-474.55448358282825,456.6797581585585,-3382.6690382320417,1.320799731883061,14.82014987510408,44,71,61.97183098591549,5.529962595833116,-8.37061059607086,0.43004207312803244,,0.447982625384807,20
21,0.32999999999999996,0.21000000000000002,0.9,0.2,5,150000,181894.5076640756,31894.507664075587,21.263005109383727,3.2896932233522413,0.32086069163852515,0.33477352589860576,-8.86463275829636,0.37110315938056615,4.127572036139553,1156,729,427,63.06228373702422,152.91027018977218,-183.50691591520038,331.3883764853493,-745.8521703963629,1.4226034992749435,12.905709342560554,47,71,66.19718309859155,2.844586265819715,-3.3406103071749293,0.2799809151847213,,0.4977858732323482,17
27,0.32999999999999996,0.15000000000000002,0.9,0.5,5,150000,200931.46057745584,50931.460577455844,33.95430705163723,5.030277496115754,0.31848818282882563,0.33409872845189614,-30.880464872205366,0.162895135061369,11.07393082303937,1273,1002,271,78.71170463472113,218.5394104269272,-616.4803000317645,460.56172416305054,-2727.617445891295,1.3107171885231923,19.458758837391986,45,71,63.38028169014085,6.874685047597917,-10.989338452135112,0.4720477054412943,,0.38248656331819525,7
24,0.35,0.19,0.6000000000000001,0.4,7,150000,187724.17662914016,37724.17662914016,25.14945108609344,3.838201793951157,0.31732538485562367,0.3472449033553799,-15.492859100237391,0.247740056829946,6.17693566673349,1220,928,292,76.0655737704918,152.74524193431327,-351.2051997168401,336.2729887217587,-1630.2831404949047,1.382203149788439,11.345081967213115,47,71,66.19718309859155,3.9955538210241004,-5.727993701225065,0.3354444598175964,,0.443964818484336,5
24,0.35,0.11,0.7,0.2,5,150000,194589.48859227714,44589.488592277135,29.726325728184754,4.466266315035061,0.31684975470411825,0.3263323930270263,-20.46616536273344,0.21822682636814925,8.680597741218776,1204,878,326,72.9235880398671,227.92855423890953,-472.9582233617002,488.67168225548414,-1742.7718294753513,1.2979347814788957,11.551495016611296,45,71,63.38028169014085,5.420874910059537,-6.887743206685615,0.4011129938509454,,0.4383568375984782,4
24,0.35,0.19,0.9,0.2,9,150000,184388.31221658594,34388.31221658594,22.92554147772396,3.5260978271828725,0.31650957934200113,0.3360481272818507,-10.716420116759865,0.32903691613099956,5.039663914056703,1217,784,433,64.42070665571077,173.98835440040884,-233.22916900051155,412.47776626104445,-936.9166954909961,1.350720471192968,12.491372226787181,46,71,64.7887323943662,3.1757334170645413,-3.4349102959564393,0.302963118110353,,0.4495517518255508,12
24,0.35,0.11,0.9,0.4,9,150000,195172.57221989706,45172.57221989706,30.11504814659804,4.518755110633199,0.31237520220891196,0.32798454994742626,-23.885914529665474,0.18918074520534112,9.081030070709312,1201,882,319,73.43880099916737,222.91720705955458,-472.50619900853354,523.2561309578646,-3382.6690382320417,1.304409594651186,14.071606994171523,44,71,61.97183098591549,5.689546520939026,-7.594038590623631,0.41142459121957015,,0.30843510155757103,4
33,0.35,0.13,0.9,0.2,7,150000,198371.07166514712,48371.071665147116,32.247381110098075,4.804382437041488,0.3110281416000519,0.33420088111812246,-31.582521396026408,0.15212156042886293,10.41873962007199,1200,841,359,70.08333333333333,268.7763347797971,-495.03611125231714,498.3088822480429,-1711.0647452975984,1.271907985771521,20.168333333333333,44,71,61.97183098591549,7.047579184528319,-9.643541347011563,0.45573193001917855,,0.1935709719673125,4
27,0.31,0.16999999999999998,0.8,0.4,7,150000,190736.71867536733,40736.71867536733,27.15781245024489,4.11611475850111,0.3052866536185508,0.3271539668243186,-21.48617120224886,0.19157041614144338,7.625547127202569,1295,980,315,75.67567567567568,162.65728055354904,-372.0326868325995,364.2974991027451,-1941.870128787602,1.3602161604175511,16.22007722007722,46,71,64.7887323943662,5.051150759396528,-7.737514845394267,0.36627971930402403,,0.4949576130859811,22
24,0.35,0.13,0.7,0.30000000000000004,11,150000,187215.9615100403,37215.9615100403,24.810641006693533,3.7909526343672395,0.28989267485060544,0.30681530762880843,-20.552652090122557,0.18445077636424068,6.728376391426588,1210,857,353,70.82644628099175,189.12321559664144,-349.76354612654006,418.49864566955205,-1524.3290100825184,1.3127330413040175,10.87190082644628,44,71,61.97183098591549,3.7055724836374537,-5.6927902101375105,0.33464913254024914,,0.41198354734061854,2
24,0.32999999999999996,0.19,0.8,0.2,5,150000,182864.3577336476,32864.3577336476,21.909571822431733,3.3819504684104995,0.28861183758283065,0.3024283333649045,-11.79668296130841,0.28668656091740863,5.04430049960994,1217,805,412,66.14626129827444,163.3860692610208,-236.52014863897392,344.142939322847,-852.9346843066008,1.3497257882799476,12.219391947411667,46,71,64.7887323943662,3.5968474681564944,-3.7620104337343863,0.2913258073556639,,0.5033048560669553,40
21,0.35,0.09,0.8,0.4,5,150000,197316.21498995792,47316.21498995792,31.54414332663862,4.710609544671973,0.2840026656575341,0.28398755374870355,-31.934945882653786,0.14750642014491877,11.530788840952475,1193,934,259,78.29002514668902,243.2772858937358,-690.2888523326442,517.429572735755,-3639.7280911239304,1.2709188298739809,13.93964794635373,44,71,61.97183098591549,6.504584246888623,-8.829644816183968,0.44737539200805915,,0.3778520226398356,5
21,0.31,0.11,0.7,0.4,5,150000,190740.39713599722,40740.39713599722,27.160264757331483,4.116451864221715,0.2763959305652798,0.2776991821979267,-24.545497482942256,0.16770700480128456,8.763682500298344,1210,978,232,80.82644628099173,177.94728820716514,-568.6536811180902,366.4674907755927,-3639.7280911239304,1.3191506296399391,12.005785123966943,48,71,67.6056338028169,5.481029295878481,-7.18531231408901,0.3738420014086536,,0.4019415470664725,6
24,0.35,0.16999999999999998,0.8,0.30000000000000004,15,150000,180458.86173985075,30458.86173985075,20.305907826567164,3.1523727499754184,0.2686749133197249,0.30126288193890177,-9.429585385786655,0.33430661275171586,4.4921478654860705,1220,808,412,66.22950819672131,138.7959366843596,-195.1833045205924,378.82909691253656,-1092.88175565318,1.3945954064761252,9.00327868852459,49,71,69.01408450704226,2.7492595429238653,-2.9102266353614903,0.2692104443375894,,0.2686749133197249,1
27,0.32999999999999996,0.15000000000000002,0.6000000000000001,0.2,5,150000,186256.92287071105,36256.922870711045,24.171281913807363,3.701498563998973,0.26521540479697214,0.2826163901752102,-15.175122168742233,0.2439188642331547,7.134755226703966,1276,944,332,73.98119122257053,170.3853331100151,-370.7091949071303,344.2293732158299,-1298.169230896255,1.3068711178006807,11.348746081504702,44,71,61.97183098591549,4.066240967252921,-5.555609886035295,0.32720648148879183,,0.48259998004322907,6
21,0.35,0.25,0.8,0.4,5,150000,179373.85644136148,29373.85644136148,19.582570960907653,3.0479868702744106,0.26206295839632804,0.2813018569882266,-12.604270915839841,0.2418217515813622,4.164638037089497,1060,775,285,73.11320754716981,128.49440704863147,-242.30781737849466,267.9693179357005,-710.4354315722701,1.4420278282345282,14.022641509433962,50,71,70.4225352112676,2.628628847648984,-3.6075589727218804,0.261291759261572,,0.32374868389221895,5
21,0.35,0.19,0.8,0.2,7,150000,181191.31429674214,31191.314296742145,20.794209531161428,3.2225454453416402,0.2580030219321765,0.27223487559663945,-11.069334746658264,0.2911236780796153,5.044145323327329,1201,749,452,62.364696086594506,181.43882659709843,-228.96950804085375,381.5499671375146,-936.9166954909961,1.3130944339441988,11.2014987510408,45,71,63.38028169014085,3.656406650088373,-3.912011731518028,0.27960819602081877,,0.49798054063122604,28
27,0.31,0.15000000000000002,0.7,0.4,9,150000,184983.8968771313,34983.89687713131,23.32259791808754,3.5821634852613027,0.23609612084486747,0.25227864013056883,-20.50730086777113,0.17467747259177147,7.7078282773370725,1289,980,309,76.02792862684251,159.04345299713322,-386.5793389783834,320.1079283558814,-2512.663021290452,1.3048024193110521,13.959658650116369,44,71,61.97183098591549,4.980112096475975,-6.6048145268379095,0.32192402620823557,,0.27069138723170916,2
21,0.31,0.16999999999999998,0.8,0.2,5,150000,179420.04290525237,29420.04290525237,19.613361936834913,3.052441056879962,0.22444230496669365,0.22502743100146874,-12.307085847757184,0.24802305717532896,5.06898100752431,1230,839,391,68.21138211382114,151.6077144164299,-246.32992386779506,329.39486868952946,-1033.6017572914875,1.3206548521890276,11.600813008130082,46,71,64.7887323943662,3.425815314098757,-4.593746117885223,0.264415805113718,,0.46963300812091974,15
36,0.32999999999999996,0.22999999999999998,0.9,0.2,5,150000,180147.1813362375,30147.181336237496,20.098120890824998,3.1224402732866086,0.21280768639939887,0.23141401817962312,-15.15822548543082,0.2059898288416221,5.871881058311735,1304,806,498,61.809815950920246,157.75975973703981,-193.26860907492434,321.71408175480434,-663.3793988636169,1.3211149711785606,21.087423312883434,45,71,63.38028169014085,3.5447616292533457,-5.266359771792994,0.2757449527441045,,0.21280768639939887,1
21,0.35,0.22999999999999998,0.9,0.2,9,150000,175405.54965663812,25405.54965663812,16.93703310442541,2.661674178683171,0.2021715440688316,0.22003619486711787,-6.208823825972694,0.42869217315345304,3.3952759236545766,1138,711,427,62.478031634446396,131.24165849583792,-156.2289070853029,307.9009834327962,-554.94384551065,1.3987884608600718,11.294376098418278,47,71,66.19718309859155,2.230793611526738,-2.13437577412694,0.2254355265570772,,0.3409921415399379,4
27,0.32999999999999996,0.19,0.7,0.2,5,150000,178756.37749908038,28756.37749908038,19.17091833272025,2.988345825451666,0.19363537914095946,0.20496863201635163,-13.571673374443902,0.22018993111629562,5.741706873266384,1281,870,411,67.91569086651053,158.57582770006746,-262.36836431160623,354.49274161837224,-816.867991756843,1.2793899942005487,12.715066354410617,45,71,63.38028169014085,3.643901633221436,-4.522470396976019,0.262353563607238,,0.4836642898270612,8
30,0.35,0.11,0.9,0.2,7,150000,185028.47896823494,35028.47896823494,23.352319312156624,3.586354197052377,0.19310571133707297,0.20118160108458955,-34.540227866971264,0.10383122574827572,11.113455628897047,1193,838,355,70.2430846605197,263.37134687813716,-521.9277926073858,528.5155530921035,-1945.9543719561195,1.1911700539075665,17.70913663034367,43,71,60.56338028169014,6.581066089580356,-12.099144383632288,0.36450028482969743,,0.30979497423963304,3
21,0.29000000000000004,0.16999999999999998,0.8,0.6,5,150000,179254.04657911265,29254.046579112648,19.50269771940843,3.036428050136708,0.19148688367947256,0.19673037064167673,-17.645881861192606,0.17207573268494553,6.190293295130145,1219,967,252,79.3273174733388,126.5285445342626,-363.6209835872319,271.05195454113175,-1540.4459158211484,1.3352589831048853,13.99343724364233,47,71,66.19718309859155,3.392916291110626,-4.765954986284093,0.2686105058616094,,0.19148688367947256,1
21,0.25,0.15000000000000002,0.9,0.30000000000000004,9,150000,175885.0891312736,25885.08913127359,17.256726087515727,2.7087410985461524,0.19144672158687692,0.1996612697358145,-7.771233861745857,0.3485599773132572,3.927002346063746,1251,927,324,74.10071942446042,92.07005472797843,-178.99197945871867,226.08037123183095,-839.6326628864601,1.4717008962045752,12.487609912070344,45,71,63.38028169014085,2.278356944026827,-2.5804667166183903,0.23033635982724887,,0.19144672158687692,1
21,0.35,0.11,0.6000000000000001,0.5,5,150000,184109.93195997772,34109.93195997772,22.73995463998515,3.4998406703095064,0.1908831175596651,0.1926031429900585,-28.820534883949307,0.12143565983081851,10.40168993078827,1195,968,227,81.00418410041841,200.4399272947224,-698.55075308414,434.8340342929777,-3639.7280911239304,1.2235895843941667,11.096234309623432,47,71,66.19718309859155,6.16292637165714,-8.382735784399598,0.33813366440014975,,0.189897940550732,2
24,0.31,0.07,0.9,0.7000000000000001,9,150000,183360.79576963233,33360.79576963233,22.24053051308822,3.4290168218762407,0.1889657111016498,0.19593406871437036,-27.49100662279698,0.12473231224034992,9.843939405506685,1175,887,288,75.48936170212765,198.38898288425867,-492.46500000306673,454.10367411875546,-2674.409944966303,1.2407186566645572,14.178723404255319,44,71,61.97183098591549,4.7116647835359515,-8.566614968009612,0.32332295979230735,,0.10423802010723096,2
21,0.32999999999999996,0.11,0.6000000000000001,0.4,7,150000,182020.90019898707,32020.900198987074,21.347266799324714,3.3017395088980495,0.1889127635417989,0.19360550905024482,-22.28470514438923,0.14816168701829788,8.570400330832646,1197,954,243,79.69924812030075,178.55596216580938,-563.6843250863428,382.4242128464232,-3639.7280911239304,1.2435993869228559,10.316624895572264,47,71,66.19718309859155,4.458911881311378,-7.79473794910327,0.30770295255842817,,0.28073561954560994,4
21,0.31,0.07,0.8,0.4,9,150000,179861.43091677886,29861.43091677886,19.907620611185905,3.0949601149158124,0.1651679629157327,0.16771352315971694,-24.952001460395028,0.1240365475221808,8.612421417003,1174,887,287,75.55366269165246,187.0403202410186,-469.59909005779525,418.50839938001786,-2948.8824065812537,1.23097636306577,11.96166950596252,44,71,61.97183098591549,4.183743449546884,-8.16664667755248,0.2891159011445854,,0.1651679629157327,1
21,0.32999999999999996,0.16999999999999998,0.8,0.2,7,150000,176704.8694725972,26704.869472597202,17.803246315064804,2.788956013625854,0.16497711932918915,0.16754235401499598,-11.656436641639784,0.23926317273179243,5.472099682036473,1214,784,430,64.57990115321252,173.28786683131247,-250.8666559923785,373.7693439205614,-1033.6017572914875,1.259426484711412,11.28830313014827,45,71,63.38028169014085,3.8679916556910943,-4.575636395410154,0.24525663960616267,,0.5173993228526929,37
21,0.35,0.25,0.9,0.2,5,150000,174007.3928793911,24007.39287939109,16.004928586260725,2.523830878148492,0.16458836147050812,0.17034605213206114,-7.750076949606926,0.3256523637841425,3.342911629288044,1060,627,433,59.15094339622642,141.93451783861403,-147.42256059344814,288.00180172745536,-554.94384551065,1.3941314388820014,12.731132075471699,47,71,66.19718309859155,2.5043945348029784,-2.4912248402686576,0.21496297123657096,,0.24759600003362406,3
27,0.29000000000000004,0.15000000000000002,0.9,0.5,9,150000,178841.94818554557,28841.948185545567,19.227965457030376,2.996621147842826,0.15974632360957952,0.16640212123580292,-21.33278606241531,0.14047021983323388,7.971269714330577,1296,953,343,73.53395061728395,151.45426697449506,-333.0868185781012,327.19231292504753,-2328.541967137355,1.2633475646542558,17.390432098765434,43,71,60.56338028169014,4.589314134617251,-6.717119395029291,0.27646180235548096,,0.23251648861406515,2
21,0.27,0.15000000000000002,0.7,0.30000000000000004,9,150000,175049.82443817225,25049.824438172247,16.699882958781497,2.62669043687076,0.1558829017237161,0.16320750535659032,-9.593380668493234,0.27380237766415205,4.450868627947963,1263,947,316,74.98020585906572,102.00311064987058,-221.64700816430923,218.06591269985606,-2111.2388083239985,1.3791593210635527,10.417260490894694,45,71,63.38028169014085,2.690848358182407,-2.9507774803963716,0.22580773746030572,,0.1558829017237161,1
24,0.32999999999999996,0.25,0.8,0.30000000000000004,7,150000,173381.7756220172,23381.775622017187,15.587850414678126,2.461853060054464,0.14491411869510967,0.15378558524795416,-7.796462310358051,0.3157654025703106,3.389929119336115,1017,700,317,68.8298918387414,109.1728241645219,-163.93879505219607,255.2107401013509,-554.94384551065,1.4705221962843025,13.692232055063913,45,71,63.38028169014085,2.195103865755277,-2.6210119183455283,0.21000407648529393,,0.23021394478909463,11
30,0.25,0.15000000000000002,0.9,0.30000000000000004,5,150000,176362.61786939256,26362.61786939256,17.57507857959504,2.755504673408815,0.1424312314529265,0.14570724268573645,-20.21600337810585,0.13630313677099284,6.579481655832424,1306,1020,286,78.1010719754977,115.66666477369907,-315.4382927622899,214.05947000619153,-1916.4061633221754,1.3077596640342173,18.643185298621745,45,71,63.38028169014085,4.482184026630143,-6.687691375344295,0.24725390273793885,,0.1424312314529265,1
27,0.35,0.21000000000000002,0.4,0.4,13,150000,174590.42171493353,24590.42171493353,16.393614476622353,2.5814229101184916,0.14029606070405154,0.15597792240402833,-12.884384808715513,0.2003528261878917,4.717165152054609,1254,991,263,79.02711323763955,105.49103820222844,-298.2001312961737,282.64109032265515,-1057.2533877643666,1.332986165780549,9.574960127591707,49,71,69.01408450704226,2.801963248473416,-3.6243129445777456,0.22442356636240895,,0.14029606070405154,1
33,0.35,0.13,0.7,0.4,5,150000,177344.0391061728,27344.0391061728,18.2293594041152,2.8512837396746704,0.12786407790339127,0.13609815089309518,-42.663715469236784,0.06683158530181518,13.211040160996735,1205,950,255,78.83817427385893,235.38025767472453,-764.9456015092883,445.6805699091171,-2314.0844027788935,1.1463649710350723,18.129460580912863,43,71,60.56338028169014,6.877731361362405,-15.792593282041468,0.32420625652426877,,0.12786407790339127,1
21,0.32999999999999996,0.16999999999999998,0.6000000000000001,0.2,9,150000,172618.07232714744,22618.07232714744,15.07871488476496,2.385942781407846,0.10289328256127624,0.10920037042741357,-7.318143510407571,0.3260311550346961,4.464608547144136,1215,841,374,69.21810699588478,138.33793168701206,-246.7409063203326,331.61320055260757,-1033.6017572914875,1.2607370507628035,8.675720164609054,45,71,63.38028169014085,2.705956130901921,-3.3739164502877617,0.20725011303642268,,0.10289328256127624,1
30,0.35,0.25,0.6000000000000001,0.2,7,150000,171897.85363226058,21897.85363226058,14.598569088173718,2.3140982890334616,0.09864743185297836,0.11095321781321198,-6.5799349559400016,0.35169014656359504,3.5847599037479743,1178,763,415,64.77079796264856,118.04886104621143,-160.966458202041,228.69704836127667,-544.2227980980788,1.3483506669475944,11.759762308998303,46,71,64.7887323943662,2.5332177653399457,-2.673018235039526,0.1980195184027059,,0.2881728312816335,2
27,0.29000000000000004,0.16999999999999998,0.7,0.2,5,150000,172618.40554354698,22618.405543546978,15.07893702903132,2.3859759632076205,0.09450620779280595,0.09841125258658043,-12.366489066280865,0.1929388325513788,5.2858886155857165,1301,918,383,70.56110684089163,125.81221648620595,-238.52602684682577,274.8596337027213,-703.8565636246781,1.264244132353387,12.352036894696388,42,71,59.154929577464785,2.997161034543705,-4.089688783725531,0.2087112915686559,,0.09450620779280595,1
21,0.31,0.21000000000000002,0.8,0.2,5,150000,171618.560680998,21618.560680997994,14.412373787331997,2.2861703670563394,0.09331499769538372,0.09517305012018053,-8.780305234723695,0.26037481681333396,3.4443680303794877,1132,733,399,64.75265017667844,120.10238268448686,-163.2392567050485,250.16931409521763,-745.8521703963629,1.3516308439442999,11.380742049469964,45,71,63.38028169014085,2.1780293791122896,-3.099544078872807,0.19516846099286675,,0.3743551392232062,8
21,0.35,0.11,0.7,0.30000000000000004,15,150000,172222.53748188514,22222.53748188514,14.815024987923428,2.346517655921887,0.08773029122384307,0.09459647609210921,-14.188381214306553,0.16538304267972626,5.2063005571500875,1195,793,402,66.35983263598327,162.05040587858488,-261.0411384791513,441.11797180874714,-3382.6690382320417,1.2245832152485452,7.515481171548117,46,71,64.7887323943662,3.1854547203963524,-4.040030440197406,0.20705537378882413,,0.08773029122384307,1
27,0.29000000000000004,0.19,0.9,0.2,5,150000,172034.21471679216,22034.214716792165,14.689476477861444,2.3277200116334162,0.0871052708846331,0.08972293827515292,-12.117791108821788,0.19209111551187158,4.798836338686122,1271,834,437,65.61762391817466,130.51698846477603,-195.86802120743764,272.880019302211,-628.9388701982749,1.2717101050712145,15.844217151848937,43,71,60.56338028169014,3.035448421195164,-3.3855462404941417,0.20408756775484643,,0.3694946110319801,3
24,0.29000000000000004,0.15000000000000002,0.5,0.5,7,150000,172051.652600931,22051.652600931004,14.701101733954003,2.3294613123950203,0.08101117292764295,0.08485941931953571,-15.816382819214203,0.14728154591485498,5.93173729372175,1260,1053,207,83.57142857142857,106.36133403257936,-427.0759119787123,271.06150189573407,-2111.2388083239985,1.2668836303857678,9.527777777777779,47,71,66.19718309859155,3.585528081822842,-4.909898412456282,0.20849559239083992,,0.08101117292764295,1
24,0.31,0.21000000000000002,0.9,0.5,13,150000,171028.30834529843,21028.30834529843,14.018872230198953,2.227023391323879,0.07468016443965547,0.07943021422861071,-10.424834148404205,0.21362674548302368,3.604348855461112,1171,825,346,70.45260461144322,98.4709470494611,-170.4620547591699,255.82447843137072,-1270.3096791104886,1.3773941857088499,13.000853970964988,49,71,69.01408450704226,2.013695336499799,-2.852740192624792,0.191005750223667,,0.07468016443965547,1
30,0.29000000000000004,0.07,0.8,0.4,5,150000,168757.17292471696,18757.172924716957,12.504781949811306,1.9978453664514673,0.07024292634253711,0.07149332003036417,-41.21591700703082,0.048472665696378044,14.270550964050013,1174,965,209,82.19761499148211,188.34577827870464,-775.1958909129808,365.6716233466143,-3083.5732677616893,1.12182588140307,17.337308347529813,43,71,60.56338028169014,6.913219024153139,-13.487425905585336,0.24146434782394527,,0.07024292634253711,1
45,0.35,0.25,0.8,0.7000000000000001,11,150000,171119.81271000195,21119.81271000195,14.079875140001299,2.236203814923532,0.06991406293680712,0.08104901824531942,-28.53801040089551,0.07835878477545725,9.461049857510309,1334,963,371,72.18890554722638,148.02637011942502,-325.3872789137431,322.3645261158164,-1279.972745126258,1.1808395673457277,28.135682158920538,45,71,63.38028169014085,5.599224063768049,-10.213009416972485,0.2298490493679435,,0.06991406293680712,1
27,0.35,0.11,0.8,0.5,7,150000,167469.79275400145,17469.79275400145,11.646528502667634,1.8667950449395843,0.06014143596138217,0.062281577910771296,-40.440442065871636,0.04616158848854433,14.079176379020467,1198,909,289,75.87646076794657,245.5591268729653,-707.8706394762395,499.23996816100845,-3254.487340587505,1.0911092098906185,16.71035058430718,43,71,60.56338028169014,7.156539376202464,-16.01007835378202,0.2550046787233566,,0.24766957150781968,3
21,0.29000000000000004,0.22999999999999998,0.9,0.30000000000000004,5,150000,170216.97402377173,20216.974023771734,13.477982682514488,2.145444795492857,0.058944554427863206,0.05866644595937998,-7.313920348321988,0.2933371835236188,2.7496787194591374,880,650,230,73.86363636363636,91.87331218364201,-167.398797089415,187.65124085441846,-639.0570860882567,1.551038440712058,14.92159090909091,46,71,64.7887323943662,1.6759813219668906,-2.2042210624172998,0.18167167544511503,,-0.06651151387341554,3
21,0.32999999999999996,0.19,0.7,0.5,11,150000,170282.347982244,20282.347982244013,13.52156532149601,2.1520300320994723,0.0518802753405173,0.05548530996802188,-12.66017316639335,0.16998424933176062,4.320956289998974,1197,827,370,69.08939014202173,120.77073799261692,-211.18443340882084,309.0513221786561,-1630.2831404949047,1.278214096684566,10.406015037593985,47,71,66.19718309859155,2.352758171601921,-3.497088832976747,0.1880105387646554,,0.0518802753405173,1
45,0.32999999999999996,0.21000000000000002,0.5,0.30000000000000004,19,150000,168770.90065549512,18770.90065549512,12.51393377033008,1.9992383072547026,0.03101304669298745,0.036202465205127314,-19.348042335578068,0.10333026321626408,6.762754363681625,1373,1049,324,76.40203932993444,113.21056182467504,-303.49402258630334,239.73358115619058,-1828.078451347122,1.207722845905041,16.010924981791696,43,71,60.56338028169014,4.613708482401413,-5.339691034518513,0.18502215703880223,,0.03101304669298745,1
21,0.29000000000000004,0.05,0.8,0.7000000000000001,7,150000,164864.4402250018,14864.440225001803,9.909626816667869,1.5989945904067326,0.019510329112812117,0.01914308944533407,-32.61843602311734,0.0490211912451441,11.207468290583012,1150,879,271,76.43478260869566,188.63659653856797,-552.5073278557791,362.84889893092907,-3890.4743211145974,1.1074075852014391,12.891304347826088,43,71,60.56338028169014,5.402690122402376,-10.179420215092449,0.1842215693643702,,0.10423802010723096,2
21,0.29000000000000004,0.11,0.9,0.1,5,150000,168205.80544343157,18205.80544343157,12.137203628954381,1.9418204923838944,0.013680754985760728,0.012983069935015856,-14.511744203514725,0.1338102756740701,5.473836568849045,1214,740,474,60.95551894563427,183.20927399986093,-245.12783730368616,388.33149161274935,-1424.089122175106,1.1668316432809795,11.335255354200989,42,71,59.154929577464785,3.9089652781660433,-4.052583659616127,0.17491395000257315,,0.013680754985760728,1
30,0.32999999999999996,0.25,0.7,0.5,9,150000,168154.95273550545,18154.952735505445,12.103301823670296,1.9366456161097556,0.00107903437383691,0.0011915429580787896,-12.05315167747449,0.1606754538507179,4.120922715458958,1130,829,301,73.36283185840709,99.63840360349485,-210.0265269883694,224.30148312685694,-864.2433811027254,1.3065939554895798,15.83716814159292,47,71,66.19718309859155,2.20319074408013,-4.014547346201825,0.16906905651978796,,0.00107903437383691,1
30,0.27,0.19,0.9,0.4,11,150000,168017.89726629507,18017.89726629507,12.01193151086338,1.9226920820881732,0.00018501278342635834,0.00019848557885330587,-12.711243824050623,0.15125916147169613,4.357268110691012,1244,909,335,73.07073954983923,88.36704232895435,-182.20587110641907,225.15035215453923,-1477.5685393282008,1.3159731506111298,17.2516077170418,46,71,64.7887323943662,2.416178731726215,-3.4786382308405472,0.1691425895695233,,0.00018501278342635834,1
24,0.32999999999999996,0.16999999999999998,0.9,0.1,5,150000,167782.8961734549,17782.89617345491,11.855264115636606,1.8987447057056128,-9.857956593258806e-05,-9.610345749461668e-05,-11.628263972928986,0.16328703150581705,4.835903960312376,1229,641,588,52.156224572823426,196.6231729271161,-182.49609343756515,402.8250092700432,-720.7808849924766,1.1745238262647342,11.187957689178194,41,71,57.74647887323944,3.2684426730060556,-3.0150289729066415,0.16865356427418962,,0.3233624718527693,13
27,0.29000000000000004,0.19,0.9,0.2,9,150000,167910.31530312443,17910.31530312443,11.940210202082953,1.911732591177251,-0.002057863842063512,-0.002127824370503201,-11.154941119728404,0.1713798908177291,4.3776987224993835,1271,835,436,65.69630212431157,119.38746507740701,-184.76052670029725,272.880019302211,-555.0448450472659,1.2375123040312148,15.01573564122738,41,71,57.74647887323944,2.5842095022716727,-3.08857164773233,0.16803835611403053,,0.19943291392704754,2
39,0.35,0.13,0.9,0.4,7,150000,152215.66815041812,2215.668150418118,1.4771121002787453,0.2464790649087334,-0.0022558095718527185,-0.0023750739184659943,-54.935149798674345,0.004486727820203036,18.451051726653457,1165,858,307,73.6480686695279,279.80378802377174,-777.9725279923018,523.5410552188503,-3377.2102606655035,1.0051670432375603,25.86351931330472,43,71,60.56338028169014,11.497688316445487,-22.042460033673482,0.20020010700125987,,-0.0022558095718527185,1
21,0.31,0.09,0.6000000000000001,0.2,13,150000,165493.3404878924,15493.34048789239,10.328893658594927,1.663959049502961,-0.027653687652872343,-0.027319463212556978,-21.395616842969435,0.07777102486529783,6.023273627107129,1204,877,327,72.8405315614618,153.0053247893391,-358.88065628543177,345.3725950268542,-2570.688270628806,1.1434267164066623,8.418604651162791,43,71,60.56338028169014,3.4306162041934707,-5.77153834838291,0.15732567424956795,,-0.027653687652872343,1
27,0.32999999999999996,0.25,0.9,0.2,9,150000,165879.58625515914,15879.586255159142,10.586390836772761,1.7037559050050888,-0.08100356199525648,-0.08594288961002869,-6.847299629171238,0.2488215789107074,3.190811699546716,1096,670,426,61.131386861313864,110.65300893938684,-134.47875085079514,286.3762398101628,-544.2227980980788,1.2941206441433382,14.88138686131387,46,71,64.7887323943662,2.176732466208753,-2.2592476923503746,0.14648717078519208,,0.0319552783499266,2
33,0.31,0.09,0.6000000000000001,0.6,5,150000,139628.7975146031,-10371.202485396905,-6.914134990264603,-1.1956760741723027,-0.08520110767938087,-0.08661372503304827,-52.408995519387844,0.0228143291494679,18.144022023445267,1162,978,184,84.16523235800344,170.09182446011806,-953.1736611772084,379.5414552128536,-3988.41715034841,0.9484893050575236,16.390705679862307,45,71,63.38028169014085,8.154945529173151,-16.807771216287794,0.013481346202643237,,-0.08520110767938087,1
30,0.35,0.05,0.6000000000000001,0.30000000000000004,5,150000,142103.32214249874,-7896.677857501258,-5.264451905000839,-0.9038440367625356,-0.11189964492976041,-0.10788295007508003,-49.80674130193906,0.018147022132671574,15.363275915731139,1044,855,189,81.89655172413794,229.5497381806097,-1074.411557887387,476.31521309818675,-2983.2555424178136,0.9665190998236333,14.419540229885058,42,71,59.154929577464785,7.56722158381562,-14.021630152005994,0.03509375767681104,,-0.11189964492976041,1
21,0.32999999999999996,0.05,0.8,0.1,7,150000,154785.50322658996,4785.5032265899645,3.19033548439331,0.5286451612301679,-0.12176613489032324,-0.11346981297824907,-26.268734476035107,0.020124500543124733,8.854028744775375,1125,732,393,65.06666666666666,239.30253173036758,-431.09933999333435,499.9715863307387,-1696.6963448275499,1.033923641742862,10.995555555555555,41,71,57.74647887323944,5.6057812112011,-7.665068173697187,0.08357100274291338,,-0.12176613489032324,1
30,0.29000000000000004,0.13,0.4,0.8,17,150000,160501.53751918153,10501.537519181526,7.001025012787683,1.1425466205123636,-0.14782714248983658,-0.15757252214345158,-16.90993130002426,0.06756660333154188,4.994248009710473,1244,940,304,75.56270096463022,97.50026918409439,-262.0995354627123,224.24803626541518,-1641.995202766392,1.1502542153354565,8.327974276527332,42,71,59.154929577464785,2.4883396443301953,-5.6886002322485645,0.10481878473279246,,-0.14782714248983658,1
33,0.35,0.15000000000000002,0.8,0.1,5,150000,154375.9525104329,4375.952510432893,2.9173016736219286,0.48393917410676224,-0.1551010348496491,-0.15573857716577677,-23.278572823690986,0.020789039679195858,7.806986981043622,1269,683,586,53.82190701339638,245.25520572544897,-276.8233954507759,439.7721078931813,-976.1636375769391,1.0326152409179297,13.662726556343578,39,71,54.929577464788736,4.726755784956294,-5.987579697922629,0.07309773802316695,,0.07796355337520139,2
45,0.32999999999999996,0.19,0.2,0.9,13,150000,149231.0286474367,-768.9713525632978,-0.5126475683755319,-0.08625156328194716,-0.1875067866625392,-0.2055711082322912,-25.405294372792188,0.003395023179669129,8.976226635080325,1364,1228,136,90.02932551319648,70.66911142541812,-631.2299685458346,258.93962575476706,-2629.156842262549,1.01088436529079,10.535190615835777,46,71,64.7887323943662,5.215473295487993,-8.670696531790433,0.01896153270091464,,-0.1875067866625392,1
39,0.35,0.29,0.4,0.5,7,150000,161190.69487485036,11190.694874850364,7.460463249900243,1.2153276885235487,-0.2195117530196389,-0.2564795725753468,-10.085971615404501,0.1204968380703506,3.34886059975942,1086,903,183,83.14917127071824,65.83155639094137,-256.2909275934644,159.6960876766754,-601.5036984703228,1.2674695965051115,14.708103130755065,46,71,64.7887323943662,2.073181190059703,-3.0335779439978228,0.10701669719673133,,-0.2195117530196389,1
45,0.35,0.15000000000000002,0.6000000000000001,0.7000000000000001,25,150000,141192.70111887995,-8807.298881120048,-5.871532587413365,-1.0107423846360097,-0.22073080791497066,-0.2467070001022246,-35.612769735229456,0.028381459576174058,10.94633355244244,1190,829,361,69.66386554621849,174.81794548926945,-423.03124322560006,401.62213094554096,-3437.2797415119076,0.9489883850100683,16.934453781512605,42,71,59.154929577464785,6.077898660000058,-11.016433748837585,-0.028936822311974596,,-0.22073080791497066,1
24,0.32999999999999996,0.13,0.8,0.5,19,150000,160311.01437482072,10311.01437482072,6.874009583213812,1.1223798262558038,-0.23740689004455698,-0.24380914804238346,-12.725771517332687,0.08819738942563177,3.466388665867201,1212,804,408,66.33663366336634,110.08531270310147,-187.90804642689318,426.0934439008905,-1231.407337237112,1.1544626545612293,6.42986798679868,45,71,63.38028169014085,1.998816188433472,-3.479923635481441,0.09921352845369336,,-0.23740689004455698,1
33,0.27,0.05,0.7,0.2,13,150000,136522.75526189987,-13477.244738100126,-8.984829825400084,-1.5681399074278013,-0.25703561930507346,-0.24277628868252515,-36.35120693389213,0.043138592627188464,11.394847935218978,1043,807,236,77.37296260786194,157.3845055171257,-590.9084415720248,327.5456469569635,-3320.667135674653,0.9107586640953719,16.0143815915628,41,71,57.74647887323944,5.080326445235217,-10.443746644124463,-0.08088628176020957,,-0.25703561930507346,1
39,0.25,0.09,0.4,0.5,5,150000,130373.88100722073,-19626.118992779273,-13.084079328519515,-2.326780176347343,-0.3099241670230979,-0.28496359743443106,-39.76877214257897,0.05850771977584253,11.78914406655394,1014,909,105,89.64497041420118,85.85163467629535,-918.9057718715183,218.16777057504007,-3383.8155826617663,0.808820543588714,13.562130177514794,41,71,57.74647887323944,5.76963859088242,-13.32143382584523,-0.15217838818141086,,-0.3099241670230979,1
39,0.35,0.15000000000000002,0.8,0.1,15,150000,139195.90100083017,-10804.09899916983,-7.202732666113219,-1.247171160803895,-0.34164485030377834,-0.34666313612626276,-28.839442897284474,0.04324532777022987,8.474354850654803,1237,663,574,53.59741309620048,233.55152708061323,-287.43697380529886,435.7660968959336,-1156.0731134186162,0.9385160744373966,15.25141471301536,38,71,53.52112676056338,5.49882462878597,-6.607389291660571,-0.06739716655740795,,-0.34164485030377834,1
24,0.31,0.25,0.9,0.2,5,150000,160806.5517113408,10806.551711340813,7.204367807560542,1.1747908099555504,-0.3517940937434936,-0.33794562618658747,-6.461905869621057,0.18180252601303262,2.2884109401579433,881,530,351,60.1589103291714,100.25154263243736,-118.0833119541394,195.49685158011786,-554.94384551065,1.2819506050479483,13.312145289443814,41,71,57.74647887323944,1.650079489319367,-1.6657225458853064,0.1005696202950197,,0.07586711502248875,4
33,0.35,0.21000000000000002,0.7,0.1,7,150000,150595.2955848709,595.2955848709098,0.39686372324727315,0.0665189366415797,-0.35682442619605503,-0.3617176823044183,-14.760730150001683,0.004506480097230971,5.058992454438725,1308,650,658,49.69418960244648,172.7136794396857,-167.6605802803805,362.32469292060955,-567.6014244543752,1.0176143777527082,11.277522935779816,39,71,54.929577464788736,2.9902968761496673,-3.9473074047295276,0.01790386286982646,,-0.35682442619605503,1
45,0.19,0.05,0.9,0.4,9,150000,121251.96651816717,-28748.033481832827,-19.16535565455522,-3.5090177238216835,-0.3583509691222535,-0.2970553360004282,-35.0988844056994,0.09997519246656981,13.113614382443032,765,621,144,81.17647058823529,85.41069205260203,-569.3067359754527,205.4664115882866,-5282.262174581976,0.64698621358439,27.36470588235294,38,71,53.52112676056338,6.082142364306908,-15.751190396634307,-0.24415022927310495,,-0.3583509691222535,1
21,0.31,0.25,0.7,0.7000000000000001,5,150000,157334.44529186058,7334.445291860582,4.889630194573721,0.8046923713456611,-0.3693678410699581,-0.35616437613662466,-11.830512149926442,0.06801838848123447,3.112117487157826,843,643,200,76.27520759193357,85.37484585098093,-232.5475687697395,176.45186588065172,-900.240097609198,1.1803182069931004,13.402135231316725,44,71,61.97183098591549,1.7454629448786507,-3.0529489018677247,0.07197069351758191,,-0.3693678410699581,1
45,0.31,0.05,0.30000000000000004,0.7000000000000001,13,150000,112195.82415346704,-37804.17584653296,-25.20278389768864,-4.758359282809321,-0.37319989844404017,-0.341405989107355,-45.45734808817391,0.10467745002589024,15.284699935441276,845,732,113,86.62721893491124,106.53154376945307,-1016.6613200447291,656.6456943187359,-6596.104263273785,0.6787886273767277,13.609467455621301,35,71,49.29577464788733,9.140972663542946,-16.579903467634338,-0.33773117077160175,,-0.37319989844404017,1
27,0.29000000000000004,0.07,0.2,0.4,15,150000,146244.10424356288,-3755.895756437123,-2.5039305042914153,-0.42482766552295326,-0.38543241992697413,-0.39742441779626414,-19.20749253539532,0.02211780974221837,5.849730252876128,1177,1004,173,85.30161427357689,78.82614023213857,-470.32335577763695,258.9256788322704,-2834.6656010446686,0.9726606029323792,5.941376380628717,40,71,56.33802816901409,2.609846249057357,-5.005138162372081,-0.02582979330600578,,-0.38543241992697413,1
24,0.19,0.11,0.6000000000000001,0.2,5,150000,155996.3700052495,5996.370005249511,3.997580003499674,0.660248428193011,-0.4046713094120208,-0.3866510806124936,-10.771653888568952,0.06129499100353354,3.189134354469602,1245,1009,236,81.04417670682732,57.70587888470725,-214.84089044264027,128.15043562293096,-855.3232490226477,1.1483711660634222,9.142971887550202,43,71,60.56338028169014,1.7609092883876354,-3.2619132817840124,0.05983176333191679,,-0.4046713094120208,1
42,0.29000000000000004,0.05,0.7,0.4,21,150000,111612.10462193399,-38387.89537806601,-25.591930252044005,-4.841730530674537,-0.44096794995803223,-0.4113217652436638,-40.750768431637724,0.11881323265834558,13.667607119430919,873,607,266,69.5303550973654,160.20784915330063,-507.7119898735482,656.6456943187359,-3645.498878534173,0.7200678566545564,19.714776632302407,34,71,47.88732394366197,11.244158889364165,-12.433839243827494,-0.3361499661609097,,-0.44096794995803223,1
42,0.29000000000000004,0.09,0.8,0.1,5,150000,114467.42991052414,-35532.57008947586,-23.688380059650573,-4.437308264041306,-0.4886999200769524,-0.43425085725852824,-45.034910118409044,0.09853041234842956,11.918791367253501,1019,660,359,64.7693817468106,186.26489827387084,-440.26120634346853,375.5952522349522,-1203.26264060902,0.7778038478121397,19.923454367026498,38,71,53.52112676056338,6.626167090148627,-14.410955669807269,-0.3091389310151692,,-0.4886999200769524,1
36,0.35,0.07,0.30000000000000004,0.1,11,150000,132795.31709720686,-17204.682902793138,-11.469788601862092,-2.0245438747249933,-0.49199516311504793,-0.46324520654886236,-30.23888895104161,0.06695166208000694,7.630637635702864,1060,826,234,77.9245283018868,134.8111734621229,-544.4875790112574,450.6127078405356,-1281.594427010385,0.8739812226073518,8.131132075471697,42,71,59.154929577464785,3.949363467179401,-8.637512234741996,-0.14102809718983353,,-0.49199516311504793,1
27,0.15,0.09,0.9,0.4,11,150000,154104.57243852195,4104.572438521951,2.7363816256813007,0.4542613082199498,-0.5010753031513273,-0.4587049745214643,-9.739566560118112,0.04664081357378608,2.9965843432930335,1072,830,242,77.42537313432835,48.33942724229645,-143.75539263549828,103.57845094918352,-1011.3142935438432,1.1532941298382706,15.458022388059701,42,71,59.154929577464785,1.3248461699536307,-2.1310054852265115,0.04149577759877441,,-0.5010753031513273,1
33,0.27,0.05,0.8,0.9,23,150000,140595.33349308287,-9404.666506917129,-6.269777671278086,-1.0811797553143432,-0.5016670807229353,-0.5000963088825705,-18.448678276308193,0.05860472707699581,5.817112697089052,1042,699,343,67.08253358925144,114.70941832423675,-258.61048245046317,340.7640868168442,-1575.5631668517808,0.903932515483696,11.12092130518234,38,71,53.52112676056338,3.6268725211283437,-4.514787692922639,-0.07688222875570598,,-0.5016670807229353,1
45,0.35,0.09,0.2,0.4,21,150000,105536.69647692911,-44463.30352307089,-29.642202348713926,-5.731728185249141,-0.5481097621331275,-0.5504186888802066,-48.00323201652221,0.11940296401867982,12.898436824718878,1061,897,164,84.54288407163054,98.07518091042047,-799.8603328692197,303.4439623752961,-3894.3444521095307,0.6706463315965485,9.629594721960414,38,71,53.52112676056338,8.136261517588483,-16.842574972963064,-0.4293742058752856,,-0.5481097621331275,1
36,0.21,0.07,0.4,0.9,17,150000,139098.20794032316,-10901.792059676838,-7.267861373117893,-1.258810639080865,-0.5611840904760833,-0.5129673855749579,-19.0093249859486,0.06622069116138309,5.547887758619028,994,801,193,80.58350100603622,65.40375512843858,-321.72563431129527,170.6987442073538,-1762.7243935240572,0.8437081127902611,10.511066398390343,38,71,53.52112676056338,2.4820213804357394,-5.621745043472314,-0.09499909796105238,,-0.5611840904760833,1
24,0.16999999999999998,0.05,0.5,0.9,11,150000,146787.9064043222,-3212.093595677812,-2.1413957304518747,-0.3627604030973952,-0.5739938982371375,-0.5240983891052934,-13.04884061078639,0.02780020186602106,3.9795737467804364,1150,935,215,81.30434782608695,57.017755448244785,-256.3122107428754,159.7866715172532,-1767.1565551532742,0.9674175715841106,7.603478260869565,45,71,63.38028169014085,1.8760057013437414,-4.323149559690687,-0.024049147551929852,,-0.5739938982371375,1
42,0.19,0.09,0.30000000000000004,0.30000000000000004,15,150000,142947.966097217,-7052.033902783005,-4.70135593518867,-0.8051991310115247,-0.6474864083012624,-0.5641516239342813,-14.270805724970451,0.05642282198563053,4.201711750581985,805,704,101,87.45341614906832,42.4169920788376,-355.8206173495402,115.17149335153444,-2101.0491944181426,0.83092159217299,10.680745341614907,35,71,49.29577464788733,2.539288530242101,-5.305139083683863,-0.0634780017693869,,-0.6474864083012624,1
39,0.25,0.21000000000000002,0.6000000000000001,0.5,19,150000,148105.3516513086,-1894.6483486914076,-1.263098899127605,-0.2131823295776103,-0.8019900404522325,-0.8472423178060778,-9.41913626369034,0.022632895799522833,2.714119558246311,1067,795,272,74.50796626054358,44.799986050297186,-132.97985483451728,96.69755506696738,-861.3987324546979,0.9846689625389093,15.952202436738519,42,71,59.154929577464785,1.450404128685201,-2.289407456563297,-0.01545036589967937,,-0.8019900404522325,1
36,0.19,0.15000000000000002,0.7,0.7000000000000001,15,150000,145269.71836649688,-4730.281633503124,-3.153521089002083,-0.536521877103191,-0.8297849411285461,-0.8399723634821974,-10.79754808067764,0.04968923250856407,3.004576117890653,1071,815,256,76.09710550887021,39.72475650537511,-139.96209956643827,93.01012200402556,-950.9049045131288,0.9035838053483294,16.611577964519142,42,71,59.154929577464785,1.3418855220794335,-2.3806641272076656,-0.04135776793371202,,-0.8297849411285461,1
27,0.22999999999999998,0.09,0.6000000000000001,0.5,21,150000,141222.62303162031,-8777.376968379685,-5.851584645586457,-1.0072207302518232,-0.8499638733761018,-0.8168200670343033,-16.019752428537448,0.06287367640323635,3.473717116603335,1158,783,375,67.61658031088082,80.36073277731798,-187.52270146308945,197.5140499655364,-1874.305325497675,0.8947887841305822,6.896373056994818,39,71,54.929577464788736,2.175707777092728,-4.778689850395446,-0.07949148414778863,,-0.8499638733761018,1
36,0.16999999999999998,0.05,0.9,0.9,21,150000,132828.42956484098,-17171.570435159025,-11.44771362343935,-2.02044276982164,-0.8649105969133071,-0.7736132760403718,-17.427824363176274,0.11593201352721276,4.553643268558032,891,630,261,70.70707070707071,65.59017550237505,-222.19431336174526,177.0398819330507,-1704.2695969725708,0.7125344968835408,14.758698092031425,33,71,46.478873239436616,2.6977460106072826,-4.965024055096934,-0.16227231666969807,,-0.8649105969133071,1
33,0.22999999999999998,0.05,0.2,0.1,19,150000,136485.873240262,-13514.126759737992,-9.009417839825327,-1.5726048310478413,-0.8929873460286751,-0.7957616884295418,-14.991840379254255,0.10489738359434614,3.929190988189103,1051,883,168,84.0152235965747,53.546994439012394,-353.74120743695283,175.298942219864,-1108.3461673362187,0.7956111614865569,5.735490009514748,39,71,54.929577464788736,1.7932297249018125,-4.06305470485896,-0.12642812290674083,,-0.8929873460286751,1
42,0.21,0.19,0.6000000000000001,0.9,5,150000,146632.41871315322,-3367.5812868467765,-2.2450541912311843,-0.3804875464121782,-0.9134276195245226,-0.9074794949744381,-10.606084989343822,0.035874457615082546,2.570969367269676,740,650,90,87.83783783783784,31.212124545151255,-252.7527976609441,64.16001131951343,-523.7374871152784,0.8918631230944889,21.066216216216215,45,71,63.38028169014085,1.1450488508481849,-3.5832058597820904,-0.02943583474736032,,-0.9134276195245226,1
36,0.32999999999999996,0.29,0.30000000000000004,0.9,15,150000,150942.3203173781,942.320317378093,0.6282135449187287,0.1051949475342262,-0.9445001898538087,-0.9644266103941185,-6.924835272746951,0.015190967494667546,1.9852645693448547,793,643,150,81.0844892812106,43.862146805064405,-175.29127909242843,101.0808675526412,-581.7880299709503,1.0726283909342007,11.104665825977301,47,71,66.19718309859155,1.0173712265242774,-1.7509761431374948,0.010583546312435825,,-0.9445001898538087,1
21,0.35,0.27,0.7,0.1,5,150000,150460.23059793582,460.2305979358207,0.3068203986238805,0.05144585221632525,-1.0069121827948824,-0.9617532308819001,-6.435780648040308,0.007993723687893323,1.9169008123601081,949,435,514,45.8377239199157,107.0377574022465,-87.5570490828988,233.83367422814183,-281.5490548549456,1.034598925828916,7.7049525816649105,39,71,54.929577464788736,1.3102069895011281,-1.266817266967779,0.005894759981349867,,-1.0069121827948824,1
36,0.15,0.11,0.2,0.8,9,150000,149962.91157689117,-37.088423108827556,-0.024725615405885037,-0.00415156306601272,-1.0276690270050957,-0.9401723112729398,-4.5921114739875915,0.0009040640867560826,1.9320202543100236,975,923,52,94.66666666666667,14.58977096272087,-235.54167948785587,55.67717965252503,-815.0705310465925,1.099459064533194,7.851282051282051,44,71,61.97183098591549,0.7196033306429372,-2.4373560283156737,-0.00047902270530244824,,-1.0276690270050957,1
24,0.35,0.05,0.30000000000000004,0.1,23,150000,143110.03828054664,-6889.961719453364,-4.593307812968909,-0.7863264113134649,-1.045149680924523,-1.017628416650262,-9.686431696694147,0.08117812997967332,2.636158098568185,842,558,284,66.270783847981,112.96655653635504,-242.8829324451148,405.83244727979906,-1292.8047725543377,0.9138370291629185,3.9750593824228027,35,71,49.29577464788733,1.5368360025814543,-2.046182841137445,-0.06244841369363748,,-1.045149680924523,1
39,0.22999999999999998,0.16999999999999998,0.2,0.7000000000000001,23,150000,141740.8892287604,-8259.11077123959,-5.50607384749306,-0.9463217745677821,-1.2111722845700013,-1.2668023916629878,-8.534328499159487,0.11088415153705199,2.412811298537198,1233,1023,210,82.9683698296837,26.01546100546001,-158.50998254488874,84.42403114655893,-1672.120880512702,0.7995235253085349,7.306569343065694,40,71,56.33802816901409,1.277262198967044,-2.205610536818592,-0.07736148560779378,,-1.2111722845700013,1
21,0.35,0.29,0.8,0.2,15,150000,153683.83552272245,3683.835522722453,2.4558903484816352,0.4081638294356482,-1.2596101841527387,-1.2837684547415789,-3.33020077185096,0.12256433092134157,1.2579143716635224,731,434,297,59.37072503419972,63.915653950841474,-78.1086009592528,159.76900634796516,-221.0552649028274,1.1957534922605222,7.347469220246238,39,71,54.929577464788736,0.8817800564968614,-0.7962305176023698,0.03478946763105705,,-1.2596101841527387,1
21,0.22999999999999998,0.16999999999999998,0.30000000000000004,0.2,11,150000,147746.14754994906,-2253.8524500509375,-1.5025683000339585,-0.2538549561578174,-1.6288587914335302,-1.5624214595748738,-3.893234787388575,0.06520412202730087,1.378171792215639,1080,844,236,78.14814814814814,35.03507589411226,-128.890493664011,94.20654486146142,-431.57010825863404,0.9721037515884781,5.015740740740741,40,71,56.33802816901409,0.658801697485023,-1.3360235079261984,-0.020614628049631413,,-1.6288587914335302,1
42,0.25,0.16999999999999998,0.30000000000000004,0.1,7,150000,128896.99415448616,-21103.005845513835,-14.068670563675889,-2.5134216971345213,-1.8077249866895517,-1.7358677074063698,-16.09866244656528,0.15612611951316308,2.498098161526797,1301,922,379,70.8685626441199,43.369896917237305,-156.8915837255186,118.36897311724844,-609.7461068716677,0.6724816744315173,7.093005380476557,36,71,50.70422535211267,1.2861898478033762,-2.8613079333116187,-0.209863174916877,,-1.8077249866895517,1
39,0.19,0.15000000000000002,0.6000000000000001,0.1,19,150000,138368.07839705783,-11631.921602942166,-7.754614401961445,-1.3460167763923558,-1.897330072275196,-1.712353516077557,-10.521882044223654,0.12792547670987223,1.7606365133186905,1061,693,368,65.31573986804901,35.660380063511724,-95.21473768902676,84.03147510305111,-332.33042628565556,0.7052891586856387,11.925541941564562,38,71,53.52112676056338,0.8292940505121305,-1.921813460545163,-0.11193650722880479,,-1.897330072275196,1
33,0.35,0.27,0.2,0.1,23,150000,142526.10492804536,-7473.895071954641,-4.982596714636427,-0.8544069606840399,-2.365322756233406,-2.4849873822639577,-5.866111286130908,0.14565133851178236,1.2054888604832654,1148,725,423,63.153310104529616,45.219543219239036,-91.72609039376776,151.65387206969203,-247.98158646163967,0.8449498381671597,4.076655052264808,39,71,54.929577464788736,0.5842284413323462,-0.9368728113564817,-0.07078565454593198,,-2.365322756233406,1
24,0.29000000000000004,0.27,0.6000000000000001,0.7000000000000001,15,150000,153764.07129498073,3764.071294980735,2.50938086332049,0.4169628514466117,-2.5612116181224036,-2.432879648023746,-1.2095303088889295,0.34473121374662563,0.6175660183210084,298,202,96,67.78523489932886,56.342143083864826,-75.55645223773656,100.47442118354468,-331.63817096130333,1.5690686353642869,8.439597315436242,39,71,54.929577464788736,0.3875495448619759,-0.6645922183421527,0.0350486058321012,,-2.5612116181224036,1
27,0.15,0.13,0.30000000000000004,0.9,21,150000,146134.71089248662,-3865.289107513381,-2.576859405008921,-0.4373365527091333,-4.622642816033446,-4.0638695349512055,-3.183014020722922,0.13739699224127389,0.5272296498788137,729,537,192,73.66255144032921,13.847523531768967,-53.98160584811806,36.47713983014282,-363.1349676326089,0.717462768463872,5.170096021947874,38,71,53.52112676056338,0.20426021727071308,-0.6725235069548363,-0.03595971164599124,,-4.622642816033446,1
21,0.35,0.21000000000000002,0.5,0.6,23,150000,150392.4459635933,392.44596359328716,0.26163064239552475,0.04387692775644769,-5.423743518394593,-4.442886453475691,-0.7383323059909535,0.059427072878191656,0.36053581237114557,232,140,92,60.3448275862069,56.04347686050216,-77.72544344437424,219.50903702968418,-277.5510257676824,1.0972411087661056,2.0043103448275863,38,71,53.52112676056338,0.30805270492699766,-0.2752943808073449,0.0037267684279480165,,-5.423743518394593,1
21,0.32999999999999996,0.22999999999999998,0.7,0.1,25,150000,150000.0,0.0,0.0,0.0,,,0.0,,0.0,0,0,0,0.0,0.0,0.0,0.0,0.0,0.0,,0,71,0.0,0.0,0.0,0.0,True,,0
30,0.29000000000000004,0.29,0.30000000000000004,0.2,5,150000,150000.0,0.0,0.0,0.0,,,0.0,,0.0,0,0,0,0.0,0.0,0.0,0.0,0.0,0.0,,0,71,0.0,0.0,0.0,0.0,True,,0
21,0.21,0.11,0.4,0.1,25,150000,150000.0,0.0,0.0,0.0,,,0.0,,0.0,0,0,0,0.0,0.0,0.0,0.0,0.0,0.0,,0,71,0.0,0.0,0.0,0.0,True,,0
21,0.16999999999999998,0.09,0.9,0.4,25,150000,150000.0,0.0,0.0,0.0,,,0.0,,0.0,0,0,0,0.0,0.0,0.0,0.0,0.0,0.0,,0,71,0.0,0.0,0.0,0.0,True,,0
21,0.21,0.13,0.2,0.9,25,150000,150000.0,0.0,0.0,0.0,,,0.0,,0.0,0,0,0,0.0,0.0,0.0,0.0,0.0,0.0,,0,71,0.0,0.0,0.0,0.0,True,,0
