dte,short_delta,strike_width,profit_target,stop_loss,dte_min,initial_capital,final_value,total_pnl,total_return_pct,annualized_return_pct,sharpe_ratio,sortino_ratio,max_drawdown_pct,calmar_ratio,volatility_pct,total_trades,winning_trades,losing_trades,win_rate_pct,avg_win,avg_loss,largest_win,largest_loss,profit_factor,avg_days_in_trade,positive_months,total_months,positive_months_pct,best_month_pct,worst_month_pct,avg_monthly_return_pct,below_min_trades,stability_score,stability_n
24,0.31,10,0.9,0.30000000000000004,5,150000,210934.37084701174,60934.37084701174,40.62291389800783,5.890464250659688,0.7280110443066257,0.7902710611695563,-11.289289286943252,0.5217745865961968,5.315032206351744,1251,964,287,77.05835331734612,154.4996670758078,-302.7602252527665,228.133417416791,-639.0570860882567,1.7140514957151378,15.7242206235012,48,71,67.6056338028169,3.119260568497695,-3.8513400381578577,0.4943912802592041,,0.5426030461661034,56
24,0.31,10,0.9,0.30000000000000004,5,150000,210934.37084701174,60934.37084701174,40.62291389800783,5.890464250659688,0.7280110443066257,0.7902710611695563,-11.289289286943252,0.5217745865961968,5.315032206351744,1251,964,287,77.05835331734612,154.4996670758078,-302.7602252527665,228.133417416791,-639.0570860882567,1.7140514957151378,15.7242206235012,48,71,67.6056338028169,3.119260568497695,-3.8513400381578577,0.4943912802592041,,0.5426030461661034,56
27,0.32999999999999996,10,0.9,0.30000000000000004,5,150000,215381.7603415612,65381.760341561196,43.58784022770747,6.262048022375777,0.7186613371763275,0.8089957247157352,-12.377065911785595,0.5059396198587727,5.919316952341141,1280,962,318,75.15625,168.38197536562174,-300.53485534386033,239.4735916756243,-555.2906641272249,1.6949180488617537,18.45625,47,71,66.19718309859155,3.721220870417996,-3.50928905616652,0.5294333653267564,,0.5596460710386647,78
27,0.35,10,0.9,0.30000000000000004,5,150000,215679.33159749475,65679.33159749475,43.7862210649965,6.2866817753929105,0.7109157890298733,0.812283926304942,-12.24673733057499,0.5133352341686704,6.025331134712616,1256,919,337,73.1687898089172,183.37345743910825,-302.8845698747884,265.3654235485426,-555.2906641272249,1.6509918705269802,18.53264331210191,48,71,67.6056338028169,3.8969296196246894,-4.056818841847143,0.5334844575785455,,0.5673509743949693,63
27,0.35,10,0.9,0.30000000000000004,5,150000,215679.33159749475,65679.33159749475,43.7862210649965,6.2866817753929105,0.7109157890298733,0.812283926304942,-12.24673733057499,0.5133352341686704,6.025331134712616,1256,919,337,73.1687898089172,183.37345743910825,-302.8845698747884,265.3654235485426,-555.2906641272249,1.6509918705269802,18.53264331210191,48,71,67.6056338028169,3.8969296196246894,-4.056818841847143,0.5334844575785455,,0.5673509743949693,63
27,0.35,10,0.9,0.30000000000000004,5,150000,215679.33159749475,65679.33159749475,43.7862210649965,6.2866817753929105,0.7109157890298733,0.812283926304942,-12.24673733057499,0.5133352341686704,6.025331134712616,1256,919,337,73.1687898089172,183.37345743910825,-302.8845698747884,265.3654235485426,-555.2906641272249,1.6509918705269802,18.53264331210191,48,71,67.6056338028169,3.8969296196246894,-4.056818841847143,0.5334844575785455,,0.5673509743949693,63
27,0.35,10,0.9,0.30000000000000004,5,150000,215679.33159749475,65679.33159749475,43.7862210649965,6.2866817753929105,0.7109157890298733,0.812283926304942,-12.24673733057499,0.5133352341686704,6.025331134712616,1256,919,337,73.1687898089172,183.37345743910825,-302.8845698747884,265.3654235485426,-555.2906641272249,1.6509918705269802,18.53264331210191,48,71,67.6056338028169,3.8969296196246894,-4.056818841847143,0.5334844575785455,,0.5673509743949693,63
24,0.32999999999999996,10,0.9,0.30000000000000004,5,150000,209682.70939079745,59682.70939079745,39.7884729271983,5.784711664179465,0.6971495994050145,0.7709227290967413,-11.598985309628116,0.4987256651991512,5.414481672697943,1230,926,304,75.28455284552845,166.93918567855226,-309.1514019487307,246.08377890080448,-639.0570860882567,1.6448430854411282,15.721951219512196,48,71,67.6056338028169,3.30105181148459,-3.531627718505004,0.4883546266912019,,0.5620609813618276,90
24,0.32999999999999996,10,0.9,0.30000000000000004,5,150000,209682.70939079745,59682.70939079745,39.7884729271983,5.784711664179465,0.6971495994050145,0.7709227290967413,-11.598985309628116,0.4987256651991512,5.414481672697943,1230,926,304,75.28455284552845,166.93918567855226,-309.1514019487307,246.08377890080448,-639.0570860882567,1.6448430854411282,15.721951219512196,48,71,67.6056338028169,3.30105181148459,-3.531627718505004,0.4883546266912019,,0.5620609813618276,90
24,0.32999999999999996,10,0.9,0.30000000000000004,5,150000,209682.70939079745,59682.70939079745,39.7884729271983,5.784711664179465,0.6971495994050145,0.7709227290967413,-11.598985309628116,0.4987256651991512,5.414481672697943,1230,926,304,75.28455284552845,166.93918567855226,-309.1514019487307,246.08377890080448,-639.0570860882567,1.6448430854411282,15.721951219512196,48,71,67.6056338028169,3.30105181148459,-3.531627718505004,0.4883546266912019,,0.5620609813618276,90
24,0.32999999999999996,10,0.9,0.30000000000000004,5,150000,209682.70939079745,59682.70939079745,39.7884729271983,5.784711664179465,0.6971495994050145,0.7709227290967413,-11.598985309628116,0.4987256651991512,5.414481672697943,1230,926,304,75.28455284552845,166.93918567855226,-309.1514019487307,246.08377890080448,-639.0570860882567,1.6448430854411282,15.721951219512196,48,71,67.6056338028169,3.30105181148459,-3.531627718505004,0.4883546266912019,,0.5620609813618276,90
24,0.31,15,0.9,0.30000000000000004,5,150000,222695.8581878439,72695.8581878439,48.4639054585626,6.859490520868272,0.6923329503303217,0.7303438006182511,-15.177092275495621,0.4519634193661295,7.062688855779517,1251,979,272,78.25739408473221,195.26661039125162,-432.0160697062108,294.42175989065134,-859.2304897080902,1.6268288804545092,15.666666666666666,46,71,64.7887323943662,4.549635445948552,-4.881691000904242,0.5808567439508323,,0.5610503984486562,53
21,0.35,10,0.9,0.30000000000000004,5,150000,207932.58621813488,57932.58621813488,38.62172414542325,5.63595994772228,0.6759959070028229,0.7450265555696636,-10.983037432738316,0.5131513010164721,5.372229286668143,1209,883,326,73.03556658395368,178.27166938034782,-301.8580277097159,263.7311118030832,-630.668494463647,1.5996416550622896,14.760132340777503,47,71,66.19718309859155,3.2010663097275627,-3.61495702271023,0.4762944963098748,,0.5728596143384207,49
21,0.35,10,0.9,0.30000000000000004,5,150000,207932.58621813488,57932.58621813488,38.62172414542325,5.63595994772228,0.6759959070028229,0.7450265555696636,-10.983037432738316,0.5131513010164721,5.372229286668143,1209,883,326,73.03556658395368,178.27166938034782,-301.8580277097159,263.7311118030832,-630.668494463647,1.5996416550622896,14.760132340777503,47,71,66.19718309859155,3.2010663097275627,-3.61495702271023,0.4762944963098748,,0.5728596143384207,49
24,0.35,10,0.8,0.30000000000000004,5,150000,207000.4850164071,57000.485016407096,38.0003233442714,5.556310348549354,0.6644620849929286,0.7531659645702459,-10.936770098352607,0.5080394210157434,5.349975028098021,1225,909,316,74.20408163265306,169.94274111292623,-304.50454871210763,262.9203153932366,-630.668494463647,1.6054087845633962,14.0,46,71,64.7887323943662,3.2848577316047622,-3.7833428640292266,0.46954368472085234,,0.5567398477878979,81
24,0.35,10,0.8,0.30000000000000004,5,150000,207000.4850164071,57000.485016407096,38.0003233442714,5.556310348549354,0.6644620849929286,0.7531659645702459,-10.936770098352607,0.5080394210157434,5.349975028098021,1225,909,316,74.20408163265306,169.94274111292623,-304.50454871210763,262.9203153932366,-630.668494463647,1.6054087845633962,14.0,46,71,64.7887323943662,3.2848577316047622,-3.7833428640292266,0.46954368472085234,,0.5567398477878979,81
24,0.35,10,0.8,0.30000000000000004,5,150000,207000.4850164071,57000.485016407096,38.0003233442714,5.556310348549354,0.6644620849929286,0.7531659645702459,-10.936770098352607,0.5080394210157434,5.349975028098021,1225,909,316,74.20408163265306,169.94274111292623,-304.50454871210763,262.9203153932366,-630.668494463647,1.6054087845633962,14.0,46,71,64.7887323943662,3.2848577316047622,-3.7833428640292266,0.46954368472085234,,0.5567398477878979,81
30,0.32999999999999996,10,0.9,0.30000000000000004,5,150000,212822.0819069977,62822.081906997686,41.88138793799846,6.048973136505409,0.6615998404853203,0.7424502280576952,-12.817152839049092,0.471943590941386,6.147024567291055,1289,957,332,74.24359968968193,169.39096189230483,-295.88213371489456,239.4735916756243,-555.2906641272249,1.650233299528878,19.303335919317302,47,71,66.19718309859155,3.5555627500120757,-3.9938964356978968,0.5139524512960632,,0.5333855899389013,40
21,0.35,15,0.9,0.30000000000000004,5,150000,221000.3617778524,71000.3617778524,47.33357451856827,6.722466215347422,0.6605710232898234,0.7034174585595295,-14.895897702055919,0.45129648107207354,7.22549550127837,1209,907,302,75.02067824648469,226.45364708806707,-441.91424222423336,347.9393021776071,-995.4200511090276,1.539010791674463,14.80066170388751,48,71,67.6056338028169,4.600549512624674,-4.951683196582479,0.5728500116346208,,0.5829488737266804,47
30,0.35,10,0.9,0.30000000000000004,5,150000,213477.7845444463,63477.7845444463,42.31852302963087,6.103757994758108,0.6602911037079808,0.7521605048498129,-12.691765309481816,0.48092269640363483,6.246833304192935,1269,918,351,72.3404255319149,184.4867658547745,-299.3954601117411,265.3654235485426,-555.2906641272249,1.6115937395261761,19.3672182821119,46,71,64.7887323943662,3.743459009512473,-4.457302217099968,0.5207976786270146,,0.5490166372912464,33
24,0.31,10,0.8,0.30000000000000004,5,150000,205293.43527484234,55293.43527484234,36.862290183228225,5.409663099793538,0.658834624659758,0.722974393516383,-10.880903722211,0.49717038565012633,5.170140862520068,1253,976,277,77.8930566640064,145.16308515293724,-306.6199760318134,210.88790061457902,-639.0570860882567,1.6681142521710495,13.85953711093376,47,71,66.19718309859155,3.0633087010107474,-3.72996132919009,0.4553683414866457,,0.5403228609555122,61
24,0.31,10,0.8,0.30000000000000004,5,150000,205293.43527484234,55293.43527484234,36.862290183228225,5.409663099793538,0.658834624659758,0.722974393516383,-10.880903722211,0.49717038565012633,5.170140862520068,1253,976,277,77.8930566640064,145.16308515293724,-306.6199760318134,210.88790061457902,-639.0570860882567,1.6681142521710495,13.85953711093376,47,71,66.19718309859155,3.0633087010107474,-3.72996132919009,0.4553683414866457,,0.5403228609555122,61
24,0.32999999999999996,15,0.9,0.30000000000000004,5,150000,221040.83891839095,71040.83891839095,47.3605592789273,6.725747617430189,0.6579252598715837,0.7043430841388917,-15.219036608530237,0.4419299191159329,7.263347912869883,1230,942,288,76.58536585365854,212.7373145758949,-446.6271751853674,325.20227077903274,-859.2304897080902,1.5579622970094933,15.688617886178863,46,71,64.7887323943662,4.809853153626276,-4.8049422917285645,0.5736634103546402,,0.5767624913685462,86
24,0.32999999999999996,15,0.9,0.30000000000000004,5,150000,221040.83891839095,71040.83891839095,47.3605592789273,6.725747617430189,0.6579252598715837,0.7043430841388917,-15.219036608530237,0.4419299191159329,7.263347912869883,1230,942,288,76.58536585365854,212.7373145758949,-446.6271751853674,325.20227077903274,-859.2304897080902,1.5579622970094933,15.688617886178863,46,71,64.7887323943662,4.809853153626276,-4.8049422917285645,0.5736634103546402,,0.5767624913685462,86
27,0.31,10,0.9,0.30000000000000004,5,150000,210109.0683411845,60109.068341184495,40.07271222745633,5.820793482232278,0.6575309276232317,0.7273347839960344,-11.91378798039878,0.48857621873152085,5.828111497928958,1294,986,308,76.19783616692428,155.3836838375195,-298.7186737466215,228.133417416791,-654.6852218155752,1.6652108789622833,18.343122102009275,47,71,66.19718309859155,3.4662258087102327,-3.6561419677247464,0.491533364763841,,0.5409239801120299,52
27,0.32999999999999996,10,0.8,0.30000000000000004,5,150000,208710.8881884185,58710.888188418496,39.14059212561233,5.7022398544996244,0.6522352696702683,0.7458885650361042,-12.523922637244292,0.45530781526404573,5.6911831460807765,1282,972,310,75.81903276131045,158.03288476775563,-301.6921965739746,233.69644366210943,-555.2906641272249,1.6424341328639671,16.357254290171607,46,71,64.7887323943662,3.439422242022716,-3.230315445333365,0.4831533955055035,,0.5536323927996959,86
27,0.32999999999999996,10,0.8,0.30000000000000004,5,150000,208710.8881884185,58710.888188418496,39.14059212561233,5.7022398544996244,0.6522352696702683,0.7458885650361042,-12.523922637244292,0.45530781526404573,5.6911831460807765,1282,972,310,75.81903276131045,158.03288476775563,-301.6921965739746,233.69644366210943,-555.2906641272249,1.6424341328639671,16.357254290171607,46,71,64.7887323943662,3.439422242022716,-3.230315445333365,0.4831533955055035,,0.5536323927996959,86
27,0.35,15,0.9,0.30000000000000004,5,150000,227209.33596574652,77209.33596574652,51.472890643831015,7.220068758222897,0.6518601546306313,0.7141882540868467,-16.209170135176134,0.44543111695486204,8.145026142800885,1256,932,324,74.20382165605095,236.30170127357087,-439.8437865176808,347.57620659765934,-789.8671751302693,1.5453942402195142,18.378184713375795,46,71,64.7887323943662,5.047468650694986,-5.48367409338113,0.6211754277382932,,0.5935673756373844,59
24,0.32999999999999996,10,0.8,0.30000000000000004,5,150000,205089.10463135107,55089.104631351074,36.72606975423405,5.392041772001366,0.6459708650171746,0.7224699627423821,-11.11361874183594,0.4851742620703412,5.253916962619007,1232,937,295,76.0551948051948,157.79429943071574,-310.17737177292565,232.70601092602175,-639.0570860882567,1.6158415547904355,13.941558441558442,47,71,66.19718309859155,3.2239922799199405,-3.432563768398178,0.45591678426596505,,0.5500801660641786,100
24,0.32999999999999996,10,0.8,0.30000000000000004,5,150000,205089.10463135107,55089.104631351074,36.72606975423405,5.392041772001366,0.6459708650171746,0.7224699627423821,-11.11361874183594,0.4851742620703412,5.253916962619007,1232,937,295,76.0551948051948,157.79429943071574,-310.17737177292565,232.70601092602175,-639.0570860882567,1.6158415547904355,13.941558441558442,47,71,66.19718309859155,3.2239922799199405,-3.432563768398178,0.45591678426596505,,0.5500801660641786,100
24,0.32999999999999996,10,0.8,0.30000000000000004,5,150000,205089.10463135107,55089.104631351074,36.72606975423405,5.392041772001366,0.6459708650171746,0.7224699627423821,-11.11361874183594,0.4851742620703412,5.253916962619007,1232,937,295,76.0551948051948,157.79429943071574,-310.17737177292565,232.70601092602175,-639.0570860882567,1.6158415547904355,13.941558441558442,47,71,66.19718309859155,3.2239922799199405,-3.432563768398178,0.45591678426596505,,0.5500801660641786,100
21,0.32999999999999996,10,0.9,0.30000000000000004,5,150000,205204.67737674757,55204.67737674757,36.803118251165046,5.402010476146302,0.6398126435920052,0.692645732659153,-11.513095251827206,0.46920574858346337,5.32530115039177,1214,905,309,74.54695222405272,166.25367999303296,-304.7706220246027,246.08377890080448,-639.0570860882567,1.5976743596846001,14.807248764415156,49,71,69.01408450704226,3.1830780678821613,-3.736399215791164,0.4570757240784197,,0.5686162166968073,62
27,0.35,10,0.8,0.30000000000000004,5,150000,208606.5849440292,58606.58494402919,39.071056629352796,5.693369375574964,0.6385249246057231,0.7403264925883972,-12.42601849473498,0.45818130545896885,5.811010694879745,1259,929,330,73.78872120730739,172.001739094854,-302.54283577933785,250.79785462493612,-555.2906641272249,1.6004707405292424,16.484511517077046,47,71,66.19718309859155,3.610378370734302,-3.7115968392864462,0.4844668162493461,,0.5604028800285596,70
27,0.35,10,0.8,0.30000000000000004,5,150000,208606.5849440292,58606.58494402919,39.071056629352796,5.693369375574964,0.6385249246057231,0.7403264925883972,-12.42601849473498,0.45818130545896885,5.811010694879745,1259,929,330,73.78872120730739,172.001739094854,-302.54283577933785,250.79785462493612,-555.2906641272249,1.6004707405292424,16.484511517077046,47,71,66.19718309859155,3.610378370734302,-3.7115968392864462,0.4844668162493461,,0.5604028800285596,70
21,0.32999999999999996,15,0.9,0.30000000000000004,5,150000,217656.04007900483,67656.04007900483,45.10402671933655,6.4496049394184185,0.6351840747633217,0.6713248421586268,-15.156299398799286,0.42553955749444816,7.09625316421121,1214,925,289,76.19439868204283,210.7849928913627,-437.30063448512124,325.20227077903274,-859.2304897080902,1.5427781165104029,14.804777594728172,48,71,67.6056338028169,4.740590961869806,-4.675647592578736,0.5500635335564874,,0.5812499705010852,59
21,0.32999999999999996,15,0.9,0.30000000000000004,5,150000,217656.04007900483,67656.04007900483,45.10402671933655,6.4496049394184185,0.6351840747633217,0.6713248421586268,-15.156299398799286,0.42553955749444816,7.09625316421121,1214,925,289,76.19439868204283,210.7849928913627,-437.30063448512124,325.20227077903274,-859.2304897080902,1.5427781165104029,14.804777594728172,48,71,67.6056338028169,4.740590961869806,-4.675647592578736,0.5500635335564874,,0.5812499705010852,59
21,0.35,10,0.8,0.30000000000000004,5,150000,203876.42455272668,53876.424552726676,35.91761636848445,5.287159451363355,0.6334707090563448,0.7082847808842385,-10.491131507366722,0.5039646531597461,5.195479402932386,1210,893,317,73.80165289256199,168.6530503264207,-301.2671577174647,262.9203153932366,-630.668494463647,1.5770105798559608,13.183471074380165,47,71,66.19718309859155,3.1381312713205656,-3.61104983861974,0.44714586355013536,,0.5576936579884244,52
30,0.32999999999999996,10,0.8,0.30000000000000004,5,150000,207851.42069644024,57851.42069644024,38.56761379762683,5.629036041073765,0.6281879169429073,0.723229110047574,-12.795687597801688,0.4399166514537944,5.809507775143256,1290,971,319,75.27131782945736,158.73596289448994,-297.9360492708886,233.69644366210943,-555.2906641272249,1.621738485345693,17.0968992248062,46,71,64.7887323943662,3.24156346279032,-3.3079496368460415,0.47804720529703465,,0.526946571267585,46
27,0.35,20,0.9,0.30000000000000004,5,150000,236924.61987070876,86924.61987070876,57.94974658047251,7.976429283402386,0.628104865554,0.6806206387657595,-20.364337821076507,0.39168616006492535,9.812736372824716,1256,957,299,76.19426751592357,269.83431557199555,-571.7666207251063,406.4443038557824,-1242.6420786034155,1.510494439000481,18.546178343949045,46,71,64.7887323943662,5.844662071482709,-6.456560696494629,0.6943727718480911,,0.5864884232355699,12
27,0.32999999999999996,10,0.7,0.30000000000000004,5,150000,204370.644437332,54370.644437332,36.24709629155466,5.329966065265435,0.6271274971977173,0.723126736194683,-11.334323889950175,0.47025002258770504,5.323593016563813,1282,995,287,77.61310452418097,144.73007846567796,-307.5375915265145,213.8379189518836,-555.2906641272249,1.631555203564774,14.485959438377535,46,71,64.7887323943662,3.0238463966541174,-3.251506244440383,0.45160410821474156,,0.4971315106157249,42
27,0.32999999999999996,10,0.7,0.30000000000000004,5,150000,204370.644437332,54370.644437332,36.24709629155466,5.329966065265435,0.6271274971977173,0.723126736194683,-11.334323889950175,0.47025002258770504,5.323593016563813,1282,995,287,77.61310452418097,144.73007846567796,-307.5375915265145,213.8379189518836,-555.2906641272249,1.631555203564774,14.485959438377535,46,71,64.7887323943662,3.0238463966541174,-3.251506244440383,0.45160410821474156,,0.4971315106157249,42
24,0.32999999999999996,10,0.9,0.30000000000000004,9,150000,198525.41152667563,48525.41152667563,32.350274351117086,4.81806786927681,0.6266471850211125,0.7264578285430758,-8.02042100076833,0.600725057801237,4.483818063035264,1230,890,340,72.35772357723577,143.40493577934882,-229.95303224063827,233.73700528539433,-630.668494463647,1.6324355661062258,13.789430894308943,47,71,66.19718309859155,2.3900488351963345,-2.7656122517367043,0.40558921036826223,,0.5039500782221302,27
30,0.35,15,0.9,0.30000000000000004,5,150000,225348.76753651726,75348.76753651726,50.2325116910115,7.0721579379094734,0.6171439547566119,0.678610084136743,-16.89820142189297,0.41851542429521094,8.415769618368582,1269,933,336,73.5224586288416,237.82288528404996,-434.5351564290208,347.57620659765934,-1078.8867101960434,1.5197462866156621,19.23089046493302,45,71,63.38028169014085,4.872782994549962,-5.828020630348119,0.6124727242635568,,0.5827882852826576,31
30,0.31,10,0.9,0.30000000000000004,5,150000,208303.63534288682,58303.63534288682,38.86909022859121,5.667584055571195,0.6168980382018507,0.6857343644845043,-12.31218191527261,0.4603232875028314,5.992717335556826,1300,983,317,75.61538461538461,155.18173930716353,-293.7878161439462,228.133417416791,-654.6852218155752,1.6379516954053195,19.226153846153846,47,71,66.19718309859155,3.3981839876022546,-3.87581820242463,0.48080153534045594,,0.4953220514360254,24
30,0.31,10,0.9,0.30000000000000004,5,150000,208303.63534288682,58303.63534288682,38.86909022859121,5.667584055571195,0.6168980382018507,0.6857343644845043,-12.31218191527261,0.4603232875028314,5.992717335556826,1300,983,317,75.61538461538461,155.18173930716353,-293.7878161439462,228.133417416791,-654.6852218155752,1.6379516954053195,19.226153846153846,47,71,66.19718309859155,3.3981839876022546,-3.87581820242463,0.48080153534045594,,0.4953220514360254,24
21,0.35,15,0.9,0.4,5,150000,220249.89613198346,70249.89613198346,46.83326408798897,6.661536667206702,0.6106779433612649,0.656107849118081,-17.858740050020774,0.3730126900637065,7.792063810136835,1209,929,280,76.84036393713814,224.66505771490407,-491.17481252091676,347.9393021776071,-1167.1393835116612,1.5175993301937962,15.399503722084367,48,71,67.6056338028169,4.668996968800232,-5.22865009917145,0.5712080552177266,,0.6093289069977512,40
24,0.35,10,0.9,0.30000000000000004,7,150000,202478.30152553477,52478.30152553477,34.98553435035651,5.165592312311462,0.6033689593113257,0.6828542747364468,-10.106769856602691,0.5111022003668969,5.269482689933189,1223,852,371,69.664758789861,174.80689464527762,-257.5310575663449,262.9203153932366,-630.668494463647,1.5588151991456032,14.762060506950123,44,71,61.97183098591549,2.964548286661417,-3.3485550161304167,0.43811445402591837,,0.5691120607810489,80
24,0.35,10,0.9,0.30000000000000004,7,150000,202478.30152553477,52478.30152553477,34.98553435035651,5.165592312311462,0.6033689593113257,0.6828542747364468,-10.106769856602691,0.5111022003668969,5.269482689933189,1223,852,371,69.664758789861,174.80689464527762,-257.5310575663449,262.9203153932366,-630.668494463647,1.5588151991456032,14.762060506950123,44,71,61.97183098591549,2.964548286661417,-3.3485550161304167,0.43811445402591837,,0.5691120607810489,80
24,0.35,10,0.9,0.30000000000000004,7,150000,202478.30152553477,52478.30152553477,34.98553435035651,5.165592312311462,0.6033689593113257,0.6828542747364468,-10.106769856602691,0.5111022003668969,5.269482689933189,1223,852,371,69.664758789861,174.80689464527762,-257.5310575663449,262.9203153932366,-630.668494463647,1.5588151991456032,14.762060506950123,44,71,61.97183098591549,2.964548286661417,-3.3485550161304167,0.43811445402591837,,0.5691120607810489,80
24,0.35,10,0.9,0.30000000000000004,7,150000,202478.30152553477,52478.30152553477,34.98553435035651,5.165592312311462,0.6033689593113257,0.6828542747364468,-10.106769856602691,0.5111022003668969,5.269482689933189,1223,852,371,69.664758789861,174.80689464527762,-257.5310575663449,262.9203153932366,-630.668494463647,1.5588151991456032,14.762060506950123,44,71,61.97183098591549,2.964548286661417,-3.3485550161304167,0.43811445402591837,,0.5691120607810489,80
21,0.31,10,0.8,0.30000000000000004,5,150000,200533.53151585354,50533.53151585354,33.68902101056903,4.995327252459569,0.59773394290111,0.6455711336071986,-11.332104641628954,0.4408119595109481,5.026962998134461,1235,951,284,77.00404858299595,145.45726731877656,-304.1309721851297,216.20807831398048,-639.0570860882567,1.6015369057210644,13.064777327935223,48,71,67.6056338028169,3.1181330693089704,-3.554608017244365,0.4226249317728845,,0.549276534032543,44
21,0.32999999999999996,15,0.9,0.30000000000000004,9,150000,205039.38836368002,55039.38836368002,36.69292557578668,5.387752067255414,0.594042813416317,0.6553278521903617,-9.331735794474106,0.577357973470041,5.752790649262889,1214,889,325,73.22899505766063,177.65032896096034,-313.69710493325516,298.4834569744575,-859.2304897080902,1.549080208633803,12.72487644151565,47,71,66.19718309859155,3.145800459925563,-3.708161911334873,0.4559759429285253,,0.5392382869150192,18
21,0.31,15,0.9,0.4,5,150000,215663.0644085758,65663.0644085758,43.775376272383866,6.285335864501951,0.5926568428721232,0.6201010088342034,-17.449618139917675,0.36019904929172303,7.379411576120558,1234,976,258,79.09238249594813,193.2526630314834,-472.0152800948092,297.42013941271597,-1167.1393835116612,1.5488149822663486,15.205024311183145,48,71,67.6056338028169,4.514789505384353,-6.413183921723653,0.5389034326818933,,0.6142241217586901,32
24,0.35,10,0.9,0.4,5,150000,206652.48863194633,56652.488631946326,37.76832575463088,5.526496956531357,0.5920462505951287,0.6586078474692689,-14.553471502250954,0.3797373675192607,6.0212808195264955,1223,923,300,75.47015535568275,178.33280585957192,-356.7851360710354,263.7311118030832,-710.4354315722701,1.5378179859265309,16.376124284546197,48,71,67.6056338028169,3.4527352407145218,-4.287567081561905,0.4710624916197074,,0.5903206381639,62
27,0.35,10,0.9,0.30000000000000004,9,150000,202331.57500636118,52331.57500636118,34.88771667090745,5.152793943450407,0.5894870395386298,0.683823116394672,-10.309773418856832,0.49979701144797406,5.383206189170993,1256,896,360,71.3375796178344,163.06864082619808,-258.35875397964094,250.2208860879173,-555.2906641272249,1.5709153339178892,17.03343949044586,46,71,64.7887323943662,2.8573937755376866,-3.589434861813978,0.43869636657020317,,0.5118438898042501,17
27,0.35,10,0.9,0.30000000000000004,9,150000,202331.57500636118,52331.57500636118,34.88771667090745,5.152793943450407,0.5894870395386298,0.683823116394672,-10.309773418856832,0.49979701144797406,5.383206189170993,1256,896,360,71.3375796178344,163.06864082619808,-258.35875397964094,250.2208860879173,-555.2906641272249,1.5709153339178892,17.03343949044586,46,71,64.7887323943662,2.8573937755376866,-3.589434861813978,0.43869636657020317,,0.5118438898042501,17
24,0.35,15,0.9,0.4,5,150000,220085.06137353883,70085.06137353883,46.72337424902589,6.648130765274818,0.588219030282848,0.6390320349712556,-18.57424982931497,0.3579218986697567,8.11141509287177,1223,943,280,77.10547833197057,227.41819985296658,-513.0322004610442,347.9393021776071,-1167.1393835116612,1.4929121565902261,16.346688470973017,47,71,66.19718309859155,4.806983633549811,-5.6415335828725155,0.5736000777726803,,0.6056461730304736,60
27,0.32999999999999996,10,0.9,0.30000000000000004,7,150000,204801.53908982693,54801.539089826925,36.534359393217954,5.367217562919491,0.5873218841899035,0.6606984211281632,-11.735558460361112,0.4573465831258223,5.788890906787633,1280,919,361,71.796875,164.57653073260462,-264.3010434698552,239.4735916756243,-555.2906641272249,1.585175439847668,17.79296875,45,71,63.38028169014085,3.085810409481504,-3.5384463578983727,0.45783000528735135,,0.5594180199888611,83
27,0.32999999999999996,10,0.9,0.30000000000000004,7,150000,204801.53908982693,54801.539089826925,36.534359393217954,5.367217562919491,0.5873218841899035,0.6606984211281632,-11.735558460361112,0.4573465831258223,5.788890906787633,1280,919,361,71.796875,164.57653073260462,-264.3010434698552,239.4735916756243,-555.2906641272249,1.585175439847668,17.79296875,45,71,63.38028169014085,3.085810409481504,-3.5384463578983727,0.45783000528735135,,0.5594180199888611,83
24,0.32999999999999996,15,0.8,0.30000000000000004,5,150000,213455.40238507028,63455.40238507028,42.30360159004685,6.10189024427763,0.5870168455078693,0.6318096785806319,-15.199556079396876,0.40145187217334544,7.123865945687796,1232,952,280,77.27272727272727,200.63387151059737,-451.3852911072343,309.0388851906143,-859.2304897080902,1.511248099074574,13.866883116883116,45,71,63.38028169014085,4.707864666241557,-4.675573720323644,0.5229709305504308,,0.5705725401072276,95
24,0.32999999999999996,10,0.9,0.4,5,150000,205273.36060441754,55273.36060441754,36.84890706961169,5.4079325212877505,0.5866661961897272,0.6480408775780508,-14.084803642175448,0.3839551234561958,5.869267115058373,1230,943,287,76.66666666666667,165.9064044235156,-349.32205021543456,246.08377890080448,-639.0570860882567,1.5605114042175376,16.33252032520325,47,71,66.19718309859155,3.6021181355717413,-4.116064010777465,0.4606337027558567,,0.5882913174851784,75
24,0.32999999999999996,10,0.9,0.4,5,150000,205273.36060441754,55273.36060441754,36.84890706961169,5.4079325212877505,0.5866661961897272,0.6480408775780508,-14.084803642175448,0.3839551234561958,5.869267115058373,1230,943,287,76.66666666666667,165.9064044235156,-349.32205021543456,246.08377890080448,-639.0570860882567,1.5605114042175376,16.33252032520325,47,71,66.19718309859155,3.6021181355717413,-4.116064010777465,0.4606337027558567,,0.5882913174851784,75
21,0.35,10,0.9,0.4,5,150000,204739.52925213295,54739.529252132954,36.49301950142197,5.361860737964896,0.5817209619394563,0.6387843938860654,-14.333676466345397,0.37407435214225887,5.841153510471372,1209,909,300,75.18610421836229,176.73781206464693,-349.46520367762014,263.7311118030832,-710.4354315722701,1.5323859569431997,15.42266335814723,47,71,66.19718309859155,3.428354920129162,-4.1497381064648735,0.45656312612345923,,0.6002636237807795,41
27,0.35,15,0.8,0.30000000000000004,5,150000,217936.74968497426,67936.74968497426,45.291166456649506,6.47264149471658,0.5811649880441034,0.644165148664678,-16.314779380502955,0.3967348465926384,7.896474231633194,1259,943,316,74.90071485305798,221.05885583290765,-440.7392803815449,327.38301175735415,-789.8671751302693,1.4967551796641017,16.344718030182683,46,71,64.7887323943662,4.657161617919137,-5.068761355915063,0.5598237735898822,,0.5834176572382087,66
24,0.35,10,0.7,0.30000000000000004,5,150000,200312.54169524735,50312.541695247346,33.54169446349823,4.975892710981578,0.5809715343632433,0.6564179162262014,-10.56730538144414,0.4708762102890573,5.1508807112809505,1226,923,303,75.28548123980424,157.27485112972954,-308.3671400128053,262.9203153932366,-630.668494463647,1.553639529082015,12.54241435562806,44,71,61.97183098591549,3.1392216464454448,-3.78958710400803,0.4220000686096131,,0.49422755095912446,37
33,0.32999999999999996,10,0.8,0.30000000000000004,7,150000,205869.75463102874,55869.75463102874,37.246503087352494,5.459285953695225,0.5724455228690879,0.6654327536683878,-12.785554695082823,0.4269885885979436,6.127227871274211,1328,996,332,75.0,154.641599276818,-292.2217488502075,229.42526640615765,-555.2906641272249,1.5875779255166296,19.170180722891565,45,71,63.38028169014085,3.5478492017107177,-4.247104856733674,0.4654853917050189,,0.4844608449582912,15
24,0.29000000000000004,10,0.9,0.30000000000000004,5,150000,200519.27886501307,50519.27886501307,33.67951924334204,4.994074367179868,0.572328268335008,0.6095436591453328,-11.410848243275385,0.4376602212831079,5.269982634196375,1257,969,288,77.08830548926015,141.45074519169665,-296.49885661161375,208.3979403465292,-639.0570860882567,1.6051421755834219,15.531424025457438,47,71,66.19718309859155,2.967077731841594,-3.556643881708188,0.42093438402782446,,0.46681348661761873,27
24,0.29000000000000004,15,0.9,0.30000000000000004,5,150000,210967.36385775334,60967.36385775334,40.64490923850223,5.893244751538562,0.5687884788158728,0.5918584772464341,-15.589728247745777,0.37802100574721087,6.989291959621038,1257,987,270,78.52028639618138,177.56475374536922,-419.49512591246264,266.3350099891969,-852.9346843066008,1.54733102229223,15.517899761336515,47,71,66.19718309859155,4.3206500361393285,-4.5204649608578285,0.501971597624802,,0.49807769463136226,24
27,0.32999999999999996,10,0.9,0.4,5,150000,207496.1563695047,57496.15636950469,38.33077091300313,5.598703358364587,0.5682835638766606,0.6391792296075857,-15.364692199696917,0.3643876027972124,6.4394385610251765,1280,981,299,76.640625,167.342008127546,-353.2934369324359,239.4735916756243,-733.624156466511,1.5540580081548052,19.11171875,47,71,66.19718309859155,3.83576005782027,-3.9323221565426336,0.48019257667388593,,0.5817272449523595,68
27,0.32999999999999996,10,0.9,0.4,5,150000,207496.1563695047,57496.15636950469,38.33077091300313,5.598703358364587,0.5682835638766606,0.6391792296075857,-15.364692199696917,0.3643876027972124,6.4394385610251765,1280,981,299,76.640625,167.342008127546,-353.2934369324359,239.4735916756243,-733.624156466511,1.5540580081548052,19.11171875,47,71,66.19718309859155,3.83576005782027,-3.9323221565426336,0.48019257667388593,,0.5817272449523595,68
24,0.32999999999999996,10,0.8,0.30000000000000004,7,150000,198124.10512031187,48124.10512031187,32.08273674687458,4.782465283706805,0.5590740617505918,0.6310117608596258,-9.9579939215291,0.4802639287986664,5.009638101612321,1232,890,342,72.24025974025975,154.82429594513658,-258.50201464515624,232.70601092602175,-630.668494463647,1.5586158278348368,13.385551948051948,44,71,61.97183098591549,2.8700124530188553,-3.315451658064994,0.4060043070204793,,0.5488034828104058,109
21,0.32999999999999996,10,0.9,0.4,5,150000,202053.85030857683,52053.85030857683,34.70256687238455,5.128547967893304,0.5507092891566171,0.5982234371059005,-13.891021966164182,0.3691987515666915,5.758479435406196,1214,924,290,76.11202635914333,165.1540014674924,-342.9919525380724,246.08377890080448,-639.0570860882567,1.534189984852276,15.416803953871499,48,71,67.6056338028169,3.550645354579962,-4.106510268628694,0.4371562521699008,,0.5997471675643433,51
21,0.32999999999999996,10,0.9,0.4,5,150000,202053.85030857683,52053.85030857683,34.70256687238455,5.128547967893304,0.5507092891566171,0.5982234371059005,-13.891021966164182,0.3691987515666915,5.758479435406196,1214,924,290,76.11202635914333,165.1540014674924,-342.9919525380724,246.08377890080448,-639.0570860882567,1.534189984852276,15.416803953871499,48,71,67.6056338028169,3.550645354579962,-4.106510268628694,0.4371562521699008,,0.5997471675643433,51
24,0.35,15,0.9,0.30000000000000004,7,150000,210678.55753322956,60678.557533229556,40.4523716888197,5.868893178348733,0.549758306555033,0.5929823530950656,-13.749368061922679,0.4268482123627172,7.21906555803873,1223,872,351,71.30008176614882,222.21607967012093,-377.1298546450126,347.9393021776071,-859.2304897080902,1.4638410988505224,14.78250204415372,44,71,61.97183098591549,4.077851151585232,-5.102497960787911,0.5058033213420767,,0.5822595316340753,77
24,0.32999999999999996,15,0.9,0.30000000000000004,7,150000,209159.65972216334,59159.65972216334,39.43977314810889,5.740363642605506,0.5495724080819633,0.5930039173557702,-13.560707404562624,0.4233085687457653,6.967666208752547,1230,894,336,72.6829268292683,205.18955813592711,-367.71047706142633,325.20227077903274,-859.2304897080902,1.4847300326459332,14.801626016260162,44,71,61.97183098591549,3.930281190044904,-4.702335915601353,0.49374470555862654,,0.5752039561605082,94
24,0.35,10,0.8,0.30000000000000004,7,150000,198377.53435441808,48377.53435441808,32.251689569612054,4.804955666288935,0.5488907443920961,0.6242237132009845,-10.124780584945304,0.47457380690634415,5.155214157408801,1225,863,362,70.44897959183673,167.38406290749964,-261.9361399793853,262.9203153932366,-630.668494463647,1.523424399960888,13.43673469387755,44,71,61.97183098591549,2.8933931565909843,-3.2478279034718227,0.40849366963219724,,0.5571767093316368,88
27,0.35,10,0.7,0.30000000000000004,7,150000,199334.35807960876,49334.35807960876,32.889572053072506,4.889653301746066,0.5452050643744377,0.635313519072965,-10.717122814493088,0.45624682915209674,5.357875943550031,1259,926,333,73.55043685464655,157.44207493648875,-285.6249502812957,229.32161310205157,-555.2906641272249,1.53282090951249,14.428911834789515,46,71,64.7887323943662,3.037677659012905,-3.697767588302503,0.4175979786309644,,0.5091237473404114,35
24,0.35,10,0.8,0.4,5,150000,202092.78583686866,52092.78583686866,34.72852389124577,5.131948795671892,0.5436733872702278,0.6137451603512495,-14.170818288456239,0.362149079270352,5.8484229926776345,1225,934,291,76.24489795918367,168.65410357660343,-357.9935314139587,262.9203153932366,-710.4354315722701,1.5120829639926383,14.682448979591836,47,71,66.19718309859155,3.3610569612323893,-4.1980067265447785,0.43808024578665206,,0.5872464085089008,68
24,0.31,10,0.8,0.30000000000000004,7,150000,196899.35581790973,46899.35581790973,31.266237211939817,4.673437266146996,0.5402816606910341,0.5923365118567099,-10.059681433418168,0.4645710996992291,4.989235741037615,1253,933,320,74.46129289704709,141.4596678268191,-261.3453493465645,209.24932173118276,-630.668494463647,1.5781545186810924,13.308858739026336,46,71,64.7887323943662,2.8751429752996716,-3.7901601399203844,0.3959138695192891,,0.539328073635011,65
21,0.35,10,0.8,0.4,5,150000,200603.46154074243,50603.46154074243,33.73564102716162,5.0014734073269285,0.5372083511643301,0.5988514512314368,-13.914495226257294,0.359443395250797,5.668128409857833,1210,919,291,75.9504132231405,167.36959723232937,-350.4472093588915,262.9203153932366,-710.4354315722701,1.5082609514804446,13.844628099173553,48,71,67.6056338028169,3.368241833463448,-4.103647546081756,0.4263506031334966,,0.5981638710805973,43
24,0.32999999999999996,15,0.9,0.2,5,150000,205321.96292979535,55321.96292979535,36.88130861986357,5.412122143100628,0.534745136386904,0.5581819197569075,-12.97860207368728,0.4170034732841624,6.522766600185818,1230,866,364,70.40650406504065,213.0888004824581,-352.9776190365311,325.20227077903274,-852.9346843066008,1.436249742174649,14.233333333333333,46,71,64.7887323943662,3.848227624108347,-4.050867516834233,0.4652077526116105,,0.5665020479187451,71
24,0.31,10,0.9,0.4,9,150000,194694.2568485128,44694.2568485128,29.796171232341866,4.475707119362737,0.5319748710284826,0.596436408266367,-9.216104432855374,0.485639800630607,4.683593466090096,1251,924,327,73.86091127098321,133.48645232698092,-237.11346035197093,210.54204803915437,-630.668494463647,1.5907619742050532,14.167066346922462,48,71,67.6056338028169,2.318048175296794,-3.826568075135839,0.37768785259013005,,0.45176513259208423,14
21,0.35,10,0.7,0.30000000000000004,5,150000,196498.22397382604,46498.22397382604,30.998815982550692,4.6376055513633,0.5292663470904831,0.588094665272824,-10.390730451933967,0.446321418192513,5.032340336158585,1211,903,308,74.56647398843931,156.26061238640443,-302.6401798940599,262.9203153932366,-630.668494463647,1.5137702622859692,11.846407927332782,47,71,66.19718309859155,2.9624796917194995,-3.624468685515092,0.39424262710338803,,0.4846231110002763,21
21,0.35,10,0.8,0.30000000000000004,9,150000,191914.61475725943,41914.614757259435,27.943076504839624,4.223785419556814,0.5161159185213484,0.5959749142286632,-7.652299168299992,0.5519629233856986,4.3281948798771595,1210,857,353,70.82644628099175,144.43772439727258,-228.4403814698937,247.181426329893,-630.668494463647,1.53501943102294,11.773553719008264,47,71,66.19718309859155,2.287019096967202,-2.5810035628244243,0.356867388335042,,0.5050550578276201,15
27,0.31,10,0.9,0.30000000000000004,7,150000,199372.22172964562,49372.22172964562,32.914814486430416,4.892998011943583,0.5145427546505138,0.5690400874227988,-11.512024767446963,0.4250336592203762,5.722944460122624,1294,947,347,73.1839258114374,151.32116142283118,-267.53609720209016,227.74516265277344,-555.2906641272249,1.5436107088023676,17.69319938176198,45,71,63.38028169014085,3.182449796001441,-3.7113932849435094,0.41723859692417903,,0.5405159091783258,55
21,0.35,10,0.9,0.4,9,150000,193138.99313837523,43138.99313837523,28.75932875891682,4.33512369065836,0.5103165961353473,0.5923418924206667,-8.57825820876206,0.5053617628611774,4.6116332988363515,1209,866,343,71.62944582299421,146.6289285300009,-241.3005194089225,253.80620645762832,-630.668494463647,1.534211296875878,13.00413564929694,47,71,66.19718309859155,2.384314478521432,-2.8565656625144986,0.3664471358142324,,0.5193143621806281,14
21,0.35,15,0.8,0.4,9,150000,201464.88251264472,51464.88251264472,34.309921675096476,5.077037885047075,0.5095261581929339,0.5669886167777229,-11.149137612277576,0.45537494123816136,6.176725054613505,1210,883,327,72.97520661157024,184.9697181052774,-338.6397486760854,311.7334696822947,-1167.1393835116612,1.474944410690058,12.091735537190083,46,71,64.7887323943662,3.2460121822427856,-3.7717604905555646,0.4329628390167397,,0.5578063455558346,14
27,0.35,10,0.9,0.2,5,150000,196150.61573962113,46150.615739621135,30.767077159747423,4.606505655106119,0.5033872296886912,0.5511589866356728,-9.17710560712712,0.501956265113547,5.254886552359562,1256,802,454,63.853503184713375,186.77960795906978,-226.6032028685264,265.3654235485426,-555.2906641272249,1.4560689167777754,16.39012738853503,47,71,66.19718309859155,2.845896850309848,-3.338843302364347,0.39459894119957706,,0.565625046613903,52
27,0.35,10,0.9,0.2,5,150000,196150.61573962113,46150.615739621135,30.767077159747423,4.606505655106119,0.5033872296886912,0.5511589866356728,-9.17710560712712,0.501956265113547,5.254886552359562,1256,802,454,63.853503184713375,186.77960795906978,-226.6032028685264,265.3654235485426,-555.2906641272249,1.4560689167777754,16.39012738853503,47,71,66.19718309859155,2.845896850309848,-3.338843302364347,0.39459894119957706,,0.565625046613903,52
30,0.32999999999999996,10,0.9,0.4,5,150000,203703.53704317674,53703.53704317674,35.80235802878449,5.272164497092846,0.49923133082002474,0.5590777707413495,-16.227087416387455,0.3248990013924852,6.750453564998354,1289,979,310,75.95034910783554,168.34111029163734,-355.000676457236,239.4735916756243,-758.3045482269254,1.4975523210920558,20.027152831652444,47,71,66.19718309859155,3.7861747335661944,-4.456438723130107,0.45673680203181977,,0.5594802359877447,34
24,0.35,15,0.9,0.30000000000000004,13,150000,197617.4462748271,47617.44627482709,31.74496418321806,4.737430370979778,0.49758403598363254,0.5512236174668491,-12.309625220770275,0.38485577635509305,5.606185802712172,1223,862,361,70.48242027800491,179.16700431230578,-293.91475480239336,331.2417209618668,-859.2304897080902,1.4555821046684754,12.512673753066231,45,71,63.38028169014085,3.1372028501167826,-4.3584486492338925,0.40440918059553277,,0.428040523560036,2
21,0.31,10,0.9,0.4,7,150000,194966.759288057,44966.75928805699,29.977839525371326,4.500242887642214,0.4906670978328061,0.5366519217714198,-11.997277820299228,0.3751053326470331,5.175272438931003,1234,915,319,74.14910858995137,146.04441559262833,-273.9630939073904,229.1946363412915,-632.7619171195722,1.5290556930474801,14.150729335494328,45,71,63.38028169014085,2.841210554934359,-3.7225479272219864,0.38380890417219715,,0.5844341754308183,37
36,0.32999999999999996,15,0.9,0.30000000000000004,5,150000,217353.1636889142,67353.16368891421,44.90210912594281,6.424721513211651,0.4895837463797764,0.5312112423154023,-19.94687863649693,0.32209157283667916,9.585013313341715,1334,995,339,74.58770614692654,218.0017922707629,-441.0737121682564,321.71408175480434,-1028.6273008346855,1.450682165411564,23.907046476761618,46,71,64.7887323943662,6.296888688592417,-8.827160191563744,0.5719873667973309,,0.5169766412829202,3
33,0.35,10,0.8,0.2,5,150000,196128.85962750687,46128.85962750687,30.75257308500458,4.604557649519281,0.48890065459989623,0.5616569438310788,-9.457877130081247,0.48684896052141097,5.425307748109854,1308,849,459,64.90825688073394,174.54060464971596,-219.92691958537742,250.79785462493612,-555.2906641272249,1.4679561728838746,17.370030581039757,47,71,66.19718309859155,2.9046881140847525,-3.8074024140219764,0.39511639250450736,,0.43786359871031877,9
21,0.32999999999999996,15,0.9,0.2,5,150000,201223.64351551546,51223.64351551546,34.14909567701031,5.055903369482984,0.48818658101820755,0.49905842366467407,-12.992824200522742,0.3891304378057827,6.439969879089748,1214,852,362,70.18121911037892,211.81798825076203,-354.4339433558789,325.20227077903274,-852.9346843066008,1.4065609518166906,13.490939044481054,46,71,64.7887323943662,3.8253723376437954,-4.364170393663757,0.4360454998375162,,0.5579802073654785,49
30,0.35,10,0.8,0.30000000000000004,13,150000,193835.8286000996,43835.8286000996,29.223885733399733,4.3982280971525345,0.47762792179508057,0.5631122951897295,-12.258977708500476,0.3587760906117618,5.104076675653555,1271,904,367,71.12509834775767,147.49624762513324,-240.56098009897795,232.94021957791028,-555.2906641272249,1.5102823725804806,15.742722265932336,47,71,66.19718309859155,2.7924460541612905,-3.4036656079431404,0.3773419425340945,,0.41806246646576006,2
24,0.35,10,0.9,0.2,5,150000,192218.08885685308,42218.08885685308,28.145392571235384,4.251436667095776,0.47599037080061846,0.5112384176734632,-8.789083440455018,0.4837178638590414,4.793657035083043,1223,781,442,63.85936222403925,182.8358787054256,-225.48321732343152,263.7311118030832,-554.94384551065,1.4327683023406845,13.822567457072772,46,71,64.7887323943662,2.9181871491435807,-2.8900536436400226,0.362389211016906,,0.5788766671283149,58
30,0.29000000000000004,10,0.9,0.30000000000000004,5,150000,198518.85093019964,48518.85093019964,32.345900620133094,4.817486316423025,0.4756254117936807,0.5148703017108738,-13.052071994307898,0.3690974366770246,6.084717889883773,1320,1010,310,76.51515151515152,140.02005807805898,-295.7742250577087,208.3979403465292,-715.9285587875196,1.5423736895310665,19.099242424242423,47,71,66.19718309859155,3.2512372530826728,-3.9013154533531935,0.41180684770123144,,0.4299856076178452,11
30,0.29000000000000004,10,0.9,0.30000000000000004,5,150000,198518.85093019964,48518.85093019964,32.345900620133094,4.817486316423025,0.4756254117936807,0.5148703017108738,-13.052071994307898,0.3690974366770246,6.084717889883773,1320,1010,310,76.51515151515152,140.02005807805898,-295.7742250577087,208.3979403465292,-715.9285587875196,1.5423736895310665,19.099242424242423,47,71,66.19718309859155,3.2512372530826728,-3.9013154533531935,0.41180684770123144,,0.4299856076178452,11
21,0.35,20,0.9,0.6,9,150000,206987.57489118812,56987.574891188124,37.991716594125414,5.555205063206237,0.47530210117797395,0.520734790725618,-15.379216006366958,0.3612151010107664,7.820388297322911,1209,894,315,73.94540942928039,217.55219083664173,-433.8282146139343,395.84999494747257,-1713.5057210294044,1.423221948346805,13.183622828784118,46,71,64.7887323943662,4.172585633277426,-5.5455701446718635,0.48115412213057873,,0.45358545482380724,2
24,0.31,10,0.7,0.4,5,150000,194888.2908395478,44888.290839547786,29.92552722636519,4.493180616689596,0.47490202464190234,0.5224732755968285,-13.145396814577461,0.34180638896400045,5.352401889821418,1253,1001,252,79.88826815642457,133.7915942656448,-347.55989105853274,210.88790061457902,-632.7619171195722,1.5290888205481445,12.906624102154828,47,71,66.19718309859155,3.125089121274738,-3.9477309297956453,0.38289394295485496,,0.5173674409723743,21
24,0.29000000000000004,15,0.9,0.4,5,150000,205801.1295238719,55801.1295238719,37.2007530159146,5.4533831899157725,0.4698629826737977,0.4905833431894806,-17.53437883245557,0.3110109141603429,7.682790088150342,1257,1002,255,79.71360381861575,176.87043214025744,-472.14776230629514,266.3350099891969,-1228.8589275284512,1.471989941211831,16.031821797931585,46,71,64.7887323943662,4.423721409058068,-6.7394435404308,0.47181111573940876,,0.5550254263570054,18
30,0.35,15,0.6000000000000001,0.30000000000000004,5,150000,203145.9135334025,53145.91353340249,35.43060902226833,5.223728183685772,0.46609689677604643,0.5263051015288651,-14.723481369960723,0.3547889288156655,7.19852142223855,1273,995,278,78.1618224666143,180.76918979958324,-450.5854638313843,287.34459205927396,-1078.8867101960434,1.4359043770493738,13.3770620581304,45,71,63.38028169014085,4.193137255944457,-4.983271700856539,0.45574277354586284,,0.4468173680706156,9
24,0.32999999999999996,10,0.9,0.2,5,150000,190724.35735725742,40724.357357257424,27.14957157150495,4.114981888730318,0.4607820859746805,0.49042820997030084,-8.787236554000863,0.4682907832789309,4.652936202685859,1230,809,421,65.77235772357723,168.50554027788428,-224.8828369891295,245.0101725348332,-554.94384551065,1.4398733675618267,13.807317073170731,46,71,64.7887323943662,2.7795291767506836,-2.9252755688340515,0.350433326963145,,0.5572608215088336,73
21,0.31,15,0.9,0.2,7,150000,196186.84987601405,46186.84987601405,30.79123325067603,4.609749599540769,0.4605207087204692,0.4696599678962447,-11.529132764503444,0.3998348959718402,5.819120791461549,1234,858,376,69.52998379254457,187.33310769633852,-301.5249044727472,285.6350601577072,-845.8993445607588,1.4177210644252873,12.70421393841167,43,71,60.56338028169014,3.3335389059802267,-4.671257902690229,0.3960269856379321,,0.5513827818465812,36
27,0.35,10,0.8,0.4,5,150000,198653.66194237483,48653.661942374834,32.43577462824989,4.829433197344235,0.4585225184359465,0.5238847995927307,-15.750733383559714,0.30661640189942496,6.375980443754507,1259,949,310,75.37728355837967,171.09916582697414,-362.50177922424103,250.79785462493612,-733.624156466511,1.444914895779664,17.169976171564734,47,71,66.19718309859155,3.777078121117894,-4.075677812242439,0.4199216422648104,,0.5810134542006817,61
27,0.35,10,0.8,0.4,5,150000,198653.66194237483,48653.661942374834,32.43577462824989,4.829433197344235,0.4585225184359465,0.5238847995927307,-15.750733383559714,0.30661640189942496,6.375980443754507,1259,949,310,75.37728355837967,171.09916582697414,-362.50177922424103,250.79785462493612,-733.624156466511,1.444914895779664,17.169976171564734,47,71,66.19718309859155,3.777078121117894,-4.075677812242439,0.4199216422648104,,0.5810134542006817,61
27,0.32999999999999996,20,0.9,0.7000000000000001,9,150000,214316.9086306942,64316.908630694204,42.87793908712947,6.173664081116681,0.45450527037968963,0.5057382107027917,-21.53557042501997,0.286672883943865,9.863068527507245,1280,964,316,75.3125,224.6876278507614,-479.6111911332459,355.66137473450175,-1713.8356402178003,1.429156543834258,17.79296875,46,71,64.7887323943662,5.019828236844792,-7.1265523158096205,0.5472555176114474,,0.3822655723572458,2
21,0.31,10,0.7,0.4,5,150000,192371.55591510533,42371.55591510533,28.24770394340355,4.265406094120294,0.4450407005113548,0.482699242898471,-13.47501714986404,0.31654179335596105,5.203082240500122,1235,977,258,79.10931174089069,133.99364683547688,-337.6631916256944,229.1946363412915,-632.7619171195722,1.502710579091755,12.185425101214575,48,71,67.6056338028169,3.183795735243855,-3.983752366184512,0.36446734555896015,,0.5134833170138783,14
27,0.32999999999999996,15,0.9,0.5,5,150000,210586.57409713246,60586.574097132456,40.3910493980883,5.861131486109472,0.4429982955809771,0.4888266683889746,-23.703433046151055,0.2472693079815794,9.339420260477151,1280,1009,271,78.828125,212.66282859127804,-565.1090701507558,310.60199158774026,-1270.3096791104886,1.4011388771215132,19.384375,45,71,63.38028169014085,5.0592118934471575,-6.922572581888719,0.5218987583213519,,0.49964063044771606,14
30,0.32999999999999996,10,0.9,0.4,9,150000,195307.15275673394,45307.152756733936,30.204768504489294,4.53085142283538,0.4417059829327716,0.5081227103609851,-12.9704197596626,0.3493218806168569,5.907198794772693,1289,943,346,73.15748642358417,153.10534665088335,-283.2918754464058,234.84170754221114,-758.3045482269254,1.4729629789643632,18.48952676493406,45,71,63.38028169014085,2.9929801116531207,-4.393381911762029,0.39119312016328783,,0.4611364187537815,11
21,0.35,15,0.8,0.2,5,150000,197142.70183219973,47142.70183219973,31.428467888133156,4.695144929281869,0.44034888623351026,0.4591876010111429,-12.123520590278504,0.38727570051283355,6.34359861099205,1210,839,371,69.33884297520662,214.55192419134676,-355.08943883316704,317.41863000983784,-845.8993445607588,1.3664152786024835,11.868595041322314,44,71,61.97183098591549,3.749665467828245,-4.282473188770375,0.40634702050645083,,0.5644924061340733,40
30,0.35,10,0.8,0.4,5,150000,198043.71335373737,48043.713353737374,32.029142235824914,4.775325976916434,0.43887239927504446,0.505654364041313,-16.238415342122995,0.29407586124054097,6.572766236572364,1271,955,316,75.13768686073958,171.92013878299295,-363.6870874282414,256.1731524292101,-758.3045482269254,1.4286148500011864,17.9771833202203,46,71,64.7887323943662,4.028984187610818,-4.273485044899572,0.41746180429510343,,0.564271625026204,33
27,0.32999999999999996,15,0.8,0.2,5,150000,199144.78706962976,49144.78706962976,32.763191379753174,4.872899469334557,0.4344248692837083,0.4618070192207048,-13.967599002679098,0.34887166136426856,6.907060372758865,1282,902,380,70.3588143525741,202.56219397397808,-348.13045560528815,301.02004361576064,-746.4162765638556,1.381145124604539,14.612324492979718,46,71,64.7887323943662,3.3192279110424217,-4.487289456232668,0.42362954548916953,,0.5667944519494742,68
21,0.32999999999999996,20,0.9,0.5,5,150000,211881.98639350527,61881.98639350527,41.25465759567018,5.970181305148303,0.4338717423267324,0.4513769919484993,-23.4066938225403,0.2550629896905434,9.899083794215024,1214,953,261,78.50082372322899,238.69970638582433,-631.2085734820117,365.9144767692067,-1630.2831404949047,1.3808019414121633,15.484349258649093,47,71,66.19718309859155,5.90412282727073,-8.295573982859839,0.5350441695649697,,0.5563563897107422,4
21,0.35,20,0.8,0.5,9,150000,202282.5044130855,52282.504413085495,34.855002942057,5.148511988064586,0.43186880846964054,0.4696133132448509,-14.784254326075008,0.34824292619101854,7.688537845951298,1210,897,313,74.13223140495869,211.9995912868436,-437.1102965703954,368.63792114559067,-1630.2831404949047,1.3899273229793097,12.140495867768594,46,71,64.7887323943662,4.109111659590425,-4.767363119843548,0.44727395891804195,,0.4722323559468495,3
27,0.35,10,0.7,0.4,5,150000,194443.57802466743,44443.578024667426,29.629052016444952,4.453111073643634,0.42317827221983567,0.48672640348426693,-14.61535188110087,0.3046872295563378,6.003269446044299,1259,970,289,77.04527402700556,157.64615831721676,-370.6896217132329,229.32161310205157,-733.624156466511,1.4274038251349093,15.356632247815726,46,71,64.7887323943662,3.5248572685399937,-4.137280668179121,0.3872870733799011,,0.5266084252216807,30
27,0.35,10,0.8,0.2,5,150000,189994.89847261002,39994.89847261002,26.663265648406675,4.048021204154373,0.41820826767972913,0.46394008505078627,-9.40353962976982,0.43047845423430836,5.014429165379333,1259,813,446,64.57505957108816,174.74306897424833,-225.84601285996706,250.79785462493612,-555.2906641272249,1.4104029833042875,14.438443208895949,45,71,63.38028169014085,2.686263284078505,-3.2988261009256448,0.3478997721262161,,0.5507256952760725,58
27,0.35,5,0.9,0.30000000000000004,5,150000,183544.97752391262,33544.97752391262,22.363318349275076,3.446451781203086,0.4149753960392935,0.48659969263840325,-8.001901138217502,0.43070411914271856,3.499291514754873,1256,869,387,69.18789808917197,107.89658297904735,-152.648280501022,151.7233199483431,-316.1767110842145,1.5871741657531397,18.566082802547772,48,71,67.6056338028169,2.0888712715501745,-2.5773757165469924,0.2926693501835553,,0.5641029841078888,52
21,0.35,10,0.9,0.2,5,150000,188275.89549646614,38275.89549646614,25.517263664310757,3.889375187081767,0.41316625762155385,0.43531900290113706,-8.816278714530771,0.4411583745272703,4.665134138679364,1209,769,440,63.60628618693135,181.148373559673,-227.16277945358533,263.7311118030832,-554.94384551065,1.393705226014444,13.009098428453267,46,71,64.7887323943662,2.6633511693512135,-3.046296128945214,0.33265392683501716,,0.5728672873660685,39
21,0.35,10,0.8,0.5,5,150000,193682.39663407922,43682.396634079225,29.121597756052815,4.384349746903693,0.4112373318805176,0.45766188858474427,-15.679681877251852,0.2796198150719197,6.019900856321971,1210,922,288,76.19834710743801,167.1389259161784,-379.13414120939734,262.9203153932366,-808.6924226651863,1.4113123619572727,14.158677685950414,47,71,66.19718309859155,3.4752241446853294,-4.40359433638865,0.3792498993522757,,0.5581394751987693,11
27,0.35,10,0.9,0.2,7,150000,189955.5499702369,39955.5499702369,26.637033313491266,4.044403130813978,0.40712570088312733,0.44505215423501204,-8.925564553694436,0.4531257498036843,5.160827974720355,1256,780,476,62.101910828025474,182.3050316391983,-213.1798297628068,256.8054921549445,-555.2906641272249,1.4013292730918507,15.939490445859873,44,71,61.97183098591549,2.923111517026622,-3.41391858862109,0.3490332177459576,,0.5676022488731151,55
24,0.32999999999999996,10,0.8,0.2,5,150000,186930.1723728932,36930.1723728932,24.620114915262132,3.7643356904702774,0.403059871696022,0.43367982177749853,-8.112309621590901,0.464027615569739,4.459668163011403,1232,821,411,66.6396103896104,158.89642971381187,-224.4816719219713,232.70601092602175,-554.94384551065,1.4139517377610857,12.123376623376624,45,71,63.38028169014085,2.657399813874206,-2.7939547673424547,0.32105436798604176,,0.5377605611195841,81
24,0.27,10,0.9,0.4,5,150000,191560.74598617217,41560.74598617217,27.707163990781446,4.191496441373133,0.40297228016716624,0.426892227159308,-12.942359669776343,0.32385875128793773,5.627426450963733,1287,1017,270,79.02097902097903,127.09610872185708,-320.55511197818197,188.05960667671252,-868.885466144035,1.4934364117027261,15.874125874125873,46,71,64.7887323943662,3.1588275251899,-3.723512763511083,0.3565858277877379,,0.38982348709031744,8
27,0.29000000000000004,10,0.7,0.30000000000000004,5,150000,190015.437201692,40015.437201691995,26.67695813446133,4.049909481435909,0.39972621343576337,0.440620387193151,-11.76311319079046,0.3442889153363458,5.2857592940471685,1307,1039,268,79.49502677888293,119.39427493956467,-308.10226197314194,193.38639541948424,-654.6852218155752,1.5023439391175586,14.185921958684009,45,71,63.38028169014085,2.9828008972835107,-3.320739990718602,0.34462916240611774,,0.3473240410781968,12
24,0.31,10,0.9,0.2,5,150000,187236.29160079383,37236.29160079383,24.824194400529223,3.7928447870184456,0.39616850002433995,0.40794376706074775,-9.213767427810778,0.41164972056600285,4.625937870098666,1251,840,411,67.14628297362111,155.7695618936531,-225.05843509331427,228.133417416791,-554.94384551065,1.4145710569070105,13.785771382893685,44,71,61.97183098591549,2.6300379833258614,-4.032344216368555,0.32306699488109636,,0.5275627433653346,46
21,0.27,15,0.9,0.4,5,150000,197415.89787088166,47415.89787088166,31.610598580587773,4.719488810864658,0.39371918178277426,0.4004355659439832,-16.63100860193622,0.28377646382283783,7.325066295433001,1270,1017,253,80.07874015748031,158.30075599087453,-444.50323481612594,239.69089497346226,-1228.8589275284512,1.4315565052418104,14.868503937007874,46,71,64.7887323943662,4.187196977363272,-5.338477004698506,0.40887951534528905,,0.4815342383549238,5
30,0.32999999999999996,20,0.30000000000000004,0.30000000000000004,9,150000,190494.55531946223,40494.55531946223,26.996370212974824,4.09391023552248,0.384201492760097,0.42506046238592554,-11.729005149214855,0.34904155837944434,5.663219469556074,1293,1128,165,87.23897911832947,115.0551573579081,-531.7616976557119,265.42379930711553,-1351.3287514062256,1.4791567301768225,7.511214230471771,47,71,66.19718309859155,3.7404511689683284,-3.632189889823245,0.34766562646643906,,0.384201492760097,1
27,0.31,15,0.9,0.4,7,150000,199650.15620735168,49650.15620735168,33.10010413823446,4.917533368421889,0.373598592183272,0.4024811983056326,-19.916145075364543,0.24691190739038535,8.467900888770975,1294,971,323,75.03863987635239,192.57218574467328,-422.3356505841218,288.3766745404866,-1167.1393835116612,1.3707319139842846,18.164605873261205,45,71,63.38028169014085,4.533649377545634,-6.905594249909575,0.4371917857657307,,0.5950177920990533,45
27,0.32999999999999996,10,0.6000000000000001,0.4,5,150000,189266.55658384698,39266.55658384698,26.17770438923132,3.9809492795707335,0.3677476994195355,0.42025522717645475,-13.76860494769442,0.2891323626971628,5.613410932944056,1282,1030,252,80.34321372854915,129.25403775583948,-367.03415649507843,210.93759169815837,-578.6741928978598,1.439376211547946,13.570202808112324,47,71,66.19718309859155,3.1201610717912276,-4.078996661959855,0.3447815738834512,,0.44085687407901075,10
24,0.35,5,0.9,0.30000000000000004,5,150000,180522.46002270872,30522.46002270872,20.348306681805813,3.1584751767383734,0.36026897430963667,0.4141004973504709,-7.684219122118567,0.4110339810127083,3.231213836051832,1223,847,376,69.25592804578903,106.57620268442192,-155.7019356917606,152.46481040296234,-351.90472906962196,1.5419198375464946,15.747342600163533,46,71,64.7887323943662,1.8994364466769387,-2.309650261111984,0.26724778819111117,,0.5672031100030515,57
27,0.35,10,0.9,0.2,11,150000,184733.26362380662,34733.26362380662,23.155509082537744,3.5585883309590116,0.3584970111364395,0.40469352495451233,-8.796979128883377,0.40452390290150797,4.459949591528834,1256,815,441,64.88853503184714,152.09791178186234,-200.58448693235806,250.2208860879173,-555.2906641272249,1.4013445498945245,14.511146496815286,45,71,63.38028169014085,2.5124923086952355,-2.7348500559144617,0.3065144671421631,,0.5232217055022542,6
33,0.31,10,0.9,0.30000000000000004,11,150000,188677.55569638684,38677.555696386844,25.785037130924565,3.926551808021439,0.35118831022727653,0.40045236961986735,-14.068135195417053,0.27910961570091986,5.751624419613126,1332,955,377,71.69669669669669,134.58041382482327,-235.86256769463574,214.76648214532642,-555.2906641272249,1.4453893774103341,20.206456456456458,44,71,61.97183098591549,2.8965368968621563,-3.5047768256567413,0.33949101124180336,,0.39644714658002406,2
21,0.31,10,0.9,0.2,5,150000,184273.0609993243,34273.06099932431,22.848707332882874,3.5152311993416285,0.35109815310508147,0.356709999483687,-9.351020816894403,0.3759195138343284,4.431155438488899,1234,824,410,66.77471636952998,155.43414669345316,-225.69517525205077,225.88388333159563,-554.94384551065,1.3841001418727321,12.959481361426256,40,71,56.33802816901409,2.374136732697729,-3.667601424465028,0.3006312870770238,,0.5275071243709202,36
27,0.35,10,0.7,0.2,5,150000,185036.85813711467,35036.85813711467,23.357905424743112,3.5871417442289166,0.3499981148949575,0.38957416672352935,-8.375916012508977,0.4282685904290008,4.675203069813663,1259,834,425,66.24305003971406,159.64479937534827,-227.6776698212174,229.32161310205157,-555.2906641272249,1.3759778982442292,12.760127084988087,45,71,63.38028169014085,2.486297107545421,-3.227160962530473,0.3093299484132423,,0.5128537129394521,28
27,0.29000000000000004,10,0.8,0.4,5,150000,189358.53018884044,39358.530188840436,26.239020125893624,3.9894308283851654,0.34975037563429695,0.38820017511042637,-15.387967657658361,0.2592565124348754,5.988039074790015,1307,1038,269,79.41851568477429,130.62041704202045,-352.2738083608285,199.57009617424933,-868.885466144035,1.4307896340338542,16.556235654169853,46,71,64.7887323943662,3.2609767267774536,-4.434984901539563,0.3434476606104277,,0.5061190052633233,23
21,0.35,10,0.8,0.2,5,150000,184309.67501385487,34309.67501385487,22.873116675903244,3.5186840174852962,0.3488458728341712,0.3732343511310998,-8.208670708127382,0.4286545462228686,4.474715787303472,1210,779,431,64.3801652892562,170.90834458659845,-226.44748266073043,248.67148559273244,-554.94384551065,1.3641306217693807,11.50413223140496,45,71,63.38028169014085,2.5639234298887814,-2.976926944167957,0.3016218565120313,,0.536533291026821,43
27,0.31,15,0.7,0.4,9,150000,192629.82073215122,42629.820732151216,28.419880488100812,4.288893877074451,0.3439653985235618,0.37494335826061803,-16.44496388455316,0.26080287601622715,7.147938242473371,1296,993,303,76.62037037037037,162.5463131036946,-387.5398361171162,258.64963304615145,-1167.1393835116612,1.3745716798436842,14.030864197530864,46,71,64.7887323943662,3.72646048354639,-5.946331055087695,0.37516515884468027,,0.3965742592546421,4
30,0.35,10,0.7,0.4,7,150000,188607.82924458568,38607.82924458568,25.738552829723787,3.9201028362535695,0.3314822348681985,0.3817371484873199,-14.530465638601491,0.2697850801036591,6.145439859260331,1272,952,320,74.84276729559748,156.78277549339617,-341.5268067413107,229.32161310205157,-758.3045482269254,1.3657163885415,15.775943396226415,46,71,64.7887323943662,3.5159190607988444,-4.305430064538274,0.345551889293418,,0.5190993207419273,18
21,0.29000000000000004,10,0.9,0.30000000000000004,11,150000,179877.0240462405,29877.02404624049,19.918016030826994,3.096460617885999,0.31801813954319746,0.35928501368742966,-8.966267998600099,0.3453455348835712,3.4997457148207114,1244,885,359,71.14147909967846,108.40731061491375,-180.51887804037975,195.6211010398812,-540.5477824078449,1.48041939785699,11.336816720257234,45,71,63.38028169014085,1.9509212944610166,-2.2247844486511736,0.2617003864196615,,0.42499650528584004,2
24,0.35,5,0.8,0.30000000000000004,5,150000,178489.69879147896,28489.698791478964,18.99313252765264,2.962534847814635,0.31125506311900714,0.3640257455001242,-7.225307300261958,0.4100219858755664,3.1170610024866687,1224,862,362,70.42483660130719,100.73765793009832,-157.54870289164523,148.30666904733593,-351.90472906962196,1.5225645469181432,14.205065359477125,46,71,64.7887323943662,1.8245523894471205,-2.31038805082755,0.25069500741632716,,0.5512794281365238,65
27,0.31,20,0.9,0.8,7,150000,201303.84778975326,51303.84778975326,34.20256519316884,5.062932260446074,0.310025874334802,0.33297858254189877,-26.580377476360006,0.19047631151773267,11.71051667921785,1294,991,303,76.58423493044822,219.43507406463706,-545.6887347620086,333.36887472662943,-1824.5857510625428,1.3152008572355143,18.666151468315302,45,71,63.38028169014085,5.670694277820854,-8.988021833607263,0.47138149141773605,,0.3822655723572458,2
21,0.35,15,0.6000000000000001,0.2,7,150000,184731.9513733186,34731.95137331859,23.15463424887906,3.5584648275646558,0.3062693143819242,0.32627026978121754,-10.494823309003836,0.3390685791262191,5.365710464661267,1211,861,350,71.09826589595376,176.4089699861617,-330.9216958889855,317.41863000983784,-845.8993445607588,1.3113859609602045,8.947976878612717,44,71,61.97183098591549,3.0395110477732246,-4.2535450379981405,0.3086055123625927,,0.26247793013015375,5
21,0.35,10,0.9,0.2,7,150000,182239.6076684111,32239.607668411103,21.493071778940738,3.322567761525086,0.3054247968855076,0.3247388366299759,-8.134248437646727,0.4084664719788567,4.492124039867068,1209,745,464,61.62117452440034,175.65754512419045,-210.2363849951846,253.80620645762832,-554.94384551065,1.3415202138941507,12.284532671629446,45,71,63.38028169014085,2.706258331478706,-2.6869870298332987,0.28598784882770034,,0.5733007172437011,42
30,0.35,10,0.4,0.30000000000000004,15,150000,179391.45050415525,29391.450504155247,19.594300336103498,3.0496837405034505,0.2985319194884821,0.3548458158849455,-6.784268702010634,0.44952284092161987,3.5862068276720995,1273,973,300,76.43362136684996,99.35190244551659,-219.23057233119005,189.31200775906265,-555.2906641272249,1.4698284710256235,9.076197957580519,48,71,67.6056338028169,1.829869661130501,-2.503087814666294,0.2572916256616065,,0.2985319194884821,1
27,0.35,10,0.9,0.5,7,150000,187628.876007775,37628.87600777499,25.085917338516662,3.829349735353982,0.28938498325583284,0.3248445607425928,-17.505441781005203,0.2187519620047025,6.9106140544742525,1256,899,357,71.57643312101911,178.0625675618222,-340.84200697216136,256.8054921549445,-808.6924226651863,1.3155610085496932,18.75796178343949,45,71,63.38028169014085,3.695696836420237,-5.5376677974242945,0.34496462909395,,0.48664417171758056,15
24,0.31,5,0.8,0.4,5,150000,178113.94177576737,28113.941775767365,18.742627850511575,2.926112014233029,0.28893313820938843,0.32851158885218656,-8.576730523784331,0.34116870130390126,3.249998909528342,1252,966,286,77.15654952076677,85.06834496522075,-183.97850129443478,125.17996785786733,-354.0724665514992,1.5617517457759669,14.708466453674122,46,71,64.7887323943662,1.8853969304996943,-2.3227044561896837,0.24739303248808922,,0.5706420822426949,39
21,0.35,20,0.8,0.8,7,150000,194186.0674368353,44186.06743683529,29.45737829122353,4.429873962283359,0.2858153912134394,0.30799578632284436,-24.1711465384939,0.18327115576534767,9.89749752446817,1210,914,296,75.53719008264463,233.73922920495664,-568.8715605128901,409.4242402430149,-1792.9727474645974,1.2687377718010602,13.258677685950413,45,71,63.38028169014085,5.079916132445872,-7.105975827122157,0.4096917423892291,,0.2858153912134394,1
33,0.32999999999999996,20,0.8,0.8,11,150000,196997.7255429184,46997.7255429184,31.331817028612267,4.682215016853619,0.28493475602366175,0.3221993418724273,-25.630974486410008,0.1826779945232364,11.297747999839073,1328,998,330,75.15060240963855,210.12678327097098,-490.5677279398879,354.49274161837224,-1822.4421518106647,1.2953855222117916,19.240963855421686,44,71,61.97183098591549,5.343362524320061,-8.364895836319452,0.4382476149141472,,0.28493475602366175,1
30,0.35,15,0.6000000000000001,0.2,7,150000,185402.16755217806,35402.167552178056,23.60144503478537,3.6214478855360666,0.28339303568709445,0.3099548094092181,-12.265837171688117,0.2952466949337185,6.179745396689694,1273,901,372,70.77769049489395,180.11633076648866,-337.1665997214257,286.82999378309916,-746.4162765638556,1.2938692634911997,11.713275726630007,45,71,63.38028169014085,3.165359828701142,-4.3787096426973875,0.3205576103243098,,0.4831580176879951,6
21,0.29000000000000004,10,0.9,0.2,5,150000,180759.8281808302,30759.828180830198,20.506552120553465,3.181235504691271,0.2822641138785626,0.2857458419382726,-9.501566720335026,0.3348116787816547,4.353800044523498,1244,851,393,68.40836012861736,141.28583269416433,-224.47136592987837,206.7665314829648,-564.1383025064662,1.3629335302323424,12.960610932475884,43,71,60.56338028169014,2.4407240364908267,-3.499326188760299,0.27185794967332183,,0.4385457165531462,17
21,0.32999999999999996,20,0.9,0.6,13,150000,185404.67344587436,35404.67344587436,23.60311563058291,3.6216830192475458,0.2678021621183996,0.2860730785374092,-17.31263651553781,0.20919303746700532,6.654974389449228,1214,870,344,71.66392092257001,185.1775961951788,-362.9256951469484,349.38221917694216,-1713.5057210294044,1.2904213352960812,11.66309719934102,47,71,66.19718309859155,3.765777656454583,-5.961869245409668,0.32196317026815535,,0.2678021621183996,1
33,0.29000000000000004,20,0.9,0.30000000000000004,7,150000,193927.64110906076,43927.64110906076,29.285094072707174,4.406528424238876,0.26448579932206556,0.27967108293945003,-24.71785401450837,0.17827309853243828,11.087962385523253,1351,1051,300,77.79422649888971,196.76453379476467,-541.0094794011887,310.57649202769807,-1477.5685393282008,1.2741583582305667,21.34715025906736,44,71,61.97183098591549,6.3381912429660625,-8.805743383151633,0.4204435731235974,,0.26448579932206556,1
27,0.31,10,0.8,0.2,5,150000,180922.12830508995,30922.12830508995,20.614752203393298,3.196783533095493,0.26238960336842565,0.27809419032582516,-9.640775649501329,0.3315898688360046,4.823249542117582,1296,872,424,67.28395061728395,146.30453098463917,-224.57700801362444,215.6763831537999,-555.2906641272249,1.3398096856706032,14.005401234567902,44,71,61.97183098591549,2.48308941896187,-3.9556388192546033,0.2741620320563525,,0.5100859315141728,49
27,0.27,20,0.7,0.2,5,150000,186299.0656794643,36299.065679464285,24.199377119642858,3.705437464901795,0.2549173834070212,0.2593005181221404,-16.230740065510293,0.22829750522440498,7.56325997701034,1336,1055,281,78.96706586826348,153.4171179938269,-441.78629647160227,263.5563372162773,-793.3547293041911,1.3037902206710297,12.850299401197605,45,71,63.38028169014085,4.0626028996151975,-4.798276292340498,0.3282252274593961,,0.23294165051837,2
21,0.29000000000000004,15,0.6000000000000001,0.2,5,150000,180236.6240916902,30236.624091690202,20.157749394460133,3.13103438577782,0.2435202128607876,0.24261900541086495,-11.949173496372948,0.2620293685356744,4.963695212093548,1246,961,285,77.12680577849117,137.24623886492915,-351.4760717866773,234.26430878655327,-704.9680998313424,1.3166890246184744,8.804975922953451,45,71,63.38028169014085,2.63600380742286,-4.212290849421718,0.27078362806701906,,0.2435202128607876,1
21,0.31,15,0.7,0.7000000000000001,5,150000,186097.9558098463,36097.95580984629,24.06530387323086,3.686633941948392,0.2404310709147762,0.25472894799155466,-22.772618716159243,0.1618888889283686,8.126656704130756,1235,1003,232,81.21457489878543,168.1634808218871,-565.5398156503697,297.42013941271597,-1357.076763811982,1.2855277336798887,12.500404858299595,48,71,67.6056338028169,4.570765913962549,-6.539301124697861,0.3375206076921445,,0.2404310709147762,1
21,0.29000000000000004,15,0.6000000000000001,0.5,7,150000,182879.8660306942,32879.86603069419,21.91991068712946,3.383422388702706,0.23977059658474312,0.2511564273943387,-16.3825745271308,0.20652568270631086,6.403208555227239,1246,1022,224,82.02247191011236,135.41143979018295,-464.3941715918275,234.26430878655327,-1310.9213415855047,1.3303670283479117,10.032102728731942,47,71,66.19718309859155,3.1017010362387243,-5.2383106862507915,0.2993830647227266,,0.3375600480763959,4
27,0.35,5,0.8,0.4,5,150000,177101.63778599305,27101.63778599305,18.067758523995366,2.827668352927648,0.236586358746184,0.27961674650910534,-9.687230168305385,0.29189647647468875,3.6176930468891526,1258,913,345,72.57551669316375,100.67465468834072,-183.8480125428501,147.19059652552482,-318.11972110651897,1.4491485004244054,17.36168521462639,46,71,64.7887323943662,2.0396991264224784,-2.362891630589503,0.2425520851785365,,0.5795732588834974,51
42,0.32999999999999996,10,0.8,0.5,5,150000,186346.1781359238,36346.17813592381,24.230785423949204,3.7098399790373326,0.22401385280866948,0.2559613485638259,-23.132075268530837,0.1603764442217705,9.26522541491061,1369,1062,307,77.57487216946677,152.24296525935523,-405.7579703890881,225.76406019588205,-853.6442102562777,1.2979450781928168,27.323593864134406,47,71,66.19718309859155,4.951580053813487,-8.405359253024326,0.346878333335498,,0.22401385280866948,1
27,0.29000000000000004,15,0.8,0.2,5,150000,181204.7828832643,31204.7828832643,20.803188588842865,3.2238335929376083,0.21096591762971884,0.21475927101731948,-14.955321086325807,0.21556431816668092,6.609378618610171,1307,943,364,72.14996174445295,165.8689710242135,-340.16461376706053,256.16940702074237,-679.5765227420468,1.2632413299864607,14.181331293037491,41,71,57.74647887323944,3.46371789792006,-4.0395533850625,0.28407185258388806,,0.4332804230193801,22
30,0.32999999999999996,10,0.9,0.6,13,150000,179992.3724951911,29992.372495191114,19.994914996794076,3.107557061976207,0.2108230741178772,0.24470842353672884,-15.996903281202268,0.1942599143940473,5.8531457243371605,1289,935,354,72.53685027152832,139.4141788183207,-280.53018211679847,233.73700528539433,-890.5743928576344,1.312609974662794,17.7866563227308,46,71,64.7887323943662,2.8692440711781675,-4.726219370707541,0.27721780959519926,,0.2108230741178772,1
24,0.29000000000000004,5,0.8,0.30000000000000004,5,150000,174670.99688653482,24670.99688653482,16.44733125768988,2.5893695954694484,0.20043162302526177,0.22225920289236278,-7.221575051931422,0.3585602277687216,3.0115395240693767,1258,955,303,75.9141494435612,78.38841373321819,-160.917669944259,121.73167985867923,-354.0724665514992,1.5353552692197527,14.042130365659778,46,71,64.7887323943662,1.6926458272106704,-2.1074494583762093,0.21807022435403828,,0.461872155557108,22
33,0.25,10,0.9,0.30000000000000004,5,150000,179807.22547046558,29807.22547046558,19.871483646977055,3.089743165497949,0.19676065742746274,0.2065821296216589,-14.665907579438336,0.2106752104336033,6.333342081670122,1363,1075,288,78.87013939838592,108.98292388830525,-299.5740553582956,172.99158048090342,-788.1892551759477,1.3579076447183442,21.59501100513573,44,71,61.97183098591549,3.4652606065547653,-4.718095992643601,0.2726504093157203,,0.19676065742746274,1
21,0.31,15,0.5,0.6,5,150000,179787.20015477913,29787.20015477913,19.85813343651942,3.0878155178074573,0.19052687056758338,0.1991616173379215,-20.26344018470051,0.15238357799377267,6.632701980567527,1235,1050,185,85.02024291497976,133.92380991808062,-591.7190380301868,237.45972071598297,-1313.8203841990817,1.284576059739835,9.391902834008096,48,71,67.6056338028169,3.4941146554023916,-5.5198640095658895,0.2736165000697967,,0.21514873357616326,2
30,0.31,5,0.8,0.30000000000000004,7,150000,174288.0629683925,24288.062968392507,16.192041978928337,2.5515756939046508,0.17601661271577582,0.20287826017636013,-7.7779899831004835,0.3280507816863419,3.2649750478356485,1301,939,362,72.17524980784013,83.8743376918777,-146.40186411655225,121.0349742175613,-316.1767110842145,1.4860708623333738,16.866256725595697,45,71,63.38028169014085,1.7806092967676213,-2.0974113507751913,0.21620384553437627,,0.4965865046307369,26
21,0.29000000000000004,5,0.9,0.30000000000000004,7,150000,173114.99877325082,23114.998773250816,15.409999182167212,2.4353677572891863,0.16073470628836165,0.1790702329035613,-6.3143380641776545,0.3856885286369848,2.7778827929498293,1244,895,349,71.94533762057877,79.59995216512282,-133.8609738337243,122.94496060357898,-311.9857871634017,1.5249529167481803,13.79823151125402,45,71,63.38028169014085,1.4052554668521289,-2.050774663316046,0.20577717954710234,,0.47432998083871064,16
24,0.29000000000000004,20,0.6000000000000001,0.7000000000000001,15,150000,175521.18025982293,25521.180259822926,17.014120173215282,2.673033138651393,0.1537367981792485,0.16299354362519006,-10.740184246175735,0.24888149750346988,4.964703968293494,1260,893,367,70.87301587301587,132.34903683854324,-248.44469031238486,275.2667550717751,-1677.1159449974248,1.2962132608519499,7.90952380952381,47,71,66.19718309859155,2.6066839153166876,-3.9352807039721105,0.23117778387638882,,0.1537367981792485,1
24,0.29000000000000004,10,0.7,0.4,11,150000,173904.78118413925,23904.781184139254,15.93652078942617,2.5136782047674666,0.14297591605338086,0.1597020062113986,-10.69780126487689,0.23497148082385824,3.927774355851484,1260,913,347,72.46031746031746,105.40524343010287,-204.0002527716521,177.78912164528964,-868.885466144035,1.3594799684875791,10.897619047619047,47,71,66.19718309859155,1.9845677132946493,-2.611248660733312,0.21528193551212066,,0.24347065728847134,2
21,0.35,10,0.7,0.30000000000000004,15,150000,172663.98545544376,22663.985455443762,15.109323636962507,2.3905143237762383,0.14068131455596436,0.16684554673574348,-6.070690441773025,0.3937796444580457,2.8834764247423967,1211,790,421,65.2353426919901,106.996992674237,-143.63825452132272,215.28149805270988,-554.94384551065,1.3978045434326114,7.5334434351775394,47,71,66.19718309859155,1.8444404153630467,-1.7140951869153764,0.20275241707664765,,0.14068131455596436,1
33,0.29000000000000004,10,0.8,0.6,5,150000,176602.0851777615,26602.085177761503,17.734723451841003,2.778915644623714,0.13267284562799053,0.14643502881308115,-22.11308187640705,0.12566840118240608,8.042044969285493,1353,1085,268,80.19216555801921,127.99015562736176,-414.10420090821873,193.71217240351885,-911.4407902476651,1.251301240294916,20.800443458980045,44,71,61.97183098591549,4.286352857603526,-7.4873843954132,0.2583426577490356,,0.13267284562799053,1
24,0.32999999999999996,10,0.6000000000000001,0.2,7,150000,172017.9148549228,22017.914854922798,14.678609903281863,2.3260922179400456,0.09672426075394054,0.10358426068752481,-7.850869654778922,0.2962846563786885,3.8999483850667733,1233,840,393,68.1265206812652,130.57465103586114,-219.44043140353236,217.03556900873656,-554.94384551065,1.2718296960629922,9.303325223033251,43,71,60.56338028169014,2.22207333237161,-2.9323150242986373,0.20145575202111368,,0.2543346299771266,11
45,0.32999999999999996,15,0.6000000000000001,0.6,23,150000,169888.4384697577,19888.438469757704,13.25895897983847,2.11231891850141,0.05100765351879908,0.05998128478037262,-17.729516191736323,0.1191413739471332,7.850297162275592,1373,994,379,72.39621267297888,137.51180481444973,-304.6118287942795,250.95267165540076,-1285.7058777261211,1.1839691668641226,17.609613983976693,44,71,61.97183098591549,3.9649861877348425,-5.495086087110135,0.19929850354167275,,0.05100765351879908,1
36,0.32999999999999996,20,0.30000000000000004,0.9,15,150000,169767.5179455941,19767.517945594096,13.17834529706273,2.100113214601662,0.04999945401959625,0.05602632710184214,-19.574622670657334,0.10728754520258338,7.996359720757653,1341,1149,192,85.68232662192393,110.36149220836991,-549.4751299281648,222.46286480176687,-1804.0625996361607,1.201955318743555,9.697986577181208,45,71,63.38028169014085,4.321812465219832,-5.827323178875021,0.19437276693105413,,0.04999945401959625,1
42,0.25,20,0.6000000000000001,0.4,7,150000,168297.56611688537,18297.56611688537,12.198377411256912,1.9511549544471096,0.04872306965783169,0.05163528484016401,-26.77268466089326,0.07287856930153713,10.924160967107278,1368,1192,176,87.13450292397661,107.9633130163711,-618.477115684457,238.32692414832584,-1578.2708477462882,1.1822686013382337,18.55482456140351,44,71,61.97183098591549,6.866182746982896,-7.596778140608828,0.20322493233369507,,0.04872306965783169,1
24,0.31,5,0.9,0.7000000000000001,9,150000,169899.74952256025,19899.749522560247,13.266499681706831,2.1134602851097473,0.046562530176294525,0.05402609367546187,-6.820545902812629,0.30986673430908324,2.897209844600356,1251,904,347,72.26219024780175,77.27482083744812,-140.12200717769613,129.3084393627304,-480.37537182636333,1.4367149561081092,14.541966426858513,47,71,66.19718309859155,1.43161230135036,-2.5539692601873276,0.1796302994646998,,0.046562530176294525,1
30,0.32999999999999996,5,0.9,0.2,5,150000,169343.98944067105,19343.989440671052,12.895992960447366,2.057305173876234,0.027655297617271105,0.030531190624519804,-6.726424336767598,0.3058542058714181,3.028098003500123,1288,768,520,59.62732919254658,101.74122062907679,-110.70277792223274,142.055578511111,-309.85954710281595,1.357363920234813,16.501552795031056,39,71,54.929577464788736,1.6875886712738097,-2.042400017747148,0.1765674451369796,,0.525651487456044,29
24,0.31,15,0.9,0.1,7,150000,168434.76696864737,18434.766968647367,12.289844645764912,1.9651039750247623,0.015248461058918422,0.014471512371788136,-11.266011590493083,0.17442765429808643,5.094455450515932,1251,714,537,57.07434052757794,192.52270805628436,-219.85970979224868,285.6350601577072,-552.8002391557761,1.1642875074604893,11.359712230215827,38,71,53.52112676056338,2.982514482405829,-4.3171923613802505,0.17598423775149147,,0.31873140603395494,13
36,0.29000000000000004,20,0.5,0.2,17,150000,165976.92029083456,15976.920290834561,10.651280193889708,1.7137725579665863,-0.01316312193413094,-0.01423968206987959,-15.574417254289516,0.11003766818271021,6.5297234374931055,1368,1033,335,75.51169590643275,123.15334271189042,-327.21776182357956,233.96532272077638,-635.5155567008927,1.1605526538000686,11.353070175438596,43,71,60.56338028169014,3.2193323868559,-4.231230525674034,0.16069569722171811,,-0.01316312193413094,1
33,0.32999999999999996,20,0.2,0.6,23,150000,167367.45190244872,17367.451902448724,11.578301268299148,1.8563412137710067,-0.018825664411741803,-0.02193932622070245,-7.152557674102016,0.25953530168550026,4.069103663611475,1332,1088,244,81.68168168168168,82.11540426820495,-288.358764659774,222.46286480176687,-1670.0018604511963,1.2697860396860432,5.703453453453453,45,71,63.38028169014085,1.7455381239442014,-2.3119378477247765,0.15631714577229927,,-0.018825664411741803,1
24,0.35,5,0.6000000000000001,0.5,5,150000,167284.7972847911,17284.7972847911,11.523198189860734,1.8478943927993763,-0.03526998026852743,-0.04070253484583819,-9.384667717411597,0.19690568152678797,3.2535061668980645,1226,947,279,77.24306688417619,82.70268335829515,-213.38575695381346,147.38811867312901,-427.8243363052755,1.3155275534981166,12.442088091353996,44,71,61.97183098591549,1.722342589867143,-2.7922599301318907,0.15971995209456105,,0.2518853304569479,3
30,0.29000000000000004,10,0.7,0.2,5,150000,165391.39472129216,15391.394721292163,10.260929814194775,1.653442170542263,-0.05317792573272098,-0.055365520387960096,-10.904000910012748,0.15163628324938666,4.683549155759583,1322,916,406,69.28895612708018,118.84653132104347,-226.5732012735725,182.2568103030944,-428.8860849288936,1.1834431767819673,12.699697428139183,42,71,59.154929577464785,2.159028508483374,-3.2629373687254604,0.1462243425763136,,0.19918408428339252,5
27,0.21,10,0.9,0.9,7,150000,163232.2844367322,13232.28443673221,8.821522957821474,1.4294281570122802,-0.05902249918947368,-0.060833188209415495,-14.022906770465568,0.10193522501503606,6.374103890457518,1376,1099,277,79.86918604651163,82.35166544585266,-273.9093658292475,143.7624735921605,-997.8819659669566,1.1928433878605649,17.89389534883721,43,71,60.56338028169014,2.8401567631002544,-4.233174625691993,0.13319364711451753,,-0.05902249918947368,1
42,0.27,10,0.7,0.8,11,150000,161148.76427327332,11148.764273273322,7.432509515515548,1.210906853910565,-0.061442258999211505,-0.06879430862556427,-19.93065334537996,0.06075600397672162,7.88279674727008,1404,1103,301,78.56125356125357,92.5155730122264,-297.1801303655913,156.8190655412747,-956.7622008588665,1.1407857589805244,22.553418803418804,44,71,61.97183098591549,3.8111265359226154,-6.635607037931601,0.12278625805987946,,-0.061442258999211505,1
30,0.25,20,0.9,0.6,17,150000,162731.5275881439,12731.527588143887,8.48768505876259,1.3771211746528955,-0.07659947952006836,-0.08216024735145705,-16.111069769645393,0.08547670603770256,5.937222061832643,1337,940,397,70.30665669409125,113.03348573603533,-232.81647050156175,237.61605741066816,-1511.3610206171552,1.149557677822464,12.664173522812266,43,71,60.56338028169014,2.5881465955752025,-4.4683977034294164,0.12804706512654557,,-0.07659947952006836,1
24,0.22999999999999998,20,0.2,0.7000000000000001,9,150000,164112.1511712244,14112.151171224396,9.408100780816264,1.5210128301549108,-0.08376999271668381,-0.08523024554820079,-8.258418644782983,0.18417724937155694,4.585867842729253,1341,1224,117,91.2751677852349,57.59865283588225,-467.0427341874044,130.33703836033106,-1791.9275833409054,1.2901828416703247,5.1297539149888145,45,71,63.38028169014085,2.429344273703893,-3.3081924555239395,0.13287979281653542,,-0.08376999271668381,1
24,0.35,5,0.8,0.4,11,150000,166095.61231501607,16095.612315016071,10.730408210010713,1.725980550883155,-0.10701895878325107,-0.12742332928620625,-6.896893833942448,0.2502547657597534,2.4144814194557407,1224,824,400,67.3202614379085,77.98584179938307,-117.12797357546332,139.6016092476217,-351.90472906962196,1.371583825816169,12.17156862745098,44,71,61.97183098591549,1.3827644667155026,-1.923328417259118,0.14692410731216923,,0.45417246999530275,6
27,0.29000000000000004,5,0.9,0.4,11,150000,165477.21884481347,15477.21884481347,10.318145896542314,1.6622962754103243,-0.10908620257828061,-0.12505606779432077,-7.962232752459664,0.20877263037768068,2.8405081604232483,1304,926,378,71.0122699386503,68.73395566021455,-123.97992583269759,118.08637416902506,-425.0066483793945,1.3581231530061522,16.315184049079754,43,71,60.56338028169014,1.4387274080252865,-1.8712290088022998,0.1418405023158681,,0.211444334225101,2
21,0.16999999999999998,15,0.4,0.6,5,150000,161456.0487475037,11456.048747503693,7.637365831669129,1.2432823565115658,-0.153254478970028,-0.14848722622225785,-9.518592780273297,0.13061619350795137,4.360940177056653,1365,1252,113,91.72161172161172,48.0593676456835,-416.2070489086426,120.27459046525988,-1458.4987777689892,1.2793651206650138,6.885714285714286,49,71,69.01408450704226,1.894130628247681,-2.9711978962328023,0.1088779076688331,,-0.153254478970028,1
21,0.31,10,0.8,0.1,5,150000,162904.74122950382,12904.741229503823,8.603160819669215,1.3952294857064507,-0.15634572370362382,-0.15164216173273123,-8.71724408417147,0.16005396570687627,3.5253988739097313,1235,683,552,55.30364372469636,147.96633582948343,-157.1252401056295,216.20807831398048,-426.2011161707123,1.1651949423929948,9.285829959514171,38,71,53.52112676056338,2.216477749357426,-2.683319785412641,0.12316685757892434,,0.3235727888159562,10
24,0.21,20,0.9,0.2,15,150000,162012.82300478758,12012.823004787584,8.00854866985839,1.301813721411893,-0.15754374846625874,-0.15787953965255344,-9.554826995603932,0.13624670776465578,3.9765651262170314,1347,956,391,70.97253155159613,88.71485613587772,-183.38130484558695,192.01838173595587,-682.5507060305637,1.18283026667272,9.034892353377877,45,71,63.38028169014085,2.1075952314434376,-3.038454062291629,0.11459726979543591,,-0.15754374846625874,1
36,0.27,15,0.2,0.7000000000000001,9,150000,157685.4748735504,7685.474873550411,5.123649915700274,0.8424163701167942,-0.16610929285152998,-0.17891276621721855,-14.474471596508396,0.05820014668583868,5.927893495604288,1370,1257,113,91.75182481751824,55.25107057182812,-531.1395285789591,151.29588277441263,-1395.608093793696,1.157147997090415,8.213138686131387,48,71,67.6056338028169,2.919930391572745,-4.469502724242236,0.08222830309325785,,-0.16610929285152998,1
33,0.31,5,0.6000000000000001,0.6,5,150000,161317.75564775043,11317.755647750426,7.5451704318336175,1.2287181416172466,-0.17752402550603438,-0.20620095306554292,-11.944809487056714,0.1028662820406365,3.943874859671656,1337,1084,253,81.07703814510097,67.81188478770649,-239.16607373715422,118.04934740326088,-490.10538385001604,1.2148285854384686,16.911742707554225,44,71,61.97183098591549,2.0937838572297585,-3.2844546118326656,0.10920387975272401,,-0.17752402550603438,1
30,0.16999999999999998,20,0.6000000000000001,0.30000000000000004,5,150000,155879.01885994308,5879.018859943084,3.9193459066287226,0.6475313700887275,-0.17938190466625306,-0.163668526729748,-19.681608386528897,0.032900327929089944,6.401976914031829,1306,1163,143,89.05053598774884,66.03414554815049,-484.8882757190011,134.6610470727793,-1063.0541308538598,1.107568400533452,11.67457886676876,47,71,66.19718309859155,2.5590041670839447,-5.807793989308941,0.07067072616115534,,-0.17938190466625306,1
21,0.35,5,0.7,0.2,5,150000,164462.76458014688,14462.764580146875,9.64184305343125,1.5573941016067794,-0.18028876863827079,-0.19891929986331058,-5.661012275164222,0.27510876604866585,2.3609420720033345,1210,741,469,61.239669421487605,93.70012648012225,-114.26079607286931,134.72681881426354,-285.5556380248369,1.2956517824642027,10.241322314049587,40,71,56.33802816901409,1.404018417747821,-1.454090669700292,0.13307712066898708,,0.4448074553240656,17
39,0.31,15,0.9,0.2,25,150000,157960.41759616122,7960.41759616122,5.30694506410748,0.8719147929525883,-0.18668330391835877,-0.20862744864637928,-14.751425091724279,0.05910715659883889,5.304773203467823,1367,907,460,66.34967081199707,117.48218031741558,-212.24881787191242,250.0090223392749,-689.8256608998987,1.0913804580077124,13.88807607900512,42,71,59.154929577464785,3.161734578512365,-3.8350316571954757,0.08589762572331623,,-0.18668330391835877,1
24,0.35,10,0.7,0.1,5,150000,161523.90552603174,11523.90552603174,7.682603684021159,1.250424836878361,-0.2008418059388226,-0.20373856828437237,-8.978821617684464,0.13926380210244466,3.466806924341904,1226,642,584,52.36541598694943,158.5534011945881,-152.14122528643986,236.35113862967393,-414.16752618480035,1.1456470313413845,8.398042414355627,39,71,54.929577464788736,2.245584592055061,-2.3070451393492952,0.11045504946624884,,0.24167488831808698,10
30,0.35,10,0.9,0.1,7,150000,159011.45725495584,9011.457254955836,6.007638169970558,0.9842877654591131,-0.20503564896598275,-0.20519618472694906,-11.426296106413266,0.08614232961341335,4.482715684084531,1269,593,676,46.729708431836094,181.88028579756653,-145.04481096447668,256.8054921549445,-384.31615417237987,1.0999968184161324,12.868400315208826,39,71,54.929577464788736,2.702654086435796,-3.1422788752663244,0.09426112345823316,,0.3222567000593915,8
42,0.21,15,0.9,0.4,13,150000,146491.29446549393,-3508.7055345060653,-2.3391370230040436,-0.39659066059817283,-0.21400559445738185,-0.2133490133065549,-22.916683714353628,0.01730576140690777,9.212361736432218,1277,982,295,76.89898198903681,91.7864424461076,-315.44778823563377,172.78349349354653,-1124.4256578177242,0.9685912077097896,26.719655442443226,45,71,63.38028169014085,4.157947155012076,-8.215161709877561,0.001037455931912107,,-0.21400559445738185,1
27,0.21,15,0.7,0.8,15,150000,156603.1827577472,6603.182757747214,4.402121838498143,0.7258805250258238,-0.23456249963423287,-0.2367955722042052,-11.762657543831592,0.06171058898220495,4.9233127352383255,1370,1015,355,74.08759124087592,79.88082079507154,-205.38085253904882,160.76245524422163,-1355.2012262935107,1.1120396070587886,11.073722627737226,42,71,59.154929577464785,2.062133182860526,-3.6316109821025067,0.0681075605713867,,-0.23456249963423287,1
36,0.21,10,0.5,0.7000000000000001,7,150000,149515.74801641423,-484.25198358576745,-0.32283465572384495,-0.054273032714891034,-0.3096245524979133,-0.31774806934027905,-16.070457473695146,0.003377192765279246,6.043966701170147,1373,1203,170,87.61835396941005,51.83815988573946,-359.5941933465185,108.03477643700032,-950.9049045131288,1.0201255208428284,14.184996358339403,45,71,63.38028169014085,2.7799036205484295,-5.19612264535827,0.008970097521352052,,-0.3096245524979133,1
33,0.27,10,0.6000000000000001,0.2,19,150000,156846.12881815093,6846.12881815093,4.564085878767286,0.7520979514812787,-0.33533949237916805,-0.36357555646118095,-10.297702849307433,0.07303550728615758,3.541040722185931,1357,954,403,70.30213706705969,81.98689069206058,-172.95742225600523,138.95443071074646,-330.21590651022757,1.1221438689172156,11.263817243920412,42,71,59.154929577464785,1.7396857775970442,-2.5774156839009854,0.0674687783459621,,-0.33533949237916805,1
45,0.27,20,0.4,0.9,25,150000,139323.1455664868,-10676.854433513188,-7.11790295567546,-1.232021005847872,-0.39105387387213236,-0.414785115212924,-19.526874076831977,0.06309361145057141,7.554828379048502,1391,1091,300,78.43278217109993,84.37282794137974,-336.86648443951,180.367402302043,-1948.3564974062363,0.9108530088926529,11.968368080517614,40,71,56.33802816901409,3.3022128472935286,-5.877348858115161,-0.08506362179909842,,-0.39105387387213236,1
24,0.27,10,0.9,0.1,9,150000,153410.71434002765,3410.7143400276545,2.2738095600184365,0.37818343002828936,-0.4568818653206634,-0.4360744725355839,-8.056625851185757,0.04694067181643158,3.4223086245531205,1287,739,548,57.42035742035741,117.42245182577767,-150.03350585652294,188.05960667671252,-428.8860849288936,1.0554235163879129,10.616938616938617,39,71,54.929577464788736,1.9454339598727222,-2.487567117867795,0.035085633007881145,,-0.4568818653206634,1
30,0.29000000000000004,10,0.9,0.1,7,150000,149242.9468585293,-757.0531414707075,-0.504702094313805,-0.08491194023190207,-0.4586121251349197,-0.4355269621835747,-10.96865790270312,0.0077413245070735905,4.340320748308173,1320,692,628,52.42424242424243,137.71968507895488,-151.03133320916712,208.3979403465292,-428.8860849288936,1.0047902577314214,13.353787878787879,37,71,52.112676056338024,2.1979366866011762,-3.003044868374982,0.0010956221762194298,,0.004914465287741587,3
30,0.19,20,0.4,0.30000000000000004,15,150000,148866.5313055296,-1133.4686944703863,-0.7556457963135909,-0.12726461699359426,-0.4594615561272678,-0.4456706160967228,-11.983839346481128,0.010619686505640914,4.41750256929748,1340,1121,219,83.65671641791045,57.93528100320087,-294.31529549918133,124.07202576374642,-1397.6816327368203,1.0076084076025233,7.744029850746268,43,71,60.56338028169014,1.7952233204023615,-3.7076618527403293,-0.003991679948202508,,-0.5395891231223013,3
36,0.32999999999999996,15,0.6000000000000001,0.1,7,150000,145200.9627312341,-4799.037268765911,-3.1993581791772736,-0.5444268836069743,-0.4598759809357601,-0.4621060854686658,-14.752694503575409,0.0369035557182472,5.237656293889234,1340,756,584,56.4179104477612,160.4089286683152,-213.40224119196066,252.90660567862335,-488.29414501912504,0.9730575137129044,10.555970149253731,38,71,53.52112676056338,2.584112779371983,-4.283254990235097,-0.03230776973162644,,-0.4598759809357601,1
27,0.32999999999999996,5,0.5,0.2,9,150000,159046.5028776665,9046.502877666499,6.031001918444332,0.9880240435965026,-0.4838781259289355,-0.5534577882281491,-5.2074038041673525,0.18973447820693531,2.056317711068652,1283,863,420,67.26422447388933,65.59027404074807,-109.4457890009893,112.36559777017276,-309.85954710281595,1.2314077832688892,9.319563522992985,44,71,61.97183098591549,1.0430578491675613,-1.4751688350519765,0.08472039245621722,,-0.19357693258749747,2
30,0.21,15,0.30000000000000004,0.30000000000000004,13,150000,149010.85829584865,-989.1417041513487,-0.6594278027675659,-0.11101503599457718,-0.5193983342959939,-0.5168358932434718,-11.222356850101153,0.009892310276479627,3.9167220501201596,1374,1199,175,87.26346433770014,49.921568148666715,-337.95721760038,131.49448560771592,-1140.0280371367235,1.0120631859051887,6.995633187772926,42,71,59.154929577464785,1.6496854313864384,-2.768449972154552,-0.003778180411303858,,-0.48942994521163086,2
33,0.19,20,0.8,0.9,23,150000,149304.57207930426,-695.4279206957435,-0.46361861379716235,-0.07798660185502904,-0.5419445840000182,-0.5339361160190293,-9.347351943989118,0.008343175941415032,3.707420225518396,1301,921,380,70.79169869331284,63.81096860660289,-152.84833529329023,162.82653006662022,-695.6364607574293,1.01183723573732,10.62336664104535,40,71,56.33802816901409,1.8622847796196496,-2.6090300356341745,-0.0008146093665845958,,-0.5419445840000182,1
42,0.16999999999999998,20,0.7,0.1,5,150000,144396.49137944583,-5603.508620554174,-3.735672413702783,-0.637151148711046,-0.5512748934146436,-0.46217062225714556,-11.604910080703203,0.05490358342116836,4.59578881081841,1083,862,221,79.59372114496767,64.37555828134226,-271.13366641362234,143.88833302618067,-477.32345876432,0.9260886330732382,16.84302862419206,37,71,52.112676056338024,2.492502716519951,-4.007655402443133,-0.04505819396164407,,-0.5512748934146436,1
33,0.21,15,0.6000000000000001,0.5,23,150000,149902.50135817876,-97.49864182123565,-0.06499909454749044,-0.010915525122945358,-0.575667234947977,-0.5890192292415667,-8.353862829985797,0.0013066440454067062,3.393069005753308,1365,968,397,70.91575091575092,60.40823146614995,-143.30784434657477,134.63533268288288,-847.7314238755047,1.0278056684919648,9.498168498168498,42,71,59.154929577464785,1.504613196843918,-2.219967164508363,0.0039482509614431295,,-0.575667234947977,1
42,0.15,15,0.4,0.5,13,150000,143982.3474407373,-6017.6525592627,-4.0117683728418,-0.6850535617856868,-0.5923683348303416,-0.5147573932185006,-11.579778574807781,0.05915946987760587,4.3753169198842174,1010,900,110,89.10891089108911,30.619179380395767,-293.8668414575314,75.62762670921394,-1340.1931619765567,0.852496856482118,13.20891089108911,38,71,53.52112676056338,1.4676293188649714,-3.5879320852292063,-0.053480105541666614,,-0.5923683348303416,1
27,0.16999999999999998,15,0.5,0.2,15,150000,149330.94245737616,-669.0575426238356,-0.44603836174922373,-0.07502386989425291,-0.6399074789436423,-0.5940346721958912,-8.88732783436125,0.008441667877287779,3.1644148181250253,1337,1068,269,79.88032909498878,49.92022846112336,-194.60119276547414,98.10743716676866,-572.1367567236604,1.018474216771845,8.139117427075542,42,71,59.154929577464785,1.3349537640633624,-2.5646230031673434,-0.0027079081723908947,,-0.549684517535455,2
24,0.15,10,0.8,0.5,11,150000,150032.22007929764,32.2200792976364,0.021480052865090936,0.0036059224738371753,-0.664116561355986,-0.6099656132795143,-7.9947842981755,0.00045103436682589264,2.940863048948766,1350,1031,319,76.37037037037037,45.70053659799184,-142.5751603031036,86.65403230279264,-927.5776550579358,1.035965787278394,10.965185185185184,43,71,60.56338028169014,1.090700442991932,-2.4127289105168925,0.004798103594670793,,-0.664116561355986,1
27,0.25,20,0.30000000000000004,0.4,21,150000,146300.85975804384,-3699.1402419561637,-2.4660934946374424,-0.4183408656361465,-0.6853252412729773,-0.6901825833880366,-9.906237650420506,0.042230045391490126,3.443797947617777,1328,999,329,75.22590361445783,71.67550732932102,-223.93409679136656,158.27830957264663,-1511.3610206171552,0.971896773761219,4.984939759036145,43,71,60.56338028169014,1.7692622874893038,-3.048695434311799,-0.031088844517446847,,-0.6853252412729773,1
33,0.29000000000000004,5,0.5,0.7000000000000001,17,150000,151513.37395788598,1513.3739578859822,1.0089159719239882,0.16867829022781944,-0.6899827254844603,-0.7966626110665536,-7.818277853212195,0.021574865129475637,2.605015732950981,1356,969,387,71.46017699115043,48.20351069758538,-112.3582632659471,82.09877798360004,-490.10538385001604,1.0742032543798186,12.430678466076696,42,71,59.154929577464785,1.111091442836032,-1.9523662003693043,0.016547591059667965,,-0.6899827254844603,1
42,0.15,20,0.6000000000000001,0.6,23,150000,141146.24282353828,-8853.757176461717,-5.902504784307811,-1.0162115165969876,-0.6994640555971982,-0.5887096279170058,-10.84614353307193,0.09369334948393111,4.194388804201289,965,733,232,75.95854922279793,44.93716825857278,-175.28862365859575,101.99609879935863,-1640.809596361795,0.8099681848761858,14.653886010362694,36,71,50.70422535211267,1.6578111120723271,-3.7974640990121933,-0.08188487933257309,,-0.6994640555971982,1
45,0.22999999999999998,5,0.6000000000000001,0.8,19,150000,146870.66424103495,-3129.335758965055,-2.0862238393100365,-0.3533315571491391,-0.7251320173718412,-0.7845468034803598,-8.441097278642724,0.041858486578886175,3.1769351902832357,1374,1046,328,76.12809315866085,34.75775004269726,-115.2776767778736,67.03570631130425,-528.0509749258824,0.9615331930200547,19.137554585152838,42,71,59.154929577464785,1.5055358990955225,-2.6503258071740476,-0.025384015746643396,,-0.7251320173718412,1
21,0.22999999999999998,10,0.30000000000000004,0.5,15,150000,153487.91960736059,3487.9196073605854,2.3252797382403902,0.38666272031604443,-0.7275246403522492,-0.7407099164910816,-4.272425161235487,0.09050192940166808,2.1853958914267015,1325,1017,308,76.75471698113208,47.627889081096946,-140.34364801346052,101.30538737325978,-891.5579786758956,1.1205695291221338,4.81811320754717,45,71,63.38028169014085,0.9635396693882026,-2.0291087343496494,0.033577416567422164,,-0.7275246403522492,1
45,0.19,15,0.6000000000000001,0.2,21,150000,136875.97777062736,-13124.02222937264,-8.749348152915093,-1.5254296827883818,-0.7485009090027589,-0.6834635319669524,-15.163014936668976,0.10060200356984476,4.586058017418257,1182,924,258,78.1725888324873,56.39676325762969,-247.41548304345886,125.58106774250423,-453.6740074395611,0.8163559658264,15.571912013536378,42,71,59.154929577464785,2.143388955987291,-4.191740607837269,-0.12017190022169018,,-0.7485009090027589,1
39,0.32999999999999996,5,0.2,0.5,13,150000,152444.52418264296,2444.5241826429556,1.629682788428637,0.2717674140080062,-0.76907424853867,-0.8899454567899491,-6.660475640527618,0.040803003970821185,2.2154931457568816,1359,1197,162,88.0794701986755,31.292779781207503,-205.40119113562082,72.48224250925055,-395.2085590797308,1.125693923922493,9.13980868285504,44,71,61.97183098591549,1.1278023160403272,-1.90399577384317,0.02330996266900961,,-0.76907424853867,1
24,0.21,5,0.6000000000000001,0.8,13,150000,152613.7365052943,2613.736505294306,1.7424910035295373,0.29044489057747924,-0.8459654038697971,-0.8879976010141565,-5.898588970698708,0.04923972360513112,1.9975113629138963,1354,1023,331,75.55391432791728,37.92397029274355,-104.21208548641071,73.41012170004564,-494.8623521416095,1.1247172358413344,9.71861152141802,41,71,57.74647887323944,0.8204537349212337,-1.6408427623725186,0.025559974973506035,,-0.8459654038697971,1
45,0.15,5,0.8,0.5,13,150000,146279.35451424014,-3720.6454857598583,-2.4804303238399052,-0.42079853389425104,-0.9467917372480874,-0.856453071048282,-6.977208719993942,0.06031044086274896,2.5243855148989436,1048,830,218,79.19847328244275,22.526339706706327,-97.32182559041024,50.77345738497815,-473.964394095046,0.8812557851109841,25.264312977099237,39,71,54.929577464788736,1.0350232541941118,-2.5781048073716395,-0.033372180756487145,,-0.9467917372480874,1
42,0.16999999999999998,15,0.2,0.9,23,150000,142167.0400098834,-7832.959990116593,-5.221973326744395,-0.8963855168821699,-0.961475338559398,-0.8860788204719773,-8.995845589991536,0.09964438672440723,2.971292757845163,1123,970,153,86.37577916295636,23.485255570897266,-190.78022651561508,65.53514211120965,-1311.9706762662586,0.7804448766563,7.845948352626892,39,71,54.929577464788736,1.1452169830208359,-2.4223484921269356,-0.07508244162156126,,-0.961475338559398,1
36,0.29000000000000004,5,0.30000000000000004,0.9,23,150000,151309.78752168553,1309.7875216855318,0.873191681123688,0.1460687054912979,-0.984296597974551,-1.1597276364868834,-4.270412155432807,0.034204826179475366,1.8658385174032672,1368,1039,329,75.95029239766082,32.216379204742424,-92.5053205103014,69.51635814676726,-490.10538385001604,1.0998403936722867,8.727339181286549,43,71,60.56338028169014,0.6969705925500946,-1.1659561149303665,0.011399932325473205,,-0.984296597974551,1
45,0.19,5,0.4,0.6,13,150000,144605.82484645705,-5394.17515354295,-3.5961167690286335,-0.6129818465086867,-1.0205958126019896,-1.0419991884459083,-8.024827428445779,0.07638567333371392,2.5310918435445084,1244,1064,180,85.53054662379421,19.807899570010658,-138.20199052882984,42.54692246988197,-502.865088717388,0.8472142462494994,15.229099678456592,43,71,60.56338028169014,1.1070313662713938,-2.3182478844432475,-0.04948045531593896,,-1.0205958126019896,1
24,0.27,5,0.2,0.6,7,150000,150206.11122025346,206.11122025345685,0.13740748016897122,0.023055899932611368,-1.0214067420815727,-1.1005529098076452,-5.519821055403782,0.004176928871641618,1.9174994411273103,1293,1155,138,89.32714617169374,28.93273528209215,-228.47100022168848,75.00220622143537,-478.8767204190757,1.0598912537084486,6.010827532869296,43,71,60.56338028169014,0.8966256800960304,-1.622965245144392,0.0013965441802442026,,-1.0214067420815727,1
36,0.25,10,0.2,0.2,9,150000,144103.82571462513,-5896.174285374873,-3.9307828569165824,-0.6709907739012033,-1.0612077141745713,-1.0717829352534893,-7.625734142521062,0.08799031822520031,2.4902339694765985,1395,1186,209,85.0179211469534,36.34248529560432,-226.02583655171856,89.72213092697869,-330.5214613932793,0.912420303966695,6.138351254480287,43,71,60.56338028169014,0.9356735459524534,-1.7260468141796825,-0.05441618385919237,,-1.0612077141745713,1
21,0.35,5,0.8,0.1,11,150000,151593.1275449579,1593.1275449579116,1.062085029971941,0.17752854873360757,-1.0985547463363374,-1.1913457432166705,-5.887328923141459,0.030154345213462087,1.6466638460980658,1209,600,609,49.62779156327544,80.55034544026559,-74.62603203731527,139.6016092476217,-166.64542224422735,1.0634351590191036,7.711331679073615,38,71,53.52112676056338,1.1447138936979684,-1.0242122863561631,0.01614178786578704,,-1.0985547463363374,1
36,0.15,10,0.5,0.8,23,150000,145278.07149532478,-4721.928504675219,-3.147952336450146,-0.5355617091964637,-1.232709258002068,-1.1121413669144713,-5.160627267559189,0.10377841324893189,2.041433278707211,1167,893,274,76.52099400171379,28.040390556469013,-103.2590820616237,66.32606836745718,-388.9399150325801,0.8850273551096983,10.020565552699228,40,71,56.33802816901409,0.8072486479455687,-1.668687827570181,-0.04378970122952315,,-1.232709258002068,1
24,0.27,5,0.7,0.1,5,150000,147600.8870118238,-2399.1129881762026,-1.599408658784135,-0.2703261536019075,-1.265959427886507,-1.2461365475213837,-5.406151925265858,0.0500034326335758,1.7812551416117646,1290,698,592,54.10852713178295,66.1928725026425,-79.39564218671335,99.75770192037926,-178.88459809934915,0.9829881404597339,8.34031007751938,35,71,49.29577464788733,1.0088575245173814,-1.1187765876967237,-0.022028464576280646,,-1.265959427886507,1
39,0.15,5,0.7,0.2,7,150000,146480.9336607383,-3519.0663392617134,-2.3460442261744756,-0.39777339847663074,-1.293993384331566,-1.1550231971706912,-5.269983609605624,0.07547905799016287,1.8407140450043613,1146,935,211,81.58813263525305,22.95447992407842,-111.70020501671188,47.22584857717118,-173.14803314984817,0.9106314449434673,17.658813263525307,39,71,54.929577464788736,1.0983757193301136,-1.5267627861320077,-0.03235887241462264,,-1.293993384331566,1
36,0.16999999999999998,5,0.9,0.9,21,150000,145203.5707218928,-4796.4292781072145,-3.1976195187381427,-0.5441269796036208,-1.4045838873659977,-1.4070660082627067,-5.402505940616189,0.1007175162016684,1.8010632949222973,1268,868,400,68.45425867507886,26.82342729557412,-66.90244331921616,59.85089641287238,-505.5966998056997,0.8700255826781932,15.692429022082019,38,71,53.52112676056338,0.8076051141969076,-1.5962822330902626,-0.0448580679643231,,-1.4045838873659977,1
27,0.27,15,0.2,0.9,25,150000,144814.08416745014,-5185.915832549857,-3.457277221699905,-0.5889654363002039,-1.4947224789502078,-1.4995451676412932,-6.990530643053024,0.08425189250625771,1.7235525358797799,1345,903,442,67.13754646840148,48.933498089138595,-107.74449006125123,140.88353042809973,-624.9808653818724,0.9278476540531044,3.4646840148698885,40,71,56.33802816901409,0.8183999026804889,-1.7342328976205246,-0.049793828761728436,,-1.4947224789502078,1
33,0.15,20,0.30000000000000004,0.4,25,150000,139079.77208782235,-10920.227912177652,-7.280151941451768,-1.261007911186418,-1.697370843368894,-1.4302784353406859,-10.105191804640457,0.12478812233997817,1.9155828282477538,1178,880,298,74.70288624787777,30.210355601316042,-120.86472912659023,75.04045790700552,-830.6279526662464,0.7381126735446677,5.567062818336163,39,71,54.929577464788736,0.6646698486624691,-2.254401921525462,-0.10659865265092786,,-1.697370843368894,1
36,0.22999999999999998,5,0.6000000000000001,0.4,25,150000,144256.99186358627,-5743.0081364137295,-3.8286720909424865,-0.6532737299490776,-1.7157487211606695,-1.863734752277693,-6.060718058661952,0.10778817355072665,1.5410008852872163,1399,919,480,65.68977841315225,29.919892996037635,-65.63475508524373,69.0964173732034,-453.2055084951379,0.8727712686812363,10.623302358827734,39,71,54.929577464788736,0.6469929029743193,-1.243596799322877,-0.05432330284412421,,-1.7157487211606695,1
27,0.15,20,0.8,0.1,23,150000,143553.30446652495,-6446.695533475053,-4.2977970223167015,-0.7348003539335402,-1.729478159150387,-1.4913031685719291,-6.647882682385307,0.11053148634534696,1.5759424878510147,1264,849,415,67.16772151898735,37.7143733351632,-89.16364514458282,106.31011026752854,-487.69444592922713,0.8653238514184752,5.450158227848101,37,71,52.112676056338024,0.9789140233268157,-2.0619005945287205,-0.06002353529774223,,-1.729478159150387,1
42,0.19,5,0.30000000000000004,0.30000000000000004,15,150000,142142.09099914084,-7857.909000859159,-5.238606000572773,-0.8993056016801448,-1.7314688804643938,-1.7275091922668206,-7.2457249693419,0.12411533773159833,1.6691176238502043,1262,1077,185,85.34072900158478,16.26652474231296,-128.45320556727967,40.79784102107521,-406.1713338667544,0.7372143943803152,10.870839936608558,41,71,57.74647887323944,0.8245939287039095,-1.615972928650855,-0.0760290770585722,,-1.7314688804643938,1
21,0.32999999999999996,10,0.2,0.5,21,150000,152651.54323297233,2651.543232972326,1.7676954886482175,0.29461560171963885,-1.768592574077526,-1.9832022476799174,-1.8817894267020945,0.15656140774260996,0.9617798065766705,747,510,237,68.27309236947792,55.902792997057055,-105.01173500229598,137.47945178500837,-362.05955410619134,1.1455591080816616,2.319946452476573,47,71,66.19718309859155,0.6747756647663472,-0.7954913509815253,0.02334091598782395,,-1.768592574077526,1
27,0.15,10,0.30000000000000004,0.9,21,150000,143275.3387878536,-6724.661212146399,-4.483107474764266,-0.7670960760363776,-2.0114858523831747,-1.8182002637721735,-5.825367521535483,0.1316820051611408,1.372680412068232,1308,1007,301,76.98776758409785,23.256232066561516,-94.63925027319124,53.776152408448,-670.8880937024741,0.8221120923783768,4.853975535168196,40,71,56.33802816901409,0.5532397458881011,-1.4974269543298835,-0.06455129164441616,,-2.0114858523831747,1
33,0.15,5,0.5,0.2,19,150000,144707.8595930837,-5292.140406916296,-3.528093604610864,-0.60121163268686,-2.132495346974483,-1.9644347149871422,-4.91425744264367,0.12234028023640385,1.2173568568847466,1235,929,306,75.22267206477733,18.34901830240089,-67.83096948161223,40.5249434983976,-190.85653690954257,0.8212570241296139,10.235627530364372,38,71,53.52112676056338,0.455241878166035,-1.138469869751646,-0.050300579393566615,,-2.132495346974483,1
36,0.35,5,0.30000000000000004,0.1,11,150000,141739.22167202702,-8260.778327972977,-5.507185551981985,-0.9465174237544227,-2.2783878335607706,-2.4409001204396485,-7.289653007552877,0.12984396140306367,1.2918328263446142,1323,755,568,57.067271352985635,45.70796793608629,-72.38141884738795,84.14550235607113,-123.1609182204887,0.8393893176134075,5.72562358276644,34,71,47.88732394366197,0.6599766767034554,-0.9969383710745516,-0.07984228593060855,,-2.2783878335607706,1
33,0.22999999999999998,5,0.2,0.1,19,150000,140546.67958907696,-9453.320410923043,-6.302213607282028,-1.0869276407352357,-3.4857848948539023,-3.3367701723302012,-6.960396110678063,0.15615887708858428,0.8863581680796028,1396,1033,363,73.99713467048711,18.652110611576322,-74.1968423851719,43.16589876486903,-144.75155487048747,0.7153791123477925,4.53080229226361,32,71,45.07042253521127,0.33809455416877743,-0.6268069542744614,-0.09135544310652347,,-3.4857848948539023,1
27,0.22999999999999998,5,0.9,0.4,25,150000,145043.51516467874,-4956.484835321258,-3.3043232235475055,-0.5625407619287204,-3.5533162467299158,-3.6927820090882286,-4.6926230584037345,0.11987767926965713,0.72098849940123,1376,832,544,60.46511627906976,20.89415595155779,-37.7763282850174,68.47437856988667,-231.19029855629302,0.8459204315678822,5.090116279069767,37,71,52.112676056338024,0.3865658170329578,-0.6541207851568753,-0.04749212494694418,,-3.5533162467299158,1
21,0.29000000000000004,10,0.6000000000000001,0.7000000000000001,23,150000,150198.50984860663,198.5098486066272,0.1323398990710848,0.022206067158414555,-6.872064752033228,-5.567361867567049,-0.6879270034313149,0.032279685268426436,0.2877399858207521,235,147,88,62.5531914893617,46.248587725989935,-71.51400621726596,135.83050692053442,-217.17451048621356,1.0802941643770039,2.008510638297872,40,71,56.33802816901409,0.15170997417164322,-0.19723743158279738,0.002293551966410297,,-6.872064752033228,1
21,0.32999999999999996,15,0.7,0.1,25,150000,150000.0,0.0,0.0,0.0,,,0.0,,0.0,0,0,0,0.0,0.0,0.0,0.0,0.0,0.0,,0,71,0.0,0.0,0.0,0.0,True,,0
21,0.21,5,0.4,0.30000000000000004,25,150000,150000.0,0.0,0.0,0.0,,,0.0,,0.0,0,0,0,0.0,0.0,0.0,0.0,0.0,0.0,,0,71,0.0,0.0,0.0,0.0,True,,0
21,0.35,10,0.30000000000000004,0.1,25,150000,150000.0,0.0,0.0,0.0,,,0.0,,0.0,0,0,0,0.0,0.0,0.0,0.0,0.0,0.0,,0,71,0.0,0.0,0.0,0.0,True,,0
21,0.16999999999999998,20,0.4,0.30000000000000004,25,150000,150000.0,0.0,0.0,0.0,,,0.0,,0.0,0,0,0,0.0,0.0,0.0,0.0,0.0,0.0,,0,71,0.0,0.0,0.0,0.0,True,,0
