near_dte,far_dte,target_delta,profit_target,stop_loss,vix_min,vix_max,dte_exit,initial_capital,final_value,total_pnl,total_return_pct,annualized_return_pct,sharpe_ratio,sortino_ratio,max_drawdown_pct,calmar_ratio,volatility_pct,total_trades,winning_trades,losing_trades,win_rate_pct,avg_win,avg_loss,largest_win,largest_loss,profit_factor,avg_days_in_trade,positive_months,total_months,positive_months_pct,best_month_pct,worst_month_pct,avg_monthly_return_pct,below_min_trades,stability_score,stability_n
28,42,0.45,0.1,-0.5,5,55,11,20000,437842.6611010305,417842.6611010305,2089.213305505152,67.82960503184418,1.888879883932974,2.0797644929578314,-42.142792755134806,1.6095185106966983,28.566398488637716,391,331,60,84.65473145780051,2467.1739458179422,-6079.381651012607,22385.44720504905,-88457.7295680049,2.238809314676811,10.19693094629156,48,71,67.6056338028169,32.054514058977254,-19.427608175472667,4.835648884473727,,1.1300325495188037,657
28,42,0.45,0.1,-0.5,5,55,11,20000,437842.6611010305,417842.6611010305,2089.213305505152,67.82960503184418,1.888879883932974,2.0797644929578314,-42.142792755134806,1.6095185106966983,28.566398488637716,391,331,60,84.65473145780051,2467.1739458179422,-6079.381651012607,22385.44720504905,-88457.7295680049,2.238809314676811,10.19693094629156,48,71,67.6056338028169,32.054514058977254,-19.427608175472667,4.835648884473727,,1.1300325495188037,657
28,42,0.45,0.1,-0.5,5,50,11,20000,437842.6611010305,417842.6611010305,2089.213305505152,67.82960503184418,1.888879883932974,2.0797644929578314,-42.142792755134806,1.6095185106966983,28.566398488637716,391,331,60,84.65473145780051,2467.1739458179422,-6079.381651012607,22385.44720504905,-88457.7295680049,2.238809314676811,10.19693094629156,48,71,67.6056338028169,32.054514058977254,-19.427608175472667,4.835648884473727,,1.1307849461360011,364
28,42,0.45,0.1,-0.5,5,60,11,20000,437842.6611010305,417842.6611010305,2089.213305505152,67.82960503184418,1.888879883932974,2.0797644929578314,-42.142792755134806,1.6095185106966983,28.566398488637716,391,331,60,84.65473145780051,2467.1739458179422,-6079.381651012607,22385.44720504905,-88457.7295680049,2.238809314676811,10.19693094629156,48,71,67.6056338028169,32.054514058977254,-19.427608175472667,4.835648884473727,,1.138041790327345,502
28,42,0.45,0.1,-0.5,5,60,11,20000,437842.6611010305,417842.6611010305,2089.213305505152,67.82960503184418,1.888879883932974,2.0797644929578314,-42.142792755134806,1.6095185106966983,28.566398488637716,391,331,60,84.65473145780051,2467.1739458179422,-6079.381651012607,22385.44720504905,-88457.7295680049,2.238809314676811,10.19693094629156,48,71,67.6056338028169,32.054514058977254,-19.427608175472667,4.835648884473727,,1.138041790327345,502
28,42,0.45,0.1,-0.5,5,55,11,20000,437842.6611010305,417842.6611010305,2089.213305505152,67.82960503184418,1.888879883932974,2.0797644929578314,-42.142792755134806,1.6095185106966983,28.566398488637716,391,331,60,84.65473145780051,2467.1739458179422,-6079.381651012607,22385.44720504905,-88457.7295680049,2.238809314676811,10.19693094629156,48,71,67.6056338028169,32.054514058977254,-19.427608175472667,4.835648884473727,,1.1300325495188037,657
28,42,0.45,0.1,-0.5,5,60,11,20000,437842.6611010305,417842.6611010305,2089.213305505152,67.82960503184418,1.888879883932974,2.0797644929578314,-42.142792755134806,1.6095185106966983,28.566398488637716,391,331,60,84.65473145780051,2467.1739458179422,-6079.381651012607,22385.44720504905,-88457.7295680049,2.238809314676811,10.19693094629156,48,71,67.6056338028169,32.054514058977254,-19.427608175472667,4.835648884473727,,1.138041790327345,502
28,42,0.45,0.1,-0.5,5,55,11,20000,437842.6611010305,417842.6611010305,2089.213305505152,67.82960503184418,1.888879883932974,2.0797644929578314,-42.142792755134806,1.6095185106966983,28.566398488637716,391,331,60,84.65473145780051,2467.1739458179422,-6079.381651012607,22385.44720504905,-88457.7295680049,2.238809314676811,10.19693094629156,48,71,67.6056338028169,32.054514058977254,-19.427608175472667,4.835648884473727,,1.1300325495188037,657
28,42,0.45,0.1,-0.5,5,60,11,20000,437842.6611010305,417842.6611010305,2089.213305505152,67.82960503184418,1.888879883932974,2.0797644929578314,-42.142792755134806,1.6095185106966983,28.566398488637716,391,331,60,84.65473145780051,2467.1739458179422,-6079.381651012607,22385.44720504905,-88457.7295680049,2.238809314676811,10.19693094629156,48,71,67.6056338028169,32.054514058977254,-19.427608175472667,4.835648884473727,,1.138041790327345,502
28,42,0.45,0.1,-0.5,5,60,11,20000,437842.6611010305,417842.6611010305,2089.213305505152,67.82960503184418,1.888879883932974,2.0797644929578314,-42.142792755134806,1.6095185106966983,28.566398488637716,391,331,60,84.65473145780051,2467.1739458179422,-6079.381651012607,22385.44720504905,-88457.7295680049,2.238809314676811,10.19693094629156,48,71,67.6056338028169,32.054514058977254,-19.427608175472667,4.835648884473727,,1.138041790327345,502
28,42,0.45,0.1,-0.5,5,55,11,20000,437842.6611010305,417842.6611010305,2089.213305505152,67.82960503184418,1.888879883932974,2.0797644929578314,-42.142792755134806,1.6095185106966983,28.566398488637716,391,331,60,84.65473145780051,2467.1739458179422,-6079.381651012607,22385.44720504905,-88457.7295680049,2.238809314676811,10.19693094629156,48,71,67.6056338028169,32.054514058977254,-19.427608175472667,4.835648884473727,,1.1300325495188037,657
28,42,0.45,0.1,-0.5,5,60,11,20000,437842.6611010305,417842.6611010305,2089.213305505152,67.82960503184418,1.888879883932974,2.0797644929578314,-42.142792755134806,1.6095185106966983,28.566398488637716,391,331,60,84.65473145780051,2467.1739458179422,-6079.381651012607,22385.44720504905,-88457.7295680049,2.238809314676811,10.19693094629156,48,71,67.6056338028169,32.054514058977254,-19.427608175472667,4.835648884473727,,1.138041790327345,502
28,42,0.45,0.1,-0.5,5,60,11,20000,437842.6611010305,417842.6611010305,2089.213305505152,67.82960503184418,1.888879883932974,2.0797644929578314,-42.142792755134806,1.6095185106966983,28.566398488637716,391,331,60,84.65473145780051,2467.1739458179422,-6079.381651012607,22385.44720504905,-88457.7295680049,2.238809314676811,10.19693094629156,48,71,67.6056338028169,32.054514058977254,-19.427608175472667,4.835648884473727,,1.138041790327345,502
28,42,0.45,0.1,-0.5,5,60,11,20000,437842.6611010305,417842.6611010305,2089.213305505152,67.82960503184418,1.888879883932974,2.0797644929578314,-42.142792755134806,1.6095185106966983,28.566398488637716,391,331,60,84.65473145780051,2467.1739458179422,-6079.381651012607,22385.44720504905,-88457.7295680049,2.238809314676811,10.19693094629156,48,71,67.6056338028169,32.054514058977254,-19.427608175472667,4.835648884473727,,1.138041790327345,502
28,42,0.45,0.1,-0.5,5,55,11,20000,437842.6611010305,417842.6611010305,2089.213305505152,67.82960503184418,1.888879883932974,2.0797644929578314,-42.142792755134806,1.6095185106966983,28.566398488637716,391,331,60,84.65473145780051,2467.1739458179422,-6079.381651012607,22385.44720504905,-88457.7295680049,2.238809314676811,10.19693094629156,48,71,67.6056338028169,32.054514058977254,-19.427608175472667,4.835648884473727,,1.1300325495188037,657
28,42,0.45,0.1,-0.5,5,60,11,20000,437842.6611010305,417842.6611010305,2089.213305505152,67.82960503184418,1.888879883932974,2.0797644929578314,-42.142792755134806,1.6095185106966983,28.566398488637716,391,331,60,84.65473145780051,2467.1739458179422,-6079.381651012607,22385.44720504905,-88457.7295680049,2.238809314676811,10.19693094629156,48,71,67.6056338028169,32.054514058977254,-19.427608175472667,4.835648884473727,,1.138041790327345,502
28,42,0.45,0.1,-0.5,5,55,11,20000,437842.6611010305,417842.6611010305,2089.213305505152,67.82960503184418,1.888879883932974,2.0797644929578314,-42.142792755134806,1.6095185106966983,28.566398488637716,391,331,60,84.65473145780051,2467.1739458179422,-6079.381651012607,22385.44720504905,-88457.7295680049,2.238809314676811,10.19693094629156,48,71,67.6056338028169,32.054514058977254,-19.427608175472667,4.835648884473727,,1.1300325495188037,657
28,42,0.45,0.1,-0.5,5,60,11,20000,437842.6611010305,417842.6611010305,2089.213305505152,67.82960503184418,1.888879883932974,2.0797644929578314,-42.142792755134806,1.6095185106966983,28.566398488637716,391,331,60,84.65473145780051,2467.1739458179422,-6079.381651012607,22385.44720504905,-88457.7295680049,2.238809314676811,10.19693094629156,48,71,67.6056338028169,32.054514058977254,-19.427608175472667,4.835648884473727,,1.138041790327345,502
28,42,0.45,0.1,-0.5,5,60,11,20000,437842.6611010305,417842.6611010305,2089.213305505152,67.82960503184418,1.888879883932974,2.0797644929578314,-42.142792755134806,1.6095185106966983,28.566398488637716,391,331,60,84.65473145780051,2467.1739458179422,-6079.381651012607,22385.44720504905,-88457.7295680049,2.238809314676811,10.19693094629156,48,71,67.6056338028169,32.054514058977254,-19.427608175472667,4.835648884473727,,1.138041790327345,502
28,42,0.45,0.1,-0.5,5,55,11,20000,437842.6611010305,417842.6611010305,2089.213305505152,67.82960503184418,1.888879883932974,2.0797644929578314,-42.142792755134806,1.6095185106966983,28.566398488637716,391,331,60,84.65473145780051,2467.1739458179422,-6079.381651012607,22385.44720504905,-88457.7295680049,2.238809314676811,10.19693094629156,48,71,67.6056338028169,32.054514058977254,-19.427608175472667,4.835648884473727,,1.1300325495188037,657
28,42,0.45,0.1,-0.5,5,60,11,20000,437842.6611010305,417842.6611010305,2089.213305505152,67.82960503184418,1.888879883932974,2.0797644929578314,-42.142792755134806,1.6095185106966983,28.566398488637716,391,331,60,84.65473145780051,2467.1739458179422,-6079.381651012607,22385.44720504905,-88457.7295680049,2.238809314676811,10.19693094629156,48,71,67.6056338028169,32.054514058977254,-19.427608175472667,4.835648884473727,,1.138041790327345,502
28,42,0.45,0.1,-0.5,5,50,11,20000,437842.6611010305,417842.6611010305,2089.213305505152,67.82960503184418,1.888879883932974,2.0797644929578314,-42.142792755134806,1.6095185106966983,28.566398488637716,391,331,60,84.65473145780051,2467.1739458179422,-6079.381651012607,22385.44720504905,-88457.7295680049,2.238809314676811,10.19693094629156,48,71,67.6056338028169,32.054514058977254,-19.427608175472667,4.835648884473727,,1.1307849461360011,364
28,42,0.45,0.1,-0.5,5,50,11,20000,437842.6611010305,417842.6611010305,2089.213305505152,67.82960503184418,1.888879883932974,2.0797644929578314,-42.142792755134806,1.6095185106966983,28.566398488637716,391,331,60,84.65473145780051,2467.1739458179422,-6079.381651012607,22385.44720504905,-88457.7295680049,2.238809314676811,10.19693094629156,48,71,67.6056338028169,32.054514058977254,-19.427608175472667,4.835648884473727,,1.1307849461360011,364
28,42,0.45,0.1,-0.5,5,55,11,20000,437842.6611010305,417842.6611010305,2089.213305505152,67.82960503184418,1.888879883932974,2.0797644929578314,-42.142792755134806,1.6095185106966983,28.566398488637716,391,331,60,84.65473145780051,2467.1739458179422,-6079.381651012607,22385.44720504905,-88457.7295680049,2.238809314676811,10.19693094629156,48,71,67.6056338028169,32.054514058977254,-19.427608175472667,4.835648884473727,,1.1300325495188037,657
28,42,0.45,0.1,-0.5,5,60,11,20000,437842.6611010305,417842.6611010305,2089.213305505152,67.82960503184418,1.888879883932974,2.0797644929578314,-42.142792755134806,1.6095185106966983,28.566398488637716,391,331,60,84.65473145780051,2467.1739458179422,-6079.381651012607,22385.44720504905,-88457.7295680049,2.238809314676811,10.19693094629156,48,71,67.6056338028169,32.054514058977254,-19.427608175472667,4.835648884473727,,1.138041790327345,502
28,42,0.45,0.1,-0.5,5,55,11,20000,437842.6611010305,417842.6611010305,2089.213305505152,67.82960503184418,1.888879883932974,2.0797644929578314,-42.142792755134806,1.6095185106966983,28.566398488637716,391,331,60,84.65473145780051,2467.1739458179422,-6079.381651012607,22385.44720504905,-88457.7295680049,2.238809314676811,10.19693094629156,48,71,67.6056338028169,32.054514058977254,-19.427608175472667,4.835648884473727,,1.1300325495188037,657
28,42,0.45,0.1,-0.5,5,55,11,20000,437842.6611010305,417842.6611010305,2089.213305505152,67.82960503184418,1.888879883932974,2.0797644929578314,-42.142792755134806,1.6095185106966983,28.566398488637716,391,331,60,84.65473145780051,2467.1739458179422,-6079.381651012607,22385.44720504905,-88457.7295680049,2.238809314676811,10.19693094629156,48,71,67.6056338028169,32.054514058977254,-19.427608175472667,4.835648884473727,,1.1300325495188037,657
28,42,0.45,0.1,-0.5,5,55,11,20000,437842.6611010305,417842.6611010305,2089.213305505152,67.82960503184418,1.888879883932974,2.0797644929578314,-42.142792755134806,1.6095185106966983,28.566398488637716,391,331,60,84.65473145780051,2467.1739458179422,-6079.381651012607,22385.44720504905,-88457.7295680049,2.238809314676811,10.19693094629156,48,71,67.6056338028169,32.054514058977254,-19.427608175472667,4.835648884473727,,1.1300325495188037,657
28,42,0.45,0.1,-0.5,5,60,11,20000,437842.6611010305,417842.6611010305,2089.213305505152,67.82960503184418,1.888879883932974,2.0797644929578314,-42.142792755134806,1.6095185106966983,28.566398488637716,391,331,60,84.65473145780051,2467.1739458179422,-6079.381651012607,22385.44720504905,-88457.7295680049,2.238809314676811,10.19693094629156,48,71,67.6056338028169,32.054514058977254,-19.427608175472667,4.835648884473727,,1.138041790327345,502
28,42,0.45,0.1,-0.5,5,60,11,20000,437842.6611010305,417842.6611010305,2089.213305505152,67.82960503184418,1.888879883932974,2.0797644929578314,-42.142792755134806,1.6095185106966983,28.566398488637716,391,331,60,84.65473145780051,2467.1739458179422,-6079.381651012607,22385.44720504905,-88457.7295680049,2.238809314676811,10.19693094629156,48,71,67.6056338028169,32.054514058977254,-19.427608175472667,4.835648884473727,,1.138041790327345,502
28,42,0.45,0.1,-0.5,5,55,11,20000,437842.6611010305,417842.6611010305,2089.213305505152,67.82960503184418,1.888879883932974,2.0797644929578314,-42.142792755134806,1.6095185106966983,28.566398488637716,391,331,60,84.65473145780051,2467.1739458179422,-6079.381651012607,22385.44720504905,-88457.7295680049,2.238809314676811,10.19693094629156,48,71,67.6056338028169,32.054514058977254,-19.427608175472667,4.835648884473727,,1.1300325495188037,657
28,42,0.45,0.1,-0.5,5,55,11,20000,437842.6611010305,417842.6611010305,2089.213305505152,67.82960503184418,1.888879883932974,2.0797644929578314,-42.142792755134806,1.6095185106966983,28.566398488637716,391,331,60,84.65473145780051,2467.1739458179422,-6079.381651012607,22385.44720504905,-88457.7295680049,2.238809314676811,10.19693094629156,48,71,67.6056338028169,32.054514058977254,-19.427608175472667,4.835648884473727,,1.1300325495188037,657
28,42,0.45,0.1,-0.5,5,60,11,20000,437842.6611010305,417842.6611010305,2089.213305505152,67.82960503184418,1.888879883932974,2.0797644929578314,-42.142792755134806,1.6095185106966983,28.566398488637716,391,331,60,84.65473145780051,2467.1739458179422,-6079.381651012607,22385.44720504905,-88457.7295680049,2.238809314676811,10.19693094629156,48,71,67.6056338028169,32.054514058977254,-19.427608175472667,4.835648884473727,,1.138041790327345,502
28,42,0.45,0.1,-0.5,5,60,11,20000,437842.6611010305,417842.6611010305,2089.213305505152,67.82960503184418,1.888879883932974,2.0797644929578314,-42.142792755134806,1.6095185106966983,28.566398488637716,391,331,60,84.65473145780051,2467.1739458179422,-6079.381651012607,22385.44720504905,-88457.7295680049,2.238809314676811,10.19693094629156,48,71,67.6056338028169,32.054514058977254,-19.427608175472667,4.835648884473727,,1.138041790327345,502
28,42,0.45,0.1,-0.5,5,55,11,20000,437842.6611010305,417842.6611010305,2089.213305505152,67.82960503184418,1.888879883932974,2.0797644929578314,-42.142792755134806,1.6095185106966983,28.566398488637716,391,331,60,84.65473145780051,2467.1739458179422,-6079.381651012607,22385.44720504905,-88457.7295680049,2.238809314676811,10.19693094629156,48,71,67.6056338028169,32.054514058977254,-19.427608175472667,4.835648884473727,,1.1300325495188037,657
28,42,0.45,0.1,-0.5,5,50,11,20000,437842.6611010305,417842.6611010305,2089.213305505152,67.82960503184418,1.888879883932974,2.0797644929578314,-42.142792755134806,1.6095185106966983,28.566398488637716,391,331,60,84.65473145780051,2467.1739458179422,-6079.381651012607,22385.44720504905,-88457.7295680049,2.238809314676811,10.19693094629156,48,71,67.6056338028169,32.054514058977254,-19.427608175472667,4.835648884473727,,1.1307849461360011,364
28,42,0.45,0.1,-0.5,5,60,11,20000,437842.6611010305,417842.6611010305,2089.213305505152,67.82960503184418,1.888879883932974,2.0797644929578314,-42.142792755134806,1.6095185106966983,28.566398488637716,391,331,60,84.65473145780051,2467.1739458179422,-6079.381651012607,22385.44720504905,-88457.7295680049,2.238809314676811,10.19693094629156,48,71,67.6056338028169,32.054514058977254,-19.427608175472667,4.835648884473727,,1.138041790327345,502
28,42,0.45,0.1,-0.5,5,55,11,20000,437842.6611010305,417842.6611010305,2089.213305505152,67.82960503184418,1.888879883932974,2.0797644929578314,-42.142792755134806,1.6095185106966983,28.566398488637716,391,331,60,84.65473145780051,2467.1739458179422,-6079.381651012607,22385.44720504905,-88457.7295680049,2.238809314676811,10.19693094629156,48,71,67.6056338028169,32.054514058977254,-19.427608175472667,4.835648884473727,,1.1300325495188037,657
28,42,0.45,0.1,-0.5,5,60,11,20000,437842.6611010305,417842.6611010305,2089.213305505152,67.82960503184418,1.888879883932974,2.0797644929578314,-42.142792755134806,1.6095185106966983,28.566398488637716,391,331,60,84.65473145780051,2467.1739458179422,-6079.381651012607,22385.44720504905,-88457.7295680049,2.238809314676811,10.19693094629156,48,71,67.6056338028169,32.054514058977254,-19.427608175472667,4.835648884473727,,1.138041790327345,502
28,42,0.45,0.1,-0.5,5,50,11,20000,437842.6611010305,417842.6611010305,2089.213305505152,67.82960503184418,1.888879883932974,2.0797644929578314,-42.142792755134806,1.6095185106966983,28.566398488637716,391,331,60,84.65473145780051,2467.1739458179422,-6079.381651012607,22385.44720504905,-88457.7295680049,2.238809314676811,10.19693094629156,48,71,67.6056338028169,32.054514058977254,-19.427608175472667,4.835648884473727,,1.1307849461360011,364
28,42,0.45,0.1,-0.5,5,60,11,20000,437842.6611010305,417842.6611010305,2089.213305505152,67.82960503184418,1.888879883932974,2.0797644929578314,-42.142792755134806,1.6095185106966983,28.566398488637716,391,331,60,84.65473145780051,2467.1739458179422,-6079.381651012607,22385.44720504905,-88457.7295680049,2.238809314676811,10.19693094629156,48,71,67.6056338028169,32.054514058977254,-19.427608175472667,4.835648884473727,,1.138041790327345,502
28,42,0.45,0.1,-0.5,5,55,11,20000,437842.6611010305,417842.6611010305,2089.213305505152,67.82960503184418,1.888879883932974,2.0797644929578314,-42.142792755134806,1.6095185106966983,28.566398488637716,391,331,60,84.65473145780051,2467.1739458179422,-6079.381651012607,22385.44720504905,-88457.7295680049,2.238809314676811,10.19693094629156,48,71,67.6056338028169,32.054514058977254,-19.427608175472667,4.835648884473727,,1.1300325495188037,657
28,42,0.45,0.1,-0.5,5,60,11,20000,437842.6611010305,417842.6611010305,2089.213305505152,67.82960503184418,1.888879883932974,2.0797644929578314,-42.142792755134806,1.6095185106966983,28.566398488637716,391,331,60,84.65473145780051,2467.1739458179422,-6079.381651012607,22385.44720504905,-88457.7295680049,2.238809314676811,10.19693094629156,48,71,67.6056338028169,32.054514058977254,-19.427608175472667,4.835648884473727,,1.138041790327345,502
28,42,0.45,0.1,-0.5,5,60,11,20000,437842.6611010305,417842.6611010305,2089.213305505152,67.82960503184418,1.888879883932974,2.0797644929578314,-42.142792755134806,1.6095185106966983,28.566398488637716,391,331,60,84.65473145780051,2467.1739458179422,-6079.381651012607,22385.44720504905,-88457.7295680049,2.238809314676811,10.19693094629156,48,71,67.6056338028169,32.054514058977254,-19.427608175472667,4.835648884473727,,1.138041790327345,502
28,42,0.45,0.1,-0.5,5,50,11,20000,437842.6611010305,417842.6611010305,2089.213305505152,67.82960503184418,1.888879883932974,2.0797644929578314,-42.142792755134806,1.6095185106966983,28.566398488637716,391,331,60,84.65473145780051,2467.1739458179422,-6079.381651012607,22385.44720504905,-88457.7295680049,2.238809314676811,10.19693094629156,48,71,67.6056338028169,32.054514058977254,-19.427608175472667,4.835648884473727,,1.1307849461360011,364
28,42,0.45,0.1,-0.5,5,60,11,20000,437842.6611010305,417842.6611010305,2089.213305505152,67.82960503184418,1.888879883932974,2.0797644929578314,-42.142792755134806,1.6095185106966983,28.566398488637716,391,331,60,84.65473145780051,2467.1739458179422,-6079.381651012607,22385.44720504905,-88457.7295680049,2.238809314676811,10.19693094629156,48,71,67.6056338028169,32.054514058977254,-19.427608175472667,4.835648884473727,,1.138041790327345,502
28,42,0.45,0.1,-0.5,5,50,11,20000,437842.6611010305,417842.6611010305,2089.213305505152,67.82960503184418,1.888879883932974,2.0797644929578314,-42.142792755134806,1.6095185106966983,28.566398488637716,391,331,60,84.65473145780051,2467.1739458179422,-6079.381651012607,22385.44720504905,-88457.7295680049,2.238809314676811,10.19693094629156,48,71,67.6056338028169,32.054514058977254,-19.427608175472667,4.835648884473727,,1.1307849461360011,364
28,42,0.45,0.1,-0.5,5,60,11,20000,437842.6611010305,417842.6611010305,2089.213305505152,67.82960503184418,1.888879883932974,2.0797644929578314,-42.142792755134806,1.6095185106966983,28.566398488637716,391,331,60,84.65473145780051,2467.1739458179422,-6079.381651012607,22385.44720504905,-88457.7295680049,2.238809314676811,10.19693094629156,48,71,67.6056338028169,32.054514058977254,-19.427608175472667,4.835648884473727,,1.138041790327345,502
28,42,0.45,0.1,-0.5,5,60,11,20000,437842.6611010305,417842.6611010305,2089.213305505152,67.82960503184418,1.888879883932974,2.0797644929578314,-42.142792755134806,1.6095185106966983,28.566398488637716,391,331,60,84.65473145780051,2467.1739458179422,-6079.381651012607,22385.44720504905,-88457.7295680049,2.238809314676811,10.19693094629156,48,71,67.6056338028169,32.054514058977254,-19.427608175472667,4.835648884473727,,1.138041790327345,502
28,42,0.45,0.1,-0.5,5,50,11,20000,437842.6611010305,417842.6611010305,2089.213305505152,67.82960503184418,1.888879883932974,2.0797644929578314,-42.142792755134806,1.6095185106966983,28.566398488637716,391,331,60,84.65473145780051,2467.1739458179422,-6079.381651012607,22385.44720504905,-88457.7295680049,2.238809314676811,10.19693094629156,48,71,67.6056338028169,32.054514058977254,-19.427608175472667,4.835648884473727,,1.1307849461360011,364
28,42,0.45,0.1,-0.5,5,60,11,20000,437842.6611010305,417842.6611010305,2089.213305505152,67.82960503184418,1.888879883932974,2.0797644929578314,-42.142792755134806,1.6095185106966983,28.566398488637716,391,331,60,84.65473145780051,2467.1739458179422,-6079.381651012607,22385.44720504905,-88457.7295680049,2.238809314676811,10.19693094629156,48,71,67.6056338028169,32.054514058977254,-19.427608175472667,4.835648884473727,,1.138041790327345,502
28,42,0.45,0.1,-0.5,5,60,11,20000,437842.6611010305,417842.6611010305,2089.213305505152,67.82960503184418,1.888879883932974,2.0797644929578314,-42.142792755134806,1.6095185106966983,28.566398488637716,391,331,60,84.65473145780051,2467.1739458179422,-6079.381651012607,22385.44720504905,-88457.7295680049,2.238809314676811,10.19693094629156,48,71,67.6056338028169,32.054514058977254,-19.427608175472667,4.835648884473727,,1.138041790327345,502
28,42,0.45,0.1,-0.5,5,50,11,20000,437842.6611010305,417842.6611010305,2089.213305505152,67.82960503184418,1.888879883932974,2.0797644929578314,-42.142792755134806,1.6095185106966983,28.566398488637716,391,331,60,84.65473145780051,2467.1739458179422,-6079.381651012607,22385.44720504905,-88457.7295680049,2.238809314676811,10.19693094629156,48,71,67.6056338028169,32.054514058977254,-19.427608175472667,4.835648884473727,,1.1307849461360011,364
28,42,0.45,0.1,-0.5,5,60,11,20000,437842.6611010305,417842.6611010305,2089.213305505152,67.82960503184418,1.888879883932974,2.0797644929578314,-42.142792755134806,1.6095185106966983,28.566398488637716,391,331,60,84.65473145780051,2467.1739458179422,-6079.381651012607,22385.44720504905,-88457.7295680049,2.238809314676811,10.19693094629156,48,71,67.6056338028169,32.054514058977254,-19.427608175472667,4.835648884473727,,1.138041790327345,502
28,42,0.45,0.1,-0.5,5,50,11,20000,437842.6611010305,417842.6611010305,2089.213305505152,67.82960503184418,1.888879883932974,2.0797644929578314,-42.142792755134806,1.6095185106966983,28.566398488637716,391,331,60,84.65473145780051,2467.1739458179422,-6079.381651012607,22385.44720504905,-88457.7295680049,2.238809314676811,10.19693094629156,48,71,67.6056338028169,32.054514058977254,-19.427608175472667,4.835648884473727,,1.1307849461360011,364
28,42,0.45,0.1,-0.5,5,55,11,20000,437842.6611010305,417842.6611010305,2089.213305505152,67.82960503184418,1.888879883932974,2.0797644929578314,-42.142792755134806,1.6095185106966983,28.566398488637716,391,331,60,84.65473145780051,2467.1739458179422,-6079.381651012607,22385.44720504905,-88457.7295680049,2.238809314676811,10.19693094629156,48,71,67.6056338028169,32.054514058977254,-19.427608175472667,4.835648884473727,,1.1300325495188037,657
28,42,0.45,0.1,-0.5,5,60,11,20000,437842.6611010305,417842.6611010305,2089.213305505152,67.82960503184418,1.888879883932974,2.0797644929578314,-42.142792755134806,1.6095185106966983,28.566398488637716,391,331,60,84.65473145780051,2467.1739458179422,-6079.381651012607,22385.44720504905,-88457.7295680049,2.238809314676811,10.19693094629156,48,71,67.6056338028169,32.054514058977254,-19.427608175472667,4.835648884473727,,1.138041790327345,502
28,42,0.45,0.1,-0.5,5,50,11,20000,437842.6611010305,417842.6611010305,2089.213305505152,67.82960503184418,1.888879883932974,2.0797644929578314,-42.142792755134806,1.6095185106966983,28.566398488637716,391,331,60,84.65473145780051,2467.1739458179422,-6079.381651012607,22385.44720504905,-88457.7295680049,2.238809314676811,10.19693094629156,48,71,67.6056338028169,32.054514058977254,-19.427608175472667,4.835648884473727,,1.1307849461360011,364
28,42,0.45,0.1,-0.5,5,55,11,20000,437842.6611010305,417842.6611010305,2089.213305505152,67.82960503184418,1.888879883932974,2.0797644929578314,-42.142792755134806,1.6095185106966983,28.566398488637716,391,331,60,84.65473145780051,2467.1739458179422,-6079.381651012607,22385.44720504905,-88457.7295680049,2.238809314676811,10.19693094629156,48,71,67.6056338028169,32.054514058977254,-19.427608175472667,4.835648884473727,,1.1300325495188037,657
28,42,0.45,0.1,-0.5,5,40,11,20000,437842.6611010305,417842.6611010305,2089.213305505152,67.82960503184418,1.888879883932974,2.0797644929578314,-42.142792755134806,1.6095185106966983,28.566398488637716,391,331,60,84.65473145780051,2467.1739458179422,-6079.381651012607,22385.44720504905,-88457.7295680049,2.238809314676811,10.19693094629156,48,71,67.6056338028169,32.054514058977254,-19.427608175472667,4.835648884473727,,1.0001812375637023,34
28,42,0.45,0.1,-0.5,5,55,11,20000,437842.6611010305,417842.6611010305,2089.213305505152,67.82960503184418,1.888879883932974,2.0797644929578314,-42.142792755134806,1.6095185106966983,28.566398488637716,391,331,60,84.65473145780051,2467.1739458179422,-6079.381651012607,22385.44720504905,-88457.7295680049,2.238809314676811,10.19693094629156,48,71,67.6056338028169,32.054514058977254,-19.427608175472667,4.835648884473727,,1.1300325495188037,657
28,42,0.45,0.1,-0.5,5,55,11,20000,437842.6611010305,417842.6611010305,2089.213305505152,67.82960503184418,1.888879883932974,2.0797644929578314,-42.142792755134806,1.6095185106966983,28.566398488637716,391,331,60,84.65473145780051,2467.1739458179422,-6079.381651012607,22385.44720504905,-88457.7295680049,2.238809314676811,10.19693094629156,48,71,67.6056338028169,32.054514058977254,-19.427608175472667,4.835648884473727,,1.1300325495188037,657
28,42,0.45,0.1,-0.5,5,55,11,20000,437842.6611010305,417842.6611010305,2089.213305505152,67.82960503184418,1.888879883932974,2.0797644929578314,-42.142792755134806,1.6095185106966983,28.566398488637716,391,331,60,84.65473145780051,2467.1739458179422,-6079.381651012607,22385.44720504905,-88457.7295680049,2.238809314676811,10.19693094629156,48,71,67.6056338028169,32.054514058977254,-19.427608175472667,4.835648884473727,,1.1300325495188037,657
28,42,0.45,0.1,-0.5,5,60,11,20000,437842.6611010305,417842.6611010305,2089.213305505152,67.82960503184418,1.888879883932974,2.0797644929578314,-42.142792755134806,1.6095185106966983,28.566398488637716,391,331,60,84.65473145780051,2467.1739458179422,-6079.381651012607,22385.44720504905,-88457.7295680049,2.238809314676811,10.19693094629156,48,71,67.6056338028169,32.054514058977254,-19.427608175472667,4.835648884473727,,1.138041790327345,502
28,42,0.45,0.1,-0.5,5,60,11,20000,437842.6611010305,417842.6611010305,2089.213305505152,67.82960503184418,1.888879883932974,2.0797644929578314,-42.142792755134806,1.6095185106966983,28.566398488637716,391,331,60,84.65473145780051,2467.1739458179422,-6079.381651012607,22385.44720504905,-88457.7295680049,2.238809314676811,10.19693094629156,48,71,67.6056338028169,32.054514058977254,-19.427608175472667,4.835648884473727,,1.138041790327345,502
28,42,0.45,0.1,-0.5,5,60,11,20000,437842.6611010305,417842.6611010305,2089.213305505152,67.82960503184418,1.888879883932974,2.0797644929578314,-42.142792755134806,1.6095185106966983,28.566398488637716,391,331,60,84.65473145780051,2467.1739458179422,-6079.381651012607,22385.44720504905,-88457.7295680049,2.238809314676811,10.19693094629156,48,71,67.6056338028169,32.054514058977254,-19.427608175472667,4.835648884473727,,1.138041790327345,502
28,42,0.45,0.1,-0.5,5,50,11,20000,437842.6611010305,417842.6611010305,2089.213305505152,67.82960503184418,1.888879883932974,2.0797644929578314,-42.142792755134806,1.6095185106966983,28.566398488637716,391,331,60,84.65473145780051,2467.1739458179422,-6079.381651012607,22385.44720504905,-88457.7295680049,2.238809314676811,10.19693094629156,48,71,67.6056338028169,32.054514058977254,-19.427608175472667,4.835648884473727,,1.1307849461360011,364
28,42,0.45,0.1,-0.5,5,60,11,20000,437842.6611010305,417842.6611010305,2089.213305505152,67.82960503184418,1.888879883932974,2.0797644929578314,-42.142792755134806,1.6095185106966983,28.566398488637716,391,331,60,84.65473145780051,2467.1739458179422,-6079.381651012607,22385.44720504905,-88457.7295680049,2.238809314676811,10.19693094629156,48,71,67.6056338028169,32.054514058977254,-19.427608175472667,4.835648884473727,,1.138041790327345,502
28,42,0.45,0.1,-0.5,5,60,11,20000,437842.6611010305,417842.6611010305,2089.213305505152,67.82960503184418,1.888879883932974,2.0797644929578314,-42.142792755134806,1.6095185106966983,28.566398488637716,391,331,60,84.65473145780051,2467.1739458179422,-6079.381651012607,22385.44720504905,-88457.7295680049,2.238809314676811,10.19693094629156,48,71,67.6056338028169,32.054514058977254,-19.427608175472667,4.835648884473727,,1.138041790327345,502
28,42,0.45,0.1,-0.5,5,60,11,20000,437842.6611010305,417842.6611010305,2089.213305505152,67.82960503184418,1.888879883932974,2.0797644929578314,-42.142792755134806,1.6095185106966983,28.566398488637716,391,331,60,84.65473145780051,2467.1739458179422,-6079.381651012607,22385.44720504905,-88457.7295680049,2.238809314676811,10.19693094629156,48,71,67.6056338028169,32.054514058977254,-19.427608175472667,4.835648884473727,,1.138041790327345,502
28,42,0.45,0.1,-0.5,5,50,11,20000,437842.6611010305,417842.6611010305,2089.213305505152,67.82960503184418,1.888879883932974,2.0797644929578314,-42.142792755134806,1.6095185106966983,28.566398488637716,391,331,60,84.65473145780051,2467.1739458179422,-6079.381651012607,22385.44720504905,-88457.7295680049,2.238809314676811,10.19693094629156,48,71,67.6056338028169,32.054514058977254,-19.427608175472667,4.835648884473727,,1.1307849461360011,364
28,42,0.45,0.1,-0.5,5,60,11,20000,437842.6611010305,417842.6611010305,2089.213305505152,67.82960503184418,1.888879883932974,2.0797644929578314,-42.142792755134806,1.6095185106966983,28.566398488637716,391,331,60,84.65473145780051,2467.1739458179422,-6079.381651012607,22385.44720504905,-88457.7295680049,2.238809314676811,10.19693094629156,48,71,67.6056338028169,32.054514058977254,-19.427608175472667,4.835648884473727,,1.138041790327345,502
28,42,0.45,0.1,-0.5,5,55,11,20000,437842.6611010305,417842.6611010305,2089.213305505152,67.82960503184418,1.888879883932974,2.0797644929578314,-42.142792755134806,1.6095185106966983,28.566398488637716,391,331,60,84.65473145780051,2467.1739458179422,-6079.381651012607,22385.44720504905,-88457.7295680049,2.238809314676811,10.19693094629156,48,71,67.6056338028169,32.054514058977254,-19.427608175472667,4.835648884473727,,1.1300325495188037,657
28,42,0.45,0.1,-0.5,5,60,11,20000,437842.6611010305,417842.6611010305,2089.213305505152,67.82960503184418,1.888879883932974,2.0797644929578314,-42.142792755134806,1.6095185106966983,28.566398488637716,391,331,60,84.65473145780051,2467.1739458179422,-6079.381651012607,22385.44720504905,-88457.7295680049,2.238809314676811,10.19693094629156,48,71,67.6056338028169,32.054514058977254,-19.427608175472667,4.835648884473727,,1.138041790327345,502
28,42,0.45,0.1,-0.5,5,55,11,20000,437842.6611010305,417842.6611010305,2089.213305505152,67.82960503184418,1.888879883932974,2.0797644929578314,-42.142792755134806,1.6095185106966983,28.566398488637716,391,331,60,84.65473145780051,2467.1739458179422,-6079.381651012607,22385.44720504905,-88457.7295680049,2.238809314676811,10.19693094629156,48,71,67.6056338028169,32.054514058977254,-19.427608175472667,4.835648884473727,,1.1300325495188037,657
28,42,0.45,0.1,-0.5,5,55,11,20000,437842.6611010305,417842.6611010305,2089.213305505152,67.82960503184418,1.888879883932974,2.0797644929578314,-42.142792755134806,1.6095185106966983,28.566398488637716,391,331,60,84.65473145780051,2467.1739458179422,-6079.381651012607,22385.44720504905,-88457.7295680049,2.238809314676811,10.19693094629156,48,71,67.6056338028169,32.054514058977254,-19.427608175472667,4.835648884473727,,1.1300325495188037,657
28,42,0.45,0.1,-0.5,5,50,11,20000,437842.6611010305,417842.6611010305,2089.213305505152,67.82960503184418,1.888879883932974,2.0797644929578314,-42.142792755134806,1.6095185106966983,28.566398488637716,391,331,60,84.65473145780051,2467.1739458179422,-6079.381651012607,22385.44720504905,-88457.7295680049,2.238809314676811,10.19693094629156,48,71,67.6056338028169,32.054514058977254,-19.427608175472667,4.835648884473727,,1.1307849461360011,364
28,42,0.45,0.1,-0.5,5,60,11,20000,437842.6611010305,417842.6611010305,2089.213305505152,67.82960503184418,1.888879883932974,2.0797644929578314,-42.142792755134806,1.6095185106966983,28.566398488637716,391,331,60,84.65473145780051,2467.1739458179422,-6079.381651012607,22385.44720504905,-88457.7295680049,2.238809314676811,10.19693094629156,48,71,67.6056338028169,32.054514058977254,-19.427608175472667,4.835648884473727,,1.138041790327345,502
28,42,0.45,0.1,-0.5,5,50,11,20000,437842.6611010305,417842.6611010305,2089.213305505152,67.82960503184418,1.888879883932974,2.0797644929578314,-42.142792755134806,1.6095185106966983,28.566398488637716,391,331,60,84.65473145780051,2467.1739458179422,-6079.381651012607,22385.44720504905,-88457.7295680049,2.238809314676811,10.19693094629156,48,71,67.6056338028169,32.054514058977254,-19.427608175472667,4.835648884473727,,1.1307849461360011,364
28,42,0.45,0.1,-0.5,5,60,11,20000,437842.6611010305,417842.6611010305,2089.213305505152,67.82960503184418,1.888879883932974,2.0797644929578314,-42.142792755134806,1.6095185106966983,28.566398488637716,391,331,60,84.65473145780051,2467.1739458179422,-6079.381651012607,22385.44720504905,-88457.7295680049,2.238809314676811,10.19693094629156,48,71,67.6056338028169,32.054514058977254,-19.427608175472667,4.835648884473727,,1.138041790327345,502
28,42,0.45,0.1,-0.5,5,55,11,20000,437842.6611010305,417842.6611010305,2089.213305505152,67.82960503184418,1.888879883932974,2.0797644929578314,-42.142792755134806,1.6095185106966983,28.566398488637716,391,331,60,84.65473145780051,2467.1739458179422,-6079.381651012607,22385.44720504905,-88457.7295680049,2.238809314676811,10.19693094629156,48,71,67.6056338028169,32.054514058977254,-19.427608175472667,4.835648884473727,,1.1300325495188037,657
28,42,0.45,0.1,-0.5,5,60,11,20000,437842.6611010305,417842.6611010305,2089.213305505152,67.82960503184418,1.888879883932974,2.0797644929578314,-42.142792755134806,1.6095185106966983,28.566398488637716,391,331,60,84.65473145780051,2467.1739458179422,-6079.381651012607,22385.44720504905,-88457.7295680049,2.238809314676811,10.19693094629156,48,71,67.6056338028169,32.054514058977254,-19.427608175472667,4.835648884473727,,1.138041790327345,502
28,42,0.45,0.1,-0.5,5,60,11,20000,437842.6611010305,417842.6611010305,2089.213305505152,67.82960503184418,1.888879883932974,2.0797644929578314,-42.142792755134806,1.6095185106966983,28.566398488637716,391,331,60,84.65473145780051,2467.1739458179422,-6079.381651012607,22385.44720504905,-88457.7295680049,2.238809314676811,10.19693094629156,48,71,67.6056338028169,32.054514058977254,-19.427608175472667,4.835648884473727,,1.138041790327345,502
28,42,0.45,0.1,-0.5,5,55,11,20000,437842.6611010305,417842.6611010305,2089.213305505152,67.82960503184418,1.888879883932974,2.0797644929578314,-42.142792755134806,1.6095185106966983,28.566398488637716,391,331,60,84.65473145780051,2467.1739458179422,-6079.381651012607,22385.44720504905,-88457.7295680049,2.238809314676811,10.19693094629156,48,71,67.6056338028169,32.054514058977254,-19.427608175472667,4.835648884473727,,1.1300325495188037,657
28,42,0.45,0.1,-0.5,5,55,11,20000,437842.6611010305,417842.6611010305,2089.213305505152,67.82960503184418,1.888879883932974,2.0797644929578314,-42.142792755134806,1.6095185106966983,28.566398488637716,391,331,60,84.65473145780051,2467.1739458179422,-6079.381651012607,22385.44720504905,-88457.7295680049,2.238809314676811,10.19693094629156,48,71,67.6056338028169,32.054514058977254,-19.427608175472667,4.835648884473727,,1.1300325495188037,657
28,42,0.45,0.1,-0.5,5,55,11,20000,437842.6611010305,417842.6611010305,2089.213305505152,67.82960503184418,1.888879883932974,2.0797644929578314,-42.142792755134806,1.6095185106966983,28.566398488637716,391,331,60,84.65473145780051,2467.1739458179422,-6079.381651012607,22385.44720504905,-88457.7295680049,2.238809314676811,10.19693094629156,48,71,67.6056338028169,32.054514058977254,-19.427608175472667,4.835648884473727,,1.1300325495188037,657
28,42,0.45,0.1,-0.5,5,45,11,20000,437842.6611010305,417842.6611010305,2089.213305505152,67.82960503184418,1.888879883932974,2.0797644929578314,-42.142792755134806,1.6095185106966983,28.566398488637716,391,331,60,84.65473145780051,2467.1739458179422,-6079.381651012607,22385.44720504905,-88457.7295680049,2.238809314676811,10.19693094629156,48,71,67.6056338028169,32.054514058977254,-19.427608175472667,4.835648884473727,,1.087772679252623,188
28,42,0.45,0.1,-0.5,5,60,11,20000,437842.6611010305,417842.6611010305,2089.213305505152,67.82960503184418,1.888879883932974,2.0797644929578314,-42.142792755134806,1.6095185106966983,28.566398488637716,391,331,60,84.65473145780051,2467.1739458179422,-6079.381651012607,22385.44720504905,-88457.7295680049,2.238809314676811,10.19693094629156,48,71,67.6056338028169,32.054514058977254,-19.427608175472667,4.835648884473727,,1.138041790327345,502
28,42,0.45,0.1,-0.5,5,60,11,20000,437842.6611010305,417842.6611010305,2089.213305505152,67.82960503184418,1.888879883932974,2.0797644929578314,-42.142792755134806,1.6095185106966983,28.566398488637716,391,331,60,84.65473145780051,2467.1739458179422,-6079.381651012607,22385.44720504905,-88457.7295680049,2.238809314676811,10.19693094629156,48,71,67.6056338028169,32.054514058977254,-19.427608175472667,4.835648884473727,,1.138041790327345,502
28,42,0.45,0.1,-0.5,5,55,11,20000,437842.6611010305,417842.6611010305,2089.213305505152,67.82960503184418,1.888879883932974,2.0797644929578314,-42.142792755134806,1.6095185106966983,28.566398488637716,391,331,60,84.65473145780051,2467.1739458179422,-6079.381651012607,22385.44720504905,-88457.7295680049,2.238809314676811,10.19693094629156,48,71,67.6056338028169,32.054514058977254,-19.427608175472667,4.835648884473727,,1.1300325495188037,657
28,42,0.45,0.1,-0.5,5,55,11,20000,437842.6611010305,417842.6611010305,2089.213305505152,67.82960503184418,1.888879883932974,2.0797644929578314,-42.142792755134806,1.6095185106966983,28.566398488637716,391,331,60,84.65473145780051,2467.1739458179422,-6079.381651012607,22385.44720504905,-88457.7295680049,2.238809314676811,10.19693094629156,48,71,67.6056338028169,32.054514058977254,-19.427608175472667,4.835648884473727,,1.1300325495188037,657
28,42,0.45,0.1,-0.5,5,60,11,20000,437842.6611010305,417842.6611010305,2089.213305505152,67.82960503184418,1.888879883932974,2.0797644929578314,-42.142792755134806,1.6095185106966983,28.566398488637716,391,331,60,84.65473145780051,2467.1739458179422,-6079.381651012607,22385.44720504905,-88457.7295680049,2.238809314676811,10.19693094629156,48,71,67.6056338028169,32.054514058977254,-19.427608175472667,4.835648884473727,,1.138041790327345,502
28,42,0.45,0.1,-0.5,5,55,11,20000,437842.6611010305,417842.6611010305,2089.213305505152,67.82960503184418,1.888879883932974,2.0797644929578314,-42.142792755134806,1.6095185106966983,28.566398488637716,391,331,60,84.65473145780051,2467.1739458179422,-6079.381651012607,22385.44720504905,-88457.7295680049,2.238809314676811,10.19693094629156,48,71,67.6056338028169,32.054514058977254,-19.427608175472667,4.835648884473727,,1.1300325495188037,657
28,42,0.45,0.1,-0.5,5,60,11,20000,437842.6611010305,417842.6611010305,2089.213305505152,67.82960503184418,1.888879883932974,2.0797644929578314,-42.142792755134806,1.6095185106966983,28.566398488637716,391,331,60,84.65473145780051,2467.1739458179422,-6079.381651012607,22385.44720504905,-88457.7295680049,2.238809314676811,10.19693094629156,48,71,67.6056338028169,32.054514058977254,-19.427608175472667,4.835648884473727,,1.138041790327345,502
28,42,0.45,0.1,-0.5,5,50,11,20000,437842.6611010305,417842.6611010305,2089.213305505152,67.82960503184418,1.888879883932974,2.0797644929578314,-42.142792755134806,1.6095185106966983,28.566398488637716,391,331,60,84.65473145780051,2467.1739458179422,-6079.381651012607,22385.44720504905,-88457.7295680049,2.238809314676811,10.19693094629156,48,71,67.6056338028169,32.054514058977254,-19.427608175472667,4.835648884473727,,1.1307849461360011,364
28,42,0.45,0.1,-0.5,5,50,11,20000,437842.6611010305,417842.6611010305,2089.213305505152,67.82960503184418,1.888879883932974,2.0797644929578314,-42.142792755134806,1.6095185106966983,28.566398488637716,391,331,60,84.65473145780051,2467.1739458179422,-6079.381651012607,22385.44720504905,-88457.7295680049,2.238809314676811,10.19693094629156,48,71,67.6056338028169,32.054514058977254,-19.427608175472667,4.835648884473727,,1.1307849461360011,364
28,42,0.45,0.1,-0.5,5,60,11,20000,437842.6611010305,417842.6611010305,2089.213305505152,67.82960503184418,1.888879883932974,2.0797644929578314,-42.142792755134806,1.6095185106966983,28.566398488637716,391,331,60,84.65473145780051,2467.1739458179422,-6079.381651012607,22385.44720504905,-88457.7295680049,2.238809314676811,10.19693094629156,48,71,67.6056338028169,32.054514058977254,-19.427608175472667,4.835648884473727,,1.138041790327345,502
28,42,0.45,0.1,-0.5,5,60,11,20000,437842.6611010305,417842.6611010305,2089.213305505152,67.82960503184418,1.888879883932974,2.0797644929578314,-42.142792755134806,1.6095185106966983,28.566398488637716,391,331,60,84.65473145780051,2467.1739458179422,-6079.381651012607,22385.44720504905,-88457.7295680049,2.238809314676811,10.19693094629156,48,71,67.6056338028169,32.054514058977254,-19.427608175472667,4.835648884473727,,1.138041790327345,502
28,42,0.45,0.1,-0.5,5,60,11,20000,437842.6611010305,417842.6611010305,2089.213305505152,67.82960503184418,1.888879883932974,2.0797644929578314,-42.142792755134806,1.6095185106966983,28.566398488637716,391,331,60,84.65473145780051,2467.1739458179422,-6079.381651012607,22385.44720504905,-88457.7295680049,2.238809314676811,10.19693094629156,48,71,67.6056338028169,32.054514058977254,-19.427608175472667,4.835648884473727,,1.138041790327345,502
28,42,0.45,0.1,-0.5,5,60,11,20000,437842.6611010305,417842.6611010305,2089.213305505152,67.82960503184418,1.888879883932974,2.0797644929578314,-42.142792755134806,1.6095185106966983,28.566398488637716,391,331,60,84.65473145780051,2467.1739458179422,-6079.381651012607,22385.44720504905,-88457.7295680049,2.238809314676811,10.19693094629156,48,71,67.6056338028169,32.054514058977254,-19.427608175472667,4.835648884473727,,1.138041790327345,502
28,42,0.45,0.1,-0.5,5,50,11,20000,437842.6611010305,417842.6611010305,2089.213305505152,67.82960503184418,1.888879883932974,2.0797644929578314,-42.142792755134806,1.6095185106966983,28.566398488637716,391,331,60,84.65473145780051,2467.1739458179422,-6079.381651012607,22385.44720504905,-88457.7295680049,2.238809314676811,10.19693094629156,48,71,67.6056338028169,32.054514058977254,-19.427608175472667,4.835648884473727,,1.1307849461360011,364
28,42,0.45,0.1,-0.5,5,55,11,20000,437842.6611010305,417842.6611010305,2089.213305505152,67.82960503184418,1.888879883932974,2.0797644929578314,-42.142792755134806,1.6095185106966983,28.566398488637716,391,331,60,84.65473145780051,2467.1739458179422,-6079.381651012607,22385.44720504905,-88457.7295680049,2.238809314676811,10.19693094629156,48,71,67.6056338028169,32.054514058977254,-19.427608175472667,4.835648884473727,,1.1300325495188037,657
28,42,0.45,0.1,-0.5,5,50,11,20000,437842.6611010305,417842.6611010305,2089.213305505152,67.82960503184418,1.888879883932974,2.0797644929578314,-42.142792755134806,1.6095185106966983,28.566398488637716,391,331,60,84.65473145780051,2467.1739458179422,-6079.381651012607,22385.44720504905,-88457.7295680049,2.238809314676811,10.19693094629156,48,71,67.6056338028169,32.054514058977254,-19.427608175472667,4.835648884473727,,1.1307849461360011,364
28,42,0.45,0.1,-0.5,5,60,11,20000,437842.6611010305,417842.6611010305,2089.213305505152,67.82960503184418,1.888879883932974,2.0797644929578314,-42.142792755134806,1.6095185106966983,28.566398488637716,391,331,60,84.65473145780051,2467.1739458179422,-6079.381651012607,22385.44720504905,-88457.7295680049,2.238809314676811,10.19693094629156,48,71,67.6056338028169,32.054514058977254,-19.427608175472667,4.835648884473727,,1.138041790327345,502
28,42,0.45,0.1,-0.5,5,55,11,20000,437842.6611010305,417842.6611010305,2089.213305505152,67.82960503184418,1.888879883932974,2.0797644929578314,-42.142792755134806,1.6095185106966983,28.566398488637716,391,331,60,84.65473145780051,2467.1739458179422,-6079.381651012607,22385.44720504905,-88457.7295680049,2.238809314676811,10.19693094629156,48,71,67.6056338028169,32.054514058977254,-19.427608175472667,4.835648884473727,,1.1300325495188037,657
28,42,0.45,0.1,-0.5,5,60,11,20000,437842.6611010305,417842.6611010305,2089.213305505152,67.82960503184418,1.888879883932974,2.0797644929578314,-42.142792755134806,1.6095185106966983,28.566398488637716,391,331,60,84.65473145780051,2467.1739458179422,-6079.381651012607,22385.44720504905,-88457.7295680049,2.238809314676811,10.19693094629156,48,71,67.6056338028169,32.054514058977254,-19.427608175472667,4.835648884473727,,1.138041790327345,502
28,42,0.45,0.1,-0.5,5,50,11,20000,437842.6611010305,417842.6611010305,2089.213305505152,67.82960503184418,1.888879883932974,2.0797644929578314,-42.142792755134806,1.6095185106966983,28.566398488637716,391,331,60,84.65473145780051,2467.1739458179422,-6079.381651012607,22385.44720504905,-88457.7295680049,2.238809314676811,10.19693094629156,48,71,67.6056338028169,32.054514058977254,-19.427608175472667,4.835648884473727,,1.1307849461360011,364
28,42,0.45,0.1,-0.5,5,55,11,20000,437842.6611010305,417842.6611010305,2089.213305505152,67.82960503184418,1.888879883932974,2.0797644929578314,-42.142792755134806,1.6095185106966983,28.566398488637716,391,331,60,84.65473145780051,2467.1739458179422,-6079.381651012607,22385.44720504905,-88457.7295680049,2.238809314676811,10.19693094629156,48,71,67.6056338028169,32.054514058977254,-19.427608175472667,4.835648884473727,,1.1300325495188037,657
28,42,0.45,0.1,-0.5,5,60,11,20000,437842.6611010305,417842.6611010305,2089.213305505152,67.82960503184418,1.888879883932974,2.0797644929578314,-42.142792755134806,1.6095185106966983,28.566398488637716,391,331,60,84.65473145780051,2467.1739458179422,-6079.381651012607,22385.44720504905,-88457.7295680049,2.238809314676811,10.19693094629156,48,71,67.6056338028169,32.054514058977254,-19.427608175472667,4.835648884473727,,1.138041790327345,502
28,42,0.45,0.1,-0.5,5,50,11,20000,437842.6611010305,417842.6611010305,2089.213305505152,67.82960503184418,1.888879883932974,2.0797644929578314,-42.142792755134806,1.6095185106966983,28.566398488637716,391,331,60,84.65473145780051,2467.1739458179422,-6079.381651012607,22385.44720504905,-88457.7295680049,2.238809314676811,10.19693094629156,48,71,67.6056338028169,32.054514058977254,-19.427608175472667,4.835648884473727,,1.1307849461360011,364
28,42,0.45,0.1,-0.5,5,60,11,20000,437842.6611010305,417842.6611010305,2089.213305505152,67.82960503184418,1.888879883932974,2.0797644929578314,-42.142792755134806,1.6095185106966983,28.566398488637716,391,331,60,84.65473145780051,2467.1739458179422,-6079.381651012607,22385.44720504905,-88457.7295680049,2.238809314676811,10.19693094629156,48,71,67.6056338028169,32.054514058977254,-19.427608175472667,4.835648884473727,,1.138041790327345,502
28,42,0.45,0.1,-0.5,5,50,11,20000,437842.6611010305,417842.6611010305,2089.213305505152,67.82960503184418,1.888879883932974,2.0797644929578314,-42.142792755134806,1.6095185106966983,28.566398488637716,391,331,60,84.65473145780051,2467.1739458179422,-6079.381651012607,22385.44720504905,-88457.7295680049,2.238809314676811,10.19693094629156,48,71,67.6056338028169,32.054514058977254,-19.427608175472667,4.835648884473727,,1.1307849461360011,364
28,42,0.45,0.1,-0.5,5,55,11,20000,437842.6611010305,417842.6611010305,2089.213305505152,67.82960503184418,1.888879883932974,2.0797644929578314,-42.142792755134806,1.6095185106966983,28.566398488637716,391,331,60,84.65473145780051,2467.1739458179422,-6079.381651012607,22385.44720504905,-88457.7295680049,2.238809314676811,10.19693094629156,48,71,67.6056338028169,32.054514058977254,-19.427608175472667,4.835648884473727,,1.1300325495188037,657
28,42,0.45,0.1,-0.5,5,60,11,20000,437842.6611010305,417842.6611010305,2089.213305505152,67.82960503184418,1.888879883932974,2.0797644929578314,-42.142792755134806,1.6095185106966983,28.566398488637716,391,331,60,84.65473145780051,2467.1739458179422,-6079.381651012607,22385.44720504905,-88457.7295680049,2.238809314676811,10.19693094629156,48,71,67.6056338028169,32.054514058977254,-19.427608175472667,4.835648884473727,,1.138041790327345,502
28,42,0.45,0.1,-0.5,5,55,11,20000,437842.6611010305,417842.6611010305,2089.213305505152,67.82960503184418,1.888879883932974,2.0797644929578314,-42.142792755134806,1.6095185106966983,28.566398488637716,391,331,60,84.65473145780051,2467.1739458179422,-6079.381651012607,22385.44720504905,-88457.7295680049,2.238809314676811,10.19693094629156,48,71,67.6056338028169,32.054514058977254,-19.427608175472667,4.835648884473727,,1.1300325495188037,657
28,42,0.45,0.1,-0.5,5,60,11,20000,437842.6611010305,417842.6611010305,2089.213305505152,67.82960503184418,1.888879883932974,2.0797644929578314,-42.142792755134806,1.6095185106966983,28.566398488637716,391,331,60,84.65473145780051,2467.1739458179422,-6079.381651012607,22385.44720504905,-88457.7295680049,2.238809314676811,10.19693094629156,48,71,67.6056338028169,32.054514058977254,-19.427608175472667,4.835648884473727,,1.138041790327345,502
28,42,0.45,0.1,-0.5,5,60,11,20000,437842.6611010305,417842.6611010305,2089.213305505152,67.82960503184418,1.888879883932974,2.0797644929578314,-42.142792755134806,1.6095185106966983,28.566398488637716,391,331,60,84.65473145780051,2467.1739458179422,-6079.381651012607,22385.44720504905,-88457.7295680049,2.238809314676811,10.19693094629156,48,71,67.6056338028169,32.054514058977254,-19.427608175472667,4.835648884473727,,1.138041790327345,502
28,42,0.45,0.1,-0.5,5,55,11,20000,437842.6611010305,417842.6611010305,2089.213305505152,67.82960503184418,1.888879883932974,2.0797644929578314,-42.142792755134806,1.6095185106966983,28.566398488637716,391,331,60,84.65473145780051,2467.1739458179422,-6079.381651012607,22385.44720504905,-88457.7295680049,2.238809314676811,10.19693094629156,48,71,67.6056338028169,32.054514058977254,-19.427608175472667,4.835648884473727,,1.1300325495188037,657
28,42,0.45,0.1,-0.5,5,55,11,20000,437842.6611010305,417842.6611010305,2089.213305505152,67.82960503184418,1.888879883932974,2.0797644929578314,-42.142792755134806,1.6095185106966983,28.566398488637716,391,331,60,84.65473145780051,2467.1739458179422,-6079.381651012607,22385.44720504905,-88457.7295680049,2.238809314676811,10.19693094629156,48,71,67.6056338028169,32.054514058977254,-19.427608175472667,4.835648884473727,,1.1300325495188037,657
28,42,0.45,0.1,-0.5,5,50,11,20000,437842.6611010305,417842.6611010305,2089.213305505152,67.82960503184418,1.888879883932974,2.0797644929578314,-42.142792755134806,1.6095185106966983,28.566398488637716,391,331,60,84.65473145780051,2467.1739458179422,-6079.381651012607,22385.44720504905,-88457.7295680049,2.238809314676811,10.19693094629156,48,71,67.6056338028169,32.054514058977254,-19.427608175472667,4.835648884473727,,1.1307849461360011,364
28,42,0.45,0.1,-0.5,5,60,11,20000,437842.6611010305,417842.6611010305,2089.213305505152,67.82960503184418,1.888879883932974,2.0797644929578314,-42.142792755134806,1.6095185106966983,28.566398488637716,391,331,60,84.65473145780051,2467.1739458179422,-6079.381651012607,22385.44720504905,-88457.7295680049,2.238809314676811,10.19693094629156,48,71,67.6056338028169,32.054514058977254,-19.427608175472667,4.835648884473727,,1.138041790327345,502
28,42,0.45,0.1,-0.5,5,60,11,20000,437842.6611010305,417842.6611010305,2089.213305505152,67.82960503184418,1.888879883932974,2.0797644929578314,-42.142792755134806,1.6095185106966983,28.566398488637716,391,331,60,84.65473145780051,2467.1739458179422,-6079.381651012607,22385.44720504905,-88457.7295680049,2.238809314676811,10.19693094629156,48,71,67.6056338028169,32.054514058977254,-19.427608175472667,4.835648884473727,,1.138041790327345,502
28,42,0.45,0.1,-0.5,5,55,11,20000,437842.6611010305,417842.6611010305,2089.213305505152,67.82960503184418,1.888879883932974,2.0797644929578314,-42.142792755134806,1.6095185106966983,28.566398488637716,391,331,60,84.65473145780051,2467.1739458179422,-6079.381651012607,22385.44720504905,-88457.7295680049,2.238809314676811,10.19693094629156,48,71,67.6056338028169,32.054514058977254,-19.427608175472667,4.835648884473727,,1.1300325495188037,657
28,42,0.45,0.1,-0.5,5,60,11,20000,437842.6611010305,417842.6611010305,2089.213305505152,67.82960503184418,1.888879883932974,2.0797644929578314,-42.142792755134806,1.6095185106966983,28.566398488637716,391,331,60,84.65473145780051,2467.1739458179422,-6079.381651012607,22385.44720504905,-88457.7295680049,2.238809314676811,10.19693094629156,48,71,67.6056338028169,32.054514058977254,-19.427608175472667,4.835648884473727,,1.138041790327345,502
28,42,0.45,0.1,-0.5,5,45,11,20000,437842.6611010305,417842.6611010305,2089.213305505152,67.82960503184418,1.888879883932974,2.0797644929578314,-42.142792755134806,1.6095185106966983,28.566398488637716,391,331,60,84.65473145780051,2467.1739458179422,-6079.381651012607,22385.44720504905,-88457.7295680049,2.238809314676811,10.19693094629156,48,71,67.6056338028169,32.054514058977254,-19.427608175472667,4.835648884473727,,1.087772679252623,188
28,42,0.45,0.1,-0.5,5,50,11,20000,437842.6611010305,417842.6611010305,2089.213305505152,67.82960503184418,1.888879883932974,2.0797644929578314,-42.142792755134806,1.6095185106966983,28.566398488637716,391,331,60,84.65473145780051,2467.1739458179422,-6079.381651012607,22385.44720504905,-88457.7295680049,2.238809314676811,10.19693094629156,48,71,67.6056338028169,32.054514058977254,-19.427608175472667,4.835648884473727,,1.1307849461360011,364
28,42,0.45,0.1,-0.5,5,60,11,20000,437842.6611010305,417842.6611010305,2089.213305505152,67.82960503184418,1.888879883932974,2.0797644929578314,-42.142792755134806,1.6095185106966983,28.566398488637716,391,331,60,84.65473145780051,2467.1739458179422,-6079.381651012607,22385.44720504905,-88457.7295680049,2.238809314676811,10.19693094629156,48,71,67.6056338028169,32.054514058977254,-19.427608175472667,4.835648884473727,,1.138041790327345,502
28,42,0.45,0.1,-0.5,5,55,11,20000,437842.6611010305,417842.6611010305,2089.213305505152,67.82960503184418,1.888879883932974,2.0797644929578314,-42.142792755134806,1.6095185106966983,28.566398488637716,391,331,60,84.65473145780051,2467.1739458179422,-6079.381651012607,22385.44720504905,-88457.7295680049,2.238809314676811,10.19693094629156,48,71,67.6056338028169,32.054514058977254,-19.427608175472667,4.835648884473727,,1.1300325495188037,657
28,42,0.45,0.1,-0.5,5,60,11,20000,437842.6611010305,417842.6611010305,2089.213305505152,67.82960503184418,1.888879883932974,2.0797644929578314,-42.142792755134806,1.6095185106966983,28.566398488637716,391,331,60,84.65473145780051,2467.1739458179422,-6079.381651012607,22385.44720504905,-88457.7295680049,2.238809314676811,10.19693094629156,48,71,67.6056338028169,32.054514058977254,-19.427608175472667,4.835648884473727,,1.138041790327345,502
28,42,0.45,0.1,-0.5,5,50,11,20000,437842.6611010305,417842.6611010305,2089.213305505152,67.82960503184418,1.888879883932974,2.0797644929578314,-42.142792755134806,1.6095185106966983,28.566398488637716,391,331,60,84.65473145780051,2467.1739458179422,-6079.381651012607,22385.44720504905,-88457.7295680049,2.238809314676811,10.19693094629156,48,71,67.6056338028169,32.054514058977254,-19.427608175472667,4.835648884473727,,1.1307849461360011,364
28,42,0.45,0.1,-0.5,5,60,11,20000,437842.6611010305,417842.6611010305,2089.213305505152,67.82960503184418,1.888879883932974,2.0797644929578314,-42.142792755134806,1.6095185106966983,28.566398488637716,391,331,60,84.65473145780051,2467.1739458179422,-6079.381651012607,22385.44720504905,-88457.7295680049,2.238809314676811,10.19693094629156,48,71,67.6056338028169,32.054514058977254,-19.427608175472667,4.835648884473727,,1.138041790327345,502
28,42,0.45,0.1,-0.5,5,55,11,20000,437842.6611010305,417842.6611010305,2089.213305505152,67.82960503184418,1.888879883932974,2.0797644929578314,-42.142792755134806,1.6095185106966983,28.566398488637716,391,331,60,84.65473145780051,2467.1739458179422,-6079.381651012607,22385.44720504905,-88457.7295680049,2.238809314676811,10.19693094629156,48,71,67.6056338028169,32.054514058977254,-19.427608175472667,4.835648884473727,,1.1300325495188037,657
28,42,0.45,0.1,-0.5,5,60,11,20000,437842.6611010305,417842.6611010305,2089.213305505152,67.82960503184418,1.888879883932974,2.0797644929578314,-42.142792755134806,1.6095185106966983,28.566398488637716,391,331,60,84.65473145780051,2467.1739458179422,-6079.381651012607,22385.44720504905,-88457.7295680049,2.238809314676811,10.19693094629156,48,71,67.6056338028169,32.054514058977254,-19.427608175472667,4.835648884473727,,1.138041790327345,502
28,42,0.45,0.1,-0.5,5,50,11,20000,437842.6611010305,417842.6611010305,2089.213305505152,67.82960503184418,1.888879883932974,2.0797644929578314,-42.142792755134806,1.6095185106966983,28.566398488637716,391,331,60,84.65473145780051,2467.1739458179422,-6079.381651012607,22385.44720504905,-88457.7295680049,2.238809314676811,10.19693094629156,48,71,67.6056338028169,32.054514058977254,-19.427608175472667,4.835648884473727,,1.1307849461360011,364
28,42,0.45,0.1,-0.5,10,60,11,20000,429013.8635073594,409013.8635073594,2045.069317536797,67.25699809407317,1.875950242558264,2.060948285094397,-42.16099048383849,1.595242363194828,28.58317259119697,395,338,57,85.56962025316456,2366.6821230659934,-6274.458396562779,21909.161094303327,-86796.55154794846,2.236688634365529,10.09620253164557,48,71,67.6056338028169,32.03356231680701,-19.5194969775503,4.8383455766892,,1.1371208008480738,504
28,42,0.45,0.1,-0.5,10,50,11,20000,429013.8635073594,409013.8635073594,2045.069317536797,67.25699809407317,1.875950242558264,2.060948285094397,-42.16099048383849,1.595242363194828,28.58317259119697,395,338,57,85.56962025316456,2366.6821230659934,-6274.458396562779,21909.161094303327,-86796.55154794846,2.236688634365529,10.09620253164557,48,71,67.6056338028169,32.03356231680701,-19.5194969775503,4.8383455766892,,1.1294722897012757,365
28,42,0.45,0.1,-0.5,10,55,11,20000,429013.8635073594,409013.8635073594,2045.069317536797,67.25699809407317,1.875950242558264,2.060948285094397,-42.16099048383849,1.595242363194828,28.58317259119697,395,338,57,85.56962025316456,2366.6821230659934,-6274.458396562779,21909.161094303327,-86796.55154794846,2.236688634365529,10.09620253164557,48,71,67.6056338028169,32.03356231680701,-19.5194969775503,4.8383455766892,,1.128628720097602,660
28,42,0.45,0.1,-0.5,10,60,11,20000,429013.8635073594,409013.8635073594,2045.069317536797,67.25699809407317,1.875950242558264,2.060948285094397,-42.16099048383849,1.595242363194828,28.58317259119697,395,338,57,85.56962025316456,2366.6821230659934,-6274.458396562779,21909.161094303327,-86796.55154794846,2.236688634365529,10.09620253164557,48,71,67.6056338028169,32.03356231680701,-19.5194969775503,4.8383455766892,,1.1371208008480738,504
28,42,0.45,0.1,-0.5,10,55,11,20000,429013.8635073594,409013.8635073594,2045.069317536797,67.25699809407317,1.875950242558264,2.060948285094397,-42.16099048383849,1.595242363194828,28.58317259119697,395,338,57,85.56962025316456,2366.6821230659934,-6274.458396562779,21909.161094303327,-86796.55154794846,2.236688634365529,10.09620253164557,48,71,67.6056338028169,32.03356231680701,-19.5194969775503,4.8383455766892,,1.128628720097602,660
28,42,0.45,0.1,-0.5,10,50,11,20000,429013.8635073594,409013.8635073594,2045.069317536797,67.25699809407317,1.875950242558264,2.060948285094397,-42.16099048383849,1.595242363194828,28.58317259119697,395,338,57,85.56962025316456,2366.6821230659934,-6274.458396562779,21909.161094303327,-86796.55154794846,2.236688634365529,10.09620253164557,48,71,67.6056338028169,32.03356231680701,-19.5194969775503,4.8383455766892,,1.1294722897012757,365
28,42,0.45,0.1,-0.5,10,60,11,20000,429013.8635073594,409013.8635073594,2045.069317536797,67.25699809407317,1.875950242558264,2.060948285094397,-42.16099048383849,1.595242363194828,28.58317259119697,395,338,57,85.56962025316456,2366.6821230659934,-6274.458396562779,21909.161094303327,-86796.55154794846,2.236688634365529,10.09620253164557,48,71,67.6056338028169,32.03356231680701,-19.5194969775503,4.8383455766892,,1.1371208008480738,504
28,42,0.45,0.1,-0.5,10,60,11,20000,429013.8635073594,409013.8635073594,2045.069317536797,67.25699809407317,1.875950242558264,2.060948285094397,-42.16099048383849,1.595242363194828,28.58317259119697,395,338,57,85.56962025316456,2366.6821230659934,-6274.458396562779,21909.161094303327,-86796.55154794846,2.236688634365529,10.09620253164557,48,71,67.6056338028169,32.03356231680701,-19.5194969775503,4.8383455766892,,1.1371208008480738,504
28,42,0.45,0.1,-0.5,10,55,11,20000,429013.8635073594,409013.8635073594,2045.069317536797,67.25699809407317,1.875950242558264,2.060948285094397,-42.16099048383849,1.595242363194828,28.58317259119697,395,338,57,85.56962025316456,2366.6821230659934,-6274.458396562779,21909.161094303327,-86796.55154794846,2.236688634365529,10.09620253164557,48,71,67.6056338028169,32.03356231680701,-19.5194969775503,4.8383455766892,,1.128628720097602,660
28,42,0.45,0.1,-0.5,10,60,11,20000,429013.8635073594,409013.8635073594,2045.069317536797,67.25699809407317,1.875950242558264,2.060948285094397,-42.16099048383849,1.595242363194828,28.58317259119697,395,338,57,85.56962025316456,2366.6821230659934,-6274.458396562779,21909.161094303327,-86796.55154794846,2.236688634365529,10.09620253164557,48,71,67.6056338028169,32.03356231680701,-19.5194969775503,4.8383455766892,,1.1371208008480738,504
28,42,0.45,0.1,-0.5,10,55,11,20000,429013.8635073594,409013.8635073594,2045.069317536797,67.25699809407317,1.875950242558264,2.060948285094397,-42.16099048383849,1.595242363194828,28.58317259119697,395,338,57,85.56962025316456,2366.6821230659934,-6274.458396562779,21909.161094303327,-86796.55154794846,2.236688634365529,10.09620253164557,48,71,67.6056338028169,32.03356231680701,-19.5194969775503,4.8383455766892,,1.128628720097602,660
28,42,0.45,0.1,-0.5,10,60,11,20000,429013.8635073594,409013.8635073594,2045.069317536797,67.25699809407317,1.875950242558264,2.060948285094397,-42.16099048383849,1.595242363194828,28.58317259119697,395,338,57,85.56962025316456,2366.6821230659934,-6274.458396562779,21909.161094303327,-86796.55154794846,2.236688634365529,10.09620253164557,48,71,67.6056338028169,32.03356231680701,-19.5194969775503,4.8383455766892,,1.1371208008480738,504
28,42,0.45,0.1,-0.5,10,50,11,20000,429013.8635073594,409013.8635073594,2045.069317536797,67.25699809407317,1.875950242558264,2.060948285094397,-42.16099048383849,1.595242363194828,28.58317259119697,395,338,57,85.56962025316456,2366.6821230659934,-6274.458396562779,21909.161094303327,-86796.55154794846,2.236688634365529,10.09620253164557,48,71,67.6056338028169,32.03356231680701,-19.5194969775503,4.8383455766892,,1.1294722897012757,365
28,42,0.45,0.1,-0.5,10,55,11,20000,429013.8635073594,409013.8635073594,2045.069317536797,67.25699809407317,1.875950242558264,2.060948285094397,-42.16099048383849,1.595242363194828,28.58317259119697,395,338,57,85.56962025316456,2366.6821230659934,-6274.458396562779,21909.161094303327,-86796.55154794846,2.236688634365529,10.09620253164557,48,71,67.6056338028169,32.03356231680701,-19.5194969775503,4.8383455766892,,1.128628720097602,660
28,42,0.45,0.1,-0.5,10,60,11,20000,429013.8635073594,409013.8635073594,2045.069317536797,67.25699809407317,1.875950242558264,2.060948285094397,-42.16099048383849,1.595242363194828,28.58317259119697,395,338,57,85.56962025316456,2366.6821230659934,-6274.458396562779,21909.161094303327,-86796.55154794846,2.236688634365529,10.09620253164557,48,71,67.6056338028169,32.03356231680701,-19.5194969775503,4.8383455766892,,1.1371208008480738,504
28,42,0.45,0.1,-0.5,10,60,11,20000,429013.8635073594,409013.8635073594,2045.069317536797,67.25699809407317,1.875950242558264,2.060948285094397,-42.16099048383849,1.595242363194828,28.58317259119697,395,338,57,85.56962025316456,2366.6821230659934,-6274.458396562779,21909.161094303327,-86796.55154794846,2.236688634365529,10.09620253164557,48,71,67.6056338028169,32.03356231680701,-19.5194969775503,4.8383455766892,,1.1371208008480738,504
28,42,0.45,0.1,-0.5,10,50,11,20000,429013.8635073594,409013.8635073594,2045.069317536797,67.25699809407317,1.875950242558264,2.060948285094397,-42.16099048383849,1.595242363194828,28.58317259119697,395,338,57,85.56962025316456,2366.6821230659934,-6274.458396562779,21909.161094303327,-86796.55154794846,2.236688634365529,10.09620253164557,48,71,67.6056338028169,32.03356231680701,-19.5194969775503,4.8383455766892,,1.1294722897012757,365
28,42,0.45,0.1,-0.5,10,60,11,20000,429013.8635073594,409013.8635073594,2045.069317536797,67.25699809407317,1.875950242558264,2.060948285094397,-42.16099048383849,1.595242363194828,28.58317259119697,395,338,57,85.56962025316456,2366.6821230659934,-6274.458396562779,21909.161094303327,-86796.55154794846,2.236688634365529,10.09620253164557,48,71,67.6056338028169,32.03356231680701,-19.5194969775503,4.8383455766892,,1.1371208008480738,504
28,42,0.45,0.1,-0.5,10,55,11,20000,429013.8635073594,409013.8635073594,2045.069317536797,67.25699809407317,1.875950242558264,2.060948285094397,-42.16099048383849,1.595242363194828,28.58317259119697,395,338,57,85.56962025316456,2366.6821230659934,-6274.458396562779,21909.161094303327,-86796.55154794846,2.236688634365529,10.09620253164557,48,71,67.6056338028169,32.03356231680701,-19.5194969775503,4.8383455766892,,1.128628720097602,660
28,42,0.45,0.1,-0.5,10,55,11,20000,429013.8635073594,409013.8635073594,2045.069317536797,67.25699809407317,1.875950242558264,2.060948285094397,-42.16099048383849,1.595242363194828,28.58317259119697,395,338,57,85.56962025316456,2366.6821230659934,-6274.458396562779,21909.161094303327,-86796.55154794846,2.236688634365529,10.09620253164557,48,71,67.6056338028169,32.03356231680701,-19.5194969775503,4.8383455766892,,1.128628720097602,660
28,42,0.45,0.1,-0.5,10,50,11,20000,429013.8635073594,409013.8635073594,2045.069317536797,67.25699809407317,1.875950242558264,2.060948285094397,-42.16099048383849,1.595242363194828,28.58317259119697,395,338,57,85.56962025316456,2366.6821230659934,-6274.458396562779,21909.161094303327,-86796.55154794846,2.236688634365529,10.09620253164557,48,71,67.6056338028169,32.03356231680701,-19.5194969775503,4.8383455766892,,1.1294722897012757,365
28,42,0.45,0.1,-0.5,10,60,11,20000,429013.8635073594,409013.8635073594,2045.069317536797,67.25699809407317,1.875950242558264,2.060948285094397,-42.16099048383849,1.595242363194828,28.58317259119697,395,338,57,85.56962025316456,2366.6821230659934,-6274.458396562779,21909.161094303327,-86796.55154794846,2.236688634365529,10.09620253164557,48,71,67.6056338028169,32.03356231680701,-19.5194969775503,4.8383455766892,,1.1371208008480738,504
28,42,0.45,0.1,-0.5,5,60,8,20000,332763.20536769443,312763.20536769443,1563.8160268384722,60.27748814708729,1.600672209351275,1.8048669759971727,-42.47408941172231,1.4191590445362547,31.32886538306624,394,349,45,88.57868020304569,2056.983803117489,-8292.764470331362,17698.718113689905,-71430.65486242648,1.9237314913537134,10.220812182741117,46,71,64.7887323943662,32.24258619255627,-19.466779549292955,4.452079262651431,,1.1282489224044925,428
28,42,0.45,0.1,-0.5,5,45,8,20000,332763.20536769443,312763.20536769443,1563.8160268384722,60.27748814708729,1.600672209351275,1.8048669759971727,-42.47408941172231,1.4191590445362547,31.32886538306624,394,349,45,88.57868020304569,2056.983803117489,-8292.764470331362,17698.718113689905,-71430.65486242648,1.9237314913537134,10.220812182741117,46,71,64.7887323943662,32.24258619255627,-19.466779549292955,4.452079262651431,,1.0648718651967484,154
28,42,0.45,0.1,-0.5,5,50,8,20000,332763.20536769443,312763.20536769443,1563.8160268384722,60.27748814708729,1.600672209351275,1.8048669759971727,-42.47408941172231,1.4191590445362547,31.32886538306624,394,349,45,88.57868020304569,2056.983803117489,-8292.764470331362,17698.718113689905,-71430.65486242648,1.9237314913537134,10.220812182741117,46,71,64.7887323943662,32.24258619255627,-19.466779549292955,4.452079262651431,,1.1156374612965854,302
28,42,0.45,0.1,-0.5,5,60,8,20000,332763.20536769443,312763.20536769443,1563.8160268384722,60.27748814708729,1.600672209351275,1.8048669759971727,-42.47408941172231,1.4191590445362547,31.32886538306624,394,349,45,88.57868020304569,2056.983803117489,-8292.764470331362,17698.718113689905,-71430.65486242648,1.9237314913537134,10.220812182741117,46,71,64.7887323943662,32.24258619255627,-19.466779549292955,4.452079262651431,,1.1282489224044925,428
28,42,0.45,0.1,-0.5,5,50,8,20000,332763.20536769443,312763.20536769443,1563.8160268384722,60.27748814708729,1.600672209351275,1.8048669759971727,-42.47408941172231,1.4191590445362547,31.32886538306624,394,349,45,88.57868020304569,2056.983803117489,-8292.764470331362,17698.718113689905,-71430.65486242648,1.9237314913537134,10.220812182741117,46,71,64.7887323943662,32.24258619255627,-19.466779549292955,4.452079262651431,,1.1156374612965854,302
28,42,0.45,0.1,-0.5,5,60,8,20000,332763.20536769443,312763.20536769443,1563.8160268384722,60.27748814708729,1.600672209351275,1.8048669759971727,-42.47408941172231,1.4191590445362547,31.32886538306624,394,349,45,88.57868020304569,2056.983803117489,-8292.764470331362,17698.718113689905,-71430.65486242648,1.9237314913537134,10.220812182741117,46,71,64.7887323943662,32.24258619255627,-19.466779549292955,4.452079262651431,,1.1282489224044925,428
28,42,0.45,0.1,-0.5,5,55,8,20000,332763.20536769443,312763.20536769443,1563.8160268384722,60.27748814708729,1.600672209351275,1.8048669759971727,-42.47408941172231,1.4191590445362547,31.32886538306624,394,349,45,88.57868020304569,2056.983803117489,-8292.764470331362,17698.718113689905,-71430.65486242648,1.9237314913537134,10.220812182741117,46,71,64.7887323943662,32.24258619255627,-19.466779549292955,4.452079262651431,,1.119570694425404,555
28,42,0.45,0.1,-0.5,5,60,8,20000,332763.20536769443,312763.20536769443,1563.8160268384722,60.27748814708729,1.600672209351275,1.8048669759971727,-42.47408941172231,1.4191590445362547,31.32886538306624,394,349,45,88.57868020304569,2056.983803117489,-8292.764470331362,17698.718113689905,-71430.65486242648,1.9237314913537134,10.220812182741117,46,71,64.7887323943662,32.24258619255627,-19.466779549292955,4.452079262651431,,1.1282489224044925,428
28,42,0.45,0.1,-0.5,5,55,8,20000,332763.20536769443,312763.20536769443,1563.8160268384722,60.27748814708729,1.600672209351275,1.8048669759971727,-42.47408941172231,1.4191590445362547,31.32886538306624,394,349,45,88.57868020304569,2056.983803117489,-8292.764470331362,17698.718113689905,-71430.65486242648,1.9237314913537134,10.220812182741117,46,71,64.7887323943662,32.24258619255627,-19.466779549292955,4.452079262651431,,1.119570694425404,555
28,42,0.45,0.1,-0.5,5,60,8,20000,332763.20536769443,312763.20536769443,1563.8160268384722,60.27748814708729,1.600672209351275,1.8048669759971727,-42.47408941172231,1.4191590445362547,31.32886538306624,394,349,45,88.57868020304569,2056.983803117489,-8292.764470331362,17698.718113689905,-71430.65486242648,1.9237314913537134,10.220812182741117,46,71,64.7887323943662,32.24258619255627,-19.466779549292955,4.452079262651431,,1.1282489224044925,428
28,42,0.45,0.1,-0.5,5,50,8,20000,332763.20536769443,312763.20536769443,1563.8160268384722,60.27748814708729,1.600672209351275,1.8048669759971727,-42.47408941172231,1.4191590445362547,31.32886538306624,394,349,45,88.57868020304569,2056.983803117489,-8292.764470331362,17698.718113689905,-71430.65486242648,1.9237314913537134,10.220812182741117,46,71,64.7887323943662,32.24258619255627,-19.466779549292955,4.452079262651431,,1.1156374612965854,302
28,42,0.45,0.1,-0.5,5,55,8,20000,332763.20536769443,312763.20536769443,1563.8160268384722,60.27748814708729,1.600672209351275,1.8048669759971727,-42.47408941172231,1.4191590445362547,31.32886538306624,394,349,45,88.57868020304569,2056.983803117489,-8292.764470331362,17698.718113689905,-71430.65486242648,1.9237314913537134,10.220812182741117,46,71,64.7887323943662,32.24258619255627,-19.466779549292955,4.452079262651431,,1.119570694425404,555
28,42,0.45,0.1,-0.5,5,60,8,20000,332763.20536769443,312763.20536769443,1563.8160268384722,60.27748814708729,1.600672209351275,1.8048669759971727,-42.47408941172231,1.4191590445362547,31.32886538306624,394,349,45,88.57868020304569,2056.983803117489,-8292.764470331362,17698.718113689905,-71430.65486242648,1.9237314913537134,10.220812182741117,46,71,64.7887323943662,32.24258619255627,-19.466779549292955,4.452079262651431,,1.1282489224044925,428
28,42,0.45,0.1,-0.5,5,50,8,20000,332763.20536769443,312763.20536769443,1563.8160268384722,60.27748814708729,1.600672209351275,1.8048669759971727,-42.47408941172231,1.4191590445362547,31.32886538306624,394,349,45,88.57868020304569,2056.983803117489,-8292.764470331362,17698.718113689905,-71430.65486242648,1.9237314913537134,10.220812182741117,46,71,64.7887323943662,32.24258619255627,-19.466779549292955,4.452079262651431,,1.1156374612965854,302
28,42,0.45,0.1,-0.5,5,60,8,20000,332763.20536769443,312763.20536769443,1563.8160268384722,60.27748814708729,1.600672209351275,1.8048669759971727,-42.47408941172231,1.4191590445362547,31.32886538306624,394,349,45,88.57868020304569,2056.983803117489,-8292.764470331362,17698.718113689905,-71430.65486242648,1.9237314913537134,10.220812182741117,46,71,64.7887323943662,32.24258619255627,-19.466779549292955,4.452079262651431,,1.1282489224044925,428
28,42,0.45,0.1,-0.5,5,45,8,20000,332763.20536769443,312763.20536769443,1563.8160268384722,60.27748814708729,1.600672209351275,1.8048669759971727,-42.47408941172231,1.4191590445362547,31.32886538306624,394,349,45,88.57868020304569,2056.983803117489,-8292.764470331362,17698.718113689905,-71430.65486242648,1.9237314913537134,10.220812182741117,46,71,64.7887323943662,32.24258619255627,-19.466779549292955,4.452079262651431,,1.0648718651967484,154
28,42,0.45,0.1,-0.5,5,60,8,20000,332763.20536769443,312763.20536769443,1563.8160268384722,60.27748814708729,1.600672209351275,1.8048669759971727,-42.47408941172231,1.4191590445362547,31.32886538306624,394,349,45,88.57868020304569,2056.983803117489,-8292.764470331362,17698.718113689905,-71430.65486242648,1.9237314913537134,10.220812182741117,46,71,64.7887323943662,32.24258619255627,-19.466779549292955,4.452079262651431,,1.1282489224044925,428
28,42,0.45,0.1,-0.5,5,50,8,20000,332763.20536769443,312763.20536769443,1563.8160268384722,60.27748814708729,1.600672209351275,1.8048669759971727,-42.47408941172231,1.4191590445362547,31.32886538306624,394,349,45,88.57868020304569,2056.983803117489,-8292.764470331362,17698.718113689905,-71430.65486242648,1.9237314913537134,10.220812182741117,46,71,64.7887323943662,32.24258619255627,-19.466779549292955,4.452079262651431,,1.1156374612965854,302
28,42,0.45,0.1,-0.5,5,55,8,20000,332763.20536769443,312763.20536769443,1563.8160268384722,60.27748814708729,1.600672209351275,1.8048669759971727,-42.47408941172231,1.4191590445362547,31.32886538306624,394,349,45,88.57868020304569,2056.983803117489,-8292.764470331362,17698.718113689905,-71430.65486242648,1.9237314913537134,10.220812182741117,46,71,64.7887323943662,32.24258619255627,-19.466779549292955,4.452079262651431,,1.119570694425404,555
28,42,0.45,0.1,-0.5,5,60,8,20000,332763.20536769443,312763.20536769443,1563.8160268384722,60.27748814708729,1.600672209351275,1.8048669759971727,-42.47408941172231,1.4191590445362547,31.32886538306624,394,349,45,88.57868020304569,2056.983803117489,-8292.764470331362,17698.718113689905,-71430.65486242648,1.9237314913537134,10.220812182741117,46,71,64.7887323943662,32.24258619255627,-19.466779549292955,4.452079262651431,,1.1282489224044925,428
28,42,0.45,0.1,-0.5,5,60,8,20000,332763.20536769443,312763.20536769443,1563.8160268384722,60.27748814708729,1.600672209351275,1.8048669759971727,-42.47408941172231,1.4191590445362547,31.32886538306624,394,349,45,88.57868020304569,2056.983803117489,-8292.764470331362,17698.718113689905,-71430.65486242648,1.9237314913537134,10.220812182741117,46,71,64.7887323943662,32.24258619255627,-19.466779549292955,4.452079262651431,,1.1282489224044925,428
28,42,0.45,0.1,-0.5,5,55,8,20000,332763.20536769443,312763.20536769443,1563.8160268384722,60.27748814708729,1.600672209351275,1.8048669759971727,-42.47408941172231,1.4191590445362547,31.32886538306624,394,349,45,88.57868020304569,2056.983803117489,-8292.764470331362,17698.718113689905,-71430.65486242648,1.9237314913537134,10.220812182741117,46,71,64.7887323943662,32.24258619255627,-19.466779549292955,4.452079262651431,,1.119570694425404,555
28,42,0.45,0.1,-0.5,5,60,8,20000,332763.20536769443,312763.20536769443,1563.8160268384722,60.27748814708729,1.600672209351275,1.8048669759971727,-42.47408941172231,1.4191590445362547,31.32886538306624,394,349,45,88.57868020304569,2056.983803117489,-8292.764470331362,17698.718113689905,-71430.65486242648,1.9237314913537134,10.220812182741117,46,71,64.7887323943662,32.24258619255627,-19.466779549292955,4.452079262651431,,1.1282489224044925,428
28,42,0.45,0.1,-0.5,5,60,8,20000,332763.20536769443,312763.20536769443,1563.8160268384722,60.27748814708729,1.600672209351275,1.8048669759971727,-42.47408941172231,1.4191590445362547,31.32886538306624,394,349,45,88.57868020304569,2056.983803117489,-8292.764470331362,17698.718113689905,-71430.65486242648,1.9237314913537134,10.220812182741117,46,71,64.7887323943662,32.24258619255627,-19.466779549292955,4.452079262651431,,1.1282489224044925,428
28,42,0.45,0.1,-0.5,5,50,8,20000,332763.20536769443,312763.20536769443,1563.8160268384722,60.27748814708729,1.600672209351275,1.8048669759971727,-42.47408941172231,1.4191590445362547,31.32886538306624,394,349,45,88.57868020304569,2056.983803117489,-8292.764470331362,17698.718113689905,-71430.65486242648,1.9237314913537134,10.220812182741117,46,71,64.7887323943662,32.24258619255627,-19.466779549292955,4.452079262651431,,1.1156374612965854,302
28,42,0.45,0.1,-0.5,5,50,8,20000,332763.20536769443,312763.20536769443,1563.8160268384722,60.27748814708729,1.600672209351275,1.8048669759971727,-42.47408941172231,1.4191590445362547,31.32886538306624,394,349,45,88.57868020304569,2056.983803117489,-8292.764470331362,17698.718113689905,-71430.65486242648,1.9237314913537134,10.220812182741117,46,71,64.7887323943662,32.24258619255627,-19.466779549292955,4.452079262651431,,1.1156374612965854,302
28,42,0.45,0.1,-0.5,5,55,8,20000,332763.20536769443,312763.20536769443,1563.8160268384722,60.27748814708729,1.600672209351275,1.8048669759971727,-42.47408941172231,1.4191590445362547,31.32886538306624,394,349,45,88.57868020304569,2056.983803117489,-8292.764470331362,17698.718113689905,-71430.65486242648,1.9237314913537134,10.220812182741117,46,71,64.7887323943662,32.24258619255627,-19.466779549292955,4.452079262651431,,1.119570694425404,555
28,42,0.45,0.1,-0.5,5,55,8,20000,332763.20536769443,312763.20536769443,1563.8160268384722,60.27748814708729,1.600672209351275,1.8048669759971727,-42.47408941172231,1.4191590445362547,31.32886538306624,394,349,45,88.57868020304569,2056.983803117489,-8292.764470331362,17698.718113689905,-71430.65486242648,1.9237314913537134,10.220812182741117,46,71,64.7887323943662,32.24258619255627,-19.466779549292955,4.452079262651431,,1.119570694425404,555
28,42,0.45,0.1,-0.5,5,60,8,20000,332763.20536769443,312763.20536769443,1563.8160268384722,60.27748814708729,1.600672209351275,1.8048669759971727,-42.47408941172231,1.4191590445362547,31.32886538306624,394,349,45,88.57868020304569,2056.983803117489,-8292.764470331362,17698.718113689905,-71430.65486242648,1.9237314913537134,10.220812182741117,46,71,64.7887323943662,32.24258619255627,-19.466779549292955,4.452079262651431,,1.1282489224044925,428
28,42,0.45,0.1,-0.5,5,55,14,20000,256609.29118584888,236609.29118584888,1183.0464559292445,53.439369171181504,1.5947892506777166,1.7701177205265097,-43.164838916802,1.238030084490368,28.117299125907252,395,324,71,82.02531645569621,1982.7861631482162,-4874.411143618201,17072.558000572863,-55961.36723910411,1.8562667393301324,9.49367088607595,48,71,67.6056338028169,27.36515184885333,-19.57365907977211,4.049911789881576,,1.1722461749007222,544
28,42,0.45,0.1,-0.5,5,50,14,20000,256609.29118584888,236609.29118584888,1183.0464559292445,53.439369171181504,1.5947892506777166,1.7701177205265097,-43.164838916802,1.238030084490368,28.117299125907252,395,324,71,82.02531645569621,1982.7861631482162,-4874.411143618201,17072.558000572863,-55961.36723910411,1.8562667393301324,9.49367088607595,48,71,67.6056338028169,27.36515184885333,-19.57365907977211,4.049911789881576,,1.1677624941858464,302
28,42,0.45,0.1,-0.5,5,55,14,20000,256609.29118584888,236609.29118584888,1183.0464559292445,53.439369171181504,1.5947892506777166,1.7701177205265097,-43.164838916802,1.238030084490368,28.117299125907252,395,324,71,82.02531645569621,1982.7861631482162,-4874.411143618201,17072.558000572863,-55961.36723910411,1.8562667393301324,9.49367088607595,48,71,67.6056338028169,27.36515184885333,-19.57365907977211,4.049911789881576,,1.1722461749007222,544
28,42,0.45,0.1,-0.5,5,50,14,20000,256609.29118584888,236609.29118584888,1183.0464559292445,53.439369171181504,1.5947892506777166,1.7701177205265097,-43.164838916802,1.238030084490368,28.117299125907252,395,324,71,82.02531645569621,1982.7861631482162,-4874.411143618201,17072.558000572863,-55961.36723910411,1.8562667393301324,9.49367088607595,48,71,67.6056338028169,27.36515184885333,-19.57365907977211,4.049911789881576,,1.1677624941858464,302
28,42,0.45,0.1,-0.5,5,55,14,20000,256609.29118584888,236609.29118584888,1183.0464559292445,53.439369171181504,1.5947892506777166,1.7701177205265097,-43.164838916802,1.238030084490368,28.117299125907252,395,324,71,82.02531645569621,1982.7861631482162,-4874.411143618201,17072.558000572863,-55961.36723910411,1.8562667393301324,9.49367088607595,48,71,67.6056338028169,27.36515184885333,-19.57365907977211,4.049911789881576,,1.1722461749007222,544
28,42,0.45,0.1,-0.5,5,60,14,20000,256609.29118584888,236609.29118584888,1183.0464559292445,53.439369171181504,1.5947892506777166,1.7701177205265097,-43.164838916802,1.238030084490368,28.117299125907252,395,324,71,82.02531645569621,1982.7861631482162,-4874.411143618201,17072.558000572863,-55961.36723910411,1.8562667393301324,9.49367088607595,48,71,67.6056338028169,27.36515184885333,-19.57365907977211,4.049911789881576,,1.1839091148150318,414
28,42,0.45,0.1,-0.5,5,60,14,20000,256609.29118584888,236609.29118584888,1183.0464559292445,53.439369171181504,1.5947892506777166,1.7701177205265097,-43.164838916802,1.238030084490368,28.117299125907252,395,324,71,82.02531645569621,1982.7861631482162,-4874.411143618201,17072.558000572863,-55961.36723910411,1.8562667393301324,9.49367088607595,48,71,67.6056338028169,27.36515184885333,-19.57365907977211,4.049911789881576,,1.1839091148150318,414
28,42,0.45,0.1,-0.5,5,60,14,20000,256609.29118584888,236609.29118584888,1183.0464559292445,53.439369171181504,1.5947892506777166,1.7701177205265097,-43.164838916802,1.238030084490368,28.117299125907252,395,324,71,82.02531645569621,1982.7861631482162,-4874.411143618201,17072.558000572863,-55961.36723910411,1.8562667393301324,9.49367088607595,48,71,67.6056338028169,27.36515184885333,-19.57365907977211,4.049911789881576,,1.1839091148150318,414
28,42,0.45,0.1,-0.5,5,50,14,20000,256609.29118584888,236609.29118584888,1183.0464559292445,53.439369171181504,1.5947892506777166,1.7701177205265097,-43.164838916802,1.238030084490368,28.117299125907252,395,324,71,82.02531645569621,1982.7861631482162,-4874.411143618201,17072.558000572863,-55961.36723910411,1.8562667393301324,9.49367088607595,48,71,67.6056338028169,27.36515184885333,-19.57365907977211,4.049911789881576,,1.1677624941858464,302
28,42,0.45,0.1,-0.5,5,55,14,20000,256609.29118584888,236609.29118584888,1183.0464559292445,53.439369171181504,1.5947892506777166,1.7701177205265097,-43.164838916802,1.238030084490368,28.117299125907252,395,324,71,82.02531645569621,1982.7861631482162,-4874.411143618201,17072.558000572863,-55961.36723910411,1.8562667393301324,9.49367088607595,48,71,67.6056338028169,27.36515184885333,-19.57365907977211,4.049911789881576,,1.1722461749007222,544
28,42,0.45,0.1,-0.5,5,60,14,20000,256609.29118584888,236609.29118584888,1183.0464559292445,53.439369171181504,1.5947892506777166,1.7701177205265097,-43.164838916802,1.238030084490368,28.117299125907252,395,324,71,82.02531645569621,1982.7861631482162,-4874.411143618201,17072.558000572863,-55961.36723910411,1.8562667393301324,9.49367088607595,48,71,67.6056338028169,27.36515184885333,-19.57365907977211,4.049911789881576,,1.1839091148150318,414
28,42,0.45,0.1,-0.5,5,45,14,20000,256609.29118584888,236609.29118584888,1183.0464559292445,53.439369171181504,1.5947892506777166,1.7701177205265097,-43.164838916802,1.238030084490368,28.117299125907252,395,324,71,82.02531645569621,1982.7861631482162,-4874.411143618201,17072.558000572863,-55961.36723910411,1.8562667393301324,9.49367088607595,48,71,67.6056338028169,27.36515184885333,-19.57365907977211,4.049911789881576,,1.1064271342736522,156
28,42,0.45,0.1,-0.5,5,55,14,20000,256609.29118584888,236609.29118584888,1183.0464559292445,53.439369171181504,1.5947892506777166,1.7701177205265097,-43.164838916802,1.238030084490368,28.117299125907252,395,324,71,82.02531645569621,1982.7861631482162,-4874.411143618201,17072.558000572863,-55961.36723910411,1.8562667393301324,9.49367088607595,48,71,67.6056338028169,27.36515184885333,-19.57365907977211,4.049911789881576,,1.1722461749007222,544
28,42,0.45,0.1,-0.5,5,60,14,20000,256609.29118584888,236609.29118584888,1183.0464559292445,53.439369171181504,1.5947892506777166,1.7701177205265097,-43.164838916802,1.238030084490368,28.117299125907252,395,324,71,82.02531645569621,1982.7861631482162,-4874.411143618201,17072.558000572863,-55961.36723910411,1.8562667393301324,9.49367088607595,48,71,67.6056338028169,27.36515184885333,-19.57365907977211,4.049911789881576,,1.1839091148150318,414
28,42,0.45,0.1,-0.5,5,50,14,20000,256609.29118584888,236609.29118584888,1183.0464559292445,53.439369171181504,1.5947892506777166,1.7701177205265097,-43.164838916802,1.238030084490368,28.117299125907252,395,324,71,82.02531645569621,1982.7861631482162,-4874.411143618201,17072.558000572863,-55961.36723910411,1.8562667393301324,9.49367088607595,48,71,67.6056338028169,27.36515184885333,-19.57365907977211,4.049911789881576,,1.1677624941858464,302
28,42,0.45,0.1,-0.5,5,60,14,20000,256609.29118584888,236609.29118584888,1183.0464559292445,53.439369171181504,1.5947892506777166,1.7701177205265097,-43.164838916802,1.238030084490368,28.117299125907252,395,324,71,82.02531645569621,1982.7861631482162,-4874.411143618201,17072.558000572863,-55961.36723910411,1.8562667393301324,9.49367088607595,48,71,67.6056338028169,27.36515184885333,-19.57365907977211,4.049911789881576,,1.1839091148150318,414
28,42,0.45,0.1,-0.5,5,55,14,20000,256609.29118584888,236609.29118584888,1183.0464559292445,53.439369171181504,1.5947892506777166,1.7701177205265097,-43.164838916802,1.238030084490368,28.117299125907252,395,324,71,82.02531645569621,1982.7861631482162,-4874.411143618201,17072.558000572863,-55961.36723910411,1.8562667393301324,9.49367088607595,48,71,67.6056338028169,27.36515184885333,-19.57365907977211,4.049911789881576,,1.1722461749007222,544
28,42,0.45,0.1,-0.5,5,60,14,20000,256609.29118584888,236609.29118584888,1183.0464559292445,53.439369171181504,1.5947892506777166,1.7701177205265097,-43.164838916802,1.238030084490368,28.117299125907252,395,324,71,82.02531645569621,1982.7861631482162,-4874.411143618201,17072.558000572863,-55961.36723910411,1.8562667393301324,9.49367088607595,48,71,67.6056338028169,27.36515184885333,-19.57365907977211,4.049911789881576,,1.1839091148150318,414
28,42,0.45,0.1,-0.5,5,50,14,20000,256609.29118584888,236609.29118584888,1183.0464559292445,53.439369171181504,1.5947892506777166,1.7701177205265097,-43.164838916802,1.238030084490368,28.117299125907252,395,324,71,82.02531645569621,1982.7861631482162,-4874.411143618201,17072.558000572863,-55961.36723910411,1.8562667393301324,9.49367088607595,48,71,67.6056338028169,27.36515184885333,-19.57365907977211,4.049911789881576,,1.1677624941858464,302
28,42,0.45,0.1,-0.5,5,60,14,20000,256609.29118584888,236609.29118584888,1183.0464559292445,53.439369171181504,1.5947892506777166,1.7701177205265097,-43.164838916802,1.238030084490368,28.117299125907252,395,324,71,82.02531645569621,1982.7861631482162,-4874.411143618201,17072.558000572863,-55961.36723910411,1.8562667393301324,9.49367088607595,48,71,67.6056338028169,27.36515184885333,-19.57365907977211,4.049911789881576,,1.1839091148150318,414
28,42,0.45,0.1,-0.5,5,55,14,20000,256609.29118584888,236609.29118584888,1183.0464559292445,53.439369171181504,1.5947892506777166,1.7701177205265097,-43.164838916802,1.238030084490368,28.117299125907252,395,324,71,82.02531645569621,1982.7861631482162,-4874.411143618201,17072.558000572863,-55961.36723910411,1.8562667393301324,9.49367088607595,48,71,67.6056338028169,27.36515184885333,-19.57365907977211,4.049911789881576,,1.1722461749007222,544
28,42,0.45,0.1,-0.5,5,60,14,20000,256609.29118584888,236609.29118584888,1183.0464559292445,53.439369171181504,1.5947892506777166,1.7701177205265097,-43.164838916802,1.238030084490368,28.117299125907252,395,324,71,82.02531645569621,1982.7861631482162,-4874.411143618201,17072.558000572863,-55961.36723910411,1.8562667393301324,9.49367088607595,48,71,67.6056338028169,27.36515184885333,-19.57365907977211,4.049911789881576,,1.1839091148150318,414
28,42,0.45,0.1,-0.5,5,55,14,20000,256609.29118584888,236609.29118584888,1183.0464559292445,53.439369171181504,1.5947892506777166,1.7701177205265097,-43.164838916802,1.238030084490368,28.117299125907252,395,324,71,82.02531645569621,1982.7861631482162,-4874.411143618201,17072.558000572863,-55961.36723910411,1.8562667393301324,9.49367088607595,48,71,67.6056338028169,27.36515184885333,-19.57365907977211,4.049911789881576,,1.1722461749007222,544
28,42,0.45,0.1,-0.5,5,60,14,20000,256609.29118584888,236609.29118584888,1183.0464559292445,53.439369171181504,1.5947892506777166,1.7701177205265097,-43.164838916802,1.238030084490368,28.117299125907252,395,324,71,82.02531645569621,1982.7861631482162,-4874.411143618201,17072.558000572863,-55961.36723910411,1.8562667393301324,9.49367088607595,48,71,67.6056338028169,27.36515184885333,-19.57365907977211,4.049911789881576,,1.1839091148150318,414
28,42,0.45,0.1,-0.5,5,50,14,20000,256609.29118584888,236609.29118584888,1183.0464559292445,53.439369171181504,1.5947892506777166,1.7701177205265097,-43.164838916802,1.238030084490368,28.117299125907252,395,324,71,82.02531645569621,1982.7861631482162,-4874.411143618201,17072.558000572863,-55961.36723910411,1.8562667393301324,9.49367088607595,48,71,67.6056338028169,27.36515184885333,-19.57365907977211,4.049911789881576,,1.1677624941858464,302
28,42,0.45,0.1,-0.5,10,60,8,20000,323544.368223405,303544.368223405,1517.721841117025,59.52377295638718,1.5857159780486085,1.7843933058278791,-42.48121464254316,1.4011786964484911,31.325746831786443,386,339,47,87.8238341968912,2057.7004220176905,-7723.134789578559,17136.854046588644,-69561.829589863,1.9217211610213294,10.290155440414507,46,71,64.7887323943662,32.306626758094104,-19.57485379622349,4.442216815222563,,1.1284975333833782,429
28,42,0.45,0.1,-0.5,10,50,8,20000,323544.368223405,303544.368223405,1517.721841117025,59.52377295638718,1.5857159780486085,1.7843933058278791,-42.48121464254316,1.4011786964484911,31.325746831786443,386,339,47,87.8238341968912,2057.7004220176905,-7723.134789578559,17136.854046588644,-69561.829589863,1.9217211610213294,10.290155440414507,46,71,64.7887323943662,32.306626758094104,-19.57485379622349,4.442216815222563,,1.1141062001948185,303
28,42,0.45,0.1,-0.5,10,60,8,20000,323544.368223405,303544.368223405,1517.721841117025,59.52377295638718,1.5857159780486085,1.7843933058278791,-42.48121464254316,1.4011786964484911,31.325746831786443,386,339,47,87.8238341968912,2057.7004220176905,-7723.134789578559,17136.854046588644,-69561.829589863,1.9217211610213294,10.290155440414507,46,71,64.7887323943662,32.306626758094104,-19.57485379622349,4.442216815222563,,1.1284975333833782,429
28,42,0.45,0.1,-0.5,10,55,8,20000,323544.368223405,303544.368223405,1517.721841117025,59.52377295638718,1.5857159780486085,1.7843933058278791,-42.48121464254316,1.4011786964484911,31.325746831786443,386,339,47,87.8238341968912,2057.7004220176905,-7723.134789578559,17136.854046588644,-69561.829589863,1.9217211610213294,10.290155440414507,46,71,64.7887323943662,32.306626758094104,-19.57485379622349,4.442216815222563,,1.1189377087718257,557
28,42,0.45,0.1,-0.5,10,60,8,20000,323544.368223405,303544.368223405,1517.721841117025,59.52377295638718,1.5857159780486085,1.7843933058278791,-42.48121464254316,1.4011786964484911,31.325746831786443,386,339,47,87.8238341968912,2057.7004220176905,-7723.134789578559,17136.854046588644,-69561.829589863,1.9217211610213294,10.290155440414507,46,71,64.7887323943662,32.306626758094104,-19.57485379622349,4.442216815222563,,1.1284975333833782,429
28,42,0.45,0.1,-0.5,10,60,14,20000,250144.30962338008,230144.30962338008,1150.7215481169003,52.78388512950318,1.578586943216072,1.7472423325935007,-43.09834354389307,1.2247311796506974,28.13800611870658,396,324,72,81.81818181818183,1929.6703921807434,-4681.239390584855,16605.527538551112,-54773.85811997193,1.8549610563130081,9.452020202020202,48,71,67.6056338028169,27.45007395269623,-19.63022751314928,4.0447468909192175,,1.1825727846551084,416
28,42,0.45,0.1,-0.5,10,50,14,20000,250144.30962338008,230144.30962338008,1150.7215481169003,52.78388512950318,1.578586943216072,1.7472423325935007,-43.09834354389307,1.2247311796506974,28.13800611870658,396,324,72,81.81818181818183,1929.6703921807434,-4681.239390584855,16605.527538551112,-54773.85811997193,1.8549610563130081,9.452020202020202,48,71,67.6056338028169,27.45007395269623,-19.63022751314928,4.0447468909192175,,1.1660592032725638,303
28,42,0.45,0.1,-0.5,10,60,14,20000,250144.30962338008,230144.30962338008,1150.7215481169003,52.78388512950318,1.578586943216072,1.7472423325935007,-43.09834354389307,1.2247311796506974,28.13800611870658,396,324,72,81.81818181818183,1929.6703921807434,-4681.239390584855,16605.527538551112,-54773.85811997193,1.8549610563130081,9.452020202020202,48,71,67.6056338028169,27.45007395269623,-19.63022751314928,4.0447468909192175,,1.1825727846551084,416
28,42,0.45,0.1,-0.5,10,50,14,20000,250144.30962338008,230144.30962338008,1150.7215481169003,52.78388512950318,1.578586943216072,1.7472423325935007,-43.09834354389307,1.2247311796506974,28.13800611870658,396,324,72,81.81818181818183,1929.6703921807434,-4681.239390584855,16605.527538551112,-54773.85811997193,1.8549610563130081,9.452020202020202,48,71,67.6056338028169,27.45007395269623,-19.63022751314928,4.0447468909192175,,1.1660592032725638,303
28,45,0.45,0.1,-0.5,5,50,14,20000,234579.31228680885,214579.31228680885,1072.8965614340443,51.14592282794486,1.5771441152141534,1.732184367490075,-44.8883807938597,1.1394022667652366,27.336747238904984,396,321,75,81.06060606060606,1850.6630956746426,-4347.059936213677,15723.358888065584,-51211.33076257539,1.822113834571736,9.679292929292929,47,71,66.19718309859155,26.0754525781943,-19.34880647355636,3.882538667090236,,1.3213814952752148,238
28,45,0.45,0.1,-0.5,5,55,14,20000,234579.31228680885,214579.31228680885,1072.8965614340443,51.14592282794486,1.5771441152141534,1.732184367490075,-44.8883807938597,1.1394022667652366,27.336747238904984,396,321,75,81.06060606060606,1850.6630956746426,-4347.059936213677,15723.358888065584,-51211.33076257539,1.822113834571736,9.679292929292929,47,71,66.19718309859155,26.0754525781943,-19.34880647355636,3.882538667090236,,1.3248601258120856,428
28,45,0.45,0.1,-0.5,5,50,14,20000,234579.31228680885,214579.31228680885,1072.8965614340443,51.14592282794486,1.5771441152141534,1.732184367490075,-44.8883807938597,1.1394022667652366,27.336747238904984,396,321,75,81.06060606060606,1850.6630956746426,-4347.059936213677,15723.358888065584,-51211.33076257539,1.822113834571736,9.679292929292929,47,71,66.19718309859155,26.0754525781943,-19.34880647355636,3.882538667090236,,1.3213814952752148,238
28,45,0.45,0.1,-0.5,5,50,14,20000,234579.31228680885,214579.31228680885,1072.8965614340443,51.14592282794486,1.5771441152141534,1.732184367490075,-44.8883807938597,1.1394022667652366,27.336747238904984,396,321,75,81.06060606060606,1850.6630956746426,-4347.059936213677,15723.358888065584,-51211.33076257539,1.822113834571736,9.679292929292929,47,71,66.19718309859155,26.0754525781943,-19.34880647355636,3.882538667090236,,1.3213814952752148,238
28,45,0.45,0.1,-0.5,5,60,14,20000,234579.31228680885,214579.31228680885,1072.8965614340443,51.14592282794486,1.5771441152141534,1.732184367490075,-44.8883807938597,1.1394022667652366,27.336747238904984,396,321,75,81.06060606060606,1850.6630956746426,-4347.059936213677,15723.358888065584,-51211.33076257539,1.822113834571736,9.679292929292929,47,71,66.19718309859155,26.0754525781943,-19.34880647355636,3.882538667090236,,1.3248326795219467,332
28,45,0.45,0.1,-0.5,5,60,14,20000,234579.31228680885,214579.31228680885,1072.8965614340443,51.14592282794486,1.5771441152141534,1.732184367490075,-44.8883807938597,1.1394022667652366,27.336747238904984,396,321,75,81.06060606060606,1850.6630956746426,-4347.059936213677,15723.358888065584,-51211.33076257539,1.822113834571736,9.679292929292929,47,71,66.19718309859155,26.0754525781943,-19.34880647355636,3.882538667090236,,1.3248326795219467,332
28,45,0.45,0.1,-0.5,5,50,14,20000,234579.31228680885,214579.31228680885,1072.8965614340443,51.14592282794486,1.5771441152141534,1.732184367490075,-44.8883807938597,1.1394022667652366,27.336747238904984,396,321,75,81.06060606060606,1850.6630956746426,-4347.059936213677,15723.358888065584,-51211.33076257539,1.822113834571736,9.679292929292929,47,71,66.19718309859155,26.0754525781943,-19.34880647355636,3.882538667090236,,1.3213814952752148,238
28,45,0.45,0.1,-0.5,5,55,14,20000,234579.31228680885,214579.31228680885,1072.8965614340443,51.14592282794486,1.5771441152141534,1.732184367490075,-44.8883807938597,1.1394022667652366,27.336747238904984,396,321,75,81.06060606060606,1850.6630956746426,-4347.059936213677,15723.358888065584,-51211.33076257539,1.822113834571736,9.679292929292929,47,71,66.19718309859155,26.0754525781943,-19.34880647355636,3.882538667090236,,1.3248601258120856,428
28,45,0.45,0.1,-0.5,10,55,14,20000,227976.43604033432,207976.43604033432,1039.8821802016716,50.42362577983879,1.5602380744447444,1.7132661896312646,-44.860282386434804,1.1240148990922596,27.323096278211366,395,319,76,80.75949367088607,1808.2646916322888,-4171.88254961239,15256.328426043834,-49726.94436366016,1.8193113116923743,9.665822784810127,47,71,66.19718309859155,25.988215561660045,-19.47264819319138,3.872977930635447,,1.3213543018054195,431
28,45,0.45,0.1,-0.5,10,60,14,20000,227976.43604033432,207976.43604033432,1039.8821802016716,50.42362577983879,1.5602380744447444,1.7132661896312646,-44.860282386434804,1.1240148990922596,27.323096278211366,395,319,76,80.75949367088607,1808.2646916322888,-4171.88254961239,15256.328426043834,-49726.94436366016,1.8193113116923743,9.665822784810127,47,71,66.19718309859155,25.988215561660045,-19.47264819319138,3.872977930635447,,1.322324414623917,334
28,45,0.45,0.1,-0.5,5,60,11,20000,225653.72671247186,205653.72671247186,1028.2686335623594,50.165399548530274,1.5371574260565153,1.6683845325378734,-44.32918348129758,1.1316562952190399,27.69117048930727,377,317,60,84.08488063660478,1817.4395437384067,-5386.225894159846,13914.44584903256,-55780.33364916748,1.782721169040202,10.405835543766578,43,71,60.56338028169014,26.142465492030652,-19.626901975344,3.834755408197151,,1.2868330913436568,399
28,45,0.45,0.1,-0.5,5,60,11,20000,225653.72671247186,205653.72671247186,1028.2686335623594,50.165399548530274,1.5371574260565153,1.6683845325378734,-44.32918348129758,1.1316562952190399,27.69117048930727,377,317,60,84.08488063660478,1817.4395437384067,-5386.225894159846,13914.44584903256,-55780.33364916748,1.782721169040202,10.405835543766578,43,71,60.56338028169014,26.142465492030652,-19.626901975344,3.834755408197151,,1.2868330913436568,399
28,45,0.45,0.1,-0.5,5,60,11,20000,225653.72671247186,205653.72671247186,1028.2686335623594,50.165399548530274,1.5371574260565153,1.6683845325378734,-44.32918348129758,1.1316562952190399,27.69117048930727,377,317,60,84.08488063660478,1817.4395437384067,-5386.225894159846,13914.44584903256,-55780.33364916748,1.782721169040202,10.405835543766578,43,71,60.56338028169014,26.142465492030652,-19.626901975344,3.834755408197151,,1.2868330913436568,399
28,45,0.45,0.1,-0.5,5,50,11,20000,225653.72671247186,205653.72671247186,1028.2686335623594,50.165399548530274,1.5371574260565153,1.6683845325378734,-44.32918348129758,1.1316562952190399,27.69117048930727,377,317,60,84.08488063660478,1817.4395437384067,-5386.225894159846,13914.44584903256,-55780.33364916748,1.782721169040202,10.405835543766578,43,71,60.56338028169014,26.142465492030652,-19.626901975344,3.834755408197151,,1.278606956294315,288
28,45,0.45,0.1,-0.5,5,55,11,20000,225653.72671247186,205653.72671247186,1028.2686335623594,50.165399548530274,1.5371574260565153,1.6683845325378734,-44.32918348129758,1.1316562952190399,27.69117048930727,377,317,60,84.08488063660478,1817.4395437384067,-5386.225894159846,13914.44584903256,-55780.33364916748,1.782721169040202,10.405835543766578,43,71,60.56338028169014,26.142465492030652,-19.626901975344,3.834755408197151,,1.2833611895957677,516
28,45,0.45,0.1,-0.5,5,55,11,20000,225653.72671247186,205653.72671247186,1028.2686335623594,50.165399548530274,1.5371574260565153,1.6683845325378734,-44.32918348129758,1.1316562952190399,27.69117048930727,377,317,60,84.08488063660478,1817.4395437384067,-5386.225894159846,13914.44584903256,-55780.33364916748,1.782721169040202,10.405835543766578,43,71,60.56338028169014,26.142465492030652,-19.626901975344,3.834755408197151,,1.2833611895957677,516
28,45,0.45,0.1,-0.5,5,60,11,20000,225653.72671247186,205653.72671247186,1028.2686335623594,50.165399548530274,1.5371574260565153,1.6683845325378734,-44.32918348129758,1.1316562952190399,27.69117048930727,377,317,60,84.08488063660478,1817.4395437384067,-5386.225894159846,13914.44584903256,-55780.33364916748,1.782721169040202,10.405835543766578,43,71,60.56338028169014,26.142465492030652,-19.626901975344,3.834755408197151,,1.2868330913436568,399
28,45,0.45,0.1,-0.5,5,60,11,20000,225653.72671247186,205653.72671247186,1028.2686335623594,50.165399548530274,1.5371574260565153,1.6683845325378734,-44.32918348129758,1.1316562952190399,27.69117048930727,377,317,60,84.08488063660478,1817.4395437384067,-5386.225894159846,13914.44584903256,-55780.33364916748,1.782721169040202,10.405835543766578,43,71,60.56338028169014,26.142465492030652,-19.626901975344,3.834755408197151,,1.2868330913436568,399
28,45,0.45,0.1,-0.5,5,50,11,20000,225653.72671247186,205653.72671247186,1028.2686335623594,50.165399548530274,1.5371574260565153,1.6683845325378734,-44.32918348129758,1.1316562952190399,27.69117048930727,377,317,60,84.08488063660478,1817.4395437384067,-5386.225894159846,13914.44584903256,-55780.33364916748,1.782721169040202,10.405835543766578,43,71,60.56338028169014,26.142465492030652,-19.626901975344,3.834755408197151,,1.278606956294315,288
28,45,0.45,0.1,-0.5,5,55,11,20000,225653.72671247186,205653.72671247186,1028.2686335623594,50.165399548530274,1.5371574260565153,1.6683845325378734,-44.32918348129758,1.1316562952190399,27.69117048930727,377,317,60,84.08488063660478,1817.4395437384067,-5386.225894159846,13914.44584903256,-55780.33364916748,1.782721169040202,10.405835543766578,43,71,60.56338028169014,26.142465492030652,-19.626901975344,3.834755408197151,,1.2833611895957677,516
28,45,0.45,0.1,-0.5,5,55,11,20000,225653.72671247186,205653.72671247186,1028.2686335623594,50.165399548530274,1.5371574260565153,1.6683845325378734,-44.32918348129758,1.1316562952190399,27.69117048930727,377,317,60,84.08488063660478,1817.4395437384067,-5386.225894159846,13914.44584903256,-55780.33364916748,1.782721169040202,10.405835543766578,43,71,60.56338028169014,26.142465492030652,-19.626901975344,3.834755408197151,,1.2833611895957677,516
28,45,0.45,0.1,-0.5,5,60,11,20000,225653.72671247186,205653.72671247186,1028.2686335623594,50.165399548530274,1.5371574260565153,1.6683845325378734,-44.32918348129758,1.1316562952190399,27.69117048930727,377,317,60,84.08488063660478,1817.4395437384067,-5386.225894159846,13914.44584903256,-55780.33364916748,1.782721169040202,10.405835543766578,43,71,60.56338028169014,26.142465492030652,-19.626901975344,3.834755408197151,,1.2868330913436568,399
28,45,0.45,0.1,-0.5,5,50,11,20000,225653.72671247186,205653.72671247186,1028.2686335623594,50.165399548530274,1.5371574260565153,1.6683845325378734,-44.32918348129758,1.1316562952190399,27.69117048930727,377,317,60,84.08488063660478,1817.4395437384067,-5386.225894159846,13914.44584903256,-55780.33364916748,1.782721169040202,10.405835543766578,43,71,60.56338028169014,26.142465492030652,-19.626901975344,3.834755408197151,,1.278606956294315,288
28,45,0.45,0.1,-0.5,5,60,11,20000,225653.72671247186,205653.72671247186,1028.2686335623594,50.165399548530274,1.5371574260565153,1.6683845325378734,-44.32918348129758,1.1316562952190399,27.69117048930727,377,317,60,84.08488063660478,1817.4395437384067,-5386.225894159846,13914.44584903256,-55780.33364916748,1.782721169040202,10.405835543766578,43,71,60.56338028169014,26.142465492030652,-19.626901975344,3.834755408197151,,1.2868330913436568,399
28,45,0.45,0.1,-0.5,5,50,11,20000,225653.72671247186,205653.72671247186,1028.2686335623594,50.165399548530274,1.5371574260565153,1.6683845325378734,-44.32918348129758,1.1316562952190399,27.69117048930727,377,317,60,84.08488063660478,1817.4395437384067,-5386.225894159846,13914.44584903256,-55780.33364916748,1.782721169040202,10.405835543766578,43,71,60.56338028169014,26.142465492030652,-19.626901975344,3.834755408197151,,1.278606956294315,288
28,45,0.45,0.1,-0.5,5,60,11,20000,225653.72671247186,205653.72671247186,1028.2686335623594,50.165399548530274,1.5371574260565153,1.6683845325378734,-44.32918348129758,1.1316562952190399,27.69117048930727,377,317,60,84.08488063660478,1817.4395437384067,-5386.225894159846,13914.44584903256,-55780.33364916748,1.782721169040202,10.405835543766578,43,71,60.56338028169014,26.142465492030652,-19.626901975344,3.834755408197151,,1.2868330913436568,399
28,45,0.45,0.1,-0.5,5,55,11,20000,225653.72671247186,205653.72671247186,1028.2686335623594,50.165399548530274,1.5371574260565153,1.6683845325378734,-44.32918348129758,1.1316562952190399,27.69117048930727,377,317,60,84.08488063660478,1817.4395437384067,-5386.225894159846,13914.44584903256,-55780.33364916748,1.782721169040202,10.405835543766578,43,71,60.56338028169014,26.142465492030652,-19.626901975344,3.834755408197151,,1.2833611895957677,516
28,45,0.45,0.1,-0.5,5,60,11,20000,225653.72671247186,205653.72671247186,1028.2686335623594,50.165399548530274,1.5371574260565153,1.6683845325378734,-44.32918348129758,1.1316562952190399,27.69117048930727,377,317,60,84.08488063660478,1817.4395437384067,-5386.225894159846,13914.44584903256,-55780.33364916748,1.782721169040202,10.405835543766578,43,71,60.56338028169014,26.142465492030652,-19.626901975344,3.834755408197151,,1.2868330913436568,399
28,45,0.45,0.1,-0.5,5,50,11,20000,225653.72671247186,205653.72671247186,1028.2686335623594,50.165399548530274,1.5371574260565153,1.6683845325378734,-44.32918348129758,1.1316562952190399,27.69117048930727,377,317,60,84.08488063660478,1817.4395437384067,-5386.225894159846,13914.44584903256,-55780.33364916748,1.782721169040202,10.405835543766578,43,71,60.56338028169014,26.142465492030652,-19.626901975344,3.834755408197151,,1.278606956294315,288
28,45,0.45,0.1,-0.5,5,60,11,20000,225653.72671247186,205653.72671247186,1028.2686335623594,50.165399548530274,1.5371574260565153,1.6683845325378734,-44.32918348129758,1.1316562952190399,27.69117048930727,377,317,60,84.08488063660478,1817.4395437384067,-5386.225894159846,13914.44584903256,-55780.33364916748,1.782721169040202,10.405835543766578,43,71,60.56338028169014,26.142465492030652,-19.626901975344,3.834755408197151,,1.2868330913436568,399
28,45,0.45,0.1,-0.5,5,50,11,20000,225653.72671247186,205653.72671247186,1028.2686335623594,50.165399548530274,1.5371574260565153,1.6683845325378734,-44.32918348129758,1.1316562952190399,27.69117048930727,377,317,60,84.08488063660478,1817.4395437384067,-5386.225894159846,13914.44584903256,-55780.33364916748,1.782721169040202,10.405835543766578,43,71,60.56338028169014,26.142465492030652,-19.626901975344,3.834755408197151,,1.278606956294315,288
28,45,0.45,0.1,-0.5,5,60,11,20000,225653.72671247186,205653.72671247186,1028.2686335623594,50.165399548530274,1.5371574260565153,1.6683845325378734,-44.32918348129758,1.1316562952190399,27.69117048930727,377,317,60,84.08488063660478,1817.4395437384067,-5386.225894159846,13914.44584903256,-55780.33364916748,1.782721169040202,10.405835543766578,43,71,60.56338028169014,26.142465492030652,-19.626901975344,3.834755408197151,,1.2868330913436568,399
28,45,0.45,0.1,-0.5,5,55,11,20000,225653.72671247186,205653.72671247186,1028.2686335623594,50.165399548530274,1.5371574260565153,1.6683845325378734,-44.32918348129758,1.1316562952190399,27.69117048930727,377,317,60,84.08488063660478,1817.4395437384067,-5386.225894159846,13914.44584903256,-55780.33364916748,1.782721169040202,10.405835543766578,43,71,60.56338028169014,26.142465492030652,-19.626901975344,3.834755408197151,,1.2833611895957677,516
28,45,0.45,0.1,-0.5,5,60,11,20000,225653.72671247186,205653.72671247186,1028.2686335623594,50.165399548530274,1.5371574260565153,1.6683845325378734,-44.32918348129758,1.1316562952190399,27.69117048930727,377,317,60,84.08488063660478,1817.4395437384067,-5386.225894159846,13914.44584903256,-55780.33364916748,1.782721169040202,10.405835543766578,43,71,60.56338028169014,26.142465492030652,-19.626901975344,3.834755408197151,,1.2868330913436568,399
28,45,0.45,0.1,-0.5,5,55,11,20000,225653.72671247186,205653.72671247186,1028.2686335623594,50.165399548530274,1.5371574260565153,1.6683845325378734,-44.32918348129758,1.1316562952190399,27.69117048930727,377,317,60,84.08488063660478,1817.4395437384067,-5386.225894159846,13914.44584903256,-55780.33364916748,1.782721169040202,10.405835543766578,43,71,60.56338028169014,26.142465492030652,-19.626901975344,3.834755408197151,,1.2833611895957677,516
28,45,0.45,0.1,-0.5,5,60,11,20000,225653.72671247186,205653.72671247186,1028.2686335623594,50.165399548530274,1.5371574260565153,1.6683845325378734,-44.32918348129758,1.1316562952190399,27.69117048930727,377,317,60,84.08488063660478,1817.4395437384067,-5386.225894159846,13914.44584903256,-55780.33364916748,1.782721169040202,10.405835543766578,43,71,60.56338028169014,26.142465492030652,-19.626901975344,3.834755408197151,,1.2868330913436568,399
28,45,0.45,0.1,-0.5,5,45,11,20000,225653.72671247186,205653.72671247186,1028.2686335623594,50.165399548530274,1.5371574260565153,1.6683845325378734,-44.32918348129758,1.1316562952190399,27.69117048930727,377,317,60,84.08488063660478,1817.4395437384067,-5386.225894159846,13914.44584903256,-55780.33364916748,1.782721169040202,10.405835543766578,43,71,60.56338028169014,26.142465492030652,-19.626901975344,3.834755408197151,,1.242430764360131,142
28,45,0.45,0.1,-0.5,5,60,11,20000,225653.72671247186,205653.72671247186,1028.2686335623594,50.165399548530274,1.5371574260565153,1.6683845325378734,-44.32918348129758,1.1316562952190399,27.69117048930727,377,317,60,84.08488063660478,1817.4395437384067,-5386.225894159846,13914.44584903256,-55780.33364916748,1.782721169040202,10.405835543766578,43,71,60.56338028169014,26.142465492030652,-19.626901975344,3.834755408197151,,1.2868330913436568,399
28,45,0.45,0.1,-0.5,10,50,11,20000,219584.85081906227,199584.85081906227,997.9242540953113,49.4801007354031,1.521932698387392,1.6529197715347888,-44.293637505106446,1.1170927366193106,27.66154093523681,376,314,62,83.51063829787235,1786.0463127922274,-5083.485653491289,13590.85408510157,-54392.76316038221,1.7793815060975915,10.529255319148936,43,71,60.56338028169014,26.337567646128157,-19.395898709046854,3.826255105562043,,1.276437608166865,289
28,45,0.45,0.1,-0.5,10,50,11,20000,219584.85081906227,199584.85081906227,997.9242540953113,49.4801007354031,1.521932698387392,1.6529197715347888,-44.293637505106446,1.1170927366193106,27.66154093523681,376,314,62,83.51063829787235,1786.0463127922274,-5083.485653491289,13590.85408510157,-54392.76316038221,1.7793815060975915,10.529255319148936,43,71,60.56338028169014,26.337567646128157,-19.395898709046854,3.826255105562043,,1.276437608166865,289
28,45,0.45,0.1,-0.5,10,60,11,20000,219584.85081906227,199584.85081906227,997.9242540953113,49.4801007354031,1.521932698387392,1.6529197715347888,-44.293637505106446,1.1170927366193106,27.66154093523681,376,314,62,83.51063829787235,1786.0463127922274,-5083.485653491289,13590.85408510157,-54392.76316038221,1.7793815060975915,10.529255319148936,43,71,60.56338028169014,26.337567646128157,-19.395898709046854,3.826255105562043,,1.2849334372299774,401
28,45,0.45,0.1,-0.5,10,55,11,20000,219584.85081906227,199584.85081906227,997.9242540953113,49.4801007354031,1.521932698387392,1.6529197715347888,-44.293637505106446,1.1170927366193106,27.66154093523681,376,314,62,83.51063829787235,1786.0463127922274,-5083.485653491289,13590.85408510157,-54392.76316038221,1.7793815060975915,10.529255319148936,43,71,60.56338028169014,26.337567646128157,-19.395898709046854,3.826255105562043,,1.2806896802735632,519
28,45,0.45,0.1,-0.5,10,60,11,20000,219584.85081906227,199584.85081906227,997.9242540953113,49.4801007354031,1.521932698387392,1.6529197715347888,-44.293637505106446,1.1170927366193106,27.66154093523681,376,314,62,83.51063829787235,1786.0463127922274,-5083.485653491289,13590.85408510157,-54392.76316038221,1.7793815060975915,10.529255319148936,43,71,60.56338028169014,26.337567646128157,-19.395898709046854,3.826255105562043,,1.2849334372299774,401
28,45,0.45,0.1,-0.5,10,50,11,20000,219584.85081906227,199584.85081906227,997.9242540953113,49.4801007354031,1.521932698387392,1.6529197715347888,-44.293637505106446,1.1170927366193106,27.66154093523681,376,314,62,83.51063829787235,1786.0463127922274,-5083.485653491289,13590.85408510157,-54392.76316038221,1.7793815060975915,10.529255319148936,43,71,60.56338028169014,26.337567646128157,-19.395898709046854,3.826255105562043,,1.276437608166865,289
28,45,0.45,0.2,-0.5,10,45,14,20000,207571.43393086243,187571.43393086243,937.8571696543121,48.07570306551305,1.4610949028074227,1.5551387692811678,-38.2517852456532,1.2568224661089826,28.299558734270587,452,331,121,73.23008849557522,1731.2286917105625,-2817.642603472304,21136.360737842417,-53566.54052566703,1.6807811128622852,12.929203539823009,45,71,63.38028169014085,26.33056838864882,-19.490265144201267,3.7931780394805794,,1.252943591823076,120
28,42,0.45,0.1,-0.4,5,55,11,20000,204296.91714301117,184296.91714301117,921.4845857150559,47.68118837974906,1.4338785213032637,1.4233504669526453,-54.34783282143323,0.8773337574731216,28.756100651299217,386,325,61,84.19689119170984,2090.539189139342,-7585.936942505095,17020.66572701489,-57309.74117260879,1.4682587945401904,10.007772020725389,48,71,67.6056338028169,27.383474307129664,-19.429531842479108,3.7520700951747945,,1.1274749429047437,659
28,42,0.45,0.1,-0.4,5,60,11,20000,204296.91714301117,184296.91714301117,921.4845857150559,47.68118837974906,1.4338785213032637,1.4233504669526453,-54.34783282143323,0.8773337574731216,28.756100651299217,386,325,61,84.19689119170984,2090.539189139342,-7585.936942505095,17020.66572701489,-57309.74117260879,1.4682587945401904,10.007772020725389,48,71,67.6056338028169,27.383474307129664,-19.429531842479108,3.7520700951747945,,1.1346658354855146,504
28,42,0.45,0.1,-0.4,5,55,11,20000,204296.91714301117,184296.91714301117,921.4845857150559,47.68118837974906,1.4338785213032637,1.4233504669526453,-54.34783282143323,0.8773337574731216,28.756100651299217,386,325,61,84.19689119170984,2090.539189139342,-7585.936942505095,17020.66572701489,-57309.74117260879,1.4682587945401904,10.007772020725389,48,71,67.6056338028169,27.383474307129664,-19.429531842479108,3.7520700951747945,,1.1274749429047437,659
28,42,0.45,0.1,-0.4,5,60,11,20000,204296.91714301117,184296.91714301117,921.4845857150559,47.68118837974906,1.4338785213032637,1.4233504669526453,-54.34783282143323,0.8773337574731216,28.756100651299217,386,325,61,84.19689119170984,2090.539189139342,-7585.936942505095,17020.66572701489,-57309.74117260879,1.4682587945401904,10.007772020725389,48,71,67.6056338028169,27.383474307129664,-19.429531842479108,3.7520700951747945,,1.1346658354855146,504
28,42,0.45,0.1,-0.4,5,50,11,20000,204296.91714301117,184296.91714301117,921.4845857150559,47.68118837974906,1.4338785213032637,1.4233504669526453,-54.34783282143323,0.8773337574731216,28.756100651299217,386,325,61,84.19689119170984,2090.539189139342,-7585.936942505095,17020.66572701489,-57309.74117260879,1.4682587945401904,10.007772020725389,48,71,67.6056338028169,27.383474307129664,-19.429531842479108,3.7520700951747945,,1.126175745174526,366
28,42,0.45,0.1,-0.4,5,60,11,20000,204296.91714301117,184296.91714301117,921.4845857150559,47.68118837974906,1.4338785213032637,1.4233504669526453,-54.34783282143323,0.8773337574731216,28.756100651299217,386,325,61,84.19689119170984,2090.539189139342,-7585.936942505095,17020.66572701489,-57309.74117260879,1.4682587945401904,10.007772020725389,48,71,67.6056338028169,27.383474307129664,-19.429531842479108,3.7520700951747945,,1.1346658354855146,504
28,42,0.45,0.1,-0.4,5,55,11,20000,204296.91714301117,184296.91714301117,921.4845857150559,47.68118837974906,1.4338785213032637,1.4233504669526453,-54.34783282143323,0.8773337574731216,28.756100651299217,386,325,61,84.19689119170984,2090.539189139342,-7585.936942505095,17020.66572701489,-57309.74117260879,1.4682587945401904,10.007772020725389,48,71,67.6056338028169,27.383474307129664,-19.429531842479108,3.7520700951747945,,1.1274749429047437,659
28,42,0.45,0.1,-0.4,5,55,11,20000,204296.91714301117,184296.91714301117,921.4845857150559,47.68118837974906,1.4338785213032637,1.4233504669526453,-54.34783282143323,0.8773337574731216,28.756100651299217,386,325,61,84.19689119170984,2090.539189139342,-7585.936942505095,17020.66572701489,-57309.74117260879,1.4682587945401904,10.007772020725389,48,71,67.6056338028169,27.383474307129664,-19.429531842479108,3.7520700951747945,,1.1274749429047437,659
28,42,0.45,0.1,-0.4,5,60,11,20000,204296.91714301117,184296.91714301117,921.4845857150559,47.68118837974906,1.4338785213032637,1.4233504669526453,-54.34783282143323,0.8773337574731216,28.756100651299217,386,325,61,84.19689119170984,2090.539189139342,-7585.936942505095,17020.66572701489,-57309.74117260879,1.4682587945401904,10.007772020725389,48,71,67.6056338028169,27.383474307129664,-19.429531842479108,3.7520700951747945,,1.1346658354855146,504
28,42,0.45,0.1,-0.4,5,60,11,20000,204296.91714301117,184296.91714301117,921.4845857150559,47.68118837974906,1.4338785213032637,1.4233504669526453,-54.34783282143323,0.8773337574731216,28.756100651299217,386,325,61,84.19689119170984,2090.539189139342,-7585.936942505095,17020.66572701489,-57309.74117260879,1.4682587945401904,10.007772020725389,48,71,67.6056338028169,27.383474307129664,-19.429531842479108,3.7520700951747945,,1.1346658354855146,504
28,42,0.45,0.1,-0.4,5,50,11,20000,204296.91714301117,184296.91714301117,921.4845857150559,47.68118837974906,1.4338785213032637,1.4233504669526453,-54.34783282143323,0.8773337574731216,28.756100651299217,386,325,61,84.19689119170984,2090.539189139342,-7585.936942505095,17020.66572701489,-57309.74117260879,1.4682587945401904,10.007772020725389,48,71,67.6056338028169,27.383474307129664,-19.429531842479108,3.7520700951747945,,1.126175745174526,366
28,42,0.45,0.1,-0.4,5,60,11,20000,204296.91714301117,184296.91714301117,921.4845857150559,47.68118837974906,1.4338785213032637,1.4233504669526453,-54.34783282143323,0.8773337574731216,28.756100651299217,386,325,61,84.19689119170984,2090.539189139342,-7585.936942505095,17020.66572701489,-57309.74117260879,1.4682587945401904,10.007772020725389,48,71,67.6056338028169,27.383474307129664,-19.429531842479108,3.7520700951747945,,1.1346658354855146,504
28,42,0.45,0.1,-0.4,5,60,11,20000,204296.91714301117,184296.91714301117,921.4845857150559,47.68118837974906,1.4338785213032637,1.4233504669526453,-54.34783282143323,0.8773337574731216,28.756100651299217,386,325,61,84.19689119170984,2090.539189139342,-7585.936942505095,17020.66572701489,-57309.74117260879,1.4682587945401904,10.007772020725389,48,71,67.6056338028169,27.383474307129664,-19.429531842479108,3.7520700951747945,,1.1346658354855146,504
28,42,0.45,0.1,-0.4,5,50,11,20000,204296.91714301117,184296.91714301117,921.4845857150559,47.68118837974906,1.4338785213032637,1.4233504669526453,-54.34783282143323,0.8773337574731216,28.756100651299217,386,325,61,84.19689119170984,2090.539189139342,-7585.936942505095,17020.66572701489,-57309.74117260879,1.4682587945401904,10.007772020725389,48,71,67.6056338028169,27.383474307129664,-19.429531842479108,3.7520700951747945,,1.126175745174526,366
28,42,0.45,0.1,-0.4,5,50,11,20000,204296.91714301117,184296.91714301117,921.4845857150559,47.68118837974906,1.4338785213032637,1.4233504669526453,-54.34783282143323,0.8773337574731216,28.756100651299217,386,325,61,84.19689119170984,2090.539189139342,-7585.936942505095,17020.66572701489,-57309.74117260879,1.4682587945401904,10.007772020725389,48,71,67.6056338028169,27.383474307129664,-19.429531842479108,3.7520700951747945,,1.126175745174526,366
28,42,0.45,0.1,-0.4,5,55,11,20000,204296.91714301117,184296.91714301117,921.4845857150559,47.68118837974906,1.4338785213032637,1.4233504669526453,-54.34783282143323,0.8773337574731216,28.756100651299217,386,325,61,84.19689119170984,2090.539189139342,-7585.936942505095,17020.66572701489,-57309.74117260879,1.4682587945401904,10.007772020725389,48,71,67.6056338028169,27.383474307129664,-19.429531842479108,3.7520700951747945,,1.1274749429047437,659
28,42,0.45,0.1,-0.4,5,60,11,20000,204296.91714301117,184296.91714301117,921.4845857150559,47.68118837974906,1.4338785213032637,1.4233504669526453,-54.34783282143323,0.8773337574731216,28.756100651299217,386,325,61,84.19689119170984,2090.539189139342,-7585.936942505095,17020.66572701489,-57309.74117260879,1.4682587945401904,10.007772020725389,48,71,67.6056338028169,27.383474307129664,-19.429531842479108,3.7520700951747945,,1.1346658354855146,504
28,42,0.45,0.1,-0.4,5,50,11,20000,204296.91714301117,184296.91714301117,921.4845857150559,47.68118837974906,1.4338785213032637,1.4233504669526453,-54.34783282143323,0.8773337574731216,28.756100651299217,386,325,61,84.19689119170984,2090.539189139342,-7585.936942505095,17020.66572701489,-57309.74117260879,1.4682587945401904,10.007772020725389,48,71,67.6056338028169,27.383474307129664,-19.429531842479108,3.7520700951747945,,1.126175745174526,366
28,42,0.45,0.1,-0.4,5,60,11,20000,204296.91714301117,184296.91714301117,921.4845857150559,47.68118837974906,1.4338785213032637,1.4233504669526453,-54.34783282143323,0.8773337574731216,28.756100651299217,386,325,61,84.19689119170984,2090.539189139342,-7585.936942505095,17020.66572701489,-57309.74117260879,1.4682587945401904,10.007772020725389,48,71,67.6056338028169,27.383474307129664,-19.429531842479108,3.7520700951747945,,1.1346658354855146,504
28,42,0.45,0.1,-0.4,5,60,11,20000,204296.91714301117,184296.91714301117,921.4845857150559,47.68118837974906,1.4338785213032637,1.4233504669526453,-54.34783282143323,0.8773337574731216,28.756100651299217,386,325,61,84.19689119170984,2090.539189139342,-7585.936942505095,17020.66572701489,-57309.74117260879,1.4682587945401904,10.007772020725389,48,71,67.6056338028169,27.383474307129664,-19.429531842479108,3.7520700951747945,,1.1346658354855146,504
28,42,0.45,0.1,-0.4,5,55,11,20000,204296.91714301117,184296.91714301117,921.4845857150559,47.68118837974906,1.4338785213032637,1.4233504669526453,-54.34783282143323,0.8773337574731216,28.756100651299217,386,325,61,84.19689119170984,2090.539189139342,-7585.936942505095,17020.66572701489,-57309.74117260879,1.4682587945401904,10.007772020725389,48,71,67.6056338028169,27.383474307129664,-19.429531842479108,3.7520700951747945,,1.1274749429047437,659
28,42,0.45,0.1,-0.4,5,55,11,20000,204296.91714301117,184296.91714301117,921.4845857150559,47.68118837974906,1.4338785213032637,1.4233504669526453,-54.34783282143323,0.8773337574731216,28.756100651299217,386,325,61,84.19689119170984,2090.539189139342,-7585.936942505095,17020.66572701489,-57309.74117260879,1.4682587945401904,10.007772020725389,48,71,67.6056338028169,27.383474307129664,-19.429531842479108,3.7520700951747945,,1.1274749429047437,659
28,42,0.45,0.1,-0.4,5,50,11,20000,204296.91714301117,184296.91714301117,921.4845857150559,47.68118837974906,1.4338785213032637,1.4233504669526453,-54.34783282143323,0.8773337574731216,28.756100651299217,386,325,61,84.19689119170984,2090.539189139342,-7585.936942505095,17020.66572701489,-57309.74117260879,1.4682587945401904,10.007772020725389,48,71,67.6056338028169,27.383474307129664,-19.429531842479108,3.7520700951747945,,1.126175745174526,366
28,42,0.45,0.1,-0.4,5,55,11,20000,204296.91714301117,184296.91714301117,921.4845857150559,47.68118837974906,1.4338785213032637,1.4233504669526453,-54.34783282143323,0.8773337574731216,28.756100651299217,386,325,61,84.19689119170984,2090.539189139342,-7585.936942505095,17020.66572701489,-57309.74117260879,1.4682587945401904,10.007772020725389,48,71,67.6056338028169,27.383474307129664,-19.429531842479108,3.7520700951747945,,1.1274749429047437,659
28,42,0.45,0.1,-0.4,5,60,11,20000,204296.91714301117,184296.91714301117,921.4845857150559,47.68118837974906,1.4338785213032637,1.4233504669526453,-54.34783282143323,0.8773337574731216,28.756100651299217,386,325,61,84.19689119170984,2090.539189139342,-7585.936942505095,17020.66572701489,-57309.74117260879,1.4682587945401904,10.007772020725389,48,71,67.6056338028169,27.383474307129664,-19.429531842479108,3.7520700951747945,,1.1346658354855146,504
28,42,0.45,0.1,-0.4,5,40,11,20000,204296.91714301117,184296.91714301117,921.4845857150559,47.68118837974906,1.4338785213032637,1.4233504669526453,-54.34783282143323,0.8773337574731216,28.756100651299217,386,325,61,84.19689119170984,2090.539189139342,-7585.936942505095,17020.66572701489,-57309.74117260879,1.4682587945401904,10.007772020725389,48,71,67.6056338028169,27.383474307129664,-19.429531842479108,3.7520700951747945,,0.9766800472017619,35
28,42,0.45,0.1,-0.4,5,60,11,20000,204296.91714301117,184296.91714301117,921.4845857150559,47.68118837974906,1.4338785213032637,1.4233504669526453,-54.34783282143323,0.8773337574731216,28.756100651299217,386,325,61,84.19689119170984,2090.539189139342,-7585.936942505095,17020.66572701489,-57309.74117260879,1.4682587945401904,10.007772020725389,48,71,67.6056338028169,27.383474307129664,-19.429531842479108,3.7520700951747945,,1.1346658354855146,504
28,42,0.45,0.1,-0.4,5,50,11,20000,204296.91714301117,184296.91714301117,921.4845857150559,47.68118837974906,1.4338785213032637,1.4233504669526453,-54.34783282143323,0.8773337574731216,28.756100651299217,386,325,61,84.19689119170984,2090.539189139342,-7585.936942505095,17020.66572701489,-57309.74117260879,1.4682587945401904,10.007772020725389,48,71,67.6056338028169,27.383474307129664,-19.429531842479108,3.7520700951747945,,1.126175745174526,366
28,42,0.45,0.1,-0.4,5,60,11,20000,204296.91714301117,184296.91714301117,921.4845857150559,47.68118837974906,1.4338785213032637,1.4233504669526453,-54.34783282143323,0.8773337574731216,28.756100651299217,386,325,61,84.19689119170984,2090.539189139342,-7585.936942505095,17020.66572701489,-57309.74117260879,1.4682587945401904,10.007772020725389,48,71,67.6056338028169,27.383474307129664,-19.429531842479108,3.7520700951747945,,1.1346658354855146,504
28,42,0.45,0.1,-0.4,10,50,11,20000,200056.79391037414,180056.79391037414,900.2839695518708,47.16244224351618,1.4207603185209907,1.4079326780188508,-54.326926418775514,0.8681227772756298,28.777597667835508,394,332,62,84.26395939086294,2001.6937949387745,-7304.688025338498,16657.419812109085,-56153.636883824176,1.4673792201498626,9.974619289340101,47,71,66.19718309859155,27.244437804039066,-19.496533345418896,3.7540795200443284,,1.1248828013115473,367
28,42,0.45,0.1,-0.4,10,60,11,20000,200056.79391037414,180056.79391037414,900.2839695518708,47.16244224351618,1.4207603185209907,1.4079326780188508,-54.326926418775514,0.8681227772756298,28.777597667835508,394,332,62,84.26395939086294,2001.6937949387745,-7304.688025338498,16657.419812109085,-56153.636883824176,1.4673792201498626,9.974619289340101,47,71,66.19718309859155,27.244437804039066,-19.496533345418896,3.7540795200443284,,1.133761829975892,506
28,42,0.45,0.1,-0.4,10,50,11,20000,200056.79391037414,180056.79391037414,900.2839695518708,47.16244224351618,1.4207603185209907,1.4079326780188508,-54.326926418775514,0.8681227772756298,28.777597667835508,394,332,62,84.26395939086294,2001.6937949387745,-7304.688025338498,16657.419812109085,-56153.636883824176,1.4673792201498626,9.974619289340101,47,71,66.19718309859155,27.244437804039066,-19.496533345418896,3.7540795200443284,,1.1248828013115473,367
28,42,0.45,0.1,-0.4,10,60,11,20000,200056.79391037414,180056.79391037414,900.2839695518708,47.16244224351618,1.4207603185209907,1.4079326780188508,-54.326926418775514,0.8681227772756298,28.777597667835508,394,332,62,84.26395939086294,2001.6937949387745,-7304.688025338498,16657.419812109085,-56153.636883824176,1.4673792201498626,9.974619289340101,47,71,66.19718309859155,27.244437804039066,-19.496533345418896,3.7540795200443284,,1.133761829975892,506
28,42,0.45,0.2,-0.5,10,55,14,20000,193962.40908023575,173962.40908023575,869.8120454011788,46.40057710516467,1.3807447112158378,1.4767208807008445,-39.012072708444975,1.1893902036925175,29.341227929284504,443,322,121,72.686230248307,1704.1906321668635,-2737.984843866121,19958.26849999546,-50163.14154199204,1.6563710652153218,12.783295711060948,43,71,60.56338028169014,26.722646315025877,-19.491059918408414,3.7299277316823667,,1.1561962367087146,559
14,45,0.45,0.4,-0.5,20,30,2,20000,89490.75115738835,69490.75115738835,347.45375578694177,28.58198235436682,1.3740966277137747,1.0373390452973843,-31.195298310089058,0.9162272490634574,18.036215232772555,90,69,21,76.66666666666667,1947.187440113719,-2998.0039147837247,9129.940295231243,-13410.083168684858,2.1340537807158335,13.166666666666666,22,71,30.985915492957744,24.769683873659808,-15.0020275216744,2.375878990993982,,1.3740966277137747,1
14,45,0.45,0.5,-0.5,10,25,8,20000,79809.15206024861,59809.15206024861,299.0457603012431,26.135508964461152,1.3301937401866026,1.2432622193005076,-32.40392062764745,0.8065539125584079,17.076124026126642,242,175,67,72.31404958677686,902.8232680261598,-1343.9980934476473,7038.322101539384,-8240.461710752295,1.7545564146885348,7.06198347107438,39,71,54.929577464788736,21.92001822722589,-16.227785931679296,2.067968449624103,,1.3301937401866026,1
28,45,0.45,0.1,-0.5,5,60,8,20000,180738.4304558246,160738.4304558246,803.692152279123,44.67636294185786,1.3241595777391075,1.4295259249242769,-49.698953812186005,0.8989397062701021,29.7806032345109,377,325,52,86.20689655172413,1796.27047806563,-7312.003895743865,12405.61007470118,-56335.361844681574,1.535378078018389,10.639257294429708,42,71,59.154929577464785,26.317775095319874,-19.34303727106218,3.55545088716331,,1.2948002471373024,339
28,45,0.45,0.1,-0.5,5,45,8,20000,180738.4304558246,160738.4304558246,803.692152279123,44.67636294185786,1.3241595777391075,1.4295259249242769,-49.698953812186005,0.8989397062701021,29.7806032345109,377,325,52,86.20689655172413,1796.27047806563,-7312.003895743865,12405.61007470118,-56335.361844681574,1.535378078018389,10.639257294429708,42,71,59.154929577464785,26.317775095319874,-19.34303727106218,3.55545088716331,,1.237768004748878,117
28,45,0.45,0.1,-0.5,5,55,8,20000,180738.4304558246,160738.4304558246,803.692152279123,44.67636294185786,1.3241595777391075,1.4295259249242769,-49.698953812186005,0.8989397062701021,29.7806032345109,377,325,52,86.20689655172413,1796.27047806563,-7312.003895743865,12405.61007470118,-56335.361844681574,1.535378078018389,10.639257294429708,42,71,59.154929577464785,26.317775095319874,-19.34303727106218,3.55545088716331,,1.288037196448671,436
28,45,0.45,0.1,-0.5,5,60,8,20000,180738.4304558246,160738.4304558246,803.692152279123,44.67636294185786,1.3241595777391075,1.4295259249242769,-49.698953812186005,0.8989397062701021,29.7806032345109,377,325,52,86.20689655172413,1796.27047806563,-7312.003895743865,12405.61007470118,-56335.361844681574,1.535378078018389,10.639257294429708,42,71,59.154929577464785,26.317775095319874,-19.34303727106218,3.55545088716331,,1.2948002471373024,339
28,45,0.45,0.1,-0.5,5,60,8,20000,180738.4304558246,160738.4304558246,803.692152279123,44.67636294185786,1.3241595777391075,1.4295259249242769,-49.698953812186005,0.8989397062701021,29.7806032345109,377,325,52,86.20689655172413,1796.27047806563,-7312.003895743865,12405.61007470118,-56335.361844681574,1.535378078018389,10.639257294429708,42,71,59.154929577464785,26.317775095319874,-19.34303727106218,3.55545088716331,,1.2948002471373024,339
28,45,0.45,0.1,-0.5,5,55,8,20000,180738.4304558246,160738.4304558246,803.692152279123,44.67636294185786,1.3241595777391075,1.4295259249242769,-49.698953812186005,0.8989397062701021,29.7806032345109,377,325,52,86.20689655172413,1796.27047806563,-7312.003895743865,12405.61007470118,-56335.361844681574,1.535378078018389,10.639257294429708,42,71,59.154929577464785,26.317775095319874,-19.34303727106218,3.55545088716331,,1.288037196448671,436
28,45,0.45,0.1,-0.5,5,60,8,20000,180738.4304558246,160738.4304558246,803.692152279123,44.67636294185786,1.3241595777391075,1.4295259249242769,-49.698953812186005,0.8989397062701021,29.7806032345109,377,325,52,86.20689655172413,1796.27047806563,-7312.003895743865,12405.61007470118,-56335.361844681574,1.535378078018389,10.639257294429708,42,71,59.154929577464785,26.317775095319874,-19.34303727106218,3.55545088716331,,1.2948002471373024,339
28,45,0.45,0.1,-0.5,5,50,8,20000,180738.4304558246,160738.4304558246,803.692152279123,44.67636294185786,1.3241595777391075,1.4295259249242769,-49.698953812186005,0.8989397062701021,29.7806032345109,377,325,52,86.20689655172413,1796.27047806563,-7312.003895743865,12405.61007470118,-56335.361844681574,1.535378078018389,10.639257294429708,42,71,59.154929577464785,26.317775095319874,-19.34303727106218,3.55545088716331,,1.278693196216781,239
28,45,0.45,0.1,-0.5,10,60,8,20000,176062.70304553618,156062.70304553618,780.3135152276809,44.041541705318,1.3101057681889585,1.4135431996823187,-49.63632950759962,0.8872844173253176,29.758420569589962,382,328,54,85.86387434554975,1733.08109814399,-6864.6852616217975,12072.125932908139,-54947.79135589632,1.5334807883118067,10.602094240837696,42,71,59.154929577464785,26.28951137112454,-19.481525127118505,3.5486203139251655,,1.2946240788585055,340
28,42,0.45,0.1,-0.5,15,60,11,20000,127614.56634244938,107614.56634244938,538.072831712247,36.470301709461395,1.2349030323463728,1.1812044685618797,-42.09862675295425,0.8663062081211974,26.44656475225932,264,227,37,85.98484848484848,1382.4926329191997,-5118.523279194837,9653.820957274527,-42982.98126896012,1.6570754226641473,10.151515151515152,37,71,52.112676056338024,27.21868757043655,-19.919505590838305,3.123183706320384,,1.1119949057241434,85
28,42,0.45,0.1,-0.4,5,55,14,20000,143572.53589072725,123572.53589072725,617.8626794536362,39.19494161398831,1.2215304841662538,1.2270309480150798,-58.61767013219533,0.6686540342800281,28.94189534308666,387,319,68,82.42894056847545,1766.8521597154072,-5802.49734732987,15879.0357087395,-50703.430950982416,1.42845653905884,9.266149870801033,46,71,64.7887323943662,27.307289456080607,-19.341018869706637,3.2780939264933986,,1.170421208662181,545
28,42,0.45,0.1,-0.4,5,60,14,20000,143572.53589072725,123572.53589072725,617.8626794536362,39.19494161398831,1.2215304841662538,1.2270309480150798,-58.61767013219533,0.6686540342800281,28.94189534308666,387,319,68,82.42894056847545,1766.8521597154072,-5802.49734732987,15879.0357087395,-50703.430950982416,1.42845653905884,9.266149870801033,46,71,64.7887323943662,27.307289456080607,-19.341018869706637,3.2780939264933986,,1.1814843689357082,415
28,42,0.45,0.1,-0.4,5,50,14,20000,143572.53589072725,123572.53589072725,617.8626794536362,39.19494161398831,1.2215304841662538,1.2270309480150798,-58.61767013219533,0.6686540342800281,28.94189534308666,387,319,68,82.42894056847545,1766.8521597154072,-5802.49734732987,15879.0357087395,-50703.430950982416,1.42845653905884,9.266149870801033,46,71,64.7887323943662,27.307289456080607,-19.341018869706637,3.2780939264933986,,1.1644947617789487,303
28,42,0.45,0.1,-0.4,5,60,14,20000,143572.53589072725,123572.53589072725,617.8626794536362,39.19494161398831,1.2215304841662538,1.2270309480150798,-58.61767013219533,0.6686540342800281,28.94189534308666,387,319,68,82.42894056847545,1766.8521597154072,-5802.49734732987,15879.0357087395,-50703.430950982416,1.42845653905884,9.266149870801033,46,71,64.7887323943662,27.307289456080607,-19.341018869706637,3.2780939264933986,,1.1814843689357082,415
28,42,0.45,0.1,-0.4,5,60,14,20000,143572.53589072725,123572.53589072725,617.8626794536362,39.19494161398831,1.2215304841662538,1.2270309480150798,-58.61767013219533,0.6686540342800281,28.94189534308666,387,319,68,82.42894056847545,1766.8521597154072,-5802.49734732987,15879.0357087395,-50703.430950982416,1.42845653905884,9.266149870801033,46,71,64.7887323943662,27.307289456080607,-19.341018869706637,3.2780939264933986,,1.1814843689357082,415
28,42,0.45,0.1,-0.4,10,60,14,20000,140809.0223438102,120809.02234381021,604.0451117190511,38.74178325209028,1.2114956545358202,1.2179888574733277,-58.59053913341992,0.6612293354029243,28.902106994846537,380,310,70,81.57894736842105,1780.2956457913497,-5522.164060110745,15567.682067391666,-49712.484417738466,1.4277312925765515,9.35,46,71,64.7887323943662,27.340507309105444,-19.303482616112756,3.2804461917609604,,1.180162872881105,417
28,42,0.45,0.1,-0.4,10,55,14,20000,140809.0223438102,120809.02234381021,604.0451117190511,38.74178325209028,1.2114956545358202,1.2179888574733277,-58.59053913341992,0.6612293354029243,28.902106994846537,380,310,70,81.57894736842105,1780.2956457913497,-5522.164060110745,15567.682067391666,-49712.484417738466,1.4277312925765515,9.35,46,71,64.7887323943662,27.340507309105444,-19.303482616112756,3.2804461917609604,,1.1685093594004599,548
28,42,0.45,0.2,-0.4,10,45,14,20000,144229.59240018844,124229.59240018844,621.1479620009422,39.30161593659245,1.209989201947814,1.2215146498814027,-44.978478282910565,0.8737871408051832,29.399614077848035,438,317,121,72.3744292237443,1395.8924924390046,-2348.9592390775038,16423.9917864546,-38325.232033557346,1.5568629473513487,12.666666666666666,42,71,59.154929577464785,26.79944625193942,-19.450796460333798,3.331132964810635,,1.081134552400508,164
28,45,0.45,0.1,-0.4,5,60,11,20000,131611.79371293387,111611.79371293387,558.0589685646693,37.1783078103737,1.2070835270412568,1.1784093999089096,-58.287517683117805,0.6378433889138136,27.81369425538823,369,305,64,82.65582655826557,1643.6510301656274,-5721.654591300145,11071.67350752901,-38197.18139111725,1.369013860526165,10.325203252032521,44,71,61.97183098591549,26.04113671560837,-19.306175048501274,3.108383511354421,,1.2818478947294047,401
28,45,0.45,0.1,-0.4,5,45,11,20000,131611.79371293387,111611.79371293387,558.0589685646693,37.1783078103737,1.2070835270412568,1.1784093999089096,-58.287517683117805,0.6378433889138136,27.81369425538823,369,305,64,82.65582655826557,1643.6510301656274,-5721.654591300145,11071.67350752901,-38197.18139111725,1.369013860526165,10.325203252032521,44,71,61.97183098591549,26.04113671560837,-19.306175048501274,3.108383511354421,,1.2349846721261146,143
28,45,0.45,0.1,-0.4,5,55,11,20000,131611.79371293387,111611.79371293387,558.0589685646693,37.1783078103737,1.2070835270412568,1.1784093999089096,-58.287517683117805,0.6378433889138136,27.81369425538823,369,305,64,82.65582655826557,1643.6510301656274,-5721.654591300145,11071.67350752901,-38197.18139111725,1.369013860526165,10.325203252032521,44,71,61.97183098591549,26.04113671560837,-19.306175048501274,3.108383511354421,,1.2795153980150356,518
28,45,0.45,0.1,-0.4,5,60,11,20000,131611.79371293387,111611.79371293387,558.0589685646693,37.1783078103737,1.2070835270412568,1.1784093999089096,-58.287517683117805,0.6378433889138136,27.81369425538823,369,305,64,82.65582655826557,1643.6510301656274,-5721.654591300145,11071.67350752901,-38197.18139111725,1.369013860526165,10.325203252032521,44,71,61.97183098591549,26.04113671560837,-19.306175048501274,3.108383511354421,,1.2818478947294047,401
28,45,0.45,0.1,-0.4,5,55,11,20000,131611.79371293387,111611.79371293387,558.0589685646693,37.1783078103737,1.2070835270412568,1.1784093999089096,-58.287517683117805,0.6378433889138136,27.81369425538823,369,305,64,82.65582655826557,1643.6510301656274,-5721.654591300145,11071.67350752901,-38197.18139111725,1.369013860526165,10.325203252032521,44,71,61.97183098591549,26.04113671560837,-19.306175048501274,3.108383511354421,,1.2795153980150356,518
28,45,0.45,0.1,-0.4,5,60,11,20000,131611.79371293387,111611.79371293387,558.0589685646693,37.1783078103737,1.2070835270412568,1.1784093999089096,-58.287517683117805,0.6378433889138136,27.81369425538823,369,305,64,82.65582655826557,1643.6510301656274,-5721.654591300145,11071.67350752901,-38197.18139111725,1.369013860526165,10.325203252032521,44,71,61.97183098591549,26.04113671560837,-19.306175048501274,3.108383511354421,,1.2818478947294047,401
28,45,0.45,0.1,-0.4,5,50,11,20000,131611.79371293387,111611.79371293387,558.0589685646693,37.1783078103737,1.2070835270412568,1.1784093999089096,-58.287517683117805,0.6378433889138136,27.81369425538823,369,305,64,82.65582655826557,1643.6510301656274,-5721.654591300145,11071.67350752901,-38197.18139111725,1.369013860526165,10.325203252032521,44,71,61.97183098591549,26.04113671560837,-19.306175048501274,3.108383511354421,,1.2717703646659826,290
28,45,0.45,0.1,-0.4,5,60,11,20000,131611.79371293387,111611.79371293387,558.0589685646693,37.1783078103737,1.2070835270412568,1.1784093999089096,-58.287517683117805,0.6378433889138136,27.81369425538823,369,305,64,82.65582655826557,1643.6510301656274,-5721.654591300145,11071.67350752901,-38197.18139111725,1.369013860526165,10.325203252032521,44,71,61.97183098591549,26.04113671560837,-19.306175048501274,3.108383511354421,,1.2818478947294047,401
14,39,0.45,0.4,-0.4,5,30,5,20000,191135.44205610806,171135.44205610806,855.6772102805404,46.04039174958454,1.203547442017666,1.274556579052598,-60.09928611362064,0.7660721903175843,34.85380844447892,319,228,91,71.47335423197492,3159.1049374715394,-5818.046008295626,30290.850382914134,-54262.314037432065,1.3604430167499153,12.197492163009404,43,71,60.56338028169014,25.935334270947187,-26.92114061637685,3.7623409420311007,,1.203547442017666,1
28,45,0.45,0.1,-0.4,10,60,11,20000,129472.06864209793,109472.06864209793,547.3603432104896,36.80157219783731,1.1980862263911853,1.171680492211896,-58.266448537602464,0.6316082946790086,27.78616551306461,371,309,62,83.28840970350404,1592.0808037828335,-5798.701804953602,10871.583022453186,-37624.938973272794,1.3683623616400118,10.266846361185983,44,71,61.97183098591549,26.189888911643912,-19.398971461937407,3.115571362386213,,1.2799824086094127,403
28,45,0.45,0.1,-0.4,10,55,11,20000,129472.06864209793,109472.06864209793,547.3603432104896,36.80157219783731,1.1980862263911853,1.171680492211896,-58.266448537602464,0.6316082946790086,27.78616551306461,371,309,62,83.28840970350404,1592.0808037828335,-5798.701804953602,10871.583022453186,-37624.938973272794,1.3683623616400118,10.266846361185983,44,71,61.97183098591549,26.189888911643912,-19.398971461937407,3.115571362386213,,1.2768762886801373,521
28,45,0.45,0.1,-0.4,5,60,14,20000,130960.86298816506,110960.86298816506,554.8043149408253,37.064243025568565,1.1960586912311066,1.1940269796508671,-59.8971722292569,0.6187978771970216,28.049159302672745,384,314,70,81.77083333333334,1663.9939675593214,-5299.367976670119,14581.728869790197,-44634.908591867345,1.4085078719733302,9.388020833333334,45,71,63.38028169014085,26.049350682526963,-19.44954790449589,3.1070918692865503,,1.32138765518373,333
28,45,0.45,0.1,-0.4,5,55,14,20000,130960.86298816506,110960.86298816506,554.8043149408253,37.064243025568565,1.1960586912311066,1.1940269796508671,-59.8971722292569,0.6187978771970216,28.049159302672745,384,314,70,81.77083333333334,1663.9939675593214,-5299.367976670119,14581.728869790197,-44634.908591867345,1.4085078719733302,9.388020833333334,45,71,63.38028169014085,26.049350682526963,-19.44954790449589,3.1070918692865503,,1.3221859520337258,429
14,45,0.45,0.6,-0.19999999999999996,5,45,5,20000,130418.23838951478,110418.23838951478,552.0911919475739,36.96879592098139,1.1919425296833197,1.1325325617508553,-46.979211597670805,0.786918184953412,28.096689707668492,285,197,88,69.12280701754386,2115.941742958677,-3386.032795465365,19251.270165756407,-20337.719927392103,1.3989303752364834,11.968421052631578,44,71,61.97183098591549,23.61876121131734,-19.079158519790052,3.04456610155397,,0.14600886927705314,2
28,45,0.45,0.1,-0.4,10,55,14,20000,127092.5192060522,107092.5192060522,535.4625960302609,36.376476677564916,1.1782904136754966,1.1810055785998486,-59.881981114345606,0.607469492502318,28.042434495408642,382,310,72,81.15183246073299,1632.9277470949887,-4997.741772629049,14218.482954884388,-43347.363151717334,1.4067675868789806,9.61780104712042,45,71,63.38028169014085,26.00319578140784,-19.565105209474243,3.09410736276854,,1.3187068140116471,432
28,45,0.45,0.1,-0.4,10,50,14,20000,127092.5192060522,107092.5192060522,535.4625960302609,36.376476677564916,1.1782904136754966,1.1810055785998486,-59.881981114345606,0.607469492502318,28.042434495408642,382,310,72,81.15183246073299,1632.9277470949887,-4997.741772629049,14218.482954884388,-43347.363151717334,1.4067675868789806,9.61780104712042,45,71,63.38028169014085,26.00319578140784,-19.565105209474243,3.09410736276854,,1.3138254199910757,240
28,42,0.45,0.1,-0.4,5,45,8,20000,144091.17968450516,124091.17968450516,620.4558984225258,39.27917805407502,1.1666817248737946,1.1866973322485463,-56.28088652786957,0.6979132788646546,30.832041534643785,380,326,54,85.78947368421052,1659.2064881341635,-7218.2528713914135,12661.714748145223,-39307.545818676925,1.3876891263615774,10.131578947368421,44,71,61.97183098591549,27.465269513212533,-19.53063399286199,3.286351451838354,,1.0648718651967484,154
28,42,0.45,0.1,-0.4,5,60,8,20000,144091.17968450516,124091.17968450516,620.4558984225258,39.27917805407502,1.1666817248737946,1.1866973322485463,-56.28088652786957,0.6979132788646546,30.832041534643785,380,326,54,85.78947368421052,1659.2064881341635,-7218.2528713914135,12661.714748145223,-39307.545818676925,1.3876891263615774,10.131578947368421,44,71,61.97183098591549,27.465269513212533,-19.53063399286199,3.286351451838354,,1.1265442926680633,429
28,42,0.45,0.1,-0.4,5,60,8,20000,144091.17968450516,124091.17968450516,620.4558984225258,39.27917805407502,1.1666817248737946,1.1866973322485463,-56.28088652786957,0.6979132788646546,30.832041534643785,380,326,54,85.78947368421052,1659.2064881341635,-7218.2528713914135,12661.714748145223,-39307.545818676925,1.3876891263615774,10.131578947368421,44,71,61.97183098591549,27.465269513212533,-19.53063399286199,3.286351451838354,,1.1265442926680633,429
28,42,0.45,0.1,-0.4,5,50,8,20000,144091.17968450516,124091.17968450516,620.4558984225258,39.27917805407502,1.1666817248737946,1.1866973322485463,-56.28088652786957,0.6979132788646546,30.832041534643785,380,326,54,85.78947368421052,1659.2064881341635,-7218.2528713914135,12661.714748145223,-39307.545818676925,1.3876891263615774,10.131578947368421,44,71,61.97183098591549,27.465269513212533,-19.53063399286199,3.286351451838354,,1.1132655976140102,303
28,42,0.45,0.1,-0.4,5,55,8,20000,144091.17968450516,124091.17968450516,620.4558984225258,39.27917805407502,1.1666817248737946,1.1866973322485463,-56.28088652786957,0.6979132788646546,30.832041534643785,380,326,54,85.78947368421052,1659.2064881341635,-7218.2528713914135,12661.714748145223,-39307.545818676925,1.3876891263615774,10.131578947368421,44,71,61.97183098591549,27.465269513212533,-19.53063399286199,3.286351451838354,,1.1182710398769344,556
28,42,0.45,0.1,-0.4,5,55,8,20000,144091.17968450516,124091.17968450516,620.4558984225258,39.27917805407502,1.1666817248737946,1.1866973322485463,-56.28088652786957,0.6979132788646546,30.832041534643785,380,326,54,85.78947368421052,1659.2064881341635,-7218.2528713914135,12661.714748145223,-39307.545818676925,1.3876891263615774,10.131578947368421,44,71,61.97183098591549,27.465269513212533,-19.53063399286199,3.286351451838354,,1.1182710398769344,556
28,42,0.45,0.1,-0.4,5,60,8,20000,144091.17968450516,124091.17968450516,620.4558984225258,39.27917805407502,1.1666817248737946,1.1866973322485463,-56.28088652786957,0.6979132788646546,30.832041534643785,380,326,54,85.78947368421052,1659.2064881341635,-7218.2528713914135,12661.714748145223,-39307.545818676925,1.3876891263615774,10.131578947368421,44,71,61.97183098591549,27.465269513212533,-19.53063399286199,3.286351451838354,,1.1265442926680633,429
21,42,0.45,0.30000000000000004,-0.4,5,60,14,20000,85614.53145363368,65614.53145363368,328.07265726816837,27.6302636944026,1.156519019688893,1.2357435472823426,-55.180806155713654,0.5007223637949995,21.3760281240474,355,255,100,71.83098591549296,1017.7500043560426,-1813.0305936717862,11169.207970125246,-24074.937808943203,1.4314499270814458,7.715492957746479,44,71,61.97183098591549,16.65679557326851,-25.890516583883628,2.2409834727302806,,0.6547672668174915,101
28,42,0.45,0.1,-0.4,10,50,8,20000,141314.14549682828,121314.14549682828,606.5707274841415,38.82516237633307,1.1559965059063952,1.173968512974924,-56.21948988112299,0.690599691644828,30.834827795108232,379,327,52,86.2796833773087,1618.88760310134,-7340.187847383998,12402.25338035536,-38481.75704097363,1.3869280512791196,9.947229551451187,44,71,61.97183098591549,27.461633147699892,-19.615252873965417,3.2906356140426505,,1.111747175738508,304
28,42,0.45,0.1,-0.4,10,60,8,20000,141314.14549682828,121314.14549682828,606.5707274841415,38.82516237633307,1.1559965059063952,1.173968512974924,-56.21948988112299,0.690599691644828,30.834827795108232,379,327,52,86.2796833773087,1618.88760310134,-7340.187847383998,12402.25338035536,-38481.75704097363,1.3869280512791196,9.947229551451187,44,71,61.97183098591549,27.461633147699892,-19.615252873965417,3.2906356140426505,,1.126796289737083,430
28,39,0.45,0.2,-0.4,10,60,14,20000,144762.6864838858,124762.6864838858,623.813432419429,39.3878679598205,1.113627550370232,1.1042951082264418,-49.4367149085984,0.7967331169282421,33.118872687621945,440,322,118,73.18181818181819,1470.1940570771292,-2594.1486996334197,16946.125249288565,-49480.03294726506,1.5465133044816066,12.077272727272728,41,71,57.74647887323944,29.038961911400985,-20.915321140793562,3.4364729355318415,,1.1872755231678274,353
28,42,0.45,0.2,-0.5,10,50,8,20000,159909.59649898435,139909.59649898435,699.5479824949218,41.73461013632371,1.1063717545342309,1.2444338360907936,-63.89808498749313,0.6531433632869043,35.46889525042209,412,319,93,77.42718446601941,2268.90191457371,-6049.161390921986,24046.941560758423,-87608.45163714634,1.2865547853649586,15.104368932038835,42,71,59.154929577464785,27.085444339432186,-19.512913043321245,3.4187775214638436,,1.086705947619101,313
28,45,0.45,0.2,-0.5,5,60,14,20000,130540.26105310864,110540.26105310864,552.7013052655432,36.990288344954436,1.1013526813829653,0.9977083424415826,-44.27042857736913,0.8355529759624628,31.636093191854453,419,300,119,71.59904534606206,1200.0316871885163,-1858.796768841331,13236.212789927547,-33738.0420990389,1.627552844084153,12.930787589498806,45,71,63.38028169014085,26.251988882987565,-37.49670661952864,3.2742851086764526,,1.3082487028848475,339
28,45,0.45,0.2,-0.5,5,60,14,20000,130540.26105310864,110540.26105310864,552.7013052655432,36.990288344954436,1.1013526813829653,0.9977083424415826,-44.27042857736913,0.8355529759624628,31.636093191854453,419,300,119,71.59904534606206,1200.0316871885163,-1858.796768841331,13236.212789927547,-33738.0420990389,1.627552844084153,12.930787589498806,45,71,63.38028169014085,26.251988882987565,-37.49670661952864,3.2742851086764526,,1.3082487028848475,339
21,42,0.45,0.2,-0.5,5,55,14,20000,79880.39958096751,59880.39958096751,299.4019979048376,26.154394258934822,1.0984180089432298,1.169388873187889,-52.434633757521986,0.4987999797973769,21.463791123588642,341,241,100,70.67448680351906,969.3195170158718,-1622.3896791428963,9075.076786718902,-14001.82518764384,1.4398883733298802,7.577712609970675,44,71,61.97183098591549,16.713402966213884,-21.351796278420466,2.1343269915627583,,1.158003823902173,556
28,45,0.45,0.2,-0.5,10,55,8,20000,149298.09033211228,129298.09033211228,646.4904516605613,40.11117596138769,1.086587646899629,1.2034275855895182,-62.56110973086203,0.6411519254365214,34.86427373650489,396,305,91,77.02020202020202,2127.022932928548,-5509.506549763123,21760.056628467275,-80590.72036905451,1.2939512536516937,15.333333333333334,41,71,57.74647887323944,26.342732572557882,-19.439583532570015,3.343218777859412,,1.2712490577216198,446
28,45,0.45,0.2,-0.5,10,60,8,20000,149298.09033211228,129298.09033211228,646.4904516605613,40.11117596138769,1.086587646899629,1.2034275855895182,-62.56110973086203,0.6411519254365214,34.86427373650489,396,305,91,77.02020202020202,2127.022932928548,-5509.506549763123,21760.056628467275,-80590.72036905451,1.2939512536516937,15.333333333333334,41,71,57.74647887323944,26.342732572557882,-19.439583532570015,3.343218777859412,,1.2802569100914163,346
14,36,0.45,0.4,-0.3,10,60,5,20000,148322.5031043766,128322.5031043766,641.6125155218831,39.95714811609963,1.0828587438968018,1.102634890891191,-57.25823619384847,0.6978410578492885,34.81316816839658,332,234,98,70.48192771084338,2235.728821611496,-3873.1074273122535,21229.012178899906,-27221.57839264738,1.3783177979876278,12.00301204819277,42,71,59.154929577464785,26.178155010955308,-24.171155982961288,3.380983487534926,,1.0828587438968018,1
21,42,0.45,0.2,-0.5,10,60,14,20000,77929.7115210843,57929.711521084304,289.6485576054215,25.632193260312896,1.080091732973533,1.1466946473120805,-52.39579307898452,0.48920326908065714,21.438128975174738,339,241,98,71.09144542772862,942.1832757857055,-1612.687674654988,8866.454331851803,-13597.926384154112,1.436733079592614,7.625368731563422,44,71,61.97183098591549,16.656234480704278,-21.412379507021008,2.1384250609233764,,1.167887892667613,425
21,45,0.45,0.2,-0.4,10,60,14,20000,77099.12772007346,57099.12772007346,285.49563860036733,25.406537544541784,1.0800900072922204,1.0991195742076636,-52.06074522583927,0.48801716983359233,21.239128837579717,349,257,92,73.63896848137536,883.8885574980783,-1733.5634394266576,8762.14310441825,-20606.514565281894,1.4243052283214135,7.765042979942693,45,71,63.38028169014085,16.714609209288,-25.763111665706116,2.1381610192856906,,1.302590218526202,342
28,45,0.45,0.1,-0.4,5,50,8,20000,113169.9124258485,93169.9124258485,465.8495621292425,33.74741126338287,1.0665551295551854,1.0488958605470904,-60.649995623926976,0.5564289150594631,29.572549545480577,373,319,54,85.52278820375335,1485.7524118984006,-6637.21070397122,10166.026635577853,-36828.94445489782,1.322384536981861,10.351206434316353,43,71,60.56338028169014,26.266273605289815,-19.41693515768843,2.9321374080829306,,1.2750193194220292,240
28,45,0.45,0.1,-0.4,5,60,8,20000,113169.9124258485,93169.9124258485,465.8495621292425,33.74741126338287,1.0665551295551854,1.0488958605470904,-60.649995623926976,0.5564289150594631,29.572549545480577,373,319,54,85.52278820375335,1485.7524118984006,-6637.21070397122,10166.026635577853,-36828.94445489782,1.322384536981861,10.351206434316353,43,71,60.56338028169014,26.266273605289815,-19.41693515768843,2.9321374080829306,,1.2921595486618291,340
28,42,0.45,0.2,-0.5,10,60,11,20000,130159.65340444584,110159.65340444584,550.7982670222292,36.9231947687114,1.0601910889140742,1.1567479241348475,-54.309262199057784,0.6798692022988296,32.946172330572985,417,309,108,74.10071942446042,1383.412969817816,-2756.4051840516245,16423.9917864546,-48605.58848097147,1.435963856874985,14.882494004796163,43,71,60.56338028169014,26.92942309409705,-19.9056964847226,3.1525677490374995,,1.124747478808411,515
28,42,0.45,0.2,-0.5,10,40,11,20000,130159.65340444584,110159.65340444584,550.7982670222292,36.9231947687114,1.0601910889140742,1.1567479241348475,-54.309262199057784,0.6798692022988296,32.946172330572985,417,309,108,74.10071942446042,1383.412969817816,-2756.4051840516245,16423.9917864546,-48605.58848097147,1.435963856874985,14.882494004796163,43,71,60.56338028169014,26.92942309409705,-19.9056964847226,3.1525677490374995,,0.9456456187572442,39
28,42,0.45,0.2,-0.5,10,60,11,20000,130159.65340444584,110159.65340444584,550.7982670222292,36.9231947687114,1.0601910889140742,1.1567479241348475,-54.309262199057784,0.6798692022988296,32.946172330572985,417,309,108,74.10071942446042,1383.412969817816,-2756.4051840516245,16423.9917864546,-48605.58848097147,1.435963856874985,14.882494004796163,43,71,60.56338028169014,26.92942309409705,-19.9056964847226,3.1525677490374995,,1.124747478808411,515
28,42,0.45,0.2,-0.5,10,55,11,20000,130159.65340444584,110159.65340444584,550.7982670222292,36.9231947687114,1.0601910889140742,1.1567479241348475,-54.309262199057784,0.6798692022988296,32.946172330572985,417,309,108,74.10071942446042,1383.412969817816,-2756.4051840516245,16423.9917864546,-48605.58848097147,1.435963856874985,14.882494004796163,43,71,60.56338028169014,26.92942309409705,-19.9056964847226,3.1525677490374995,,1.1146449505413782,676
28,42,0.45,0.2,-0.5,10,60,11,20000,130159.65340444584,110159.65340444584,550.7982670222292,36.9231947687114,1.0601910889140742,1.1567479241348475,-54.309262199057784,0.6798692022988296,32.946172330572985,417,309,108,74.10071942446042,1383.412969817816,-2756.4051840516245,16423.9917864546,-48605.58848097147,1.435963856874985,14.882494004796163,43,71,60.56338028169014,26.92942309409705,-19.9056964847226,3.1525677490374995,,1.124747478808411,515
28,45,0.45,0.1,-0.4,10,40,8,20000,110896.96030794375,90896.96030794375,454.4848015397188,33.29291055659744,1.0556023909109729,1.0392109738942457,-60.65428006528813,0.54889631070983,29.54975422672474,371,316,55,85.17520215633422,1465.7216648698097,-6371.465141341594,9871.130597074058,-35367.478405100286,1.3217112571417524,10.393530997304582,43,71,60.56338028169014,26.256692797088267,-19.52245233110673,2.9332755463442433,,1.1085961341771848,20
28,39,0.45,0.1,-0.5,5,50,14,20000,126632.28783905908,106632.28783905908,533.1614391952953,36.29349510363702,1.0522556318074963,1.073979776545718,-62.97829608343124,0.5762857581214453,32.78324909701135,406,335,71,82.51231527093597,1760.194122315504,-5947.113851034607,16485.240176499945,-54184.83222328899,1.396499459969641,8.95320197044335,46,71,64.7887323943662,25.682021237301434,-24.117220355058265,3.204239087741546,,1.1729758621128203,249
28,39,0.45,0.1,-0.5,5,55,14,20000,126632.28783905908,106632.28783905908,533.1614391952953,36.29349510363702,1.0522556318074963,1.073979776545718,-62.97829608343124,0.5762857581214453,32.78324909701135,406,335,71,82.51231527093597,1760.194122315504,-5947.113851034607,16485.240176499945,-54184.83222328899,1.396499459969641,8.95320197044335,46,71,64.7887323943662,25.682021237301434,-24.117220355058265,3.204239087741546,,1.1845557615828215,450
28,39,0.45,0.1,-0.5,5,60,14,20000,126632.28783905908,106632.28783905908,533.1614391952953,36.29349510363702,1.0522556318074963,1.073979776545718,-62.97829608343124,0.5762857581214453,32.78324909701135,406,335,71,82.51231527093597,1760.194122315504,-5947.113851034607,16485.240176499945,-54184.83222328899,1.396499459969641,8.95320197044335,46,71,64.7887323943662,25.682021237301434,-24.117220355058265,3.204239087741546,,1.201551860046143,345
28,39,0.45,0.1,-0.5,5,55,14,20000,126632.28783905908,106632.28783905908,533.1614391952953,36.29349510363702,1.0522556318074963,1.073979776545718,-62.97829608343124,0.5762857581214453,32.78324909701135,406,335,71,82.51231527093597,1760.194122315504,-5947.113851034607,16485.240176499945,-54184.83222328899,1.396499459969641,8.95320197044335,46,71,64.7887323943662,25.682021237301434,-24.117220355058265,3.204239087741546,,1.1845557615828215,450
28,39,0.45,0.1,-0.5,5,60,14,20000,126632.28783905908,106632.28783905908,533.1614391952953,36.29349510363702,1.0522556318074963,1.073979776545718,-62.97829608343124,0.5762857581214453,32.78324909701135,406,335,71,82.51231527093597,1760.194122315504,-5947.113851034607,16485.240176499945,-54184.83222328899,1.396499459969641,8.95320197044335,46,71,64.7887323943662,25.682021237301434,-24.117220355058265,3.204239087741546,,1.201551860046143,345
28,39,0.45,0.1,-0.5,5,50,14,20000,126632.28783905908,106632.28783905908,533.1614391952953,36.29349510363702,1.0522556318074963,1.073979776545718,-62.97829608343124,0.5762857581214453,32.78324909701135,406,335,71,82.51231527093597,1760.194122315504,-5947.113851034607,16485.240176499945,-54184.83222328899,1.396499459969641,8.95320197044335,46,71,64.7887323943662,25.682021237301434,-24.117220355058265,3.204239087741546,,1.1729758621128203,249
28,39,0.45,0.1,-0.5,5,60,14,20000,126632.28783905908,106632.28783905908,533.1614391952953,36.29349510363702,1.0522556318074963,1.073979776545718,-62.97829608343124,0.5762857581214453,32.78324909701135,406,335,71,82.51231527093597,1760.194122315504,-5947.113851034607,16485.240176499945,-54184.83222328899,1.396499459969641,8.95320197044335,46,71,64.7887323943662,25.682021237301434,-24.117220355058265,3.204239087741546,,1.201551860046143,345
28,39,0.45,0.1,-0.5,5,55,14,20000,126632.28783905908,106632.28783905908,533.1614391952953,36.29349510363702,1.0522556318074963,1.073979776545718,-62.97829608343124,0.5762857581214453,32.78324909701135,406,335,71,82.51231527093597,1760.194122315504,-5947.113851034607,16485.240176499945,-54184.83222328899,1.396499459969641,8.95320197044335,46,71,64.7887323943662,25.682021237301434,-24.117220355058265,3.204239087741546,,1.1845557615828215,450
28,39,0.45,0.1,-0.5,10,50,14,20000,124980.97485409651,104980.97485409651,524.9048742704825,35.99367571513628,1.0460156788360753,1.0673212720559304,-63.024343429554754,0.5711075079325195,32.7602050073206,399,328,71,82.20551378446115,1774.3015405324638,-5873.452684866528,16293.869229177391,-53479.98887729498,1.3955630110256685,8.997493734335839,46,71,64.7887323943662,25.781937582324144,-24.113948222516434,3.216358999766176,,1.1708906200542142,250
28,39,0.45,0.1,-0.5,10,60,14,20000,124980.97485409651,104980.97485409651,524.9048742704825,35.99367571513628,1.0460156788360753,1.0673212720559304,-63.024343429554754,0.5711075079325195,32.7602050073206,399,328,71,82.20551378446115,1774.3015405324638,-5873.452684866528,16293.869229177391,-53479.98887729498,1.3955630110256685,8.997493734335839,46,71,64.7887323943662,25.781937582324144,-24.113948222516434,3.216358999766176,,1.2016482507175308,346
28,42,0.45,0.2,-0.5,5,60,14,20000,120961.63319015084,100961.63319015084,504.8081659507542,35.249888376685526,1.0420705091813913,0.9571886018830036,-44.78559973694708,0.7870808604491052,32.4689031366551,419,298,121,71.1217183770883,1149.925292537757,-1771.4764348008257,12473.917812497164,-31222.486328496525,1.5986932476458169,12.8090692124105,43,71,60.56338028169014,26.66542989538425,-37.49670661952864,3.1844413489716623,,1.169126358157526,423
28,42,0.45,0.2,-0.5,5,55,14,20000,120961.63319015084,100961.63319015084,504.8081659507542,35.249888376685526,1.0420705091813913,0.9571886018830036,-44.78559973694708,0.7870808604491052,32.4689031366551,419,298,121,71.1217183770883,1149.925292537757,-1771.4764348008257,12473.917812497164,-31222.486328496525,1.5986932476458169,12.8090692124105,43,71,60.56338028169014,26.66542989538425,-37.49670661952864,3.1844413489716623,,1.158003823902173,556
28,42,0.45,0.2,-0.5,5,60,14,20000,120961.63319015084,100961.63319015084,504.8081659507542,35.249888376685526,1.0420705091813913,0.9571886018830036,-44.78559973694708,0.7870808604491052,32.4689031366551,419,298,121,71.1217183770883,1149.925292537757,-1771.4764348008257,12473.917812497164,-31222.486328496525,1.5986932476458169,12.8090692124105,43,71,60.56338028169014,26.66542989538425,-37.49670661952864,3.1844413489716623,,1.169126358157526,423
28,42,0.45,0.2,-0.5,5,50,14,20000,120961.63319015084,100961.63319015084,504.8081659507542,35.249888376685526,1.0420705091813913,0.9571886018830036,-44.78559973694708,0.7870808604491052,32.4689031366551,419,298,121,71.1217183770883,1149.925292537757,-1771.4764348008257,12473.917812497164,-31222.486328496525,1.5986932476458169,12.8090692124105,43,71,60.56338028169014,26.66542989538425,-37.49670661952864,3.1844413489716623,,1.1492849387265673,310
28,42,0.45,0.2,-0.5,5,55,14,20000,120961.63319015084,100961.63319015084,504.8081659507542,35.249888376685526,1.0420705091813913,0.9571886018830036,-44.78559973694708,0.7870808604491052,32.4689031366551,419,298,121,71.1217183770883,1149.925292537757,-1771.4764348008257,12473.917812497164,-31222.486328496525,1.5986932476458169,12.8090692124105,43,71,60.56338028169014,26.66542989538425,-37.49670661952864,3.1844413489716623,,1.158003823902173,556
28,42,0.45,0.2,-0.5,5,55,14,20000,120961.63319015084,100961.63319015084,504.8081659507542,35.249888376685526,1.0420705091813913,0.9571886018830036,-44.78559973694708,0.7870808604491052,32.4689031366551,419,298,121,71.1217183770883,1149.925292537757,-1771.4764348008257,12473.917812497164,-31222.486328496525,1.5986932476458169,12.8090692124105,43,71,60.56338028169014,26.66542989538425,-37.49670661952864,3.1844413489716623,,1.158003823902173,556
28,42,0.45,0.2,-0.5,5,60,14,20000,120961.63319015084,100961.63319015084,504.8081659507542,35.249888376685526,1.0420705091813913,0.9571886018830036,-44.78559973694708,0.7870808604491052,32.4689031366551,419,298,121,71.1217183770883,1149.925292537757,-1771.4764348008257,12473.917812497164,-31222.486328496525,1.5986932476458169,12.8090692124105,43,71,60.56338028169014,26.66542989538425,-37.49670661952864,3.1844413489716623,,1.169126358157526,423
28,39,0.45,0.2,-0.5,5,60,14,20000,126106.55291965517,106106.55291965517,530.5327645982758,36.19839529710613,1.0163652320035388,0.991383169292244,-44.26787646806597,0.8177124855586643,34.55042289992523,423,305,118,72.10401891252955,1256.7279288116356,-2048.480173745262,13410.122736641739,-43021.986420558685,1.5857230304253247,12.153664302600474,42,71,59.154929577464785,29.09219265529859,-27.644470883371753,3.319692977401247,,1.1871402177440247,352
28,39,0.45,0.2,-0.5,5,50,14,20000,126106.55291965517,106106.55291965517,530.5327645982758,36.19839529710613,1.0163652320035388,0.991383169292244,-44.26787646806597,0.8177124855586643,34.55042289992523,423,305,118,72.10401891252955,1256.7279288116356,-2048.480173745262,13410.122736641739,-43021.986420558685,1.5857230304253247,12.153664302600474,42,71,59.154929577464785,29.09219265529859,-27.644470883371753,3.319692977401247,,1.155376221137135,255
28,39,0.45,0.2,-0.5,5,60,14,20000,126106.55291965517,106106.55291965517,530.5327645982758,36.19839529710613,1.0163652320035388,0.991383169292244,-44.26787646806597,0.8177124855586643,34.55042289992523,423,305,118,72.10401891252955,1256.7279288116356,-2048.480173745262,13410.122736641739,-43021.986420558685,1.5857230304253247,12.153664302600474,42,71,59.154929577464785,29.09219265529859,-27.644470883371753,3.319692977401247,,1.1871402177440247,352
28,39,0.45,0.1,-0.4,5,45,14,20000,118314.18129384745,98314.18129384745,491.57090646923723,34.74865667534319,1.0119968263367818,1.0110517564561243,-67.08767067815924,0.5179589084564209,33.052953861953924,392,323,69,82.39795918367348,1846.0502858387308,-6335.772545751612,17278.062672550524,-54832.37483949891,1.3639466416257837,8.97704081632653,46,71,64.7887323943662,25.73882685700073,-23.858285453973515,3.123903639561619,,1.0912105126565261,126
28,39,0.45,0.1,-0.4,5,55,14,20000,118314.18129384745,98314.18129384745,491.57090646923723,34.74865667534319,1.0119968263367818,1.0110517564561243,-67.08767067815924,0.5179589084564209,33.052953861953924,392,323,69,82.39795918367348,1846.0502858387308,-6335.772545751612,17278.062672550524,-54832.37483949891,1.3639466416257837,8.97704081632653,46,71,64.7887323943662,25.73882685700073,-23.858285453973515,3.123903639561619,,1.1845557615828215,450
28,39,0.45,0.1,-0.4,5,60,14,20000,118314.18129384745,98314.18129384745,491.57090646923723,34.74865667534319,1.0119968263367818,1.0110517564561243,-67.08767067815924,0.5179589084564209,33.052953861953924,392,323,69,82.39795918367348,1846.0502858387308,-6335.772545751612,17278.062672550524,-54832.37483949891,1.3639466416257837,8.97704081632653,46,71,64.7887323943662,25.73882685700073,-23.858285453973515,3.123903639561619,,1.201551860046143,345
28,39,0.45,0.1,-0.4,5,50,14,20000,118314.18129384745,98314.18129384745,491.57090646923723,34.74865667534319,1.0119968263367818,1.0110517564561243,-67.08767067815924,0.5179589084564209,33.052953861953924,392,323,69,82.39795918367348,1846.0502858387308,-6335.772545751612,17278.062672550524,-54832.37483949891,1.3639466416257837,8.97704081632653,46,71,64.7887323943662,25.73882685700073,-23.858285453973515,3.123903639561619,,1.1729758621128203,249
28,45,0.45,0.2,-0.4,5,50,14,20000,109233.20678816797,89233.20678816797,446.16603394083984,32.95528544330366,1.0086375525203382,0.8954245935904732,-47.59918167643449,0.6923498321320771,31.563219506381962,412,297,115,72.0873786407767,1093.7274752132148,-1833.7942792107222,12335.318725691639,-29150.85216452045,1.5403418585072168,12.888349514563107,44,71,61.97183098591549,26.248217656370045,-37.49670661952864,3.045408149221773,,1.2978813757688283,244
28,42,0.45,0.2,-0.5,5,55,8,20000,127467.11091885538,107467.11091885538,537.3355545942769,36.44383267064488,1.0043144823626167,1.1186848968442467,-63.83653852963745,0.570892994984762,35.18665544060005,411,317,94,77.12895377128953,1813.2100831418338,-4789.9813103336455,19195.97352256508,-69724.55582491233,1.2765731778889482,15.18978102189781,42,71,59.154929577464785,27.107851961946118,-19.285264843678394,3.426219277820613,,1.1047519548551703,567
28,42,0.45,0.2,-0.5,5,60,8,20000,127467.11091885538,107467.11091885538,537.3355545942769,36.44383267064488,1.0043144823626167,1.1186848968442467,-63.83653852963745,0.570892994984762,35.18665544060005,411,317,94,77.12895377128953,1813.2100831418338,-4789.9813103336455,19195.97352256508,-69724.55582491233,1.2765731778889482,15.18978102189781,42,71,59.154929577464785,27.107851961946118,-19.285264843678394,3.426219277820613,,1.11568224348485,436
28,42,0.45,0.2,-0.5,5,50,8,20000,127467.11091885538,107467.11091885538,537.3355545942769,36.44383267064488,1.0043144823626167,1.1186848968442467,-63.83653852963745,0.570892994984762,35.18665544060005,411,317,94,77.12895377128953,1813.2100831418338,-4789.9813103336455,19195.97352256508,-69724.55582491233,1.2765731778889482,15.18978102189781,42,71,59.154929577464785,27.107851961946118,-19.285264843678394,3.426219277820613,,1.0903208754162699,311
28,42,0.45,0.2,-0.5,5,60,8,20000,127467.11091885538,107467.11091885538,537.3355545942769,36.44383267064488,1.0043144823626167,1.1186848968442467,-63.83653852963745,0.570892994984762,35.18665544060005,411,317,94,77.12895377128953,1813.2100831418338,-4789.9813103336455,19195.97352256508,-69724.55582491233,1.2765731778889482,15.18978102189781,42,71,59.154929577464785,27.107851961946118,-19.285264843678394,3.426219277820613,,1.11568224348485,436
28,42,0.45,0.2,-0.5,5,55,8,20000,127467.11091885538,107467.11091885538,537.3355545942769,36.44383267064488,1.0043144823626167,1.1186848968442467,-63.83653852963745,0.570892994984762,35.18665544060005,411,317,94,77.12895377128953,1813.2100831418338,-4789.9813103336455,19195.97352256508,-69724.55582491233,1.2765731778889482,15.18978102189781,42,71,59.154929577464785,27.107851961946118,-19.285264843678394,3.426219277820613,,1.1047519548551703,567
28,42,0.45,0.2,-0.5,5,60,8,20000,127467.11091885538,107467.11091885538,537.3355545942769,36.44383267064488,1.0043144823626167,1.1186848968442467,-63.83653852963745,0.570892994984762,35.18665544060005,411,317,94,77.12895377128953,1813.2100831418338,-4789.9813103336455,19195.97352256508,-69724.55582491233,1.2765731778889482,15.18978102189781,42,71,59.154929577464785,27.107851961946118,-19.285264843678394,3.426219277820613,,1.11568224348485,436
28,42,0.45,0.2,-0.5,5,60,8,20000,127467.11091885538,107467.11091885538,537.3355545942769,36.44383267064488,1.0043144823626167,1.1186848968442467,-63.83653852963745,0.570892994984762,35.18665544060005,411,317,94,77.12895377128953,1813.2100831418338,-4789.9813103336455,19195.97352256508,-69724.55582491233,1.2765731778889482,15.18978102189781,42,71,59.154929577464785,27.107851961946118,-19.285264843678394,3.426219277820613,,1.11568224348485,436
28,45,0.45,0.2,-0.5,10,60,11,20000,113726.36968869092,93726.36968869092,468.6318484434546,33.85752208552007,1.0033716621767608,1.0982814481085288,-53.44303878249184,0.6335253918347908,32.35463330078048,388,285,103,73.4536082474227,1301.4861101979511,-2529.4732440847783,13929.208223955167,-41324.58939677736,1.4236954035990406,14.902061855670103,42,71,59.154929577464785,26.252960879312283,-19.514798803303446,2.9561861424829603,,1.2698638073111952,410
28,45,0.45,0.2,-0.5,10,50,11,20000,113726.36968869092,93726.36968869092,468.6318484434546,33.85752208552007,1.0033716621767608,1.0982814481085288,-53.44303878249184,0.6335253918347908,32.35463330078048,388,285,103,73.4536082474227,1301.4861101979511,-2529.4732440847783,13929.208223955167,-41324.58939677736,1.4236954035990406,14.902061855670103,42,71,59.154929577464785,26.252960879312283,-19.514798803303446,2.9561861424829603,,1.2558143576846046,296
28,45,0.45,0.2,-0.5,5,55,8,20000,120843.94539659542,100843.94539659542,504.2197269829771,35.227801861657035,0.986245971235942,1.0844427154642087,-62.47330659893069,0.563885662204728,34.78436163964943,391,301,90,76.98209718670077,1739.864473969448,-4534.779697629394,17602.084024301555,-64970.60883685012,1.2831670912470698,15.304347826086957,41,71,57.74647887323944,26.27062393567401,-19.438094535637774,3.3337183965427815,,1.2727263769460244,444
28,45,0.45,0.2,-0.5,5,60,8,20000,120843.94539659542,100843.94539659542,504.2197269829771,35.227801861657035,0.986245971235942,1.0844427154642087,-62.47330659893069,0.563885662204728,34.78436163964943,391,301,90,76.98209718670077,1739.864473969448,-4534.779697629394,17602.084024301555,-64970.60883685012,1.2831670912470698,15.304347826086957,41,71,57.74647887323944,26.27062393567401,-19.438094535637774,3.3337183965427815,,1.2803883706066193,345
28,45,0.45,0.2,-0.5,5,50,8,20000,120843.94539659542,100843.94539659542,504.2197269829771,35.227801861657035,0.986245971235942,1.0844427154642087,-62.47330659893069,0.563885662204728,34.78436163964943,391,301,90,76.98209718670077,1739.864473969448,-4534.779697629394,17602.084024301555,-64970.60883685012,1.2831670912470698,15.304347826086957,41,71,57.74647887323944,26.27062393567401,-19.438094535637774,3.3337183965427815,,1.25855263466484,244
28,39,0.45,0.30000000000000004,-0.4,5,50,14,20000,112421.75981791248,92421.75981791248,462.10879908956235,33.59865574504843,0.9832597161410838,0.9805116678292961,-49.50895155612564,0.678637997554027,33.22199492308966,442,318,124,71.94570135746606,999.6270197881311,-1698.3187747701768,15540.282147362037,-37798.56643572264,1.5094690427655557,13.583710407239819,41,71,57.74647887323944,34.79990899325058,-27.644470883371753,3.128078349217713,,0.6338175416172949,59
28,45,0.45,0.1,-0.19999999999999996,10,30,14,20000,84688.59030585943,64688.59030585943,323.44295152929715,27.397624322499926,0.980411219473243,0.9110884747894923,-62.755988186433385,0.4365738651283441,26.262605154155416,361,284,77,78.67036011080333,1323.4089663801226,-3745.03839150774,10118.993343804585,-23545.930858029547,1.303363076379883,9.193905817174516,43,71,60.56338028169014,21.29756475144109,-20.445511382306027,2.4852831018429726,,0.5972664137724669,2
28,45,0.45,0.30000000000000004,-0.5,5,35,14,20000,109268.87804457692,89268.87804457692,446.3443902228846,32.96256895682752,0.9784626253086024,0.8850657823117878,-50.11550450693255,0.6577319590241331,33.03363785648914,390,275,115,70.51282051282051,976.0336201680681,-1479.3733927929668,12335.802747827918,-27079.21800054438,1.577690562033091,14.212820512820512,45,71,63.38028169014085,26.595577916948976,-37.49670661952864,3.027024454291795,,0.7385185590918669,6
28,45,0.45,0.30000000000000004,-0.5,5,30,14,20000,104831.90572512623,84831.90572512623,424.15952862563114,32.041035123802274,0.9679461283162369,0.8516985795285131,-50.11550450693255,0.6393437607591078,32.51018613313841,389,275,114,70.69408740359897,930.7304480205064,-1424.603255929165,11864.370795681629,-25895.42704970091,1.5760058731795552,14.218508997429305,46,71,64.7887323943662,26.793857522878927,-37.49670661952864,2.963377642561253,,0.9732043768124197,2
21,39,0.45,0.2,-0.5,5,60,11,20000,89524.73489682318,69524.73489682318,347.6236744841159,28.59017332033602,0.9639690373217723,1.1042409491173497,-55.98829727746381,0.5106455225571581,28.172326493349374,355,243,112,68.45070422535211,1249.4420336564847,-1948.8208910147316,10035.280676524097,-21002.580257090714,1.3910169971163069,11.287323943661972,42,71,59.154929577464785,20.827716247890528,-20.27777178045883,2.434289965301172,,1.1353337549530407,427
28,42,0.45,0.30000000000000004,-0.5,5,45,14,20000,106370.48327465019,86370.48327465019,431.85241637325095,32.364203379798084,0.9539081491512343,0.869557383783865,-50.66662688738334,0.6387676734773359,33.62153224276378,400,285,115,71.25,925.0253736028448,-1460.628661830122,11942.94278770601,-26339.34865626721,1.569498289786059,14.115,43,71,60.56338028169014,26.814066808319904,-37.49670661952864,2.9940089776717516,,0.6644288403078225,40
21,45,0.45,0.1,-0.5,5,50,14,20000,65280.3764690644,45280.3764690644,226.40188234532198,21.953850947780907,0.9486238741957118,0.9406787513622071,-45.01670202583539,0.4876823481022986,21.23775746956855,315,228,87,72.38095238095238,818.2193419591589,-1483.0557705765214,4023.9564925219493,-10344.593000237897,1.4458653596693638,7.098412698412698,43,71,60.56338028169014,14.876596621790217,-21.022769527622987,1.8327501146733383,,1.3213814952752148,238
21,42,0.45,0.1,-0.5,5,60,14,20000,65642.44838443304,45642.44838443304,228.2122419221652,22.06707487821471,0.9406208924053913,0.9418949435841016,-45.40017480371258,0.4860570465559129,21.599367075050353,329,237,92,72.03647416413374,800.18030275767,-1426.4402381703062,4023.9564925219493,-10344.593000237897,1.4450896614103663,7.045592705167174,43,71,60.56338028169014,14.532098425867112,-21.358951789954904,1.8483515988485348,,1.1839091148150318,414
21,42,0.45,0.1,-0.5,5,55,14,20000,65642.44838443304,45642.44838443304,228.2122419221652,22.06707487821471,0.9406208924053913,0.9418949435841016,-45.40017480371258,0.4860570465559129,21.599367075050353,329,237,92,72.03647416413374,800.18030275767,-1426.4402381703062,4023.9564925219493,-10344.593000237897,1.4450896614103663,7.045592705167174,43,71,60.56338028169014,14.532098425867112,-21.358951789954904,1.8483515988485348,,1.1722461749007222,544
21,42,0.45,0.1,-0.5,5,60,14,20000,65642.44838443304,45642.44838443304,228.2122419221652,22.06707487821471,0.9406208924053913,0.9418949435841016,-45.40017480371258,0.4860570465559129,21.599367075050353,329,237,92,72.03647416413374,800.18030275767,-1426.4402381703062,4023.9564925219493,-10344.593000237897,1.4450896614103663,7.045592705167174,43,71,60.56338028169014,14.532098425867112,-21.358951789954904,1.8483515988485348,,1.1839091148150318,414
28,45,0.45,0.2,-0.4,10,55,8,20000,105759.80723249384,85759.80723249384,428.7990361624692,32.23640339406515,0.9348997260075691,0.9748191076133301,-64.67532382483859,0.4984343562217271,34.05059943582771,390,295,95,75.64102564102564,1701.3578573747404,-4238.478057968836,17532.78448089879,-42072.31232778649,1.2464766363406181,14.943589743589744,41,71,57.74647887323944,26.288145370634396,-19.55113931751732,2.8839194902859107,,1.2692931599761048,447
21,45,0.45,0.1,-0.5,10,60,14,20000,63561.2363746113,43561.2363746113,217.80618187305646,21.409015836756453,0.9283735207591174,0.9206858271820724,-44.872031917684076,0.47711268961544745,21.212258316028095,319,232,87,72.72727272727273,777.3580679764726,-1436.2270519488277,3898.2078521306385,-10035.799179335272,1.4433336603181592,7.213166144200627,43,71,60.56338028169014,14.889167076176669,-21.006637912165218,1.835867856655285,,1.322324414623917,334
21,45,0.45,0.1,-0.5,10,45,14,20000,63561.2363746113,43561.2363746113,217.80618187305646,21.409015836756453,0.9283735207591174,0.9206858271820724,-44.872031917684076,0.47711268961544745,21.212258316028095,319,232,87,72.72727272727273,777.3580679764726,-1436.2270519488277,3898.2078521306385,-10035.799179335272,1.4433336603181592,7.213166144200627,43,71,60.56338028169014,14.889167076176669,-21.006637912165218,1.835867856655285,,1.2752767285536701,116
21,39,0.45,0.1,-0.5,5,40,14,20000,69587.53737080052,49587.53737080052,247.9376868540026,23.26821650011204,0.9275688513247775,0.9365623065029669,-51.5276971622455,0.4515671722500483,23.4224821821767,369,262,107,71.00271002710026,847.7657695028535,-1452.6187941382482,4746.6574165841375,-13566.477647735925,1.4290312688865094,6.712737127371274,42,71,59.154929577464785,16.140494777988714,-23.240535014489407,1.9505698262206026,,0.891687648435071,22
21,39,0.45,0.1,-0.5,5,50,14,20000,69587.53737080052,49587.53737080052,247.9376868540026,23.26821650011204,0.9275688513247775,0.9365623065029669,-51.5276971622455,0.4515671722500483,23.4224821821767,369,262,107,71.00271002710026,847.7657695028535,-1452.6187941382482,4746.6574165841375,-13566.477647735925,1.4290312688865094,6.712737127371274,42,71,59.154929577464785,16.140494777988714,-23.240535014489407,1.9505698262206026,,1.1729758621128203,249
28,42,0.45,0.30000000000000004,-0.5,10,60,8,20000,106297.09744175966,86297.09744175966,431.48548720879825,32.348877798192156,0.9169432477301486,1.0544391382022307,-58.88815134312506,0.5493274463602048,35.21037282160595,428,301,127,70.32710280373831,1573.5057358473732,-2827.002761307219,17142.503125482126,-49576.875732648696,1.3191824723663346,18.33177570093458,40,71,56.33802816901409,30.967268203196664,-19.449121175882965,2.8409446643803227,,0.6074321910910025,101
28,45,0.45,0.4,-0.4,5,60,14,20000,92212.64395400447,72212.64395400447,361.06321977002233,29.229979689091845,0.9085878180224825,0.829909990020038,-52.92086607846328,0.5523337362951304,32.07461180293933,399,285,114,71.42857142857143,832.0142862700679,-1374.9844974027792,10866.457440755463,-23379.87127915854,1.512770303668273,14.586466165413533,45,71,63.38028169014085,25.49894863674098,-37.49670661952864,2.758743555783121,,0.570056061837421,8
21,39,0.45,0.2,-0.4,5,60,11,20000,80258.38991677984,60258.38991677984,301.29194958389917,26.254352809006654,0.904779740598809,1.004801460115086,-54.06414882190842,0.48561483683929935,27.917061674031203,352,235,117,66.76136363636364,1150.3667383751008,-1675.591552063425,8766.452085239442,-18245.99159834756,1.3789551924213972,11.278409090909092,41,71,57.74647887323944,20.684197381342774,-20.20897881508722,2.287730688685068,,1.1353337549530407,427
21,45,0.45,0.1,-0.4,5,60,14,20000,61784.62923460408,41784.62923460408,208.92314617302043,20.83292680860913,0.9009249827444836,0.8815538369063269,-48.01269565170499,0.43390454390930094,21.36950135674254,325,235,90,72.3076923076923,784.5211198602087,-1450.2450135370116,3772.459211739327,-15301.86725144695,1.4125005042922314,7.101538461538461,43,71,60.56338028169014,14.876596621790217,-25.591399441581864,1.7745769636515956,,1.32138765518373,333
28,42,0.45,0.2,-0.4,5,55,14,20000,92203.95937529897,72203.95937529897,361.01979687649487,29.227937625861202,0.9008680392572631,0.7984300159819009,-48.12072524108801,0.6073877207674512,32.54617085794599,396,288,108,72.72727272727273,981.6799111391974,-1746.7650219071234,10533.530597219826,-24563.662230002003,1.4986635658143972,12.626262626262626,42,71,59.154929577464785,26.52369127134506,-37.49670661952864,2.820237604847439,,1.15624374446051,557
21,39,0.45,0.1,-0.5,10,55,14,20000,66841.25213927712,46841.252139277116,234.20626069638558,22.438281872504227,0.8988613149705349,0.9054064773358096,-51.763588596422935,0.43347616502103953,23.41667057526008,369,258,111,69.91869918699187,828.3341089531447,-1354.859909966216,4591.029304564986,-13152.234055438645,1.4210451604220231,6.750677506775068,42,71,59.154929577464785,16.035684486548153,-23.207782198392945,1.9352441773888673,,1.1834881882568085,452
14,39,0.45,0.2,-0.19999999999999996,5,40,2,20000,91803.85995694985,71803.85995694985,359.01929978474925,29.13368555109117,0.8965307784937875,0.8352183316480738,-62.46963373393734,0.466365557306989,32.20004835303957,311,215,96,69.13183279742765,2304.465745448266,-4275.502050397265,15730.540154033713,-23841.92034685878,1.2071197756211967,10.983922829581994,40,71,56.33802816901409,26.070244508917305,-24.869562885069996,2.733576538254817,,0.5641538748109833,2
21,42,0.45,0.1,-0.4,5,50,14,20000,61973.012544767866,41973.012544767866,209.86506272383934,20.894661254072176,0.8917646364663738,0.8807020259600825,-48.452853036694236,0.43123696427635055,21.73465324764219,327,238,89,72.78287461773701,787.1346803930537,-1492.2591555962333,3812.975205751548,-15301.86725144695,1.410560589570309,7.018348623853211,43,71,60.56338028169014,14.532098425867112,-25.771405177441554,1.7875616016112752,,1.1644947617789487,303
21,39,0.45,0.2,-0.4,10,60,11,20000,77698.96271126447,57698.96271126447,288.49481355632236,25.569704244475044,0.8875161159472984,0.9851555060329978,-54.10120936660851,0.47262722116257855,27.814578852422812,349,231,118,66.189111747851,1127.9266518048914,-1604.3334475453157,8420.40792397999,-17458.39483870666,1.376309772007226,11.257879656160458,41,71,57.74647887323944,20.8281712253118,-20.23548623897068,2.2919383589638818,,1.1355663934516234,428
28,42,0.45,0.2,-0.4,10,55,11,20000,90574.66659078545,70574.66659078545,352.8733329539272,28.841968223843196,0.8820218724984595,0.901565584923842,-62.35177033292295,0.46256855370494704,32.59949276046422,395,297,98,75.18987341772151,1165.016837020394,-2651.4497012169763,13998.507767357927,-30874.03208619626,1.3316165455319597,14.346835443037975,44,71,61.97183098591549,26.90562453331795,-19.412604100909903,2.646933533980296,,1.1122044084164364,678
28,42,0.45,0.2,-0.4,10,60,11,20000,90574.66659078545,70574.66659078545,352.8733329539272,28.841968223843196,0.8820218724984595,0.901565584923842,-62.35177033292295,0.46256855370494704,32.59949276046422,395,297,98,75.18987341772151,1165.016837020394,-2651.4497012169763,13998.507767357927,-30874.03208619626,1.3316165455319597,14.346835443037975,44,71,61.97183098591549,26.90562453331795,-19.412604100909903,2.646933533980296,,1.121507841250878,517
28,39,0.45,0.2,-0.5,10,60,8,20000,116588.04207144056,96588.04207144056,482.94021035720283,34.41680330852848,0.8775558648013886,0.9668210551142045,-67.84378565660305,0.5072948535438748,41.337385702100185,398,307,91,77.1356783919598,2090.448349418103,-5529.585548433652,21438.132232489595,-58924.530001202394,1.2753924543763215,14.193467336683417,41,71,57.74647887323944,29.168413872619215,-21.969852324450134,3.1116205785075874,,1.132555974752468,365
21,39,0.45,0.1,-0.5,5,60,8,20000,80518.07723253491,60518.07723253491,302.5903861626746,26.322799631834815,0.8770703931821567,0.8710140525159569,-54.0383988995648,0.48711287099305245,29.418082143328235,318,237,81,74.52830188679245,1343.2109985677293,-2882.599536546629,7458.117738203423,-28825.967748646137,1.3633998877993634,9.632075471698114,44,71,61.97183098591549,20.621980773354153,-22.769491001556453,2.294572801776453,,1.1449831926915677,358
21,39,0.45,0.1,-0.4,5,60,14,20000,64925.874447486436,44925.874447486436,224.62937223743216,21.84248671993567,0.8770610955902785,0.8708682363137916,-54.748030702670505,0.39896387942352485,23.456035625676844,365,259,106,70.95890410958904,858.1896665639637,-1513.3388226841823,4746.6574165841375,-19382.365185166138,1.3856099912322257,6.704109589041096,42,71,59.154929577464785,16.152172003132748,-28.424110140575078,1.8778630719355716,,1.201551860046143,345
28,45,0.45,0.5,-0.4,5,35,14,20000,88460.77580503798,68460.77580503798,342.30387902518993,28.33249472762638,0.8767419040510529,0.7989761777917611,-52.92086607846328,0.5353747364152945,32.67227560055286,398,283,115,71.10552763819096,804.188088544117,-1314.6786744272663,10534.657213556822,-22492.02806602593,1.5053123096187055,14.668341708542714,45,71,63.38028169014085,24.861429515148338,-37.49670661952864,2.6895130727707888,,0.3863862775352931,2
14,39,0.45,0.6,-0.1,10,55,5,20000,84377.18449911734,64377.18449911734,321.88592249558667,27.31890900922722,0.840364039057802,0.8147038356633793,-54.288214736864816,0.5032198819143727,32.71843677874464,287,173,114,60.278745644599304,2295.8182166430256,-2831.959623365109,16992.280442775995,-14781.327766829714,1.230245236829088,10.665505226480835,37,71,52.112676056338024,25.688440400424597,-16.200014662177477,2.4821384753787683,,0.840364039057802,1
28,39,0.45,0.2,-0.5,10,50,11,20000,97729.63699827471,77729.63699827471,388.64818499137357,30.49601421063739,0.8382187778695552,0.9145800679558229,-57.97264686387711,0.5260414326474289,38.320312614976984,383,288,95,75.19582245430809,1271.3794393036496,-2739.129549078479,14461.827919304145,-37272.73434613065,1.407121157743964,13.91644908616188,42,71,59.154929577464785,29.068452215086758,-22.023599708588804,2.852058285422386,,1.1098456764124767,310
28,39,0.45,0.2,-0.5,10,60,11,20000,97729.63699827471,77729.63699827471,388.64818499137357,30.49601421063739,0.8382187778695552,0.9145800679558229,-57.97264686387711,0.5260414326474289,38.320312614976984,383,288,95,75.19582245430809,1271.3794393036496,-2739.129549078479,14461.827919304145,-37272.73434613065,1.407121157743964,13.91644908616188,42,71,59.154929577464785,29.068452215086758,-22.023599708588804,2.852058285422386,,1.1355663934516234,428
28,39,0.45,0.2,-0.5,10,50,11,20000,97729.63699827471,77729.63699827471,388.64818499137357,30.49601421063739,0.8382187778695552,0.9145800679558229,-57.97264686387711,0.5260414326474289,38.320312614976984,383,288,95,75.19582245430809,1271.3794393036496,-2739.129549078479,14461.827919304145,-37272.73434613065,1.407121157743964,13.91644908616188,42,71,59.154929577464785,29.068452215086758,-22.023599708588804,2.852058285422386,,1.1098456764124767,310
14,39,0.45,0.4,-0.5,20,60,2,20000,57027.98660712847,37027.98660712847,185.13993303564234,19.219680604431332,0.8339673201655766,0.6011976004070977,-34.88183156417304,0.5509940201698518,21.45497358487633,90,62,28,68.88888888888889,1400.0613520976813,-1725.80061510456,6732.370645310754,-8086.713837129519,1.7963464747552027,13.355555555555556,20,71,28.169014084507044,27.24785414034152,-15.837009762407572,1.768054930267285,,0.7297702691748356,2
21,42,0.45,0.1,-0.5,5,55,8,20000,67883.9022089979,47883.9022089979,239.4195110449895,22.756657947792114,0.8246591231367297,0.8013010034369966,-56.63661036760439,0.40180119890806015,26.92918675304341,318,233,85,73.27044025157232,1101.1602682964772,-2250.059400134138,7301.282827938008,-22274.61144213565,1.3415088586643464,10.084905660377359,44,71,61.97183098591549,19.674922152071805,-21.433201742774177,2.053289177076727,,1.118438812795656,556
21,42,0.45,0.1,-0.5,5,60,8,20000,67883.9022089979,47883.9022089979,239.4195110449895,22.756657947792114,0.8246591231367297,0.8013010034369966,-56.63661036760439,0.40180119890806015,26.92918675304341,318,233,85,73.27044025157232,1101.1602682964772,-2250.059400134138,7301.282827938008,-22274.61144213565,1.3415088586643464,10.084905660377359,44,71,61.97183098591549,19.674922152071805,-21.433201742774177,2.053289177076727,,1.1267617326279913,429
21,42,0.45,0.1,-0.5,5,45,8,20000,67883.9022089979,47883.9022089979,239.4195110449895,22.756657947792114,0.8246591231367297,0.8013010034369966,-56.63661036760439,0.40180119890806015,26.92918675304341,318,233,85,73.27044025157232,1101.1602682964772,-2250.059400134138,7301.282827938008,-22274.61144213565,1.3415088586643464,10.084905660377359,44,71,61.97183098591549,19.674922152071805,-21.433201742774177,2.053289177076727,,1.0648718651967484,154
21,42,0.45,0.1,-0.5,5,55,8,20000,67883.9022089979,47883.9022089979,239.4195110449895,22.756657947792114,0.8246591231367297,0.8013010034369966,-56.63661036760439,0.40180119890806015,26.92918675304341,318,233,85,73.27044025157232,1101.1602682964772,-2250.059400134138,7301.282827938008,-22274.61144213565,1.3415088586643464,10.084905660377359,44,71,61.97183098591549,19.674922152071805,-21.433201742774177,2.053289177076727,,1.118438812795656,556
21,42,0.45,0.1,-0.5,5,60,8,20000,67883.9022089979,47883.9022089979,239.4195110449895,22.756657947792114,0.8246591231367297,0.8013010034369966,-56.63661036760439,0.40180119890806015,26.92918675304341,318,233,85,73.27044025157232,1101.1602682964772,-2250.059400134138,7301.282827938008,-22274.61144213565,1.3415088586643464,10.084905660377359,44,71,61.97183098591549,19.674922152071805,-21.433201742774177,2.053289177076727,,1.1267617326279913,429
28,42,0.45,0.30000000000000004,-0.5,5,60,8,20000,85601.2576437094,65601.2576437094,328.00628821854696,27.626943523761827,0.8170487439619886,0.9293888748677319,-58.643251569215195,0.47110183669052563,34.9682601626435,405,281,124,69.38271604938272,1343.1691020994467,-2331.6601580045294,13528.678142272382,-39616.22490051837,1.3054194399000576,18.214814814814815,40,71,56.33802816901409,31.07618103105394,-19.564431676907567,2.8689530733007658,,0.6074321910910025,101
28,42,0.45,0.30000000000000004,-0.4,5,60,14,20000,79077.5441529223,59077.5441529223,295.3877207646115,25.94076840033841,0.8062491065463374,0.7113033219344289,-53.84127683689385,0.4818007655896252,33.628117148188515,389,276,113,70.95115681233933,766.5927041597745,-1282.0807701396411,9207.456304762263,-20124.44616433899,1.4604272706552917,13.951156812339331,43,71,60.56338028169014,26.89255148492291,-37.49670661952864,2.5958210798253956,,0.6547672668174915,101
21,45,0.45,0.2,-0.5,5,60,11,20000,66019.56308852437,46019.56308852437,230.09781544262188,22.184451614476842,0.8046782591016214,0.8094367477761341,-46.8476243285964,0.47354485808867713,27.03565059088416,297,211,86,71.04377104377105,944.7332123489552,-1692.4983671964883,6375.590010472845,-13151.703182391391,1.3695091210443442,11.73063973063973,42,71,59.154929577464785,19.210369198217812,-19.97428070545815,2.0148354780942013,,1.2716476865551176,408
21,45,0.45,0.1,-0.5,10,60,8,20000,64608.223997233494,44608.223997233494,223.04111998616744,21.742268444062773,0.7985232519834985,0.7769645240473,-55.979109702787845,0.3883996826584038,26.685460080383432,295,229,66,77.62711864406779,1039.2377202609046,-2689.517298268286,6825.11220872466,-19869.75165859761,1.3407015344745166,10.064406779661017,44,71,61.97183098591549,21.078762948580398,-21.323749014646598,2.0748570453527155,,1.2946240788585055,340
21,45,0.45,0.1,-0.5,10,50,8,20000,64608.223997233494,44608.223997233494,223.04111998616744,21.742268444062773,0.7985232519834985,0.7769645240473,-55.979109702787845,0.3883996826584038,26.685460080383432,295,229,66,77.62711864406779,1039.2377202609046,-2689.517298268286,6825.11220872466,-19869.75165859761,1.3407015344745166,10.064406779661017,44,71,61.97183098591549,21.078762948580398,-21.323749014646598,2.0748570453527155,,1.2760805801802995,240
28,39,0.45,0.2,-0.5,5,60,8,20000,91887.52926179118,71887.52926179118,359.4376463089559,29.1534238958995,0.7831608730879466,0.8579064961301976,-67.83655916488725,0.42975976751765366,41.08826857732442,395,306,89,77.46835443037975,1647.0923558057705,-4482.883266067203,16906.08052538372,-46485.9158098854,1.263257663193776,14.09367088607595,41,71,57.74647887323944,29.19301058068491,-21.983166424664823,3.105536209720085,,1.1322748015173199,364
28,39,0.45,0.2,-0.5,5,50,8,20000,91887.52926179118,71887.52926179118,359.4376463089559,29.1534238958995,0.7831608730879466,0.8579064961301976,-67.83655916488725,0.42975976751765366,41.08826857732442,395,306,89,77.46835443037975,1647.0923558057705,-4482.883266067203,16906.08052538372,-46485.9158098854,1.263257663193776,14.09367088607595,41,71,57.74647887323944,29.19301058068491,-21.983166424664823,3.105536209720085,,1.100176982024215,260
28,39,0.45,0.2,-0.5,5,55,8,20000,91887.52926179118,71887.52926179118,359.4376463089559,29.1534238958995,0.7831608730879466,0.8579064961301976,-67.83655916488725,0.42975976751765366,41.08826857732442,395,306,89,77.46835443037975,1647.0923558057705,-4482.883266067203,16906.08052538372,-46485.9158098854,1.263257663193776,14.09367088607595,41,71,57.74647887323944,29.19301058068491,-21.983166424664823,3.105536209720085,,1.1219945785244394,471
21,42,0.45,0.2,-0.5,5,60,11,20000,63737.07270739215,43737.07270739215,218.68536353696078,21.465301586096388,0.7777014920325171,0.7829620549982333,-47.05287317411476,0.45619534234744913,27.31288742317199,294,207,87,70.40816326530613,938.246006341698,-1641.2606549,6263.737554148761,-12966.467926301371,1.3601608143211033,11.683673469387756,42,71,59.154929577464785,19.183067652572138,-20.25810965530066,1.9732007077133873,,1.1256004809029818,513
21,42,0.45,0.2,-0.5,5,50,11,20000,63737.07270739215,43737.07270739215,218.68536353696078,21.465301586096388,0.7777014920325171,0.7829620549982333,-47.05287317411476,0.45619534234744913,27.31288742317199,294,207,87,70.40816326530613,938.246006341698,-1641.2606549,6263.737554148761,-12966.467926301371,1.3601608143211033,11.683673469387756,42,71,59.154929577464785,19.183067652572138,-20.25810965530066,1.9732007077133873,,1.1085604458711678,375
21,42,0.45,0.2,-0.5,5,55,11,20000,63737.07270739215,43737.07270739215,218.68536353696078,21.465301586096388,0.7777014920325171,0.7829620549982333,-47.05287317411476,0.45619534234744913,27.31288742317199,294,207,87,70.40816326530613,938.246006341698,-1641.2606549,6263.737554148761,-12966.467926301371,1.3601608143211033,11.683673469387756,42,71,59.154929577464785,19.183067652572138,-20.25810965530066,1.9732007077133873,,1.1159530703349307,673
21,42,0.45,0.2,-0.5,5,55,11,20000,63737.07270739215,43737.07270739215,218.68536353696078,21.465301586096388,0.7777014920325171,0.7829620549982333,-47.05287317411476,0.45619534234744913,27.31288742317199,294,207,87,70.40816326530613,938.246006341698,-1641.2606549,6263.737554148761,-12966.467926301371,1.3601608143211033,11.683673469387756,42,71,59.154929577464785,19.183067652572138,-20.25810965530066,1.9732007077133873,,1.1159530703349307,673
14,36,0.45,0.6,-0.4,15,35,8,20000,48122.7819579771,28122.781957977102,140.6139097898855,15.871487045468967,0.7773365082827235,0.720221739730738,-40.93680367167792,0.38770704163328795,18.636806738340848,190,130,60,68.42105263157895,776.5567284994701,-1130.2798791158968,5917.90108311819,-9114.641698672707,1.4886043797679547,7.052631578947368,33,71,46.478873239436616,19.73025454545656,-15.323196915189175,1.476429974101782,,0.7773365082827235,1
21,42,0.45,0.30000000000000004,-0.5,5,40,11,20000,64404.546496161616,44404.546496161616,222.0227324808081,21.677792504140946,0.7765855962229073,0.797922087521381,-46.44655122080847,0.46672555732037,27.71433031502272,301,199,102,66.11295681063123,954.7537945533229,-1358.154754812845,6596.929471444963,-11669.821133671234,1.3714975601345054,12.43189368770764,41,71,57.74647887323944,20.52056765982069,-20.426075796412846,1.9982844889476257,,0.7084543485026077,12
14,45,0.45,0.1,-0.1,10,60,5,20000,56904.52376262037,36904.52376262037,184.52261881310184,19.176337662825006,0.7716986925912133,0.6551000140748233,-52.993934102483934,0.3618591068506116,23.93571291879742,248,176,72,70.96774193548387,1223.856430340995,-2388.1166427553126,5912.381403508207,-7525.9003529118445,1.252723170377897,7.67741935483871,40,71,56.33802816901409,19.381638260759537,-16.597205200072253,1.7402717097065816,,0.44637505398847377,2
21,45,0.45,0.30000000000000004,-0.5,10,55,11,20000,63221.95150250726,43221.95150250726,216.1097575125363,21.30004245482906,0.7709782789212842,0.7892064915055674,-46.65488450099377,0.45654474730026096,27.397462337423402,289,195,94,67.47404844290658,943.7629136954607,-1425.6611573792777,6358.8427826569805,-11299.350621491194,1.3732618260899954,12.522491349480969,41,71,57.74647887323944,19.501154905288807,-20.060661600902176,2.0070349227139865,,0.6717011736347241,125
21,42,0.45,0.2,-0.5,10,50,11,20000,61591.208894275114,41591.208894275114,207.95604447137558,20.769378491370595,0.7594946355022829,0.7656478525951814,-47.10342861084463,0.44093135264019523,27.149620811395376,291,200,91,68.72852233676976,931.2941695013943,-1508.304050996882,6040.03264150059,-12410.762158031313,1.3570210669246345,11.642611683848797,42,71,59.154929577464785,19.144787162675534,-20.085444433145817,1.9726519824274018,,1.105462431172431,377
28,42,0.45,0.5,-0.5,10,40,2,20000,98195.58233787582,78195.58233787582,390.9779116893791,30.600192349977597,0.7555208479951898,0.8976452120264884,-51.87682480778195,0.5898624764210186,47.585293833875355,406,230,176,56.65024630541872,1657.9057611542162,-1665.3773111761545,16698.82574813053,-25045.697456441798,1.3009552717439854,25.029556650246306,37,71,52.112676056338024,36.94640542269334,-20.64527595869643,3.0813500353264653,,0.7555208479951898,1
21,39,0.45,0.1,-0.4,5,60,8,20000,64927.64299200142,44927.64299200142,224.6382149600071,21.843043549938557,0.755322840483072,0.7090961482689311,-56.409004850780356,0.3872261814885816,29.394590858185154,316,233,83,73.73417721518987,1229.5261783602318,-2656.4843668597664,6174.440857071721,-23987.927526563082,1.2992967259721282,9.458860759493671,43,71,60.56338028169014,20.72802216249321,-22.725828008667794,2.011712735121812,,1.1449831926915677,358
21,39,0.45,0.1,-0.4,5,45,8,20000,64927.64299200142,44927.64299200142,224.6382149600071,21.843043549938557,0.755322840483072,0.7090961482689311,-56.409004850780356,0.3872261814885816,29.394590858185154,316,233,83,73.73417721518987,1229.5261783602318,-2656.4843668597664,6174.440857071721,-23987.927526563082,1.2992967259721282,9.458860759493671,43,71,60.56338028169014,20.72802216249321,-22.725828008667794,2.011712735121812,,1.0681457238650705,126
21,42,0.45,0.1,-0.5,5,45,11,20000,55793.198166273985,35793.198166273985,178.96599083136994,18.78263119643,0.7253242676398609,0.7262334243703792,-55.87942266443464,0.3361278678418506,25.53992343650181,293,207,86,70.64846416382252,998.6302831150344,-1869.0057137712663,4163.203620469289,-14818.820487201567,1.2860741140527001,9.443686006825939,41,71,57.74647887323944,17.961082924062822,-20.089483348891335,1.660273121343391,,1.087772679252623,188
21,42,0.45,0.1,-0.5,5,55,11,20000,55793.198166273985,35793.198166273985,178.96599083136994,18.78263119643,0.7253242676398609,0.7262334243703792,-55.87942266443464,0.3361278678418506,25.53992343650181,293,207,86,70.64846416382252,998.6302831150344,-1869.0057137712663,4163.203620469289,-14818.820487201567,1.2860741140527001,9.443686006825939,41,71,57.74647887323944,17.961082924062822,-20.089483348891335,1.660273121343391,,1.1300325495188037,657
21,42,0.45,0.1,-0.5,5,60,11,20000,55793.198166273985,35793.198166273985,178.96599083136994,18.78263119643,0.7253242676398609,0.7262334243703792,-55.87942266443464,0.3361278678418506,25.53992343650181,293,207,86,70.64846416382252,998.6302831150344,-1869.0057137712663,4163.203620469289,-14818.820487201567,1.2860741140527001,9.443686006825939,41,71,57.74647887323944,17.961082924062822,-20.089483348891335,1.660273121343391,,1.138041790327345,502
21,42,0.45,0.1,-0.5,5,60,11,20000,55793.198166273985,35793.198166273985,178.96599083136994,18.78263119643,0.7253242676398609,0.7262334243703792,-55.87942266443464,0.3361278678418506,25.53992343650181,293,207,86,70.64846416382252,998.6302831150344,-1869.0057137712663,4163.203620469289,-14818.820487201567,1.2860741140527001,9.443686006825939,41,71,57.74647887323944,17.961082924062822,-20.089483348891335,1.660273121343391,,1.138041790327345,502
21,42,0.45,0.1,-0.5,5,55,11,20000,55793.198166273985,35793.198166273985,178.96599083136994,18.78263119643,0.7253242676398609,0.7262334243703792,-55.87942266443464,0.3361278678418506,25.53992343650181,293,207,86,70.64846416382252,998.6302831150344,-1869.0057137712663,4163.203620469289,-14818.820487201567,1.2860741140527001,9.443686006825939,41,71,57.74647887323944,17.961082924062822,-20.089483348891335,1.660273121343391,,1.1300325495188037,657
21,42,0.45,0.1,-0.5,5,50,11,20000,55793.198166273985,35793.198166273985,178.96599083136994,18.78263119643,0.7253242676398609,0.7262334243703792,-55.87942266443464,0.3361278678418506,25.53992343650181,293,207,86,70.64846416382252,998.6302831150344,-1869.0057137712663,4163.203620469289,-14818.820487201567,1.2860741140527001,9.443686006825939,41,71,57.74647887323944,17.961082924062822,-20.089483348891335,1.660273121343391,,1.1307849461360011,364
21,42,0.45,0.1,-0.5,5,55,11,20000,55793.198166273985,35793.198166273985,178.96599083136994,18.78263119643,0.7253242676398609,0.7262334243703792,-55.87942266443464,0.3361278678418506,25.53992343650181,293,207,86,70.64846416382252,998.6302831150344,-1869.0057137712663,4163.203620469289,-14818.820487201567,1.2860741140527001,9.443686006825939,41,71,57.74647887323944,17.961082924062822,-20.089483348891335,1.660273121343391,,1.1300325495188037,657
21,42,0.45,0.1,-0.5,5,60,11,20000,55793.198166273985,35793.198166273985,178.96599083136994,18.78263119643,0.7253242676398609,0.7262334243703792,-55.87942266443464,0.3361278678418506,25.53992343650181,293,207,86,70.64846416382252,998.6302831150344,-1869.0057137712663,4163.203620469289,-14818.820487201567,1.2860741140527001,9.443686006825939,41,71,57.74647887323944,17.961082924062822,-20.089483348891335,1.660273121343391,,1.138041790327345,502
21,42,0.45,0.1,-0.5,5,50,11,20000,55793.198166273985,35793.198166273985,178.96599083136994,18.78263119643,0.7253242676398609,0.7262334243703792,-55.87942266443464,0.3361278678418506,25.53992343650181,293,207,86,70.64846416382252,998.6302831150344,-1869.0057137712663,4163.203620469289,-14818.820487201567,1.2860741140527001,9.443686006825939,41,71,57.74647887323944,17.961082924062822,-20.089483348891335,1.660273121343391,,1.1307849461360011,364
21,42,0.45,0.1,-0.5,5,60,11,20000,55793.198166273985,35793.198166273985,178.96599083136994,18.78263119643,0.7253242676398609,0.7262334243703792,-55.87942266443464,0.3361278678418506,25.53992343650181,293,207,86,70.64846416382252,998.6302831150344,-1869.0057137712663,4163.203620469289,-14818.820487201567,1.2860741140527001,9.443686006825939,41,71,57.74647887323944,17.961082924062822,-20.089483348891335,1.660273121343391,,1.138041790327345,502
21,42,0.45,0.1,-0.5,5,60,11,20000,55793.198166273985,35793.198166273985,178.96599083136994,18.78263119643,0.7253242676398609,0.7262334243703792,-55.87942266443464,0.3361278678418506,25.53992343650181,293,207,86,70.64846416382252,998.6302831150344,-1869.0057137712663,4163.203620469289,-14818.820487201567,1.2860741140527001,9.443686006825939,41,71,57.74647887323944,17.961082924062822,-20.089483348891335,1.660273121343391,,1.138041790327345,502
21,42,0.45,0.1,-0.5,5,50,11,20000,55793.198166273985,35793.198166273985,178.96599083136994,18.78263119643,0.7253242676398609,0.7262334243703792,-55.87942266443464,0.3361278678418506,25.53992343650181,293,207,86,70.64846416382252,998.6302831150344,-1869.0057137712663,4163.203620469289,-14818.820487201567,1.2860741140527001,9.443686006825939,41,71,57.74647887323944,17.961082924062822,-20.089483348891335,1.660273121343391,,1.1307849461360011,364
28,42,0.45,0.2,-0.5,5,55,11,20000,70008.60141728271,50008.60141728271,250.04300708641355,23.393043228213163,0.7234119283679821,0.6871761896413181,-55.39601895920906,0.42228744353341824,35.508978308578826,370,272,98,73.51351351351352,837.8379600412799,-1706.746564330247,8731.742468748016,-25778.67243322778,1.3624915708408318,14.854054054054053,43,71,60.56338028169014,26.718266793015346,-37.59659338355448,2.609090582960315,,1.1159530703349307,673
28,42,0.45,0.2,-0.5,5,60,11,20000,70008.60141728271,50008.60141728271,250.04300708641355,23.393043228213163,0.7234119283679821,0.6871761896413181,-55.39601895920906,0.42228744353341824,35.508978308578826,370,272,98,73.51351351351352,837.8379600412799,-1706.746564330247,8731.742468748016,-25778.67243322778,1.3624915708408318,14.854054054054053,43,71,60.56338028169014,26.718266793015346,-37.59659338355448,2.609090582960315,,1.1256004809029818,513
28,42,0.45,0.2,-0.5,5,55,11,20000,70008.60141728271,50008.60141728271,250.04300708641355,23.393043228213163,0.7234119283679821,0.6871761896413181,-55.39601895920906,0.42228744353341824,35.508978308578826,370,272,98,73.51351351351352,837.8379600412799,-1706.746564330247,8731.742468748016,-25778.67243322778,1.3624915708408318,14.854054054054053,43,71,60.56338028169014,26.718266793015346,-37.59659338355448,2.609090582960315,,1.1159530703349307,673
28,42,0.45,0.2,-0.5,5,60,11,20000,70008.60141728271,50008.60141728271,250.04300708641355,23.393043228213163,0.7234119283679821,0.6871761896413181,-55.39601895920906,0.42228744353341824,35.508978308578826,370,272,98,73.51351351351352,837.8379600412799,-1706.746564330247,8731.742468748016,-25778.67243322778,1.3624915708408318,14.854054054054053,43,71,60.56338028169014,26.718266793015346,-37.59659338355448,2.609090582960315,,1.1256004809029818,513
28,42,0.45,0.2,-0.5,5,55,11,20000,70008.60141728271,50008.60141728271,250.04300708641355,23.393043228213163,0.7234119283679821,0.6871761896413181,-55.39601895920906,0.42228744353341824,35.508978308578826,370,272,98,73.51351351351352,837.8379600412799,-1706.746564330247,8731.742468748016,-25778.67243322778,1.3624915708408318,14.854054054054053,43,71,60.56338028169014,26.718266793015346,-37.59659338355448,2.609090582960315,,1.1159530703349307,673
28,42,0.45,0.2,-0.5,5,45,11,20000,70008.60141728271,50008.60141728271,250.04300708641355,23.393043228213163,0.7234119283679821,0.6871761896413181,-55.39601895920906,0.42228744353341824,35.508978308578826,370,272,98,73.51351351351352,837.8379600412799,-1706.746564330247,8731.742468748016,-25778.67243322778,1.3624915708408318,14.854054054054053,43,71,60.56338028169014,26.718266793015346,-37.59659338355448,2.609090582960315,,1.0636136605527835,196
28,42,0.45,0.2,-0.5,5,50,11,20000,70008.60141728271,50008.60141728271,250.04300708641355,23.393043228213163,0.7234119283679821,0.6871761896413181,-55.39601895920906,0.42228744353341824,35.508978308578826,370,272,98,73.51351351351352,837.8379600412799,-1706.746564330247,8731.742468748016,-25778.67243322778,1.3624915708408318,14.854054054054053,43,71,60.56338028169014,26.718266793015346,-37.59659338355448,2.609090582960315,,1.1085604458711678,375
28,42,0.45,0.2,-0.5,5,55,11,20000,70008.60141728271,50008.60141728271,250.04300708641355,23.393043228213163,0.7234119283679821,0.6871761896413181,-55.39601895920906,0.42228744353341824,35.508978308578826,370,272,98,73.51351351351352,837.8379600412799,-1706.746564330247,8731.742468748016,-25778.67243322778,1.3624915708408318,14.854054054054053,43,71,60.56338028169014,26.718266793015346,-37.59659338355448,2.609090582960315,,1.1159530703349307,673
28,42,0.45,0.2,-0.5,5,60,11,20000,70008.60141728271,50008.60141728271,250.04300708641355,23.393043228213163,0.7234119283679821,0.6871761896413181,-55.39601895920906,0.42228744353341824,35.508978308578826,370,272,98,73.51351351351352,837.8379600412799,-1706.746564330247,8731.742468748016,-25778.67243322778,1.3624915708408318,14.854054054054053,43,71,60.56338028169014,26.718266793015346,-37.59659338355448,2.609090582960315,,1.1256004809029818,513
28,42,0.45,0.2,-0.5,5,60,11,20000,70008.60141728271,50008.60141728271,250.04300708641355,23.393043228213163,0.7234119283679821,0.6871761896413181,-55.39601895920906,0.42228744353341824,35.508978308578826,370,272,98,73.51351351351352,837.8379600412799,-1706.746564330247,8731.742468748016,-25778.67243322778,1.3624915708408318,14.854054054054053,43,71,60.56338028169014,26.718266793015346,-37.59659338355448,2.609090582960315,,1.1256004809029818,513
28,42,0.45,0.2,-0.5,5,55,11,20000,70008.60141728271,50008.60141728271,250.04300708641355,23.393043228213163,0.7234119283679821,0.6871761896413181,-55.39601895920906,0.42228744353341824,35.508978308578826,370,272,98,73.51351351351352,837.8379600412799,-1706.746564330247,8731.742468748016,-25778.67243322778,1.3624915708408318,14.854054054054053,43,71,60.56338028169014,26.718266793015346,-37.59659338355448,2.609090582960315,,1.1159530703349307,673
28,42,0.45,0.2,-0.5,5,50,11,20000,70008.60141728271,50008.60141728271,250.04300708641355,23.393043228213163,0.7234119283679821,0.6871761896413181,-55.39601895920906,0.42228744353341824,35.508978308578826,370,272,98,73.51351351351352,837.8379600412799,-1706.746564330247,8731.742468748016,-25778.67243322778,1.3624915708408318,14.854054054054053,43,71,60.56338028169014,26.718266793015346,-37.59659338355448,2.609090582960315,,1.1085604458711678,375
28,42,0.45,0.2,-0.5,5,60,11,20000,70008.60141728271,50008.60141728271,250.04300708641355,23.393043228213163,0.7234119283679821,0.6871761896413181,-55.39601895920906,0.42228744353341824,35.508978308578826,370,272,98,73.51351351351352,837.8379600412799,-1706.746564330247,8731.742468748016,-25778.67243322778,1.3624915708408318,14.854054054054053,43,71,60.56338028169014,26.718266793015346,-37.59659338355448,2.609090582960315,,1.1256004809029818,513
28,42,0.45,0.2,-0.5,5,50,11,20000,70008.60141728271,50008.60141728271,250.04300708641355,23.393043228213163,0.7234119283679821,0.6871761896413181,-55.39601895920906,0.42228744353341824,35.508978308578826,370,272,98,73.51351351351352,837.8379600412799,-1706.746564330247,8731.742468748016,-25778.67243322778,1.3624915708408318,14.854054054054053,43,71,60.56338028169014,26.718266793015346,-37.59659338355448,2.609090582960315,,1.1085604458711678,375
28,42,0.45,0.2,-0.5,5,60,11,20000,70008.60141728271,50008.60141728271,250.04300708641355,23.393043228213163,0.7234119283679821,0.6871761896413181,-55.39601895920906,0.42228744353341824,35.508978308578826,370,272,98,73.51351351351352,837.8379600412799,-1706.746564330247,8731.742468748016,-25778.67243322778,1.3624915708408318,14.854054054054053,43,71,60.56338028169014,26.718266793015346,-37.59659338355448,2.609090582960315,,1.1256004809029818,513
28,42,0.45,0.2,-0.5,5,55,11,20000,70008.60141728271,50008.60141728271,250.04300708641355,23.393043228213163,0.7234119283679821,0.6871761896413181,-55.39601895920906,0.42228744353341824,35.508978308578826,370,272,98,73.51351351351352,837.8379600412799,-1706.746564330247,8731.742468748016,-25778.67243322778,1.3624915708408318,14.854054054054053,43,71,60.56338028169014,26.718266793015346,-37.59659338355448,2.609090582960315,,1.1159530703349307,673
28,42,0.45,0.2,-0.5,5,60,11,20000,70008.60141728271,50008.60141728271,250.04300708641355,23.393043228213163,0.7234119283679821,0.6871761896413181,-55.39601895920906,0.42228744353341824,35.508978308578826,370,272,98,73.51351351351352,837.8379600412799,-1706.746564330247,8731.742468748016,-25778.67243322778,1.3624915708408318,14.854054054054053,43,71,60.56338028169014,26.718266793015346,-37.59659338355448,2.609090582960315,,1.1256004809029818,513
28,42,0.45,0.2,-0.5,5,60,11,20000,70008.60141728271,50008.60141728271,250.04300708641355,23.393043228213163,0.7234119283679821,0.6871761896413181,-55.39601895920906,0.42228744353341824,35.508978308578826,370,272,98,73.51351351351352,837.8379600412799,-1706.746564330247,8731.742468748016,-25778.67243322778,1.3624915708408318,14.854054054054053,43,71,60.56338028169014,26.718266793015346,-37.59659338355448,2.609090582960315,,1.1256004809029818,513
28,42,0.45,0.2,-0.5,5,50,11,20000,70008.60141728271,50008.60141728271,250.04300708641355,23.393043228213163,0.7234119283679821,0.6871761896413181,-55.39601895920906,0.42228744353341824,35.508978308578826,370,272,98,73.51351351351352,837.8379600412799,-1706.746564330247,8731.742468748016,-25778.67243322778,1.3624915708408318,14.854054054054053,43,71,60.56338028169014,26.718266793015346,-37.59659338355448,2.609090582960315,,1.1085604458711678,375
28,42,0.45,0.2,-0.5,5,60,11,20000,70008.60141728271,50008.60141728271,250.04300708641355,23.393043228213163,0.7234119283679821,0.6871761896413181,-55.39601895920906,0.42228744353341824,35.508978308578826,370,272,98,73.51351351351352,837.8379600412799,-1706.746564330247,8731.742468748016,-25778.67243322778,1.3624915708408318,14.854054054054053,43,71,60.56338028169014,26.718266793015346,-37.59659338355448,2.609090582960315,,1.1256004809029818,513
28,42,0.45,0.2,-0.5,5,55,11,20000,70008.60141728271,50008.60141728271,250.04300708641355,23.393043228213163,0.7234119283679821,0.6871761896413181,-55.39601895920906,0.42228744353341824,35.508978308578826,370,272,98,73.51351351351352,837.8379600412799,-1706.746564330247,8731.742468748016,-25778.67243322778,1.3624915708408318,14.854054054054053,43,71,60.56338028169014,26.718266793015346,-37.59659338355448,2.609090582960315,,1.1159530703349307,673
28,42,0.45,0.2,-0.5,5,50,11,20000,70008.60141728271,50008.60141728271,250.04300708641355,23.393043228213163,0.7234119283679821,0.6871761896413181,-55.39601895920906,0.42228744353341824,35.508978308578826,370,272,98,73.51351351351352,837.8379600412799,-1706.746564330247,8731.742468748016,-25778.67243322778,1.3624915708408318,14.854054054054053,43,71,60.56338028169014,26.718266793015346,-37.59659338355448,2.609090582960315,,1.1085604458711678,375
28,42,0.45,0.2,-0.5,5,60,11,20000,70008.60141728271,50008.60141728271,250.04300708641355,23.393043228213163,0.7234119283679821,0.6871761896413181,-55.39601895920906,0.42228744353341824,35.508978308578826,370,272,98,73.51351351351352,837.8379600412799,-1706.746564330247,8731.742468748016,-25778.67243322778,1.3624915708408318,14.854054054054053,43,71,60.56338028169014,26.718266793015346,-37.59659338355448,2.609090582960315,,1.1256004809029818,513
28,42,0.45,0.2,-0.5,5,60,11,20000,70008.60141728271,50008.60141728271,250.04300708641355,23.393043228213163,0.7234119283679821,0.6871761896413181,-55.39601895920906,0.42228744353341824,35.508978308578826,370,272,98,73.51351351351352,837.8379600412799,-1706.746564330247,8731.742468748016,-25778.67243322778,1.3624915708408318,14.854054054054053,43,71,60.56338028169014,26.718266793015346,-37.59659338355448,2.609090582960315,,1.1256004809029818,513
28,42,0.45,0.2,-0.5,5,55,11,20000,70008.60141728271,50008.60141728271,250.04300708641355,23.393043228213163,0.7234119283679821,0.6871761896413181,-55.39601895920906,0.42228744353341824,35.508978308578826,370,272,98,73.51351351351352,837.8379600412799,-1706.746564330247,8731.742468748016,-25778.67243322778,1.3624915708408318,14.854054054054053,43,71,60.56338028169014,26.718266793015346,-37.59659338355448,2.609090582960315,,1.1159530703349307,673
28,42,0.45,0.2,-0.5,5,60,11,20000,70008.60141728271,50008.60141728271,250.04300708641355,23.393043228213163,0.7234119283679821,0.6871761896413181,-55.39601895920906,0.42228744353341824,35.508978308578826,370,272,98,73.51351351351352,837.8379600412799,-1706.746564330247,8731.742468748016,-25778.67243322778,1.3624915708408318,14.854054054054053,43,71,60.56338028169014,26.718266793015346,-37.59659338355448,2.609090582960315,,1.1256004809029818,513
28,42,0.45,0.2,-0.5,5,55,11,20000,70008.60141728271,50008.60141728271,250.04300708641355,23.393043228213163,0.7234119283679821,0.6871761896413181,-55.39601895920906,0.42228744353341824,35.508978308578826,370,272,98,73.51351351351352,837.8379600412799,-1706.746564330247,8731.742468748016,-25778.67243322778,1.3624915708408318,14.854054054054053,43,71,60.56338028169014,26.718266793015346,-37.59659338355448,2.609090582960315,,1.1159530703349307,673
28,42,0.45,0.2,-0.5,5,60,11,20000,70008.60141728271,50008.60141728271,250.04300708641355,23.393043228213163,0.7234119283679821,0.6871761896413181,-55.39601895920906,0.42228744353341824,35.508978308578826,370,272,98,73.51351351351352,837.8379600412799,-1706.746564330247,8731.742468748016,-25778.67243322778,1.3624915708408318,14.854054054054053,43,71,60.56338028169014,26.718266793015346,-37.59659338355448,2.609090582960315,,1.1256004809029818,513
28,42,0.45,0.2,-0.5,5,50,11,20000,70008.60141728271,50008.60141728271,250.04300708641355,23.393043228213163,0.7234119283679821,0.6871761896413181,-55.39601895920906,0.42228744353341824,35.508978308578826,370,272,98,73.51351351351352,837.8379600412799,-1706.746564330247,8731.742468748016,-25778.67243322778,1.3624915708408318,14.854054054054053,43,71,60.56338028169014,26.718266793015346,-37.59659338355448,2.609090582960315,,1.1085604458711678,375
28,42,0.45,0.2,-0.5,5,50,11,20000,70008.60141728271,50008.60141728271,250.04300708641355,23.393043228213163,0.7234119283679821,0.6871761896413181,-55.39601895920906,0.42228744353341824,35.508978308578826,370,272,98,73.51351351351352,837.8379600412799,-1706.746564330247,8731.742468748016,-25778.67243322778,1.3624915708408318,14.854054054054053,43,71,60.56338028169014,26.718266793015346,-37.59659338355448,2.609090582960315,,1.1085604458711678,375
28,42,0.45,0.2,-0.5,5,60,11,20000,70008.60141728271,50008.60141728271,250.04300708641355,23.393043228213163,0.7234119283679821,0.6871761896413181,-55.39601895920906,0.42228744353341824,35.508978308578826,370,272,98,73.51351351351352,837.8379600412799,-1706.746564330247,8731.742468748016,-25778.67243322778,1.3624915708408318,14.854054054054053,43,71,60.56338028169014,26.718266793015346,-37.59659338355448,2.609090582960315,,1.1256004809029818,513
28,42,0.45,0.2,-0.5,5,55,11,20000,70008.60141728271,50008.60141728271,250.04300708641355,23.393043228213163,0.7234119283679821,0.6871761896413181,-55.39601895920906,0.42228744353341824,35.508978308578826,370,272,98,73.51351351351352,837.8379600412799,-1706.746564330247,8731.742468748016,-25778.67243322778,1.3624915708408318,14.854054054054053,43,71,60.56338028169014,26.718266793015346,-37.59659338355448,2.609090582960315,,1.1159530703349307,673
28,45,0.5,0.1,-0.5,10,55,11,20000,60858.15025834133,40858.15025834133,204.29075129170667,20.527014175430615,0.721099340367784,0.7692893070335591,-52.01421870457842,0.3946423629280387,29.030969210838748,306,240,66,78.43137254901961,698.2913233888655,-1763.765858943173,4098.829009792537,-13647.613007329604,1.4396702164770292,11.980392156862745,42,71,59.154929577464785,20.263486194556492,-19.49355511735995,1.9264870328776802,,1.2806896802735632,519
21,42,0.45,0.1,-0.5,10,55,11,20000,55258.87599853923,35258.87599853923,176.29437999269615,18.591010296564313,0.7202605263281163,0.7224610171262745,-55.67091393272705,0.3339447654663935,25.46766107370837,291,210,81,72.16494845360825,964.5367490257669,-1942.6858773970757,4163.203620469289,-14633.585231111549,1.2872131618921645,9.422680412371134,41,71,57.74647887323944,18.088110686042324,-20.180943804283157,1.6889182907109066,,1.128628720097602,660
21,42,0.45,0.1,-0.5,10,60,11,20000,55258.87599853923,35258.87599853923,176.29437999269615,18.591010296564313,0.7202605263281163,0.7224610171262745,-55.67091393272705,0.3339447654663935,25.46766107370837,291,210,81,72.16494845360825,964.5367490257669,-1942.6858773970757,4163.203620469289,-14633.585231111549,1.2872131618921645,9.422680412371134,41,71,57.74647887323944,18.088110686042324,-20.180943804283157,1.6889182907109066,,1.1371208008480738,504
21,45,0.45,0.2,-0.4,5,50,11,20000,55146.501596082344,35146.501596082344,175.73250798041173,18.550513979423844,0.692074119360185,0.6779110612301492,-47.47091983375388,0.39077637518693337,27.111373006649014,287,194,93,67.59581881533101,895.8048260757427,-1417.6764819873947,5592.622816204251,-12078.836400523945,1.3181202873551867,11.777003484320558,42,71,59.154929577464785,18.789664836557307,-19.927433114907135,1.7731351091594227,,1.2542110907591097,296
21,42,0.45,0.1,-0.4,5,55,8,20000,53697.65588329714,33697.65588329714,168.4882794164857,18.02214524822674,0.6775036290327847,0.6242263893720552,-63.86755491816179,0.2821799781018679,27.039775743425942,311,236,75,75.88424437299035,1005.7267005239422,-2512.2647341662337,6904.473978593552,-20083.404902238446,1.25969474525368,9.97749196141479,44,71,61.97183098591549,19.595704725229403,-21.344760014786644,1.7496832631755708,,1.1171435236622282,557
14,30,0.45,0.30000000000000004,-0.4,5,25,2,20000,70248.27782232808,50248.27782232808,251.2413891116404,23.46381781326514,0.6770489743167931,0.6655881959743052,-61.03642907473862,0.38442317430683703,40.45141750524303,251,161,90,64.14342629482071,1868.6701050090535,-2661.0662146723193,13088.86665501753,-16153.944155808249,1.2562044376867048,12.286852589641434,36,71,50.70422535211267,38.32940602764643,-26.18544485745482,2.5448591292841294,,0.6770489743167931,1
28,45,0.45,0.2,-0.5,5,60,11,20000,62211.780074090115,42211.780074090115,211.05890037045057,20.972682918922224,0.6705123362593278,0.6364159340944645,-55.111925029008,0.38054709407960824,35.15183872291854,333,239,94,71.77177177177178,844.7725977710252,-1600.972749607605,7622.949774303823,-22630.132288711415,1.341608884393516,15.063063063063064,41,71,57.74647887323944,26.05126111513303,-37.59659338355448,2.4245106267359384,,1.2716476865551176,408
28,45,0.45,0.2,-0.5,5,55,11,20000,62211.780074090115,42211.780074090115,211.05890037045057,20.972682918922224,0.6705123362593278,0.6364159340944645,-55.111925029008,0.38054709407960824,35.15183872291854,333,239,94,71.77177177177178,844.7725977710252,-1600.972749607605,7622.949774303823,-22630.132288711415,1.341608884393516,15.063063063063064,41,71,57.74647887323944,26.05126111513303,-37.59659338355448,2.4245106267359384,,1.2681400685625452,527
28,45,0.45,0.2,-0.5,5,60,11,20000,62211.780074090115,42211.780074090115,211.05890037045057,20.972682918922224,0.6705123362593278,0.6364159340944645,-55.111925029008,0.38054709407960824,35.15183872291854,333,239,94,71.77177177177178,844.7725977710252,-1600.972749607605,7622.949774303823,-22630.132288711415,1.341608884393516,15.063063063063064,41,71,57.74647887323944,26.05126111513303,-37.59659338355448,2.4245106267359384,,1.2716476865551176,408
28,45,0.45,0.2,-0.5,5,50,11,20000,62211.780074090115,42211.780074090115,211.05890037045057,20.972682918922224,0.6705123362593278,0.6364159340944645,-55.111925029008,0.38054709407960824,35.15183872291854,333,239,94,71.77177177177178,844.7725977710252,-1600.972749607605,7622.949774303823,-22630.132288711415,1.341608884393516,15.063063063063064,41,71,57.74647887323944,26.05126111513303,-37.59659338355448,2.4245106267359384,,1.260788709266409,294
28,45,0.45,0.2,-0.5,5,60,11,20000,62211.780074090115,42211.780074090115,211.05890037045057,20.972682918922224,0.6705123362593278,0.6364159340944645,-55.111925029008,0.38054709407960824,35.15183872291854,333,239,94,71.77177177177178,844.7725977710252,-1600.972749607605,7622.949774303823,-22630.132288711415,1.341608884393516,15.063063063063064,41,71,57.74647887323944,26.05126111513303,-37.59659338355448,2.4245106267359384,,1.2716476865551176,408
28,45,0.45,0.2,-0.5,5,40,11,20000,62211.780074090115,42211.780074090115,211.05890037045057,20.972682918922224,0.6705123362593278,0.6364159340944645,-55.111925029008,0.38054709407960824,35.15183872291854,333,239,94,71.77177177177178,844.7725977710252,-1600.972749607605,7622.949774303823,-22630.132288711415,1.341608884393516,15.063063063063064,41,71,57.74647887323944,26.05126111513303,-37.59659338355448,2.4245106267359384,,1.0691537652318563,29
28,45,0.45,0.2,-0.5,5,55,11,20000,62211.780074090115,42211.780074090115,211.05890037045057,20.972682918922224,0.6705123362593278,0.6364159340944645,-55.111925029008,0.38054709407960824,35.15183872291854,333,239,94,71.77177177177178,844.7725977710252,-1600.972749607605,7622.949774303823,-22630.132288711415,1.341608884393516,15.063063063063064,41,71,57.74647887323944,26.05126111513303,-37.59659338355448,2.4245106267359384,,1.2681400685625452,527
28,45,0.45,0.2,-0.5,5,50,11,20000,62211.780074090115,42211.780074090115,211.05890037045057,20.972682918922224,0.6705123362593278,0.6364159340944645,-55.111925029008,0.38054709407960824,35.15183872291854,333,239,94,71.77177177177178,844.7725977710252,-1600.972749607605,7622.949774303823,-22630.132288711415,1.341608884393516,15.063063063063064,41,71,57.74647887323944,26.05126111513303,-37.59659338355448,2.4245106267359384,,1.260788709266409,294
28,42,0.5,0.1,-0.5,5,60,14,20000,54470.498206909695,34470.498206909695,172.35249103454848,18.305443368580065,0.6669582649361935,0.744028415091547,-53.93718671541876,0.3393844670683793,28.246390675487838,308,224,84,72.72727272727273,735.7188037244043,-1414.7915767209656,4058.396446157817,-14981.29550420062,1.3867179040455138,10.555194805194805,40,71,56.33802816901409,20.212520517808063,-22.982026204696503,1.7451683198770487,,1.1839091148150318,414
28,42,0.5,0.1,-0.5,5,55,14,20000,54470.498206909695,34470.498206909695,172.35249103454848,18.305443368580065,0.6669582649361935,0.744028415091547,-53.93718671541876,0.3393844670683793,28.246390675487838,308,224,84,72.72727272727273,735.7188037244043,-1414.7915767209656,4058.396446157817,-14981.29550420062,1.3867179040455138,10.555194805194805,40,71,56.33802816901409,20.212520517808063,-22.982026204696503,1.7451683198770487,,1.1722461749007222,544
21,45,0.45,0.1,-0.5,5,50,11,20000,50200.13059121072,30200.13059121072,151.0006529560536,16.69599922317968,0.6602838305063189,0.659893459133558,-58.50731023804821,0.2853660364020975,25.259352716070854,289,211,78,73.01038062283737,911.1836947317112,-1958.2147160050272,3850.8390064891328,-14263.11471893151,1.2587326060444908,9.612456747404844,41,71,57.74647887323944,16.4742136960339,-20.3248079074964,1.5555901705563662,,1.278606956294315,288
21,45,0.45,0.1,-0.5,5,60,11,20000,50200.13059121072,30200.13059121072,151.0006529560536,16.69599922317968,0.6602838305063189,0.659893459133558,-58.50731023804821,0.2853660364020975,25.259352716070854,289,211,78,73.01038062283737,911.1836947317112,-1958.2147160050272,3850.8390064891328,-14263.11471893151,1.2587326060444908,9.612456747404844,41,71,57.74647887323944,16.4742136960339,-20.3248079074964,1.5555901705563662,,1.2868330913436568,399
21,45,0.45,0.1,-0.5,5,55,11,20000,50200.13059121072,30200.13059121072,151.0006529560536,16.69599922317968,0.6602838305063189,0.659893459133558,-58.50731023804821,0.2853660364020975,25.259352716070854,289,211,78,73.01038062283737,911.1836947317112,-1958.2147160050272,3850.8390064891328,-14263.11471893151,1.2587326060444908,9.612456747404844,41,71,57.74647887323944,16.4742136960339,-20.3248079074964,1.5555901705563662,,1.2833611895957677,516
21,45,0.45,0.1,-0.5,5,60,11,20000,50200.13059121072,30200.13059121072,151.0006529560536,16.69599922317968,0.6602838305063189,0.659893459133558,-58.50731023804821,0.2853660364020975,25.259352716070854,289,211,78,73.01038062283737,911.1836947317112,-1958.2147160050272,3850.8390064891328,-14263.11471893151,1.2587326060444908,9.612456747404844,41,71,57.74647887323944,16.4742136960339,-20.3248079074964,1.5555901705563662,,1.2868330913436568,399
28,42,0.45,0.2,-0.5,15,50,11,20000,55501.557099282574,35501.557099282574,177.50778549641285,18.678231894239694,0.6516653474612505,0.6570911183793188,-57.82096862565174,0.3230356104057598,30.336275564023413,267,205,62,76.77902621722846,873.4056947662913,-2188.8743601259116,8315.945208331443,-24794.753638066417,1.319341905038691,14.599250936329588,31,71,43.66197183098591,26.77749775501759,-19.810667349686263,1.971828105640693,,1.0579781179769068,68
28,42,0.5,0.1,-0.5,10,60,14,20000,51966.64216091311,31966.642160913107,159.83321080456554,17.375089104979892,0.6393046671996473,0.7127346787723499,-54.02790500650181,0.3215947222623003,28.2233808825322,304,217,87,71.38157894736842,727.9715024535027,-1320.6545346706207,3885.698725044718,-14678.643069772324,1.3748826541678745,10.611842105263158,40,71,56.33802816901409,20.114947013373175,-22.943559765301302,1.7081900829365222,,1.1825727846551084,416
28,42,0.5,0.1,-0.5,10,35,14,20000,51966.64216091311,31966.642160913107,159.83321080456554,17.375089104979892,0.6393046671996473,0.7127346787723499,-54.02790500650181,0.3215947222623003,28.2233808825322,304,217,87,71.38157894736842,727.9715024535027,-1320.6545346706207,3885.698725044718,-14678.643069772324,1.3748826541678745,10.611842105263158,40,71,56.33802816901409,20.114947013373175,-22.943559765301302,1.7081900829365222,,0.8235132041849883,11
21,42,0.45,0.1,-0.4,5,60,11,20000,48536.867101736105,28536.867101736105,142.6843355086805,16.03817202383304,0.6326404546399695,0.6171997660514636,-57.36199165584338,0.27959580134626055,25.634717341048272,289,206,83,71.280276816609,902.8011580271989,-1786.1857498140373,3746.8832584223605,-13336.938438481411,1.2544536377151558,9.373702422145328,41,71,57.74647887323944,18.02753635684782,-20.180814463507126,1.4844735868557817,,1.1346658354855146,504
21,42,0.45,0.1,-0.4,5,55,11,20000,48536.867101736105,28536.867101736105,142.6843355086805,16.03817202383304,0.6326404546399695,0.6171997660514636,-57.36199165584338,0.27959580134626055,25.634717341048272,289,206,83,71.280276816609,902.8011580271989,-1786.1857498140373,3746.8832584223605,-13336.938438481411,1.2544536377151558,9.373702422145328,41,71,57.74647887323944,18.02753635684782,-20.180814463507126,1.4844735868557817,,1.1274749429047437,659
21,42,0.45,0.1,-0.4,5,60,11,20000,48536.867101736105,28536.867101736105,142.6843355086805,16.03817202383304,0.6326404546399695,0.6171997660514636,-57.36199165584338,0.27959580134626055,25.634717341048272,289,206,83,71.280276816609,902.8011580271989,-1786.1857498140373,3746.8832584223605,-13336.938438481411,1.2544536377151558,9.373702422145328,41,71,57.74647887323944,18.02753635684782,-20.180814463507126,1.4844735868557817,,1.1346658354855146,504
28,39,0.45,0.2,-0.5,5,60,11,20000,61649.59557375855,41649.59557375855,208.24797786879273,20.788578934011003,0.6312974985897215,0.6578045440485878,-57.78852569702176,0.35973540911915636,39.45334068596072,355,264,91,74.36619718309859,867.8877053684682,-1863.4928376297087,9115.025343505076,-23431.400636692215,1.3511337513506576,14.045070422535211,42,71,59.154929577464785,28.912584370373985,-27.653423218726438,2.496320267617559,,1.1353337549530407,427
28,39,0.45,0.2,-0.5,5,55,11,20000,61649.59557375855,41649.59557375855,208.24797786879273,20.788578934011003,0.6312974985897215,0.6578045440485878,-57.78852569702176,0.35973540911915636,39.45334068596072,355,264,91,74.36619718309859,867.8877053684682,-1863.4928376297087,9115.025343505076,-23431.400636692215,1.3511337513506576,14.045070422535211,42,71,59.154929577464785,28.912584370373985,-27.653423218726438,2.496320267617559,,1.126050179074911,555
28,39,0.45,0.2,-0.5,5,60,11,20000,61649.59557375855,41649.59557375855,208.24797786879273,20.788578934011003,0.6312974985897215,0.6578045440485878,-57.78852569702176,0.35973540911915636,39.45334068596072,355,264,91,74.36619718309859,867.8877053684682,-1863.4928376297087,9115.025343505076,-23431.400636692215,1.3511337513506576,14.045070422535211,42,71,59.154929577464785,28.912584370373985,-27.653423218726438,2.496320267617559,,1.1353337549530407,427
28,39,0.45,0.2,-0.5,5,60,11,20000,61649.59557375855,41649.59557375855,208.24797786879273,20.788578934011003,0.6312974985897215,0.6578045440485878,-57.78852569702176,0.35973540911915636,39.45334068596072,355,264,91,74.36619718309859,867.8877053684682,-1863.4928376297087,9115.025343505076,-23431.400636692215,1.3511337513506576,14.045070422535211,42,71,59.154929577464785,28.912584370373985,-27.653423218726438,2.496320267617559,,1.1353337549530407,427
28,39,0.45,0.2,-0.5,5,50,11,20000,61649.59557375855,41649.59557375855,208.24797786879273,20.788578934011003,0.6312974985897215,0.6578045440485878,-57.78852569702176,0.35973540911915636,39.45334068596072,355,264,91,74.36619718309859,867.8877053684682,-1863.4928376297087,9115.025343505076,-23431.400636692215,1.3511337513506576,14.045070422535211,42,71,59.154929577464785,28.912584370373985,-27.653423218726438,2.496320267617559,,1.1113284606485645,309
28,39,0.45,0.2,-0.5,5,60,11,20000,61649.59557375855,41649.59557375855,208.24797786879273,20.788578934011003,0.6312974985897215,0.6578045440485878,-57.78852569702176,0.35973540911915636,39.45334068596072,355,264,91,74.36619718309859,867.8877053684682,-1863.4928376297087,9115.025343505076,-23431.400636692215,1.3511337513506576,14.045070422535211,42,71,59.154929577464785,28.912584370373985,-27.653423218726438,2.496320267617559,,1.1353337549530407,427
28,39,0.45,0.2,-0.5,5,50,11,20000,61649.59557375855,41649.59557375855,208.24797786879273,20.788578934011003,0.6312974985897215,0.6578045440485878,-57.78852569702176,0.35973540911915636,39.45334068596072,355,264,91,74.36619718309859,867.8877053684682,-1863.4928376297087,9115.025343505076,-23431.400636692215,1.3511337513506576,14.045070422535211,42,71,59.154929577464785,28.912584370373985,-27.653423218726438,2.496320267617559,,1.1113284606485645,309
28,39,0.45,0.2,-0.5,5,60,11,20000,61649.59557375855,41649.59557375855,208.24797786879273,20.788578934011003,0.6312974985897215,0.6578045440485878,-57.78852569702176,0.35973540911915636,39.45334068596072,355,264,91,74.36619718309859,867.8877053684682,-1863.4928376297087,9115.025343505076,-23431.400636692215,1.3511337513506576,14.045070422535211,42,71,59.154929577464785,28.912584370373985,-27.653423218726438,2.496320267617559,,1.1353337549530407,427
28,39,0.45,0.2,-0.5,5,40,11,20000,61649.59557375855,41649.59557375855,208.24797786879273,20.788578934011003,0.6312974985897215,0.6578045440485878,-57.78852569702176,0.35973540911915636,39.45334068596072,355,264,91,74.36619718309859,867.8877053684682,-1863.4928376297087,9115.025343505076,-23431.400636692215,1.3511337513506576,14.045070422535211,42,71,59.154929577464785,28.912584370373985,-27.653423218726438,2.496320267617559,,0.8813531564781016,31
28,39,0.45,0.2,-0.5,5,60,11,20000,61649.59557375855,41649.59557375855,208.24797786879273,20.788578934011003,0.6312974985897215,0.6578045440485878,-57.78852569702176,0.35973540911915636,39.45334068596072,355,264,91,74.36619718309859,867.8877053684682,-1863.4928376297087,9115.025343505076,-23431.400636692215,1.3511337513506576,14.045070422535211,42,71,59.154929577464785,28.912584370373985,-27.653423218726438,2.496320267617559,,1.1353337549530407,427
28,39,0.45,0.2,-0.5,5,60,11,20000,61649.59557375855,41649.59557375855,208.24797786879273,20.788578934011003,0.6312974985897215,0.6578045440485878,-57.78852569702176,0.35973540911915636,39.45334068596072,355,264,91,74.36619718309859,867.8877053684682,-1863.4928376297087,9115.025343505076,-23431.400636692215,1.3511337513506576,14.045070422535211,42,71,59.154929577464785,28.912584370373985,-27.653423218726438,2.496320267617559,,1.1353337549530407,427
28,39,0.45,0.2,-0.5,5,55,11,20000,61649.59557375855,41649.59557375855,208.24797786879273,20.788578934011003,0.6312974985897215,0.6578045440485878,-57.78852569702176,0.35973540911915636,39.45334068596072,355,264,91,74.36619718309859,867.8877053684682,-1863.4928376297087,9115.025343505076,-23431.400636692215,1.3511337513506576,14.045070422535211,42,71,59.154929577464785,28.912584370373985,-27.653423218726438,2.496320267617559,,1.126050179074911,555
21,42,0.5,0.2,-0.5,5,55,14,20000,43982.649021009325,23982.649021009325,119.91324510504661,14.135743127421897,0.6307805352266213,0.6706160822254821,-40.700353254500996,0.3473125414669133,21.491287972171154,305,205,100,67.21311475409836,588.2964978092398,-868.5830874177326,3070.2477282949358,-6866.279659325343,1.3884772084319084,7.459016393442623,40,71,56.33802816901409,15.60364005821917,-19.73766025559589,1.2645917368195445,,1.158003823902173,556
28,39,0.45,0.1,-0.4,5,60,11,20000,57321.3747245057,37321.3747245057,186.6068736225285,19.322365189098754,0.626459176842498,0.6229583129357933,-74.67711059399936,0.25874548486683674,35.118095383669484,361,307,54,85.0415512465374,1234.1988139774814,-5728.885791041131,9459.192539086203,-32701.235597050556,1.224784202151592,9.393351800554017,39,71,54.929577464788736,25.691440379369613,-26.729914039499427,2.0776089273858496,,1.1497939460415079,417
28,39,0.45,0.1,-0.4,5,50,11,20000,57321.3747245057,37321.3747245057,186.6068736225285,19.322365189098754,0.626459176842498,0.6229583129357933,-74.67711059399936,0.25874548486683674,35.118095383669484,361,307,54,85.0415512465374,1234.1988139774814,-5728.885791041131,9459.192539086203,-32701.235597050556,1.224784202151592,9.393351800554017,39,71,54.929577464788736,25.691440379369613,-26.729914039499427,2.0776089273858496,,1.1345338618981868,300
28,39,0.45,0.1,-0.4,5,55,11,20000,57321.3747245057,37321.3747245057,186.6068736225285,19.322365189098754,0.626459176842498,0.6229583129357933,-74.67711059399936,0.25874548486683674,35.118095383669484,361,307,54,85.0415512465374,1234.1988139774814,-5728.885791041131,9459.192539086203,-32701.235597050556,1.224784202151592,9.393351800554017,39,71,54.929577464788736,25.691440379369613,-26.729914039499427,2.0776089273858496,,1.141328245723837,541
28,39,0.45,0.1,-0.4,5,60,11,20000,57321.3747245057,37321.3747245057,186.6068736225285,19.322365189098754,0.626459176842498,0.6229583129357933,-74.67711059399936,0.25874548486683674,35.118095383669484,361,307,54,85.0415512465374,1234.1988139774814,-5728.885791041131,9459.192539086203,-32701.235597050556,1.224784202151592,9.393351800554017,39,71,54.929577464788736,25.691440379369613,-26.729914039499427,2.0776089273858496,,1.1497939460415079,417
28,39,0.45,0.1,-0.4,5,55,11,20000,57321.3747245057,37321.3747245057,186.6068736225285,19.322365189098754,0.626459176842498,0.6229583129357933,-74.67711059399936,0.25874548486683674,35.118095383669484,361,307,54,85.0415512465374,1234.1988139774814,-5728.885791041131,9459.192539086203,-32701.235597050556,1.224784202151592,9.393351800554017,39,71,54.929577464788736,25.691440379369613,-26.729914039499427,2.0776089273858496,,1.141328245723837,541
28,39,0.45,0.1,-0.4,5,40,11,20000,57321.3747245057,37321.3747245057,186.6068736225285,19.322365189098754,0.626459176842498,0.6229583129357933,-74.67711059399936,0.25874548486683674,35.118095383669484,361,307,54,85.0415512465374,1234.1988139774814,-5728.885791041131,9459.192539086203,-32701.235597050556,1.224784202151592,9.393351800554017,39,71,54.929577464788736,25.691440379369613,-26.729914039499427,2.0776089273858496,,0.9468569026951003,27
28,39,0.45,0.1,-0.4,5,60,11,20000,57321.3747245057,37321.3747245057,186.6068736225285,19.322365189098754,0.626459176842498,0.6229583129357933,-74.67711059399936,0.25874548486683674,35.118095383669484,361,307,54,85.0415512465374,1234.1988139774814,-5728.885791041131,9459.192539086203,-32701.235597050556,1.224784202151592,9.393351800554017,39,71,54.929577464788736,25.691440379369613,-26.729914039499427,2.0776089273858496,,1.1497939460415079,417
28,39,0.45,0.1,-0.4,5,50,11,20000,57321.3747245057,37321.3747245057,186.6068736225285,19.322365189098754,0.626459176842498,0.6229583129357933,-74.67711059399936,0.25874548486683674,35.118095383669484,361,307,54,85.0415512465374,1234.1988139774814,-5728.885791041131,9459.192539086203,-32701.235597050556,1.224784202151592,9.393351800554017,39,71,54.929577464788736,25.691440379369613,-26.729914039499427,2.0776089273858496,,1.1345338618981868,300
28,39,0.45,0.1,-0.4,5,60,11,20000,57321.3747245057,37321.3747245057,186.6068736225285,19.322365189098754,0.626459176842498,0.6229583129357933,-74.67711059399936,0.25874548486683674,35.118095383669484,361,307,54,85.0415512465374,1234.1988139774814,-5728.885791041131,9459.192539086203,-32701.235597050556,1.224784202151592,9.393351800554017,39,71,54.929577464788736,25.691440379369613,-26.729914039499427,2.0776089273858496,,1.1497939460415079,417
28,42,0.5,0.30000000000000004,-0.5,10,60,14,20000,51291.56576284799,31291.56576284799,156.45782881423995,17.117875000897275,0.6263804623956672,0.661847647294168,-56.527230836509325,0.3028252887604982,28.72607429239551,359,225,134,62.67409470752089,594.883437629544,-706.2504073753674,5660.966769679337,-14057.517541266207,1.4143304320248797,14.289693593314762,37,71,52.112676056338024,20.935173753708348,-22.805851342073357,1.7423951568457194,,0.6595385437367085,100
14,39,0.45,0.5,-0.5,20,55,2,20000,43826.26816037075,23826.268160370753,119.13134080185377,14.067556697623495,0.6255732181840945,0.42428950735176935,-34.51725571835804,0.4075514233346671,21.598697084550704,81,55,26,67.90123456790124,1167.44217151466,-1508.6442797282893,4950.272533316731,-6317.745185257436,1.6369592502071453,13.506172839506172,19,71,26.76056338028169,25.937169894545995,-15.77764849002471,1.3637936286423618,,0.7297702691748356,2
21,39,0.45,0.1,-0.5,5,50,11,20000,50687.99424748743,30687.994247487433,153.43997123743716,16.885508629829783,0.6223604671717756,0.6386985826552504,-57.831957250057386,0.29197539617791557,28.482738481577417,308,210,98,68.18181818181817,1094.9698443861041,-1884.311998122179,5115.687784005424,-14176.741673536233,1.2452098986761315,9.03896103896104,38,71,53.52112676056338,19.457591203897874,-18.055679322439524,1.531248246335869,,1.1345338618981868,300
21,39,0.45,0.1,-0.5,5,60,11,20000,50687.99424748743,30687.994247487433,153.43997123743716,16.885508629829783,0.6223604671717756,0.6386985826552504,-57.831957250057386,0.29197539617791557,28.482738481577417,308,210,98,68.18181818181817,1094.9698443861041,-1884.311998122179,5115.687784005424,-14176.741673536233,1.2452098986761315,9.03896103896104,38,71,53.52112676056338,19.457591203897874,-18.055679322439524,1.531248246335869,,1.1497939460415079,417
21,39,0.45,0.1,-0.5,5,55,11,20000,50687.99424748743,30687.994247487433,153.43997123743716,16.885508629829783,0.6223604671717756,0.6386985826552504,-57.831957250057386,0.29197539617791557,28.482738481577417,308,210,98,68.18181818181817,1094.9698443861041,-1884.311998122179,5115.687784005424,-14176.741673536233,1.2452098986761315,9.03896103896104,38,71,53.52112676056338,19.457591203897874,-18.055679322439524,1.531248246335869,,1.141328245723837,541
21,39,0.45,0.1,-0.5,5,60,11,20000,50687.99424748743,30687.994247487433,153.43997123743716,16.885508629829783,0.6223604671717756,0.6386985826552504,-57.831957250057386,0.29197539617791557,28.482738481577417,308,210,98,68.18181818181817,1094.9698443861041,-1884.311998122179,5115.687784005424,-14176.741673536233,1.2452098986761315,9.03896103896104,38,71,53.52112676056338,19.457591203897874,-18.055679322439524,1.531248246335869,,1.1497939460415079,417
21,42,0.45,0.1,-0.4,10,40,11,20000,47635.77281122771,27635.77281122771,138.17886405613854,15.673912978451487,0.6206000485990052,0.604729166550655,-57.40513456243049,0.27304026195436315,25.616012439437274,273,193,80,70.6959706959707,940.442466154259,-1811.7379374553086,3677.4965314145384,-13151.703182391391,1.2522878738101804,9.523809523809524,42,71,59.154929577464785,18.09188727669526,-20.200023033231318,1.5001091009413592,,0.9766800472017619,35
21,42,0.45,0.1,-0.4,10,55,11,20000,47635.77281122771,27635.77281122771,138.17886405613854,15.673912978451487,0.6206000485990052,0.604729166550655,-57.40513456243049,0.27304026195436315,25.616012439437274,273,193,80,70.6959706959707,940.442466154259,-1811.7379374553086,3677.4965314145384,-13151.703182391391,1.2522878738101804,9.523809523809524,42,71,59.154929577464785,18.09188727669526,-20.200023033231318,1.5001091009413592,,1.1260869450223407,662
28,39,0.45,0.1,-0.4,10,50,11,20000,56394.60588214274,36394.60588214274,181.9730294107137,18.99649225952278,0.6186841557804794,0.6145107009098805,-74.63344007926752,0.2545305728818981,35.114851408369155,362,308,54,85.0828729281768,1206.0859967384297,-5620.565465492342,9295.160298524015,-32040.604574887915,1.2239261705636166,9.312154696132596,39,71,54.929577464788736,25.706791929528382,-26.727414193248535,2.085587448563355,,1.1329296475645094,301
28,39,0.45,0.1,-0.4,10,60,11,20000,56394.60588214274,36394.60588214274,181.9730294107137,18.99649225952278,0.6186841557804794,0.6145107009098805,-74.63344007926752,0.2545305728818981,35.114851408369155,362,308,54,85.0828729281768,1206.0859967384297,-5620.565465492342,9295.160298524015,-32040.604574887915,1.2239261705636166,9.312154696132596,39,71,54.929577464788736,25.706791929528382,-26.727414193248535,2.085587448563355,,1.1499975562958258,418
28,39,0.45,0.1,-0.4,10,50,11,20000,56394.60588214274,36394.60588214274,181.9730294107137,18.99649225952278,0.6186841557804794,0.6145107009098805,-74.63344007926752,0.2545305728818981,35.114851408369155,362,308,54,85.0828729281768,1206.0859967384297,-5620.565465492342,9295.160298524015,-32040.604574887915,1.2239261705636166,9.312154696132596,39,71,54.929577464788736,25.706791929528382,-26.727414193248535,2.085587448563355,,1.1329296475645094,301
28,39,0.45,0.1,-0.4,10,55,11,20000,56394.60588214274,36394.60588214274,181.9730294107137,18.99649225952278,0.6186841557804794,0.6145107009098805,-74.63344007926752,0.2545305728818981,35.114851408369155,362,308,54,85.0828729281768,1206.0859967384297,-5620.565465492342,9295.160298524015,-32040.604574887915,1.2239261705636166,9.312154696132596,39,71,54.929577464788736,25.706791929528382,-26.727414193248535,2.085587448563355,,1.1405988016876674,543
21,39,0.45,0.30000000000000004,-0.5,5,60,11,20000,50753.21448181,30753.21448181,153.76607240905,16.910728109502003,0.6057759847136588,0.6473618453598617,-61.56344364922269,0.27468781970443784,30.048541159733343,321,211,110,65.73208722741433,1039.1686900398947,-1609.724224348221,7589.480721954428,-14570.540053356684,1.2382956391585886,12.19626168224299,37,71,52.112676056338024,20.183209035250414,-20.070802613096983,1.6458287448158644,,0.6822634924294251,98
14,36,0.45,0.30000000000000004,-0.3,15,45,2,20000,52081.67008518911,32081.670085189107,160.40835042594554,17.41863883974628,0.6052057407391868,0.5137552538025935,-52.213986249048816,0.33360101557202204,31.68350371290493,190,125,65,65.78947368421053,1518.9288150549123,-2365.3327968719195,8461.798619705738,-10876.86800648325,1.234928529250359,12.352631578947369,31,71,43.66197183098591,34.05645991425228,-21.670174173617184,1.970171014183677,,0.6052057407391868,1
21,39,0.45,0.1,-0.5,10,60,11,20000,49105.693852835044,29105.693852835044,145.52846926417521,16.2652274049363,0.6040808559155199,0.6180421529565316,-57.77436684749541,0.2815301714663692,28.446246287303563,312,213,99,68.26923076923077,1041.196469860251,-1804.1239199357012,4979.269443098613,-13651.677167108966,1.241682988543413,9.118589743589743,38,71,53.52112676056338,19.448510664616727,-18.01587917045214,1.5284972280557605,,1.1499975562958258,418
21,39,0.45,0.1,-0.5,10,50,11,20000,49105.693852835044,29105.693852835044,145.52846926417521,16.2652274049363,0.6040808559155199,0.6180421529565316,-57.77436684749541,0.2815301714663692,28.446246287303563,312,213,99,68.26923076923077,1041.196469860251,-1804.1239199357012,4979.269443098613,-13651.677167108966,1.241682988543413,9.118589743589743,38,71,53.52112676056338,19.448510664616727,-18.01587917045214,1.5284972280557605,,1.1329296475645094,301
28,39,0.45,0.1,-0.5,5,50,11,20000,53509.3959510549,33509.3959510549,167.5469797552745,17.952621824212333,0.5919348754688827,0.6040816601422184,-74.68004735865622,0.24039381948961003,35.32323633999581,366,309,57,84.42622950819673,1155.7065223421107,-5133.798617655469,8830.402283597814,-38207.094461297886,1.2203723501598616,9.710382513661202,39,71,54.929577464788736,25.655172009308693,-26.66592712426834,1.99780767166098,,1.1345338618981868,300
28,39,0.45,0.1,-0.5,5,60,11,20000,53509.3959510549,33509.3959510549,167.5469797552745,17.952621824212333,0.5919348754688827,0.6040816601422184,-74.68004735865622,0.24039381948961003,35.32323633999581,366,309,57,84.42622950819673,1155.7065223421107,-5133.798617655469,8830.402283597814,-38207.094461297886,1.2203723501598616,9.710382513661202,39,71,54.929577464788736,25.655172009308693,-26.66592712426834,1.99780767166098,,1.1497939460415079,417
28,39,0.45,0.1,-0.5,5,60,11,20000,53509.3959510549,33509.3959510549,167.5469797552745,17.952621824212333,0.5919348754688827,0.6040816601422184,-74.68004735865622,0.24039381948961003,35.32323633999581,366,309,57,84.42622950819673,1155.7065223421107,-5133.798617655469,8830.402283597814,-38207.094461297886,1.2203723501598616,9.710382513661202,39,71,54.929577464788736,25.655172009308693,-26.66592712426834,1.99780767166098,,1.1497939460415079,417
28,39,0.45,0.1,-0.5,5,60,11,20000,53509.3959510549,33509.3959510549,167.5469797552745,17.952621824212333,0.5919348754688827,0.6040816601422184,-74.68004735865622,0.24039381948961003,35.32323633999581,366,309,57,84.42622950819673,1155.7065223421107,-5133.798617655469,8830.402283597814,-38207.094461297886,1.2203723501598616,9.710382513661202,39,71,54.929577464788736,25.655172009308693,-26.66592712426834,1.99780767166098,,1.1497939460415079,417
28,39,0.45,0.1,-0.5,5,60,11,20000,53509.3959510549,33509.3959510549,167.5469797552745,17.952621824212333,0.5919348754688827,0.6040816601422184,-74.68004735865622,0.24039381948961003,35.32323633999581,366,309,57,84.42622950819673,1155.7065223421107,-5133.798617655469,8830.402283597814,-38207.094461297886,1.2203723501598616,9.710382513661202,39,71,54.929577464788736,25.655172009308693,-26.66592712426834,1.99780767166098,,1.1497939460415079,417
28,39,0.45,0.1,-0.5,5,50,11,20000,53509.3959510549,33509.3959510549,167.5469797552745,17.952621824212333,0.5919348754688827,0.6040816601422184,-74.68004735865622,0.24039381948961003,35.32323633999581,366,309,57,84.42622950819673,1155.7065223421107,-5133.798617655469,8830.402283597814,-38207.094461297886,1.2203723501598616,9.710382513661202,39,71,54.929577464788736,25.655172009308693,-26.66592712426834,1.99780767166098,,1.1345338618981868,300
28,39,0.45,0.1,-0.5,5,50,11,20000,53509.3959510549,33509.3959510549,167.5469797552745,17.952621824212333,0.5919348754688827,0.6040816601422184,-74.68004735865622,0.24039381948961003,35.32323633999581,366,309,57,84.42622950819673,1155.7065223421107,-5133.798617655469,8830.402283597814,-38207.094461297886,1.2203723501598616,9.710382513661202,39,71,54.929577464788736,25.655172009308693,-26.66592712426834,1.99780767166098,,1.1345338618981868,300
28,39,0.45,0.1,-0.5,5,60,11,20000,53509.3959510549,33509.3959510549,167.5469797552745,17.952621824212333,0.5919348754688827,0.6040816601422184,-74.68004735865622,0.24039381948961003,35.32323633999581,366,309,57,84.42622950819673,1155.7065223421107,-5133.798617655469,8830.402283597814,-38207.094461297886,1.2203723501598616,9.710382513661202,39,71,54.929577464788736,25.655172009308693,-26.66592712426834,1.99780767166098,,1.1497939460415079,417
28,39,0.45,0.1,-0.5,5,55,11,20000,53509.3959510549,33509.3959510549,167.5469797552745,17.952621824212333,0.5919348754688827,0.6040816601422184,-74.68004735865622,0.24039381948961003,35.32323633999581,366,309,57,84.42622950819673,1155.7065223421107,-5133.798617655469,8830.402283597814,-38207.094461297886,1.2203723501598616,9.710382513661202,39,71,54.929577464788736,25.655172009308693,-26.66592712426834,1.99780767166098,,1.141328245723837,541
28,39,0.45,0.1,-0.5,5,55,11,20000,53509.3959510549,33509.3959510549,167.5469797552745,17.952621824212333,0.5919348754688827,0.6040816601422184,-74.68004735865622,0.24039381948961003,35.32323633999581,366,309,57,84.42622950819673,1155.7065223421107,-5133.798617655469,8830.402283597814,-38207.094461297886,1.2203723501598616,9.710382513661202,39,71,54.929577464788736,25.655172009308693,-26.66592712426834,1.99780767166098,,1.141328245723837,541
28,39,0.45,0.1,-0.5,5,60,11,20000,53509.3959510549,33509.3959510549,167.5469797552745,17.952621824212333,0.5919348754688827,0.6040816601422184,-74.68004735865622,0.24039381948961003,35.32323633999581,366,309,57,84.42622950819673,1155.7065223421107,-5133.798617655469,8830.402283597814,-38207.094461297886,1.2203723501598616,9.710382513661202,39,71,54.929577464788736,25.655172009308693,-26.66592712426834,1.99780767166098,,1.1497939460415079,417
28,39,0.45,0.1,-0.5,5,50,11,20000,53509.3959510549,33509.3959510549,167.5469797552745,17.952621824212333,0.5919348754688827,0.6040816601422184,-74.68004735865622,0.24039381948961003,35.32323633999581,366,309,57,84.42622950819673,1155.7065223421107,-5133.798617655469,8830.402283597814,-38207.094461297886,1.2203723501598616,9.710382513661202,39,71,54.929577464788736,25.655172009308693,-26.66592712426834,1.99780767166098,,1.1345338618981868,300
28,39,0.45,0.1,-0.5,5,50,11,20000,53509.3959510549,33509.3959510549,167.5469797552745,17.952621824212333,0.5919348754688827,0.6040816601422184,-74.68004735865622,0.24039381948961003,35.32323633999581,366,309,57,84.42622950819673,1155.7065223421107,-5133.798617655469,8830.402283597814,-38207.094461297886,1.2203723501598616,9.710382513661202,39,71,54.929577464788736,25.655172009308693,-26.66592712426834,1.99780767166098,,1.1345338618981868,300
28,39,0.45,0.1,-0.5,5,55,11,20000,53509.3959510549,33509.3959510549,167.5469797552745,17.952621824212333,0.5919348754688827,0.6040816601422184,-74.68004735865622,0.24039381948961003,35.32323633999581,366,309,57,84.42622950819673,1155.7065223421107,-5133.798617655469,8830.402283597814,-38207.094461297886,1.2203723501598616,9.710382513661202,39,71,54.929577464788736,25.655172009308693,-26.66592712426834,1.99780767166098,,1.141328245723837,541
28,39,0.45,0.1,-0.5,5,60,11,20000,53509.3959510549,33509.3959510549,167.5469797552745,17.952621824212333,0.5919348754688827,0.6040816601422184,-74.68004735865622,0.24039381948961003,35.32323633999581,366,309,57,84.42622950819673,1155.7065223421107,-5133.798617655469,8830.402283597814,-38207.094461297886,1.2203723501598616,9.710382513661202,39,71,54.929577464788736,25.655172009308693,-26.66592712426834,1.99780767166098,,1.1497939460415079,417
28,39,0.45,0.1,-0.5,5,60,11,20000,53509.3959510549,33509.3959510549,167.5469797552745,17.952621824212333,0.5919348754688827,0.6040816601422184,-74.68004735865622,0.24039381948961003,35.32323633999581,366,309,57,84.42622950819673,1155.7065223421107,-5133.798617655469,8830.402283597814,-38207.094461297886,1.2203723501598616,9.710382513661202,39,71,54.929577464788736,25.655172009308693,-26.66592712426834,1.99780767166098,,1.1497939460415079,417
28,39,0.45,0.1,-0.5,5,60,11,20000,53509.3959510549,33509.3959510549,167.5469797552745,17.952621824212333,0.5919348754688827,0.6040816601422184,-74.68004735865622,0.24039381948961003,35.32323633999581,366,309,57,84.42622950819673,1155.7065223421107,-5133.798617655469,8830.402283597814,-38207.094461297886,1.2203723501598616,9.710382513661202,39,71,54.929577464788736,25.655172009308693,-26.66592712426834,1.99780767166098,,1.1497939460415079,417
28,39,0.45,0.1,-0.5,5,50,11,20000,53509.3959510549,33509.3959510549,167.5469797552745,17.952621824212333,0.5919348754688827,0.6040816601422184,-74.68004735865622,0.24039381948961003,35.32323633999581,366,309,57,84.42622950819673,1155.7065223421107,-5133.798617655469,8830.402283597814,-38207.094461297886,1.2203723501598616,9.710382513661202,39,71,54.929577464788736,25.655172009308693,-26.66592712426834,1.99780767166098,,1.1345338618981868,300
28,39,0.45,0.1,-0.5,5,55,11,20000,53509.3959510549,33509.3959510549,167.5469797552745,17.952621824212333,0.5919348754688827,0.6040816601422184,-74.68004735865622,0.24039381948961003,35.32323633999581,366,309,57,84.42622950819673,1155.7065223421107,-5133.798617655469,8830.402283597814,-38207.094461297886,1.2203723501598616,9.710382513661202,39,71,54.929577464788736,25.655172009308693,-26.66592712426834,1.99780767166098,,1.141328245723837,541
28,39,0.45,0.1,-0.5,5,55,11,20000,53509.3959510549,33509.3959510549,167.5469797552745,17.952621824212333,0.5919348754688827,0.6040816601422184,-74.68004735865622,0.24039381948961003,35.32323633999581,366,309,57,84.42622950819673,1155.7065223421107,-5133.798617655469,8830.402283597814,-38207.094461297886,1.2203723501598616,9.710382513661202,39,71,54.929577464788736,25.655172009308693,-26.66592712426834,1.99780767166098,,1.141328245723837,541
28,39,0.45,0.1,-0.5,5,60,11,20000,53509.3959510549,33509.3959510549,167.5469797552745,17.952621824212333,0.5919348754688827,0.6040816601422184,-74.68004735865622,0.24039381948961003,35.32323633999581,366,309,57,84.42622950819673,1155.7065223421107,-5133.798617655469,8830.402283597814,-38207.094461297886,1.2203723501598616,9.710382513661202,39,71,54.929577464788736,25.655172009308693,-26.66592712426834,1.99780767166098,,1.1497939460415079,417
28,39,0.45,0.1,-0.5,5,60,11,20000,53509.3959510549,33509.3959510549,167.5469797552745,17.952621824212333,0.5919348754688827,0.6040816601422184,-74.68004735865622,0.24039381948961003,35.32323633999581,366,309,57,84.42622950819673,1155.7065223421107,-5133.798617655469,8830.402283597814,-38207.094461297886,1.2203723501598616,9.710382513661202,39,71,54.929577464788736,25.655172009308693,-26.66592712426834,1.99780767166098,,1.1497939460415079,417
28,39,0.45,0.1,-0.5,5,55,11,20000,53509.3959510549,33509.3959510549,167.5469797552745,17.952621824212333,0.5919348754688827,0.6040816601422184,-74.68004735865622,0.24039381948961003,35.32323633999581,366,309,57,84.42622950819673,1155.7065223421107,-5133.798617655469,8830.402283597814,-38207.094461297886,1.2203723501598616,9.710382513661202,39,71,54.929577464788736,25.655172009308693,-26.66592712426834,1.99780767166098,,1.141328245723837,541
28,39,0.45,0.1,-0.5,5,55,11,20000,53509.3959510549,33509.3959510549,167.5469797552745,17.952621824212333,0.5919348754688827,0.6040816601422184,-74.68004735865622,0.24039381948961003,35.32323633999581,366,309,57,84.42622950819673,1155.7065223421107,-5133.798617655469,8830.402283597814,-38207.094461297886,1.2203723501598616,9.710382513661202,39,71,54.929577464788736,25.655172009308693,-26.66592712426834,1.99780767166098,,1.141328245723837,541
28,39,0.45,0.1,-0.5,5,60,11,20000,53509.3959510549,33509.3959510549,167.5469797552745,17.952621824212333,0.5919348754688827,0.6040816601422184,-74.68004735865622,0.24039381948961003,35.32323633999581,366,309,57,84.42622950819673,1155.7065223421107,-5133.798617655469,8830.402283597814,-38207.094461297886,1.2203723501598616,9.710382513661202,39,71,54.929577464788736,25.655172009308693,-26.66592712426834,1.99780767166098,,1.1497939460415079,417
28,39,0.45,0.1,-0.5,5,55,11,20000,53509.3959510549,33509.3959510549,167.5469797552745,17.952621824212333,0.5919348754688827,0.6040816601422184,-74.68004735865622,0.24039381948961003,35.32323633999581,366,309,57,84.42622950819673,1155.7065223421107,-5133.798617655469,8830.402283597814,-38207.094461297886,1.2203723501598616,9.710382513661202,39,71,54.929577464788736,25.655172009308693,-26.66592712426834,1.99780767166098,,1.141328245723837,541
28,39,0.45,0.1,-0.5,5,60,11,20000,53509.3959510549,33509.3959510549,167.5469797552745,17.952621824212333,0.5919348754688827,0.6040816601422184,-74.68004735865622,0.24039381948961003,35.32323633999581,366,309,57,84.42622950819673,1155.7065223421107,-5133.798617655469,8830.402283597814,-38207.094461297886,1.2203723501598616,9.710382513661202,39,71,54.929577464788736,25.655172009308693,-26.66592712426834,1.99780767166098,,1.1497939460415079,417
28,39,0.45,0.1,-0.5,5,45,11,20000,53509.3959510549,33509.3959510549,167.5469797552745,17.952621824212333,0.5919348754688827,0.6040816601422184,-74.68004735865622,0.24039381948961003,35.32323633999581,366,309,57,84.42622950819673,1155.7065223421107,-5133.798617655469,8830.402283597814,-38207.094461297886,1.2203723501598616,9.710382513661202,39,71,54.929577464788736,25.655172009308693,-26.66592712426834,1.99780767166098,,1.0861355809523672,150
28,39,0.45,0.1,-0.5,5,55,11,20000,53509.3959510549,33509.3959510549,167.5469797552745,17.952621824212333,0.5919348754688827,0.6040816601422184,-74.68004735865622,0.24039381948961003,35.32323633999581,366,309,57,84.42622950819673,1155.7065223421107,-5133.798617655469,8830.402283597814,-38207.094461297886,1.2203723501598616,9.710382513661202,39,71,54.929577464788736,25.655172009308693,-26.66592712426834,1.99780767166098,,1.141328245723837,541
28,39,0.45,0.1,-0.5,5,60,11,20000,53509.3959510549,33509.3959510549,167.5469797552745,17.952621824212333,0.5919348754688827,0.6040816601422184,-74.68004735865622,0.24039381948961003,35.32323633999581,366,309,57,84.42622950819673,1155.7065223421107,-5133.798617655469,8830.402283597814,-38207.094461297886,1.2203723501598616,9.710382513661202,39,71,54.929577464788736,25.655172009308693,-26.66592712426834,1.99780767166098,,1.1497939460415079,417
28,39,0.45,0.1,-0.5,5,50,11,20000,53509.3959510549,33509.3959510549,167.5469797552745,17.952621824212333,0.5919348754688827,0.6040816601422184,-74.68004735865622,0.24039381948961003,35.32323633999581,366,309,57,84.42622950819673,1155.7065223421107,-5133.798617655469,8830.402283597814,-38207.094461297886,1.2203723501598616,9.710382513661202,39,71,54.929577464788736,25.655172009308693,-26.66592712426834,1.99780767166098,,1.1345338618981868,300
28,39,0.45,0.1,-0.5,5,50,11,20000,53509.3959510549,33509.3959510549,167.5469797552745,17.952621824212333,0.5919348754688827,0.6040816601422184,-74.68004735865622,0.24039381948961003,35.32323633999581,366,309,57,84.42622950819673,1155.7065223421107,-5133.798617655469,8830.402283597814,-38207.094461297886,1.2203723501598616,9.710382513661202,39,71,54.929577464788736,25.655172009308693,-26.66592712426834,1.99780767166098,,1.1345338618981868,300
28,39,0.45,0.1,-0.5,5,60,11,20000,53509.3959510549,33509.3959510549,167.5469797552745,17.952621824212333,0.5919348754688827,0.6040816601422184,-74.68004735865622,0.24039381948961003,35.32323633999581,366,309,57,84.42622950819673,1155.7065223421107,-5133.798617655469,8830.402283597814,-38207.094461297886,1.2203723501598616,9.710382513661202,39,71,54.929577464788736,25.655172009308693,-26.66592712426834,1.99780767166098,,1.1497939460415079,417
28,39,0.45,0.1,-0.5,5,55,11,20000,53509.3959510549,33509.3959510549,167.5469797552745,17.952621824212333,0.5919348754688827,0.6040816601422184,-74.68004735865622,0.24039381948961003,35.32323633999581,366,309,57,84.42622950819673,1155.7065223421107,-5133.798617655469,8830.402283597814,-38207.094461297886,1.2203723501598616,9.710382513661202,39,71,54.929577464788736,25.655172009308693,-26.66592712426834,1.99780767166098,,1.141328245723837,541
28,39,0.45,0.1,-0.5,5,60,11,20000,53509.3959510549,33509.3959510549,167.5469797552745,17.952621824212333,0.5919348754688827,0.6040816601422184,-74.68004735865622,0.24039381948961003,35.32323633999581,366,309,57,84.42622950819673,1155.7065223421107,-5133.798617655469,8830.402283597814,-38207.094461297886,1.2203723501598616,9.710382513661202,39,71,54.929577464788736,25.655172009308693,-26.66592712426834,1.99780767166098,,1.1497939460415079,417
28,39,0.45,0.1,-0.5,5,60,11,20000,53509.3959510549,33509.3959510549,167.5469797552745,17.952621824212333,0.5919348754688827,0.6040816601422184,-74.68004735865622,0.24039381948961003,35.32323633999581,366,309,57,84.42622950819673,1155.7065223421107,-5133.798617655469,8830.402283597814,-38207.094461297886,1.2203723501598616,9.710382513661202,39,71,54.929577464788736,25.655172009308693,-26.66592712426834,1.99780767166098,,1.1497939460415079,417
28,39,0.45,0.1,-0.5,5,50,11,20000,53509.3959510549,33509.3959510549,167.5469797552745,17.952621824212333,0.5919348754688827,0.6040816601422184,-74.68004735865622,0.24039381948961003,35.32323633999581,366,309,57,84.42622950819673,1155.7065223421107,-5133.798617655469,8830.402283597814,-38207.094461297886,1.2203723501598616,9.710382513661202,39,71,54.929577464788736,25.655172009308693,-26.66592712426834,1.99780767166098,,1.1345338618981868,300
28,42,0.45,0.2,-0.4,5,50,8,20000,53229.52105492732,33229.52105492732,166.1476052746366,17.848888257484298,0.5858364719083207,0.5458143963375426,-65.76188068215272,0.2714169374770991,36.80337120202785,355,265,90,74.64788732394366,979.9483091533949,-2432.512760358919,9078.240185761824,-21950.771649279905,1.1861822070375068,14.76056338028169,41,71,57.74647887323944,26.82211070641167,-36.94188532561821,2.4121708339893235,,1.0880985737818474,312
28,42,0.45,0.2,-0.4,5,60,8,20000,53229.52105492732,33229.52105492732,166.1476052746366,17.848888257484298,0.5858364719083207,0.5458143963375426,-65.76188068215272,0.2714169374770991,36.80337120202785,355,265,90,74.64788732394366,979.9483091533949,-2432.512760358919,9078.240185761824,-21950.771649279905,1.1861822070375068,14.76056338028169,41,71,57.74647887323944,26.82211070641167,-36.94188532561821,2.4121708339893235,,1.1140375764871187,437
28,39,0.45,0.1,-0.5,10,60,11,20000,52456.954036210365,32456.954036210365,162.28477018105184,17.560167477636092,0.5825395935395289,0.5938821641183898,-74.69440818690914,0.23509346822448843,35.3150367401302,354,301,53,85.02824858757062,1161.4579668786114,-5412.840214503796,8666.370043035626,-37584.15270377673,1.2186217250872098,9.680790960451978,39,71,54.929577464788736,25.714442926873325,-26.681719958484372,2.000029995513096,,1.1499975562958258,418
28,39,0.45,0.1,-0.5,10,40,11,20000,52456.954036210365,32456.954036210365,162.28477018105184,17.560167477636092,0.5825395935395289,0.5938821641183898,-74.69440818690914,0.23509346822448843,35.3150367401302,354,301,53,85.02824858757062,1161.4579668786114,-5412.840214503796,8666.370043035626,-37584.15270377673,1.2186217250872098,9.680790960451978,39,71,54.929577464788736,25.714442926873325,-26.681719958484372,2.000029995513096,,0.921633277758447,28
28,39,0.45,0.1,-0.5,10,60,11,20000,52456.954036210365,32456.954036210365,162.28477018105184,17.560167477636092,0.5825395935395289,0.5938821641183898,-74.69440818690914,0.23509346822448843,35.3150367401302,354,301,53,85.02824858757062,1161.4579668786114,-5412.840214503796,8666.370043035626,-37584.15270377673,1.2186217250872098,9.680790960451978,39,71,54.929577464788736,25.714442926873325,-26.681719958484372,2.000029995513096,,1.1499975562958258,418
28,39,0.45,0.1,-0.5,10,55,11,20000,52456.954036210365,32456.954036210365,162.28477018105184,17.560167477636092,0.5825395935395289,0.5938821641183898,-74.69440818690914,0.23509346822448843,35.3150367401302,354,301,53,85.02824858757062,1161.4579668786114,-5412.840214503796,8666.370043035626,-37584.15270377673,1.2186217250872098,9.680790960451978,39,71,54.929577464788736,25.714442926873325,-26.681719958484372,2.000029995513096,,1.1405988016876674,543
28,39,0.45,0.1,-0.5,10,45,11,20000,52456.954036210365,32456.954036210365,162.28477018105184,17.560167477636092,0.5825395935395289,0.5938821641183898,-74.69440818690914,0.23509346822448843,35.3150367401302,354,301,53,85.02824858757062,1161.4579668786114,-5412.840214503796,8666.370043035626,-37584.15270377673,1.2186217250872098,9.680790960451978,39,71,54.929577464788736,25.714442926873325,-26.681719958484372,2.000029995513096,,1.0832582946378564,151
28,39,0.45,0.1,-0.5,10,55,11,20000,52456.954036210365,32456.954036210365,162.28477018105184,17.560167477636092,0.5825395935395289,0.5938821641183898,-74.69440818690914,0.23509346822448843,35.3150367401302,354,301,53,85.02824858757062,1161.4579668786114,-5412.840214503796,8666.370043035626,-37584.15270377673,1.2186217250872098,9.680790960451978,39,71,54.929577464788736,25.714442926873325,-26.681719958484372,2.000029995513096,,1.1405988016876674,543
28,39,0.45,0.1,-0.5,10,60,11,20000,52456.954036210365,32456.954036210365,162.28477018105184,17.560167477636092,0.5825395935395289,0.5938821641183898,-74.69440818690914,0.23509346822448843,35.3150367401302,354,301,53,85.02824858757062,1161.4579668786114,-5412.840214503796,8666.370043035626,-37584.15270377673,1.2186217250872098,9.680790960451978,39,71,54.929577464788736,25.714442926873325,-26.681719958484372,2.000029995513096,,1.1499975562958258,418
28,45,0.45,0.1,-0.4,15,60,14,20000,44726.91380685744,24726.91380685744,123.6345690342872,14.457524559177038,0.5770018507555965,0.5176291812179353,-66.0849738235223,0.21877173769918365,25.79293417378346,248,196,52,79.03225806451613,941.2427475715397,-2872.368552253154,5811.934638492889,-18025.636162100272,1.2351343711373701,9.69758064516129,34,71,47.88732394366197,25.922823872866463,-20.65514431395552,1.5910755904739369,,1.2940353365728419,54
14,33,0.45,0.2,-0.4,10,55,5,20000,51242.75587305957,31242.75587305957,156.21377936529785,17.099168709316427,0.5732245054213312,0.5734675765823093,-65.52092962438786,0.26097262061666265,34.77958834287908,241,167,74,69.29460580912863,1205.8892021518466,-2181.95635023494,6424.2355601114095,-11350.052449946246,1.2472287104016404,11.385892116182573,40,71,56.33802816901409,22.469250940943077,-31.01615929502337,1.815561486406653,,-0.08689964100024658,5
21,42,0.45,0.1,-0.3,10,25,8,20000,44185.820758927795,24185.820758927795,120.92910379463898,14.224030979683233,0.5725722244871846,0.4865950849751419,-52.637993605936515,0.2702236541568911,25.648251944990868,261,202,59,77.39463601532567,827.162514715709,-2223.8366213913473,4285.535572920136,-12577.971349873027,1.2734659137668696,9.773946360153257,42,71,59.154929577464785,19.36928002220073,-18.54361409391565,1.4105973151811368,,0.5725722244871846,1
28,39,0.45,0.1,-0.5,5,55,5,20000,58152.525806531325,38152.525806531325,190.7626290326566,19.610908272835715,0.5697174574114626,0.6399108977280179,-82.31559560409816,0.23824049536318204,46.19861106188065,372,319,53,85.75268817204301,1558.2398191904256,-7926.068737145869,13751.36950046347,-60548.34393451027,1.1832902258964384,10.220430107526882,42,71,59.154929577464785,36.32471823351169,-35.17893660128046,2.3563294421176377,,0.9184978802598048,93
21,45,0.45,0.1,-0.4,5,55,11,20000,43334.978351653685,23334.978351653685,116.67489175826842,13.852015137969008,0.5605824488523775,0.5451082187749134,-59.80499550026486,0.2316197003627843,25.444930354927386,278,204,74,73.38129496402878,839.5371966250515,-1886.581350325324,3505.9877521766725,-12595.997414121332,1.2267691710965123,9.514388489208633,41,71,57.74647887323944,16.578870605506758,-20.47356568677565,1.3719537497911134,,1.2795153980150356,518
28,42,0.5,0.1,-0.5,20,40,14,20000,36628.30229201488,16628.30229201488,83.1415114600744,10.685159580291304,0.5600021020976368,0.4745504963868961,-34.94550465004625,0.30576635499459476,17.180640595119183,109,82,27,75.22935779816514,829.1685140787249,-1761.422809720016,2816.3794547607063,-6625.867588791769,1.4296485053479762,10.458715596330276,21,71,29.577464788732392,19.98743005230912,-14.81889599782561,0.9932410747105652,,0.5600021020976368,1
28,42,0.45,0.2,-0.4,5,60,11,20000,48727.78739127117,28727.787391271173,143.63893695635585,16.1146263577697,0.5542955491957317,0.5018327056306983,-62.46087602664719,0.2579955226835891,35.23508915290806,355,262,93,73.80281690140845,710.2899227399513,-1600.547689400306,7553.65023090106,-16688.66599253852,1.2502169342440266,14.507042253521126,43,71,60.56338028169014,26.85714149366767,-37.59659338355448,2.1070852068773416,,1.122344949599227,515
28,42,0.45,0.2,-0.4,5,60,11,20000,48727.78739127117,28727.787391271173,143.63893695635585,16.1146263577697,0.5542955491957317,0.5018327056306983,-62.46087602664719,0.2579955226835891,35.23508915290806,355,262,93,73.80281690140845,710.2899227399513,-1600.547689400306,7553.65023090106,-16688.66599253852,1.2502169342440266,14.507042253521126,43,71,60.56338028169014,26.85714149366767,-37.59659338355448,2.1070852068773416,,1.122344949599227,515
28,42,0.45,0.2,-0.4,5,55,11,20000,48727.78739127117,28727.787391271173,143.63893695635585,16.1146263577697,0.5542955491957317,0.5018327056306983,-62.46087602664719,0.2579955226835891,35.23508915290806,355,262,93,73.80281690140845,710.2899227399513,-1600.547689400306,7553.65023090106,-16688.66599253852,1.2502169342440266,14.507042253521126,43,71,60.56338028169014,26.85714149366767,-37.59659338355448,2.1070852068773416,,1.1134978054456008,675
28,42,0.45,0.2,-0.4,5,60,11,20000,48727.78739127117,28727.787391271173,143.63893695635585,16.1146263577697,0.5542955491957317,0.5018327056306983,-62.46087602664719,0.2579955226835891,35.23508915290806,355,262,93,73.80281690140845,710.2899227399513,-1600.547689400306,7553.65023090106,-16688.66599253852,1.2502169342440266,14.507042253521126,43,71,60.56338028169014,26.85714149366767,-37.59659338355448,2.1070852068773416,,1.122344949599227,515
28,42,0.45,0.2,-0.4,5,50,11,20000,48727.78739127117,28727.787391271173,143.63893695635585,16.1146263577697,0.5542955491957317,0.5018327056306983,-62.46087602664719,0.2579955226835891,35.23508915290806,355,262,93,73.80281690140845,710.2899227399513,-1600.547689400306,7553.65023090106,-16688.66599253852,1.2502169342440266,14.507042253521126,43,71,60.56338028169014,26.85714149366767,-37.59659338355448,2.1070852068773416,,1.10420363273756,377
28,42,0.45,0.2,-0.4,5,55,11,20000,48727.78739127117,28727.787391271173,143.63893695635585,16.1146263577697,0.5542955491957317,0.5018327056306983,-62.46087602664719,0.2579955226835891,35.23508915290806,355,262,93,73.80281690140845,710.2899227399513,-1600.547689400306,7553.65023090106,-16688.66599253852,1.2502169342440266,14.507042253521126,43,71,60.56338028169014,26.85714149366767,-37.59659338355448,2.1070852068773416,,1.1134978054456008,675
28,42,0.45,0.2,-0.4,5,60,11,20000,48727.78739127117,28727.787391271173,143.63893695635585,16.1146263577697,0.5542955491957317,0.5018327056306983,-62.46087602664719,0.2579955226835891,35.23508915290806,355,262,93,73.80281690140845,710.2899227399513,-1600.547689400306,7553.65023090106,-16688.66599253852,1.2502169342440266,14.507042253521126,43,71,60.56338028169014,26.85714149366767,-37.59659338355448,2.1070852068773416,,1.122344949599227,515
21,39,0.45,0.30000000000000004,-0.5,20,25,14,20000,31278.24685912524,11278.24685912524,56.391234295626205,7.791431315325736,0.5423645710217443,0.3617511267235575,-27.105677408433838,0.28744647100763693,11.3369715415053,78,56,22,71.7948717948718,614.0937962289814,-960.3275331680757,2428.9397334803084,-4556.6795152700815,1.6277236577709548,7.743589743589744,17,71,23.943661971830984,15.644848492730933,-14.612578094743112,0.7185834523535974,,0.5423645710217443,1
21,42,0.45,0.4,-0.3,5,45,2,20000,48388.29752876165,28388.29752876165,141.94148764380824,15.978503751043615,0.5412780466630797,0.5388069398022595,-54.81512163616854,0.2914980989570687,35.7125230709909,281,165,116,58.718861209964416,1124.398441902672,-1287.6173489826024,7391.111812266641,-14001.892634764314,1.2421080330814933,18.185053380782918,38,71,53.52112676056338,30.895116414195535,-25.83392497543844,2.170366575828145,,0.5412780466630797,1
21,45,0.45,0.1,-0.3,20,30,8,20000,35516.0077976079,15516.007797607897,77.58003898803949,10.113971524963826,0.5400742638016316,0.3377414629927648,-51.86367559331638,0.19501069697164317,16.792310952323746,109,83,26,76.14678899082568,869.3252196864399,-2088.7840552448665,3540.3961340015235,-9964.033132776509,1.3285976494093679,9.944954128440367,20,71,28.169014084507044,20.785277521313027,-15.18690900999915,0.9977566953499046,,0.5400742638016316,1
21,45,0.45,0.2,-0.5,5,60,8,20000,45213.0506954109,25213.0506954109,126.06525347705451,14.66530705163851,0.5375068507608862,0.546458841298954,-59.67875605749543,0.24573747880250268,30.45912563362545,299,214,85,71.57190635451505,826.4897036601463,-1731.8129194299395,7646.701015841735,-14579.703803546188,1.2015208734283132,12.79598662207358,41,71,57.74647887323944,24.078720482247817,-21.384458774181383,1.5559996460289134,,1.2803883706066193,345
28,42,0.45,0.1,-0.19999999999999996,20,60,5,20000,36721.491171843176,16721.491171843176,83.60745585921589,10.732355885881661,0.5301048615011552,0.32663568574163376,-48.111152825523995,0.22307417834701973,18.884922428819692,110,89,21,80.9090909090909,1018.4927966926293,-3315.3032254190816,4585.93922847157,-9160.747989294592,1.301983311391282,9.50909090909091,21,71,29.577464788732392,21.11132454140543,-19.16459850219686,1.0815484045410473,,-0.21261174125270907,3
28,39,0.45,0.2,-0.4,5,50,11,20000,47932.1839822957,27932.183982295697,139.6609199114785,15.794362673275831,0.52621931877558,0.5319501405128559,-61.66261099185893,0.25614164595399797,38.90707570855589,351,261,90,74.35897435897436,735.8227917704642,-1659.0136148190395,6604.98582551011,-16503.05337701307,1.2862378446286014,13.743589743589743,42,71,59.154929577464785,28.88729155145977,-27.653423218726438,2.146337635299191,,1.1088907133412267,310
28,39,0.45,0.2,-0.4,5,60,11,20000,47932.1839822957,27932.183982295697,139.6609199114785,15.794362673275831,0.52621931877558,0.5319501405128559,-61.66261099185893,0.25614164595399797,38.90707570855589,351,261,90,74.35897435897436,735.8227917704642,-1659.0136148190395,6604.98582551011,-16503.05337701307,1.2862378446286014,13.743589743589743,42,71,59.154929577464785,28.88729155145977,-27.653423218726438,2.146337635299191,,1.1353337549530407,427
28,39,0.45,0.2,-0.4,5,50,11,20000,47932.1839822957,27932.183982295697,139.6609199114785,15.794362673275831,0.52621931877558,0.5319501405128559,-61.66261099185893,0.25614164595399797,38.90707570855589,351,261,90,74.35897435897436,735.8227917704642,-1659.0136148190395,6604.98582551011,-16503.05337701307,1.2862378446286014,13.743589743589743,42,71,59.154929577464785,28.88729155145977,-27.653423218726438,2.146337635299191,,1.1088907133412267,310
28,42,0.5,0.1,-0.5,10,60,11,20000,43925.527254915345,23925.527254915345,119.62763627457673,14.110859863477065,0.5212528830833297,0.5535023314777876,-52.21255721559336,0.2702579727173914,30.51168717029699,286,225,61,78.67132867132867,647.6906131766165,-1839.38320315642,3484.778463557368,-14340.437539640692,1.298817315185163,11.618881118881118,39,71,54.929577464788736,19.90947367167326,-25.748751659731482,1.5054374728311866,,1.1371208008480738,504
28,42,0.5,0.1,-0.5,10,50,11,20000,43925.527254915345,23925.527254915345,119.62763627457673,14.110859863477065,0.5212528830833297,0.5535023314777876,-52.21255721559336,0.2702579727173914,30.51168717029699,286,225,61,78.67132867132867,647.6906131766165,-1839.38320315642,3484.778463557368,-14340.437539640692,1.298817315185163,11.618881118881118,39,71,54.929577464788736,19.90947367167326,-25.748751659731482,1.5054374728311866,,1.1294722897012757,365
28,42,0.5,0.1,-0.5,5,50,11,20000,43870.80622558662,23870.806225586617,119.35403112793308,14.086997134811785,0.5203786680405602,0.5518100789584014,-52.35461766802905,0.2690688570038813,30.545946826285896,302,238,64,78.80794701986756,615.6752912104969,-1764.6332463317176,3484.778463557368,-14340.437539640692,1.297460814562169,11.582781456953642,39,71,54.929577464788736,19.9564503605812,-25.751982319176115,1.4721623789637923,,1.1307849461360011,364
28,42,0.5,0.1,-0.5,5,45,11,20000,43870.80622558662,23870.806225586617,119.35403112793308,14.086997134811785,0.5203786680405602,0.5518100789584014,-52.35461766802905,0.2690688570038813,30.545946826285896,302,238,64,78.80794701986756,615.6752912104969,-1764.6332463317176,3484.778463557368,-14340.437539640692,1.297460814562169,11.582781456953642,39,71,54.929577464788736,19.9564503605812,-25.751982319176115,1.4721623789637923,,1.087772679252623,188
28,42,0.5,0.1,-0.5,5,55,11,20000,43870.80622558662,23870.806225586617,119.35403112793308,14.086997134811785,0.5203786680405602,0.5518100789584014,-52.35461766802905,0.2690688570038813,30.545946826285896,302,238,64,78.80794701986756,615.6752912104969,-1764.6332463317176,3484.778463557368,-14340.437539640692,1.297460814562169,11.582781456953642,39,71,54.929577464788736,19.9564503605812,-25.751982319176115,1.4721623789637923,,1.1300325495188037,657
28,42,0.5,0.1,-0.5,5,60,11,20000,43870.80622558662,23870.806225586617,119.35403112793308,14.086997134811785,0.5203786680405602,0.5518100789584014,-52.35461766802905,0.2690688570038813,30.545946826285896,302,238,64,78.80794701986756,615.6752912104969,-1764.6332463317176,3484.778463557368,-14340.437539640692,1.297460814562169,11.582781456953642,39,71,54.929577464788736,19.9564503605812,-25.751982319176115,1.4721623789637923,,1.138041790327345,502
28,42,0.5,0.1,-0.5,5,60,11,20000,43870.80622558662,23870.806225586617,119.35403112793308,14.086997134811785,0.5203786680405602,0.5518100789584014,-52.35461766802905,0.2690688570038813,30.545946826285896,302,238,64,78.80794701986756,615.6752912104969,-1764.6332463317176,3484.778463557368,-14340.437539640692,1.297460814562169,11.582781456953642,39,71,54.929577464788736,19.9564503605812,-25.751982319176115,1.4721623789637923,,1.138041790327345,502
28,42,0.5,0.1,-0.5,5,55,11,20000,43870.80622558662,23870.806225586617,119.35403112793308,14.086997134811785,0.5203786680405602,0.5518100789584014,-52.35461766802905,0.2690688570038813,30.545946826285896,302,238,64,78.80794701986756,615.6752912104969,-1764.6332463317176,3484.778463557368,-14340.437539640692,1.297460814562169,11.582781456953642,39,71,54.929577464788736,19.9564503605812,-25.751982319176115,1.4721623789637923,,1.1300325495188037,657
28,42,0.5,0.1,-0.5,5,55,11,20000,43870.80622558662,23870.806225586617,119.35403112793308,14.086997134811785,0.5203786680405602,0.5518100789584014,-52.35461766802905,0.2690688570038813,30.545946826285896,302,238,64,78.80794701986756,615.6752912104969,-1764.6332463317176,3484.778463557368,-14340.437539640692,1.297460814562169,11.582781456953642,39,71,54.929577464788736,19.9564503605812,-25.751982319176115,1.4721623789637923,,1.1300325495188037,657
28,42,0.5,0.1,-0.5,5,60,11,20000,43870.80622558662,23870.806225586617,119.35403112793308,14.086997134811785,0.5203786680405602,0.5518100789584014,-52.35461766802905,0.2690688570038813,30.545946826285896,302,238,64,78.80794701986756,615.6752912104969,-1764.6332463317176,3484.778463557368,-14340.437539640692,1.297460814562169,11.582781456953642,39,71,54.929577464788736,19.9564503605812,-25.751982319176115,1.4721623789637923,,1.138041790327345,502
28,42,0.5,0.1,-0.5,5,55,11,20000,43870.80622558662,23870.806225586617,119.35403112793308,14.086997134811785,0.5203786680405602,0.5518100789584014,-52.35461766802905,0.2690688570038813,30.545946826285896,302,238,64,78.80794701986756,615.6752912104969,-1764.6332463317176,3484.778463557368,-14340.437539640692,1.297460814562169,11.582781456953642,39,71,54.929577464788736,19.9564503605812,-25.751982319176115,1.4721623789637923,,1.1300325495188037,657
28,42,0.5,0.1,-0.5,5,60,11,20000,43870.80622558662,23870.806225586617,119.35403112793308,14.086997134811785,0.5203786680405602,0.5518100789584014,-52.35461766802905,0.2690688570038813,30.545946826285896,302,238,64,78.80794701986756,615.6752912104969,-1764.6332463317176,3484.778463557368,-14340.437539640692,1.297460814562169,11.582781456953642,39,71,54.929577464788736,19.9564503605812,-25.751982319176115,1.4721623789637923,,1.138041790327345,502
28,42,0.5,0.1,-0.5,5,50,11,20000,43870.80622558662,23870.806225586617,119.35403112793308,14.086997134811785,0.5203786680405602,0.5518100789584014,-52.35461766802905,0.2690688570038813,30.545946826285896,302,238,64,78.80794701986756,615.6752912104969,-1764.6332463317176,3484.778463557368,-14340.437539640692,1.297460814562169,11.582781456953642,39,71,54.929577464788736,19.9564503605812,-25.751982319176115,1.4721623789637923,,1.1307849461360011,364
28,42,0.5,0.1,-0.5,5,60,11,20000,43870.80622558662,23870.806225586617,119.35403112793308,14.086997134811785,0.5203786680405602,0.5518100789584014,-52.35461766802905,0.2690688570038813,30.545946826285896,302,238,64,78.80794701986756,615.6752912104969,-1764.6332463317176,3484.778463557368,-14340.437539640692,1.297460814562169,11.582781456953642,39,71,54.929577464788736,19.9564503605812,-25.751982319176115,1.4721623789637923,,1.138041790327345,502
21,42,0.45,0.2,-0.5,5,55,8,20000,43522.5685821585,23522.5685821585,117.61284291079251,13.934554676496337,0.5134503295323167,0.5250411587600533,-60.38179639818579,0.23077409927663248,30.914186754097912,297,210,87,70.70707070707071,825.8857053535377,-1671.3616235995723,7646.701015841735,-14101.114080295076,1.1927503848781047,12.771043771043772,41,71,57.74647887323944,24.88953856252185,-21.20617625818254,1.514183310616194,,1.1036700755478295,568
21,42,0.45,0.1,-0.5,20,40,8,20000,34600.376446384435,14600.376446384435,73.00188223192218,9.632492204551646,0.5037342884157052,0.3577567056585323,-57.0397386456955,0.16887335800018713,17.2672625142973,106,81,25,76.41509433962264,931.5948671305397,-2327.9603116475682,3885.800634879721,-13102.712613020973,1.2965716616391791,9.716981132075471,22,71,30.985915492957744,19.666881544270186,-21.137144423625042,0.9981117623831488,,0.5037342884157052,1
21,42,0.45,0.2,-0.5,10,60,8,20000,41529.63521004122,21529.63521004122,107.64817605020609,13.042079321707977,0.5006361018979515,0.5008628861254105,-60.376232737403924,0.2160134663988107,29.091089347828415,303,213,90,70.29702970297029,775.4867374416648,-1548.241255232394,7257.885709951475,-13460.154349372573,1.1854215909456491,12.755775577557756,41,71,57.74647887323944,24.748742524428067,-21.141430950958227,1.4669900122773545,,1.1145264970320237,438
14,39,0.5,0.2,-0.5,10,60,5,20000,42242.29750079696,22242.297500796958,111.2114875039848,13.365238499506237,0.49024450828551097,0.5149554200837129,-46.765122078221175,0.2857950093052471,31.925168060102767,232,142,90,61.206896551724135,1333.2954576526085,-1780.079708943368,6115.937924658323,-9808.889853753702,1.1817695206160366,11.801724137931034,38,71,53.52112676056338,21.332153919436703,-26.591642585428843,1.5478268143564917,,0.5929327329727868,13
28,39,0.45,0.5,-0.5,15,30,14,20000,40146.3289133514,20146.328913351397,100.73164456675698,12.401411731855493,0.4895521423915829,0.4707889717168272,-54.051777231251066,0.22943578115476618,27.86809381492516,307,213,94,69.38110749185668,583.8801619327127,-1028.6228253012355,5191.929231048042,-13675.863233025277,1.2862320069435857,14.811074918566776,32,71,45.07042253521127,24.809139511018397,-25.667874941923973,1.4424798833045385,,0.4895521423915829,1
21,45,0.45,0.5,-0.19999999999999996,5,35,11,20000,39031.28734149352,19031.287341493517,95.15643670746758,11.871475122245801,0.480039567498531,0.42194391057995195,-59.370790008343654,0.19995481145825156,27.03297744441886,278,192,86,69.06474820143885,865.2112393887056,-1639.870687321999,5137.0226590595275,-8201.367918681437,1.1779187284997374,12.219424460431656,38,71,53.52112676056338,18.868132407435102,-21.86040281782462,1.2624173985137237,,0.480039567498531,1
21,39,0.45,0.1,-0.4,5,50,11,20000,39405.960592674,19405.960592673997,97.02980296336999,12.05093266424595,0.47727325913821983,0.46672597827705875,-57.462453821107104,0.20971837892205367,28.086285034850057,292,206,86,70.54794520547945,903.4243887079197,-1799.6610995133294,3956.131886297528,-10895.088508365809,1.2024578180765484,8.832191780821917,37,71,52.112676056338024,19.4178583652735,-17.369186122913316,1.1976333235176868,,1.1345338618981868,300
21,39,0.45,0.30000000000000004,-0.4,5,50,11,20000,39571.32033796507,19571.320337965073,97.85660168982537,12.129683813629288,0.4697385019520843,0.47740138731316506,-58.477530033534265,0.20742469469338828,29.68190346994714,303,202,101,66.66666666666666,837.258004400188,-1391.1403118923079,5180.121762603817,-10632.556255152174,1.2037002985864198,12.171617161716172,36,71,50.70422535211267,20.12777287989309,-20.297044864861434,1.2944718984223798,,0.6239215721461125,71
28,45,0.45,0.2,-0.4,5,55,11,20000,40620.6261161124,20620.6261161124,103.103130580562,12.62312014838367,0.4688427415194637,0.424216459886333,-61.342343956871346,0.2057815097065536,34.808029836714574,315,233,82,73.96825396825398,656.3472856517444,-1528.34601454821,6029.060276040296,-13350.932794030814,1.2202647710146726,14.64126984126984,42,71,59.154929577464785,25.703938474906863,-37.59659338355448,1.8286076957176067,,1.2644317929543165,529
28,45,0.45,0.2,-0.4,5,60,11,20000,40620.6261161124,20620.6261161124,103.103130580562,12.62312014838367,0.4688427415194637,0.424216459886333,-61.342343956871346,0.2057815097065536,34.808029836714574,315,233,82,73.96825396825398,656.3472856517444,-1528.34601454821,6029.060276040296,-13350.932794030814,1.2202647710146726,14.64126984126984,42,71,59.154929577464785,25.703938474906863,-37.59659338355448,1.8286076957176067,,1.2668459962313665,410
28,39,0.45,0.1,-0.5,5,60,8,20000,41986.12023875609,21986.12023875609,109.93060119378046,13.249600068466648,0.4665178271093222,0.48851859174540285,-77.30701161941406,0.17138937065236765,38.75567191996077,338,292,46,86.3905325443787,1106.9221361394725,-5940.802446490313,7736.854013183225,-30410.31609318315,1.1827609612177732,9.840236686390533,41,71,57.74647887323944,25.671640843783816,-32.62731683431256,1.7537361010966503,,1.1468171946086714,357
28,39,0.45,0.1,-0.5,5,50,8,20000,41986.12023875609,21986.12023875609,109.93060119378046,13.249600068466648,0.4665178271093222,0.48851859174540285,-77.30701161941406,0.17138937065236765,38.75567191996077,338,292,46,86.3905325443787,1106.9221361394725,-5940.802446490313,7736.854013183225,-30410.31609318315,1.1827609612177732,9.840236686390533,41,71,57.74647887323944,25.671640843783816,-32.62731683431256,1.7537361010966503,,1.1262563139155644,253
28,39,0.45,0.1,-0.5,5,55,8,20000,41986.12023875609,21986.12023875609,109.93060119378046,13.249600068466648,0.4665178271093222,0.48851859174540285,-77.30701161941406,0.17138937065236765,38.75567191996077,338,292,46,86.3905325443787,1106.9221361394725,-5940.802446490313,7736.854013183225,-30410.31609318315,1.1827609612177732,9.840236686390533,41,71,57.74647887323944,25.671640843783816,-32.62731683431256,1.7537361010966503,,1.1378147209106364,461
28,39,0.45,0.1,-0.5,5,60,8,20000,41986.12023875609,21986.12023875609,109.93060119378046,13.249600068466648,0.4665178271093222,0.48851859174540285,-77.30701161941406,0.17138937065236765,38.75567191996077,338,292,46,86.3905325443787,1106.9221361394725,-5940.802446490313,7736.854013183225,-30410.31609318315,1.1827609612177732,9.840236686390533,41,71,57.74647887323944,25.671640843783816,-32.62731683431256,1.7537361010966503,,1.1468171946086714,357
28,39,0.45,0.1,-0.5,5,60,8,20000,41986.12023875609,21986.12023875609,109.93060119378046,13.249600068466648,0.4665178271093222,0.48851859174540285,-77.30701161941406,0.17138937065236765,38.75567191996077,338,292,46,86.3905325443787,1106.9221361394725,-5940.802446490313,7736.854013183225,-30410.31609318315,1.1827609612177732,9.840236686390533,41,71,57.74647887323944,25.671640843783816,-32.62731683431256,1.7537361010966503,,1.1468171946086714,357
28,39,0.45,0.1,-0.5,5,50,8,20000,41986.12023875609,21986.12023875609,109.93060119378046,13.249600068466648,0.4665178271093222,0.48851859174540285,-77.30701161941406,0.17138937065236765,38.75567191996077,338,292,46,86.3905325443787,1106.9221361394725,-5940.802446490313,7736.854013183225,-30410.31609318315,1.1827609612177732,9.840236686390533,41,71,57.74647887323944,25.671640843783816,-32.62731683431256,1.7537361010966503,,1.1262563139155644,253
28,39,0.45,0.1,-0.5,5,55,8,20000,41986.12023875609,21986.12023875609,109.93060119378046,13.249600068466648,0.4665178271093222,0.48851859174540285,-77.30701161941406,0.17138937065236765,38.75567191996077,338,292,46,86.3905325443787,1106.9221361394725,-5940.802446490313,7736.854013183225,-30410.31609318315,1.1827609612177732,9.840236686390533,41,71,57.74647887323944,25.671640843783816,-32.62731683431256,1.7537361010966503,,1.1378147209106364,461
28,39,0.45,0.1,-0.5,5,60,8,20000,41986.12023875609,21986.12023875609,109.93060119378046,13.249600068466648,0.4665178271093222,0.48851859174540285,-77.30701161941406,0.17138937065236765,38.75567191996077,338,292,46,86.3905325443787,1106.9221361394725,-5940.802446490313,7736.854013183225,-30410.31609318315,1.1827609612177732,9.840236686390533,41,71,57.74647887323944,25.671640843783816,-32.62731683431256,1.7537361010966503,,1.1468171946086714,357
14,33,0.45,0.1,-0.4,20,55,8,20000,30727.54034707855,10727.54034707855,53.63770173539275,7.470658729244972,0.4613863870465387,0.3108687099804339,-36.138360640064064,0.20672378594182209,13.180759414419255,98,64,34,65.3061224489796,643.0535844206586,-826.8790898777521,1666.9167171153103,-6236.333793828696,1.4638824717979688,6.377551020408164,18,71,25.352112676056336,14.741297376488127,-13.68772794623,0.7016350880429723,,0.4613863870465387,1
21,39,0.5,0.1,-0.5,5,55,11,20000,38378.78166129149,18378.78166129149,91.89390830645745,11.555492616878183,0.4612614804093865,0.4904169286032437,-51.387895312563124,0.22486798781294198,27.93387739039509,262,169,93,64.50381679389314,868.471275549883,-1264.2650165270024,3432.192511153268,-11034.440034340536,1.2483061040674337,9.427480916030534,41,71,57.74647887323944,17.158321404655673,-21.133272960946524,1.0872791412671852,,1.141328245723837,541
28,39,0.45,0.1,-0.5,10,55,8,20000,41445.7699290914,21445.769929091402,107.228849645457,13.003747446111458,0.46092067496974887,0.48215458639916375,-77.15996723929798,0.16852971704592146,38.74529413477359,340,293,47,86.1764705882353,1081.0987248632346,-5701.347104448459,7572.821772621036,-29821.72933008929,1.1821093035608896,9.785294117647059,41,71,57.74647887323944,25.67618947468546,-32.51368425618326,1.7638855753751252,,1.1369744162410604,463
28,39,0.45,0.1,-0.5,10,55,8,20000,41445.7699290914,21445.769929091402,107.228849645457,13.003747446111458,0.46092067496974887,0.48215458639916375,-77.15996723929798,0.16852971704592146,38.74529413477359,340,293,47,86.1764705882353,1081.0987248632346,-5701.347104448459,7572.821772621036,-29821.72933008929,1.1821093035608896,9.785294117647059,41,71,57.74647887323944,25.67618947468546,-32.51368425618326,1.7638855753751252,,1.1369744162410604,463
21,39,0.5,0.2,-0.5,5,60,11,20000,39048.60207651587,19048.60207651587,95.24301038257934,11.879799902796417,0.46035307178466844,0.5402586666435253,-52.540524004347866,0.22610737383992083,29.56737039777532,293,174,119,59.38566552901023,879.9796036378585,-1046.5658975498252,5549.2764690581025,-11034.440034340536,1.2294427602081943,11.641638225255972,36,71,50.70422535211267,17.944251621775443,-21.3652565076059,1.1924217757022857,,1.1353337549530407,427
21,42,0.5,0.1,-0.5,5,60,11,20000,36902.266437903265,16902.266437903265,84.51133218951632,10.823627550183513,0.45688440462971974,0.47546527989401716,-45.40561658115956,0.2383764028583774,25.05229236234876,254,170,84,66.92913385826772,731.3754068500847,-1192.3191315007032,3140.1283059219427,-7125.843963610284,1.241416391600015,9.826771653543307,40,71,56.33802816901409,16.78089317050262,-20.211636495211827,1.0365678597491763,,1.138041790327345,502
21,42,0.5,0.1,-0.5,5,45,11,20000,36902.266437903265,16902.266437903265,84.51133218951632,10.823627550183513,0.45688440462971974,0.47546527989401716,-45.40561658115956,0.2383764028583774,25.05229236234876,254,170,84,66.92913385826772,731.3754068500847,-1192.3191315007032,3140.1283059219427,-7125.843963610284,1.241416391600015,9.826771653543307,40,71,56.33802816901409,16.78089317050262,-20.211636495211827,1.0365678597491763,,1.087772679252623,188
28,42,0.5,0.1,-0.4,5,60,14,20000,38146.50580087899,18146.505800878993,90.73252900439496,11.441931185490905,0.4522093931385289,0.47743604887216934,-56.75617717267506,0.2015979890731534,28.89941890611782,305,224,81,73.44262295081967,740.508787766132,-1647.5787748784048,4101.570876436092,-14201.768835561483,1.2429310223770482,10.455737704918032,39,71,54.929577464788736,20.212520517808063,-22.982026204696503,1.2788288179262293,,1.1814843689357082,415
28,42,0.5,0.1,-0.4,5,50,14,20000,38146.50580087899,18146.505800878993,90.73252900439496,11.441931185490905,0.4522093931385289,0.47743604887216934,-56.75617717267506,0.2015979890731534,28.89941890611782,305,224,81,73.44262295081967,740.508787766132,-1647.5787748784048,4101.570876436092,-14201.768835561483,1.2429310223770482,10.455737704918032,39,71,54.929577464788736,20.212520517808063,-22.982026204696503,1.2788288179262293,,1.1644947617789487,303
21,39,0.5,0.1,-0.5,10,50,11,20000,37175.13477763522,17175.13477763522,85.8756738881761,10.960693875237615,0.4423461916581184,0.46943050608778825,-51.0191185683198,0.21483503013796934,27.906640058954192,254,168,86,66.14173228346458,838.592110635165,-1317.5942092590003,3354.188135899784,-10475.734209816963,1.2433114274052814,9.51968503937008,41,71,57.74647887323944,17.131821589619722,-21.39190056236455,1.076983204375649,,1.1329296475645094,301
28,39,0.45,0.1,-0.4,10,60,2,20000,40461.86467356581,20461.86467356581,102.30932336782905,12.54914871977373,0.44209718242422746,0.46587445901258095,-73.78150790483828,0.17008528391638916,41.613010134378314,354,299,55,84.4632768361582,1002.8186282889615,-4611.067808626273,6461.0031323368985,-22858.31429838847,1.1823046094657923,9.734463276836157,43,71,60.56338028169014,36.33153027382625,-35.500136307765786,1.8782463311861128,,0.505907319917845,2
21,39,0.5,0.4,-0.5,15,50,14,20000,33958.172705432975,13958.172705432975,69.79086352716487,9.288426466384458,0.4378736026017231,0.4380613098676966,-41.33169667940297,0.22472889362447118,20.570220433038344,255,163,92,63.921568627450974,455.0732876746468,-590.8377520166772,2396.2909098887308,-5250.684445366439,1.3646236183059919,7.8352941176470585,31,71,43.66197183098591,17.287268442565473,-17.238149125535728,0.9264395441283967,,0.4378736026017231,1
21,42,0.5,0.1,-0.4,5,55,11,20000,35570.23622301567,15570.236223015672,77.85118111507836,10.14216185284198,0.43126433818496634,0.4441403972737246,-47.38768942046074,0.21402524530902461,25.20294675399411,254,170,84,66.92913385826772,731.3754068500847,-1208.4185103289467,3140.1283059219427,-8681.663662876585,1.2248773924030236,9.811023622047244,40,71,56.33802816901409,16.78089317050262,-20.211636495211827,0.9899823139462651,,1.1274749429047437,659
14,45,0.45,0.2,-0.1,20,50,2,20000,31177.733533671606,11177.733533671606,55.888667668358025,7.733237400988435,0.422386184059198,0.23405366672668035,-29.123615600769202,0.26553150223505173,15.973106480193822,77,50,27,64.93506493506493,1070.807706277326,-1532.6352511183204,3055.3193256557497,-3274.3600025010264,1.293835067671827,10.688311688311689,20,71,28.169014084507044,23.713936503444867,-14.324940379226215,0.8244260914801613,,0.422386184059198,1
14,33,0.45,0.4,-0.1,5,45,5,20000,39494.716307283525,19494.716307283525,97.47358153641763,12.093235923285262,0.42222696335321697,0.47122254375690054,-60.37441725357275,0.20030397763499116,40.74990486991965,272,154,118,56.61764705882353,1817.5270089721712,-2113.7314006133734,11422.482938441251,-9993.905290460185,1.122198768364316,10.220588235294118,35,71,49.29577464788733,42.537968670778035,-26.466059456302926,1.5677179758922097,,0.42222696335321697,1
21,36,0.45,0.1,-0.5,10,55,8,20000,36185.0250630395,16185.025063039502,80.9251253151975,10.459280301789153,0.41899006736615135,0.4158113041975781,-55.11995431299166,0.1897548797373354,29.814852996937336,272,200,72,73.52941176470588,710.9658398691822,-1619.327395636086,3115.416270388771,-12951.731393543772,1.2195835851785661,9.400735294117647,42,71,59.154929577464785,22.32665093377173,-22.70721775185719,1.2533520219878949,,0.500554775226517,123
28,42,0.45,0.30000000000000004,-0.4,5,50,8,20000,36717.2496902896,16717.249690289602,83.58624845144801,10.730209917611532,0.4164568743643636,0.39468611601902476,-68.62077680453453,0.1563696946797383,36.799529709523576,340,241,99,70.88235294117648,836.3515014435225,-1770.1612832003004,7206.498586170532,-15450.545281800234,1.1501589180966936,17.88235294117647,37,71,52.112676056338024,28.620703088241406,-36.94188532561821,1.8979788439162588,,0.5585445969906282,73
21,45,0.5,0.2,-0.19999999999999996,20,35,14,20000,29188.27938118474,9188.27938118474,45.9413969059237,6.547989882254712,0.4120450388273485,0.269714931643159,-33.897240071647616,0.19317177057525672,12.435685802764894,101,69,32,68.31683168316832,626.4261858245596,-995.753982522182,2305.408991807318,-4630.768316729196,1.3564911483084297,7.663366336633663,17,71,23.943661971830984,15.737688304564102,-13.079636506856641,0.6370609215225779,,0.4120450388273485,1
28,42,0.5,0.1,-0.4,5,55,11,20000,35799.0228919407,15799.022891940702,78.9951144597035,10.260702915403797,0.40838177215584676,0.4156356680769111,-55.12287679361676,0.1861423697790749,30.81872298628692,316,247,69,78.16455696202532,587.5791583858627,-1735.9464475197672,3536.0252056685063,-11655.854269545807,1.211652051379255,11.544303797468354,39,71,54.929577464788736,20.00108119652957,-22.045221737049758,1.193119616159875,,1.1274749429047437,659
28,42,0.5,0.1,-0.4,5,60,11,20000,35799.0228919407,15799.022891940702,78.9951144597035,10.260702915403797,0.40838177215584676,0.4156356680769111,-55.12287679361676,0.1861423697790749,30.81872298628692,316,247,69,78.16455696202532,587.5791583858627,-1735.9464475197672,3536.0252056685063,-11655.854269545807,1.211652051379255,11.544303797468354,39,71,54.929577464788736,20.00108119652957,-22.045221737049758,1.193119616159875,,1.1346658354855146,504
28,42,0.45,0.1,-0.1,20,35,2,20000,31295.619255993595,11295.619255993595,56.478096279967986,7.801473584006735,0.40483005627979385,0.21844198657158787,-48.74234855165128,0.16005534849720404,17.49341523517832,115,87,28,75.65217391304347,896.9675379665873,-2231.6305909678345,2420.8348974274136,-5862.646939996438,1.2488654215271362,8.226086956521739,19,71,26.76056338028169,21.107118621540486,-15.765092866046738,0.8352575281878641,,0.40483005627979385,1
14,30,0.45,0.1,-0.4,5,45,2,20000,36339.6240960827,16339.624096082698,81.6981204804135,10.53831902938036,0.40349799478773896,0.4047400308658929,-65.7966882863331,0.1601648852525807,37.6607293877773,241,181,60,75.10373443983403,933.2618636184566,-2408.4360608360216,6169.649166557539,-11149.108134880571,1.1689494278173793,8.817427385892117,38,71,53.52112676056338,25.397578928837717,-30.834590808248873,1.4596587138571846,,0.40349799478773896,1
14,39,0.45,0.4,-0.1,20,25,5,20000,29790.81380624639,9790.813806246391,48.95406903123195,6.913878899312631,0.40078825832442083,0.21634502844214537,-38.57514588183838,0.17923143882568604,14.245429061385032,58,35,23,60.3448275862069,1329.529547006023,-1553.1965364767123,4078.2881880828145,-3662.629889125947,1.3026021428928358,11.172413793103448,16,71,22.535211267605636,24.314135753663678,-13.454077293554123,0.7228945712665907,,0.40078825832442083,1
28,45,0.45,0.30000000000000004,-0.5,15,45,11,20000,34726.87517248243,14726.875172482432,73.63437586241216,9.699637486307267,0.39750400285742477,0.3916961884702501,-60.011371903727984,0.16162999076021312,28.85732412503725,226,159,67,70.35398230088495,748.2247085832128,-1483.790350630569,5722.978514607838,-14955.56568645276,1.196690449233642,17.535398230088497,32,71,45.07042253521127,26.51562787771551,-19.99586685972513,1.3012585559844072,,0.768444945028958,10
21,45,0.45,0.2,-0.3,5,55,8,20000,34679.607666571486,14679.607666571486,73.39803833285742,9.674571840882674,0.39696276547640974,0.3543046585636994,-50.891969749941055,0.19010016488689513,29.551053620899992,271,184,87,67.89667896678966,697.4089898806079,-1269.8012150478446,4138.540883991145,-9255.488351793361,1.1615833369363096,12.634686346863468,40,71,56.33802816901409,24.405070409602757,-20.025363270834806,1.2134811575610516,,0.9371229839390014,89
21,45,0.5,0.1,-0.5,5,60,11,20000,33252.21761328497,13252.21761328497,66.26108806642486,8.903899978495122,0.39021034934384063,0.401667808259837,-47.36909530328423,0.18796854619002593,24.5234287081892,245,161,84,65.71428571428571,705.5708369203423,-1116.9631371236496,2892.223439664947,-6506.205358078956,1.210732976900039,10.016326530612245,40,71,56.33802816901409,16.821246461166318,-20.145318133468216,0.9367464333232565,,1.2868330913436568,399
28,42,0.5,0.1,-0.4,10,60,11,20000,34525.00760569033,14525.007605690327,72.62503802845164,9.59238938598408,0.38867527362662085,0.39401680394862904,-54.79542995462013,0.17505820091069998,30.84906931439938,297,234,63,78.78787878787878,596.0332208143383,-1837.5471197167933,3382.284979335093,-11349.1212624525,1.2047787257023377,11.417508417508417,39,71,54.929577464788736,19.7627284342937,-22.245460988012557,1.1693380438703755,,1.133761829975892,506
28,33,0.45,0.6,-0.5,10,50,5,20000,33926.27137948907,13926.271379489073,69.63135689744536,9.271194333450783,0.3884223669764268,0.4544293257859436,-80.19348854711015,0.11561031327380607,50.84806658650647,266,141,125,53.00751879699248,2439.0701100311144,-2521.260450765126,19821.27721140583,-25581.798514864666,1.0912284303195132,23.593984962406015,36,71,50.70422535211267,45.563432809389525,-26.403331538008946,1.958402591281627,,0.3884223669764268,1
14,36,0.45,0.1,-0.19999999999999996,20,25,5,20000,29072.697692180416,9072.697692180416,45.363488460902076,6.477085486182932,0.38248317140340243,0.2160453405132544,-37.4810024786915,0.17280982518717983,13.622899869458138,56,43,13,76.78571428571429,886.5271528311176,-2136.559221504431,2759.0034292142395,-4132.709205380751,1.372467944939559,8.767857142857142,17,71,23.943661971830984,16.25460258811735,-19.52864469398673,0.662045967525994,,0.38248317140340243,1
28,42,0.45,0.30000000000000004,-0.5,5,55,11,20000,33176.110891127064,13176.110891127064,65.88055445563532,8.862040824982254,0.3713377004038463,0.3443662358876368,-60.51303350349381,0.14644846427126465,34.288788921531435,321,219,102,68.22429906542055,561.384433565391,-1002.0294378461755,4234.622023923337,-12397.376819033208,1.2028842227124936,17.66355140186916,39,71,54.929577464788736,27.981066689074208,-37.59659338355448,1.5598277738036133,,0.6562483593487036,162
21,45,0.5,0.1,-0.5,10,60,11,20000,32040.71567040429,12040.71567040429,60.203578352021445,8.227878682037737,0.36457201172779374,0.37225099195066275,-47.29695231822054,0.17396213241562403,24.584017630887082,234,153,81,65.38461538461539,715.3726746887451,-1124.6184219154586,2726.9535288269503,-6351.2957066961235,1.2015270871455412,10.098290598290598,39,71,54.929577464788736,16.743922411845414,-20.450932151672053,0.9099574368403316,,1.2849334372299774,401
28,45,0.5,0.1,-0.5,5,60,11,20000,32520.70499697218,12520.704996972181,62.603524984860904,8.498217303155231,0.36221603357314563,0.3313497457350618,-66.74733478960864,0.1273192005335058,31.795090875948613,254,201,53,79.13385826771653,446.59181183035867,-1350.640929323378,2211.210386861763,-7458.579201680133,1.2539812350893327,11.744094488188976,42,71,59.154929577464785,19.892852996947987,-36.38661276516666,1.3501272386568302,,1.2868330913436568,399
28,45,0.5,0.1,-0.5,5,50,11,20000,32520.70499697218,12520.704996972181,62.603524984860904,8.498217303155231,0.36221603357314563,0.3313497457350618,-66.74733478960864,0.1273192005335058,31.795090875948613,254,201,53,79.13385826771653,446.59181183035867,-1350.640929323378,2211.210386861763,-7458.579201680133,1.2539812350893327,11.744094488188976,42,71,59.154929577464785,19.892852996947987,-36.38661276516666,1.3501272386568302,,1.278606956294315,288
28,45,0.5,0.1,-0.5,5,60,11,20000,32520.70499697218,12520.704996972181,62.603524984860904,8.498217303155231,0.36221603357314563,0.3313497457350618,-66.74733478960864,0.1273192005335058,31.795090875948613,254,201,53,79.13385826771653,446.59181183035867,-1350.640929323378,2211.210386861763,-7458.579201680133,1.2539812350893327,11.744094488188976,42,71,59.154929577464785,19.892852996947987,-36.38661276516666,1.3501272386568302,,1.2868330913436568,399
21,36,0.45,0.30000000000000004,-0.3,5,45,14,20000,31871.624891911128,11871.624891911128,59.35812445955564,8.131840660734046,0.3556267953738379,0.3634140387604963,-71.4963772737543,0.11373780002303939,26.042352720463573,336,220,116,65.47619047619048,738.6436198212291,-1170.6019583092304,6919.996470216543,-11935.560445946512,1.1967140672810783,7.5476190476190474,39,71,54.929577464788736,16.338146572297862,-27.30359434009878,0.9075343080228337,,0.5722127302036333,5
14,42,0.55,0.5,-0.19999999999999996,5,35,2,20000,32023.228220568682,12023.228220568682,60.116141102843415,8.217965965627094,0.3463783375425375,0.3347198034816192,-52.00699445939394,0.15801655240899423,34.71822096931881,229,133,96,58.07860262008734,1386.2252012895392,-1765.0777581401799,6296.9621080590705,-6487.038415258987,1.0880537635030123,12.034934497816593,31,71,43.66197183098591,32.2896671881588,-22.931586279316264,1.0705658441550006,,-0.27677322679333793,2
28,45,0.5,0.1,-0.5,5,50,14,20000,31308.61395696656,11308.613956966561,56.5430697848328,7.808982254070185,0.3434237985230093,0.31440516808965324,-64.35564468847555,0.12134106171837594,30.543856966948653,257,184,73,71.59533073929961,499.2334683913769,-1017.787828346711,2288.244804748556,-8625.594381206416,1.2363499129044737,10.972762645914397,40,71,56.33802816901409,19.825470738459483,-36.89104865157311,1.1126533877537834,,1.3213814952752148,238
28,45,0.5,0.1,-0.5,5,60,14,20000,31308.61395696656,11308.613956966561,56.5430697848328,7.808982254070185,0.3434237985230093,0.31440516808965324,-64.35564468847555,0.12134106171837594,30.543856966948653,257,184,73,71.59533073929961,499.2334683913769,-1017.787828346711,2288.244804748556,-8625.594381206416,1.2363499129044737,10.972762645914397,40,71,56.33802816901409,19.825470738459483,-36.89104865157311,1.1126533877537834,,1.3248326795219467,332
21,45,0.5,0.1,-0.4,10,60,11,20000,30995.713800127858,10995.713800127858,54.97856900063929,7.627455399621907,0.3415076334245759,0.3449966257900379,-49.00869343525541,0.1556347428379909,24.720209545512358,234,153,81,65.38461538461539,715.3726746887451,-1137.9436904408428,2726.9535288269503,-7738.004569085652,1.1874572599552922,10.081196581196581,39,71,54.929577464788736,16.743922411845414,-20.450932151672053,0.8678257089287543,,1.2799824086094127,403
14,42,0.55,0.4,-0.3,5,50,2,20000,30321.002999448934,10321.002999448934,51.605014997244666,7.2307771277734245,0.31871254055094744,0.324577753991772,-55.70737525877898,0.12979927871640154,34.19112835086651,224,136,88,60.71428571428571,1333.6085781067793,-1911.9280378904746,6905.775927604897,-8584.204606456173,1.0779858854762827,12.8125,35,71,49.29577464788733,32.44567592881011,-18.524758666545694,1.0371135408965437,,0.31871254055094744,1
28,33,0.45,0.1,-0.5,5,60,11,20000,29243.18794536089,9243.187945360889,46.21593972680444,6.581592085967114,0.30826051730986387,0.3184823882813905,-77.24231349641009,0.08520708130101515,38.0079574608211,240,195,45,81.25,1047.2869648045737,-3837.03231201512,6166.996491378999,-17479.888248849886,1.1827483182620822,10.075,39,71,54.929577464788736,26.41612437813945,-23.01728678259971,1.1816418036868515,,0.2753752438177864,3
28,39,0.45,0.30000000000000004,-0.4,10,50,8,20000,29059.233210676102,9059.233210676102,45.29616605338051,6.468810357132582,0.3063754918824418,0.34112743376211735,-75.67563291185118,0.0854807565952915,38.83419380059622,359,244,115,67.96657381615599,919.2708380465182,-1724.518472124839,10872.288650625911,-17022.0627896627,1.1310130567332528,17.39275766016713,35,71,49.29577464788733,33.04263446701159,-26.080384686836567,1.2936786853376998,,0.5559004358119441,57
28,45,0.45,0.30000000000000004,-0.5,5,50,11,20000,28297.859796098677,8297.859796098677,41.48929898049338,5.995602253353405,0.29313275831181584,0.2705019456267561,-56.88966317036497,0.10539001145776938,34.09953870779467,278,191,87,68.70503597122301,528.9039425642645,-995.7070216071943,3915.7221415737845,-10035.97171064593,1.1661632449899446,17.802158273381295,38,71,53.52112676056338,26.480991132290697,-37.59659338355448,1.3052081428351119,,0.6663401335064761,70
28,45,0.45,0.30000000000000004,-0.5,5,60,11,20000,28297.859796098677,8297.859796098677,41.48929898049338,5.995602253353405,0.29313275831181584,0.2705019456267561,-56.88966317036497,0.10539001145776938,34.09953870779467,278,191,87,68.70503597122301,528.9039425642645,-995.7070216071943,3915.7221415737845,-10035.97171064593,1.1661632449899446,17.802158273381295,38,71,53.52112676056338,26.480991132290697,-37.59659338355448,1.3052081428351119,,0.6983042786028801,97
28,42,0.5,0.2,-0.5,5,60,14,20000,28372.599762168556,8372.599762168556,41.86299881084278,6.042520412616237,0.29102859410567417,0.2708582121237573,-64.8089060786353,0.09323595749764083,32.19711961716902,303,201,102,66.33663366336634,534.5415924020505,-910.5761013376713,3757.4590023054466,-7546.667311627121,1.156807620708951,13.184818481848184,34,71,47.88732394366197,23.125805579443327,-36.489778613579325,1.069650419224339,,1.169126358157526,423
28,42,0.5,0.2,-0.5,5,45,14,20000,28372.599762168556,8372.599762168556,41.86299881084278,6.042520412616237,0.29102859410567417,0.2708582121237573,-64.8089060786353,0.09323595749764083,32.19711961716902,303,201,102,66.33663366336634,534.5415924020505,-910.5761013376713,3757.4590023054466,-7546.667311627121,1.156807620708951,13.184818481848184,34,71,47.88732394366197,23.125805579443327,-36.489778613579325,1.069650419224339,,1.09365998551844,161
28,33,0.45,0.5,-0.4,5,60,14,20000,28457.3327630583,8457.3327630583,42.286663815291504,6.0955874764434315,0.28789682821593654,0.3186668811505049,-62.70835891708394,0.0972053420263049,34.40750906762227,308,207,101,67.20779220779221,535.322115370451,-898.18584242752,4336.606855132901,-11123.32815958157,1.2215126021091303,13.88961038961039,39,71,54.929577464788736,20.714818103187717,-27.315717848892906,0.9822952324457367,,0.28789682821593654,1
28,39,0.45,0.1,-0.4,5,55,8,20000,27609.66406956016,7609.66406956016,38.048320347800804,5.558668657931043,0.28237801063965196,0.278825045451318,-82.7345178582773,0.06718681394207118,37.23540460384005,336,288,48,85.71428571428571,939.9541168836299,-4985.058651486507,6697.983156289364,-22010.458107801165,1.131325646413419,9.470238095238095,39,71,54.929577464788736,25.579657590638448,-32.890983527522124,1.1883210187805022,,1.1378147209106364,461
28,39,0.45,0.1,-0.4,5,60,8,20000,27609.66406956016,7609.66406956016,38.048320347800804,5.558668657931043,0.28237801063965196,0.278825045451318,-82.7345178582773,0.06718681394207118,37.23540460384005,336,288,48,85.71428571428571,939.9541168836299,-4985.058651486507,6697.983156289364,-22010.458107801165,1.131325646413419,9.470238095238095,39,71,54.929577464788736,25.579657590638448,-32.890983527522124,1.1883210187805022,,1.1468171946086714,357
28,39,0.45,0.1,-0.4,5,60,8,20000,27609.66406956016,7609.66406956016,38.048320347800804,5.558668657931043,0.28237801063965196,0.278825045451318,-82.7345178582773,0.06718681394207118,37.23540460384005,336,288,48,85.71428571428571,939.9541168836299,-4985.058651486507,6697.983156289364,-22010.458107801165,1.131325646413419,9.470238095238095,39,71,54.929577464788736,25.579657590638448,-32.890983527522124,1.1883210187805022,,1.1468171946086714,357
28,39,0.45,0.1,-0.4,5,50,8,20000,27609.66406956016,7609.66406956016,38.048320347800804,5.558668657931043,0.28237801063965196,0.278825045451318,-82.7345178582773,0.06718681394207118,37.23540460384005,336,288,48,85.71428571428571,939.9541168836299,-4985.058651486507,6697.983156289364,-22010.458107801165,1.131325646413419,9.470238095238095,39,71,54.929577464788736,25.579657590638448,-32.890983527522124,1.1883210187805022,,1.1262563139155644,253
28,39,0.5,0.2,-0.5,10,50,14,20000,27757.323740376603,7757.323740376603,38.78661870188302,5.653174982928921,0.27450110846270237,0.2773737969331673,-61.08956186648455,0.09253913123954506,32.58938607094331,368,242,126,65.76086956521739,500.5036171375107,-809.6239194253557,3615.8295559329263,-9782.041062511134,1.1873225357035915,12.608695652173912,34,71,47.88732394366197,22.093031888648106,-22.896717038633707,0.9555017085385218,,1.1534086005368387,256
21,39,0.45,0.6,-0.4,15,25,5,20000,27740.73962055165,7740.739620551649,38.703698102758246,5.642581567727767,0.272430348892708,0.2635255009836588,-65.47771473921975,0.08617560325983677,33.602254046437494,184,108,76,58.69565217391305,1320.061496584349,-1725.3092369810238,7321.124979288795,-12237.158247269277,1.087269935938948,18.66304347826087,31,71,43.66197183098591,33.28500673976862,-28.951576056205298,1.1676961877490475,,-0.1788847104509365,2
28,39,0.45,0.1,-0.4,10,60,8,20000,26625.94508275037,6625.9450827503715,33.129725413751856,4.918097187280557,0.2661113765835294,0.2623789528517676,-82.75169157043794,0.059431983732855666,37.2625492138208,337,288,49,85.45994065281899,907.9879796454857,-4731.801832875674,6479.273502206446,-21350.968726294013,1.1278464028660204,9.620178041543026,39,71,54.929577464788736,25.57392241178298,-32.89878659876846,1.1691939792155233,,1.1470632444347544,358
28,45,0.5,0.1,-0.3,20,60,2,20000,27624.427183767355,7624.427183767355,38.122135918836776,5.568136363860066,0.2635565441959328,0.18084858410026924,-48.7204841331522,0.1142873775359549,23.10797016263639,92,75,17,81.52173913043478,831.8358746897272,-3076.456671644833,4770.098100739018,-7014.702088232996,1.1928866695466298,11.945652173913043,18,71,25.352112676056336,20.121395432857803,-13.9260236651643,0.6486469094551035,,0.396830702848544,2
28,39,0.45,0.1,-0.3,10,25,2,20000,26779.509203631642,6779.509203631642,33.89754601815821,5.019377698491301,0.26002897986263634,0.22963735704814522,-69.97148624715179,0.07173461602290342,33.69201974857135,314,260,54,82.80254777070064,611.8282496643404,-2550.525966826406,3608.7092923681475,-9066.416466729144,1.1549930323867914,9.194267515923567,39,71,54.929577464788736,25.582608063995306,-34.456446578341414,1.0267021990494645,,0.26002897986263634,1
28,36,0.45,0.30000000000000004,-0.5,5,35,8,20000,25662.113654036468,5662.113654036468,28.31056827018234,4.271079438217962,0.2587610518528237,0.3071861377180144,-78.2811349312615,0.05456077561941823,40.752591705076576,380,258,122,67.89473684210526,859.9447462423494,-1618.5517816954703,8574.959604017864,-18724.58826683827,1.1235795462624787,17.757894736842104,35,71,49.29577464788733,38.347916054788065,-23.442546752075454,1.0858009034696292,,0.4450292752212726,2
28,36,0.45,0.30000000000000004,-0.4,5,60,8,20000,25228.266072581606,5228.266072581606,26.14133036290803,3.973217206801949,0.25148094397016046,0.2855621174109548,-77.57967979514898,0.05121466365024095,40.5046268182579,376,249,127,66.22340425531915,870.9462198428558,-1525.137798233325,10104.137822049082,-16010.851138791651,1.1196386453801708,17.30851063829787,34,71,47.88732394366197,32.14077999641744,-26.432533620864962,1.089817405527775,,0.5117293197168362,24
21,36,0.45,0.1,-0.5,15,35,8,20000,26590.748449467836,6590.748449467836,32.95374224733918,4.894815410655529,0.24059540446880642,0.20975759071232158,-62.96360534800335,0.07774039278090274,27.3113809270364,204,151,53,74.01960784313727,750.4153940817363,-1888.0372840919629,2973.8064399165546,-12553.216581434734,1.1323801452947317,9.372549019607844,35,71,49.29577464788733,22.312824632572582,-24.703619568663992,0.8183557220848838,,0.41156749900416767,2
14,39,0.55,0.2,-0.3,15,30,2,20000,25773.88763715078,5773.8876371507795,28.8694381857539,4.347139563228608,0.23632160368385308,0.22382243176225616,-47.20033325105626,0.0920997642136632,33.889453536291455,144,88,56,61.111111111111114,1278.9525108698874,-1862.779166417845,3447.4561588421184,-6421.81761204227,1.078916144926667,11.465277777777779,31,71,43.66197183098591,31.744596677329096,-20.546496251913414,0.8120027313136083,,0.23632160368385308,1
14,39,0.5,0.2,-0.19999999999999996,5,35,5,20000,25863.18699275961,5863.186992759609,29.315934963798046,4.407709105951985,0.23177697112817913,0.22255985663260294,-59.229860545185545,0.07441700968702115,31.042320665544597,235,142,93,60.42553191489362,992.0545046607297,-1395.262593078251,3765.0749745194667,-6970.564757607098,1.0856378550900208,10.821276595744681,35,71,49.29577464788733,21.439023505997422,-21.271433027639087,0.8071411833208152,,0.28241708223549417,3
14,45,0.45,0.30000000000000004,-0.19999999999999996,20,35,5,20000,25814.91865308624,5814.918653086239,29.074593265431194,4.3749915377298665,0.22672559643025675,0.1307216944540938,-40.9707844637535,0.10678320161529696,15.368846187000775,84,54,30,64.28571428571429,808.1477241435151,-1230.8052816887869,3058.5520228215887,-4060.26849005604,1.1818814276311695,11.869047619047619,19,71,26.76056338028169,24.24872418503856,-16.239130478353758,0.5631565675060562,,0.22672559643025675,1
21,42,0.5,0.2,-0.19999999999999996,5,35,14,20000,25729.958665173333,5729.958665173333,28.649793325866668,4.317279516172023,0.2141216080716909,0.19589833718747948,-48.84330760116941,0.08839040040909635,22.761533860660744,271,177,94,65.31365313653137,475.7914153539071,-761.8896125574857,2171.638637086662,-4950.131648917418,1.1758988403614787,7.372693726937269,39,71,54.929577464788736,15.549701838243092,-26.880128159643803,0.5813837715658261,,-0.023324997914359862,3
14,42,0.5,0.2,-0.19999999999999996,5,25,2,20000,24882.274980751496,4882.274980751496,24.411374903757476,3.7326027007853035,0.20759150781530913,0.19108074860888935,-53.60462902774691,0.06963209649027191,30.010052137722067,192,114,78,59.375,986.2796004944084,-1334.1952548410122,3295.5483067374917,-4833.4317040305905,1.0804157522844278,11.34375,32,71,45.07042253521127,23.246418257525914,-18.819965813566675,0.6587284640330956,,0.20759150781530913,1
28,45,0.5,0.1,-0.4,5,50,11,20000,24102.17973996722,4102.179739967221,20.51089869983611,3.17970857518739,0.206496019770539,0.1850273697102166,-68.24875957887595,0.04658998339028508,32.29662877446389,241,185,56,76.76348547717843,474.63598696001657,-1396.919552630365,2103.3464655514335,-7458.579201680133,1.1224654150916695,11.887966804979254,40,71,56.33802816901409,19.72474126696524,-36.38661276516666,0.955948822831418,,1.2717703646659826,290
28,45,0.5,0.1,-0.4,5,60,11,20000,24102.17973996722,4102.179739967221,20.51089869983611,3.17970857518739,0.206496019770539,0.1850273697102166,-68.24875957887595,0.04658998339028508,32.29662877446389,241,185,56,76.76348547717843,474.63598696001657,-1396.919552630365,2103.3464655514335,-7458.579201680133,1.1224654150916695,11.887966804979254,40,71,56.33802816901409,19.72474126696524,-36.38661276516666,0.955948822831418,,1.2818478947294047,401
28,45,0.45,0.4,-0.4,5,60,8,20000,22676.069164796238,2676.0691647962376,13.380345823981187,2.1292508874166893,0.1985408687051425,0.18859502701384961,-61.716696639002386,0.03450040270092958,37.21802964680771,284,188,96,66.19718309859155,531.5409928679583,-959.0859075103263,4056.2375214362155,-7295.1890212121025,1.0853401517165038,19.633802816901408,37,71,52.112676056338024,30.73562075904952,-36.94188532561821,1.1885759832737295,,0.4278921354918954,7
28,45,0.5,0.2,-0.3,5,45,14,20000,22914.553240389934,2914.553240389934,14.572766201949673,2.3086745786056406,0.17763957489579404,0.15738958281781382,-61.5618490406738,0.037501709493493345,31.601719433069903,255,164,91,64.31372549019608,486.5995051688554,-795.1331050951158,2683.899287361033,-7054.823617955449,1.1028952928088014,13.24313725490196,33,71,46.478873239436616,23.19739353942318,-36.89104865157311,0.7277379757876635,,0.992974914755325,25
28,45,0.5,0.2,-0.3,5,60,14,20000,22914.553240389934,2914.553240389934,14.572766201949673,2.3086745786056406,0.17763957489579404,0.15738958281781382,-61.5618490406738,0.037501709493493345,31.601719433069903,255,164,91,64.31372549019608,486.5995051688554,-795.1331050951158,2683.899287361033,-7054.823617955449,1.1028952928088014,13.24313725490196,33,71,46.478873239436616,23.19739353942318,-36.89104865157311,0.7277379757876635,,0.9955859664032207,70
21,45,0.45,0.5,-0.4,20,35,8,20000,24535.476061449783,4535.476061449783,22.677380307248914,3.4886157955729136,0.170185119695209,0.11108337797838734,-48.536320214834475,0.07187639648270379,17.00835718784969,98,64,34,65.3061224489796,655.4500449142577,-1061.0478474430215,3226.974675299539,-6660.696434926349,1.162801774502311,13.989795918367347,21,71,29.577464788732392,21.56920404592022,-24.92598334384907,0.5554846347304906,,0.170185119695209,1
28,39,0.5,0.1,-0.5,5,50,14,20000,22342.423324867457,2342.4233248674573,11.712116624337286,1.8755782931166198,0.1612141987495306,0.1667404092552219,-63.581405228039344,0.02949884933165163,32.29781101431731,310,224,86,72.25806451612902,563.2101364388869,-1288.9999122859783,2968.2182921837457,-11277.49353590405,1.1380651951864467,9.970967741935484,38,71,53.52112676056338,19.903604542682874,-25.304996549440407,0.5869547980113996,,1.1729758621128203,249
28,39,0.5,0.1,-0.5,5,60,14,20000,22342.423324867457,2342.4233248674573,11.712116624337286,1.8755782931166198,0.1612141987495306,0.1667404092552219,-63.581405228039344,0.02949884933165163,32.29781101431731,310,224,86,72.25806451612902,563.2101364388869,-1288.9999122859783,2968.2182921837457,-11277.49353590405,1.1380651951864467,9.970967741935484,38,71,53.52112676056338,19.903604542682874,-25.304996549440407,0.5869547980113996,,1.201551860046143,345
28,45,0.5,0.1,-0.5,5,50,8,20000,22145.240911203407,2145.2409112034074,10.726204556017036,1.7241736511110162,0.1536003855417113,0.16532926899298497,-59.06241622411802,0.02919239952135506,32.29769232678786,258,207,51,80.23255813953489,534.8410974120792,-2008.0497928949471,2408.596879223475,-8904.301285123594,1.0810616541250901,12.337209302325581,37,71,52.112676056338024,19.838841041073874,-19.319297246387812,0.7925567559198966,,1.278693196216781,239
28,45,0.5,0.1,-0.5,5,60,8,20000,22145.240911203407,2145.2409112034074,10.726204556017036,1.7241736511110162,0.1536003855417113,0.16532926899298497,-59.06241622411802,0.02919239952135506,32.29769232678786,258,207,51,80.23255813953489,534.8410974120792,-2008.0497928949471,2408.596879223475,-8904.301285123594,1.0810616541250901,12.337209302325581,37,71,52.112676056338024,19.838841041073874,-19.319297246387812,0.7925567559198966,,1.2948002471373024,339
21,42,0.5,0.1,-0.5,5,55,8,20000,22555.488810407754,2555.4888104077545,12.777444052038772,2.03793369365457,0.1449886899466411,0.14959767756074047,-57.239705353949056,0.035603497276108356,28.50980173331614,210,147,63,70.0,597.9361046153091,-1280.638990856936,2088.1457464701703,-6963.440622589224,1.089443827701048,10.452380952380953,40,71,56.33802816901409,19.1455994854963,-20.441219491600393,0.41235974771125367,,1.118438812795656,556
28,39,0.45,0.30000000000000004,-0.5,5,55,11,20000,20166.591109554487,166.59110955448705,0.8329555477724352,0.13926827019032917,0.1444393058198766,0.1548223951403422,-66.8257118048641,0.0020840521773565625,37.871600512464916,307,212,95,69.05537459283387,465.97602093682303,-935.7350289017121,3871.068000026853,-8996.866911134985,1.1112785630368296,16.97068403908795,34,71,47.88732394366197,37.72255682212937,-27.653423218726438,1.0301482962057362,,0.6602767600650714,129
21,39,0.5,0.1,-0.3,20,50,14,20000,23899.787320627423,3899.7873206274235,19.498936603137118,3.0338320212119685,0.14163273476769003,0.08735905160778516,-30.32768744798403,0.10003505959415432,14.670432122740836,113,83,30,73.45132743362832,415.0478464387529,-942.039464459637,1486.288015647159,-4102.5137627871445,1.2189500388633492,7.097345132743363,17,71,23.943661971830984,18.144590787312296,-19.636597533073974,0.387443745867393,,0.14163273476769003,1
14,39,0.5,0.1,-0.5,20,40,2,20000,22993.339019875282,2993.3390198752822,14.966695099376413,2.3676076430810378,0.1266707051742288,0.08515739210014883,-54.75676601811692,0.04323863177561814,22.21266781644936,76,56,20,73.68421052631578,1128.1748342853152,-2933.042585005119,3189.26921780134,-7886.066565040851,1.077000910981785,9.486842105263158,15,71,21.12676056338028,23.81280622873043,-18.762808753145954,0.4480647090714737,,0.1266707051742288,1
14,42,0.5,0.1,-0.19999999999999996,5,55,2,20000,21147.35877369966,1147.3587736996597,5.736793868498298,0.9402954802410823,0.12105141538573429,0.10920097576845521,-54.892213173688056,0.017129851865615834,30.62399267274912,203,144,59,70.93596059113301,862.3029052350638,-2018.7502555506574,2846.155355818743,-5854.741990591307,1.0425280170868003,8.798029556650246,33,71,46.478873239436616,24.63876818556261,-17.344719596652237,0.40151649532069367,,0.1949081524098165,3
28,42,0.45,0.4,-0.19999999999999996,15,25,8,20000,21645.32046949349,1645.3204694934902,8.226602347467452,1.335224862551465,0.11617773536407931,0.10432613496271757,-58.07208264857162,0.022992543088762585,27.706041241234225,196,124,72,63.26530612244898,611.4617576079044,-986.292187137313,3523.1164178058943,-4559.274135864718,1.0677089819071846,18.1734693877551,30,71,42.25352112676056,28.442598521509453,-22.424745962216754,0.6130648236305603,,0.11617773536407931,1
14,45,0.55,0.5,-0.4,5,50,8,20000,22751.455293110434,2751.4552931104336,13.757276465552168,2.186136762072133,0.10792479281466537,0.10594574101803513,-44.18878982133067,0.049472655189503466,19.75353838248316,226,134,92,59.29203539823009,555.5025683328514,-741.6379257733662,2395.9362759225082,-5156.304277000085,1.0909657378644328,6.907079646017699,37,71,52.112676056338024,16.898960737889325,-24.147338229008874,0.40645598172261727,,-0.08514700710436271,2
21,33,0.45,0.2,-0.3,5,25,8,20000,20708.151968597875,708.1519685978747,3.540759842989373,0.5854877014389803,0.1037339343508962,0.09939743427795991,-63.20525156443253,0.00926327618270966,29.72946760805138,270,170,100,62.96296296296296,585.0449323259279,-918.3630892289638,3661.1108190452146,-7738.35329673783,1.0829881956483034,12.325925925925926,35,71,49.29577464788733,18.10691718286026,-20.1322142023159,0.4698512598934509,,0.1037339343508962,1
28,42,0.45,0.5,-0.1,10,60,14,20000,20536.686805386726,536.6868053867256,2.683434026933628,0.4452703250364731,0.10365042762613971,0.09089363373720266,-62.16463608947325,0.007162759296066622,30.240517125846942,345,209,136,60.57971014492753,494.0499662841501,-716.1976347403034,3934.277491277127,-4506.783709344586,1.060096423528614,12.440579710144927,34,71,47.88732394366197,24.805741815269844,-26.54900927896605,0.6325202381236548,,-0.40791096569370117,2
14,42,0.55,0.6,-0.1,10,60,2,20000,20113.632125818833,113.63212581883272,0.5681606290941635,0.09509930286637491,0.10133253196242417,0.08957605491502221,-68.4788522025626,0.0013887397321594728,31.642591486896492,224,116,108,51.78571428571429,1176.6544627240096,-1238.8038038830282,5299.434151319609,-5658.891280920242,1.0201890312202748,10.790178571428571,34,71,47.88732394366197,31.614201263926045,-17.696469660773328,0.37127678253062407,,0.10133253196242417,1
14,30,0.5,0.4,-0.5,10,60,5,20000,18090.22100696088,-1909.778993039119,-9.548894965195595,-1.6697186901308392,0.09990905346510387,0.10845658993909998,-58.920853089981826,0.028338331890424336,38.8773909571565,223,126,97,56.502242152466366,1016.4930631371508,-1290.3700473494036,4568.901004341762,-7516.830497877146,1.0232669719803547,12.282511210762332,33,71,46.478873239436616,36.8272577442124,-19.194063917859662,0.5224816917726509,,0.02584513970710964,2
28,36,0.5,0.1,-0.5,5,60,14,20000,18944.615355876424,-1055.3846441235764,-5.276923220617882,-0.9054338378618354,0.09887514677734403,0.10791674402872563,-69.46781328480404,0.013033861223610697,35.47213434542825,313,225,88,71.8849840255591,589.990531058951,-1318.8540774111452,3121.807842667542,-9515.385170919042,1.1437948615765052,9.878594249201278,34,71,47.88732394366197,22.426962599409972,-27.273256013486037,0.4361260686979929,,0.6035840428121905,84
14,45,0.5,0.30000000000000004,-0.19999999999999996,10,60,8,20000,22191.06317346097,2191.0631734609706,10.955315867304853,1.7594576075413704,0.09141530900781192,0.08218380223238478,-57.807619558640134,0.030436430715791263,20.441904543069114,245,150,95,61.224489795918366,590.2802444767613,-863.4559460318912,3241.5608438951576,-4620.753906021394,1.0794082117689119,6.840816326530613,37,71,52.112676056338024,17.756750592394255,-19.980092798804595,0.36150369173859914,,0.03737404409809997,3
14,42,0.5,0.6,-0.19999999999999996,15,45,5,20000,20786.32747520793,786.3274752079305,3.9316373760396526,0.6490960486226882,0.07747665090212258,0.06168856130053245,-54.04373245754341,0.012010570312341325,25.58003764110706,147,87,60,59.183673469387756,939.7650670200179,-1317.5305559255607,3983.021413604773,-4038.189377356423,1.0342525575976205,11.755102040816327,32,71,45.07042253521127,21.06425883681937,-19.608457770477685,0.4175748246966297,,-0.39795604470250695,3
14,39,0.5,0.5,-0.5,20,50,8,20000,22475.43857037808,2475.438570378079,12.377192851890396,1.9770858851218431,0.06743990753212652,0.04058446899765183,-35.19656940902801,0.05617268723396422,13.90810163947584,94,47,47,50.0,606.6496539550899,-523.3615992661948,2017.9708507916182,-3886.417693189259,1.159140553693036,6.904255319148936,17,71,23.943661971830984,19.048387276006416,-21.595024805348185,0.3097516461790349,,-0.023205157439137328,2
14,36,0.5,0.6,-0.5,10,45,8,20000,21065.89548511171,1065.8954851117087,5.329477425558544,0.8749526091892168,0.06563789137722607,0.06396345560448521,-56.38790017950086,0.015516673016799005,22.79346681741005,247,146,101,59.10931174089069,611.3100938952736,-819.869302245541,3324.421487981633,-4946.349791331783,1.0778254227761164,6.939271255060729,37,71,52.112676056338024,19.340974884507144,-22.396396789431915,0.31521665370998303,,-0.13716286771323982,2
14,36,0.55,0.4,-0.3,10,35,5,20000,17612.82491571399,-2387.175084286009,-11.935875421430046,-2.109942346017779,0.06337227780236859,0.0660511640633117,-71.3757685921517,0.029561045542979735,35.67222460519303,227,125,102,55.06607929515418,1169.5042028268454,-1417.9081779545515,5443.351829750713,-6972.396033556039,1.010796014241452,12.026431718061675,34,71,47.88732394366197,31.819020820526678,-20.636992921874874,0.3969322304809383,,-0.2416058049767836,2
28,42,0.5,0.2,-0.4,10,50,11,20000,18045.77445998747,-1954.2255400125287,-9.771127700062642,-1.7102934996099273,0.057353274558265624,0.058118187055344064,-64.08059401945063,0.026689726051709124,33.230554705532526,259,171,88,66.02316602316603,501.05168113755553,-927.606623095453,3297.361981614983,-8108.489297715313,1.0496200571605259,16.10810810810811,37,71,52.112676056338024,18.424146708689392,-22.23298616996402,0.34032743280129163,,1.0971294631789656,380
14,42,0.55,0.2,-0.3,10,25,8,20000,21564.22371335636,1564.2237133563613,7.821118566781807,1.271426636873474,0.05671808212791368,0.05147071757504159,-49.85491525212824,0.025502533309776282,18.948428915194736,206,118,88,57.28155339805825,604.287259478998,-754.6401783363053,2536.8737039179496,-5614.359090834557,1.0737491893717082,6.737864077669903,35,71,49.29577464788733,17.461581292174678,-13.281165174658582,0.2579030984802591,,-0.14132620546668512,2
28,42,0.45,0.5,-0.4,20,60,11,20000,21052.273706517244,1052.2737065172441,5.2613685325862205,0.8640058710470244,0.04969653140330227,0.035609214744055574,-59.10942055607595,0.014617058717863068,20.72828879957191,111,74,37,66.66666666666666,639.8123100854585,-1202.3469524272068,3386.2746144030384,-6875.549296655232,1.0642723529907139,18.693693693693692,20,71,28.169014084507044,23.79825976914647,-20.673220452758777,0.37907956898535816,,0.010529659020547224,2
28,42,0.5,0.1,-0.5,5,60,8,20000,17387.673767140306,-2612.326232859694,-13.06163116429847,-2.321017186469476,0.04372364925578279,0.04661971595877379,-65.42147718634281,0.03547790857516749,34.0215538552555,266,218,48,81.95488721804512,474.213658034162,-2073.0295866420406,2254.856652890062,-8791.623094175116,1.0389240835971298,11.947368421052632,36,71,50.70422535211267,19.984730076287917,-19.307550495436953,0.245353269203771,,1.1282489224044925,428
28,42,0.5,0.1,-0.5,5,50,8,20000,17387.673767140306,-2612.326232859694,-13.06163116429847,-2.321017186469476,0.04372364925578279,0.04661971595877379,-65.42147718634281,0.03547790857516749,34.0215538552555,266,218,48,81.95488721804512,474.213658034162,-2073.0295866420406,2254.856652890062,-8791.623094175116,1.0389240835971298,11.947368421052632,36,71,50.70422535211267,19.984730076287917,-19.307550495436953,0.245353269203771,,1.1156374612965854,302
28,42,0.5,0.1,-0.5,5,60,8,20000,17387.673767140306,-2612.326232859694,-13.06163116429847,-2.321017186469476,0.04372364925578279,0.04661971595877379,-65.42147718634281,0.03547790857516749,34.0215538552555,266,218,48,81.95488721804512,474.213658034162,-2073.0295866420406,2254.856652890062,-8791.623094175116,1.0389240835971298,11.947368421052632,36,71,50.70422535211267,19.984730076287917,-19.307550495436953,0.245353269203771,,1.1282489224044925,428
14,42,0.55,0.1,-0.5,10,40,2,20000,17824.30857720887,-2175.6914227911293,-10.878457113955646,-1.9137159164616113,0.03371840920682381,0.036197107549585286,-40.527635233253214,0.04722002419947251,31.55382519601133,165,110,55,66.66666666666666,712.3096530403885,-1417.7059479926882,2299.7558533186666,-4258.195544318789,1.0048764400670516,10.23030303030303,35,71,49.29577464788733,19.425708796985376,-20.895480244625762,0.19769501306532056,,0.03371840920682381,1
14,39,0.55,0.1,-0.5,5,25,2,20000,17574.097552199757,-2425.902447800243,-12.129512239001215,-2.146087977630373,0.03274018563889934,0.033240723770826194,-56.35465212839876,0.03808182459791809,32.3061915327973,164,116,48,70.73170731707317,523.8580627715711,-1268.9148252430505,1837.00926222241,-4002.8430557423408,0.9976952693591075,9.536585365853659,33,71,46.478873239436616,24.673729329649063,-23.76687146689599,0.5148983913226364,,0.03274018563889934,1
21,39,0.5,0.1,-0.4,5,60,8,20000,17543.82206642925,-2456.1779335707506,-12.280889667853753,-2.174391365839945,0.03128247637272319,0.031741665506453506,-58.93337190674585,0.03689575694532849,31.966590698319536,245,174,71,71.0204081632653,500.6210441303832,-1179.5120982001908,2000.3071917971497,-6082.481385574383,1.0401538992457942,10.13469387755102,37,71,52.112676056338024,20.01755399256153,-24.00581289605075,0.11153895613086422,,1.1449831926915677,358
28,42,0.5,0.1,-0.5,10,55,8,20000,16758.97271834499,-3241.0272816550096,-16.20513640827505,-2.922697658762974,0.02482042808661693,0.026469299589857734,-66.10867590567338,0.04421050064492595,33.94153100482238,251,201,50,80.0796812749004,502.09037389363647,-1957.670446453701,2203.6099107789237,-8991.432709951823,1.031023023670166,11.880478087649402,36,71,50.70422535211267,19.688431131300877,-19.564040815269568,0.2239713579715188,,1.1189377087718257,557
28,33,0.45,0.2,-0.3,10,45,2,20000,13446.34891691532,-6553.65108308468,-32.768255415423404,-6.444124367211623,0.01871815170187794,0.01788026019258448,-80.96726329766632,0.07958925749436019,42.7961806638555,266,195,71,73.30827067669173,815.155477262669,-2168.8995654234964,4003.02171243037,-10644.58271766826,1.032231889571237,13.61654135338346,34,71,47.88732394366197,26.396122831585235,-31.736706153071736,0.22796354917074985,,0.01871815170187794,1
14,36,0.55,0.6,-0.5,15,60,2,20000,16430.06276756592,-3569.93723243408,-17.8496861621704,-3.244992221771237,0.0166549687776349,0.015813769339469076,-62.515310977815744,0.051907159558444146,34.123826958334305,158,91,67,57.59493670886076,799.2446969707538,-1113.4060396533246,3286.8415182693825,-5087.663993138894,0.974973429440776,13.183544303797468,30,71,42.25352112676056,32.623392467313025,-19.180718619348458,0.23923243482601309,,-0.04377557854420279,2
14,36,0.5,0.6,-0.3,5,60,8,20000,19332.42510957169,-667.57489042831,-3.33787445214155,-0.5679568592721784,0.006342165828373891,0.005963016880373771,-60.591842797553,0.009373487140336907,23.144097315379824,254,154,100,60.629921259842526,592.0576360947874,-864.4758297892888,3324.421487981633,-4946.349791331783,1.0547070585052807,6.8700787401574805,37,71,52.112676056338024,19.068431721269597,-22.650017947141286,0.17190231709091355,,0.006342165828373891,1
28,39,0.5,0.1,-0.4,10,50,11,20000,14616.41107274422,-5383.58892725578,-26.9179446362789,-5.12524393696121,-0.0202168037483817,-0.020329618987967753,-64.76932126680543,0.07913073406850599,35.66971704463482,271,211,60,77.85977859778598,441.339262730395,-1438.0321154979918,1832.1960755729779,-7145.912580079885,1.079282623251949,10.756457564575646,35,71,49.29577464788733,19.475213829679873,-25.40192253084119,0.061165098333031284,,1.1329296475645094,301
28,39,0.5,0.1,-0.4,5,55,11,20000,14551.701680182534,-5448.298319817466,-27.241491599087333,-5.195844691390683,-0.022301263651230686,-0.022420583811832335,-64.89045884893847,0.08007101172587379,35.66728454439498,271,211,60,77.85977859778598,446.2405828225168,-1453.616914364649,1832.1960755729779,-7145.912580079885,1.0795687415427164,10.966789667896679,34,71,47.88732394366197,19.415889557499998,-25.145636438488804,0.027543484402190198,,1.141328245723837,541
28,45,0.5,0.2,-0.5,10,40,11,20000,15842.072214319878,-4157.927785680122,-20.78963892840061,-3.834782662729619,-0.02258642046994702,-0.02369838508083639,-63.17618101624524,0.06069981757434081,31.968678857314625,243,161,82,66.2551440329218,464.3409025128101,-897.907683865662,2837.264960924521,-7073.363004389954,1.0153535152983184,16.46502057613169,37,71,52.112676056338024,19.29683351203979,-23.266712882818176,0.15166667302052478,,1.0467654398193753,30
28,45,0.5,0.2,-0.5,10,55,11,20000,15842.072214319878,-4157.927785680122,-20.78963892840061,-3.834782662729619,-0.02258642046994702,-0.02369838508083639,-63.17618101624524,0.06069981757434081,31.968678857314625,243,161,82,66.2551440329218,464.3409025128101,-897.907683865662,2837.264960924521,-7073.363004389954,1.0153535152983184,16.46502057613169,37,71,52.112676056338024,19.29683351203979,-23.266712882818176,0.15166667302052478,,1.2656101629491028,530
21,45,0.55,0.6,-0.4,5,60,14,20000,18774.189804802478,-1225.8101951975223,-6.129050975987611,-1.0555615945527563,-0.0261147279101184,-0.026578537697340414,-42.95772629094433,0.023565832103488706,22.00213859955561,239,147,92,61.50627615062761,369.5202295990386,-554.4063607233046,1595.395490335316,-3008.6716608611596,1.0649752678544413,7.489539748953975,39,71,54.929577464788736,12.738770515066932,-17.338233687549433,0.2291099372231749,,-0.0261147279101184,1
21,45,0.5,0.5,-0.3,15,60,11,20000,18404.367782626025,-1595.6322173739754,-7.978161086869877,-1.3852790438575124,-0.02863721336220782,-0.024759193647431923,-60.95295322554015,0.022727020932548695,23.203938109584314,161,98,63,60.86956521739131,495.37198195098637,-763.3854991836615,2179.5971147559026,-3525.0793439950885,1.0094226827919235,12.956521739130435,32,71,45.07042253521127,18.36995744723142,-25.698896492373514,0.21621309881930578,,-0.08259873623405398,4
21,33,0.5,0.2,-0.5,20,45,14,20000,20278.531594769534,278.5315947695344,1.392657973847672,0.2323123698307894,-0.033608963458949634,-0.02345307016365589,-39.004619523471014,0.0059560219448108066,15.733188513026775,108,63,45,58.333333333333336,523.7837186534928,-663.4653928977901,1756.2497106563003,-3703.198101448832,1.1052531359806095,7.7407407407407405,17,71,23.943661971830984,16.774654277226198,-15.214451053905787,0.14206634895630105,,-0.033608963458949634,1
21,45,0.55,0.6,-0.4,20,55,14,20000,20851.45878841613,851.4587884161301,4.257293942080651,0.7019389946714361,-0.042155486092100646,-0.033266651913518956,-39.11388065896756,0.017946033041099027,12.465937663393902,90,56,34,62.22222222222222,499.8497795787365,-746.0479078821525,1975.0331806412205,-3559.1119200725016,1.1035242927380975,7.488888888888889,17,71,23.943661971830984,12.553154043941262,-10.972011523681113,0.13441559449519408,,-0.4425218614559174,3
14,30,0.55,0.5,-0.5,5,60,2,20000,10146.915675521632,-9853.084324478368,-49.26542162239184,-10.760525269919686,-0.04821877405088459,-0.05439101874237598,-72.37300931764575,0.14868146801374044,47.09532291264705,215,115,100,53.48837209302325,1189.2072142138882,-1423.471641534147,4315.397406010756,-7223.848254213931,0.96074151141645,12.865116279069767,29,71,40.845070422535215,36.21585990430569,-24.435846689864572,-0.03792559630457915,,0.02584513970710964,2
28,39,0.5,0.1,-0.5,5,55,11,20000,13597.14036555458,-6402.85963444542,-32.0142981722271,-6.268915326780345,-0.0546637490578695,-0.05546298913994896,-64.53995805110247,0.09713231176593953,35.656088202188215,259,203,56,78.37837837837837,427.5144039323002,-1462.8713662116727,1727.4991569688077,-6687.841260843994,1.0593820824231965,11.057915057915057,35,71,49.29577464788733,19.666214056152143,-25.045706054740513,-0.016158958065344425,,1.141328245723837,541
28,39,0.5,0.1,-0.5,5,60,11,20000,13597.14036555458,-6402.85963444542,-32.0142981722271,-6.268915326780345,-0.0546637490578695,-0.05546298913994896,-64.53995805110247,0.09713231176593953,35.656088202188215,259,203,56,78.37837837837837,427.5144039323002,-1462.8713662116727,1727.4991569688077,-6687.841260843994,1.0593820824231965,11.057915057915057,35,71,49.29577464788733,19.666214056152143,-25.045706054740513,-0.016158958065344425,,1.1497939460415079,417
28,39,0.5,0.1,-0.5,5,50,11,20000,13597.14036555458,-6402.85963444542,-32.0142981722271,-6.268915326780345,-0.0546637490578695,-0.05546298913994896,-64.53995805110247,0.09713231176593953,35.656088202188215,259,203,56,78.37837837837837,427.5144039323002,-1462.8713662116727,1727.4991569688077,-6687.841260843994,1.0593820824231965,11.057915057915057,35,71,49.29577464788733,19.666214056152143,-25.045706054740513,-0.016158958065344425,,1.1345338618981868,300
28,39,0.5,0.1,-0.5,5,60,11,20000,13597.14036555458,-6402.85963444542,-32.0142981722271,-6.268915326780345,-0.0546637490578695,-0.05546298913994896,-64.53995805110247,0.09713231176593953,35.656088202188215,259,203,56,78.37837837837837,427.5144039323002,-1462.8713662116727,1727.4991569688077,-6687.841260843994,1.0593820824231965,11.057915057915057,35,71,49.29577464788733,19.666214056152143,-25.045706054740513,-0.016158958065344425,,1.1497939460415079,417
28,39,0.5,0.1,-0.5,5,50,11,20000,13597.14036555458,-6402.85963444542,-32.0142981722271,-6.268915326780345,-0.0546637490578695,-0.05546298913994896,-64.53995805110247,0.09713231176593953,35.656088202188215,259,203,56,78.37837837837837,427.5144039323002,-1462.8713662116727,1727.4991569688077,-6687.841260843994,1.0593820824231965,11.057915057915057,35,71,49.29577464788733,19.666214056152143,-25.045706054740513,-0.016158958065344425,,1.1345338618981868,300
21,33,0.45,0.5,-0.19999999999999996,5,25,5,20000,11706.326288910837,-8293.673711089163,-41.468368555445814,-8.59421961236615,-0.05539867166971732,-0.05640583840467706,-65.25659700855046,0.1316988627408822,41.59221079796156,200,101,99,50.5,855.5266364552522,-908.5246182877453,5000.636039546438,-3958.079209039928,0.9606894356844535,15.815,33,71,46.478873239436616,39.66867325901824,-27.56351892817699,0.375627986474309,,-0.05539867166971732,1
28,39,0.5,0.1,-0.5,10,60,11,20000,13322.420952912866,-6677.579047087134,-33.38789523543567,-6.589348364222236,-0.06558621426317766,-0.06663877683040123,-64.26783446194776,0.10252949114262926,35.54846819328774,261,200,61,76.62835249042146,419.198309344865,-1305.6075397218438,1676.9520607986506,-6504.612733149639,1.052705843495223,11.153256704980842,35,71,49.29577464788733,19.54324661188003,-25.089543157129757,-0.015388897214356155,,1.1499975562958258,418
14,45,0.45,0.1,-0.1,15,25,8,20000,19407.263798141663,-592.7362018583372,-2.963681009291686,-0.5034808250986678,-0.06559710942066929,-0.041365674917558146,-42.26920086488533,0.011911292733166596,16.627527494968238,151,105,46,69.5364238410596,432.0857879953984,-952.8487813342435,1235.8881165523442,-2705.5169966407097,1.0350884592253538,5.986754966887418,29,71,40.845070422535215,13.829707702608008,-14.573476001059827,0.12101413911243111,,-0.06559710942066929,1
14,30,0.5,0.30000000000000004,-0.1,15,40,5,20000,13865.586306314446,-6134.413693685554,-30.67206846842777,-5.960962832333605,-0.08731557545624903,-0.06697972009991836,-49.65201076824825,0.12005481228457227,32.3189349838763,155,72,83,46.45161290322581,836.4423804165402,-770.5369287189941,2618.6345788475624,-2820.6230264308074,0.9416661861619348,9.109677419354838,25,71,35.2112676056338,21.570662328994338,-23.035498393202726,-0.09427833258215589,,-0.08731557545624903,1
21,33,0.45,0.6,-0.5,15,40,2,20000,9741.656691911634,-10258.343308088366,-51.29171654044183,-11.368692044529727,-0.09679228015605659,-0.10045210729172782,-86.40628374596044,0.13157251477166118,44.247806420891614,174,102,72,58.620689655172406,1159.9443670552885,-1730.39123260733,9007.625774074006,-8385.775908485863,0.9496433459842248,19.28735632183908,29,71,40.845070422535215,49.62873553601834,-26.690303620751934,0.22462991600564408,,-0.09679228015605659,1
14,30,0.5,0.30000000000000004,-0.3,5,55,2,20000,9843.448807503952,-10156.551192496048,-50.782755962480245,-11.2139819457869,-0.09744187135946727,-0.09831977132873396,-64.97535961928378,0.17258822438989235,43.657795339701465,218,122,96,55.96330275229357,752.0796077983136,-1019.5645925352384,2959.669968556092,-4276.043589832981,0.9374274488424073,11.793577981651376,28,71,39.436619718309856,30.123731207944004,-23.113595984378932,-0.2713501488154298,,0.23789131703093197,2
28,39,0.45,0.6,-0.3,15,40,11,20000,13398.234291626197,-6601.765708373803,-33.008828541869015,-6.500374297419443,-0.09770327818505155,-0.0950908874920665,-67.38123073892157,0.09647158750492542,32.94731349305415,199,125,74,62.8140703517588,454.71146220281355,-798.5256551854812,2954.391141387166,-3794.733475071737,0.9618898042480409,18.236180904522612,29,71,40.845070422535215,22.005147638619583,-29.341608937565677,0.024864122677637147,,-0.10083631358275916,2
21,42,0.5,0.6,-0.4,10,40,11,20000,15149.112432967775,-4850.887567032225,-24.254437835161124,-4.553722211179856,-0.10396934898046678,-0.10306308461524843,-54.11051651606552,0.08415595533684929,27.40927478920482,239,142,97,59.41422594142259,393.9887886515636,-595.6114649002636,1643.887870627581,-3208.4409188891727,0.968361300368448,13.0,35,71,49.29577464788733,15.989065182271368,-23.237333764472368,-0.07053641227223933,,-0.07961550068437741,6
21,39,0.5,0.5,-0.5,10,55,2,20000,9510.346584386149,-10489.653415613851,-52.44826707806926,-11.725317338188834,-0.10420612586604047,-0.12346600229543743,-77.75387065358156,0.15080043269394117,44.43216780100763,238,122,116,51.26050420168067,817.5142827012737,-917.0501903773173,4851.363042014044,-5688.659057500677,0.9375708257217017,19.529411764705884,27,71,38.028169014084504,44.395491931905795,-31.50718177538051,-0.35077296004740105,,-0.04377557854420279,2
28,36,0.45,0.30000000000000004,-0.4,20,50,8,20000,15196.351430387735,-4803.648569612265,-24.018242848061327,-4.503852106973749,-0.10715954295729402,-0.07960182667018643,-68.83133775207429,0.06543316248183803,27.073662244380614,116,83,33,71.55172413793103,577.2665154696152,-1505.7687682906176,3287.21067397023,-8631.315202842965,0.9642335407699298,16.405172413793103,16,71,22.535211267605636,31.914756276112865,-25.99325722565261,0.06563086775589426,,-0.3247276945619368,2
14,33,0.5,0.30000000000000004,-0.5,15,40,2,20000,11832.519020083635,-8167.480979916365,-40.83740489958183,-8.429639141209266,-0.11096037805274625,-0.10556400335063586,-59.76090509048727,0.14105608220701288,36.64834048685214,152,94,58,61.8421052631579,758.1322368825631,-1334.0570904634026,2710.1729172130736,-5485.693504128297,0.9210228575311478,12.80921052631579,28,71,39.436619718309856,32.34558195326021,-21.534396524598108,-0.13053298338380462,,-0.11096037805274625,1
14,42,0.55,0.6,-0.4,15,45,8,20000,17916.023685267333,-2083.9763147326667,-10.419881573663334,-1.8292193366624132,-0.11385022241040117,-0.10039484588808549,-40.30405615411754,0.045385489978172745,18.564674637217795,164,88,76,53.65853658536586,525.8907264017216,-603.6757926063704,1832.1865639407415,-3683.0744835714886,1.0086972373458714,6.878048780487805,28,71,39.436619718309856,17.15836257291954,-21.645735538076906,0.02327698574820938,,-0.05012655461958048,3
28,42,0.5,0.1,-0.4,5,60,8,20000,12955.201426989534,-7044.7985730104665,-35.22399286505233,-7.026374146057823,-0.11420608850708755,-0.11417072378179627,-66.87841165033781,0.10506191718179557,32.97870808824971,260,211,49,81.15384615384616,404.8438290204425,-1774.240657732002,1742.389231778684,-5506.20415836095,0.982565185212382,11.457692307692307,34,71,47.88732394366197,19.528467808443107,-20.511243148184256,-0.13251465165002613,,1.1265442926680633,429
21,45,0.55,0.4,-0.5,5,25,14,20000,17107.029249995892,-2892.9707500041077,-14.464853750020538,-2.587324303754357,-0.12020254510362739,-0.11775654581047656,-43.27941241890849,0.05879854488816903,20.486742451685867,230,136,94,59.130434782608695,351.5496831441146,-494.9754680034026,1737.6269754308144,-2875.6905543736334,1.0275763272405363,7.482608695652174,39,71,54.929577464788736,11.91596661543992,-17.338233687549433,0.08765842303632372,,-0.22978651908245565,2
28,36,0.45,0.5,-0.19999999999999996,20,25,2,20000,13932.841772021135,-6067.158227978865,-30.335791139894326,-5.884587472232427,-0.13017822136310023,-0.08417187260680303,-74.96241854355455,0.07850050180562641,29.069438012188748,88,41,47,46.590909090909086,1338.303763779905,-1244.821543467127,7316.985273074583,-5809.173122314371,0.937850474161203,19.511363636363637,15,71,21.12676056338028,40.68042666557869,-29.63459221820276,0.08237218290806575,,-0.13017822136310023,1
28,42,0.5,0.1,-0.4,10,55,8,20000,12342.92733622203,-7657.07266377797,-38.28536331888985,-7.778516483255293,-0.13767112667503736,-0.13712765268872187,-67.53219843780049,0.1151823376580814,33.052034137204686,253,204,49,80.63241106719367,406.33681769388323,-1738.9100375600253,1692.1205236371395,-5348.884039550637,0.9728438729808364,11.545454545454545,34,71,47.88732394366197,19.788409357792112,-20.50029964403587,-0.16739231047716052,,1.1176438468662784,558
14,39,0.5,0.30000000000000004,-0.1,15,50,5,20000,14031.919958490214,-5968.080041509786,-29.840400207548928,-5.772631238825133,-0.15347202271751725,-0.11216439188443612,-55.24142545383043,0.1044982310177671,27.16513059227174,145,72,73,49.6551724137931,826.4064937372414,-872.5855834327566,2764.7303492164783,-2862.0193224109944,0.934104198272654,9.675862068965516,24,71,33.80281690140845,17.885147715592154,-21.98604751058515,-0.10355879318743452,,-0.7939697170902141,3
21,36,0.45,0.4,-0.1,20,35,14,20000,17770.108823197188,-2229.891176802812,-11.14945588401406,-1.9638200668014139,-0.16100974935717988,-0.08550835174744077,-56.26634561342894,0.03490221455456873,16.297481359602664,117,79,38,67.52136752136752,532.4294126262394,-1087.8135466914664,3242.8437085570836,-3063.29553638793,1.0175390163285327,7.042735042735043,14,71,19.718309859154928,16.142348793181505,-17.35559082768271,-0.02218397233188753,,-0.16100974935717988,1
28,42,0.5,0.2,-0.4,5,50,11,20000,10512.027639594597,-9487.972360405403,-47.43986180202702,-10.229678331801972,-0.17322326096180468,-0.15879450388852417,-74.04526427641876,0.13815439017968126,35.42067571505107,203,135,68,66.50246305418719,354.65069013920737,-792.5709831425438,1840.3880827618511,-6325.014278166955,0.8883569344932837,15.990147783251231,38,71,53.52112676056338,18.54259995135088,-36.98207802549085,-0.07338068635733298,,1.1001588006817151,378
28,42,0.5,0.2,-0.4,5,60,11,20000,10512.027639594597,-9487.972360405403,-47.43986180202702,-10.229678331801972,-0.17322326096180468,-0.15879450388852417,-74.04526427641876,0.13815439017968126,35.42067571505107,203,135,68,66.50246305418719,354.65069013920737,-792.5709831425438,1840.3880827618511,-6325.014278166955,0.8883569344932837,15.990147783251231,38,71,53.52112676056338,18.54259995135088,-36.98207802549085,-0.07338068635733298,,1.122344949599227,515
21,45,0.55,0.5,-0.3,10,25,2,20000,8923.920897870297,-11076.079102129703,-55.38039551064852,-12.66290908297647,-0.19553906903079846,-0.20303701424374987,-63.43419445417605,0.199622761697147,39.45055757049269,174,89,85,51.14942528735632,703.48303938946,-846.1408189151975,3495.246072443439,-3197.73203619631,0.8705266394550878,18.350574712643677,33,71,46.478873239436616,32.058280812953896,-28.870577192495695,-0.1247265581867645,,-0.19553906903079846,1
21,33,0.45,0.1,-0.19999999999999996,20,55,2,20000,14383.841449306337,-5616.158550693663,-28.080792753468316,-5.380213050828619,-0.2129268438344173,-0.11604740366955835,-64.8567455599314,0.08295533493670276,22.773945832552336,94,69,25,73.40425531914893,542.2219442616494,-1627.9429081899,3269.159562234052,-5556.667526088681,0.9192782858866579,9.393617021276595,18,71,25.352112676056336,23.666688604052233,-19.87360894868866,-0.1916729979183078,,-0.2129268438344173,1
28,42,0.55,0.30000000000000004,-0.5,20,30,14,20000,16252.417753138056,-3747.5822468619444,-18.737911234309724,-3.4213036036221167,-0.2199414975168011,-0.16475826327618662,-51.7547556113588,0.06610607205478197,17.744001656550928,95,49,46,51.578947368421055,568.3793239967164,-651.505850493502,2546.50953334961,-4597.13275092732,0.929304840962667,14.347368421052632,19,71,26.76056338028169,16.827225299038993,-14.540625082902082,-0.17799182869379482,,-0.3916943927304972,2
21,39,0.5,0.30000000000000004,-0.5,5,45,8,20000,10248.528449542726,-9751.471550457274,-48.757357752286374,-10.611211652746322,-0.2324433191735206,-0.24360667177573994,-67.79906589886473,0.15650970278226212,33.016337297298,245,142,103,57.95918367346938,464.6341707835038,-698.0406343001964,2482.3016852265864,-4467.542500258709,0.917659492318897,13.763265306122449,34,71,47.88732394366197,19.845721933960302,-32.350818849441985,-0.5013435666028276,,0.5611476880450933,32
28,33,0.5,0.1,-0.5,15,30,14,20000,10685.0451489633,-9314.9548510367,-46.574774255183506,-9.983464704366318,-0.23713483016170733,-0.23744356409757172,-67.13824521353814,0.1487001138116311,31.599782736103403,155,104,51,67.0967741935484,524.4734547931191,-1115.227336265121,1891.7630158945583,-3774.6591563032603,0.9590102943768406,10.180645161290322,31,71,43.66197183098591,21.312879836180443,-25.001870721918994,-0.4186758112752545,,-0.6817436037518834,2
21,45,0.5,0.2,-0.4,5,50,8,20000,11200.751889278461,-8799.248110721539,-43.9962405536077,-9.268767429251323,-0.2380280800348503,-0.2268233850710892,-62.2444766246691,0.14890907485882643,29.975068116245502,199,115,84,57.78894472361809,423.33316116942683,-661.828133326581,1489.2518982887946,-3699.327830750525,0.8757005439611897,13.07035175879397,36,71,50.70422535211267,22.94422217002088,-28.20083754797563,-0.3686190282502826,,1.2482075721110797,246
28,45,0.5,0.2,-0.5,5,60,8,20000,9304.043619714346,-10695.956380285654,-53.47978190142827,-12.049530574233081,-0.24290431986291994,-0.2640240332917591,-67.00315680549853,0.17983526670558678,35.22881585448542,224,154,70,68.75,376.3631101664435,-918.6172124139028,2179.386128628853,-5273.248802001463,0.9013535030444247,17.058035714285715,32,71,45.07042253521127,19.109871921157563,-24.126739374628613,-0.37860981975936814,,1.2803883706066193,345
14,33,0.55,0.2,-0.3,10,45,5,20000,7785.238026393934,-12214.761973606066,-61.073809868030324,-14.640413476180125,-0.24763265302640583,-0.25033601135947003,-79.25143751543098,0.18473372767944435,39.79998069909146,194,104,90,53.608247422680414,1086.700296408437,-1341.5276977787055,5056.77383421971,-5471.343133795626,0.9360541469385165,10.603092783505154,34,71,47.88732394366197,33.89230839702333,-36.49411900158109,-0.5354429619389379,,-0.24763265302640583,1
28,33,0.45,0.5,-0.4,20,55,2,20000,8797.254774881376,-11202.745225118624,-56.013726125593124,-12.872134262892443,-0.265046364633701,-0.18962976657996813,-83.19646952326141,0.15471971751509772,35.46202235318462,89,45,44,50.56179775280899,1272.9589829194297,-1503.020442193022,6191.295231063108,-7178.519574641675,0.8661824099979066,22.741573033707866,17,71,23.943661971830984,33.84402460099438,-27.389398687067114,-0.4897260900398621,,-0.265046364633701,1
21,45,0.5,0.6,-0.4,5,55,5,20000,8446.820454083481,-11553.179545916519,-57.76589772958259,-13.464328379780232,-0.2782188070233908,-0.2914536816937536,-72.21693096967648,0.18644282163463627,35.80483220767902,206,113,93,54.85436893203883,440.83064421854215,-643.5502162573114,2097.0842355583964,-3111.769401294393,0.8323094605000271,19.271844660194176,34,71,47.88732394366197,20.285700857437703,-29.60397062260419,-0.5203922312609808,,-0.08514700710436271,2
28,36,0.5,0.1,-0.5,5,40,11,20000,7827.739170615515,-12172.260829384486,-60.861304146922436,-14.562407614125616,-0.27962844329439906,-0.2953299351708867,-75.9983492890616,0.19161478835200935,37.58275620870327,254,201,53,79.13385826771653,354.27911652780983,-1365.6334077113904,1618.1116376127327,-5608.226466699953,0.9838561582967569,10.834645669291339,34,71,47.88732394366197,22.52131825154342,-27.6250192002902,-0.7436671620489357,,0.6033367569811546,9
14,42,0.55,0.1,-0.19999999999999996,5,40,5,20000,10393.930749294832,-9606.069250705168,-48.03034625352584,-10.399680647917997,-0.2810565029154841,-0.2501013471169768,-67.2046380086808,0.1547464722088775,29.930517748126732,196,133,63,67.85714285714286,536.519212025988,-1242.3066554775778,2157.2337816060412,-2861.0152509644836,0.9117327552247703,8.903061224489797,31,71,43.66197183098591,19.80074108068981,-22.245728364582938,-0.43758144315302927,,-0.16443315555138735,3
21,42,0.45,0.6,-0.1,5,30,2,20000,8820.916155780518,-11179.083844219482,-55.895419221097406,-12.832861173184916,-0.30030477515326287,-0.2577742086341865,-65.40165698951839,0.19621614747836708,33.35985370701339,201,96,105,47.76119402985074,513.35878334965,-559.0690546058169,3546.396815811858,-2943.040617318948,0.8395324299439353,16.084577114427862,30,71,42.25352112676056,26.55899073475725,-20.232160700971146,-0.5588751772073383,,-0.30030477515326287,1
28,33,0.45,0.6,-0.3,20,25,11,20000,13934.166053148016,-6065.833946851984,-30.32916973425992,-5.88308670040999,-0.3007686781965226,-0.18088646915627007,-74.3591685770811,0.07911716622156084,20.039562856004224,71,44,27,61.97183098591549,861.7569995850753,-1532.9978492072341,3532.9990615209804,-9485.900866490783,0.9160774366322836,16.64788732394366,16,71,22.535211267605636,23.65388720447892,-27.7805559416613,-0.1853931433002642,,-0.44814523605046874,2
28,45,0.5,0.2,-0.5,5,60,11,20000,8350.330132536645,-11649.669867463355,-58.248349337316775,-13.630972572969291,-0.30168039918123496,-0.2841757358483554,-71.30011489892809,0.19117742786658842,34.43335856672599,188,121,67,64.36170212765957,328.92741191802594,-724.5432119838121,1533.656735634876,-6325.014278166955,0.8198725450325699,16.50531914893617,36,71,50.70422535211267,18.880347495531204,-36.38661276516666,-0.4377223552252313,,1.2716476865551176,408
28,45,0.5,0.2,-0.5,5,55,11,20000,8350.330132536645,-11649.669867463355,-58.248349337316775,-13.630972572969291,-0.30168039918123496,-0.2841757358483554,-71.30011489892809,0.19117742786658842,34.43335856672599,188,121,67,64.36170212765957,328.92741191802594,-724.5432119838121,1533.656735634876,-6325.014278166955,0.8198725450325699,16.50531914893617,36,71,50.70422535211267,18.880347495531204,-36.38661276516666,-0.4377223552252313,,1.2681400685625452,527
21,42,0.45,0.2,-0.1,5,50,5,20000,9207.402988559057,-10792.597011440943,-53.96298505720472,-12.203467130792966,-0.3080256507474981,-0.2633817410076377,-70.86259402218647,0.1722131019783465,31.858072582456458,194,109,85,56.18556701030928,614.7552518855227,-886.482385092822,2085.429855593869,-2943.040617318948,0.8892824252526316,11.963917525773196,32,71,45.07042253521127,23.482604480532054,-20.25326310378969,-0.49833348324523413,,-0.2746889205661226,4
21,45,0.55,0.4,-0.19999999999999996,20,55,14,20000,17023.48362120265,-2976.5163787973506,-14.882581893986755,-2.667303956449596,-0.30929877688520974,-0.2095681871234951,-50.27566904029898,0.05305357456927308,12.623501444798471,90,57,33,63.33333333333333,483.06322201794825,-872.8945464794084,1975.0331806412205,-3309.818987427764,0.9558794155666952,7.333333333333333,15,71,21.12676056338028,12.673747992390139,-12.409383944208452,-0.13628156326775112,,-0.16896799512370878,2
28,39,0.55,0.2,-0.19999999999999996,5,25,14,20000,9352.606885391591,-10647.393114608409,-53.23696557304204,-11.972677077149418,-0.31040905259045115,-0.2850726476683325,-74.2489041134758,0.16125055608701486,31.299739712455406,301,170,131,56.47840531561462,380.62423164478076,-529.3623104449073,1917.9785405895252,-3617.1018197838353,0.9330846432518541,11.93687707641196,33,71,46.478873239436616,19.188117599487175,-27.87725241453838,-0.5223857869519044,,-0.31040905259045115,1
21,42,0.55,0.6,-0.5,10,30,5,20000,7220.130427022858,-12779.869572977143,-63.89934786488571,-15.712822190275965,-0.3109213901035664,-0.38535926111888363,-69.24225207176434,0.2269253486150453,38.23487060761271,167,81,86,48.50299401197605,536.0127833907492,-630.406896642341,2720.8347114343155,-4543.348960377606,0.800830784310259,19.45508982035928,34,71,47.88732394366197,29.1420705286908,-26.88602002700945,-0.45647094722552173,,-0.530002268991528,2
21,42,0.45,0.1,-0.1,15,60,14,20000,13214.746810793464,-6785.253189206536,-33.92626594603268,-6.716441069807533,-0.32522599206296865,-0.22051876549881058,-57.82326599890558,0.11615464733407924,20.73734253520999,186,126,60,67.74193548387096,351.1837192091096,-803.0800301592402,1033.886720807002,-2578.5075534805724,0.9183216897983337,6.365591397849462,31,71,43.66197183098591,13.765076805972253,-20.380611004502747,-0.2685113541602334,,-0.32522599206296865,1
21,33,0.5,0.6,-0.4,5,40,14,20000,10554.577799326333,-9445.422200673667,-47.227111003368336,-10.168816111963096,-0.3274014279457111,-0.33406445663365225,-63.77675517298829,0.15944392411280825,27.310675820526036,308,162,146,52.5974025974026,309.1757299446033,-355.9081160667855,1484.3081032004122,-4881.111262010306,0.963894854409502,7.701298701298701,33,71,46.478873239436616,14.561256438338654,-25.779291011808027,-0.637022118378547,,-0.3274014279457111,1
28,42,0.5,0.2,-0.5,5,55,11,20000,7708.876843030715,-12291.123156969286,-61.45561578484643,-14.781460278109215,-0.3334314755844489,-0.3137222160498815,-72.56097344980468,0.20371088720763303,34.774345138850144,210,140,70,66.66666666666666,261.93870095899973,-658.4035683514311,1380.2910620713883,-6325.014278166955,0.7956782543413758,16.185714285714287,35,71,49.29577464788733,18.97274344456339,-36.98207802549085,-0.5376960521337945,,1.1159530703349307,673
28,42,0.5,0.2,-0.5,5,60,11,20000,7708.876843030715,-12291.123156969286,-61.45561578484643,-14.781460278109215,-0.3334314755844489,-0.3137222160498815,-72.56097344980468,0.20371088720763303,34.774345138850144,210,140,70,66.66666666666666,261.93870095899973,-658.4035683514311,1380.2910620713883,-6325.014278166955,0.7956782543413758,16.185714285714287,35,71,49.29577464788733,18.97274344456339,-36.98207802549085,-0.5376960521337945,,1.1256004809029818,513
28,42,0.5,0.2,-0.5,5,50,11,20000,7708.876843030715,-12291.123156969286,-61.45561578484643,-14.781460278109215,-0.3334314755844489,-0.3137222160498815,-72.56097344980468,0.20371088720763303,34.774345138850144,210,140,70,66.66666666666666,261.93870095899973,-658.4035683514311,1380.2910620713883,-6325.014278166955,0.7956782543413758,16.185714285714287,35,71,49.29577464788733,18.97274344456339,-36.98207802549085,-0.5376960521337945,,1.1085604458711678,375
28,42,0.5,0.2,-0.5,5,60,11,20000,7708.876843030715,-12291.123156969286,-61.45561578484643,-14.781460278109215,-0.3334314755844489,-0.3137222160498815,-72.56097344980468,0.20371088720763303,34.774345138850144,210,140,70,66.66666666666666,261.93870095899973,-658.4035683514311,1380.2910620713883,-6325.014278166955,0.7956782543413758,16.185714285714287,35,71,49.29577464788733,18.97274344456339,-36.98207802549085,-0.5376960521337945,,1.1256004809029818,513
28,39,0.5,0.2,-0.4,5,60,11,20000,6387.0680082892095,-13612.93199171079,-68.06465995855395,-17.428815469650804,-0.33569264121748316,-0.3330758281298448,-78.19309698771978,0.22289455388099025,39.23295944858879,220,148,72,67.27272727272727,240.07734234709721,-629.6691706399906,958.576542505955,-4667.1837151604905,0.7837326930314964,14.49090909090909,31,71,43.66197183098591,20.470772415633043,-27.214246603597203,-0.7912942654108985,,1.1353337549530407,427
28,33,0.45,0.1,-0.19999999999999996,20,55,14,20000,13295.298219846518,-6704.701780153482,-33.52350890076741,-6.621281790776989,-0.33805039723532904,-0.18395083579627317,-55.1384887836964,0.12008457135544127,20.06922388011691,86,59,27,68.6046511627907,588.4883237836151,-1388.4375141995117,1525.1299050116781,-3202.2034886602,0.9261892981390825,7.883720930232558,16,71,22.535211267605636,26.24899614247529,-33.574642019107436,-0.28978985592563034,,-0.33805039723532904,1
21,42,0.55,0.30000000000000004,-0.4,5,25,11,20000,11237.479026524146,-8762.520973475854,-43.81260486737927,-9.21892082958684,-0.3393704930612839,-0.34041835701546114,-48.72527262408588,0.18838807315971914,24.990276024130704,193,107,86,55.44041450777202,381.18323547525677,-540.2261708775528,1666.0550441047742,-3458.9242407689876,0.8778968667365185,12.61658031088083,36,71,50.70422535211267,15.101697293416416,-24.927504335232374,-0.2831454814204066,,-0.13428498534566588,3
14,33,0.55,0.6,-0.4,15,40,5,20000,7641.168481766766,-12358.831518233234,-61.79415759116617,-14.907500391527151,-0.33996362680370573,-0.322920339547136,-72.45730288454249,0.2057418617317511,35.1679694425932,116,57,59,49.137931034482754,815.3094719662653,-967.8384986493288,3425.7873555247593,-5087.663993138894,0.8138463843361353,12.405172413793103,30,71,42.25352112676056,38.15433019297163,-20.67319268150293,-0.8014075807567542,,-0.5014827573366406,3
21,33,0.45,0.2,-0.5,15,60,2,20000,6565.0078512357995,-13434.9921487642,-67.174960743821,-17.047265213966313,-0.3500166400476908,-0.3506539821747796,-83.61737161281884,0.20387229214644323,38.17995922137648,167,106,61,63.47305389221557,683.5135707092235,-1349.3201744908508,3959.759322997231,-6566.690615985819,0.8802543057000903,15.67065868263473,27,71,38.028169014084504,25.22288053570314,-24.84753210956663,-0.7793624159198199,,0.1116039326868202,2
21,33,0.45,0.30000000000000004,-0.19999999999999996,15,55,14,20000,11353.400152435055,-8646.599847564945,-43.23299923782473,-9.06247529850579,-0.36118726998484313,-0.2863027799282307,-70.74452369094216,0.12810143917423975,23.82267999239111,223,129,94,57.847533632286996,418.5277809221874,-609.5072721970967,2574.8824075224347,-4013.3282192998686,0.9423391962121673,7.37219730941704,27,71,38.028169014084504,16.13678329524251,-24.13615446246903,-0.4646268051785406,,-0.36118726998484313,1
14,33,0.5,0.2,-0.5,15,45,8,20000,12651.19064285816,-7348.809357141839,-36.744046785709195,-7.3960461360441325,-0.36517520779677504,-0.3280442135114826,-57.81311178716139,0.12793025504789693,20.655594776031545,201,108,93,53.73134328358209,432.6704968117869,-546.1798173420965,1657.6438356485626,-2883.5636933034425,0.9199462244116166,7.009950248756219,26,71,36.61971830985916,18.445237496261257,-19.551434167870774,-0.4558049018517505,,-0.36517520779677504,1
21,45,0.5,0.5,-0.3,15,40,2,20000,7458.694672111624,-12541.305327888376,-62.70652663944188,-15.251866405040982,-0.37141999388042996,-0.34088435243631376,-74.98292736957882,0.2034045207366602,34.05563013738363,135,71,64,52.59259259259259,481.60263069370114,-713.9451891740812,2142.789588179481,-2755.476860582605,0.7483458485712294,18.6,27,71,38.028169014084504,34.49400144356556,-25.77658987593456,-0.7678661406656639,,-0.1469716714891537,2
28,42,0.5,0.2,-0.5,5,50,8,20000,6820.1433488121775,-13179.856651187823,-65.89928325593911,-16.51493476947322,-0.3721161293583163,-0.40614891803165915,-69.33812656199436,0.2381797084567525,36.127663661436294,194,128,66,65.97938144329896,376.40585225952987,-873.0088480478998,1743.5089029030821,-4056.345232308818,0.8361876632257106,16.824742268041238,31,71,43.66197183098591,18.300593673420273,-24.40892586603882,-0.7694725818208776,,1.0903208754162699,311
28,42,0.5,0.30000000000000004,-0.4,5,55,11,20000,6992.873918265251,-13007.12608173475,-65.03563040867375,-16.163872455089244,-0.37273664959095837,-0.3390209126934281,-75.06031277037289,0.21534512525331892,35.09394714412943,219,140,79,63.926940639269404,281.0007824864511,-629.2699821008599,1394.0676973158816,-6325.014278166955,0.7913551963286528,17.76255707762557,36,71,50.70422535211267,18.228333172392652,-36.98207802549085,-0.667501922116659,,0.6455186703798319,165
14,42,0.55,0.1,-0.5,20,25,8,20000,17382.834710697014,-2617.165289302986,-13.085826446514929,-2.3255786188419947,-0.37548928906892703,-0.22173749159365574,-41.83160326987384,0.05559381991263106,10.207169750742557,61,31,30,50.81967213114754,501.69587598114947,-578.0545814906228,1430.8756246604428,-1697.346095605332,0.8968341199032562,6.557377049180328,13,71,18.30985915492958,11.8770195441531,-12.94437957357818,-0.14829477737991062,,-0.37548928906892703,1
21,42,0.55,0.4,-0.3,5,60,8,20000,9160.143379799942,-10839.856620200058,-54.1992831010003,-12.279235935927101,-0.37625594218992175,-0.37981584294434284,-56.03366683482507,0.21845638555799976,28.82502592672001,206,108,98,52.42718446601942,412.1671142272657,-544.6928655522818,1803.654156334903,-2977.6833630252036,0.8339102855063335,13.495145631067961,35,71,49.29577464788733,19.879491299302288,-24.161534186991172,-0.6027574850562917,,-0.21919242759102273,3
28,42,0.45,0.30000000000000004,-0.1,10,30,2,20000,6456.441811756887,-13543.558188243114,-67.71779094121557,-17.27901997087159,-0.38880435041172146,-0.3403321068029753,-80.18239816135753,0.2154964227447977,36.38125875315554,235,114,121,48.51063829787234,513.8211441820669,-573.4407220771935,3066.0786298639864,-3002.496506131566,0.8441952853805302,15.327659574468084,30,71,42.25352112676056,28.048459711452622,-26.28131474160447,-0.6264897490725477,,-0.38880435041172146,1
28,42,0.5,0.30000000000000004,-0.5,20,35,2,20000,7848.316983978283,-12151.683016021718,-60.758415080108584,-14.5247660275865,-0.39647381730663916,-0.3085844932821051,-76.13162990315897,0.19078490827087646,31.83511870224925,74,44,30,59.45945945945946,732.355177501852,-1449.0603608701085,3755.4152888929625,-6058.731607660438,0.7412534053155283,21.43243243243243,14,71,19.718309859154928,31.798376041001063,-24.383946802666678,-0.7582236198197192,,-0.39647381730663916,1
21,36,0.5,0.6,-0.3,20,60,11,20000,12686.27737573555,-7313.72262426445,-36.56861312132225,-7.353006257901129,-0.41783504677474664,-0.2561457716699868,-62.48221873258639,0.11768158056887808,18.767710154179866,98,57,41,58.16326530612245,518.6113337361492,-860.4114304201219,2464.873543380914,-3731.5553471782036,0.8379668365288953,12.33673469387755,17,71,23.943661971830984,17.212641382421356,-17.719150973295207,-0.45281983676797694,,-0.5493520033273039,2
28,39,0.5,0.2,-0.5,5,60,8,20000,4476.391483970122,-15523.608516029879,-77.61804258014939,-22.209188162542194,-0.41934836764578326,-0.4627335459933653,-80.92273471396803,0.2744493032896561,42.72584351742321,220,143,77,65.0,347.1321301327406,-794.9962719274461,3800.634337000626,-4304.769513809246,0.8109144391304002,15.895454545454545,30,71,42.25352112676056,36.60887589917918,-22.547444797776674,-1.0623879056018515,,1.1322748015173199,364
28,39,0.45,0.5,-0.3,5,55,2,20000,2890.040339611711,-17109.95966038829,-85.54979830194145,-27.715238173694978,-0.4218107007014051,-0.4246923645557638,-89.62584934903177,0.309232641866109,50.62133201558496,259,133,126,51.35135135135135,441.97625657588674,-577.5000141665184,3102.6656654681824,-4413.275910856351,0.8078449897973574,22.2007722007722,31,71,43.66197183098591,31.735897688628746,-27.593998548742015,-1.0818295134706468,,-0.4218107007014051,1
28,39,0.5,0.1,-0.5,5,40,5,20000,3823.135726837734,-16176.864273162266,-80.88432136581133,-24.24100104856829,-0.4229456386840424,-0.4394999877573101,-85.03141999292731,0.2850828676104032,45.51693662559988,220,181,39,82.27272727272728,250.26557717416205,-1447.4687706954605,2203.087261073949,-5892.46851264669,0.8024276476606198,11.854545454545455,34,71,47.88732394366197,21.645986463304713,-37.17348588023197,-1.4542331180343269,,0.9208437447520175,6
21,45,0.55,0.30000000000000004,-0.3,10,45,8,20000,8523.951625504264,-11476.048374495736,-57.38024187247868,-13.332254085847062,-0.4247428843717827,-0.4248058065846547,-58.981448089387236,0.22604148452987857,28.613792060551763,189,103,86,54.4973544973545,424.363548892027,-619.7480831832129,1672.1693031344705,-2974.809654203961,0.8200902600387936,13.55026455026455,32,71,45.07042253521127,18.879580111535567,-23.185203920214093,-0.6904409884819109,,-0.194660237702543,4
28,45,0.5,0.4,-0.4,20,25,5,20000,9271.422125648485,-10728.577874351515,-53.642889371757576,-12.10134317504984,-0.4291999231336394,-0.3049962447139986,-75.97623510149363,0.15927800527209773,26.494592594921397,64,29,35,45.3125,1012.3629501991377,-1121.4258122893286,3798.1440733368413,-4962.607810580911,0.747989752587281,22.25,15,71,21.12676056338028,18.847542884985646,-24.66870624068932,-0.7546643471136953,,-0.4291999231336394,1
28,33,0.5,0.30000000000000004,-0.5,5,60,2,20000,1311.349731526187,-18688.65026847381,-93.44325134236907,-36.69057299433799,-0.4333716265191449,-0.5434307754640412,-94.89041512459568,0.38666258279259824,64.16927825512806,142,70,72,49.29577464788733,426.59097457530487,-641.7176519735485,4882.906818163622,-5732.090354402809,0.6462986081278032,21.077464788732396,28,71,39.436619718309856,34.66832431641282,-40.664692152349566,-2.078007610954694,,-0.4333716265191449,1
28,33,0.45,0.30000000000000004,-0.5,20,25,5,20000,8149.749922372123,-11850.250077627876,-59.251250388139376,-13.982578796396528,-0.4345579060462616,-0.27461823828876203,-86.37305602197529,0.16188588710857976,29.23313999726619,67,40,27,59.70149253731343,1208.0008086555754,-2135.314163846328,4448.9617811745675,-10618.85744426502,0.8381112521701437,18.686567164179106,17,71,23.943661971830984,32.27971592655607,-25.730219784425145,-0.7511614108290953,,-0.4345579060462616,1
14,39,0.55,0.4,-0.1,15,25,2,20000,7987.88072212308,-12012.11927787692,-60.0605963893846,-14.27161706652782,-0.4439413642468864,-0.31048457989552836,-70.76699286496844,0.2016705315394665,29.27942981378627,131,60,71,45.80152671755725,729.7445407761663,-767.2308693584079,2326.217408355431,-2522.97062926234,0.8037809113861362,10.465648854961833,22,71,30.985915492957744,29.611145548578044,-19.47778787050989,-0.9247117213425312,,-0.4439413642468864,1
21,45,0.5,0.1,-0.19999999999999996,10,45,2,20000,6936.587420801944,-13063.412579198055,-65.31706289599028,-16.27747019198923,-0.4440199348668571,-0.41587790986363404,-72.03004514600913,0.22598167416102327,32.48103251505347,179,127,52,70.94972067039106,390.4102162672566,-1159.2726280970803,4140.400647834827,-2525.2484058165523,0.8225001188117261,10.782122905027933,31,71,43.66197183098591,25.165977694162265,-22.09153624499125,-0.81705636353145,,-0.3443673628432798,3
28,45,0.55,0.4,-0.19999999999999996,5,35,14,20000,7666.096824472801,-12333.903175527199,-61.669515877635995,-14.86098820743157,-0.4562680832764731,-0.4465353201284794,-74.7813144102411,0.19796682558016163,29.682130520332954,264,147,117,55.68181818181818,334.92552830356215,-496.2256655413549,2364.5729493551,-3208.920839242431,0.8480090775537482,13.825757575757576,29,71,40.845070422535215,16.774074153969345,-26.85136605559155,-0.7931094302027348,,-0.4562680832764731,1
14,30,0.5,0.30000000000000004,-0.1,20,55,5,20000,10394.021832122899,-9605.978167877101,-48.02989083938551,-10.399548914709445,-0.4581887649977164,-0.25107905822073545,-64.02933002440395,0.16241851836878182,22.640318147149365,77,34,43,44.15584415584416,1042.406013979161,-1016.9972707713629,2506.594582989731,-2635.755241440049,0.8104525299543204,9.155844155844155,10,71,14.084507042253522,17.0775374995646,-18.71182497320215,-0.750890588163586,,-0.4581887649977164,1
21,36,0.5,0.4,-0.3,20,30,8,20000,11358.72948804243,-8641.27051195757,-43.206352559787845,-9.055314918855906,-0.45862374172898157,-0.3173580224858447,-57.07152622947932,0.15866607250777426,20.462572552185165,84,41,43,48.80952380952381,566.6762969594278,-712.9208997045153,3029.5195197692433,-2929.2148600046366,0.7578951046539579,13.05952380952381,15,71,21.12676056338028,19.78014719491954,-20.319675236632527,-0.6299014061984605,,-0.8176830211697128,3
28,39,0.5,0.1,-0.19999999999999996,5,45,8,20000,5279.862383856539,-14720.13761614346,-73.6006880807173,-20.024502790916987,-0.4677615120358695,-0.43886542635345677,-85.6770893062059,0.23372062418402606,36.98411119225655,271,202,69,74.53874538745387,412.3560592251374,-1279.9649802976364,1765.2126955775268,-4579.816653167886,0.9431408846340508,9.619926199261993,32,71,45.07042253521127,19.050132851076953,-30.041224341419117,-1.2962527546595735,,-0.38789358139168384,2
28,39,0.5,0.1,-0.5,5,55,8,20000,4788.997526590756,-15211.002473409244,-76.05501236704622,-21.323156744813044,-0.48287365419799083,-0.4891501286098089,-81.29412340437294,0.26229641026753525,38.24835747384427,256,202,54,78.90625,312.9595671926343,-1317.8358341911385,1765.2126955775268,-4620.238569624604,0.8883508649775254,11.37109375,34,71,47.88732394366197,20.51553125814887,-27.11256858129246,-1.29583869937932,,1.1378147209106364,461
28,39,0.5,0.1,-0.5,5,60,8,20000,4788.997526590756,-15211.002473409244,-76.05501236704622,-21.323156744813044,-0.48287365419799083,-0.4891501286098089,-81.29412340437294,0.26229641026753525,38.24835747384427,256,202,54,78.90625,312.9595671926343,-1317.8358341911385,1765.2126955775268,-4620.238569624604,0.8883508649775254,11.37109375,34,71,47.88732394366197,20.51553125814887,-27.11256858129246,-1.29583869937932,,1.1468171946086714,357
28,45,0.55,0.6,-0.3,10,40,8,20000,5682.829694447595,-14317.170305552405,-71.58585152776202,-19.031505229671787,-0.49038133637123626,-0.5222314628295687,-75.22663751658139,0.2529889126770671,34.68711108814914,235,120,115,51.06382978723404,354.489807504712,-474.1120913239506,2534.5687103764144,-3321.010325030511,0.7802003251974805,19.382978723404257,34,71,47.88732394366197,25.263644146040363,-30.20902209616554,-0.9826328558381887,,-0.29717534267585155,2
14,39,0.55,0.30000000000000004,-0.3,20,55,5,20000,9867.8611313119,-10132.1388686881,-50.660694343440504,-11.177076599487423,-0.49062094362554204,-0.3199734534093923,-68.73074338218808,0.1626212092212583,22.872116065258773,72,36,36,50.0,836.1139246083756,-1097.340004294157,2903.1209758670466,-3849.200450362201,0.7619460890302544,11.902777777777779,14,71,19.718309859154928,30.094647218878535,-17.71370694719736,-0.7856460315302553,,-0.8583565600273941,2
28,36,0.5,0.5,-0.5,5,25,14,20000,5754.620619432402,-14245.379380567598,-71.22689690283799,-18.860786903168925,-0.49104087619936415,-0.49985859021454304,-79.64790970614978,0.23680203250472304,34.32201110732611,235,140,95,59.57446808510638,172.63192618521353,-359.8086279794192,954.5268924474185,-5083.071372947069,0.7070562628821824,14.53191489361702,33,71,46.478873239436616,18.504265255667484,-27.029331406748092,-1.1603653363625908,,-0.49104087619936415,1
14,42,0.55,0.5,-0.1,20,25,8,20000,15188.77319970212,-4811.22680029788,-24.056134001489397,-4.511843731900744,-0.514431545375772,-0.23431986380942427,-51.986357734816515,0.08678899481505807,11.549254885470235,66,33,33,50.0,540.7731999505304,-661.710375717134,2185.740648315879,-2027.7845682139816,0.8172354851840777,6.196969696969697,13,71,18.30985915492958,17.44263955540648,-13.057928743050484,-0.31500870576610746,,-0.514431545375772,1
14,33,0.55,0.6,-0.19999999999999996,20,60,2,20000,6987.600993205676,-13012.399006794323,-65.06199503397163,-16.17448193334805,-0.5355055923740156,-0.3096769222735847,-74.13990492228419,0.21816162227753946,28.783415292028145,67,29,38,43.28358208955223,1160.9209433192054,-1206.639641132929,4110.944826629712,-4591.683479253648,0.7342423975293477,11.104477611940299,10,71,14.084507042253522,34.02294246107233,-18.566890306660365,-1.1806378263902926,,-0.5355055923740156,1
21,45,0.55,0.30000000000000004,-0.5,10,30,5,20000,4333.2237235050425,-15666.776276494958,-78.33388138247479,-22.63227715919005,-0.5418330486173634,-0.644281699463016,-79.53093771554674,0.28457198933247185,37.90603539379217,138,68,70,49.275362318840585,537.4822342658395,-718.4696900310349,2720.8347114343155,-4543.348960377606,0.7267190338656423,18.60144927536232,30,71,42.25352112676056,28.976641432413984,-23.664149269935862,-1.204421314121589,,-0.5418330486173634,1
28,33,0.5,0.4,-0.5,15,55,8,20000,4194.527144350042,-15805.472855649958,-79.02736427824979,-23.053396628440193,-0.5422958461665796,-0.5699506190101291,-80.1329174102813,0.28768947111218457,38.33578450384129,146,78,68,53.42465753424658,372.618909886207,-619.7595268643256,1469.8603150748988,-4388.889975681803,0.689647822860256,19.253424657534246,25,71,35.2112676056338,20.021487196463838,-24.31827481015949,-1.5698248112054571,,-0.3247276945619368,2
14,39,0.5,0.30000000000000004,-0.19999999999999996,15,35,8,20000,9921.684499241745,-10078.315500758255,-50.391577503791275,-11.095976763596749,-0.5465838877559358,-0.4131203408841108,-61.2497586293247,0.18115951820721624,21.050203319460095,179,98,81,54.7486033519553,413.8887925704941,-594.7804589218108,1846.9008266564629,-2752.8598624814563,0.8419145822918295,6.782122905027933,29,71,40.845070422535215,18.66766706476679,-21.336724102518588,-0.7397528735696898,,-0.5515857932426406,4
28,42,0.55,0.6,-0.5,5,40,11,20000,5818.122765907732,-14181.877234092268,-70.90938617046135,-18.711250226682775,-0.5485307222101616,-0.636042323472428,-70.7935827259698,0.26354152446583023,31.93569623182016,217,117,100,53.91705069124424,256.06182243955755,-416.652054672856,1637.6957860142793,-4177.4247524829625,0.7190468135084901,19.695852534562214,34,71,47.88732394366197,17.191774707229012,-19.131291003125916,-1.0684254896785688,,-0.3262500355953142,2
21,45,0.55,0.4,-0.5,20,35,11,20000,12035.437643291134,-7964.562356708866,-39.82281178354433,-8.168030374363088,-0.5634472879441934,-0.3959421538521849,-57.28018639914565,0.14259783160351092,16.303475270926736,86,45,41,52.32558139534884,463.55300343815253,-680.3011588152627,1833.3945582170468,-3094.72442202513,0.7478712627602196,12.918604651162791,12,71,16.901408450704224,15.670456184457993,-12.631198398367738,-0.6025172647232725,,-0.3916943927304972,2
28,36,0.45,0.5,-0.19999999999999996,15,60,2,20000,3115.1718001790496,-16884.82819982095,-84.42414099910475,-26.799746160859062,-0.5640813331314499,-0.5129805864376498,-85.38435003011051,0.3138718764200725,42.45624363463303,169,72,97,42.60355029585799,448.8829475742495,-485.00103531099944,2786.0134411559375,-3887.0537486279845,0.6869912474042992,19.994082840236686,23,71,32.3943661971831,30.524466400694816,-29.068495668620955,-1.5940508648362033,,-0.6622892774339162,2
21,36,0.5,0.6,-0.19999999999999996,15,25,14,20000,8412.116653879775,-11587.883346120225,-57.939416730601124,-13.52408049010575,-0.595521793904415,-0.4683775876960792,-66.21897419610632,0.20423270904279528,23.173193890151282,179,97,82,54.18994413407822,327.86044214424476,-484.5542223672198,1215.8364883168895,-2636.9395050278317,0.8003952816126138,7.212290502793296,27,71,38.028169014084504,15.021357112497725,-22.291759649909647,-0.9507715941139776,,-0.8927410980114373,3
28,36,0.55,0.5,-0.5,5,60,11,20000,3367.556198869923,-16632.443801130077,-83.16221900565039,-25.836718581111683,-0.6255852812240243,-0.7380264087560859,-83.69940882430154,0.30868460057283187,38.81231255687781,228,105,123,46.05263157894737,266.89276667502793,-334.26211234886875,1902.4969375027429,-3302.3086266002692,0.6816066799315639,19.035087719298247,31,71,43.66197183098591,20.815267518050273,-27.116647469950838,-1.723326594845387,,-0.6255852812240243,1
28,36,0.5,0.6,-0.4,20,30,5,20000,4210.49773291865,-15789.502267081349,-78.94751133540674,-23.004320425093873,-0.630199769794581,-0.5006678954991639,-88.95842100790249,0.2585963213426452,34.988429735575714,101,44,57,43.56435643564357,814.5008140228667,-875.7778611243433,4055.7839864111866,-5298.431114616475,0.7179188906038394,23.564356435643564,12,71,16.901408450704224,28.072406596777768,-34.56623155142551,-1.6069905311182147,,-0.1788847104509365,2
21,45,0.55,0.1,-0.5,20,50,11,20000,11337.61152630853,-8662.38847369147,-43.31194236845735,-9.083704985214858,-0.6364945389048337,-0.4447204088402196,-58.80543828573859,0.15447049201600502,16.066751786451405,75,40,35,53.333333333333336,577.8651732418781,-877.2341543819028,1297.0170441952914,-3301.039383493472,0.7528404332514722,10.453333333333333,14,71,19.718309859154928,14.758169630516683,-13.033737355279317,-0.6820871483664425,,-0.6364945389048337,1
28,45,0.55,0.1,-0.4,15,30,8,20000,5699.361603120273,-14300.638396879727,-71.50319198439864,-18.992034066292906,-0.6468368839744063,-0.633466553513656,-79.72031057508802,0.2382333175734989,29.08989036400605,115,79,36,68.69565217391305,274.91489684040124,-958.7809790908727,1020.4328569595972,-3779.4508218119827,0.6292213563085892,13.434782608695652,30,71,42.25352112676056,15.047124189876016,-21.047914858978732,-1.3740779746696015,,-0.6468368839744063,1
28,39,0.5,0.2,-0.5,5,55,11,20000,2865.508415286283,-17134.491584713716,-85.67245792356857,-27.818548642492548,-0.6717627130188173,-0.6742537347126246,-86.40180774328687,0.32196720611617013,39.475318534187046,208,139,69,66.82692307692307,222.0404323847842,-647.0854577069113,897.9409486233365,-4667.1837151604905,0.691251575387907,15.009615384615385,30,71,42.25352112676056,21.505489528903787,-27.214246603597203,-1.7770771998316885,,1.126050179074911,555
28,36,0.45,0.5,-0.19999999999999996,15,55,8,20000,3560.578849704549,-16439.42115029545,-82.19710575147725,-25.139954045895998,-0.6808689598798612,-0.6134330168880654,-83.38088790840877,0.30150739187991654,35.83449318036769,185,96,89,51.891891891891895,243.55765425903283,-417.8478197658723,1748.9362245358088,-2209.893425143016,0.6287309920729935,17.47027027027027,26,71,36.61971830985916,36.29253701739006,-28.334962205285652,-1.662245607230673,,-0.6197337427969968,3
28,42,0.55,0.6,-0.3,15,60,5,20000,3205.9106699164713,-16794.08933008353,-83.97044665041766,-26.44627711367201,-0.6932735789609683,-0.6821141062606045,-89.68758356470754,0.2948711077112656,37.126748844450645,102,42,60,41.17647058823529,437.50462948269376,-570.2730628059443,5377.676046253837,-3909.7767122192927,0.5370291192275711,22.38235294117647,24,71,33.80281690140845,27.251124049337783,-24.701398069148585,-1.844698198541715,,-0.6932735789609683,1
21,39,0.55,0.5,-0.4,20,45,2,20000,4552.168539131376,-15447.831460868623,-77.23915730434312,-21.98979148285497,-0.7169013382604942,-0.5511955445236667,-87.31938768207826,0.2518317187806876,30.79305792863828,77,31,46,40.25974025974026,1371.470698034728,-1239.7265891292438,4105.280182488309,-6089.428260219641,0.7455288934336822,18.7012987012987,12,71,16.901408450704224,32.36550744986686,-25.402224857950028,-1.6734902078747766,,-0.7169013382604942,1
14,33,0.55,0.4,-0.3,20,50,8,20000,10616.15590901899,-9383.84409098101,-46.91922045490505,-10.081097581097499,-0.7204749868342156,-0.41095141029878884,-59.532915060325934,0.16933653544231983,15.77193469680401,92,40,52,43.47826086956522,522.3302920497823,-558.80107255716,1956.5912473663202,-4239.728392570101,0.7190260578909088,7.021739130434782,14,71,19.718309859154928,16.24696191848436,-26.4280417950739,-0.707836484538798,,-0.7204749868342156,1
28,36,0.55,0.6,-0.5,20,60,2,20000,2368.712477953909,-17631.287522046092,-88.15643761023047,-30.087907851411366,-0.7371950461717545,-0.5941208904342368,-90.70009302681304,0.33172962504588266,40.30986674574962,94,34,60,36.17021276595745,744.60375973662,-696.7302558848538,3317.429828816324,-4600.542183753998,0.6056032832700047,23.414893617021278,11,71,15.492957746478872,30.075857343194713,-25.808342193314893,-2.3203344017456122,,-0.7371950461717545,1
21,45,0.5,0.30000000000000004,-0.4,20,55,5,20000,6505.5278403495295,-13494.472159650471,-67.47236079825237,-17.173838023073994,-0.7413843626655037,-0.5376478867101423,-83.79045587029343,0.20496174468436928,24.169824597756808,81,42,39,51.85185185185185,818.9187812469105,-1207.6246403082241,4185.455997424142,-4718.546152697299,0.7302869651826803,17.641975308641975,12,71,16.901408450704224,21.12798879459119,-20.758203786694818,-1.2797440329852734,,-0.7842475932160272,2
28,45,0.55,0.5,-0.4,5,35,2,20000,1675.4995750251624,-18324.500424974838,-91.62250212487419,-34.03339887097473,-0.7490831478794896,-0.8711018563098527,-92.81355676586756,0.3662117368115679,44.71817198733466,157,63,94,40.12738853503185,420.7667221975018,-462.9280892053525,3221.626603151961,-3497.553639796877,0.6091728613636601,23.656050955414013,25,71,35.2112676056338,24.113676112431893,-30.804176135124862,-2.4037756260047183,,-0.530002268991528,2
21,33,0.45,0.5,-0.1,20,60,5,20000,5499.28378430488,-14500.71621569512,-72.5035810784756,-19.476280797920744,-0.7604972217363823,-0.4841092942985495,-81.87171569240095,0.23788778130770824,26.489701286350424,106,35,71,33.0188679245283,937.0090499750536,-641.1849713355217,6533.633312013519,-3158.7062598379366,0.7203940989819371,12.528301886792454,10,71,14.084507042253522,25.31679165227296,-20.77321696472706,-1.5009522895912875,,-0.6684825049158979,3
21,30,0.5,0.30000000000000004,-0.5,20,25,11,20000,8619.199041247648,-11380.800958752352,-56.904004793761764,-13.170524291348196,-0.7609882911740758,-0.4803028835349856,-69.9032097963553,0.18841086596333803,18.829823141822462,61,34,27,55.73770491803278,476.65821830154385,-948.0326067038841,2130.162334188588,-3524.9637557731994,0.6331388505561422,12.01639344262295,12,71,16.901408450704224,20.114292711609806,-19.896281186513576,-1.0076449859498358,,-0.7609882911740758,1
28,33,0.5,0.1,-0.3,20,55,8,20000,6522.117330660278,-13477.882669339722,-67.38941334669862,-17.138439243695093,-0.7614759364564373,-0.45541463320866954,-81.56336309425613,0.21012423462590177,23.59468249901017,79,56,23,70.88607594936708,651.4292922130261,-2024.1096970986616,3380.0577857784733,-6580.309610088201,0.7835981981355444,9.949367088607595,15,71,21.12676056338028,20.67668845044064,-30.499834246170586,-1.1773185790318548,,-1.2356793091111158,3
28,39,0.55,0.30000000000000004,-0.4,20,40,8,20000,4205.270284631276,-15794.729715368725,-78.97364857684363,-23.02036683000771,-0.7852814041746172,-0.6184164457722939,-81.18900047362266,0.2835404635568429,30.150030493860946,77,36,41,46.75324675324675,635.8123665742036,-912.1530466351242,3889.1533103317306,-4011.448095065998,0.6120401342175895,17.51948051948052,14,71,19.718309859154928,37.57433667945078,-30.326341906815667,-1.7594961250062393,,-0.7852814041746172,1
28,33,0.45,0.1,-0.1,20,30,5,20000,6952.331343486922,-13047.668656513077,-65.23834328256538,-16.245618666152595,-0.8025749454400423,-0.3844704965739329,-78.32513832175036,0.2074125755056764,21.572617346403717,93,58,35,62.365591397849464,599.8912433380385,-1255.876022003411,1690.0804475470334,-3963.267644195785,0.7915633960224444,7.193548387096774,14,71,19.718309859154928,19.470223212525852,-27.20213576307583,-1.20527305377588,,-0.8025749454400423,1
28,45,0.55,0.4,-0.5,15,50,2,20000,1710.410198461368,-18289.589801538634,-91.44794900769317,-33.80476854224539,-0.8271108237665508,-0.8882906088906067,-94.32244664703738,0.3583957980728141,41.71238453504144,113,47,66,41.5929203539823,480.21791162900473,-605.1232067894222,3965.078896187029,-5054.9171687657645,0.5651301379201076,23.876106194690266,27,71,38.028169014084504,23.15258089552321,-31.312591873984154,-2.6985061733932505,,-0.7842475932160272,2
21,45,0.55,0.4,-0.1,20,35,14,20000,10054.365181747773,-9945.634818252227,-49.72817409126114,-10.89760924827361,-0.8394216336222082,-0.44447811293462025,-59.95467212741345,0.18176413716539747,14.800199909819906,98,56,42,57.14285714285714,405.94948936700683,-746.5263386382061,1851.593606851144,-2120.0959780701633,0.7250460671086825,7.091836734693878,12,71,16.901408450704224,12.473747675949088,-17.650347381214317,-0.8497875385538847,,-0.8394216336222082,1
28,33,0.5,0.5,-0.4,5,35,2,20000,657.9166846927559,-19342.083315307245,-96.71041657653623,-43.608793031049,-0.8630051143664923,-0.9485936702966585,-97.44818130786737,0.44750751061506255,52.58891396416717,141,58,83,41.13475177304964,390.473123913705,-481.746690603441,5308.106000172102,-4118.654319460604,0.566398778683713,22.872340425531913,23,71,32.3943661971831,36.599905154700465,-37.502923215973695,-3.1876245788830495,,-0.9194460289445849,2
21,30,0.45,0.1,-0.3,5,45,8,20000,3004.1183634934587,-16995.881636506543,-84.97940818253271,-27.244203426343326,-0.8667057330293395,-0.8269258531568838,-87.19166422302887,0.31246339508619736,32.68802481188205,181,122,59,67.40331491712708,257.4497946215136,-720.8100754884905,1063.2917987169549,-4023.4495030579774,0.7385493498359096,10.121546961325967,29,71,40.845070422535215,15.188927775273475,-26.490991854333934,-2.217238761493636,,-0.8667057330293395,1
28,42,0.5,0.6,-0.1,5,60,8,20000,2594.6531920542,-17405.3468079458,-87.026734039729,-29.011058850253725,-0.8915703803720023,-0.836580779641523,-87.39006120216331,0.3319720623966741,34.03458995649801,197,83,114,42.13197969543147,263.58891170906867,-327.7516336675781,1732.8185650155833,-1638.7612013093537,0.5855385770138867,15.700507614213198,26,71,36.61971830985916,30.30087782993176,-29.04075569816962,-2.1811790760565843,,-1.0361539576923198,2
21,42,0.5,0.6,-0.1,10,40,5,20000,2792.927456112338,-17207.07254388766,-86.03536271943831,-28.12857740724075,-0.8999247911292134,-0.8086866357026344,-86.56536234085793,0.3249403300188621,32.805060822477294,151,59,92,39.0728476821192,340.8349403753831,-393.4509735290374,1426.389819602209,-2251.213978633029,0.5555429872068844,14.437086092715232,29,71,40.845070422535215,17.417181777738033,-30.7772786401761,-2.0603455847146765,,-0.041184380701998834,5
21,42,0.5,0.4,-0.1,5,60,14,20000,5090.725417888376,-14909.274582111624,-74.54637291055812,-20.512492203844445,-0.9194723590135421,-0.770058046624113,-76.58139248952838,0.2678521705732798,23.945297286165214,249,151,98,60.6425702811245,207.0057865360909,-439.7200958129395,690.0968260780052,-1579.161933700313,0.7253657465698519,6.795180722891566,30,71,42.25352112676056,14.933133775937147,-21.42838001172138,-1.6605528713159339,,-0.9300805530726904,3
21,45,0.55,0.30000000000000004,-0.1,10,60,2,20000,2224.9851704132284,-17775.014829586773,-88.87507414793386,-30.81829485768316,-0.9196895692174487,-0.8439531176053977,-90.26675106523221,0.3414135824542084,35.299002962413596,179,68,111,37.988826815642454,621.0687971446569,-525.5203004168371,2741.005721463445,-2075.8079941946926,0.7239959676708446,13.64804469273743,26,71,36.61971830985916,20.053895986350124,-32.04014893082638,-2.4324503062892546,,-0.9196895692174487,1
28,42,0.45,0.6,-0.1,5,45,5,20000,1831.6412436329103,-18168.358756367088,-90.84179378183545,-33.03985350928039,-0.9217946305087605,-0.8322811718535772,-91.168581293495,0.3624039448734718,37.728352817694244,164,58,106,35.36585365853659,377.35641670468505,-362.4635461002754,2771.9101319560164,-2806.6815166012466,0.5696518768589671,18.317073170731707,25,71,35.2112676056338,27.173933441309895,-22.696545320559892,-2.48070361472001,,-0.910859710818987,2
28,36,0.55,0.6,-0.4,10,40,2,20000,405.00985531241975,-19594.99014468758,-97.9749507234379,-48.01715634395762,-0.9758869435226777,-1.074580113317698,-98.76656321038737,0.48616814013943144,54.00554789936691,141,49,92,34.751773049645394,434.53090061538455,-422.2821205720097,7286.191395535135,-4279.315447969489,0.5480576252762729,22.872340425531913,23,71,32.3943661971831,35.70378422168903,-36.11012043847751,-4.010192564356037,,-0.9194460289445849,2
28,42,0.55,0.30000000000000004,-0.1,10,50,8,20000,2265.1175648821363,-17734.882435117863,-88.67441217558931,-30.6104909717805,-0.9784283717740336,-0.9396778720159391,-90.0241996829402,0.34002513856928246,33.540820844883804,229,98,131,42.79475982532751,400.62337969097126,-414.6013540525519,1967.870182797988,-1710.9792666613832,0.7228702545330217,14.218340611353712,23,71,32.3943661971831,25.125723142654355,-24.00561620384488,-2.431800337784378,,-0.9784283717740336,1
14,30,0.5,0.2,-0.4,5,60,8,20000,4732.834143617288,-15267.165856382711,-76.33582928191356,-21.478723076508743,-0.9792542663815573,-0.9692498448222739,-80.6454112719159,0.2663353405699418,23.812072359448464,229,124,105,54.14847161572053,308.1741147903983,-461.5808788149903,1451.6313063344878,-2558.657994416601,0.7884619387699687,6.777292576419214,24,71,33.80281690140845,14.522885865304369,-19.742394935937746,-1.8428381792830435,,-0.20301488048011307,2
28,33,0.55,0.2,-0.5,5,40,2,20000,594.8450869224636,-19405.154913077535,-97.02577456538768,-44.55424248615948,-0.9802553883860479,-1.0622729273622364,-97.38689201586178,0.4574973239612448,49.49759102152018,114,68,46,59.64912280701754,321.924817850592,-843.3955074935053,1964.915665282171,-5044.701121473336,0.5642534931028252,17.45614035087719,29,71,40.845070422535215,22.892792222098212,-38.916060873749515,-3.448809979866624,,-0.9802553883860479,1
21,42,0.55,0.4,-0.1,20,45,8,20000,6660.447443136333,-13339.552556863666,-66.69776278431833,-16.846151019866152,-1.0023449521238788,-0.5616228911544198,-68.90634190998229,0.24447896308112813,18.633710992767632,72,27,45,37.5,675.3181520155287,-685.1876146951773,2376.716557994238,-2289.194829485756,0.5913575822434799,10.625,10,71,14.084507042253522,21.268126854079906,-27.40054389914477,-1.3331406156003505,,-0.577908487420698,2
21,33,0.55,0.6,-0.4,5,35,8,20000,2188.9344148969403,-17811.06558510306,-89.0553279255153,-31.007641007798348,-1.0031806104356011,-1.0595711932006637,-89.1144629515777,0.3470118165326288,33.26361952891625,224,108,116,48.214285714285715,189.64476813472066,-311.8581648464583,1835.5341304241706,-4179.201247672939,0.5661734676567453,13.65625,28,71,39.436619718309856,15.900513005479876,-26.641788408765375,-2.3785742841567736,,-1.0031806104356011,1
28,33,0.45,0.2,-0.1,20,50,8,20000,4391.906919715466,-15608.093080284534,-78.04046540142268,-22.457470104131406,-1.0164318724637482,-0.5233292478505358,-86.21026842794663,0.2604964642106532,24.027897404708394,99,54,45,54.54545454545454,625.1375826052439,-1029.4405009103943,2253.8941068604677,-3583.228281053724,0.7287114684752327,9.595959595959595,12,71,16.901408450704224,22.79523152917622,-27.06250601547898,-1.6900304222515314,,-1.0164318724637482,1
28,45,0.55,0.4,-0.1,20,45,2,20000,4821.687401438836,-15178.312598561164,-75.89156299280582,-21.2333071776865,-1.0300253200819813,-0.6022073455844772,-79.15667147582464,0.2682440630941815,22.57379991720016,84,25,59,29.761904761904763,735.0604233806564,-554.7342912386039,2525.089440045267,-2085.4116655224343,0.5614693124487768,14.880952380952381,11,71,15.492957746478872,14.669745596892803,-17.531793180469947,-1.7908113573890077,,-1.0300253200819813,1
21,42,0.55,0.1,-0.4,20,50,2,20000,4522.708994766187,-15477.291005233812,-77.38645502616906,-22.07472171355954,-1.051079465251463,-0.7577015801224113,-78.98620853860866,0.2794756467234322,23.08243912184703,70,44,26,62.857142857142854,469.75183540262054,-1365.9450678057376,2166.4023663072526,-3591.1088041679504,0.5819887367832058,13.285714285714286,14,71,19.718309859154928,22.905732205444608,-21.65504664991129,-1.7783445023280227,,-1.051079465251463,1
28,36,0.55,0.1,-0.4,20,25,11,20000,4064.733829640884,-15935.266170359117,-79.67633085179558,-23.45811442457744,-1.1263523773420594,-0.6595563796621478,-88.47958434163604,0.265124600201571,23.080837868883663,67,46,21,68.65671641791045,495.6756593896395,-1727.2165001086923,1937.062909841103,-6011.76643597169,0.6286216754085345,11.134328358208956,14,71,19.718309859154928,20.32791530530813,-23.297400212992404,-1.898236399806258,,-0.6817436037518834,2
21,42,0.55,0.5,-0.1,10,30,8,20000,2301.9935654735814,-17698.006434526418,-88.4900321726321,-30.422232486193057,-1.1280729234595135,-1.0240610947293374,-88.89378101598018,0.34223128028184713,29.88266382591792,176,73,103,41.47727272727273,357.25172925583007,-408.218863893665,1385.2803314606817,-1746.2956472502174,0.6202501891161633,11.306818181818182,24,71,33.80281690140845,17.819510973897735,-30.258321136558585,-2.5374402604261763,,-1.1280729234595135,1
14,30,0.55,0.6,-0.1,20,35,5,20000,4191.190814173468,-15808.809185826532,-79.04404592913266,-23.063668506689737,-1.1317419861147198,-0.6111440442316453,-80.53784664272601,0.28637056325832116,22.624791488234944,74,27,47,36.486486486486484,677.6898287405834,-706.7220119536656,1940.3482330217753,-2142.0703183471396,0.550868901247977,8.445945945945946,7,71,9.859154929577464,12.89114458764633,-19.629539537963893,-2.0369831470105964,,-1.1317419861147198,1
28,36,0.55,0.5,-0.3,5,50,8,20000,595.2999503614085,-19404.70004963859,-97.02350024819296,-44.547131367343404,-1.1386986732114246,-1.2028315937988368,-97.17361742281805,0.45842824985625125,44.61121876614988,174,73,101,41.95402298850575,261.4092881843257,-356.50721687997833,2149.136190031249,-3916.452596164555,0.5299735252570538,18.149425287356323,23,71,32.3943661971831,33.755238056882185,-38.30211542591252,-3.6993075642656685,,-1.1386986732114246,1
28,33,0.55,0.1,-0.5,15,55,11,20000,1858.1010488750876,-18141.898951124913,-90.70949475562456,-32.87852998925877,-1.1669847710642134,-1.0716762574214842,-91.43974371056886,0.3595649840547243,31.52817599957794,103,65,38,63.10679611650486,167.53347545006457,-713.3572330362925,914.0335632391948,-4122.325131225929,0.4017207722325369,12.601941747572816,27,71,38.028169014084504,16.806464809726872,-27.148061081276786,-2.709292497365145,,-1.3247070762780138,2
21,39,0.55,0.6,-0.1,10,60,11,20000,1883.7817589631425,-18116.21824103686,-90.5810912051843,-32.72377455681945,-1.1807375350126375,-1.040464507960885,-90.90822181707557,0.3599649613944252,31.06160843079191,204,85,119,41.66666666666667,325.6105128456051,-362.85073912009756,1137.6339430988835,-1728.9308419482884,0.640976888488247,10.107843137254902,20,71,28.169014084507044,13.298109900375588,-29.197056799312126,-2.8587619299680784,,-1.0361539576923198,2
28,42,0.55,0.1,-0.1,20,40,2,20000,5472.835568205188,-14527.164431794812,-72.63582215897407,-19.541385972053437,-1.1814103203919522,-0.6242761617121746,-77.64241778027113,0.25168440822329574,18.595220866766862,85,50,35,58.82352941176471,515.356278078495,-1101.327952449131,1299.2462139362526,-1932.3523446286442,0.6684868505885447,8.635294117647058,9,71,12.676056338028168,16.0577614183953,-18.111919304674895,-1.6742857255933932,,-1.1814103203919522,1
21,45,0.5,0.6,-0.1,15,25,14,20000,4683.720416327796,-15316.279583672203,-76.58139791836102,-21.6160269463751,-1.2155315911910558,-0.8269031480549428,-76.69044076396017,0.2818607734033694,19.995027224391357,168,95,73,56.547619047619044,162.4840956867388,-400.9625845741432,497.5619098327818,-1670.7774685774389,0.5273606902008977,6.601190476190476,27,71,38.028169014084504,14.101564771795584,-21.746467853371897,-1.7457179739466226,,-1.2155315911910558,1
21,36,0.55,0.4,-0.19999999999999996,20,55,2,20000,2543.53653253191,-17456.46346746809,-87.28231733734044,-29.247647145364663,-1.2260921764292463,-0.7551306346889386,-89.21173456909442,0.3278452917279888,26.835102518717115,77,25,52,32.467532467532465,675.1077919036406,-648.4472743280604,3344.2218822456753,-3091.431308172417,0.5005357669768248,15.337662337662337,8,71,11.267605633802818,14.125672747302342,-25.154057498137583,-2.6252132659368557,,-0.6233950475907685,3
21,30,0.55,0.6,-0.3,10,45,5,20000,290.18798816806566,-19709.812011831935,-98.54906005915967,-50.8449267698474,-1.2301225365834423,-1.1855336014072604,-98.54906005915967,0.515935177254099,49.2190551922434,131,52,79,39.69465648854962,307.09472006864604,-429.3979424734372,2818.737843834378,-2930.6945842367013,0.47074817263836766,15.633587786259541,21,71,29.577464788732392,22.085275518541735,-35.054438790532096,-4.7499703782999445,,-0.7850430816935741,2
28,45,0.55,0.5,-0.5,15,50,11,20000,1829.6677081955186,-18170.33229180448,-90.8516614590224,-33.05196356991226,-1.2567728849134436,-1.2178567107220026,-91.44678405114612,0.3614338537200643,29.893928362595577,102,52,50,50.98039215686274,170.0737210219462,-523.0453156989139,1103.2711763211578,-3545.98667062673,0.33816700877336875,19.666666666666668,25,71,35.2112676056338,10.207180397290895,-23.198037774963996,-2.922475258998988,,-0.6494641855027722,2
21,39,0.55,0.2,-0.1,10,35,11,20000,1885.9914697156933,-18114.008530284307,-90.57004265142153,-32.710540737984864,-1.2645078212880134,-1.1008374323914876,-90.89717326331281,0.359863124051485,29.400736596743897,210,95,115,45.23809523809524,309.41720509403433,-390.8188620573553,1829.000637500009,-1621.560243875202,0.6540255398780669,9.40952380952381,22,71,30.985915492957744,13.142945436333209,-24.497698116826307,-2.8471664160959502,,-0.5323233669907528,3
14,33,0.55,0.1,-0.1,20,55,2,20000,3628.533352963933,-16371.466647036068,-81.85733323518033,-24.902130113879306,-1.317646817758435,-0.6613669520396864,-82.52146563123969,0.3017654851788314,21.454319822546115,81,39,42,48.148148148148145,453.6549472861785,-790.5573712189776,2022.7095336878842,-1976.5458545774131,0.5328531967648178,6.654320987654321,7,71,9.859154929577464,26.578723335830333,-19.19233058916805,-2.1973484213497625,,-1.317646817758435,1
28,45,0.55,0.1,-0.1,10,35,8,20000,1580.7857492680846,-18419.214250731915,-92.09607125365957,-34.674283594670285,-1.3652406066946539,-1.2020383241955401,-92.27608627278208,0.37576673432126123,29.404230184335294,212,123,89,58.01886792452831,244.41504241725843,-512.0303403605482,1311.380469839789,-1518.8802296494785,0.6597012998402797,9.372641509433961,21,71,29.577464788732392,14.251457491772257,-23.02306366260012,-3.0370396682571488,,-1.3652406066946539,1
28,36,0.45,0.4,-0.1,5,35,11,20000,778.6524357391124,-19221.347564260886,-96.10673782130443,-41.99197989885831,-1.3919923484965875,-1.3001358572904638,-96.17168261917833,0.43663559537726515,35.810745058304654,244,121,123,49.59016393442623,226.5863677022382,-347.44649821240887,1270.4129772151152,-2642.712043959142,0.6415434827143327,13.25,26,71,36.61971830985916,25.099721380172333,-38.2943340418079,-3.4503789846830997,,-1.3919923484965875,1
21,39,0.5,0.1,-0.1,15,55,8,20000,2035.237871633884,-17964.762128366117,-89.82381064183058,-31.8452208083131,-1.4314966294552152,-1.0327214460690552,-89.85777574339104,0.35439582768278444,25.786279098518094,172,98,74,56.97674418604651,157.79068335410528,-432.5141769874113,532.5801837649014,-2057.9263145100654,0.48314263724974044,7.372093023255814,23,71,32.3943661971831,13.463673742919791,-24.803995036525116,-2.826260234977982,,-0.45069588397703,2
28,36,0.55,0.30000000000000004,-0.3,15,25,8,20000,700.3794073176288,-19299.62059268237,-96.49810296341185,-43.01394295768296,-1.4478414340242212,-1.2536864341991596,-96.79764251330373,0.44436973712217404,35.67991051782979,104,50,54,48.07692307692308,187.6726735885005,-504.0158198538404,2114.07769439718,-2973.1873758836464,0.34477289644165976,16.375,22,71,30.985915492957744,23.428260133346555,-33.649413728323516,-4.022349049263297,,-0.9532325878766014,2
21,36,0.55,0.1,-0.1,20,25,8,20000,4398.634795222155,-15601.365204777845,-78.00682602388923,-22.43755334228358,-1.4563331692295425,-0.6776937365700889,-79.88644056784584,0.2808681070628982,17.7106733828233,60,25,35,41.66666666666667,549.6031651290295,-810.135552371531,1217.3136297474903,-1828.7325324456322,0.48457778235838067,7.316666666666666,8,71,11.267605633802818,6.569798383492786,-17.447342559225344,-1.9943260154939138,,-1.4563331692295425,1
21,33,0.45,0.6,-0.1,10,45,5,20000,570.3668987448806,-19429.63310125512,-97.1481655062756,-44.94376909251021,-1.4600244495926198,-1.2826712055780725,-97.41292152521684,0.46137379301241693,37.31873301835146,170,49,121,28.823529411764703,345.56895168956004,-284.077288298722,2525.3716161782577,-2760.0472416078514,0.49261645154247224,11.794117647058824,20,71,28.169014084507044,36.427274280704445,-33.57533920661942,-3.963138522461858,,-1.6263590903020337,2
21,30,0.55,0.4,-0.5,10,45,11,20000,920.2997996218588,-19079.70020037814,-95.39850100189071,-40.342342088550055,-1.4601700410542215,-1.584747888264926,-95.39850100189071,0.42288234788668755,32.9661511853407,181,82,99,45.30386740331492,213.76076045298916,-334.95436926791166,1516.9042426100032,-3927.462275724033,0.5285924994227316,12.662983425414364,24,71,33.80281690140845,13.98423807148339,-21.533209746942994,-3.6020147026703153,,-1.4601700410542215,1
28,33,0.55,0.1,-0.4,15,60,5,20000,581.2346212272371,-19418.76537877276,-97.0938268938638,-44.76914502098032,-1.463132609385096,-1.2902831927278888,-97.32374184886379,0.46000229923858993,37.12482408412465,107,73,34,68.22429906542055,93.3189878374322,-731.3544556148622,914.0335632391948,-3878.732708618238,0.2739593020879943,12.36448598130841,23,71,32.3943661971831,24.112100530225412,-33.855014186929274,-4.10017685762714,,-1.2356793091111158,3
21,30,0.55,0.2,-0.4,20,55,8,20000,1590.1452143633403,-18409.85478563666,-92.04927392818331,-34.60955064804926,-1.4824293814918141,-0.9915690927444385,-92.57451608266582,0.3738561335513127,27.40758453177753,65,25,40,38.46153846153847,325.59703862279673,-641.3845187801644,1444.581070711152,-3390.793936678418,0.3172794839611607,12.76923076923077,6,71,8.450704225352112,19.684890699363212,-27.639888093535514,-3.2176307003810276,,-1.2185056745993903,4
28,36,0.55,0.4,-0.3,15,35,14,20000,834.7991164668604,-19165.20088353314,-95.8260044176657,-41.310377185955986,-1.4828706327115688,-1.3593808436878578,-96.05355057523029,0.4300765243821071,33.42948950520684,131,67,64,51.14503816793893,103.0716617411048,-378.8609721904243,692.3030676593918,-3824.670235117614,0.284809346450667,13.564885496183207,19,71,26.76056338028169,12.737632113891962,-33.825828296668845,-3.9212313889509613,,-1.4828706327115688,1
21,33,0.55,0.5,-0.1,20,45,14,20000,3853.6459995369864,-16146.354000463014,-80.73177000231507,-24.139900470852716,-1.5046951596934077,-0.7778760101505494,-81.2710639296175,0.29702946293109184,18.515743637847702,110,42,68,38.18181818181819,350.93531704755054,-429.82554877147305,1455.2333744095724,-2145.0058361616548,0.5042840450765408,6.4,8,71,11.267605633802818,10.539139775951778,-17.672649122707128,-2.146166512653933,,-1.5046951596934077,1
28,36,0.55,0.6,-0.1,5,30,2,20000,310.4515414784234,-19689.548458521578,-98.44774229260788,-50.285095772718336,-1.59449594864908,-1.3056630179529038,-98.49726526933587,0.5105227605580342,39.93388318021596,124,20,104,16.129032258064516,360.6367128720688,-240.33829534579758,1515.0859948809002,-1713.257261308878,0.2885649742754242,12.693548387096774,11,71,15.492957746478872,26.39952362932798,-36.575685903834454,-4.957987649688141,,-1.59449594864908,1
21,30,0.55,0.2,-0.19999999999999996,10,30,5,20000,291.7050221001289,-19708.29497789987,-98.54147488949934,-50.80190660541195,-1.616421951544261,-1.3042645949300504,-98.5746855702886,0.5153646325271583,39.95969204925604,134,58,76,43.28358208955223,257.5645586883779,-426.4781497608659,1298.8607024012417,-2994.6831615925284,0.46089682783904035,12.149253731343284,19,71,26.76056338028169,23.6807574751551,-29.476871729061237,-4.938367557776595,,-1.616421951544261,1
28,39,0.5,0.5,-0.1,10,45,14,20000,626.1615453292907,-19373.83845467071,-96.86919227335355,-44.07489618527541,-1.7232061846642457,-1.5420248282364246,-96.955153871649,0.45459054444514174,31.849426184630214,263,124,139,47.14828897338403,78.15471635154559,-194.24053161301885,809.225308235884,-1846.6709088211123,0.35894029725082693,11.330798479087452,25,71,35.2112676056338,14.216228273910382,-30.37343524441202,-4.031886936246447,,-1.7232061846642457,1
21,30,0.45,0.6,-0.19999999999999996,15,60,14,20000,1733.4708735185404,-18266.52912648146,-91.33264563240729,-33.65586477744501,-1.7496283374110817,-1.3823766260909776,-91.71536087258903,0.36695995585951774,23.03703245691501,157,69,88,43.94904458598726,182.16385931899137,-308.88108431240784,794.0848049733049,-2460.4925143528385,0.4624207609698513,6.968152866242038,14,71,19.718309859154928,7.938681795793867,-23.813596681601602,-3.146989273366978,,-1.7496283374110817,1
21,33,0.55,0.6,-0.1,20,30,11,20000,2108.3092756920137,-17891.690724307988,-89.45845362153993,-31.440679530703054,-1.7819328219333745,-0.9406883064247046,-90.13406616713294,0.3488212711096771,21.020795979028115,81,26,55,32.098765432098766,355.9293952600065,-469.94827274669433,1699.944467539561,-2263.993798390353,0.3580341541023653,8.333333333333334,3,71,4.225352112676056,9.704249251760967,-16.103220715335453,-2.9602939427626094,,-1.1887273079188947,2
14,30,0.5,0.6,-0.1,15,50,8,20000,1608.0731585676892,-18391.926841432312,-91.95963420716157,-34.486435818153424,-1.792693731011448,-1.2356323916420011,-92.0123425087031,0.37480228062763954,23.160689184929005,170,79,91,46.470588235294116,128.00231485130462,-296.4176891723668,669.9836798466868,-1655.277260617912,0.3748861582024166,5.870588235294117,15,71,21.12676056338028,18.73479301714729,-23.035498393202726,-3.2673368957203173,,-1.6263590903020337,2
21,30,0.55,0.1,-0.3,5,55,2,20000,279.83861157254756,-19720.161388427452,-98.60080694213727,-51.14351545862933,-1.7992167001669814,-1.4169083114696386,-98.59063839818013,0.5181437585577526,36.88856084907848,111,62,49,55.85585585585585,135.9989855352439,-535.797928400257,773.3321490374929,-3515.508606105218,0.3211665068552582,11.288288288288289,19,71,26.76056338028169,20.175126650475118,-33.91070008739804,-4.70156260688935,,-1.7992167001669814,1
28,33,0.5,0.5,-0.1,5,55,11,20000,303.07876930218595,-19696.921230697815,-98.48460615348907,-50.485168343312246,-1.8493379242904224,-1.4971005495253404,-98.53332220175062,0.512366448377149,35.5196677077247,129,41,88,31.782945736434108,211.61670852142964,-296.5409804554141,1266.0619920053157,-1713.257261308878,0.33248068491908594,11.286821705426357,15,71,21.12676056338028,19.473657445215164,-38.02656700605914,-4.962708481825615,,-1.8493379242904224,1
28,36,0.5,0.2,-0.1,5,25,8,20000,296.4115104310978,-19703.5884895689,-98.5179424478445,-50.6696141746739,-1.8625620849694884,-1.4411857856924077,-98.56558681924236,0.5140700300156077,35.470815642819815,156,65,91,41.66666666666667,126.42614224309136,-282.2987663227455,617.8244434521343,-1713.257261308878,0.31988941536234333,9.166666666666666,18,71,25.352112676056336,21.911159900998143,-37.84944333901199,-4.746759482892731,,-1.8625620849694884,1
21,30,0.5,0.30000000000000004,-0.5,5,60,14,20000,922.6510199307929,-19077.348980069208,-95.38674490034605,-40.31679746068012,-1.9703798263575996,-2.146523208995634,-95.44859784715169,0.422392768149849,25.529547385037787,214,81,133,37.850467289719624,129.7879646734084,-181.31779117072892,798.8431416377374,-1657.9176400561696,0.4359406626554003,7.121495327102804,13,71,18.30985915492958,7.670798231026499,-21.646440485964558,-4.034399146198904,,-1.9703798263575996,1
28,39,0.55,0.30000000000000004,-0.1,10,55,14,20000,353.2921276136328,-19646.707872386367,-98.23353936193183,-49.195101047705805,-1.9744197278306688,-1.7882283442531592,-98.4127520745184,0.499885431620235,32.547472218537585,236,89,147,37.71186440677966,140.76441844259716,-202.77205395619728,1246.1211358267658,-2130.774125562822,0.42029813411191824,10.004237288135593,19,71,26.76056338028169,14.635365789369303,-37.81452262849382,-4.979575960163828,,-1.4469460434221055,2
21,33,0.5,0.1,-0.1,15,40,5,20000,539.7334292622807,-19460.26657073772,-97.3013328536886,-45.4513457541303,-2.0682792774343555,-1.4524982328864386,-97.3013328536886,0.4671194568575458,28.25621152978954,151,69,82,45.6953642384106,98.20316425978838,-303.6571329836967,514.5516783714917,-1940.0589168211684,0.27213050822802876,7.066225165562914,17,71,23.943661971830984,18.68083645983254,-34.16661597040777,-4.520837509943502,,-2.0682792774343555,1
28,36,0.55,0.2,-0.1,5,45,2,20000,340.6137463933913,-19659.386253606608,-98.29693126803303,-49.50566210553258,-2.18972552833432,-1.3140982805804484,-98.35126569509221,0.503355617801703,29.958709645920955,88,24,64,27.27272727272727,212.48203470074813,-356.7352357253837,661.9066176912507,-1713.257261308878,0.22336106734945335,8.772727272727273,4,71,5.633802816901409,12.604486254668302,-35.8862626704907,-5.000691020057071,,-2.18972552833432,1
21,33,0.55,0.6,-0.1,10,40,8,20000,331.4337930208157,-19668.566206979183,-98.34283103489592,-49.73658968007887,-2.2538674097731146,-1.6371868879726121,-98.34283103489592,0.5057469787749995,29.400278933742435,128,35,93,27.34375,159.29028627548234,-254.67770136151685,861.1318175288887,-2055.6595021244584,0.23538753836698795,9.609375,10,71,14.084507042253522,15.33855570164111,-37.48310435085271,-5.037628088560278,,-2.2538674097731146,1
28,33,0.55,0.30000000000000004,-0.1,15,35,11,20000,348.2246600160988,-19651.775339983902,-98.25887669991951,-49.318099718210505,-2.327490647039663,-1.4618435459393195,-98.25887669991951,0.5019200440162461,28.24849762417316,82,15,67,18.29268292682927,117.14321697617724,-301.0645312630829,284.6158362092634,-2214.4497112367862,0.08711120251477925,9.658536585365853,6,71,8.450704225352112,9.498498173873383,-27.385355227446517,-5.210490807370261,,-2.327490647039663,1
28,33,0.55,0.6,-0.1,15,55,11,20000,340.51737359990034,-19659.4826264001,-98.29741313200049,-49.5080593741703,-2.3609031816973296,-1.5017416224439755,-98.29741313200049,0.5036557707544908,28.033226856476972,87,16,71,18.39080459770115,60.686843373232676,-273.8348185967862,134.21172711457777,-2214.4497112367862,0.049942182063911635,10.770114942528735,6,71,8.450704225352112,9.35783873526157,-27.385355227446517,-5.257156363284561,,-2.3609031816973296,1
21,30,0.5,0.30000000000000004,-0.19999999999999996,5,60,14,20000,460.36389582154163,-19539.63610417846,-97.6981805208923,-46.88778920042832,-2.3759132342842397,-2.204125566263172,-97.7290425293271,0.47977334052319154,25.994259558761524,221,82,139,37.10407239819005,92.26464579256209,-162.12146124254963,667.9310834007324,-2472.5465915918894,0.3357328687771826,6.900452488687783,11,71,15.492957746478872,6.035905927586871,-20.049798334375435,-4.948683422307152,,-2.3759132342842397,1
21,30,0.5,0.1,-0.1,5,40,8,20000,316.14636221494106,-19683.853637785058,-98.41926818892529,-50.133246505188865,-2.434357418801099,-1.6661701443635846,-98.44046210049366,0.5092747985478774,27.738877878276835,138,58,80,42.028985507246375,112.0939745254157,-296.7175520032397,645.6925529199591,-1848.8394720440995,0.2738905433206023,7.22463768115942,9,71,12.676056338028168,8.888750312383188,-25.802457875322183,-5.116556921873801,,-2.434357418801099,1
21,30,0.55,0.2,-0.4,5,30,14,20000,305.8995802579706,-19694.10041974203,-98.47050209871014,-50.40814742328732,-2.5145380212989923,-2.5529784849236177,-98.45938657283314,0.5113566488505773,27.130237898458464,203,68,135,33.497536945812804,113.83888480892033,-174.75433306323066,872.2199395007518,-3235.2735750566926,0.3281238690831487,7.152709359605911,7,71,9.859154929577464,2.399932818659556,-18.80835833213791,-5.309101757327232,,-2.5145380212989923,1
28,30,0.55,0.5,-0.5,20,25,2,20000,20000.0,0.0,0.0,0.0,,,0.0,,0.0,0,0,0,0.0,0.0,0.0,0.0,0.0,0.0,,0,71,0.0,0.0,0.0,0.0,True,,0
28,30,0.45,0.2,-0.1,15,35,14,20000,20000.0,0.0,0.0,0.0,,,0.0,,0.0,0,0,0,0.0,0.0,0.0,0.0,0.0,0.0,,0,71,0.0,0.0,0.0,0.0,True,,0
28,30,0.55,0.1,-0.5,5,45,8,20000,20000.0,0.0,0.0,0.0,,,0.0,,0.0,0,0,0,0.0,0.0,0.0,0.0,0.0,0.0,,0,71,0.0,0.0,0.0,0.0,True,,0
28,30,0.5,0.5,-0.3,10,25,8,20000,20000.0,0.0,0.0,0.0,,,0.0,,0.0,0,0,0,0.0,0.0,0.0,0.0,0.0,0.0,,0,71,0.0,0.0,0.0,0.0,True,-0.05539867166971732,1
28,30,0.5,0.6,-0.5,15,55,14,20000,20000.0,0.0,0.0,0.0,,,0.0,,0.0,0,0,0,0.0,0.0,0.0,0.0,0.0,0.0,,0,71,0.0,0.0,0.0,0.0,True,,0
28,30,0.55,0.6,-0.19999999999999996,20,40,8,20000,20000.0,0.0,0.0,0.0,,,0.0,,0.0,0,0,0,0.0,0.0,0.0,0.0,0.0,0.0,,0,71,0.0,0.0,0.0,0.0,True,,0
28,30,0.5,0.1,-0.3,15,30,5,20000,20000.0,0.0,0.0,0.0,,,0.0,,0.0,0,0,0,0.0,0.0,0.0,0.0,0.0,0.0,,0,71,0.0,0.0,0.0,0.0,True,-1.616421951544261,1
28,30,0.45,0.6,-0.3,10,60,5,20000,20000.0,0.0,0.0,0.0,,,0.0,,0.0,0,0,0,0.0,0.0,0.0,0.0,0.0,0.0,,0,71,0.0,0.0,0.0,0.0,True,,0
28,30,0.55,0.1,-0.4,5,25,8,20000,20000.0,0.0,0.0,0.0,,,0.0,,0.0,0,0,0,0.0,0.0,0.0,0.0,0.0,0.0,,0,71,0.0,0.0,0.0,0.0,True,,0
28,30,0.5,0.4,-0.3,20,45,8,20000,20000.0,0.0,0.0,0.0,,,0.0,,0.0,0,0,0,0.0,0.0,0.0,0.0,0.0,0.0,,0,71,0.0,0.0,0.0,0.0,True,,0
28,30,0.45,0.4,-0.5,20,30,14,20000,20000.0,0.0,0.0,0.0,,,0.0,,0.0,0,0,0,0.0,0.0,0.0,0.0,0.0,0.0,,0,71,0.0,0.0,0.0,0.0,True,-0.7609882911740758,1
28,30,0.45,0.5,-0.1,15,35,2,20000,20000.0,0.0,0.0,0.0,,,0.0,,0.0,0,0,0,0.0,0.0,0.0,0.0,0.0,0.0,,0,71,0.0,0.0,0.0,0.0,True,,0
28,30,0.55,0.5,-0.4,15,55,2,20000,20000.0,0.0,0.0,0.0,,,0.0,,0.0,0,0,0,0.0,0.0,0.0,0.0,0.0,0.0,,0,71,0.0,0.0,0.0,0.0,True,,0
28,30,0.55,0.5,-0.5,20,40,8,20000,20000.0,0.0,0.0,0.0,,,0.0,,0.0,0,0,0,0.0,0.0,0.0,0.0,0.0,0.0,,0,71,0.0,0.0,0.0,0.0,True,,0
28,30,0.5,0.30000000000000004,-0.19999999999999996,10,50,8,20000,20000.0,0.0,0.0,0.0,,,0.0,,0.0,0,0,0,0.0,0.0,0.0,0.0,0.0,0.0,,0,71,0.0,0.0,0.0,0.0,True,,0
28,30,0.45,0.1,-0.19999999999999996,5,35,14,20000,20000.0,0.0,0.0,0.0,,,0.0,,0.0,0,0,0,0.0,0.0,0.0,0.0,0.0,0.0,,0,71,0.0,0.0,0.0,0.0,True,,0
28,30,0.5,0.5,-0.1,20,40,14,20000,20000.0,0.0,0.0,0.0,,,0.0,,0.0,0,0,0,0.0,0.0,0.0,0.0,0.0,0.0,,0,71,0.0,0.0,0.0,0.0,True,-1.5046951596934077,1
