{
  "timestamp": "2025-08-14T14:16:28.913621",
  "document": "trading_recommendation_aug1425.md",
  "file_type": ".md",
  "validation": {
    "feasible": true,
    "total_sells": 307.7749891281128,
    "total_buys": 298.61999893188477,
    "final_cash": 165.17498668670652,
    "warnings": [],
    "phase_results": {
      "HIGH Priority SELLS (Generate Cash)": {
        "sells": 307.7749891281128,
        "buys": 0,
        "warnings": []
      },
      "HIGH Priority BUYS (Use Generated Cash)": {
        "sells": 0,
        "buys": 298.61999893188477,
        "warnings": []
      }
    }
  },
  "orders_parsed": 3,
  "orders_executed": 3,
  "orders_failed": 0,
  "total_proceeds": 307.7749891281128,
  "total_invested": 298.61999893188477,
  "predicted_cash": 165.17498668670652,
  "actual_cash": 165.17498668670652,
  "cash_variance": 0.0,
  "updated_holdings": {
    "IONS": {
      "shares": 14,
      "entry_price": 41.59214273725237,
      "allocation": 582.2899983215332
    },
    "CRGY": {
      "shares": 18,
      "entry_price": 9.1,
      "allocation": 163.79999999999998
    },
    "QS": {
      "shares": 23,
      "entry_price": 8.5,
      "allocation": 138.0
    },
    "RIG": {
      "shares": 65,
      "entry_price": 3.0,
      "allocation": 195.0
    },
    "AMD": {
      "shares": 1,
      "entry_price": 176.78,
      "allocation": 176.78
    },
    "NVDA": {
      "shares": 2,
      "entry_price": 179.0800018310547,
      "allocation": 358.1600036621094
    },
    "GOOGL": {
      "shares": 1,
      "entry_price": 193.0,
      "allocation": 193.0
    }
  }
}