{
  "sp500_price": 6783.16015625,
  "sp500_50ma": 6676.747587890625,
  "sp500_200ma": 6133.32888671875,
  "sp500_1m_return": 1.930057722333045,
  "sp500_ytd_return": 13.027236303029143,
  "trend": "STRONG_BULL",
  "vix_level": 18.170000076293945,
  "vix_20ma": 18.516000032424927,
  "volatility_regime": "MODERATE",
  "leading_sectors": [
    "Technology",
    "Energy",
    "Consumer Discretionary"
  ],
  "lagging_sectors": [
    "Utilities",
    "Materials",
    "Consumer Staples"
  ],
  "sector_performance": {
    "Technology": 5.258803606640618,
    "Communication Services": -0.2216311996776175,
    "Healthcare": 3.0856340074609263,
    "Financials": 1.0354679816645873,
    "Energy": 4.728935369127685,
    "Industrials": 1.9679868760157684,
    "Consumer Staples": -2.394496754478948,
    "Consumer Discretionary": 3.864479273394809,
    "Utilities": -0.6430091145046976,
    "Real Estate": 0.9348540109365908,
    "Materials": -1.2895741357108115
  },
  "market_breadth": "MODERATE",
  "risk_appetite": "NEUTRAL",
  "summary": "S&P 500 at 6783 (+1.93% 1M), moderate volatility (VIX 18.2), Technology leadership. Strong bull environment with moderate breadth. Neutral risk environment (maintain balanced allocation).",
  "analysis_date": "2025-11-10",
  "data_quality": "COMPLETE"
}