dte,short_delta,long_delta,profit_target,stop_loss,dte_min,initial_capital,final_value,total_pnl,total_return_pct,annualized_return_pct,sharpe_ratio,sortino_ratio,max_drawdown_pct,calmar_ratio,volatility_pct,total_trades,winning_trades,losing_trades,win_rate_pct,avg_win,avg_loss,largest_win,largest_loss,profit_factor,avg_days_in_trade,positive_months,total_months,positive_months_pct,best_month_pct,worst_month_pct,avg_monthly_return_pct,below_min_trades,stability_score,stability_n
21,0.35,0.15,0.8,0.30000000000000004,5,150000,229890.0009964132,79890.0009964132,53.260000664275466,7.431413056457203,0.7411270426967251,0.775890540366912,-16.765421390026933,0.4432583520315122,7.346286124588961,1401,1027,374,73.30478229835832,220.75658159013375,-387.71579758472393,468.37509408716187,-1305.6036362562008,1.5635040299875396,16.16345467523198,46,71,64.7887323943662,4.670442136205355,-5.353726402908987,0.6279685776205466,,0.6072749589534119,12
21,0.35,0.17,0.9,0.30000000000000004,5,150000,224157.6467159762,74157.64671597621,49.43843114398414,6.97693224414897,0.7367714457164347,0.7726873545417301,-14.9435915147848,0.466884566353823,6.757194829752235,1401,1010,391,72.09136331192005,204.83892680711782,-334.80401370650793,434.28570760074547,-1172.7534315975836,1.5803979309179197,17.931477516059957,47,71,66.19718309859155,4.12788275343603,-4.887615575378068,0.5885256878221353,,0.6254449790552487,18
24,0.35,0.19,0.9,0.3,5,150000,219094.639991652,69094.63999165196,46.06309332776797,6.567404073225225,0.7022868097113545,0.7681686006178279,-14.33486170654758,0.45814212984179,6.519473659040852,1217,894,323,73.45932621199671,199.40198638785185,-334.80002595347975,412.4777662610445,-1209.2976493273718,1.6484622029484246,15.80443714050945,50,71,70.4225352112676,4.571553342925783,-4.69794297048497,0.5562979347193647,,0.5326808067319088,42
27,0.35,0.1699999999999999,0.9,0.3,5,150000,235203.9079665652,85203.90796656517,56.80260531104344,7.844371824010565,0.7004917821621571,0.7696681075713743,-19.08324904535612,0.4110606011254401,8.444354737364819,1253,936,317,74.70071827613727,236.55506389778287,-427.49247644183015,477.30146579734674,-1412.761766769927,1.6338807649312204,18.599361532322423,48,71,67.6056338028169,6.37567438592852,-6.415062508057856,0.6710419226695964,,0.5602705708868887,27
24,0.35,0.1699999999999999,0.9,0.3,5,150000,224851.04080498675,74851.04080498673,49.90069386999115,7.032417593248486,0.6991419897105301,0.7566638692054876,-15.861322723187188,0.4433689242680881,7.243643174856611,1218,905,313,74.30213464696223,218.53165204902672,-389.73881651068297,477.30146579734674,-1209.2976493273718,1.6212311087747735,15.780788177339902,50,71,70.4225352112676,5.040565864781987,-5.318472795974849,0.5966680059351207,,0.5329401441340521,48
21,0.35,0.19,0.9,0.30000000000000004,5,150000,215176.90922585444,65176.90922585444,43.451272817236294,6.24507342960543,0.6991407395692955,0.7548531680726102,-13.3398484822388,0.4681517513426308,6.0751804295820975,1401,998,403,71.23483226266953,184.419260709144,-290.45214134467597,401.9087483076697,-1061.7897201837561,1.5723788344576315,17.743754461099215,46,71,64.7887323943662,3.6882419834865177,-4.50832239429152,0.5264975389862765,,0.5956984283106826,15
21,0.35,0.17,0.9,0.30000000000000004,7,150000,217400.1821606705,67400.18216067049,44.933454773780326,6.428586302581585,0.6962441162636975,0.7514704158957842,-12.459430777086737,0.5159614766995573,6.375546550116275,1401,978,423,69.80728051391864,195.0017509126568,-287.21094617479787,434.28570760074547,-1106.2044863892752,1.56976994799077,16.705924339757317,45,71,63.38028169014085,4.079397220122183,-4.604350837176552,0.5425778841378756,,0.5992173378234634,21
21,0.35,0.1699999999999999,0.9,0.3,5,150000,219010.0750062199,69010.07500621991,46.00671667081327,6.560497337900095,0.6746665651945108,0.7228222562968651,-15.403336826447047,0.4259140348496389,6.805150459604907,1205,888,317,73.6929460580913,211.32682505375163,-370.758893299898,433.2280928863998,-1209.2976493273718,1.596675843257497,14.854771784232366,48,71,67.6056338028169,4.664920903722303,-5.222351847617823,0.556725268131711,,0.5304810986375683,35
24,0.35,0.21,0.9,0.3,5,150000,209618.715515244,59618.715515244,39.745810343496,5.779290735413611,0.6683599680838512,0.739669627737539,-12.235232530519111,0.4723482550084734,5.660338543756563,1200,864,336,72.0,179.28341767114668,-280.0845283384864,378.9578039764507,-995.4200511090276,1.6459834654836971,15.715833333333334,47,71,66.19718309859155,3.549277199932943,-4.048900193015459,0.4884005180985246,,0.5266717213292397,24
21,0.35,0.19,0.8,0.30000000000000004,5,150000,210711.56310783626,60711.563107836264,40.47437540522418,5.871677547908716,0.6549959560543624,0.7192367157474618,-13.337643050191009,0.4402335199564834,5.933549189088691,1401,1012,389,72.23411848679515,174.8295231913943,-294.0735587709201,401.9087483076697,-1061.7897201837561,1.546641670647012,14.89007851534618,46,71,64.7887323943662,3.597059517612178,-4.6068742301594305,0.49468957264010815,,0.5715519438501556,18
24,0.3299999999999999,0.15,0.9,0.3,5,150000,223073.7642191902,73073.7642191902,48.71584281279346,6.8899132531275775,0.6548365119440753,0.6972419369657161,-17.403642661159516,0.3958891473050124,7.566856301186707,1230,937,293,76.1788617886179,211.0478163619752,-422.3791445626373,435.7073520486253,-1317.4323884215787,1.5979028349717792,15.773983739837398,48,71,67.6056338028169,5.056866556733541,-5.5249298825019615,0.5872310316399708,,0.5270908329088773,50
30,0.35,0.1699999999999999,0.9,0.3,5,150000,233673.1405495504,83673.14054955033,55.78209369970022,7.72621438055261,0.6548112157067187,0.720058773073729,-20.40678045522963,0.3786101583982406,8.930621147280808,1266,941,325,74.32859399684044,240.51245542382424,-436.70178130706233,477.30146579734674,-1412.761766769927,1.5946261111146447,19.4826224328594,48,71,67.6056338028169,6.498459090082376,-6.997011426523359,0.6664286341196508,,0.5483537943769097,17
21,0.35,0.19,0.9,0.30000000000000004,7,150000,209116.95476656788,59116.954766567884,39.41130317771192,5.736738727069413,0.6547238845554241,0.7250713831899774,-10.985063724418927,0.5222308100331814,5.722230210558313,1401,968,433,69.09350463954318,174.91010898445427,-250.2880617330637,388.6208702353835,-901.8091683913801,1.5622920984977555,16.417558886509635,45,71,63.38028169014085,3.6285020455221417,-4.1487664497452,0.4837803214262058,,0.5700572719976941,18
21,0.3299999999999999,0.13,0.9,0.3,5,150000,224905.1913261204,74905.19132612037,49.93679421741359,7.036744717946575,0.6525708050067613,0.6828245456550748,-18.39803254143712,0.3824726748416174,7.835622333290594,1197,915,282,76.44110275689223,222.59122826032203,-452.8620628394648,440.8775365815553,-1489.2035424982969,1.594828878847975,14.89390142021721,47,71,66.19718309859155,5.29326632791185,-6.022834390972287,0.5993121395089619,,0.5191088647693485,29
21,0.35,0.15,0.9,0.3,5,150000,223471.17904335,73471.17904334998,48.98078602889999,6.921860281178538,0.6507608520076935,0.6899763100310329,-17.53525087354689,0.3947397348971284,7.672675758276198,1203,896,307,74.4804655029094,230.86980163417385,-431.01101762060057,466.9970234464696,-1376.3352005258814,1.563321829164621,14.87281795511222,51,71,71.83098591549296,5.099088432351584,-5.786877773795396,0.5909075836988482,,0.5406115204787496,32
24,0.35,0.17,0.9,0.30000000000000004,9,150000,211968.24823590793,61968.24823590793,41.31216549060529,5.97742324091779,0.6499681129203234,0.7170331668164149,-11.450771725090881,0.5220105146118742,6.15386315149723,1401,993,408,70.8779443254818,177.25498558191646,-275.0604226641359,418.25629824164383,-1106.2044863892752,1.5684094077815907,15.948608137044967,45,71,63.38028169014085,3.9234990448739016,-4.323348876973487,0.5031494910060015,,0.49658334679376126,9
21,0.31,0.1699999999999999,0.9,0.3,5,150000,208769.12898719189,58769.128987191885,39.17941932479459,5.7071913437330535,0.6463464043433237,0.6788705799607352,-13.645054406259383,0.4182607979280022,5.756181878310289,1229,936,293,76.15947925142392,160.2859100050594,-306.9902153607662,346.8457112528746,-1033.6017572914875,1.667934692949848,14.815296989422295,52,71,73.23943661971832,3.716708096285881,-4.713528878884999,0.4817380532838651,,0.502830668603085,20
24,0.35,0.19,0.8,0.3,5,150000,213367.5189432905,63367.518943290575,42.24501262886039,6.094554954391596,0.6454753462091087,0.7131726511520781,-14.17261643577516,0.4300232763660663,6.3907397379175945,1218,906,312,74.38423645320196,187.4527273612079,-337.3298886658552,381.5499671375146,-1209.2976493273718,1.6136544660440972,14.100985221674875,49,71,69.01408450704226,4.384256422159383,-4.804114208469102,0.5170745837660436,,0.5216581332867746,46
27,0.3299999999999999,0.1699999999999999,0.9,0.3,5,150000,224438.1021574005,74438.10215740051,49.625401438267005,6.999391447231917,0.6434940641532751,0.6990729266006257,-18.751519901838414,0.3732706193350061,7.899486237934742,1280,972,308,75.9375,203.3443002120682,-396.6913691165924,423.9284892956194,-1412.761766769927,1.6176881359368946,18.546875,48,71,67.6056338028169,5.25222617399066,-6.389620912989125,0.5990891536642299,,0.5491485133325864,33
21,0.3299999999999999,0.15,0.9,0.3,5,150000,219026.7495024661,69026.74950246615,46.0178330016441,6.561859381340773,0.641662365704196,0.6783955816543394,-16.009252679262055,0.4098791812962528,7.200482431408535,1213,918,295,75.68013190436933,205.5288774876129,-401.92976006717697,435.7073520486253,-1184.0449439068072,1.591268082045439,14.916735366859028,50,71,70.4225352112676,4.926505667913239,-5.464727150992498,0.5581653935017928,,0.5359977271931993,37
27,0.35,0.15,0.9,0.3,5,150000,235258.75772128187,85258.75772128187,56.83917181418792,7.848593698875028,0.6412966333665476,0.700205221294031,-22.63106512667422,0.3468062000150511,9.357074182481844,1252,942,310,75.23961661341852,253.988110703646,-494.6660462934023,494.8769522160334,-1529.03108762235,1.560236720769087,18.523162939297123,48,71,67.6056338028169,7.460112454245582,-7.863117770555772,0.6800844942494392,,0.5515064997892076,22
24,0.31,0.15,0.9,0.3,5,150000,216942.90744314008,66942.90744314008,44.62860496209339,6.390970025414244,0.639205616469563,0.6711320661869236,-16.598757709438807,0.3850270084838968,6.948994389958418,1251,968,283,77.37809752198241,182.71243017449,-384.4932911634034,351.24240760614214,-1184.0449439068072,1.625429918634912,15.701838529176658,49,71,69.01408450704226,4.73048170074557,-5.325926992034913,0.5424159819046532,,0.4988101857785244,26
21,0.35,0.21,0.9,0.30000000000000004,5,150000,205247.38238862396,55247.382388623955,36.831588259082636,5.405692806385209,0.6371306067386069,0.6952374857055952,-11.640851957573286,0.4643726100191819,5.355738640472351,1401,980,421,69.95003568879372,163.57874460404037,-245.2220601505183,360.80884865605486,-924.687473126013,1.5527849532494433,17.544610992148467,47,71,66.19718309859155,3.3906643268246883,-3.9034429284169447,0.45601670761016044,,0.5244461209118414,16
27,0.3299999999999999,0.19,0.9,0.3,5,150000,217203.16563317308,67203.16563317308,44.80211042211539,6.412387433057765,0.6364496113438829,0.6955546244987478,-16.73673767811557,0.3831324572555379,7.018193245133296,1278,955,323,74.72613458528951,183.36463162727733,-331.0054219282944,391.0185598915212,-1242.6420786034157,1.6378771039816031,18.614241001564945,49,71,69.01408450704226,4.734288973091094,-5.273321012146126,0.5466940185498937,,0.5568347618335492,26
24,0.3299999999999999,0.21,0.9,0.3,5,150000,202691.6152361485,52691.6152361485,35.12774349076567,5.184185057715585,0.6302576604717983,0.6888424948598454,-10.497684633558348,0.4938408076332474,5.055089039886714,1186,876,310,73.86172006745363,152.81262766715466,-258.1225508689776,331.41405407281724,-745.8521703963629,1.6729220585184608,15.759696458684656,48,71,67.6056338028169,3.2814629543892693,-3.6268868610174754,0.4367540691039949,,0.5124251722309264,29
27,0.31,0.19,0.9,0.3,5,150000,210584.1564442012,60584.15644420113,40.389437629467416,5.86092744309521,0.6204548705151487,0.6810090774021876,-14.271171719138806,0.4106829879452174,6.281767842497573,1284,971,313,75.62305295950156,156.5971401313116,-288.756662263039,324.43234755403466,-872.6412171955166,1.6823901060708055,18.44003115264797,48,71,67.6056338028169,4.816923361911996,-4.608721116019787,0.497680110074775,,0.4712414890561023,13
21,0.35,0.1699999999999999,0.8,0.3,5,150000,213142.74073806463,63142.74073806463,42.095160492043085,6.075782144997399,0.6181609376484973,0.6682332743006107,-15.211537267886492,0.3994193379668572,6.674648935460035,1206,899,307,74.54394693200663,199.01977821157803,-372.9804033476041,413.0587617636716,-1209.2976493273718,1.5625414251087266,13.309286898839138,48,71,67.6056338028169,4.41708173484221,-5.295349104433411,0.5164986641171934,,0.5285625626224013,41
24,0.35,0.23,0.9,0.30000000000000004,5,150000,201112.6333117446,51112.633311744605,34.0750888744964,5.0461708808212435,0.6132195554486453,0.6873555169354887,-11.193000260558607,0.4508327314708206,4.97467772446735,1401,982,419,70.09279086366881,145.53814868563381,-214.76021168873515,319.7506112412958,-818.6747171998655,1.5882559377469514,18.2762312633833,47,71,66.19718309859155,3.2097166774633923,-3.5132600936524483,0.4256229148182903,,0.4660031211225721,11
30,0.35,0.1699999999999999,0.8,0.3,5,150000,225750.657712204,75750.65771220395,50.50043847480264,7.104193075336873,0.6088246996614103,0.6799117714652264,-19.65590133978763,0.3614279982651576,8.606034711975294,1268,958,310,75.55205047318611,223.8796008240115,-443.59677522742777,440.72410740891,-1412.761766769927,1.5596600886414418,17.204258675078865,48,71,67.6056338028169,6.438140278086912,-7.008419440570024,0.6141343269521223,,0.5262841460453794,19
21,0.3299999999999999,0.13,0.8,0.3,5,150000,218928.99301015152,68928.99301015152,45.95266200676768,6.55387298698713,0.6062985872243939,0.6414388659283354,-17.884014241250878,0.3664654310031866,7.665124057301567,1198,925,273,77.21202003338898,210.77078316387468,-457.2227876340716,426.0934439008905,-1489.2035424982969,1.5619302204294805,13.257929883138564,47,71,66.19718309859155,5.150679605012232,-6.016640549771002,0.5589830010125244,,0.5094583679256931,34
21,0.35,0.21,0.9,0.3,5,150000,202912.7549000176,52912.75490001758,35.275169933345055,5.203442743960407,0.6031615653349384,0.6539594965891633,-11.862370094283484,0.4386511888098958,5.336915581895154,1176,834,342,70.91836734693877,174.7697883924908,-267.8313520784882,373.3935816832486,-995.4200511090276,1.5912737229572145,14.773809523809524,47,71,66.19718309859155,3.656010928618425,-4.12386218716998,0.44022898053686,,0.5212305115900844,19
21,0.35,0.19,0.8,0.3,5,150000,207348.0546096233,57348.0546096233,38.23203640641553,5.5860455766081785,0.602448330528864,0.6552997232375984,-13.817213824923703,0.4042816191012389,6.00976539418542,1201,883,318,73.52206494587843,182.3544634066293,-322.1974446176462,381.5499671375146,-1209.2976493273718,1.571548866547151,13.323896752706078,48,71,67.6056338028169,3.947901203825488,-4.610392249194883,0.4745158517039098,,0.5157513979572261,35
21,0.32999999999999996,0.19,0.9,0.30000000000000004,5,150000,204857.69405853807,54857.694058538065,36.57179603902538,5.37206744071157,0.6020656065124335,0.644185484650823,-12.620377314653858,0.4256661513973848,5.64072576998784,1401,1011,390,72.1627408993576,158.47379392666093,-265.48208102909786,349.6159115703268,-1864.815762244112,1.5474220837535189,17.82441113490364,45,71,63.38028169014085,3.380624118043296,-4.167589497585189,0.4542142312143128,,0.5629441136361149,18
21,0.31,0.17,0.9,0.30000000000000004,5,150000,206022.0971092641,56022.09710926411,37.348064739509404,5.47238378745416,0.6013818171595136,0.6245274515907288,-13.275468984927718,0.41221773736711087,5.823033733957352,1401,1034,367,73.80442541042113,154.33572342900013,-277.2200024968805,321.8649983869749,-1720.7727863033308,1.568542799384428,18.03283369022127,47,71,66.19718309859155,3.5309383110660564,-4.1499485742835684,0.4632617095775457,,0.45784064308504846,9
21,0.35,0.19,0.9,0.4,5,150000,210885.34269856813,60885.34269856813,40.59022846571209,5.886331712773196,0.5986403792326209,0.6408960986842002,-16.15820108532235,0.364293752855952,6.5834319943387465,1201,902,299,75.10407993338885,190.45502979044588,-366.86603673041856,398.9085960036549,-1630.2831404949047,1.5661028783442106,15.46211490424646,48,71,67.6056338028169,4.13242528200346,-4.95455684038566,0.5022593818588611,,0.5743591922251657,26
21,0.35,0.15,0.8,0.4,5,150000,221473.5778844145,71473.5778844145,47.649051922942995,6.760797702090282,0.5985818897060955,0.6252850580327866,-19.384263713135702,0.34877763747657037,8.153602248062555,1401,1055,346,75.30335474660956,218.20527711510383,-453.5019926937942,468.37509408716187,-3753.119417034305,1.4671090989523514,16.822269807280513,47,71,66.19718309859155,4.88893884128796,-5.907381386303523,0.5813059965076612,,0.5969776126653316,12
27,0.35,0.21,0.8,0.3,5,150000,210152.32652814648,60152.326528146485,40.101551018764326,5.82445092197883,0.5971354629200011,0.6763840646693084,-14.9285133957967,0.3901561238923343,6.491715814636448,1252,921,331,73.56230031948881,179.22355954323507,-313.07215341882403,365.1642792338919,-805.2254589677666,1.5928771946865845,16.548722044728436,47,71,66.19718309859155,4.218288915835777,-4.669347977432093,0.4954834723592236,,0.520516631262481,17
21,0.35,0.15,0.8,0.3,5,150000,216886.3375393171,66886.33753931709,44.59089169287806,6.38631189414498,0.5956038862390588,0.6374892401201073,-17.253418786238626,0.3701476196264777,7.5196171108818755,1204,907,297,75.33222591362126,217.35017712841776,-434.4411202822442,449.2320771060741,-1376.3352005258814,1.52784716006024,13.244186046511627,48,71,67.6056338028169,4.864821759194804,-5.897086943326013,0.5463276423465014,,0.5389586566252191,36
24,0.35,0.19,0.9,0.3,7,150000,208639.38626051112,58639.38626051112,39.092924173674085,5.696159364263376,0.5955037464908468,0.6511599491059475,-13.135893548300134,0.4336331855399737,6.283401605845734,1217,847,370,69.59737058340181,193.3628824923485,-281.3747236605251,412.4777662610445,-974.0842840158832,1.5731484848155315,14.867707477403451,45,71,63.38028169014085,4.437713419420941,-4.63851502454693,0.4858562096953636,,0.5285286358301878,47
27,0.35,0.21,0.8,0.30000000000000004,5,150000,209995.51987691788,59995.51987691788,39.99701325127859,5.811190082610529,0.5938389401090545,0.6796628025746463,-14.436800572648197,0.4025261728433338,6.508565705877642,1401,1011,390,72.1627408993576,174.4032868427107,-293.6023156951166,360.80884865605486,-1448.8674114862563,1.5398617717837833,17.916488222698074,45,71,63.38028169014085,4.583978171265324,-4.664949656926387,0.49550767559745357,,0.4519042981512479,11
24,0.35,0.15,0.8,0.4,5,150000,223061.4886822816,73061.4886822816,48.70765912152107,6.888925704437487,0.58711548541747,0.6199304812046293,-20.531663241134805,0.33552691876592117,8.577819686439076,1401,1061,340,75.73162027123483,225.5377095940351,-483.5668270500666,459.16180017760445,-3753.119417034305,1.4554561723512465,17.78515346181299,47,71,66.19718309859155,5.274193480394307,-6.187180355611144,0.5962133729834436,,0.5969776126653316,12
21,0.35,0.23,0.9,0.30000000000000004,5,150000,197183.43198398678,47183.43198398678,31.455621322657855,4.698776080933809,0.5794545618672128,0.6407951960149036,-10.352808164258368,0.453864884423888,4.666791502816968,1401,974,427,69.52177016416844,140.18084100593185,-204.99158584501888,319.7506112412958,-818.6747171998655,1.5598531267378866,17.143468950749465,47,71,66.19718309859155,2.9935416758739786,-3.580280551487691,0.3960393986195877,,0.4359160610782789,7
21,0.35,0.1699999999999999,0.9,0.4,5,150000,214512.7262461639,64512.72624616389,43.00848416410926,6.189944551250104,0.575056156126457,0.608617258795425,-18.63960066377663,0.3320856848226028,7.459111670132811,1205,913,292,75.76763485477179,208.6967840132706,-427.7734968921528,433.2280928863998,-1941.870128787602,1.5254213089149258,15.476348547717842,49,71,69.01408450704226,4.6633803588262746,-5.864186297486285,0.5310907780797802,,0.5716346881410108,30
21,0.31,0.19,0.9,0.3,5,150000,199146.9751622917,49146.975162291696,32.764650108194466,4.873092923419953,0.5728692723138014,0.6025652612703214,-11.998492027594883,0.4061421145434365,5.043042536184986,1192,899,293,75.41946308724832,143.8839112971458,-269.0875040697179,307.9408744853233,-859.2304897080902,1.6406304811885757,14.833892617449663,49,71,69.01408450704226,3.276369663633938,-3.971589123050878,0.4115744170035171,,0.4277543314996549,17
33,0.35,0.1699999999999999,0.9,0.3,5,150000,231346.08797652845,81346.08797652845,54.23072531768563,7.545353213609807,0.5709040657854576,0.6331934827594731,-24.896755281372155,0.3030657259685268,10.153945816610726,1302,965,337,74.11674347158218,250.76865687170348,-475.6651625198088,463.47444647435424,-1412.761766769927,1.509625841019082,22.172043010752688,47,71,66.19718309859155,7.579659407552963,-8.360186282262582,0.6640867548067959,,0.5769315095719633,4
24,0.3299999999999999,0.19,0.9,0.3,9,150000,198799.45269225948,48799.45269225948,32.53296846150632,4.84234550639111,0.5679288622470293,0.6231781525586193,-9.44325360827226,0.5127835921031741,5.034486852497485,1216,877,339,72.12171052631578,147.37085347690976,-234.26860870465111,372.8138379665757,-974.0842840158832,1.6274115559434223,13.869243421052632,49,71,69.01408450704226,3.2936242429928875,-3.297529802135324,0.4085361971091037,,0.438560446749173,17
24,0.35,0.19,0.8,0.30000000000000004,7,150000,205555.71947076218,55555.71947076218,37.037146313841454,5.4322609227311025,0.5672899606617823,0.6308063853990513,-12.718779174479014,0.4271055301935941,6.139043903682576,1401,979,422,69.87865810135617,174.51536586956462,-268.8946059610772,387.71423568645156,-901.8091683913801,1.5056423524358573,14.897216274089935,43,71,60.56338028169014,4.034948728769394,-4.636249801036962,0.4611559664840938,,0.549015989634238,24
21,0.35,0.13,0.9,0.4,5,150000,223578.34594264583,73578.34594264586,49.05223062843057,6.930467024774933,0.56716273111498,0.5919566920812882,-22.75499531257515,0.3045690376804838,9.016525447345732,1195,921,274,77.07112970711297,244.52156598303185,-549.5205675780339,493.8672137965741,-1749.263563939522,1.4956923897066925,15.420083682008368,47,71,66.19718309859155,5.368259912243101,-6.896085906410887,0.5997775216690818,,0.5292716601764595,20
24,0.35,0.21,0.7,0.30000000000000004,5,150000,200942.70209186553,50942.70209186553,33.96180139457702,5.031264005300251,0.5671532030080383,0.6459399234133746,-10.270682517109618,0.4898665689372465,5.391798647939542,1401,1031,370,73.59029264810849,146.46351802650523,-265.51320268511944,350.50221422598173,-924.687473126013,1.5370934839279071,13.107066381156317,44,71,61.97183098591549,3.422034917732919,-3.9542439491140224,0.42429743477970067,,0.5006940261840939,11
27,0.35,0.21,0.9,0.3,9,150000,204650.5824444814,54650.582444481406,36.43372162965427,5.3541745595995005,0.5669306562938172,0.6367215409004908,-12.412989934669469,0.4313364135296119,5.996874038852184,1250,893,357,71.44,169.16229797487114,-267.4223442680961,374.9514853560277,-805.2254589677666,1.5823010903641184,17.1,46,71,64.7887323943662,3.7153962330651824,-4.091866382130982,0.4546396610885916,,0.4977203309097449,9
27,0.3299999999999999,0.19,0.8,0.3,5,150000,209505.13722944804,59505.13722944804,39.670091486298695,5.7696661134762905,0.5630909242503782,0.6197565086232901,-16.731120693008915,0.3448463626161719,6.8327264282932525,1280,966,314,75.46875,170.89630707724092,-332.1668474975491,354.49274161837224,-1242.6420786034157,1.5827920917247935,16.4125,49,71,69.01408450704226,4.654639165434338,-5.320049657527193,0.4938603118288339,,0.5375084437742562,29
24,0.35,0.15,0.7,0.3,5,150000,214478.5480098361,64478.54800983612,42.98569867322408,6.187103830001184,0.5580605819643542,0.6037196771682003,-17.075756109707537,0.362332642270747,7.716083648007394,1222,938,284,76.759410801964,208.15104561069035,-455.4768672513319,429.0504081222007,-1317.4323884215787,1.50937367168084,12.558919803600654,48,71,67.6056338028169,5.279308262696469,-6.209911352309283,0.5310948629410784,,0.4716653049770173,22
21,0.35,0.19,0.9,0.4,5,150000,208455.3408714358,58455.340871435794,38.97022724762386,5.680500251617482,0.5575488421150095,0.6008586989970797,-16.707913366354838,0.33998861060989544,6.737918430877511,1401,1030,371,73.51891506067095,181.6790965133109,-341.92137072050446,401.9087483076697,-1940.8523547900343,1.4751698607467458,18.473947180585295,46,71,64.7887323943662,4.086506896566444,-5.0034827825420125,0.48654599637936335,,0.593748277835283,16
24,0.35,0.15,0.9,0.3,7,150000,215098.4944961105,65098.49449611051,43.39899633074034,6.2385721852239895,0.5543535884588253,0.5917422970279281,-17.65259522278162,0.3534082159870055,7.878531608042258,1219,869,350,71.28794093519278,229.8677698890036,-382.1389919494447,494.8769522160334,-1317.4323884215787,1.4935111213593706,14.847415914684168,45,71,63.38028169014085,5.539708906010388,-6.19363037555355,0.538872249364097,,0.5348203530955203,44
21,0.35,0.21,0.9,0.4,5,150000,202210.78847878537,52210.78847878537,34.80719231919024,5.142252419677251,0.5539725751415849,0.5964290425359102,-14.999771070204424,0.342822060124093,5.746815531864251,1176,868,308,73.80952380952381,171.74402535663037,-310.4418809165344,373.3935816832486,-995.4200511090276,1.5590869640798983,15.46513605442177,48,71,67.6056338028169,3.604315346253828,-4.638283283831468,0.4375301697352006,,0.5631599942255823,16
24,0.32999999999999996,0.15,0.8,0.4,5,150000,215713.0091799028,65713.00917990279,43.80867278660186,6.289467914931146,0.5529764817854476,0.5771974188778966,-19.478005293087307,0.3229010270966125,8.002969212133397,1401,1070,331,76.37401855817274,199.80076903222525,-441.85049451544074,406.86896344026144,-2519.617912990439,1.4617651175931636,17.58458244111349,46,71,64.7887323943662,4.908097540273326,-5.883270377735849,0.5426813844003062,,0.5771903301788277,15
27,0.31,0.15,0.9,0.3,5,150000,216333.70831958493,66333.70831958493,44.22247221305662,6.340753529472853,0.5521275559024412,0.5934562431911264,-20.7715968369348,0.305260764458807,8.119435532827636,1287,994,293,77.23387723387724,193.26270508610844,-425.5448058954146,392.946261431122,-1184.0449439068072,1.5407122092016996,18.241647241647243,47,71,66.19718309859155,6.029185996174613,-7.46825393167958,0.5479259889302105,,0.4989858287876841,16
21,0.31,0.15,0.9,0.4,5,150000,210346.38326946035,60346.38326946035,40.23092217964023,5.840850535543352,0.5501195056107729,0.5696065187116186,-17.793034672688695,0.3282661245250495,7.15813461786376,1234,969,265,78.52512155591572,177.7136764036374,-417.3151514827318,375.1019582605206,-2512.663021290452,1.5571648847311903,15.312803889789302,49,71,69.01408450704226,4.571940996466828,-5.718144281040316,0.4999755437454677,,0.5727731012897321,16
24,0.3299999999999999,0.19,0.9,0.3,7,150000,201684.3969989901,51684.39699899007,34.45626466599337,5.096250864047303,0.5478164380951446,0.5920143358456983,-11.741980274106124,0.4340197092040561,5.729629050846392,1216,863,353,70.9703947368421,166.79402448735058,-258.44509540362526,372.8138379665757,-974.0842840158832,1.5777866721272131,14.894736842105264,45,71,63.38028169014085,3.7727590042926806,-4.150637339403362,0.4335972136805081,,0.5127756402221808,55
24,0.35,0.13,0.9,0.2,5,150000,214484.50442658053,64484.50442658053,42.98966961772035,6.1875989241815255,0.5375819785145253,0.5581534830210186,-18.30025527966308,0.3381154431795142,8.0624668465905,1207,841,366,69.67688483844242,256.0655341306483,-409.9036916459291,502.53010897372405,-1489.7501353896578,1.435437236616074,14.354598177299088,44,71,61.97183098591549,5.240357785857985,-5.948783401230651,0.5358952182743447,,0.5298460593220417,21
21,0.3299999999999999,0.1699999999999999,0.9,0.4,5,150000,207941.5593816628,57941.55938166281,38.62770625444188,5.636725274416454,0.5358574080935535,0.5638259891883243,-16.7208417299085,0.3371077464559734,6.9620438644246025,1213,929,284,76.58697444352845,183.8905872443319,-393.5426750101337,402.1669173849754,-1941.870128787602,1.5284985826128252,15.440230832646332,47,71,66.19718309859155,4.33539634610598,-5.4652175439634965,0.4830072752565005,,0.5697772367768368,36
21,0.35,0.13,0.8,0.3,9,150000,207025.9395627865,57025.93956278646,38.017293041857634,5.55848944187558,0.5340744198306316,0.5718304958609008,-15.033974517589014,0.369728539540387,6.829367432579081,1196,869,327,72.65886287625418,203.3136286160137,-362.210224196325,454.1649294428567,-1489.2035424982969,1.491687361560122,11.785117056856189,45,71,63.38028169014085,4.2740716882157415,-5.443417360570146,0.4749914335062145,,0.404381214851523,7
24,0.29,0.15,0.9,0.3,5,150000,204881.4713082013,54881.47130820132,36.58764753880088,5.374120652345926,0.5338743319526065,0.5552323729332403,-15.75773017029147,0.3410466224683755,6.457730063074556,1257,972,285,77.32696897374701,158.03935426286864,-342.0524299595681,327.1923129250476,-2111.2388083239985,1.5757741487397134,15.56642800318218,49,71,69.01408450704226,4.180474360346942,-4.689201140837362,0.4575724498029604,,0.4727762987770599,10
21,0.35,0.15,0.8,0.4,5,150000,214623.9975635133,64623.99756351335,43.08266504234223,6.199190249219377,0.5324575209573346,0.5650500182005082,-19.65880650926921,0.3153390947866766,8.177942399044444,1204,933,271,77.49169435215947,215.0392371317333,-497.3666062290139,449.2320771060741,-2512.663021290452,1.488515771924391,13.847176079734218,49,71,69.01408450704226,5.038069223191255,-6.338148518347831,0.53490825273143,,0.5571442656230545,32
21,0.32999999999999996,0.19,0.8,0.30000000000000004,5,150000,199529.70329531934,49529.70329531934,33.01980219687956,4.906903580237643,0.5323294862730833,0.5772602050723196,-12.724811526320003,0.3856169948048505,5.536847939523647,1401,1024,377,73.09064953604569,149.07637621074298,-268.7087690835909,349.6159115703268,-1864.815762244112,1.506904029507351,14.685224839400428,45,71,63.38028169014085,3.2842459531611246,-4.303278968098001,0.41525423243851467,,0.5372024533539471,22
24,0.35,0.21,0.9,0.3,9,150000,195522.3954325548,45522.3954325548,30.3482636217032,4.550183366632976,0.5307656135112233,0.5913900431876233,-9.101116854279155,0.4999587896175153,4.842890581173866,1200,843,357,70.25,150.3453394101633,-224.2156018468284,373.3935816832486,-805.2254589677666,1.583373962730204,13.775833333333331,48,71,67.6056338028169,3.0833917345388206,-3.381510407547428,0.3846876390698163,,0.4571833582461904,10
24,0.32999999999999996,0.15,0.9,0.2,5,150000,205890.76168751242,55890.76168751242,37.26050779167495,5.461092540751311,0.5275691659539361,0.5300269485998035,-12.897787354432833,0.42341313208845793,6.725365724291864,1401,930,471,66.38115631691649,212.01714888598573,-296.1016704384017,406.86896344026144,-2519.617912990439,1.4138136618834678,17.55317630264097,44,71,61.97183098591549,4.692539395428819,-4.537261001840919,0.46822682657018067,,0.5637647306744987,11
24,0.35,0.13,0.9,0.30000000000000004,5,150000,219839.75465366058,69839.75465366058,46.55983643577372,6.628164655018698,0.5258594147861863,0.516409906727654,-24.133894994760524,0.2746413148999643,9.22344829648086,1400,1028,372,73.42857142857143,252.2489441757957,-504.44129021260784,486.25184975922645,-3934.0013870854796,1.381875458663787,19.312142857142856,45,71,63.38028169014085,5.742649690713564,-10.193555209764426,0.5895567695750143,,0.5764887594041495,9
24,0.3299999999999999,0.13,0.9,0.2,5,150000,209453.30546926087,59453.30546926087,39.63553697950724,5.765272448174885,0.5223260774000655,0.539506171887178,-16.792231142525672,0.3433297457164317,7.441889514300255,1207,852,355,70.58823529411765,230.50205978654552,-383.36307277180646,440.8775365815553,-1331.9953012343813,1.4430313788125329,14.314001657000828,45,71,63.38028169014085,4.921321024919312,-5.714992072053027,0.4968917270409963,,0.5308788376271055,24
27,0.35,0.15,0.9,0.2,5,150000,216008.00208798607,66008.00208798607,44.00533472532405,6.3138571599263615,0.5196303251339802,0.5527428484675143,-19.29599862969993,0.3272106969477198,8.667535105354796,1252,859,393,68.61022364217251,257.07969522101234,-392.2948801431699,494.8769522160334,-1529.03108762235,1.4323717586142266,16.857827476038338,45,71,63.38028169014085,5.080833429403686,-6.648127252040581,0.5504941350854788,,0.5489454599401071,19
21,0.35,0.1699999999999999,0.8,0.3,7,150000,203699.2416134296,53699.24161342956,35.799494408953045,5.27179180921955,0.5194864894681285,0.5603654503240472,-13.936639655345044,0.3782685022782869,6.447992865167216,1206,853,353,70.72968490878938,194.5377694492515,-314.3637951284779,413.0587617636716,-1054.8956172420112,1.4953599149953591,12.613598673300164,47,71,66.19718309859155,4.393203349813213,-5.162797556181264,0.4517839562833396,,0.5245465932350577,43
21,0.32999999999999996,0.21,0.9,0.30000000000000004,5,150000,195007.67719765057,45007.67719765057,30.005118131767045,4.503924618990096,0.5171646862284214,0.5588597287413415,-11.11677477617137,0.40514670034011907,4.888973500561946,1401,992,409,70.80656673804425,137.89857699030736,-219.96677549331739,308.51601191871185,-1386.112898379941,1.5205162302807445,17.498215560314062,46,71,64.7887323943662,2.9887374049171855,-3.5872014929059226,0.3811168217151864,,0.5064678854838679,17
27,0.31,0.17,0.8,0.30000000000000004,5,150000,206860.870617194,56860.870617194014,37.907247078129345,5.544354378973537,0.5154220985449058,0.5576185447627882,-15.984687128244879,0.3468541069644513,7.084802631648528,1401,1054,347,75.23197715917203,164.1163295404382,-329.38455538461074,315.1829329490421,-1579.9229567393052,1.5134208051299731,18.651677373304782,47,71,66.19718309859155,5.435900578189945,-6.05496484201865,0.4774258447066527,,0.47841330460410275,5
27,0.35,0.23,0.8,0.30000000000000004,5,150000,199051.6524553806,49051.652455380594,32.70110163692039,4.864663592911622,0.5150059501393345,0.5969676269439607,-13.509004401506166,0.3601052637431404,5.657826231521214,1401,1001,400,71.44896502498216,148.98197952402035,-245.64502262049172,324.87460819688465,-1172.4857982456858,1.5177486593524798,17.396859386152748,45,71,63.38028169014085,3.7996540666644263,-3.8753191765265593,0.4146462506811115,,0.44760454539993266,9
21,0.35,0.15,0.6000000000000001,0.30000000000000004,7,150000,203717.60513935128,53717.605139351275,35.811736759567516,5.273385053012181,0.5146808265543684,0.564044599537195,-14.46914755379771,0.364457203398142,6.520356351840021,1401,1053,348,75.16059957173448,172.37867688273366,-361.99954487988333,459.16180017760445,-1235.0989341466457,1.4408694907365125,10.594575303354747,44,71,61.97183098591549,4.229305593268107,-5.670289858830213,0.4509712914518535,,0.43259204495039877,4
21,0.35,0.19,0.7,0.3,5,150000,200081.6519174464,50081.651917446376,33.38776794496425,4.955568468913563,0.5136391866703084,0.5583190503072285,-13.047517283394525,0.3798093048108452,5.865049563343655,1203,894,309,74.3142144638404,169.16111374434644,-322.5969960958338,381.5499671375146,-974.0842840158832,1.517117633284211,11.955112219451372,48,71,67.6056338028169,3.875539014085216,-4.657828415649645,0.4228243583123408,,0.4518679306549952,15
24,0.3299999999999999,0.21,0.9,0.4,5,150000,197923.49956881025,47923.49956881022,31.94899971254015,4.76464571786297,0.5069273162036858,0.5396576674120575,-14.241354611607274,0.3345640810024906,5.547611707306451,1186,898,288,75.71669477234401,151.08033384908043,-300.6680013776664,331.41405407281724,-953.5615288408584,1.5667675713239526,16.384485666104553,48,71,67.6056338028169,3.432785561386864,-4.322932176947136,0.4058513418394945,,0.5597590175758148,24
27,0.35,0.17,0.6000000000000001,0.30000000000000004,5,150000,208506.4739947155,58506.47399471549,39.00431599647699,5.684851958999393,0.5005056227891453,0.5604026308371939,-14.584821671021828,0.38977864023490016,7.644196201955555,1401,1084,317,77.37330478229836,176.07513665865366,-411.7907701681317,414.41836392480195,-2515.454140621968,1.4621483751001876,13.381156316916488,43,71,60.56338028169014,5.505493043552989,-5.863896762739207,0.48927860063562817,,0.49867625903602447,2
27,0.35,0.19,0.8,0.3,7,150000,206955.4956888893,56955.49568888938,37.97033045925959,5.552458391259796,0.5000868305962459,0.5526920047164746,-17.098067678272134,0.3247418653229302,7.356699742540728,1256,900,356,71.656050955414,198.32228335183385,-337.87683717647315,397.1234868957008,-974.0842840158832,1.4839033158513495,16.10987261146497,46,71,64.7887323943662,5.078202082696626,-5.933836498349865,0.4810348179620359,,0.539655859835556,31
21,0.35,0.11,0.9,0.2,5,150000,210628.75009089147,60628.750090891466,40.41916672726098,5.864690706161402,0.4970488271646666,0.47332423873855056,-19.50811291438537,0.30062829407947256,8.116967060095204,1394,952,442,68.29268292682927,260.5140526206337,-419.8380724072037,514.5015271566131,-4337.532324176575,1.3364847714801933,16.995695839311335,43,71,60.56338028169014,5.491474422047515,-7.607497163485732,0.5167813283151875,,0.5114541209754264,2
27,0.35,0.19,0.6000000000000001,0.30000000000000004,5,150000,203686.39674527862,53686.39674527862,35.790931163519076,5.270677300433602,0.4968468952829036,0.5646658921014345,-13.30687880942754,0.39608666885126204,6.784314693215592,1401,1076,325,76.802284082798,158.7928187114317,-354.9334651946285,392.5295734273611,-1924.3245453235775,1.4811969842534893,13.299785867237688,42,71,59.154929577464785,4.677639369219255,-5.2004867261356775,0.4501956703581975,,0.5215019070266957,3
27,0.35,0.1699999999999999,0.9,0.4,5,150000,217456.8280306449,67456.82803064495,44.97121868709663,6.433241514043897,0.4945082640946486,0.5366400309469209,-25.025407371665644,0.2570684032631479,9.485398040209189,1253,953,300,76.05746209098164,234.56727939686905,-517.9642414162398,477.30146579734674,-2026.5748972634208,1.4385974898833205,19.261771747805263,48,71,67.6056338028169,7.1319528812356925,-8.790461855774778,0.5707200012313377,,0.5817258198988797,23
21,0.3299999999999999,0.13,0.8,0.4,5,150000,211623.82491670336,61623.824916703365,41.08254994446891,5.948493220857287,0.4943342581220176,0.5185759850932797,-20.823919329818143,0.285656754938516,8.360825833188343,1198,939,259,78.38063439065108,209.2619909042349,-516.0657303090443,426.0934439008905,-1732.6714466872686,1.4701144982885732,13.7220367278798,47,71,66.19718309859155,5.2192011056844345,-6.679812159545451,0.5154785483861583,,0.5186433837514163,29
24,0.35,0.19,0.7,0.4,5,150000,202473.2604239937,52473.26042399369,34.98217361599579,5.165152725174571,0.4876444453453523,0.533081065486435,-15.89071677545495,0.3250421487061393,6.694032897578088,1220,946,274,77.54098360655738,171.83756891151597,-396.3999642252396,381.5499671375146,-1630.2831404949047,1.4966666684563112,13.25983606557377,46,71,64.7887323943662,4.232739239964856,-5.378308199062709,0.4437686444339586,,0.5151160132498237,15
21,0.35,0.17,0.7,0.4,5,150000,204706.2975689357,54706.2975689357,36.470865045957126,5.3589894070347865,0.48754616894693314,0.5283461864180259,-16.820749408945566,0.3185939744268934,7.13673090637955,1401,1072,329,76.51677373304783,177.61744882190055,-406.9249470157263,424.84644983487897,-2535.8694539884013,1.4222311933553409,13.425410421127767,44,71,61.97183098591549,4.046452564900305,-5.6222891384523965,0.4603997841243,,0.5503298696761165,13
24,0.3299999999999999,0.21,0.9,0.3,9,150000,190318.10802399408,40318.10802399408,26.87873868266272,4.077716574684187,0.4861172898845869,0.5354618894637245,-8.18437017382597,0.4982321776848426,4.304464289603917,1186,848,338,71.50084317032041,129.70219649167225,-202.7073928107937,330.6314380166801,-745.8521703963629,1.605302547896489,13.822934232715008,49,71,69.01408450704226,2.692529641391661,-3.0428358702468628,0.3436081194431722,,0.4559111172675099,12
27,0.3299999999999999,0.15,0.7,0.3,5,150000,209371.51504205205,59371.51504205205,39.581010028034704,5.758337411390091,0.4837488913137847,0.5271827123517057,-21.212019046785784,0.2714657854440613,8.132817497433887,1275,1007,268,78.98039215686275,190.4930141139601,-489.31046232052057,382.11732529887433,-1529.03108762235,1.462814404561117,14.36,47,71,66.19718309859155,5.948956098037184,-6.771970894703827,0.5034063531272593,,0.4430104417548852,12
21,0.31,0.19,0.9,0.3,7,150000,192459.87675461275,42459.87675461275,28.306584503075165,4.27344134564287,0.4821656615603024,0.5141779681827597,-10.35355891696669,0.4127509564503325,4.773991919182256,1192,860,332,72.14765100671141,137.79610629401083,-224.9480489663297,307.9408744853233,-859.2304897080902,1.586774025217117,13.829697986577182,47,71,66.19718309859155,2.999219692267308,-3.7635259118130815,0.3622936567730224,,0.437140197540683,20
21,0.35,0.1699999999999999,0.9,0.4,7,150000,203631.6015862341,53631.60158623415,35.75440105748943,5.265922239941534,0.4780244112294465,0.5109265573666983,-16.69783912638868,0.3153654913119539,7.08635401252971,1205,865,340,71.78423236514523,200.66349036549843,-349.4845326896428,433.2280928863998,-1941.870128787602,1.4607557107903224,14.270539419087138,45,71,63.38028169014085,4.53493444290296,-5.647656041711024,0.455585369051185,,0.5715151453702373,31
27,0.35,0.2299999999999999,0.7,0.3,5,150000,195272.2771846513,45272.27718465132,30.18151812310088,4.527717417036237,0.4776982307102886,0.545425662439991,-12.496400705214665,0.362321721577546,5.394891582245255,1216,901,315,74.0953947368421,146.72002853316064,-271.63263584987016,314.3987108925365,-759.8060920091011,1.5449758387045305,14.900493421052632,46,71,64.7887323943662,3.372984099196952,-4.130769068259199,0.3866418916513557,,0.3295988110445944,4
30,0.31,0.15,0.9,0.3,5,150000,211091.44610847504,61091.44610847504,40.72763073898336,5.903698600985652,0.4765971378274974,0.5072704946077494,-23.299558478530045,0.2533824238096941,8.631926979940998,1288,992,296,77.01863354037268,195.6461566581348,-445.5941372228741,392.946261431122,-1351.3287514062256,1.471471360887734,19.138198757763973,45,71,63.38028169014085,6.2571280136666685,-8.567082222980016,0.5186346897866561,,0.4300312148139186,9
21,0.3299999999999999,0.11,0.9,0.3,5,150000,212924.0025239003,62924.0025239003,41.949335015933535,6.057497955299884,0.4744575053226843,0.4806158555186835,-23.303573222898923,0.2599385895613454,9.05750773578978,1195,922,273,77.15481171548117,229.66100379611635,-541.6697051619822,453.5016506729481,-3382.6690382320417,1.4319273555575576,14.90041841004184,47,71,66.19718309859155,6.078662861866224,-7.266542723928837,0.5325843959118277,,0.4611788184180018,16
27,0.35,0.1699999999999999,0.9,0.2,5,150000,206125.610777342,56125.610777341935,37.41707385156129,5.481278905934461,0.4734468485743865,0.5045537836994011,-17.32432395615267,0.3163920808573777,7.6797632003500285,1253,831,422,66.32083000798085,239.68034388697552,-337.3275786327848,477.30146579734674,-972.25765506442,1.3991656774232109,16.655227454110136,46,71,64.7887323943662,4.848134195590359,-5.393208926497273,0.4770031088355385,,0.5593385898935609,24
30,0.35,0.1699999999999999,0.9,0.4,5,150000,217156.96950532263,67156.96950532263,44.77131300354842,6.40858737796266,0.4731860571342664,0.5145724635159568,-26.678934551815114,0.2402115183991352,9.962277068218746,1266,962,304,75.98736176935229,238.3300249191188,-530.9062940374899,477.30146579734674,-2104.308908693385,1.4205691295883065,20.15718799368089,47,71,66.19718309859155,7.704470859813317,-9.417018585247972,0.5742036554874326,,0.5616439132656097,14
24,0.35,0.1699999999999999,0.6000000000000001,0.3,5,150000,200742.12449467377,50742.12449467377,33.82808299644918,5.013655233629644,0.4724538382555552,0.5143781285611609,-14.63770756663434,0.3425164227940945,6.589084285496408,1221,947,274,77.55937755937757,171.2344440667547,-401.3915590748869,376.6120949136607,-1092.88175565318,1.4744237195206549,11.147420147420148,48,71,67.6056338028169,4.38107365694802,-5.90011704357326,0.4309963790268984,,0.4396914103242235,11
21,0.31,0.15,0.8,0.4,5,150000,203143.8480886748,53143.84808867477,35.429232059116515,5.223548569407344,0.4722334194380362,0.4917965387095689,-17.94198935610369,0.2911354179145326,7.088239282935911,1235,978,257,79.19028340080972,167.38478170344726,-424.651108224011,356.97593207898126,-2512.663021290452,1.499993716843532,13.62914979757085,49,71,69.01408450704226,4.454829306305652,-5.877946587049254,0.4497942280988002,,0.5643018151723855,17
21,0.35,0.13,0.9,0.2,5,150000,205992.7485574301,55992.74855743011,37.328499038286736,5.469861136146381,0.4703942512589396,0.4775002386120661,-17.665041030111674,0.3096432737870523,7.712437220848933,1195,821,374,68.7029288702929,250.6868638886507,-397.7641333791632,493.8672137965741,-1489.7501353896578,1.3834947398645432,13.486192468619247,45,71,63.38028169014085,5.304654215072113,-6.0293166128866815,0.4754798519360987,,0.5346429895968656,18
21,0.35,0.13,0.6000000000000001,0.3,5,150000,204815.33019009908,54815.33019009908,36.54355346006605,5.36840874703437,0.4667506665156959,0.4873272738266268,-19.273340634240537,0.278540645802575,7.537017708835489,1197,943,254,78.78028404344194,194.9170277324552,-502.4318636136965,423.7858383913256,-1489.2035424982969,1.4402921124444328,10.381787802840435,47,71,66.19718309859155,4.49548499279222,-6.880405911864318,0.4648452159679464,,0.4411158217757792,6
21,0.3299999999999999,0.21,0.9,0.4,5,150000,193789.3870685541,43789.38706855406,29.19292471236937,4.394028295783414,0.4654543724304408,0.4949104180737925,-13.285489286705854,0.3307389137847039,5.244672372427241,1156,864,292,74.74048442906575,148.01429391034347,-283.81964610104427,331.41405407281724,-924.5268682739828,1.5430929766338823,15.472318339100346,48,71,67.6056338028169,3.4001763864778933,-4.2965573313835215,0.374342423420095,,0.5591997134157456,18
30,0.35,0.23,0.9,0.30000000000000004,7,150000,197288.12040500462,47288.12040500462,31.525413603336418,4.708106341446916,0.4645792674538754,0.5303596558140303,-13.879659571891281,0.33920906467919776,5.9921692465373315,1401,949,452,67.73733047822984,159.76493177342164,-226.78650408850712,324.87460819688465,-1172.4857982456858,1.4790812426192208,21.546752319771592,43,71,60.56338028169014,3.7058229839718404,-4.127107741158875,0.40477463772026995,,0.5078402344508429,5
21,0.3299999999999999,0.19,0.8,0.4,5,150000,197339.74911090307,47339.74911090307,31.559832740602044,4.712706186236271,0.4643751638228367,0.4960798148212502,-14.70887880933214,0.3203987365268292,6.006145674539478,1195,918,277,76.82008368200837,157.21989436902106,-345.79445750844513,344.142939322847,-1630.2831404949047,1.5067888030126246,13.92133891213389,47,71,66.19718309859155,3.760591953363845,-4.677657608952524,0.4030664600349544,,0.5645239126681949,32
24,0.29,0.1699999999999999,0.9,0.4,5,150000,196354.76255411096,46354.76255411096,30.90317503607397,4.624775863338937,0.4535767656232193,0.4734909205307063,-15.2400500431326,0.3034619866896652,5.95749693733892,1234,965,269,78.20097244732577,139.17088023683078,-322.3122453575813,293.30346153880123,-1540.4459158211484,1.5489828230098075,16.095623987034035,46,71,64.7887323943662,3.564002128662458,-4.720332132375704,0.3956847012574886,,0.5298418233952515,11
27,0.31,0.2299999999999999,0.9,0.3,5,150000,188719.84889388524,38719.84889388524,25.81323259592349,3.9304625228340218,0.4514038807104756,0.4932087595533304,-10.63935831697588,0.3694266520343317,4.323305695663353,1134,842,292,74.25044091710758,118.17830835367576,-204.60287254219,242.5940925028933,-654.6852218155752,1.6655408248570338,18.78306878306878,48,71,67.6056338028169,2.9745591223014456,-3.1904154857154143,0.3328516811147684,,0.2850482928501861,6
27,0.3299999999999999,0.1699999999999999,0.9,0.2,5,150000,201119.96867524143,51119.96867524146,34.07997911682764,5.046814124862142,0.442144253290624,0.467779171076095,-16.71006172116229,0.3020224705974996,7.209873238886096,1280,869,411,67.890625,205.27632568414865,-307.1375727091597,423.9284892956194,-900.2464884158966,1.4131357137838816,16.6578125,47,71,66.19718309859155,4.498285202535612,-5.140821181090038,0.4372774665137878,,0.5556356906846991,29
27,0.35,0.2299999999999999,0.9,0.2,5,150000,190842.11361618715,40842.113616187125,27.22807574412475,4.125771340609519,0.439978762579641,0.4879139164671336,-10.254316999051785,0.4023448213070679,4.926082603784782,1213,752,461,61.99505358615004,175.26853808985248,-195.3072552223641,361.5664621921856,-690.7542353004485,1.463869973663836,16.31657048639736,46,71,64.7887323943662,3.4969951591301784,-3.1626918896355827,0.3522702066632181,,0.4961291945500803,5
21,0.3299999999999999,0.1699999999999999,0.9,0.5,5,150000,201285.2744169056,51285.27441690554,34.19018294460369,5.061304746423812,0.4379232091214906,0.4584433914351446,-19.050652669527405,0.2656761862295487,7.331154734150125,1213,934,279,76.99917559769167,183.5033776872153,-426.4523436469892,402.1669173849754,-1941.870128787602,1.4405098425979093,15.71805441055235,48,71,67.6056338028169,4.3781833365027945,-5.849424126227698,0.440485777378034,,0.4904777989383674,14
21,0.35,0.13,0.8,0.2,9,150000,196960.96868604998,46960.96868604998,31.307312457366653,4.678935547144025,0.43569953514586063,0.4444890419387453,-11.453701329432931,0.40850860456090465,6.381611337695096,1401,943,458,67.30906495360458,204.40542282914674,-314.34944332285636,500.3841767505565,-3934.0013870854796,1.3388315326897726,13.289793004996431,42,71,59.154929577464785,4.4368327698603105,-4.197344986164364,0.40381416642552415,,0.31559846427628935,2
21,0.35,0.2299999999999999,0.8,0.3,5,150000,188801.3004737894,38801.30047378939,25.86753364919293,3.937992032036375,0.4332855199352545,0.4753780571159873,-10.463383181421484,0.3763593441773759,4.543326843897651,1138,808,330,71.00175746924428,146.10096303478284,-236.5174286358704,320.2444645397249,-995.4200511090276,1.5124720254355823,13.335676625659053,47,71,66.19718309859155,2.827165447253765,-3.596187499685799,0.3343198569731868,,0.4420041803837934,13
24,0.3299999999999999,0.11,0.9,0.3,5,150000,210486.77256499144,60486.77256499144,40.32451504332762,5.852706900285298,0.4331585176364362,0.4409630682192336,-25.682055389901823,0.2278909071501567,9.589815913429922,1201,928,273,77.26894254787678,233.0119160604922,-567.9071744184514,456.6797581585585,-3382.6690382320417,1.394717034022961,15.805162364696086,45,71,63.38028169014085,6.147231493689942,-8.107575937019828,0.5229803709394384,,0.4546712661490247,17
24,0.35,0.11,0.9,0.2,5,150000,208590.96587247204,58590.96587247204,39.06064391498136,5.692040732519321,0.4323152436122949,0.4432141549649975,-22.6790417064156,0.2509824183139589,9.163123430566406,1201,857,344,71.35720233139051,259.88294676393923,-475.0517226201047,523.2561309578646,-1742.7718294753513,1.3628851660437864,14.610324729392174,46,71,64.7887323943662,5.879273022891929,-7.17157445363803,0.506186693567046,,0.4819780656155165,10
21,0.35,0.21,0.9,0.5,5,150000,196166.75478194814,46166.75478194814,30.777836521298763,4.607950601587252,0.43216362716245316,0.46942642780167626,-16.759076803877143,0.2749525320226005,6.257961735451009,1401,1019,382,72.73376159885797,161.74501143828968,-305.8379891981721,360.80884865605486,-1462.1494909258633,1.4107507389344327,18.62740899357602,46,71,64.7887323943662,3.6260783155925624,-4.7669674777108595,0.3975280621611704,,0.4250576271366322,4
21,0.35,0.15,0.8,0.4,7,150000,202779.7984166878,52779.79841668779,35.18653227779186,5.191866480555096,0.4290319092591534,0.4556671371350018,-17.97636340996259,0.2888162840364997,7.868006072452281,1204,883,321,73.33887043189368,209.48663678993967,-408.0238052227361,449.2320771060741,-2512.663021290452,1.412298486957273,13.004152823920268,45,71,63.38028169014085,4.924231246684196,-6.225038657661475,0.4537459544158979,,0.5564451793869204,33
21,0.35,0.17,0.9,0.6,5,150000,204247.46825123436,54247.46825123436,36.16497883415624,5.319305285738918,0.4288375923053789,0.4466152044144833,-22.167165295067303,0.23996326164999474,8.221377835050346,1401,1046,355,74.66095645967167,201.6239349286946,-436.1404723498946,434.28570760074547,-2535.8694539884013,1.3621314743067439,19.182726623840114,47,71,66.19718309859155,4.418978026483367,-6.518402853012118,0.46942497308578884,,0.4164193014011751,2
24,0.3299999999999999,0.1699999999999999,0.7,0.4,5,150000,199280.13777347928,49280.13777347928,32.85342518231952,4.884862794997091,0.4287612372948404,0.4582807578358124,-16.431872125877366,0.2972797474065219,7.047277361992478,1232,970,262,78.73376623376623,165.7430131482298,-420.0075501155736,350.8248885859536,-1941.870128787602,1.460994481246458,13.061688311688313,46,71,64.7887323943662,4.1378660027191705,-5.720575947865458,0.4219274137530886,,0.5004598782390495,25
30,0.35,0.13,0.9,0.3,5,150000,215160.795525897,65160.795525897,43.440530350598,6.243737628530122,0.4252510697817742,0.4507401420588324,-31.877727012310466,0.1958652078963763,10.970892720431658,1221,919,302,75.26617526617527,268.7023261254994,-600.2920726574694,502.53010897372405,-3254.487340587505,1.3621263249059912,19.372645372645373,44,71,61.97183098591549,7.388255469315452,-11.335919651792326,0.574482810533938,,0.3984955754586793,7
21,0.31,0.11,0.8,0.3,5,150000,203505.6566927396,53505.656692739605,35.670437795159735,5.254988850476439,0.4229916849156582,0.427879580853545,-22.09347114010174,0.2378525681706093,8.182956720292074,1210,956,254,79.00826446280992,194.1598723737415,-514.7511204147378,393.7537532292603,-3382.6690382320417,1.4196665606574648,13.076859504132232,48,71,67.6056338028169,5.508543917824138,-6.51469742990577,0.4604629679462637,,0.4451166317788247,13
21,0.29,0.11,0.8,0.3,5,150000,200286.07008140872,50286.07008140872,33.52404672093915,4.97356351741356,0.4227160580296866,0.4257353757057842,-19.71999169184735,0.2522092095743495,7.411436801509144,1215,966,249,79.50617283950618,170.62790914466197,-454.4933411240421,358.9042931000648,-1594.5288651295175,1.4564659088876843,12.977777777777778,47,71,66.19718309859155,4.812228495616866,-5.93987385668977,0.4309191016765822,,0.3855501739700337,4
21,0.31,0.11,0.9,0.4,5,150000,206350.39562726664,56350.39562726664,37.56693041817776,5.500582285745681,0.4200970223695103,0.4206705801375228,-24.49803643012643,0.224531557924428,8.952892697793084,1209,959,250,79.3217535153019,203.8416369713449,-551.8500931798776,412.77601371579055,-3639.7280911239295,1.4169364635174648,15.099255583126553,49,71,69.01408450704226,5.739894130155476,-7.511475617117302,0.4876793534656858,,0.4624265863209672,10
27,0.29000000000000004,0.19,0.9,0.30000000000000004,5,150000,192540.34146170237,42540.341461702366,28.360227641134912,4.2807591914649334,0.4187790917422058,0.44498559174171276,-13.376247451581664,0.32002691389794513,5.618409621502534,1401,1039,362,74.16131334760885,124.00981193385056,-233.38274347403598,243.49761881361133,-1452.2495058626707,1.525085827102824,22.435403283369023,45,71,63.38028169014085,4.0054425704479035,-4.456151960684574,0.36690104393344347,,0.43717362509371,3
21,0.32999999999999996,0.11,0.9,0.4,7,150000,205000.20506109297,55000.20506109297,36.66680337406198,5.384370576045705,0.4169934844300918,0.41841491496476135,-21.73787700292863,0.2476953280819602,8.701506678447155,1392,1018,374,73.13218390804597,221.8702272819824,-452.01627356148987,462.3821751392661,-4342.495555787489,1.336045145671402,17.829741379310345,43,71,60.56338028169014,5.068209603800566,-7.24888864099289,0.48326764032236963,,0.47142644960813906,2
21,0.31,0.19,0.9,0.4,9,150000,187058.0634997445,37058.06349974446,24.705375666496305,3.776251001345465,0.4169341631879124,0.4493110792423913,-9.05435940710974,0.4170644030741972,4.324534653311609,1192,872,320,73.15436241610739,120.59343402758348,-208.5543392840416,307.9408744853233,-1630.2831404949047,1.5756905795069711,13.058724832214764,50,71,70.4225352112676,2.482645823361196,-3.438613835762949,0.3196060780550971,,0.5001924829949951,5
21,0.32999999999999996,0.19,0.8,0.4,5,150000,194307.67782159854,44307.67782159854,29.53845188106569,4.440850972486099,0.4169071467446933,0.4494213669731284,-15.8080889580483,0.28092269623932936,6.07619025961128,1401,1057,344,75.44610992148465,146.90247599628205,-317.2876142630923,349.6159115703268,-1864.815762244112,1.4226318952657768,15.33404710920771,45,71,63.38028169014085,3.6191550956907736,-4.671066002426006,0.3812697509996357,,0.5529151761752195,22
21,0.35,0.19,0.9,0.2,5,150000,191117.58146054315,41117.58146054315,27.411720973695434,4.150989542030392,0.4147774120308013,0.4339918453948678,-12.009029100813958,0.3456557151442861,5.334661190255881,1201,763,438,63.53039134054954,196.4061897510228,-245.4981555467316,397.57750535054464,-936.916695490996,1.393661697572253,13.073272273105744,45,71,63.38028169014085,3.918746515604954,-4.045651786917692,0.3564653306221971,,0.5012388959138775,23
27,0.35,0.15,0.9,0.3,11,150000,201879.484093012,51879.48409301197,34.586322728674645,5.113311240047991,0.4136935184609869,0.4514835793179565,-21.86526632904252,0.2338554291129873,8.00558959317804,1252,901,351,71.96485623003196,205.70273804326524,-378.3678480722864,445.46878208843975,-1430.6487241252662,1.395543961878887,15.920926517571884,45,71,63.38028169014085,4.631638447568509,-6.087963862909773,0.4503207809429396,,0.4136935184609869,1
21,0.35,0.13,0.8,0.5,5,150000,207695.8012836529,57695.80128365298,38.46386752243532,5.6157544756823885,0.4128127051421351,0.4299369182198861,-25.726302315534188,0.2182884429641276,9.496191199821505,1196,932,264,77.92642140468227,231.19382020859103,-593.0529498425117,463.7610886459863,-1901.6854709089528,1.3762417745101256,14.057692307692308,46,71,64.7887323943662,5.337648317568289,-7.21329950502354,0.498545397270528,,0.4606135264834443,8
21,0.27,0.17,0.9,0.30000000000000004,5,150000,187544.2556830233,37544.25568302331,25.029503788682206,3.8214865864581116,0.40659934480660614,0.41436108523785997,-10.92029254329512,0.34994360923091217,4.568542041169248,1401,1054,347,75.23197715917203,106.91690442600033,-211.31084029398758,219.01066289828887,-847.0486716335407,1.5368650527755907,18.2790863668808,48,71,67.6056338028169,2.7456048094491647,-3.3212562744715735,0.3237017682786506,,0.40659934480660614,1
24,0.35,0.17,0.8,0.5,7,150000,200089.18205477318,50089.18205477318,33.392788036515455,4.956231622565577,0.4040010104969714,0.44027781918929454,-18.438797001208503,0.2687936540676021,7.783567735597884,1401,1025,376,73.16202712348323,192.6545952972911,-387.12893118346426,424.84644983487897,-2535.8694539884013,1.3566248388533662,16.306209850107066,45,71,63.38028169014085,4.726711092207303,-6.101040195513874,0.43512074950462803,,0.4764340835675407,10
30,0.31,0.1699999999999999,0.9,0.3,7,150000,199258.955175002,49258.95517500202,32.839303450001346,4.8829909620392575,0.4009236916961586,0.4309507674661323,-19.327460832721847,0.2526452390358613,7.641590693772124,1299,949,350,73.05619707467282,175.02479090395926,-330.5369889009398,364.2974991027451,-1078.8867101960434,1.4357461787961407,18.6774441878368,46,71,64.7887323943662,5.266779374212582,-6.961584243515306,0.4291469195639961,,0.4172902551255273,13
21,0.35,0.15,0.8,0.2,5,150000,195680.28942148248,45680.28942148248,30.45352628098832,4.564353301869972,0.3969029283464168,0.4115030540137108,-14.328993925183353,0.3185396913211105,6.797971560884382,1204,820,384,68.10631229235881,220.53679193797743,-348.7984884774164,449.2320771060741,-1376.3352005258814,1.3501719665509608,11.816445182724252,45,71,63.38028169014085,4.630431715955674,-5.228517559785373,0.3963157022295969,,0.5351891082484679,26
30,0.32999999999999996,0.17,0.7,0.30000000000000004,9,150000,197586.3039402056,47586.3039402056,31.72420262680373,4.734659118313345,0.3968566000678755,0.44124632416221365,-16.015525089943868,0.2956293403883606,7.297955371227912,1401,1028,373,73.37615988579586,167.77314087078454,-329.92810958443334,387.5232268846677,-2061.6456890572667,1.401481596550265,15.371877230549607,43,71,60.56338028169014,4.657732246161883,-4.940610454470451,0.4095171524988969,,0.29477072168448626,2
21,0.32999999999999996,0.23,0.9,0.30000000000000004,5,150000,185345.11932002773,35345.119320027734,23.56341288001849,3.6160942044901834,0.3955760393765708,0.43240316554062547,-9.667980820774165,0.37402786285219625,4.148321518244369,1401,983,418,70.16416845110636,114.54422418992188,-180.45586856147722,251.66908525730418,-1016.5687516032697,1.492723675127691,17.150606709493218,46,71,64.7887323943662,2.590756222806867,-3.241958851996074,0.3064148645181513,,0.4359160610782789,7
24,0.35,0.2299999999999999,0.9,0.5,5,150000,190739.5029851888,40739.5029851888,27.15966865679253,4.116369921922392,0.3894331505820491,0.4215639598953397,-16.2700908455633,0.2530022703004689,5.639263977579141,1163,865,298,74.37661220980225,155.38445598502992,-310.5449517146504,361.5664621921856,-995.4200511090276,1.4523889676692596,16.837489251934652,48,71,67.6056338028169,3.623853669284438,-4.713902841090456,0.3562982277806173,,0.4278163407677404,6
24,0.35,0.25,0.9,0.4,5,150000,186696.01125629584,36696.01125629584,24.464007504197223,3.742501867132675,0.3890476718523534,0.4185327145093607,-13.397540891487097,0.2793424478003041,4.580009799295586,1082,791,291,73.10536044362293,140.35632970274006,-251.8144960260005,296.1340534536372,-710.4354315722701,1.5150772264929178,16.512014787430683,50,71,70.4225352112676,2.9319065163823765,-4.05966852480949,0.3200711367704763,,0.3237486838922189,5
21,0.35,0.19,0.9,0.2,9,150000,186727.87718949554,36727.87718949554,24.485251459663697,3.7454744729886524,0.3885852276235005,0.4291308808881195,-8.194831020995448,0.457053289249359,4.594700766262049,1401,905,496,64.59671663097787,152.6535513120304,-200.811061991783,388.6208702353835,-901.8091683913801,1.3870310456528399,12.996431120628122,44,71,61.97183098591549,2.875436515258434,-2.919110533893421,0.31700816034588253,,0.5212756167862149,8
21,0.3299999999999999,0.13,0.9,0.2,9,150000,191919.2117691633,41919.21176916329,27.94614117944219,4.224204550710642,0.383791361123174,0.3988564519877376,-11.63393143078561,0.363093471526967,6.056213504777286,1197,826,371,69.00584795321637,193.5801628024372,-315.14642020028265,438.5371926477575,-1331.9953012343813,1.3675858864402268,11.827067669172932,45,71,63.38028169014085,3.667435900097216,-4.183650932106698,0.3636034899556671,,0.4498421794104973,4
24,0.35,0.1699999999999999,0.8,0.4,7,150000,196983.5868012858,46983.5868012858,31.3223912008572,4.680953609765215,0.3784956832331189,0.4058921796059215,-18.97654491641272,0.2466704887735744,7.57004068623316,1220,885,335,72.54098360655738,199.3676928234549,-382.6390677875952,440.72410740891,-1941.870128787602,1.376461082669808,13.913934426229508,44,71,61.97183098591549,4.903270260851644,-6.590696430157051,0.4125775294118161,,0.5595882033421956,48
24,0.31,0.17,0.9,0.4,7,150000,192533.12906957505,42533.12906957505,28.3554193797167,4.280103365820875,0.37731968499401825,0.4013953856728142,-15.348526483501773,0.2788608646192574,6.3505809012349745,1401,1019,382,72.73376159885797,151.0628432720232,-286.85499535248493,321.8649983869749,-1720.7727863033308,1.4047726996003682,18.447537473233403,43,71,60.56338028169014,3.9012859386470478,-4.924309819001548,0.3707086066743694,,0.5021476767195376,8
27,0.35,0.19,0.9,0.4,7,150000,198883.11021690007,48883.110216900066,32.588740144600045,4.849751279086378,0.3752164104025499,0.41064146661941947,-21.122725187225164,0.22959874902976368,8.19865537228328,1401,992,409,70.80656673804425,201.71099644184494,-365.2638099106199,407.7868718242026,-1940.8523547900343,1.3394030828081742,22.16131334760885,43,71,60.56338028169014,5.469307331105999,-7.5384305478941265,0.4334386026168894,,0.5306922291166226,6
21,0.32999999999999996,0.13,0.5,0.30000000000000004,5,150000,193594.8058569924,43594.8058569924,29.0632039046616,4.376422813712577,0.37253137654543683,0.3913129889198646,-14.804105929960421,0.2956222303743187,6.750873636405194,1401,1129,272,80.58529621698787,153.4503436826447,-469.96078000274383,444.3416505977513,-3078.9557790793215,1.355287046323988,9.595289079229122,44,71,61.97183098591549,4.189884884958284,-4.971118712132771,0.3817803440197895,,0.3938569210503644,4
27,0.32999999999999996,0.23,0.9,0.4,5,150000,189576.11833190618,39576.11833190618,26.384078887937456,4.009482559367616,0.37193807444289617,0.4153292966432275,-15.008084683551711,0.26715484646497606,5.6260083287895934,1401,1024,377,73.09064953604569,130.3763620391366,-244.31823977772558,274.13470358874696,-1020.7419992526266,1.4494444450044404,22.216987865810136,43,71,60.56338028169014,3.673895487815204,-4.486552511921649,0.34678903764111635,,0.4922902314610334,7
24,0.3299999999999999,0.11,0.9,0.4,5,150000,205440.026644176,55440.02664417599,36.96001776278399,5.422296045419306,0.3704920763531649,0.3794238530619886,-27.29812602934168,0.1986325376178238,10.3035863467705,1201,938,263,78.10158201498751,232.1606151383544,-614.513321036853,456.6797581585585,-3639.7280911239295,1.3474241718042277,16.210657785179016,45,71,63.38028169014085,6.258385079815398,-8.83865194175204,0.4951799178886952,,0.4197299837786721,14
27,0.35,0.17,0.9,0.9,5,150000,208221.6964735881,58221.69647358809,38.814464315725395,5.660604531134994,0.3692513515453502,0.40843067156552965,-28.532187213568545,0.1983936418461141,11.213504290119927,1401,1055,346,75.30335474660956,229.1722107993302,-525.2418668200507,438.48906393926046,-2535.8694539884013,1.3303900219141196,25.121341898643827,44,71,61.97183098591549,6.961770444614235,-9.840978982033132,0.5198906880063291,,0.3692513515453502,1
30,0.35,0.2299999999999999,0.9,0.4,7,150000,192424.4504041814,42424.45040418141,28.28296693612094,4.270218696475392,0.3678239617268085,0.4097774913830413,-17.54126021453492,0.2434385354443937,6.51764905530957,1237,878,359,70.97817299919159,167.85801145324808,-289.6756536790729,361.5664621921856,-1239.354114145707,1.417196742976307,19.52869846402587,46,71,64.7887323943662,4.529995475489579,-5.902201635238158,0.3750610469969115,,0.510630026980209,3
21,0.35,0.19,0.9,0.7000000000000001,9,150000,189630.95508450113,39630.955084501125,26.42063672300075,4.014532992499453,0.3643192619560969,0.4165554251950869,-12.109547989284676,0.3315179886195402,5.781451388861141,1401,998,403,71.23483226266953,146.47315645109225,-259.87085621270853,388.6208702353835,-1940.8523547900343,1.3958088846784515,14.900071377587437,47,71,66.19718309859155,3.135471777917598,-4.1845700903384575,0.34471660172084767,,0.3643192619560969,1
21,0.3299999999999999,0.11,0.8,0.2,5,150000,197174.5411451342,47174.54114513419,31.449694096756133,4.697983503107306,0.3635283419497047,0.368634066660482,-18.695388668398355,0.2512910315177622,8.024971189731229,1196,864,332,72.24080267558529,220.59924648758783,-428.56147161239136,450.1387526308247,-1742.7718294753513,1.3395735345904505,12.130434782608695,43,71,60.56338028169014,5.031870338961708,-6.24362625046786,0.4147738660409116,,0.4633018413145784,12
24,0.35,0.15,0.4,0.30000000000000004,5,150000,190941.90953064736,40941.90953064736,27.294606353764905,4.134910834707695,0.36284522699111527,0.3904435867008243,-13.42121847973267,0.30808758839235106,6.19199799351835,1401,1147,254,81.87009279086367,136.8743321025179,-449.73090311406634,458.04591452196354,-1235.0989341466457,1.374355178784581,8.367594575303356,43,71,60.56338028169014,4.570231149936865,-4.6835227220803795,0.3539003303004913,,0.2699965737438181,3
27,0.3299999999999999,0.15,0.8,0.4,5,150000,202219.46225961405,52219.462259614025,34.81297483974268,5.143009589847392,0.3568906724725649,0.3796391852541811,-27.4448115453827,0.187394603943369,9.8112937375596,1275,1014,261,79.52941176470588,204.19310038635936,-588.1708630779636,406.9768258105681,-2727.617445891295,1.3487610149289326,16.798431372549018,44,71,61.97183098591549,6.5721136962682,-10.169793626645308,0.4687028990320878,,0.533057792165012,28
21,0.32999999999999996,0.15,0.7,0.4,7,150000,193381.79703825104,43381.79703825104,28.921198025500694,4.3571331330046315,0.3556098077548567,0.3789950005177862,-17.01837418252686,0.25602522816064277,7.0853065451368575,1401,1045,356,74.58957887223411,168.77104134303056,-368.4343852956416,406.86896344026144,-2519.617912990439,1.3446339341494984,12.880085653104926,44,71,61.97183098591549,4.454539203129171,-5.790915185385115,0.38071970226851276,,0.5536406395617326,9
27,0.31,0.13,0.9,0.4,5,150000,202094.8620061341,52094.86200613415,34.72990800408943,5.132130123581158,0.3505504298453916,0.3652459544455626,-30.83260818912796,0.166451378102707,10.01884900220988,1235,974,261,78.8663967611336,208.43096285833136,-574.6652807121093,412.485158410643,-2618.661021721591,1.3535232647917714,18.791093117408906,45,71,63.38028169014085,5.800717361588026,-10.474853340989831,0.4685408727652114,,0.4863879542576981,13
21,0.35,0.15,0.9,0.5,7,150000,197049.5296608277,47049.52966082774,31.366353107218497,4.686836148196649,0.3461594899614348,0.3628045139244802,-20.642436174576417,0.2270485958420468,8.513935048255966,1203,875,328,72.73482959268496,218.55192829062543,-436.3281304333075,462.7039315516344,-2512.663021290452,1.3362128340144492,14.45137157107232,44,71,61.97183098591549,5.149277767573723,-6.864557837997021,0.4200684973843972,,0.4812023393393855,13
27,0.3299999999999999,0.15,0.8,0.2,7,150000,194297.88260753689,44297.882607536856,29.5319217383579,4.439967031382763,0.3422664745187636,0.3615252237857387,-17.359538231581816,0.2557652727942516,7.734721678833692,1275,876,399,68.70588235294117,207.66905315725944,-341.6051671413952,406.9768258105681,-1298.169230896255,1.334684331299552,14.429019607843138,44,71,61.97183098591549,4.573642441934078,-6.3441555729916725,0.3925076440369214,,0.5428425325172053,27
21,0.35,0.1699999999999999,0.9,0.2,7,150000,188562.5433383728,38562.54333837278,25.70836222558185,3.915913298082052,0.3404953747162199,0.3522796050034168,-12.11928109313917,0.3231143223750198,5.9338018212083625,1205,763,442,63.31950207468879,207.54697802173416,-268.5027701963044,433.2280928863998,-1054.8956172420112,1.3343504673707205,12.482157676348548,45,71,63.38028169014085,4.427749349810317,-4.441418683003418,0.3402638366008977,,0.5139615983333062,28
21,0.3299999999999999,0.1699999999999999,0.9,0.2,5,150000,187871.96369169428,37871.96369169428,25.247975794462857,3.851921696013383,0.3381128132298499,0.3420683440104898,-12.824546455560046,0.300355393413807,5.763950378856552,1213,804,409,66.28194558944766,187.7448731379341,-273.71207297252056,402.1669173849754,-1033.6017572914875,1.3483631444995974,13.215169002473209,47,71,66.19718309859155,4.104437605389033,-4.693894580705393,0.3334363099460719,,0.5184359861741042,31
24,0.31,0.21,0.7,0.30000000000000004,5,150000,182963.1803419673,32963.180341967294,21.97545356131153,3.3913281221077396,0.33300136369420746,0.3661268012119047,-9.117347121367299,0.3719643528938222,4.29356433519901,1401,1053,348,75.16059957173448,100.26238693768539,-203.424750297265,240.28594100882918,-942.3391439582226,1.4913630378572713,12.820842255531764,43,71,60.56338028169014,2.5596819963574546,-3.3984367523242076,0.28694086960591925,,0.1969037299475128,5
30,0.31,0.2299999999999999,0.9,0.4,5,150000,184774.9693461505,34774.96934615055,23.1833128974337,3.5625131146443056,0.3285808747635407,0.3556625200610938,-14.18391712522659,0.2511656746998509,4.947329225007523,1156,880,276,76.12456747404845,119.419307123145,-250.85120055621613,242.5940925028933,-1239.354114145707,1.5178608285430375,20.31574394463668,46,71,64.7887323943662,3.5255254214677123,-4.49425468045429,0.3065558747906897,,0.3899923777370082,2
33,0.3299999999999999,0.21,0.9,0.3,11,150000,189599.055515945,39599.05551594499,26.399370343963323,4.01159520859824,0.3285586752309158,0.3690812877802801,-18.24866388443563,0.2198295302057565,6.54574608230958,1320,931,389,70.53030303030303,146.2051909978844,-246.09675445735027,347.6428410504337,-858.6103408094917,1.4218604883041843,20.296969696969697,45,71,63.38028169014085,3.899895788285046,-5.117389602951993,0.3518627158129465,,0.3285586752309158,1
24,0.3299999999999999,0.11,0.9,0.3,7,150000,197245.0126727334,47245.0126727334,31.4966751151556,4.704264902985789,0.3271493482293584,0.3356246432625227,-24.589294571985807,0.1913135364340741,9.265588903333692,1201,886,315,73.77185678601165,222.8434558964253,-474.55448358282825,456.6797581585585,-3382.6690382320417,1.320799731883061,14.82014987510408,44,71,61.97183098591549,5.529962595833116,-8.37061059607086,0.4300420731280324,,0.447982625384807,20
21,0.35,0.11,0.4,0.30000000000000004,5,150000,191759.1638530482,41759.1638530482,27.839442568698804,4.2096073108244925,0.3253702541105369,0.3344592147713754,-16.977597553675512,0.247950706660092,7.373009536977812,1394,1160,234,83.21377331420373,157.897313977547,-596.5364117988818,514.5015271566131,-4453.153560137055,1.3121392189066425,8.70803443328551,42,71,59.154929577464785,5.209106211158043,-7.628816685321304,0.371300050625416,,0.3489508153279869,2
30,0.31,0.13,0.8,0.30000000000000004,5,150000,197302.68883869486,47302.688838694856,31.53512589246324,4.709404413314622,0.32415541347317756,0.32376035313190454,-29.044145516533643,0.16214642674317103,9.408189420873594,1361,1034,327,75.97354886113152,208.22318554592727,-508.35102451322825,382.72078061133374,-2329.6824872647253,1.2952039770129904,21.348273328434974,42,71,59.154929577464785,6.954047833426413,-11.34665827726431,0.43442622709670176,,0.32415541347317756,1
21,0.3299999999999999,0.21,0.9,0.2,5,150000,181894.5076640756,31894.507664075587,21.263005109383727,3.2896932233522413,0.3208606916385251,0.3347735258986057,-8.86463275829636,0.3711031593805661,4.127572036139553,1156,729,427,63.06228373702422,152.91027018977218,-183.5069159152004,331.3883764853493,-745.8521703963629,1.4226034992749437,12.905709342560554,47,71,66.19718309859155,2.844586265819715,-3.3406103071749293,0.2799809151847213,,0.4977858732323482,17
27,0.3299999999999999,0.15,0.9,0.5,5,150000,200931.46057745584,50931.46057745584,33.95430705163723,5.030277496115754,0.3184881828288256,0.3340987284518961,-30.88046487220537,0.162895135061369,11.07393082303937,1273,1002,271,78.71170463472113,218.5394104269272,-616.4803000317645,460.56172416305054,-2727.617445891295,1.3107171885231923,19.458758837391983,45,71,63.38028169014085,6.874685047597917,-10.989338452135112,0.4720477054412943,,0.3824865633181952,7
24,0.35,0.25,0.9,0.30000000000000004,9,150000,180238.72915482512,30238.729154825123,20.159152769883416,3.1312366081466037,0.31819614097408955,0.3711244112399071,-7.015509397846325,0.44633061272897084,3.616948495983483,1401,965,436,68.87937187723054,98.81729198071247,-145.18040735457603,268.60822120557947,-559.2290587067055,1.5064882948078826,14.55317630264097,46,71,64.7887323943662,2.1010374663066544,-2.379039141755579,0.26376577081894886,,0.18190684050657424,3
24,0.35,0.19,0.6000000000000001,0.4,7,150000,187724.17662914016,37724.17662914016,25.14945108609344,3.838201793951157,0.3173253848556236,0.3472449033553799,-15.492859100237393,0.247740056829946,6.17693566673349,1220,928,292,76.0655737704918,152.74524193431327,-351.2051997168401,336.2729887217587,-1630.2831404949047,1.382203149788439,11.345081967213115,47,71,66.19718309859155,3.995553821024101,-5.727993701225065,0.3354444598175964,,0.443964818484336,5
24,0.35,0.11,0.7,0.2,5,150000,194589.4885922772,44589.488592277135,29.726325728184754,4.466266315035061,0.3168497547041182,0.3263323930270263,-20.46616536273344,0.2182268263681492,8.680597741218776,1204,878,326,72.9235880398671,227.9285542389096,-472.9582233617002,488.67168225548414,-1742.7718294753513,1.2979347814788955,11.551495016611296,45,71,63.38028169014085,5.420874910059537,-6.887743206685615,0.4011129938509454,,0.4383568375984782,4
24,0.35,0.19,0.9,0.2,9,150000,184388.312216586,34388.31221658594,22.92554147772396,3.5260978271828725,0.3165095793420011,0.3360481272818507,-10.716420116759863,0.3290369161309995,5.039663914056703,1217,784,433,64.42070665571077,173.98835440040884,-233.22916900051155,412.4777662610445,-936.916695490996,1.350720471192968,12.49137222678718,46,71,64.7887323943662,3.1757334170645413,-3.43491029595644,0.302963118110353,,0.4495517518255508,12
24,0.35,0.11,0.9,0.4,9,150000,195172.57221989703,45172.57221989706,30.11504814659804,4.518755110633199,0.3123752022089119,0.3279845499474262,-23.88591452966548,0.1891807452053411,9.081030070709312,1201,882,319,73.43880099916737,222.91720705955456,-472.5061990085336,523.2561309578646,-3382.6690382320417,1.304409594651186,14.071606994171525,44,71,61.97183098591549,5.689546520939026,-7.594038590623631,0.4114245912195701,,0.308435101557571,4
33,0.35,0.13,0.9,0.2,7,150000,198371.07166514712,48371.07166514712,32.247381110098075,4.804382437041488,0.3110281416000519,0.3342008811181224,-31.582521396026408,0.1521215604288629,10.41873962007199,1200,841,359,70.08333333333333,268.7763347797971,-495.03611125231714,498.3088822480429,-1711.0647452975984,1.271907985771521,20.168333333333333,44,71,61.97183098591549,7.047579184528319,-9.643541347011563,0.4557319300191785,,0.1935709719673125,4
27,0.31,0.1699999999999999,0.8,0.4,7,150000,190736.71867536733,40736.71867536733,27.15781245024489,4.11611475850111,0.3052866536185508,0.3271539668243186,-21.48617120224886,0.1915704161414433,7.625547127202569,1295,980,315,75.67567567567568,162.65728055354904,-372.0326868325995,364.2974991027451,-1941.870128787602,1.3602161604175511,16.22007722007722,46,71,64.7887323943662,5.051150759396528,-7.737514845394267,0.366279719304024,,0.4949576130859811,22
21,0.32999999999999996,0.21,0.7,0.4,5,150000,183388.00603481816,33388.00603481816,22.25867068987877,3.4315935092048333,0.29775919268758994,0.3292725054009861,-12.598281554723961,0.27238584042583913,5.051770992210593,1401,1060,341,75.66024268379728,117.17212393050643,-260.9769657816744,300.2431127186132,-1386.112898379941,1.395640651913255,12.8401142041399,45,71,63.38028169014085,2.966654851523809,-4.052357991391331,0.29373042188403303,,0.4813480441605367,7
24,0.35,0.23,0.9,0.5,7,150000,184044.25228660242,34044.25228660242,22.69616819106828,3.493640869080994,0.2936108925243727,0.33280785586655254,-13.97553800694758,0.24998256720737477,5.387289383640924,1401,979,422,69.87865810135617,136.47263147457545,-231.61410883184635,319.7506112412958,-1092.605344149192,1.3669442281532993,17.69093504639543,44,71,61.97183098591549,3.225355440623523,-4.497090926768377,0.3029686795059425,,0.286975030678455,5
21,0.31,0.15,0.9,0.2,7,150000,184554.90640900508,34554.90640900508,23.036604272670054,3.5417954166691468,0.29120027970601553,0.29086707560019365,-11.513765578836116,0.3076139940854323,5.640759937117135,1401,910,491,64.95360456816559,170.07359706537125,-241.12172488903298,355.71935250723675,-1427.4248314492104,1.307255433469696,15.653104925053533,40,71,56.33802816901409,3.97444622218881,-4.231014072292094,0.3068401263630115,,0.4733837542731551,3
24,0.35,0.13,0.7,0.3,11,150000,187215.9615100403,37215.9615100403,24.810641006693533,3.79095263436724,0.2898926748506054,0.3068153076288084,-20.55265209012256,0.1844507763642406,6.728376391426588,1210,857,353,70.82644628099175,189.12321559664144,-349.76354612654006,418.4986456695521,-1524.3290100825184,1.3127330413040177,10.87190082644628,44,71,61.97183098591549,3.7055724836374537,-5.692790210137511,0.3346491325402491,,0.4119835473406185,2
24,0.3299999999999999,0.19,0.8,0.2,5,150000,182864.3577336476,32864.3577336476,21.909571822431733,3.3819504684104995,0.2886118375828306,0.3024283333649045,-11.79668296130841,0.2866865609174086,5.04430049960994,1217,805,412,66.14626129827444,163.3860692610208,-236.52014863897392,344.142939322847,-852.9346843066008,1.3497257882799476,12.219391947411667,46,71,64.7887323943662,3.5968474681564944,-3.762010433734386,0.2913258073556639,,0.5033048560669553,40
24,0.35,0.19,0.8,0.2,9,150000,182717.81542173465,32717.815421734645,21.811876947823098,3.36803674418491,0.2870011307544314,0.31019773683300217,-10.513415975789531,0.3203560814050239,5.021914186330274,1401,902,499,64.38258386866525,157.6914890311745,-215.82887311506533,372.23741982194304,-901.8091683913801,1.3207015964673339,12.299072091363312,43,71,60.56338028169014,3.004207445792817,-3.3683118405948287,0.28716221775114437,,0.5212756167862149,8
21,0.35,0.09,0.8,0.4,5,150000,197316.21498995792,47316.21498995792,31.54414332663862,4.710609544671973,0.2840026656575341,0.2839875537487035,-31.934945882653786,0.1475064201449187,11.530788840952477,1193,934,259,78.29002514668902,243.2772858937358,-690.2888523326442,517.429572735755,-3639.7280911239295,1.2709188298739809,13.93964794635373,44,71,61.97183098591549,6.504584246888623,-8.829644816183968,0.4473753920080591,,0.3778520226398356,5
21,0.31,0.11,0.7,0.4,5,150000,190740.3971359972,40740.39713599722,27.160264757331483,4.116451864221715,0.2763959305652798,0.2776991821979267,-24.545497482942256,0.1677070048012845,8.763682500298344,1210,978,232,80.82644628099173,177.94728820716514,-568.6536811180902,366.4674907755927,-3639.7280911239295,1.3191506296399391,12.005785123966945,48,71,67.6056338028169,5.481029295878481,-7.18531231408901,0.3738420014086536,,0.4019415470664725,6
24,0.35,0.21,0.8,0.2,7,150000,181156.3454099608,31156.345409960806,20.77089693997387,3.2192006178833887,0.27166861695513644,0.2961835876374824,-9.426071201601784,0.34152093157712893,4.720095847963362,1401,849,552,60.599571734475376,157.2207989826679,-182.07031327238607,350.50221422598173,-769.039720172026,1.3281265911839912,12.741613133476088,43,71,60.56338028169014,3.4834376856361704,-3.0945750196248123,0.2751763302157655,,0.4925355025761309,21
21,0.29000000000000004,0.13,0.9,0.6,5,150000,189229.2146373324,39229.21463733239,26.152809758221597,3.9775047306988442,0.26972520121885113,0.2615437501869319,-23.31217408726682,0.1706192101950444,8.356256240466841,1398,1070,328,76.5379113018598,168.4386383783719,-424.33758666938337,329.93277811250556,-2506.387624387137,1.2949116970261456,19.290414878397712,47,71,66.19718309859155,5.049846068089514,-9.238543213492068,0.3636512591901184,,0.26972520121885113,1
24,0.35,0.1699999999999999,0.8,0.3,15,150000,180458.86173985075,30458.86173985075,20.305907826567164,3.1523727499754184,0.2686749133197249,0.3012628819389017,-9.429585385786655,0.3343066127517158,4.492147865486071,1220,808,412,66.22950819672131,138.7959366843596,-195.1833045205924,378.82909691253656,-1092.88175565318,1.3945954064761252,9.00327868852459,49,71,69.01408450704226,2.7492595429238653,-2.9102266353614903,0.2692104443375894,,0.2686749133197249,1
27,0.3299999999999999,0.15,0.6000000000000001,0.2,5,150000,186256.92287071105,36256.922870711045,24.171281913807363,3.701498563998973,0.2652154047969721,0.2826163901752102,-15.175122168742233,0.2439188642331547,7.134755226703966,1276,944,332,73.98119122257053,170.3853331100151,-370.7091949071303,344.2293732158299,-1298.169230896255,1.3068711178006809,11.348746081504702,44,71,61.97183098591549,4.066240967252921,-5.555609886035295,0.3272064814887918,,0.482599980043229,6
21,0.35,0.25,0.8,0.4,5,150000,179373.85644136148,29373.85644136148,19.582570960907653,3.0479868702744106,0.262062958396328,0.2813018569882266,-12.60427091583984,0.2418217515813622,4.164638037089497,1060,775,285,73.11320754716981,128.49440704863147,-242.30781737849463,267.9693179357005,-710.4354315722701,1.4420278282345282,14.022641509433962,50,71,70.4225352112676,2.628628847648984,-3.60755897272188,0.261291759261572,,0.3237486838922189,5
21,0.35,0.19,0.8,0.2,7,150000,181191.3142967421,31191.314296742145,20.794209531161428,3.22254544534164,0.2580030219321765,0.2722348755966394,-11.069334746658264,0.2911236780796153,5.044145323327329,1201,749,452,62.364696086594506,181.43882659709843,-228.96950804085373,381.5499671375146,-936.916695490996,1.3130944339441988,11.2014987510408,45,71,63.38028169014085,3.656406650088373,-3.912011731518028,0.2796081960208187,,0.497980540631226,28
27,0.31,0.15,0.7,0.4,9,150000,184983.8968771313,34983.89687713131,23.32259791808754,3.5821634852613027,0.2360961208448674,0.2522786401305688,-20.50730086777113,0.1746774725917714,7.707828277337072,1289,980,309,76.02792862684251,159.04345299713322,-386.5793389783834,320.1079283558814,-2512.663021290452,1.304802419311052,13.959658650116369,44,71,61.97183098591549,4.980112096475975,-6.6048145268379095,0.3219240262082355,,0.2706913872317091,2
21,0.31,0.1699999999999999,0.8,0.2,5,150000,179420.04290525237,29420.04290525237,19.61336193683492,3.052441056879962,0.2244423049666936,0.2250274310014687,-12.307085847757184,0.2480230571753289,5.06898100752431,1230,839,391,68.21138211382114,151.6077144164299,-246.32992386779503,329.39486868952946,-1033.6017572914875,1.3206548521890276,11.600813008130082,46,71,64.7887323943662,3.425815314098757,-4.593746117885223,0.264415805113718,,0.4696330081209197,15
21,0.31,0.19,0.9,0.2,5,150000,177669.51669093294,27669.516690932942,18.44634446062196,2.882950430308595,0.218816118636295,0.22090045607816525,-9.6572995972693,0.29852552478787947,4.276853173528284,1401,883,518,63.026409707351895,135.54315028715274,-174.1192760862071,283.1033321590945,-712.1807775837763,1.3269717163634132,15.718772305496074,44,71,61.97183098591549,3.0897356625371186,-3.308758108810639,0.24668564459833045,,0.49435154296194933,5
36,0.3299999999999999,0.2299999999999999,0.9,0.2,5,150000,180147.1813362375,30147.181336237496,20.098120890825,3.122440273286609,0.2128076863993988,0.2314140181796231,-15.15822548543082,0.2059898288416221,5.871881058311735,1304,806,498,61.809815950920246,157.7597597370398,-193.2686090749244,321.71408175480434,-663.3793988636169,1.3211149711785606,21.08742331288344,45,71,63.38028169014085,3.5447616292533457,-5.266359771792994,0.2757449527441045,,0.2128076863993988,1
21,0.35,0.2299999999999999,0.9,0.2,9,150000,175405.54965663812,25405.54965663812,16.93703310442541,2.661674178683171,0.2021715440688316,0.2200361948671178,-6.208823825972694,0.428692173153453,3.3952759236545766,1138,711,427,62.4780316344464,131.24165849583792,-156.2289070853029,307.9009834327962,-554.94384551065,1.3987884608600718,11.294376098418278,47,71,66.19718309859155,2.230793611526738,-2.13437577412694,0.2254355265570772,,0.3409921415399379,4
21,0.32999999999999996,0.15,0.9,0.2,11,150000,177630.51870093896,27630.518700938963,18.420345800625977,2.8791587455222034,0.19549739340671812,0.20757913235513292,-12.236300682863584,0.23529650178949443,4.9196039996298335,1401,927,474,66.16702355460386,150.8595056402989,-232.9007236870269,406.86896344026144,-2519.617912990439,1.266785940489407,11.919343326195575,42,71,59.154929577464785,3.0662054873551225,-3.064478610458188,0.24785089520548703,,0.4270550138243007,3
42,0.35,0.23,0.8,0.6,9,150000,184546.49559694802,34546.49559694802,23.030997064632015,3.5410031778696505,0.19495575010833424,0.23729517796460783,-28.567551105580396,0.12395193290397054,10.35636443864484,1401,1038,363,74.08993576017131,168.00772237075276,-380.2320116361595,338.23867533604533,-1203.5135702666585,1.2634885061325727,28.64097073518915,45,71,63.38028169014085,7.12374425320097,-9.350636543125724,0.3415503845032551,,0.19495575010833424,1
27,0.3299999999999999,0.19,0.7,0.2,5,150000,178756.37749908038,28756.37749908038,19.17091833272025,2.988345825451666,0.1936353791409594,0.2049686320163516,-13.571673374443902,0.2201899311162956,5.741706873266384,1281,870,411,67.91569086651053,158.57582770006746,-262.36836431160623,354.49274161837224,-816.867991756843,1.2793899942005489,12.715066354410617,45,71,63.38028169014085,3.643901633221436,-4.522470396976019,0.262353563607238,,0.4836642898270612,8
30,0.35,0.11,0.9,0.2,7,150000,185028.4789682349,35028.47896823494,23.352319312156624,3.586354197052377,0.1931057113370729,0.2011816010845895,-34.540227866971264,0.1038312257482757,11.113455628897048,1193,838,355,70.2430846605197,263.3713468781372,-521.9277926073858,528.5155530921035,-1945.9543719561195,1.1911700539075665,17.70913663034367,43,71,60.56338028169014,6.581066089580356,-12.099144383632288,0.3645002848296974,,0.309794974239633,3
30,0.32999999999999996,0.17,0.6000000000000001,0.4,9,150000,181116.8575903258,31116.857590325788,20.74457172688386,3.2154229016425617,0.19268484330109706,0.21484770471503703,-19.830613876175825,0.16214439561578667,7.530792541851144,1401,1063,338,75.87437544610992,150.32464125093858,-375.31637887412313,361.4588800986509,-2061.6456890572667,1.2596480619306232,13.766595289079229,43,71,60.56338028169014,5.018297370348046,-5.523109554151395,0.2901663564381219,,0.29477072168448626,2
21,0.29,0.1699999999999999,0.8,0.6,5,150000,179254.04657911265,29254.046579112648,19.50269771940843,3.036428050136708,0.1914868836794725,0.1967303706416767,-17.645881861192606,0.1720757326849455,6.190293295130145,1219,967,252,79.3273174733388,126.5285445342626,-363.6209835872319,271.0519545411317,-1540.4459158211484,1.335258983104885,13.99343724364233,47,71,66.19718309859155,3.392916291110626,-4.765954986284093,0.2686105058616094,,0.1914868836794725,1
21,0.25,0.15,0.9,0.3,9,150000,175885.0891312736,25885.08913127359,17.256726087515727,2.7087410985461524,0.1914467215868769,0.1996612697358145,-7.771233861745857,0.3485599773132572,3.927002346063746,1251,927,324,74.10071942446042,92.07005472797844,-178.99197945871867,226.08037123183087,-839.6326628864601,1.4717008962045752,12.487609912070344,45,71,63.38028169014085,2.278356944026827,-2.5804667166183903,0.2303363598272488,,0.1914467215868769,1
21,0.35,0.11,0.6000000000000001,0.5,5,150000,184109.9319599777,34109.93195997772,22.73995463998515,3.4998406703095064,0.1908831175596651,0.1926031429900585,-28.820534883949307,0.1214356598308185,10.40168993078827,1195,968,227,81.00418410041841,200.4399272947224,-698.55075308414,434.8340342929777,-3639.7280911239295,1.2235895843941669,11.096234309623432,47,71,66.19718309859155,6.16292637165714,-8.382735784399598,0.3381336644001497,,0.189897940550732,2
21,0.32999999999999996,0.23,0.9,0.4,9,150000,175302.80208907032,25302.80208907032,16.86853472604688,2.6515755529108676,0.19032601961227436,0.2207423810916521,-7.368763612788122,0.35983995311088424,3.5907055954040694,1401,984,417,70.2355460385439,90.76494925703496,-149.1333524697465,245.6226088133586,-1016.5687516032697,1.436158694817735,13.97501784439686,46,71,64.7887323943662,2.010414735204624,-2.9146653123176547,0.22488278111349233,,0.2673776843702455,3
24,0.31,0.07,0.9,0.7000000000000001,9,150000,183360.7957696324,33360.79576963233,22.24053051308822,3.4290168218762407,0.1889657111016498,0.1959340687143703,-27.49100662279698,0.1247323122403499,9.843939405506683,1175,887,288,75.48936170212765,198.38898288425867,-492.46500000306673,454.10367411875546,-2674.409944966303,1.2407186566645572,14.17872340425532,44,71,61.97183098591549,4.711664783535952,-8.566614968009612,0.3233229597923073,,0.1042380201072309,2
21,0.3299999999999999,0.11,0.6000000000000001,0.4,7,150000,182020.90019898707,32020.90019898708,21.347266799324714,3.301739508898049,0.1889127635417989,0.1936055090502448,-22.28470514438923,0.1481616870182978,8.570400330832646,1197,954,243,79.69924812030075,178.55596216580938,-563.6843250863428,382.4242128464232,-3639.7280911239295,1.243599386922856,10.316624895572264,47,71,66.19718309859155,4.458911881311378,-7.79473794910327,0.3077029525584281,,0.2807356195456099,4
21,0.29000000000000004,0.11,0.5,0.4,5,150000,178608.37901502222,28608.37901502222,19.07225267668148,2.974025486318088,0.16829075449367847,0.16446117523845918,-19.24706664447431,0.15451837629355894,7.006624749662162,1377,1146,231,83.2244008714597,129.80384412876506,-512.3667807643934,346.4894906675519,-4053.8189283429087,1.2568377814321088,10.241830065359476,44,71,61.97183098591549,4.299110863631905,-6.25295473359272,0.2658947712162634,,0.16829075449367847,1
21,0.31,0.07,0.8,0.4,9,150000,179861.43091677886,29861.43091677886,19.907620611185905,3.0949601149158124,0.1651679629157327,0.1677135231597169,-24.952001460395028,0.1240365475221808,8.612421417003,1174,887,287,75.55366269165246,187.0403202410186,-469.59909005779525,418.50839938001786,-2948.8824065812537,1.23097636306577,11.96166950596252,44,71,61.97183098591549,4.183743449546884,-8.16664667755248,0.2891159011445854,,0.1651679629157327,1
21,0.3299999999999999,0.1699999999999999,0.8,0.2,7,150000,176704.8694725972,26704.8694725972,17.803246315064804,2.788956013625854,0.1649771193291891,0.1675423540149959,-11.656436641639784,0.2392631727317924,5.472099682036473,1214,784,430,64.57990115321252,173.28786683131247,-250.8666559923785,373.7693439205614,-1033.6017572914875,1.259426484711412,11.28830313014827,45,71,63.38028169014085,3.8679916556910943,-4.575636395410154,0.2452566396061626,,0.5173993228526929,37
21,0.35,0.25,0.9,0.2,5,150000,174007.3928793911,24007.39287939109,16.004928586260725,2.523830878148492,0.1645883614705081,0.1703460521320611,-7.750076949606926,0.3256523637841425,3.342911629288044,1060,627,433,59.15094339622642,141.93451783861403,-147.42256059344814,288.00180172745536,-554.94384551065,1.3941314388820014,12.7311320754717,47,71,66.19718309859155,2.5043945348029784,-2.4912248402686576,0.2149629712365709,,0.247596000033624,3
27,0.29,0.15,0.9,0.5,9,150000,178841.94818554557,28841.948185545567,19.227965457030376,2.996621147842826,0.1597463236095795,0.1664021212358029,-21.33278606241531,0.1404702198332338,7.971269714330577,1296,953,343,73.53395061728395,151.45426697449506,-333.0868185781012,327.1923129250476,-2328.541967137355,1.2633475646542558,17.390432098765434,43,71,60.56338028169014,4.589314134617251,-6.717119395029291,0.2764618023554809,,0.2325164886140651,2
21,0.27,0.15,0.7,0.3,9,150000,175049.82443817225,25049.824438172247,16.699882958781497,2.62669043687076,0.1558829017237161,0.1632075053565903,-9.593380668493234,0.273802377664152,4.450868627947963,1263,947,316,74.98020585906572,102.00311064987058,-221.64700816430923,218.06591269985609,-2111.2388083239985,1.3791593210635529,10.417260490894694,45,71,63.38028169014085,2.690848358182407,-2.950777480396372,0.2258077374603057,,0.1558829017237161,1
21,0.35,0.25,0.8,0.6,5,150000,174846.70138787964,24846.701387879642,16.56446759191976,2.6066877899418417,0.1468365396502782,0.16612773208894321,-14.085650731596989,0.18505980586999143,4.655280482685579,1401,1034,367,73.80442541042113,108.65964396136776,-233.47703124852157,259.7147629208396,-824.6704747837905,1.3112291326014494,15.346895074946467,47,71,66.19718309859155,2.587223414698969,-4.107296447587139,0.22574495835626388,,0.22022371608732547,2
24,0.3299999999999999,0.25,0.8,0.3,7,150000,173381.7756220172,23381.775622017187,15.587850414678126,2.461853060054464,0.1449141186951096,0.1537855852479541,-7.796462310358051,0.3157654025703106,3.389929119336115,1017,700,317,68.8298918387414,109.1728241645219,-163.93879505219607,255.2107401013509,-554.94384551065,1.4705221962843025,13.692232055063911,45,71,63.38028169014085,2.195103865755277,-2.6210119183455283,0.2100040764852939,,0.2302139447890946,11
30,0.25,0.15,0.9,0.3,5,150000,176362.61786939256,26362.61786939256,17.57507857959504,2.755504673408815,0.1424312314529265,0.1457072426857364,-20.21600337810585,0.1363031367709928,6.579481655832424,1306,1020,286,78.1010719754977,115.66666477369908,-315.4382927622899,214.0594700061916,-1916.406163322176,1.3077596640342173,18.643185298621745,45,71,63.38028169014085,4.482184026630143,-6.687691375344295,0.2472539027379388,,0.1424312314529265,1
27,0.35,0.21,0.4,0.4,13,150000,174590.42171493353,24590.42171493353,16.393614476622353,2.581422910118492,0.1402960607040515,0.1559779224040283,-12.884384808715511,0.2003528261878917,4.717165152054609,1254,991,263,79.02711323763955,105.49103820222844,-298.2001312961737,282.64109032265515,-1057.2533877643666,1.332986165780549,9.574960127591709,49,71,69.01408450704226,2.801963248473416,-3.6243129445777456,0.2244235663624089,,0.1402960607040515,1
33,0.35,0.13,0.7,0.4,5,150000,177344.0391061728,27344.0391061728,18.2293594041152,2.8512837396746704,0.1278640779033912,0.1360981508930951,-42.663715469236784,0.0668315853018151,13.211040160996737,1205,950,255,78.83817427385893,235.38025767472453,-764.9456015092883,445.6805699091171,-2314.084402778893,1.1463649710350725,18.129460580912863,43,71,60.56338028169014,6.877731361362405,-15.792593282041468,0.3242062565242687,,0.1278640779033912,1
30,0.35,0.25,0.6000000000000001,0.2,7,150000,172945.937116805,22945.937116805,15.297291411203332,2.4185659216560795,0.1258721396823337,0.1473251349057828,-6.593696725960803,0.3667996910039349,3.6351998995043697,1401,908,493,64.81084939329051,104.37094412906512,-141.99103479192635,222.359857455464,-449.6708360250306,1.353809686336278,12.001427551748751,43,71,60.56338028169014,2.43634006866682,-2.638792478076979,0.2056795244269399,,0.1258721396823337,1
30,0.35,0.25,0.6000000000000001,0.2,7,150000,172945.937116805,22945.937116805,15.297291411203332,2.4185659216560795,0.1258721396823337,0.14732513490578283,-6.593696725960803,0.3667996910039349,3.6351998995043697,1401,908,493,64.81084939329051,104.37094412906512,-141.99103479192635,222.359857455464,-449.6708360250306,1.353809686336278,12.001427551748751,43,71,60.56338028169014,2.43634006866682,-2.638792478076979,0.20567952442693999,,0.07855403000864951,3
24,0.32999999999999996,0.19,0.5,0.5,5,150000,173800.50595110917,23800.505951109168,15.867003967406113,2.5033558285883384,0.11095469263617352,0.12168499635363242,-15.54454794383369,0.16104397745329002,5.784068206779894,1401,1141,260,81.44182726623839,111.15980671495032,-389.2751288872353,326.14531040122023,-1864.815762244112,1.2531510497108826,10.67237687366167,44,71,61.97183098591549,3.3634946416933875,-5.478064886371858,0.22161951591720874,,0.11095469263617352,1
21,0.35,0.23,0.7,0.30000000000000004,11,150000,171982.3687424254,21982.368742425402,14.654912494950267,2.322541942803924,0.10635191528755931,0.12455309947454402,-8.401831879248217,0.27643280372467316,3.3153349734580786,1401,928,473,66.2384011420414,96.29410432133913,-138.59885849431316,256.4682443105649,-648.4935947834449,1.363097370417417,10.193433261955747,44,71,61.97183098591549,1.8747613455304846,-2.405694428133165,0.19606159577807328,,0.10635191528755931,1
21,0.3299999999999999,0.1699999999999999,0.6000000000000001,0.2,9,150000,172618.07232714744,22618.07232714744,15.07871488476496,2.385942781407846,0.1028932825612762,0.1092003704274135,-7.318143510407571,0.3260311550346961,4.464608547144136,1215,841,374,69.21810699588478,138.33793168701206,-246.7409063203326,331.6132005526076,-1033.6017572914875,1.2607370507628035,8.675720164609054,45,71,63.38028169014085,2.705956130901921,-3.3739164502877617,0.2072501130364226,,0.1028932825612762,1
30,0.35,0.25,0.6000000000000001,0.2,7,150000,171897.85363226058,21897.85363226058,14.598569088173718,2.3140982890334616,0.0986474318529783,0.1109532178132119,-6.5799349559400016,0.351690146563595,3.5847599037479743,1178,763,415,64.77079796264856,118.04886104621144,-160.966458202041,228.69704836127667,-544.2227980980788,1.3483506669475944,11.759762308998305,46,71,64.7887323943662,2.5332177653399457,-2.673018235039526,0.1980195184027059,,0.2881728312816335,2
30,0.35,0.25,0.6000000000000001,0.2,7,150000,171897.85363226058,21897.85363226058,14.598569088173718,2.3140982890334616,0.0986474318529783,0.1109532178132119,-6.5799349559400016,0.351690146563595,3.5847599037479743,1178,763,415,64.77079796264856,118.04886104621144,-160.966458202041,228.69704836127667,-544.2227980980788,1.3483506669475944,11.759762308998305,46,71,64.7887323943662,2.5332177653399457,-2.673018235039526,0.1980195184027059,,0.0986474318529783,1
27,0.29,0.1699999999999999,0.7,0.2,5,150000,172618.40554354698,22618.40554354697,15.07893702903132,2.3859759632076205,0.0945062077928059,0.0984112525865804,-12.366489066280865,0.1929388325513788,5.2858886155857165,1301,918,383,70.56110684089163,125.81221648620595,-238.52602684682577,274.8596337027213,-703.8565636246781,1.264244132353387,12.352036894696388,42,71,59.15492957746479,2.997161034543705,-4.089688783725531,0.2087112915686559,,0.0945062077928059,1
21,0.31,0.21,0.8,0.2,5,150000,171618.560680998,21618.560680997994,14.412373787331996,2.28617036705634,0.0933149976953837,0.0951730501201805,-8.780305234723695,0.2603748168133339,3.444368030379488,1132,733,399,64.75265017667844,120.10238268448686,-163.2392567050485,250.16931409521763,-745.8521703963629,1.3516308439443,11.380742049469964,45,71,63.38028169014085,2.1780293791122896,-3.099544078872807,0.1951684609928667,,0.3743551392232062,8
24,0.35,0.17,0.8,0.1,5,150000,172121.03284426357,22121.032844263565,14.747355229509044,2.336387984898347,0.08793816817891197,0.08638250841949702,-9.822859137016847,0.2378521316765921,4.91681471750039,1401,711,690,50.74946466809421,206.75230360375986,-178.34573191020556,430.6631875910051,-524.4987663456824,1.1945604906600862,11.256245538900785,37,71,52.112676056338024,3.4273476289745197,-3.0534701261065167,0.20290290655475,,0.19888251691947523,3
21,0.35,0.11,0.7,0.3,15,150000,172222.53748188514,22222.53748188514,14.815024987923428,2.346517655921887,0.087730291223843,0.0945964760921092,-14.188381214306553,0.1653830426797262,5.206300557150088,1195,793,402,66.35983263598327,162.05040587858488,-261.0411384791513,441.1179718087472,-3382.6690382320417,1.2245832152485452,7.515481171548117,46,71,64.7887323943662,3.1854547203963524,-4.040030440197406,0.2070553737888241,,0.087730291223843,1
27,0.29,0.19,0.9,0.2,5,150000,172034.21471679216,22034.214716792165,14.689476477861444,2.327720011633416,0.0871052708846331,0.0897229382751529,-12.117791108821788,0.1920911155118715,4.798836338686122,1271,834,437,65.61762391817466,130.51698846477603,-195.86802120743764,272.880019302211,-628.9388701982749,1.2717101050712143,15.844217151848936,43,71,60.56338028169014,3.035448421195164,-3.3855462404941417,0.2040875677548464,,0.3694946110319801,3
21,0.35,0.11,0.7,0.30000000000000004,15,150000,172021.4669952949,22021.466995294904,14.68097799686327,2.326446965116147,0.08419373204196308,0.09021196526714674,-14.511271612553536,0.1603199931220062,5.171621250935351,1394,901,493,64.63414634146342,156.81586944625087,-238.25036790225062,484.3700315295572,-4337.532324176575,1.2029132317648403,8.586800573888091,43,71,60.56338028169014,3.2258278169968513,-4.063508799792093,0.20528360202708423,,0.08419373204196308,1
24,0.29,0.15,0.5,0.5,7,150000,172051.652600931,22051.652600931004,14.701101733954005,2.3294613123950203,0.0810111729276429,0.0848594193195357,-15.816382819214205,0.1472815459148549,5.93173729372175,1260,1053,207,83.57142857142857,106.36133403257936,-427.0759119787123,271.06150189573407,-2111.2388083239985,1.2668836303857678,9.52777777777778,47,71,66.19718309859155,3.585528081822842,-4.909898412456282,0.2084955923908399,,0.0810111729276429,1
33,0.35,0.27,0.6000000000000001,0.30000000000000004,13,150000,171205.2493457184,21205.24934571839,14.136832897145593,2.2447717902837283,0.0776628403789132,0.09481111368666119,-9.803558242393967,0.22897520826433823,3.7646708099688926,1401,1007,394,71.87723054960742,83.44221590273978,-154.82173113800332,172.71835834545735,-743.0825906945159,1.3774858878937215,15.378301213418986,43,71,60.56338028169014,2.2405940611131214,-3.0518122901947,0.1923006551436389,,0.0776628403789132,1
24,0.31,0.21,0.9,0.5,13,150000,171028.30834529843,21028.30834529843,14.018872230198951,2.227023391323879,0.0746801644396554,0.0794302142286107,-10.424834148404203,0.2136267454830236,3.604348855461112,1171,825,346,70.45260461144322,98.4709470494611,-170.4620547591699,255.82447843137072,-1270.3096791104886,1.37739418570885,13.000853970964988,49,71,69.01408450704226,2.013695336499799,-2.852740192624792,0.191005750223667,,0.0746801644396554,1
27,0.35,0.13,0.30000000000000004,0.30000000000000004,7,150000,171773.8110324505,21773.811032450496,14.515874021633666,2.3016993032729083,0.07461311769490205,0.07954468217968953,-18.944827175841223,0.12149486938619719,7.08910936518424,1383,1181,202,85.3940708604483,125.25786118654071,-615.6327872717159,423.40089549764156,-4203.493113149835,1.1895474724331785,8.013738250180767,43,71,60.56338028169014,6.689477036146174,-7.511336511258548,0.21410648529881104,,0.21872917234300865,2
30,0.29,0.07,0.8,0.4,5,150000,168757.17292471696,18757.17292471696,12.504781949811306,1.997845366451468,0.0702429263425371,0.0714933200303641,-41.21591700703082,0.048472665696378,14.270550964050011,1174,965,209,82.19761499148211,188.34577827870464,-775.1958909129808,365.6716233466143,-3083.5732677616893,1.12182588140307,17.337308347529813,43,71,60.56338028169014,6.913219024153139,-13.487425905585336,0.2414643478239452,,0.0702429263425371,1
45,0.35,0.25,0.8,0.7000000000000001,11,150000,171119.81271000195,21119.81271000195,14.0798751400013,2.236203814923532,0.0699140629368071,0.0810490182453194,-28.53801040089551,0.0783587847754572,9.461049857510307,1334,963,371,72.18890554722638,148.02637011942502,-325.3872789137431,322.3645261158164,-1279.972745126258,1.1808395673457277,28.13568215892053,45,71,63.38028169014085,5.599224063768049,-10.213009416972485,0.2298490493679435,,0.0699140629368071,1
27,0.35,0.11,0.8,0.5,7,150000,167469.79275400145,17469.79275400145,11.646528502667634,1.8667950449395845,0.0601414359613821,0.0622815779107712,-40.44044206587164,0.0461615884885443,14.079176379020469,1198,909,289,75.87646076794657,245.5591268729653,-707.8706394762395,499.2399681610085,-3254.487340587505,1.0911092098906183,16.71035058430718,43,71,60.56338028169014,7.156539376202464,-16.01007835378202,0.2550046787233566,,0.2476695715078196,3
21,0.29,0.2299999999999999,0.9,0.3,5,150000,170216.97402377173,20216.97402377173,13.477982682514488,2.145444795492857,0.0589445544278632,0.0586664459593799,-7.313920348321988,0.2933371835236188,2.749678719459137,880,650,230,73.86363636363636,91.873312183642,-167.398797089415,187.6512408544185,-639.0570860882567,1.551038440712058,14.92159090909091,46,71,64.7887323943662,1.6759813219668906,-2.2042210624173,0.181671675445115,,-0.0665115138734155,3
21,0.3299999999999999,0.19,0.7,0.5,11,150000,170282.347982244,20282.347982244013,13.52156532149601,2.1520300320994723,0.0518802753405173,0.0554853099680218,-12.66017316639335,0.1699842493317606,4.320956289998974,1197,827,370,69.08939014202173,120.77073799261692,-211.18443340882084,309.0513221786561,-1630.2831404949047,1.278214096684566,10.406015037593985,47,71,66.19718309859155,2.352758171601921,-3.497088832976747,0.1880105387646554,,0.0518802753405173,1
30,0.32999999999999996,0.25,0.7,0.5,5,150000,169644.64083829697,19644.640838296968,13.096427225531313,2.0877026004539223,0.03789939658682455,0.043057663433788036,-14.462712898036505,0.144350690992238,4.694630061449972,1401,1070,331,76.37401855817274,90.93577867699126,-229.10979560760305,190.89226996840532,-761.1327479741752,1.2830598527569417,16.95788722341185,44,71,61.97183098591549,3.046570511019575,-4.729111601690428,0.1843596270732734,,0.03789939658682455,1
24,0.32999999999999996,0.23,0.9,0.2,7,150000,169658.04703903676,19658.047039036755,13.105364692691172,2.0890569930588354,0.03719836093335878,0.03947178296945205,-6.929014146664097,0.30149411573428386,3.561953865458451,1401,807,594,57.601713062098504,117.14472878291133,-122.9906550316578,268.1441719911465,-445.6982725675161,1.2940102798165731,14.667380442541042,42,71,59.154929577464785,2.775279896384153,-2.303940191829401,0.17916254233883158,,0.46111749080722597,11
21,0.35,0.27,0.9,0.2,5,150000,169439.38407284286,19439.384072842862,12.959589381895242,2.066954929890308,0.03102140741080538,0.0343904300942158,-5.999301428020115,0.3445326017853453,2.7085626240171066,1401,806,595,57.53033547466095,96.07949930989233,-94.41914684195405,212.94802459611944,-398.86952755388774,1.378442755884977,14.179157744468236,40,71,56.33802816901409,1.8933230479963647,-1.919506787609071,0.17477249224050567,,0.03102140741080538,1
45,0.3299999999999999,0.21,0.5,0.3,19,150000,168770.90065549512,18770.90065549512,12.51393377033008,1.9992383072547024,0.0310130466929874,0.0362024652051273,-19.348042335578068,0.103330263216264,6.762754363681625,1373,1049,324,76.40203932993444,113.21056182467504,-303.49402258630334,239.73358115619047,-1828.078451347122,1.207722845905041,16.010924981791696,43,71,60.56338028169014,4.613708482401413,-5.339691034518513,0.1850221570388022,,0.0310130466929874,1
21,0.29,0.05,0.8,0.7000000000000001,7,150000,164864.4402250018,14864.440225001805,9.909626816667869,1.5989945904067326,0.0195103291128121,0.019143089445334,-32.61843602311734,0.0490211912451441,11.207468290583012,1150,879,271,76.43478260869566,188.636596538568,-552.5073278557791,362.84889893092907,-3890.474321114597,1.1074075852014391,12.891304347826088,43,71,60.56338028169014,5.402690122402376,-10.179420215092447,0.1842215693643702,,0.1042380201072309,2
21,0.22999999999999998,0.13,0.7,0.30000000000000004,7,150000,168808.67467573957,18808.674675739574,12.539116450493049,2.0030707173860574,0.018482879818897523,0.018339601469951526,-11.682564413323739,0.17145813594672707,4.388086086908637,1392,1086,306,78.01724137931035,82.98353337231035,-227.13020446608354,197.34012465126517,-2609.4099056905948,1.2966579577504533,11.97198275862069,43,71,60.56338028169014,2.4301071408066477,-3.8830628250756005,0.1748912544019847,,0.018482879818897523,1
27,0.31,0.09,0.6000000000000001,0.2,5,150000,166532.99167540148,16532.991675401485,11.021994450267657,1.7709043575264705,0.015798504131266933,0.014319335893981676,-34.07512289637757,0.05197059341243727,8.69990152606796,1272,965,307,75.86477987421384,195.50731278158352,-555.3028181070235,433.1521501671933,-2402.024750866816,1.1066800137978248,15.3812893081761,40,71,56.33802816901409,5.936400016957255,-10.704470780275454,0.19735380986977535,,0.015798504131266933,1
21,0.29,0.11,0.9,0.1,5,150000,168205.80544343157,18205.80544343157,12.13720362895438,1.9418204923838944,0.0136807549857607,0.0129830699350158,-14.511744203514723,0.1338102756740701,5.473836568849045,1214,740,474,60.95551894563427,183.20927399986093,-245.12783730368616,388.33149161274935,-1424.089122175106,1.1668316432809795,11.335255354200989,42,71,59.15492957746479,3.9089652781660433,-4.052583659616127,0.1749139500025731,,0.0136807549857607,1
30,0.35,0.25,0.6000000000000001,0.2,7,150000,168368.53022605786,18368.53022605786,12.245686817371908,1.958370958055356,0.001303262484895,0.0014548243943952,-6.5799349559400016,0.2976277077461756,3.57297356164136,1145,730,415,63.75545851528385,118.70974024640805,-160.966458202041,228.69704836127667,-544.2227980980788,1.297256124905449,11.8235807860262,45,71,63.38028169014085,2.5332177653399457,-2.673018235039526,0.1686440602631374,,0.001303262484895,1
30,0.3299999999999999,0.25,0.7,0.5,9,150000,168154.95273550545,18154.952735505445,12.103301823670296,1.936645616109756,0.0010790343738369,0.0011915429580787,-12.05315167747449,0.1606754538507179,4.120922715458958,1130,829,301,73.36283185840709,99.63840360349484,-210.0265269883694,224.3014831268569,-864.2433811027254,1.3065939554895798,15.83716814159292,47,71,66.19718309859155,2.20319074408013,-4.014547346201825,0.1690690565197879,,0.0010790343738369,1
30,0.27,0.19,0.9,0.4,11,150000,168017.89726629507,18017.89726629507,12.01193151086338,1.9226920820881728,0.0001850127834263,0.0001984855788533,-12.711243824050625,0.1512591614716961,4.357268110691012,1244,909,335,73.07073954983923,88.36704232895435,-182.20587110641907,225.15035215453923,-1477.5685393282008,1.3159731506111298,17.2516077170418,46,71,64.7887323943662,2.416178731726215,-3.4786382308405472,0.1691425895695233,,0.0001850127834263,1
24,0.3299999999999999,0.1699999999999999,0.9,0.1,5,150000,167782.8961734549,17782.89617345491,11.855264115636606,1.8987447057056128,-9.857956593258806e-05,-9.610345749461668e-05,-11.628263972928986,0.163287031505817,4.835903960312376,1229,641,588,52.15622457282343,196.6231729271161,-182.49609343756515,402.8250092700432,-720.7808849924766,1.1745238262647342,11.187957689178194,41,71,57.74647887323944,3.268442673006056,-3.015028972906641,0.1686535642741896,,0.3233624718527693,13
27,0.29,0.19,0.9,0.2,9,150000,167910.31530312443,17910.31530312443,11.940210202082952,1.911732591177251,-0.0020578638420635,-0.0021278243705032,-11.154941119728404,0.1713798908177291,4.377698722499384,1271,835,436,65.69630212431157,119.387465077407,-184.76052670029725,272.880019302211,-555.0448450472659,1.2375123040312148,15.01573564122738,41,71,57.74647887323944,2.5842095022716727,-3.08857164773233,0.1680383561140305,,0.1994329139270475,2
39,0.35,0.13,0.9,0.4,7,150000,152215.66815041812,2215.668150418118,1.4771121002787453,0.2464790649087334,-0.0022558095718527,-0.0023750739184659,-54.935149798674345,0.004486727820203,18.451051726653457,1165,858,307,73.6480686695279,279.80378802377174,-777.9725279923018,523.5410552188503,-3377.2102606655035,1.0051670432375603,25.86351931330472,43,71,60.56338028169014,11.497688316445489,-22.04246003367348,0.2002001070012598,,-0.0022558095718527,1
30,0.35,0.25,0.5,0.2,5,150000,167880.18185452957,17880.18185452957,11.920121236353046,1.9086618166965996,-0.016082189338718893,-0.018997564235000756,-5.8133718132498595,0.3283226805390927,3.309714856868244,1401,944,457,67.38044254104211,90.18071445044001,-143.17092469741493,199.14547763597756,-449.6708360250306,1.3011118609989512,10.364739471805853,44,71,61.97183098591549,2.04801065430531,-2.522512732454274,0.16281857827851012,,0.07855403000864951,3
21,0.35,0.19,0.9,0.1,5,150000,167115.64646231223,17115.64646231223,11.41043097487482,1.8305973315368984,-0.01885978337442242,-0.018345570724756583,-10.066365163237519,0.18185286365551898,4.473676630100639,1401,674,727,48.10849393290507,190.38926149808643,-150.4613697213623,401.9087483076697,-687.5027323891471,1.1731213098744369,12.60670949321913,36,71,50.70422535211267,3.1538283030119407,-2.9800835838930784,0.16083679138707943,,0.11358233391987534,3
21,0.31,0.09,0.6000000000000001,0.2,13,150000,165493.3404878924,15493.34048789239,10.328893658594929,1.663959049502961,-0.0276536876528723,-0.0273194632125569,-21.395616842969435,0.0777710248652978,6.023273627107129,1204,877,327,72.8405315614618,153.0053247893391,-358.88065628543177,345.3725950268542,-2570.688270628806,1.1434267164066625,8.418604651162791,43,71,60.56338028169014,3.4306162041934707,-5.77153834838291,0.1573256742495679,,-0.0276536876528723,1
33,0.31,0.09,0.6000000000000001,0.6,5,150000,150180.83647976175,180.83647976175416,0.12055765317450276,0.02023004751652291,-0.07298748883824407,-0.06766974027790061,-52.47113008648123,0.00038554625149449603,13.860366340055648,1180,981,199,83.13559322033899,203.34140441648867,-993.7843279037049,433.1521501671933,-4033.8309770397086,1.008671165866119,21.391525423728815,39,71,54.929577464788736,11.405665743896876,-17.582297889151256,0.11311721936631691,,-0.07298748883824407,1
27,0.3299999999999999,0.25,0.9,0.2,9,150000,165879.58625515914,15879.586255159142,10.58639083677276,1.7037559050050888,-0.0810035619952564,-0.0859428896100286,-6.847299629171238,0.2488215789107074,3.190811699546716,1096,670,426,61.13138686131386,110.65300893938684,-134.47875085079514,286.3762398101628,-544.2227980980788,1.2941206441433382,14.88138686131387,46,71,64.7887323943662,2.176732466208753,-2.2592476923503746,0.146487170785192,,0.0319552783499266,2
33,0.31,0.09,0.6000000000000001,0.6,5,150000,139628.7975146031,-10371.202485396903,-6.914134990264603,-1.1956760741723027,-0.0852011076793808,-0.0866137250330482,-52.40899551938784,0.0228143291494679,18.144022023445267,1162,978,184,84.16523235800344,170.09182446011806,-953.1736611772084,379.5414552128536,-3988.41715034841,0.9484893050575236,16.390705679862307,45,71,63.38028169014085,8.154945529173151,-16.807771216287794,0.0134813462026432,,-0.0852011076793808,1
21,0.22999999999999998,0.05,0.5,0.5,7,150000,161452.25821878586,11452.258218785864,7.63483881252391,1.2428832987346983,-0.09306079115535319,-0.07449799490342755,-24.967582278462462,0.04977988196345444,6.158133289284199,1184,980,204,82.77027027027027,122.84567376976801,-526.4573631157566,269.5627744532754,-2408.2503542480326,1.1209663368416045,13.673141891891891,42,71,59.154929577464785,3.849999860277342,-7.677390559925856,0.12294796123746941,,-0.09306079115535319,1
30,0.19,0.09,0.9,0.9,9,150000,161382.27174350474,11382.271743504738,7.588181162336492,1.2355138892139017,-0.10342915026827168,-0.09538500381101876,-16.90796164078782,0.07307290585716832,5.81694593164179,1151,879,272,76.36837532580365,89.94216187465395,-243.31098729537814,166.58780602306595,-1607.5493907563016,1.1945974193754556,23.90616854908775,43,71,60.56338028169014,2.8758809102250593,-4.3236794152958336,0.11508399609032743,,-0.10342915026827168,1
30,0.32999999999999996,0.09,0.7,0.4,11,150000,152922.8137740147,2922.8137740147067,1.9485425160098042,0.3245160729439478,-0.10735857761357141,-0.10169403470550191,-41.78417606895387,0.007766482517410868,10.471306382370576,1269,909,360,71.63120567375887,214.50259268569158,-528.9176193814102,486.1801210348058,-4984.007393536798,1.0240139989377095,18.689519306540582,39,71,54.929577464788736,6.464203085277065,-14.08925319459543,0.09771308421998216,,-0.10735857761357141,1
30,0.35,0.05,0.6000000000000001,0.3,5,150000,142103.32214249874,-7896.677857501258,-5.264451905000839,-0.9038440367625356,-0.1118996449297604,-0.10788295007508,-49.80674130193906,0.0181470221326715,15.36327591573114,1044,855,189,81.89655172413794,229.5497381806097,-1074.411557887387,476.3152130981868,-2983.2555424178136,0.9665190998236332,14.419540229885058,42,71,59.15492957746479,7.56722158381562,-14.021630152005994,0.035093757676811,,-0.1118996449297604,1
21,0.3299999999999999,0.05,0.8,0.1,7,150000,154785.50322658996,4785.5032265899645,3.19033548439331,0.5286451612301679,-0.1217661348903232,-0.113469812978249,-26.268734476035107,0.0201245005431247,8.854028744775375,1125,732,393,65.06666666666666,239.3025317303676,-431.0993399933344,499.9715863307387,-1696.69634482755,1.033923641742862,10.995555555555557,41,71,57.74647887323944,5.6057812112011,-7.665068173697187,0.0835710027429133,,-0.1217661348903232,1
24,0.32999999999999996,0.19,0.4,0.2,5,150000,163980.77990323488,13980.779903234885,9.320519935489923,1.5073644807230613,-0.1235788665537867,-0.13584793804143128,-7.557122384266507,0.19946275898102525,3.5568649294299393,1401,1018,383,72.66238401142041,93.77419919525575,-207.98969941923738,239.66315384350006,-708.8907380841755,1.1983689306703236,6.8886509635974305,41,71,57.74647887323944,2.293511205253962,-2.5682924424371256,0.1280439314668668,,-0.1235788665537867,1
24,0.35,0.13,0.7,0.1,13,150000,161092.4038926338,11092.403892633796,7.39493592842253,1.2049631480844925,-0.12477773580749067,-0.12420098697316133,-14.255777502631467,0.08452454787976797,5.295595873685126,1400,798,602,56.99999999999999,191.3113536897126,-232.14959526875353,474.3485262497296,-1205.8233631271607,1.092393768235949,9.451428571428572,37,71,52.112676056338024,3.2663049332719574,-3.8583128471092576,0.1117184407953693,,-0.12477773580749067,1
45,0.32999999999999996,0.19,0.5,0.30000000000000004,19,150000,155383.96557273722,5383.965572737216,3.58931038182481,0.5937958014986089,-0.12938860341115951,-0.15008327886153539,-24.95178714761914,0.02379772631056882,8.247386902757205,1388,1052,336,75.79250720461094,125.19341743173642,-370.58068323060115,336.4581432997428,-2629.8756354333077,1.057730869753798,16.12319884726225,41,71,57.74647887323944,5.439174192834462,-6.295030497527887,0.07805785616351792,,-0.12938860341115951,1
24,0.31,0.05,0.9,0.7000000000000001,9,150000,153906.98229954907,3906.9822995490686,2.6046548663660456,0.43262566789594725,-0.13955671306505887,-0.11766531845610823,-34.87588103448792,0.012404723696245384,8.578434170590214,1237,901,336,72.83751010509296,211.36231431650728,-550.3641752965856,422.91963959812705,-5011.129808643845,1.0298237715170935,18.510105092966857,42,71,59.154929577464785,5.855847788259649,-7.8903396273169,0.09247786548857291,,-0.13955671306505887,1
30,0.29,0.13,0.4,0.8,17,150000,160501.53751918153,10501.537519181526,7.001025012787683,1.1425466205123636,-0.1478271424898365,-0.1575725221434515,-16.90993130002426,0.0675666033315418,4.994248009710473,1244,940,304,75.56270096463022,97.5002691840944,-262.0995354627123,224.2480362654152,-1641.995202766392,1.1502542153354565,8.327974276527332,42,71,59.15492957746479,2.488339644330196,-5.6886002322485645,0.1048187847327924,,-0.1478271424898365,1
33,0.35,0.15,0.8,0.1,5,150000,154375.9525104329,4375.952510432893,2.9173016736219286,0.4839391741067622,-0.1551010348496491,-0.1557385771657767,-23.278572823690983,0.0207890396791958,7.806986981043622,1269,683,586,53.82190701339638,245.25520572544897,-276.8233954507759,439.7721078931813,-976.1636375769392,1.0326152409179297,13.662726556343578,39,71,54.929577464788736,4.726755784956294,-5.987579697922629,0.0730977380231669,,0.0779635533752013,2
45,0.3299999999999999,0.19,0.2,0.9,13,150000,149231.0286474367,-768.9713525632978,-0.5126475683755319,-0.0862515632819471,-0.1875067866625392,-0.2055711082322912,-25.405294372792188,0.0033950231796691,8.976226635080325,1364,1228,136,90.02932551319648,70.66911142541812,-631.2299685458346,258.93962575476706,-2629.156842262549,1.01088436529079,10.535190615835775,46,71,64.7887323943662,5.215473295487993,-8.670696531790433,0.0189615327009146,,-0.1875067866625392,1
21,0.35,0.27,0.7,0.2,5,150000,163709.52781713917,13709.52781713917,9.139685211426112,1.4791548999321114,-0.2007183679174025,-0.22877738943194464,-5.2942349045595885,0.27938973744028794,2.489405639464912,1401,837,564,59.743040685224834,82.48934357285883,-94.88076729321976,186.26592695204678,-384.4551886107671,1.290226665944168,10.505353319057816,42,71,59.154929577464785,1.6207355287812808,-1.8204500515140554,0.12501084664335077,,-0.2007183679174025,1
33,0.27,0.21,0.8,0.30000000000000004,13,150000,160513.51023381008,10513.510233810084,7.009006822540057,1.1438132619410402,-0.20848002097105284,-0.2311610627806096,-11.581101562810245,0.09876549788787838,3.789584139990402,1401,1015,386,72.44825124910777,64.03218659298031,-136.4193242437768,139.52200047931674,-735.3182661932386,1.2342444305748101,18.659528907922912,43,71,60.56338028169014,2.29956110177707,-3.029106266526571,0.10161901158672802,,-0.20848002097105284,1
21,0.35,0.03,0.9,0.4,7,150000,135977.69237472932,-14022.307625270681,-9.348205083513788,-1.634227460701354,-0.2156576944613497,-0.16503781128455586,-53.66440517947013,0.030452726630175054,12.931671105737777,1401,1064,337,75.94575303354748,256.2325830003816,-845.2002253344282,487.978819148586,-7608.039814679088,0.9571642679258077,19.612419700214133,42,71,59.154929577464785,7.891910144229186,-21.943325122926872,0.024465809892370877,,-0.2156576944613497,1
39,0.35,0.29,0.4,0.5,7,150000,161190.69487485036,11190.694874850364,7.460463249900243,1.2153276885235489,-0.2195117530196389,-0.2564795725753468,-10.0859716154045,0.1204968380703506,3.34886059975942,1086,903,183,83.14917127071824,65.83155639094137,-256.2909275934644,159.6960876766754,-601.5036984703228,1.2674695965051117,14.708103130755063,46,71,64.7887323943662,2.073181190059703,-3.0335779439978228,0.1070166971967313,,-0.2195117530196389,1
45,0.35,0.15,0.6000000000000001,0.7000000000000001,25,150000,141192.70111887995,-8807.298881120048,-5.871532587413365,-1.0107423846360095,-0.2207308079149706,-0.2467070001022246,-35.612769735229456,0.028381459576174,10.94633355244244,1190,829,361,69.66386554621849,174.81794548926945,-423.03124322560006,401.62213094554096,-3437.279741511908,0.9489883850100684,16.934453781512605,42,71,59.15492957746479,6.077898660000058,-11.016433748837583,-0.0289368223119745,,-0.2207308079149706,1
24,0.3299999999999999,0.13,0.8,0.5,19,150000,160311.01437482072,10311.01437482072,6.874009583213812,1.1223798262558038,-0.2374068900445569,-0.2438091480423834,-12.725771517332689,0.0881973894256317,3.466388665867201,1212,804,408,66.33663366336634,110.08531270310148,-187.9080464268932,426.0934439008905,-1231.407337237112,1.154462654561229,6.42986798679868,45,71,63.38028169014085,1.998816188433472,-3.479923635481441,0.0992135284536933,,-0.2374068900445569,1
33,0.27,0.05,0.7,0.2,13,150000,136522.75526189987,-13477.244738100126,-8.984829825400084,-1.5681399074278013,-0.2570356193050734,-0.2427762886825251,-36.35120693389213,0.0431385926271884,11.394847935218978,1043,807,236,77.37296260786194,157.3845055171257,-590.9084415720248,327.5456469569635,-3320.667135674653,0.910758664095372,16.0143815915628,41,71,57.74647887323944,5.080326445235217,-10.443746644124465,-0.0808862817602095,,-0.2570356193050734,1
36,0.32999999999999996,0.23,0.4,0.2,7,150000,158839.0582249576,8839.058224957611,5.892705483305074,0.9658980061631572,-0.26230188908712154,-0.29829535880361696,-7.33975021408587,0.1315982121993037,3.6969771202443926,1401,1006,395,71.80585296216988,79.61401275192571,-175.77554076838499,171.59091355037458,-1334.0667813677699,1.1535381347866736,10.119914346895074,41,71,57.74647887323944,1.9125414678487607,-2.8897801737146955,0.08585998846475264,,-0.26230188908712154,1
21,0.31,0.19,0.2,0.5,7,150000,158818.0713953992,8818.071395399194,5.878714263599464,0.9636582127238613,-0.30597667042076854,-0.34128110235604736,-7.364281939456217,0.13085569246891415,3.2294954007413974,1401,1235,166,88.15132048536759,52.00222612521696,-322.7914329474503,169.61990701060958,-1348.9630757723664,1.198557310465239,5.795860099928622,45,71,63.38028169014085,2.0547232441561425,-3.3646502637787568,0.0837255018098973,,-0.30597667042076854,1
39,0.25,0.09,0.4,0.5,5,150000,130373.88100722073,-19626.11899277928,-13.084079328519516,-2.326780176347343,-0.3099241670230979,-0.284963597434431,-39.76877214257897,0.0585077197758425,11.78914406655394,1014,909,105,89.64497041420118,85.85163467629535,-918.9057718715184,218.16777057504007,-3383.8155826617663,0.808820543588714,13.562130177514794,41,71,57.74647887323944,5.76963859088242,-13.32143382584523,-0.1521783881814108,,-0.3099241670230979,1
36,0.31,0.09,0.5,0.8,19,150000,142260.02562248515,-7739.974377514853,-5.1599829183432355,-0.8855060396711689,-0.31176237568415405,-0.30182273158385503,-33.51277730458391,0.026422938081889395,8.19042659296974,1122,817,305,72.81639928698752,153.83606530476158,-432.67357289025733,417.7924785651571,-2914.09697852256,0.9524013681891474,15.540998217468806,39,71,54.929577464788736,4.510246145361796,-7.5545078780693276,-0.04177254778888881,,-0.31176237568415405,1
39,0.35,0.15,0.8,0.1,15,150000,139195.90100083017,-10804.09899916983,-7.202732666113219,-1.247171160803895,-0.3416448503037783,-0.3466631361262627,-28.839442897284474,0.0432453277702298,8.474354850654803,1237,663,574,53.59741309620048,233.55152708061323,-287.43697380529886,435.7660968959336,-1156.0731134186162,0.9385160744373966,15.25141471301536,38,71,53.52112676056338,5.49882462878597,-6.607389291660571,-0.0673971665574079,,-0.3416448503037783,1
21,0.32999999999999996,0.05,0.5,0.5,15,150000,148922.3354668285,-1077.6645331715117,-0.7184430221143411,-0.12098014802728319,-0.35016205527756084,-0.3082357568703849,-25.466410130237243,0.004750577227358749,5.6062856190125485,1304,862,442,66.1042944785276,170.4078555532598,-330.9367330771759,478.0648623662925,-5309.886156801695,1.0042217708870307,10.226993865030675,41,71,57.74647887323944,3.8174124616226823,-9.280050090546155,0.013846567613150222,,-0.35016205527756084,1
24,0.31,0.25,0.9,0.2,5,150000,160806.5517113408,10806.551711340811,7.204367807560542,1.1747908099555504,-0.3517940937434936,-0.3379456261865874,-6.461905869621057,0.1818025260130326,2.288410940157944,881,530,351,60.1589103291714,100.25154263243736,-118.0833119541394,195.49685158011783,-554.94384551065,1.2819506050479483,13.312145289443814,41,71,57.74647887323944,1.650079489319367,-1.6657225458853064,0.1005696202950197,,0.0758671150224887,4
33,0.35,0.21,0.7,0.1,7,150000,150595.2955848709,595.2955848709098,0.3968637232472731,0.0665189366415797,-0.356824426196055,-0.3617176823044183,-14.760730150001685,0.0045064800972309,5.058992454438725,1308,650,658,49.69418960244648,172.7136794396857,-167.6605802803805,362.3246929206096,-567.6014244543752,1.0176143777527082,11.277522935779816,39,71,54.929577464788736,2.990296876149668,-3.947307404729528,0.0179038628698264,,-0.356824426196055,1
45,0.19,0.05,0.9,0.4,9,150000,121251.96651816716,-28748.033481832827,-19.16535565455522,-3.5090177238216835,-0.3583509691222535,-0.2970553360004282,-35.0988844056994,0.0999751924665698,13.113614382443032,765,621,144,81.17647058823529,85.41069205260203,-569.3067359754527,205.4664115882866,-5282.262174581976,0.64698621358439,27.36470588235294,38,71,53.52112676056338,6.082142364306908,-15.751190396634309,-0.2441502292731049,,-0.3583509691222535,1
21,0.31,0.25,0.7,0.7000000000000001,5,150000,157334.44529186058,7334.445291860582,4.889630194573721,0.8046923713456611,-0.3693678410699581,-0.3561643761366246,-11.830512149926442,0.0680183884812344,3.112117487157826,843,643,200,76.27520759193357,85.37484585098093,-232.5475687697395,176.45186588065172,-900.240097609198,1.1803182069931004,13.402135231316723,44,71,61.97183098591549,1.7454629448786507,-3.0529489018677247,0.0719706935175819,,-0.3693678410699581,1
45,0.31,0.05,0.3,0.7000000000000001,13,150000,112195.82415346704,-37804.17584653296,-25.20278389768864,-4.758359282809321,-0.3731998984440401,-0.341405989107355,-45.45734808817391,0.1046774500258902,15.284699935441276,845,732,113,86.62721893491124,106.53154376945308,-1016.6613200447292,656.6456943187359,-6596.104263273785,0.6787886273767277,13.6094674556213,35,71,49.29577464788733,9.140972663542946,-16.579903467634338,-0.3377311707716017,,-0.3731998984440401,1
27,0.29,0.07,0.2,0.4,15,150000,146244.10424356288,-3755.895756437123,-2.503930504291416,-0.4248276655229532,-0.3854324199269741,-0.3974244177962641,-19.20749253539532,0.0221178097422183,5.849730252876128,1177,1004,173,85.30161427357689,78.82614023213857,-470.32335577763695,258.9256788322704,-2834.6656010446686,0.9726606029323792,5.941376380628717,40,71,56.33802816901409,2.609846249057357,-5.005138162372081,-0.0258297933060057,,-0.3854324199269741,1
21,0.31,0.25,0.7,0.7000000000000001,5,150000,156375.23157395303,6375.231573953031,4.250154382635355,0.7012504714729584,-0.4001682653639036,-0.4340431608138913,-10.61762003135182,0.06604591889729512,3.1281162469082697,1401,1059,342,75.58886509635975,57.79501189306486,-154.99528076267677,128.9565831210831,-592.1861113468685,1.1546270729823487,13.673090649536046,46,71,64.7887323943662,1.5847475977854408,-2.7714729334300747,0.06279945213926288,,-0.4001682653639036,1
24,0.19,0.11,0.6000000000000001,0.2,5,150000,155996.3700052495,5996.370005249511,3.997580003499674,0.660248428193011,-0.4046713094120208,-0.3866510806124936,-10.771653888568952,0.0612949910035335,3.189134354469602,1245,1009,236,81.04417670682732,57.70587888470725,-214.84089044264027,128.15043562293096,-855.3232490226477,1.1483711660634222,9.142971887550202,43,71,60.56338028169014,1.7609092883876354,-3.2619132817840124,0.0598317633319167,,-0.4046713094120208,1
45,0.27,0.19,0.9,0.6,23,150000,144742.72983592522,-5257.270164074784,-3.504846776049856,-0.5971907606287519,-0.42896045748578504,-0.49636908780679717,-17.875933321662423,0.033407528987874656,5.682945432138418,1352,934,418,69.0828402366864,75.56371835007305,-177.21574905041592,184.69368940346155,-1287.0972503455116,0.9527557979163697,22.457100591715978,42,71,59.154929577464785,2.870619731301427,-5.470654307703537,-0.03621384011846241,,-0.42896045748578504,1
30,0.35,0.09,0.9,0.1,5,150000,129139.26210564924,-20860.737894350765,-13.907158596233844,-2.4826834928600494,-0.43388990040013137,-0.3808694135362778,-40.94837859039189,0.060629592143181595,9.38457485607381,1286,724,562,56.298600311041994,288.8325789070572,-406.2343861620745,514.4580144713583,-3188.937297423727,0.91594995704763,19.073872472783826,36,71,50.70422535211267,7.852295397175646,-14.83262339904451,-0.13760543697275823,,-0.43388990040013137,1
42,0.29,0.05,0.7,0.4,21,150000,111612.104621934,-38387.89537806601,-25.591930252044005,-4.841730530674537,-0.4409679499580322,-0.4113217652436638,-40.75076843163773,0.1188132326583455,13.66760711943092,873,607,266,69.5303550973654,160.20784915330063,-507.7119898735482,656.6456943187359,-3645.498878534173,0.7200678566545564,19.714776632302407,34,71,47.88732394366197,11.244158889364163,-12.433839243827494,-0.3361499661609097,,-0.4409679499580322,1
42,0.19,0.07,0.3,0.3,15,150000,150953.15388318067,953.1538831806683,0.6354359221204455,0.1064011602424086,-0.4549312974696421,-0.3423673647090155,-8.836183470125366,0.0120415290834719,3.987153646471212,746,647,99,86.72922252010724,56.007127547821845,-346.6026024270468,180.648789253288,-1447.440236920811,1.0560404811204365,15.253351206434315,32,71,45.07042253521127,2.406083233064926,-6.580630614908789,0.0148153807207013,,-0.4549312974696421,1
42,0.19,0.07,0.30000000000000004,0.30000000000000004,15,150000,150953.15388318067,953.1538831806683,0.6354359221204455,0.10640116024240864,-0.45493129746964217,-0.3423673647090155,-8.836183470125366,0.012041529083471943,3.9871536464712123,746,647,99,86.72922252010724,56.007127547821845,-346.6026024270468,180.64878925328796,-1447.440236920811,1.0560404811204365,15.253351206434317,32,71,45.07042253521127,2.406083233064926,-6.580630614908789,0.014815380720701392,,-0.45493129746964217,2
33,0.35,0.09,0.30000000000000004,0.2,23,150000,143988.20000032661,-6011.799999673385,-4.0078666664489235,-0.6843758208606388,-0.4743178583922279,-0.4722127990444085,-24.607780290353883,0.02781135936624525,5.361444782334166,1204,875,329,72.67441860465115,125.79870155169813,-348.08651628400474,514.0473112898724,-2043.2566651259033,0.9611720049856146,8.306478405315614,37,71,52.112676056338024,2.72929243691582,-6.7936245566508235,-0.04605199261620552,,-0.4743178583922279,1
42,0.29,0.09,0.8,0.1,5,150000,114467.42991052414,-35532.57008947586,-23.688380059650573,-4.437308264041306,-0.4886999200769524,-0.4342508572585282,-45.03491011840904,0.0985304123484295,11.9187913672535,1019,660,359,64.7693817468106,186.26489827387084,-440.2612063434685,375.5952522349522,-1203.26264060902,0.7778038478121397,19.923454367026498,38,71,53.52112676056338,6.626167090148627,-14.410955669807269,-0.3091389310151692,,-0.4886999200769524,1
36,0.35,0.07,0.3,0.1,11,150000,132795.31709720686,-17204.682902793138,-11.469788601862092,-2.0245438747249933,-0.4919951631150479,-0.4632452065488623,-30.23888895104161,0.0669516620800069,7.630637635702864,1060,826,234,77.9245283018868,134.8111734621229,-544.4875790112574,450.6127078405356,-1281.594427010385,0.8739812226073518,8.131132075471697,42,71,59.15492957746479,3.949363467179401,-8.637512234741996,-0.1410280971898335,,-0.4919951631150479,1
45,0.22999999999999998,0.05,0.5,0.5,9,150000,132247.89242459234,-17752.10757540766,-11.834738383605107,-2.0924681251014543,-0.49810660458831685,-0.3295598991226509,-23.798906241286172,0.08792286939100821,7.666560265913951,626,526,100,84.02555910543131,110.64485033996469,-751.374988542391,502.60363695739653,-5317.5375136866905,0.7745691853773751,27.528753993610223,30,71,42.25352112676056,5.1672663302610555,-10.236550627826436,-0.14494064552709685,,-0.49810660458831685,1
27,0.15,0.09,0.9,0.4,11,150000,154104.57243852195,4104.572438521951,2.7363816256813007,0.4542613082199498,-0.5010753031513273,-0.4587049745214643,-9.739566560118112,0.046640813573786,2.996584343293033,1072,830,242,77.42537313432835,48.33942724229645,-143.75539263549828,103.57845094918352,-1011.3142935438432,1.1532941298382706,15.4580223880597,42,71,59.15492957746479,1.3248461699536307,-2.1310054852265115,0.0414957775987744,,-0.5010753031513273,1
33,0.27,0.05,0.8,0.9,23,150000,140595.33349308287,-9404.666506917129,-6.269777671278086,-1.0811797553143432,-0.5016670807229353,-0.5000963088825705,-18.4486782763082,0.0586047270769958,5.817112697089052,1042,699,343,67.08253358925144,114.70941832423676,-258.6104824504632,340.7640868168442,-1575.5631668517808,0.903932515483696,11.12092130518234,38,71,53.52112676056338,3.626872521128344,-4.514787692922639,-0.0768822287557059,,-0.5016670807229353,1
21,0.32999999999999996,0.03,0.30000000000000004,0.2,7,150000,115250.6021721639,-34749.3978278361,-23.166265218557403,-4.3278494556821645,-0.5110733274912406,-0.4026140076693021,-54.20940281886504,0.0798357707452195,11.29889161614225,1401,1122,279,80.08565310492506,179.84850788600812,-841.2835974048675,441.7599882797256,-7463.323199594755,0.8597121632016962,13.708779443254818,42,71,59.154929577464785,7.574061684343625,-19.758622120002567,-0.24060725265826932,,-0.5110733274912406,1
33,0.32999999999999996,0.19,0.7,0.1,5,150000,142909.49946631,-7090.500533690007,-4.727000355793338,-0.8096810454010117,-0.5154643250918857,-0.5144522387678968,-15.455289980259188,0.05238860263606864,5.195580334518027,1401,713,688,50.89221984296931,162.3884109024472,-175.94787428367374,356.2090099576073,-529.6454452001298,0.956471644018589,11.615274803711635,35,71,49.29577464788733,3.06518533518938,-3.882298840555065,-0.05698084470544867,,-0.5154643250918857,1
45,0.35,0.09,0.2,0.4,21,150000,105536.69647692912,-44463.30352307089,-29.642202348713926,-5.731728185249141,-0.5481097621331275,-0.5504186888802066,-48.00323201652221,0.1194029640186798,12.898436824718878,1061,897,164,84.54288407163054,98.07518091042049,-799.8603328692197,303.4439623752961,-3894.34445210953,0.6706463315965485,9.629594721960414,38,71,53.52112676056338,8.136261517588483,-16.842574972963064,-0.4293742058752856,,-0.5481097621331275,1
36,0.21,0.07,0.4,0.9,17,150000,139098.20794032316,-10901.792059676838,-7.267861373117893,-1.258810639080865,-0.5611840904760833,-0.5129673855749579,-19.0093249859486,0.066220691161383,5.547887758619028,994,801,193,80.58350100603622,65.40375512843858,-321.72563431129527,170.6987442073538,-1762.7243935240572,0.8437081127902611,10.511066398390344,38,71,53.52112676056338,2.4820213804357394,-5.621745043472314,-0.0949990979610523,,-0.5611840904760833,1
24,0.1699999999999999,0.05,0.5,0.9,11,150000,146787.9064043222,-3212.093595677812,-2.1413957304518747,-0.3627604030973952,-0.5739938982371375,-0.5240983891052934,-13.04884061078639,0.027800201866021,3.979573746780437,1150,935,215,81.30434782608695,57.01775544824479,-256.3122107428754,159.7866715172532,-1767.1565551532742,0.9674175715841106,7.603478260869565,45,71,63.38028169014085,1.8760057013437408,-4.323149559690687,-0.0240491475519298,,-0.5739938982371375,1
24,0.31,0.23,0.6000000000000001,0.2,7,150000,154254.9563408444,4254.956340844394,2.836637560562929,0.4707125156852454,-0.5954785396620101,-0.6347571990315374,-5.763201964847657,0.08167551971218973,2.516295240432415,1401,880,521,62.81227694503926,71.27356544773949,-108.72261277005609,157.26026148634398,-362.2782830330856,1.1072700500804453,9.083511777301927,39,71,54.929577464788736,1.7462343006698688,-2.137718030307234,0.04161340219643434,,-0.13123858798390134,2
21,0.32999999999999996,0.13,0.8,0.5,19,150000,151305.10723906686,1305.107239066856,0.8700714927112373,0.14554863238009919,-0.6227737114691034,-0.6414375795856481,-11.12065650977118,0.01308813308388877,2.909708187152686,1401,886,515,63.24054246966453,87.67822736757115,-144.76990720123004,420.3024656330568,-1272.766811532019,1.041933394759935,5.185581727337616,42,71,59.154929577464785,1.661689790019949,-2.7901800584507863,0.0146791882684774,,-0.6227737114691034,1
42,0.19,0.09,0.3,0.3,15,150000,142947.966097217,-7052.033902783005,-4.70135593518867,-0.8051991310115247,-0.6474864083012624,-0.5641516239342813,-14.270805724970453,0.0564228219856305,4.201711750581985,805,704,101,87.45341614906832,42.4169920788376,-355.8206173495402,115.17149335153444,-2101.049194418142,0.83092159217299,10.680745341614909,35,71,49.29577464788733,2.539288530242101,-5.305139083683863,-0.0634780017693869,,-0.6474864083012624,1
24,0.29000000000000004,0.15,0.4,0.1,9,150000,148606.55261559808,-1393.447384401923,-0.9289649229346154,-0.15656837056686745,-0.7150944405014146,-0.7103415862894376,-7.832334256709789,0.019990001120386142,2.954956804474428,1401,922,479,65.81013561741614,86.93271088949821,-166.4386363769333,230.53321083243216,-975.1953209953526,1.005366665524493,5.354746609564597,35,71,49.29577464788733,1.653352762543392,-2.105238983479407,-0.012042124009922257,,-0.7150944405014146,1
42,0.27,0.19,0.2,0.8,23,150000,144049.65186062493,-5950.34813937507,-3.9668987595833802,-0.6772609265330742,-0.7413103892642313,-0.8443009002997868,-11.088558545009834,0.06107745418703325,3.531158758605298,1362,1154,208,84.72834067547724,35.31151714574889,-216.00595637308183,130.86014205642974,-1287.0972503455116,0.9069704219488758,8.705580029368576,42,71,59.154929577464785,2.112016546776574,-3.025605087890415,-0.0529221871710752,,-0.7413103892642313,1
24,0.35,0.29000000000000004,0.4,0.30000000000000004,11,150000,157181.25261579495,7181.252615794947,4.787501743863298,0.7882073015651914,-0.762513691888245,-0.9400614232463766,-3.9967199216079665,0.19721354436266791,1.5762727815334283,1401,1003,398,71.59172019985725,40.16045638752648,-78.58890738926316,115.5505344587302,-309.07932992660704,1.2878202495173827,8.262669521770164,42,71,59.154929577464785,0.775375034939696,-1.1659354125759358,0.06623207715804678,,-0.762513691888245,1
39,0.25,0.21,0.6000000000000001,0.5,19,150000,148105.3516513086,-1894.648348691408,-1.263098899127605,-0.2131823295776103,-0.8019900404522325,-0.8472423178060778,-9.41913626369034,0.0226328957995228,2.714119558246311,1067,795,272,74.50796626054358,44.79998605029719,-132.97985483451728,96.69755506696738,-861.3987324546979,0.9846689625389092,15.95220243673852,42,71,59.15492957746479,1.450404128685201,-2.289407456563297,-0.0154503658996793,,-0.8019900404522325,1
36,0.15,0.09,0.2,0.8,9,150000,147644.8291985882,-2355.1708014117903,-1.5701138676078603,-0.26534209478773496,-0.8275177202247083,-0.7352754936753532,-6.897765686242774,0.03846783246304606,2.6942301091024143,959,893,66,93.11783107403545,19.829932416326923,-285.1000068062767,88.02145791000905,-1147.8328511801956,0.9410908041319116,8.815432742440041,40,71,56.33802816901409,0.9858446449125813,-3.3088887583397564,-0.020674821536720206,,-0.8275177202247083,1
36,0.19,0.15,0.7,0.7000000000000001,15,150000,145269.71836649688,-4730.281633503124,-3.153521089002083,-0.536521877103191,-0.8297849411285461,-0.8399723634821974,-10.79754808067764,0.049689232508564,3.004576117890653,1071,815,256,76.09710550887021,39.72475650537511,-139.96209956643827,93.01012200402556,-950.9049045131288,0.9035838053483294,16.611577964519142,42,71,59.15492957746479,1.3418855220794337,-2.3806641272076656,-0.041357767933712,,-0.8297849411285461,1
27,0.2299999999999999,0.09,0.6000000000000001,0.5,21,150000,141222.62303162031,-8777.376968379685,-5.851584645586457,-1.0072207302518232,-0.8499638733761018,-0.8168200670343033,-16.019752428537448,0.0628736764032363,3.473717116603335,1158,783,375,67.61658031088082,80.36073277731798,-187.52270146308945,197.5140499655364,-1874.305325497675,0.8947887841305822,6.896373056994818,39,71,54.929577464788736,2.175707777092728,-4.778689850395446,-0.0794914841477886,,-0.8499638733761018,1
39,0.25,0.03,0.9,0.1,13,150000,117451.07864908298,-32548.921350917022,-21.69928090061135,-4.02358219929666,-0.8620783724128036,-0.5314678109963099,-28.449417819503957,0.14142933345153477,6.812966243123035,683,489,194,71.59590043923866,141.28559012253666,-519.3282212414737,304.5216454614791,-6818.759722490362,0.6857456723726405,29.740849194729137,27,71,38.028169014084504,7.525692438491349,-15.084306020496442,-0.28847030256168177,,-0.8620783724128036,1
36,0.1699999999999999,0.05,0.9,0.9,21,150000,132828.42956484098,-17171.570435159025,-11.44771362343935,-2.02044276982164,-0.8649105969133071,-0.7736132760403718,-17.427824363176274,0.1159320135272127,4.553643268558032,891,630,261,70.70707070707071,65.59017550237505,-222.1943133617453,177.0398819330507,-1704.2695969725708,0.7125344968835408,14.758698092031423,33,71,46.478873239436616,2.6977460106072826,-4.965024055096934,-0.162272316669698,,-0.8649105969133071,1
36,0.16999999999999998,0.05,0.9,0.9,21,150000,138421.08616266047,-11578.913837339525,-7.7192758915596835,-1.3396726934650882,-0.8887194521554064,-0.60409117887082,-11.17800323169557,0.11984901647428454,3.6919420629933213,753,514,239,68.26029216467462,81.73337654773486,-220.12957900792046,163.16286734808895,-1981.9239537764088,0.7985208415337814,22.669322709163346,33,71,46.478873239436616,2.4312520106127167,-4.893292992505716,-0.10440580632950154,,-0.8887194521554064,1
33,0.2299999999999999,0.05,0.2,0.1,19,150000,136485.873240262,-13514.126759737992,-9.009417839825328,-1.572604831047841,-0.8929873460286751,-0.7957616884295418,-14.991840379254256,0.1048973835943461,3.929190988189103,1051,883,168,84.0152235965747,53.5469944390124,-353.74120743695283,175.298942219864,-1108.3461673362187,0.7956111614865569,5.735490009514748,39,71,54.929577464788736,1.7932297249018123,-4.06305470485896,-0.1264281229067408,,-0.8929873460286751,1
42,0.21,0.19,0.6000000000000001,0.9,5,150000,146632.41871315322,-3367.5812868467765,-2.2450541912311843,-0.3804875464121782,-0.9134276195245226,-0.907479494974438,-10.606084989343822,0.0358744576150825,2.570969367269676,740,650,90,87.83783783783784,31.21212454515125,-252.7527976609441,64.16001131951343,-523.7374871152784,0.8918631230944889,21.06621621621621,45,71,63.38028169014085,1.1450488508481849,-3.5832058597820904,-0.0294358347473603,,-0.9134276195245226,1
36,0.35,0.05,0.30000000000000004,0.1,11,150000,103430.43292032993,-46569.56707967007,-31.046378053113383,-6.050243338505412,-0.9257473428755871,-0.7190581055486819,-50.81051551712202,0.11907463006287772,8.508895015390001,1004,729,275,72.60956175298804,172.71896659830367,-622.4599771994554,476.455007024708,-3969.2951065306415,0.735569025317677,15.549800796812749,35,71,49.29577464788733,8.43795268627714,-16.941074422496747,-0.44206833985398714,,-0.9257473428755871,1
33,0.32999999999999996,0.27,0.5,0.8,23,150000,152373.0687817008,2373.0687817008,1.5820458544672,0.26387506174379016,-0.9277813457369314,-1.1365645205615507,-4.638192150102634,0.05689179171629427,1.8529517059437468,1401,898,503,64.09707351891505,41.52386262426817,-65.79335955253345,112.43566773703341,-588.031020665292,1.126740835063921,10.006423982869379,40,71,56.33802816901409,0.9805074603015163,-1.6081543670964704,0.023074973603430037,,-0.9277813457369314,1
36,0.3299999999999999,0.29,0.3,0.9,15,150000,150942.3203173781,942.320317378093,0.6282135449187287,0.1051949475342262,-0.9445001898538088,-0.9644266103941184,-6.924835272746951,0.0151909674946675,1.9852645693448547,793,643,150,81.0844892812106,43.862146805064405,-175.29127909242845,101.0808675526412,-581.7880299709503,1.0726283909342007,11.1046658259773,47,71,66.19718309859155,1.0173712265242774,-1.7509761431374948,0.0105835463124358,,-0.9445001898538088,1
33,0.22999999999999998,0.03,0.2,0.1,19,150000,139676.2064385054,-10323.793561494589,-6.882529040996392,-1.190044632935816,-0.9978542154753246,-0.7052511161224233,-10.832836879759832,0.10985530809194645,3.154729945802575,790,583,207,73.79746835443038,88.14199407890676,-293.15737250973797,256.76368941229634,-2440.5822610111804,0.8467988513937416,13.644303797468355,27,71,38.028169014084504,2.513272156549484,-3.994891744533746,-0.09447685418125672,,-0.9978542154753246,1
21,0.35,0.27,0.7,0.1,5,150000,150460.23059793582,460.2305979358207,0.3068203986238805,0.0514458522163252,-1.0069121827948824,-0.9617532308819,-6.435780648040308,0.0079937236878933,1.916900812360108,949,435,514,45.8377239199157,107.0377574022465,-87.5570490828988,233.83367422814183,-281.5490548549456,1.034598925828916,7.7049525816649105,39,71,54.929577464788736,1.310206989501128,-1.266817266967779,0.0058947599813498,,-1.0069121827948824,1
36,0.15,0.11,0.2,0.8,9,150000,149962.91157689117,-37.08842310882756,-0.024725615405885,-0.0041515630660127,-1.0276690270050957,-0.9401723112729398,-4.592111473987592,0.000904064086756,1.932020254310024,975,923,52,94.66666666666669,14.58977096272087,-235.54167948785587,55.67717965252503,-815.0705310465925,1.099459064533194,7.851282051282051,44,71,61.97183098591549,0.7196033306429372,-2.4373560283156737,-0.0004790227053024,,-1.0276690270050957,1
24,0.35,0.05,0.3,0.1,23,150000,143110.03828054664,-6889.961719453364,-4.593307812968909,-0.7863264113134649,-1.045149680924523,-1.017628416650262,-9.686431696694148,0.0811781299796733,2.636158098568185,842,558,284,66.270783847981,112.96655653635504,-242.8829324451148,405.8324472797991,-1292.8047725543377,0.9138370291629184,3.975059382422802,35,71,49.29577464788733,1.5368360025814545,-2.046182841137445,-0.0624484136936374,,-1.045149680924523,1
39,0.2299999999999999,0.1699999999999999,0.2,0.7000000000000001,23,150000,141740.8892287604,-8259.11077123959,-5.50607384749306,-0.946321774567782,-1.2111722845700013,-1.2668023916629878,-8.534328499159487,0.1108841515370519,2.412811298537198,1233,1023,210,82.9683698296837,26.01546100546001,-158.50998254488874,84.42403114655893,-1672.120880512702,0.7995235253085349,7.306569343065694,40,71,56.33802816901409,1.277262198967044,-2.205610536818592,-0.0773614856077937,,-1.2111722845700013,1
21,0.35,0.29,0.8,0.2,15,150000,153683.83552272245,3683.835522722453,2.4558903484816352,0.4081638294356482,-1.2596101841527387,-1.2837684547415789,-3.33020077185096,0.1225643309213415,1.2579143716635224,731,434,297,59.37072503419972,63.915653950841474,-78.1086009592528,159.76900634796516,-221.0552649028274,1.1957534922605222,7.347469220246238,39,71,54.929577464788736,0.8817800564968614,-0.7962305176023698,0.034789467631057,,-1.2596101841527387,1
21,0.19,0.11,0.2,0.8,15,150000,148125.64072032494,-1874.35927967506,-1.2495728531167067,-0.21088745139364873,-1.3226850415433755,-1.317774636948989,-6.070084114164248,0.034742097049619634,1.6613531880876398,1347,1077,270,79.9554565701559,27.902497937645773,-111.75647984648431,129.64563403954395,-925.6964827042933,0.9959150838377242,4.2071269487750556,44,71,61.97183098591549,0.677289214151866,-1.8566629077427121,-0.016963640142050207,,-1.3226850415433755,1
27,0.35,0.29000000000000004,0.8,0.1,5,150000,144451.7769319917,-5548.223068008287,-3.698815378672191,-0.6307651367727929,-1.3330560422271212,-1.3700584933712174,-6.856796363062193,0.0919912307985034,1.9608635446903062,1401,570,831,40.68522483940043,76.46439453577725,-56.933366971641256,166.6822518883776,-167.90928946201387,0.9212260657843132,10.579586009992862,36,71,50.70422535211267,1.2470936400217347,-1.2817120152730843,-0.05093211728035953,,-1.3330560422271212,1
33,0.22999999999999998,0.07,0.2,0.9,25,150000,134768.3973230773,-15231.602676922688,-10.154401784615127,-1.7816422966220102,-1.425590956969366,-1.2112142657643044,-12.677659922170148,0.14053400292796547,2.6402580158709035,1011,726,285,71.81008902077151,54.33001931723029,-187.23121649563305,287.6308536116891,-1131.43729605346,0.7391853672388006,6.329376854599406,37,71,52.112676056338024,1.2697016563951946,-2.868262431405133,-0.14862160412737124,,-1.425590956969366,1
30,0.29000000000000004,0.25,0.9,0.7000000000000001,19,150000,148108.77841040381,-1891.2215895961854,-1.2608143930641236,-0.21279471360663438,-1.5422795469670942,-1.7590248645395614,-5.225165971196788,0.040724967355992944,1.4283810223746336,1400,891,509,63.642857142857146,29.787853524583223,-52.28329878198986,87.51463191156589,-527.3712855421148,0.997323724002853,12.066428571428572,38,71,53.52112676056338,0.6340046732598026,-1.2192895438121076,-0.01665095112372131,,-1.5422795469670942,1
42,0.25,0.15,0.30000000000000004,0.1,7,150000,126820.98703289391,-23179.012967106086,-15.452675311404057,-2.778808898283358,-1.553778233483686,-1.428612603854894,-16.215979257056627,0.171362386090505,3.0716005288042405,1220,869,351,71.22950819672131,51.91285625370577,-190.04354715554368,165.8276705474276,-664.1568715989272,0.6762923215091046,7.409836065573771,35,71,49.29577464788733,1.2412106917462307,-3.490262430654456,-0.23264192099079145,,-1.553778233483686,1
42,0.35,0.03,0.2,0.6,23,150000,79967.15386201857,-70032.84613798143,-46.688564091987615,-10.02198673946072,-1.5716830435903864,-1.2057134624795982,-53.245858465814585,0.18822096268567315,7.798691921919515,793,536,257,67.59142496847414,138.76992276547324,-557.9090456820397,433.53586539496894,-5689.17640293985,0.5187565699611297,21.968474148802017,22,71,30.985915492957744,8.916244463627908,-11.45726549708167,-0.8214738701260247,,-1.5716830435903864,1
21,0.2299999999999999,0.1699999999999999,0.3,0.2,11,150000,147746.14754994906,-2253.852450050937,-1.5025683000339585,-0.2538549561578174,-1.6288587914335302,-1.5624214595748738,-3.893234787388575,0.0652041220273008,1.378171792215639,1080,844,236,78.14814814814814,35.03507589411226,-128.890493664011,94.20654486146142,-431.5701082586341,0.972103751588478,5.015740740740741,40,71,56.33802816901409,0.658801697485023,-1.3360235079261984,-0.0206146280496314,,-1.6288587914335302,1
30,0.15,0.07,0.2,0.4,19,150000,142098.04234960303,-7901.957650396973,-5.267971766931315,-0.9044621898267491,-1.6581022504077452,-1.365448906704817,-7.169830589105605,0.1261483348297042,1.745321677014895,1025,832,193,81.17073170731707,26.03176062823836,-146.25845851355024,112.20506458605318,-678.8314279599653,0.7672706179068453,6.147317073170732,35,71,49.29577464788733,0.6163550186555788,-2.1116325468733765,-0.07533983958122935,,-1.6581022504077452,1
42,0.25,0.1699999999999999,0.3,0.1,7,150000,128896.99415448616,-21103.005845513835,-14.068670563675887,-2.5134216971345213,-1.807724986689552,-1.7358677074063698,-16.09866244656528,0.156126119513163,2.498098161526797,1301,922,379,70.8685626441199,43.369896917237305,-156.8915837255186,118.36897311724844,-609.7461068716677,0.6724816744315173,7.093005380476557,36,71,50.70422535211267,1.2861898478033762,-2.8613079333116187,-0.209863174916877,,-1.807724986689552,1
39,0.19,0.15,0.6000000000000001,0.1,19,150000,138368.07839705783,-11631.921602942166,-7.754614401961445,-1.3460167763923558,-1.897330072275196,-1.712353516077557,-10.521882044223654,0.1279254767098722,1.7606365133186903,1061,693,368,65.31573986804901,35.660380063511724,-95.21473768902676,84.03147510305111,-332.3304262856556,0.7052891586856387,11.925541941564562,38,71,53.52112676056338,0.8292940505121305,-1.921813460545163,-0.1119365072288047,,-1.897330072275196,1
33,0.35,0.27,0.2,0.1,23,150000,142526.10492804536,-7473.895071954641,-4.982596714636427,-0.8544069606840399,-2.365322756233406,-2.4849873822639577,-5.866111286130908,0.1456513385117823,1.2054888604832654,1148,725,423,63.153310104529616,45.21954321923904,-91.72609039376776,151.65387206969203,-247.9815864616397,0.8449498381671597,4.076655052264808,39,71,54.929577464788736,0.5842284413323462,-0.9368728113564816,-0.0707856545459319,,-2.365322756233406,1
24,0.29,0.27,0.6000000000000001,0.7000000000000001,15,150000,153764.0712949807,3764.071294980735,2.50938086332049,0.4169628514466117,-2.561211618122404,-2.432879648023746,-1.2095303088889295,0.3447312137466256,0.6175660183210084,298,202,96,67.78523489932886,56.342143083864826,-75.55645223773656,100.47442118354468,-331.63817096130333,1.5690686353642869,8.439597315436242,39,71,54.929577464788736,0.3875495448619759,-0.6645922183421527,0.0350486058321012,,-2.561211618122404,1
27,0.21,0.17,0.4,0.5,23,150000,144620.1658320465,-5379.834167953493,-3.5865561119689957,-0.6113271254159724,-3.481833460882755,-3.733357076617459,-3.6746576835967777,0.16636301338893741,0.7498332045819822,1397,871,526,62.3478883321403,17.435376376113272,-35.64628705623714,50.26809574446149,-277.9012729751781,0.8099336403678211,4.965640658554045,30,71,42.25352112676056,0.24027464126568088,-0.5638601820051603,-0.05097489897770389,,-3.481833460882755,1
24,0.29000000000000004,0.27,0.6000000000000001,0.7000000000000001,15,150000,147009.8665016612,-2990.133498338808,-1.993422332225872,-0.3374817979070466,-3.867915323330479,-4.2909001396948945,-2.5110727484355317,0.13439745945923198,0.6040597577074558,1235,763,472,61.78137651821862,13.656111580936924,-25.00899710724999,41.759054237862316,-256.65511103228084,0.8827003923904829,8.698785425101214,40,71,56.33802816901409,0.24768922928333215,-0.515562582455309,-0.02798790953983802,,-3.867915323330479,1
27,0.15,0.13,0.3,0.9,21,150000,146134.71089248662,-3865.289107513381,-2.576859405008921,-0.4373365527091333,-4.622642816033446,-4.0638695349512055,-3.183014020722922,0.1373969922412738,0.5272296498788137,729,537,192,73.66255144032921,13.847523531768967,-53.98160584811806,36.47713983014282,-363.1349676326089,0.717462768463872,5.170096021947874,38,71,53.52112676056338,0.204260217270713,-0.6725235069548363,-0.0359597116459912,,-4.622642816033446,1
21,0.35,0.21,0.5,0.6,23,150000,150392.4459635933,392.4459635932872,0.2616306423955247,0.0438769277564476,-5.423743518394593,-4.442886453475691,-0.7383323059909535,0.0594270728781916,0.3605358123711455,232,140,92,60.3448275862069,56.04347686050216,-77.72544344437424,219.50903702968407,-277.5510257676824,1.0972411087661056,2.0043103448275863,38,71,53.52112676056338,0.3080527049269976,-0.2752943808073449,0.003726768427948,,-5.423743518394593,1
21,0.3299999999999999,0.2299999999999999,0.7,0.1,25,150000,150000.0,0.0,0.0,0.0,,,0.0,,0.0,0,0,0,0.0,0.0,0.0,0.0,0.0,0.0,,0,71,0.0,0.0,0.0,0.0,True,,0
30,0.29,0.29,0.3,0.2,5,150000,150000.0,0.0,0.0,0.0,,,0.0,,0.0,0,0,0,0.0,0.0,0.0,0.0,0.0,0.0,,0,71,0.0,0.0,0.0,0.0,True,,0
21,0.1699999999999999,0.09,0.9,0.4,25,150000,150000.0,0.0,0.0,0.0,,,0.0,,0.0,0,0,0,0.0,0.0,0.0,0.0,0.0,0.0,,0,71,0.0,0.0,0.0,0.0,True,,0
21,0.21,0.13,0.2,0.9,25,150000,150000.0,0.0,0.0,0.0,,,0.0,,0.0,0,0,0,0.0,0.0,0.0,0.0,0.0,0.0,,0,71,0.0,0.0,0.0,0.0,True,,0
21,0.3299999999999999,0.21,0.7,0.1,25,150000,150000.0,0.0,0.0,0.0,,,0.0,,0.0,0,0,0,0.0,0.0,0.0,0.0,0.0,0.0,,0,71,0.0,0.0,0.0,0.0,True,,0
21,0.32999999999999996,0.21,0.7,0.1,25,150000,150000.0,0.0,0.0,0.0,,,0.0,,0.0,0,0,0,0.0,0.0,0.0,0.0,0.0,0.0,,0,71,0.0,0.0,0.0,0.0,True,,0
21,0.25,0.05,0.5,0.7000000000000001,25,150000,150000.0,0.0,0.0,0.0,,,0.0,,0.0,0,0,0,0.0,0.0,0.0,0.0,0.0,0.0,,0,71,0.0,0.0,0.0,0.0,True,,0
21,0.21,0.11,0.4,0.1,25,150000,150000.0,0.0,0.0,0.0,,,0.0,,0.0,0,0,0,0.0,0.0,0.0,0.0,0.0,0.0,,0,71,0.0,0.0,0.0,0.0,True,,0
