dte,short_delta,long_delta,profit_target,stop_loss,dte_min,vix_min,initial_capital,final_value,total_pnl,total_return_pct,annualized_return_pct,sharpe_ratio,sortino_ratio,max_drawdown_pct,calmar_ratio,volatility_pct,total_trades,winning_trades,losing_trades,win_rate_pct,avg_win,avg_loss,largest_win,largest_loss,profit_factor,avg_days_in_trade,positive_months,total_months,positive_months_pct,best_month_pct,worst_month_pct,avg_monthly_return_pct,below_min_trades,stability_score,stability_n
30,0.1,0.12000000000000001,0.9,0.1,13,15,20000,33001.40404842695,13001.40404842695,65.00702024213474,8.765647891127081,3.4121538941455185,3.5796871098142238,-0.7263054590830308,12.068817302012041,1.883624585188171,51,51,0,100.0,258.49811859660645,0.0,611.8048676280877,0.0,inf,14.784313725490197,38,71,53.52112676056338,3.70727659383141,0.0,0.7118240396917804,,2.761534217090915,11
30,0.1,0.12000000000000001,0.9,0.1,5,20,20000,32926.52838381286,12926.52838381286,64.6326419190643,8.724205860714873,3.404473084610389,3.5275156966987113,-0.7249892449143795,12.033565907236586,1.876630705949491,49,49,0,100.0,267.4413955880172,0.0,611.8048676280877,0.0,inf,15.224489795918368,37,71,52.112676056338024,3.2956951052180106,0.0,0.7085237407458572,,2.60035958536445,19
30,0.1,0.12000000000000001,0.8,0.30000000000000004,5,15,20000,33476.38235471065,13476.382354710651,67.38191177355326,9.026730348992862,3.394939293845192,3.4879928208557387,-0.7265247748769432,12.42453204781872,1.9643222531043687,53,53,0,100.0,257.63174254170997,0.0,587.0090008961095,0.0,inf,14.018867924528301,37,71,52.112676056338024,3.502411612463807,0.0,0.7323614552278559,,2.556996011902571,11
30,0.1,0.12000000000000001,0.8,0.2,11,15,20000,33518.61408758386,13518.614087583861,67.5930704379193,9.049794427906455,3.3885196486289257,3.392879424693437,-0.7220058177695867,12.53424031382876,1.9743507064465977,53,53,0,100.0,258.4776242940349,0.0,587.0090008961095,0.0,inf,13.81132075471698,37,71,52.112676056338024,3.4973426440406685,0.0,0.7340740398766445,,2.7674026015424102,19
30,0.1,0.12000000000000001,0.9,0.2,9,15,20000,32853.01172462927,12853.011724629272,64.26505862314636,8.683439632921353,3.3837981475980694,3.500766015800737,-0.7272567595965496,11.939991644407055,1.8770049949572716,49,49,0,100.0,265.94105560467864,0.0,611.8048676280877,0.0,inf,15.122448979591837,37,71,52.112676056338024,3.3039916752554577,0.0,0.7053378198704571,,2.6292918972616484,18
30,0.1,0.12000000000000001,0.8,0.1,9,20,20000,33367.87672319647,13367.876723196467,66.83938361598233,8.967360784123969,3.369564830033488,3.4399281058679465,-0.7273760856308333,12.32836899820101,1.9629250230176933,53,53,0,100.0,255.5844664754047,0.0,587.0090008961095,0.0,inf,13.88679245283019,37,71,52.112676056338024,3.5155028963130386,0.0,0.7276872872602702,,2.684547272579396,19
30,0.1,0.12000000000000001,0.9,0.4,15,20,20000,33391.67724471371,13391.677244713712,66.95838622356855,8.980397136129037,3.3680794615089673,3.0242662233570674,-1.077551899465432,8.334073876705304,1.967375158956396,58,57,1,98.27586206896551,238.4147787355012,-9.465143209893345,517.6187249231117,-9.465143209893345,1435.7566585700608,13.637931034482758,38,71,53.52112676056338,3.461956223991902,0.0,0.7286702979786436,,2.6066777725733465,4
40,0.1,0.13,0.5,0.30000000000000004,15,10,20000,36149.17360496029,16149.173604960291,80.74586802480145,10.440911116986884,3.3257203944386093,2.630084100970819,-1.5481544314190177,6.744101818974793,2.3959444115546393,79,77,2,97.46835443037975,213.18757311602567,-1.8347624868686023,611.6350334186945,-3.1809861628449854,4473.451808454589,10.873417721518987,42,71,59.154929577464785,2.862092951765227,-0.16883046383209255,0.8411748647139512,,2.534859927217206,40
40,0.1,0.13,0.5,0.1,17,10,20000,36149.17360496029,16149.173604960291,80.74586802480145,10.440911116986884,3.3257203944386093,2.630084100970819,-1.5481544314190177,6.744101818974793,2.3959444115546393,79,77,2,97.46835443037975,213.18757311602567,-1.8347624868686023,611.6350334186945,-3.1809861628449854,4473.451808454589,10.873417721518987,42,71,59.154929577464785,2.862092951765227,-0.16883046383209255,0.8411748647139512,,2.4367802211116163,39
40,0.1,0.13,0.5,0.2,19,10,20000,36149.17360496029,16149.173604960291,80.74586802480145,10.440911116986884,3.3257203944386093,2.630084100970819,-1.5481544314190177,6.744101818974793,2.3959444115546393,79,77,2,97.46835443037975,213.18757311602567,-1.8347624868686023,611.6350334186945,-3.1809861628449854,4473.451808454589,10.873417721518987,42,71,59.154929577464785,2.862092951765227,-0.16883046383209255,0.8411748647139512,,2.421012037686735,50
40,0.1,0.13,0.5,0.1,13,10,20000,36149.17360496029,16149.173604960291,80.74586802480145,10.440911116986884,3.3257203944386093,2.630084100970819,-1.5481544314190177,6.744101818974793,2.3959444115546393,79,77,2,97.46835443037975,213.18757311602567,-1.8347624868686023,611.6350334186945,-3.1809861628449854,4473.451808454589,10.873417721518987,42,71,59.154929577464785,2.862092951765227,-0.16883046383209255,0.8411748647139512,,2.2424897752756427,33
40,0.1,0.13,0.5,0.1,15,10,20000,36149.17360496029,16149.173604960291,80.74586802480145,10.440911116986884,3.3257203944386093,2.630084100970819,-1.5481544314190177,6.744101818974793,2.3959444115546393,79,77,2,97.46835443037975,213.18757311602567,-1.8347624868686023,611.6350334186945,-3.1809861628449854,4473.451808454589,10.873417721518987,42,71,59.154929577464785,2.862092951765227,-0.16883046383209255,0.8411748647139512,,2.357465993433342,42
40,0.1,0.13,0.5,0.2,19,15,20000,36149.17360496029,16149.173604960291,80.74586802480145,10.440911116986884,3.3257203944386093,2.630084100970819,-1.5481544314190177,6.744101818974793,2.3959444115546393,79,77,2,97.46835443037975,213.18757311602567,-1.8347624868686023,611.6350334186945,-3.1809861628449854,4473.451808454589,10.873417721518987,42,71,59.154929577464785,2.862092951765227,-0.16883046383209255,0.8411748647139512,,2.4177374306497494,51
40,0.1,0.13,0.5,0.30000000000000004,19,10,20000,36149.17360496029,16149.173604960291,80.74586802480145,10.440911116986884,3.3257203944386093,2.630084100970819,-1.5481544314190177,6.744101818974793,2.3959444115546393,79,77,2,97.46835443037975,213.18757311602567,-1.8347624868686023,611.6350334186945,-3.1809861628449854,4473.451808454589,10.873417721518987,42,71,59.154929577464785,2.862092951765227,-0.16883046383209255,0.8411748647139512,,2.54720616942693,47
40,0.1,0.13,0.5,0.4,17,10,20000,36149.17360496029,16149.173604960291,80.74586802480145,10.440911116986884,3.3257203944386093,2.630084100970819,-1.5481544314190177,6.744101818974793,2.3959444115546393,79,77,2,97.46835443037975,213.18757311602567,-1.8347624868686023,611.6350334186945,-3.1809861628449854,4473.451808454589,10.873417721518987,42,71,59.154929577464785,2.862092951765227,-0.16883046383209255,0.8411748647139512,,2.4506029993429417,30
40,0.1,0.13,0.5,0.30000000000000004,13,10,20000,36149.17360496029,16149.173604960291,80.74586802480145,10.440911116986884,3.3257203944386093,2.630084100970819,-1.5481544314190177,6.744101818974793,2.3959444115546393,79,77,2,97.46835443037975,213.18757311602567,-1.8347624868686023,611.6350334186945,-3.1809861628449854,4473.451808454589,10.873417721518987,42,71,59.154929577464785,2.862092951765227,-0.16883046383209255,0.8411748647139512,,2.469457385429891,23
40,0.1,0.13,0.5,0.2,17,15,20000,36149.17360496029,16149.173604960291,80.74586802480145,10.440911116986884,3.3257203944386093,2.630084100970819,-1.5481544314190177,6.744101818974793,2.3959444115546393,79,77,2,97.46835443037975,213.18757311602567,-1.8347624868686023,611.6350334186945,-3.1809861628449854,4473.451808454589,10.873417721518987,42,71,59.154929577464785,2.862092951765227,-0.16883046383209255,0.8411748647139512,,2.447695384617817,60
40,0.1,0.13,0.5,0.2,13,10,20000,36149.17360496029,16149.173604960291,80.74586802480145,10.440911116986884,3.3257203944386093,2.630084100970819,-1.5481544314190177,6.744101818974793,2.3959444115546393,79,77,2,97.46835443037975,213.18757311602567,-1.8347624868686023,611.6350334186945,-3.1809861628449854,4473.451808454589,10.873417721518987,42,71,59.154929577464785,2.862092951765227,-0.16883046383209255,0.8411748647139512,,2.3290538799209783,42
40,0.1,0.13,0.5,0.2,17,10,20000,36149.17360496029,16149.173604960291,80.74586802480145,10.440911116986884,3.3257203944386093,2.630084100970819,-1.5481544314190177,6.744101818974793,2.3959444115546393,79,77,2,97.46835443037975,213.18757311602567,-1.8347624868686023,611.6350334186945,-3.1809861628449854,4473.451808454589,10.873417721518987,42,71,59.154929577464785,2.862092951765227,-0.16883046383209255,0.8411748647139512,,2.450978237258789,59
40,0.1,0.13,0.5,0.1,23,10,20000,35662.01154584752,15662.01154584752,78.3100577292376,10.189789331821043,3.3040186360827906,2.641217824699742,-1.56388706703867,6.515681053054633,2.34232714009709,75,73,2,97.33333333333334,218.124398230428,-1.8347624868686023,524.2586000731668,-3.1809861628449854,4339.275842181961,10.893333333333333,42,71,59.154929577464785,2.9032573685941587,-0.0853998425875857,0.8217910520124238,,2.467304041743814,13
40,0.1,0.13,0.5,0.2,21,10,20000,35836.52628035607,15836.526280356069,79.18263140178034,10.28007433555298,3.290573551440559,2.569537788196142,-1.557464243446995,6.600520287259385,2.3770631797982618,78,76,2,97.43589743589743,211.82757638591815,-1.8347624868686023,524.2586000731668,-3.1809861628449854,4387.187965894659,10.935897435897436,42,71,59.154929577464785,2.8882208759804184,-0.08488536683846082,0.8287741683542654,,2.436055764871519,38
30,0.1,0.12000000000000001,0.8,0.1,15,15,20000,33201.07848335955,13201.078483359554,66.00539241679778,8.875781950536643,3.2343636173199855,2.8057247896336532,-1.0957829628026579,8.099945200676663,2.019305378947632,57,56,1,98.24561403508771,239.2918504744538,-9.465143209893345,500.1122299541275,-9.465143209893345,1415.7570920388018,13.228070175438596,37,71,52.112676056338024,3.060025817668821,0.0,0.720435486672886,,2.714790451768993,9
40,0.1,0.13,0.7,0.2,19,10,20000,38936.58916326321,18936.589163263212,94.68294581631605,11.825890579415677,3.1946149680487728,3.054484108468805,-1.6177836996816126,7.309933078039461,2.8887849679146966,69,68,1,98.55072463768117,281.9467309128545,-0.4885388108922193,1063.769653130941,-0.4885388108922193,39244.32875058495,14.217391304347826,45,71,63.38028169014085,3.858669128016712,-0.16329232445174702,0.9474921387037624,,2.490330877222226,15
40,0.1,0.13,0.7,0.30000000000000004,15,10,20000,38826.221365935045,18826.221365935045,94.13110682967523,11.772646628288053,3.1786848140922217,3.032353788120601,-1.6177836996816126,7.277021415535936,2.888258355055369,69,68,1,98.55072463768117,280.28543977567557,-0.4885388108922193,1063.769653130941,-0.4885388108922193,39013.09267515042,14.26086956521739,45,71,63.38028169014085,3.858669128016712,-0.16346597242152816,0.9434336577228171,,2.4987129020160124,15
40,0.1,0.13,0.4,0.2,13,15,20000,36693.69205265459,16693.692052654587,83.46846026327293,10.718287226250478,3.1341111232871244,2.626565825647134,-1.571918534414837,6.818602231343033,2.624356429107898,92,91,1,98.91304347826086,187.0239625435763,-0.4885388108922193,761.8721375052522,-0.4885388108922193,34836.905916202,8.619565217391305,41,71,57.74647887323944,2.9317722359600396,-0.08503651460494144,0.8629102318510407,,2.404039770699519,34
40,0.1,0.13,0.4,0.2,19,10,20000,36693.69205265459,16693.692052654587,83.46846026327293,10.718287226250478,3.1341111232871244,2.626565825647134,-1.571918534414837,6.818602231343033,2.624356429107898,92,91,1,98.91304347826086,187.0239625435763,-0.4885388108922193,761.8721375052522,-0.4885388108922193,34836.905916202,8.619565217391305,41,71,57.74647887323944,2.9317722359600396,-0.08503651460494144,0.8629102318510407,,2.43845048905611,40
40,0.1,0.13,0.4,0.1,13,10,20000,36693.69205265459,16693.692052654587,83.46846026327293,10.718287226250478,3.1341111232871244,2.626565825647134,-1.571918534414837,6.818602231343033,2.624356429107898,92,91,1,98.91304347826086,187.0239625435763,-0.4885388108922193,761.8721375052522,-0.4885388108922193,34836.905916202,8.619565217391305,41,71,57.74647887323944,2.9317722359600396,-0.08503651460494144,0.8629102318510407,,2.318278076788089,27
30,0.1,0.14,0.9,0.2,9,20,20000,41102.93534803301,21102.93534803301,105.51467674016506,12.84637535279478,3.0926188723149783,4.714760772979342,-1.1184410429710687,11.485965606796034,3.2819417666118853,56,56,0,100.0,379.55420264344633,0.0,1474.072452754607,0.0,inf,16.821428571428573,37,71,52.112676056338024,6.1603132435053,-0.47313142469067593,1.0304765009686514,,2.662947192685437,28
30,0.1,0.12000000000000001,0.7,0.1,5,20,20000,32695.4571736491,12695.457173649102,63.4772858682455,8.595816639119192,3.0577869895523837,2.964597341238333,-0.795147688503596,10.810339718519245,2.0518397189311863,57,57,0,100.0,226.12556444998418,0.0,483.8302954106297,0.0,inf,11.403508771929825,37,71,52.112676056338024,3.2661371659059135,0.0,0.6985508586705522,,2.5635297680600977,7
30,0.1,0.12000000000000001,0.7,0.1,9,15,20000,32695.4571736491,12695.457173649102,63.4772858682455,8.595816639119192,3.0577869895523837,2.964597341238333,-0.795147688503596,10.810339718519245,2.0518397189311863,57,57,0,100.0,226.12556444998418,0.0,483.8302954106297,0.0,inf,11.403508771929825,37,71,52.112676056338024,3.2661371659059135,0.0,0.6985508586705522,,2.959018403601414,9
30,0.1,0.12000000000000001,0.7,0.2,9,20,20000,32695.4571736491,12695.457173649102,63.4772858682455,8.595816639119192,3.0577869895523837,2.964597341238333,-0.795147688503596,10.810339718519245,2.0518397189311863,57,57,0,100.0,226.12556444998418,0.0,483.8302954106297,0.0,inf,11.403508771929825,37,71,52.112676056338024,3.2661371659059135,0.0,0.6985508586705522,,2.846641562612312,11
30,0.1,0.12000000000000001,0.7,0.2,13,15,20000,32672.793847948247,12672.793847948247,63.36396923974124,8.583183675957962,3.050789662468993,2.9574183342645592,-0.795147688503596,10.794452150280186,2.0527347003646215,57,57,0,100.0,225.72796224470605,0.0,483.8302954106297,0.0,inf,11.385964912280702,37,71,52.112676056338024,3.2686852833406554,0.0,0.6975556889850454,,2.880271733834991,7
30,0.1,0.14,0.9,0.1,7,20,20000,40693.92738060776,20693.92738060776,103.4696369030388,12.65719211070846,3.0355106851305096,4.3942446022889,-1.1184410429710687,11.316816554840852,3.2884183140026906,56,56,0,100.0,372.2737032251386,0.0,1474.072452754607,0.0,inf,16.660714285714285,37,71,52.112676056338024,6.1603132435053,-0.47313142469067593,1.015940723817016,,2.6049494694691258,13
30,0.1,0.14,0.9,0.2,13,15,20000,41200.245404163004,21200.245404163004,106.00122702081502,12.891154485382428,3.0317014438804146,4.648454944608882,-1.1193428711842712,11.516716474679034,3.3618538672939597,54,54,0,100.0,395.41380378079583,0.0,1474.072452754607,0.0,inf,16.333333333333332,36,71,50.70422535211267,6.165613065617803,-0.47349267475531587,1.0342988646608517,,2.727558988804927,32
30,0.1,0.14,0.9,0.2,11,15,20000,41200.245404163004,21200.245404163004,106.00122702081502,12.891154485382428,3.0317014438804146,4.648454944608882,-1.1193428711842712,11.516716474679034,3.3618538672939597,54,54,0,100.0,395.41380378079583,0.0,1474.072452754607,0.0,inf,16.333333333333332,36,71,50.70422535211267,6.165613065617803,-0.47349267475531587,1.0342988646608517,,2.757138631207377,29
30,0.11,0.14,0.9,0.1,13,20,20000,35649.650706823275,15649.650706823275,78.24825353411637,10.183380531776276,3.0240919189213944,3.926211056296488,-0.9780199270117113,10.412242379243809,2.5589127170094463,50,50,0,100.0,315.6450141364646,0.0,733.6421391321338,0.0,inf,15.22,32,71,45.07042253521127,4.348733780925196,-0.5067059208044622,0.8248999989961717,,2.722323308103443,24
30,0.11,0.14,0.9,0.4,17,15,20000,36098.296996855286,16098.296996855286,80.49148498427643,10.414817466010318,3.021160714609243,3.979768313810719,-0.9679246690123832,10.75994630515722,2.631541655769493,65,65,0,100.0,250.1061076439279,0.0,726.9011148017975,0.0,inf,12.923076923076923,33,71,46.478873239436616,3.9031621024576246,-0.5016481187663735,0.8422045696139234,,2.6398767918298693,15
30,0.11,0.14,0.9,0.4,17,20,20000,36098.296996855286,16098.296996855286,80.49148498427643,10.414817466010318,3.021160714609243,3.979768313810719,-0.9679246690123832,10.75994630515722,2.631541655769493,65,65,0,100.0,250.1061076439279,0.0,726.9011148017975,0.0,inf,12.923076923076923,33,71,46.478873239436616,3.9031621024576246,-0.5016481187663735,0.8422045696139234,,2.621932953874599,15
35,0.1,0.13,0.8,0.30000000000000004,5,15,20000,44917.1063352371,24917.1063352371,124.5855316761855,14.539038583216568,3.0009388429944424,3.754165741691598,-1.3091979199859414,11.105302232203893,3.885949796187397,64,63,1,98.4375,399.50146955254297,-0.5862465730706639,1595.6544796964113,-0.5862465730706639,42931.75216356699,17.578125,44,71,61.97183098591549,5.3000034610616975,-0.14958235215121185,1.1544469979358398,,2.6027386491910316,11
30,0.11,0.14,0.9,0.30000000000000004,9,20,20000,36140.122562320124,16140.122562320124,80.70061281160062,10.436271244147344,2.9856657584027397,3.8390773521355617,-0.9780199270117113,10.670816571227567,2.6696680852531496,48,48,0,100.0,338.9608867150017,0.0,865.2908534606968,0.0,inf,16.25,33,71,46.478873239436616,4.348733780925196,-0.5067059208044622,0.8439492889944767,,2.5992988181012238,23
30,0.1,0.15,0.8,0.1,15,20,20000,44169.92861006211,24169.92861006211,120.84964305031053,14.21713727309195,2.9774031883682803,5.802891918384379,-0.5843657258745659,24.329177163521152,3.8212488882754596,59,58,1,98.30508474576271,419.3285142998692,-2.9252193303271867,2750.526319958873,-2.9252193303271867,8314.26675505802,13.694915254237289,37,71,52.112676056338024,9.70648083508532,-0.17857148155370206,1.1396801294505727,,2.693413973454945,14
45,0.1,0.12000000000000001,0.8,0.30000000000000004,17,10,20000,34640.03812082421,14640.03812082421,73.20019060412105,9.653566499890754,2.966461678071337,1.9055119683576764,-2.3451700041713965,4.116361066668847,2.44510204764546,46,46,0,100.0,323.0095243657439,0.0,688.0922449565852,0.0,inf,21.847826086956523,46,71,64.7887323943662,2.5304829568530973,0.0,0.7797422084058697,,2.851376648813588,4
30,0.1,0.14,0.9,0.30000000000000004,15,20,20000,40120.5298152525,20120.5298152525,100.60264907626251,12.389289649732582,2.962418475929233,4.323428821245518,-1.1157116295789273,11.104383356126112,3.2891013687336006,61,60,1,98.36065573770492,338.32819299861546,-16.661764664441435,1474.072452754607,-16.661764664441435,1218.3398330693835,14.754098360655737,37,71,52.112676056338024,6.14427663727406,-0.47203790094678677,0.9960118886643469,,2.7421189560343797,22
30,0.1,0.14,0.9,0.4,15,20,20000,40120.5298152525,20120.5298152525,100.60264907626251,12.389289649732582,2.962418475929233,4.323428821245518,-1.1157116295789273,11.104383356126112,3.2891013687336006,61,60,1,98.36065573770492,338.32819299861546,-16.661764664441435,1474.072452754607,-16.661764664441435,1218.3398330693835,14.754098360655737,37,71,52.112676056338024,6.14427663727406,-0.47203790094678677,0.9960118886643469,,2.757870776684895,16
30,0.1,0.14,0.9,0.2,15,20,20000,40120.5298152525,20120.5298152525,100.60264907626251,12.389289649732582,2.962418475929233,4.323428821245518,-1.1157116295789273,11.104383356126112,3.2891013687336006,61,60,1,98.36065573770492,338.32819299861546,-16.661764664441435,1474.072452754607,-16.661764664441435,1218.3398330693835,14.754098360655737,37,71,52.112676056338024,6.14427663727406,-0.47203790094678677,0.9960118886643469,,2.771597196556503,20
30,0.11,0.15,0.9,0.2,11,15,20000,43015.68083117944,23015.680831179438,115.07840415589719,13.710838189266973,2.949485125738489,3.9081323830848445,-0.9476147475377412,14.468789373416652,3.7052336823578433,40,40,0,100.0,578.0895207794849,0.0,2750.526319958873,0.0,inf,17.725,32,71,45.07042253521127,12.188547046694431,-0.18661563245373491,1.1040863034340125,,2.7580466359916467,27
30,0.11,0.15,0.9,0.1,11,20,20000,43015.68083117944,23015.680831179438,115.07840415589719,13.710838189266973,2.949485125738489,3.9081323830848445,-0.9476147475377412,14.468789373416652,3.7052336823578433,40,40,0,100.0,578.0895207794849,0.0,2750.526319958873,0.0,inf,17.725,32,71,45.07042253521127,12.188547046694431,-0.18661563245373491,1.1040863034340125,,2.7665832925297793,19
30,0.11,0.15,0.9,0.2,11,20,20000,43015.68083117944,23015.680831179438,115.07840415589719,13.710838189266973,2.949485125738489,3.9081323830848445,-0.9476147475377412,14.468789373416652,3.7052336823578433,40,40,0,100.0,578.0895207794849,0.0,2750.526319958873,0.0,inf,17.725,32,71,45.07042253521127,12.188547046694431,-0.18661563245373491,1.1040863034340125,,2.78160461470734,26
30,0.11,0.15,0.9,0.30000000000000004,13,15,20000,43015.68083117944,23015.680831179438,115.07840415589719,13.710838189266973,2.949485125738489,3.9081323830848445,-0.9476147475377412,14.468789373416652,3.7052336823578433,40,40,0,100.0,578.0895207794849,0.0,2750.526319958873,0.0,inf,17.725,32,71,45.07042253521127,12.188547046694431,-0.18661563245373491,1.1040863034340125,,2.8217138316926342,23
30,0.11,0.15,0.9,0.30000000000000004,13,20,20000,43015.68083117944,23015.680831179438,115.07840415589719,13.710838189266973,2.949485125738489,3.9081323830848445,-0.9476147475377412,14.468789373416652,3.7052336823578433,40,40,0,100.0,578.0895207794849,0.0,2750.526319958873,0.0,inf,17.725,32,71,45.07042253521127,12.188547046694431,-0.18661563245373491,1.1040863034340125,,2.82780428142364,23
30,0.11,0.15,0.9,0.30000000000000004,15,20,20000,41101.1028784457,21101.1028784457,105.5055143922285,12.84553125995429,2.9480834898413004,4.5448930650436035,-0.7298176539024415,17.601014707259218,3.444449161925134,43,42,1,97.67441860465115,505.2316213756184,-2.9252193303271867,1833.6842133059154,-2.9252193303271867,7254.06395266865,15.348837209302326,32,71,45.07042253521127,9.972505243516983,-0.18345659116715263,1.0347454314693378,,2.7404119635858075,21
40,0.1,0.13,0.6000000000000001,0.30000000000000004,11,15,20000,40638.78361684427,20638.783616844266,103.19391808422134,12.6315648995039,2.9429895874758856,3.4898523251684392,-1.322322103735053,9.552562771071111,3.3850410588004616,75,74,1,98.66666666666667,282.317191292637,-0.4885388108922193,1595.6544796964113,-0.4885388108922193,42763.17805232506,13.386666666666667,42,71,59.154929577464785,5.588226261830309,-0.15634496011591725,1.0095906704096158,,2.4519648223426844,14
30,0.11,0.15,0.9,0.2,9,15,20000,41362.52095317758,21362.520953177584,106.81260476588793,12.965633367577478,2.937970228511789,3.763141248182514,-0.9476147475377412,13.682388756894149,3.4931389802268753,39,39,0,100.0,550.3236141840399,0.0,2747.932343698766,0.0,inf,16.94871794871795,32,71,45.07042253521127,12.188547046694431,-0.18661563245373491,1.0465096092250434,,2.7160629653643946,22
30,0.1,0.15,0.9,0.4,15,15,20000,43443.79636199215,23443.79636199215,117.21898180996075,13.899931097931084,2.932088669801222,5.280645885875789,-0.5819325275970706,23.885812252714253,3.784877812275198,56,55,1,98.21428571428571,428.8567560240446,-2.9252193303271867,2750.526319958873,-2.9252193303271867,8063.368560703524,14.875,37,71,52.112676056338024,9.661678180475942,-0.17774870594599035,1.1153606540898033,,2.8337382893182435,14
30,0.1,0.15,0.9,0.5,15,20,20000,43443.79636199215,23443.79636199215,117.21898180996075,13.899931097931084,2.932088669801222,5.280645885875789,-0.5819325275970706,23.885812252714253,3.784877812275198,56,55,1,98.21428571428571,428.8567560240446,-2.9252193303271867,2750.526319958873,-2.9252193303271867,8063.368560703524,14.875,37,71,52.112676056338024,9.661678180475942,-0.17774870594599035,1.1153606540898033,,2.723978178510862,8
30,0.1,0.15,0.9,0.2,15,20,20000,43443.79636199215,23443.79636199215,117.21898180996075,13.899931097931084,2.932088669801222,5.280645885875789,-0.5819325275970706,23.885812252714253,3.784877812275198,56,55,1,98.21428571428571,428.8567560240446,-2.9252193303271867,2750.526319958873,-2.9252193303271867,8063.368560703524,14.875,37,71,52.112676056338024,9.661678180475942,-0.17774870594599035,1.1153606540898033,,2.8128064390090968,18
40,0.1,0.13,0.6000000000000001,0.4,17,15,20000,40257.040394405805,20257.040394405805,101.28520197202901,12.453357645715556,2.924769773440241,3.5625991159501327,-1.322322103735053,9.417794356261304,3.3515414397439756,72,71,1,98.61111111111111,288.7961821579817,-0.4885388108922193,1595.6544796964113,-0.4885388108922193,41971.1361227765,13.222222222222221,42,71,59.154929577464785,5.588226261830309,-0.15730602341031963,0.996054441543109,,2.521861016719829,22
40,0.1,0.13,0.6000000000000001,0.2,17,10,20000,40257.040394405805,20257.040394405805,101.28520197202901,12.453357645715556,2.924769773440241,3.5625991159501327,-1.322322103735053,9.417794356261304,3.3515414397439756,72,71,1,98.61111111111111,288.7961821579817,-0.4885388108922193,1595.6544796964113,-0.4885388108922193,41971.1361227765,13.222222222222221,42,71,59.154929577464785,5.588226261830309,-0.15730602341031963,0.996054441543109,,2.555056674103462,46
40,0.1,0.13,0.6000000000000001,0.1,19,10,20000,40257.040394405805,20257.040394405805,101.28520197202901,12.453357645715556,2.924769773440241,3.5625991159501327,-1.322322103735053,9.417794356261304,3.3515414397439756,72,71,1,98.61111111111111,288.7961821579817,-0.4885388108922193,1595.6544796964113,-0.4885388108922193,41971.1361227765,13.222222222222221,42,71,59.154929577464785,5.588226261830309,-0.15730602341031963,0.996054441543109,,2.5498101459325277,26
30,0.11,0.15,0.6000000000000001,0.4,5,20,20000,40568.39782736866,20568.39782736866,102.84198913684331,12.598812115086844,2.9165993913381603,4.149920295809485,-0.7431837854449498,16.95248518849727,3.406083354358829,54,54,0,100.0,383.49625606238226,0.0,1771.2957401188676,0.0,inf,11.796296296296296,32,71,45.07042253521127,9.925863855535045,-0.18669493062897224,1.0160289579223887,,2.5071472167297233,5
30,0.11,0.15,0.6000000000000001,0.6,7,20,20000,40568.39782736866,20568.39782736866,102.84198913684331,12.598812115086844,2.9165993913381603,4.149920295809485,-0.7431837854449498,16.95248518849727,3.406083354358829,54,54,0,100.0,383.49625606238226,0.0,1771.2957401188676,0.0,inf,11.796296296296296,32,71,45.07042253521127,9.925863855535045,-0.18669493062897224,1.0160289579223887,,2.489496144746208,5
30,0.11,0.15,0.6000000000000001,0.5,7,15,20000,40568.39782736866,20568.39782736866,102.84198913684331,12.598812115086844,2.9165993913381603,4.149920295809485,-0.7431837854449498,16.95248518849727,3.406083354358829,54,54,0,100.0,383.49625606238226,0.0,1771.2957401188676,0.0,inf,11.796296296296296,32,71,45.07042253521127,9.925863855535045,-0.18669493062897224,1.0160289579223887,,2.5101627165990403,8
30,0.11,0.13,0.9,0.4,11,20,20000,34918.14377635298,14918.143776352983,74.59071888176491,9.800776948688107,2.9094767853903334,3.503380038083572,-0.8432038880929785,11.623258724356585,2.5398707635475115,50,50,0,100.0,301.30087552705936,0.0,835.6446530208508,0.0,inf,16.48,33,71,46.478873239436616,4.491096651825033,-0.11507263086842912,0.7938991133767254,,2.4312575408591273,5
30,0.11,0.13,0.8,0.2,9,20,20000,34782.99235901208,14782.992359012082,73.9149617950604,9.729359220482682,2.899632025238458,3.1401252512186857,-0.8462009446542231,11.497693641146096,2.5259135127937697,52,52,0,100.0,287.46331459638617,0.0,808.2418268358397,0.0,inf,14.288461538461538,33,71,46.478873239436616,3.4942913248401597,-0.11548315792229147,0.7879909141555682,,2.652734758607063,30
30,0.11,0.13,0.8,0.1,5,20,20000,34782.99235901208,14782.992359012082,73.9149617950604,9.729359220482682,2.899632025238458,3.1401252512186857,-0.8462009446542231,11.497693641146096,2.5259135127937697,52,52,0,100.0,287.46331459638617,0.0,808.2418268358397,0.0,inf,14.288461538461538,33,71,46.478873239436616,3.4942913248401597,-0.11548315792229147,0.7879909141555682,,2.631839463421539,18
30,0.11,0.13,0.8,0.1,7,15,20000,34782.99235901208,14782.992359012082,73.9149617950604,9.729359220482682,2.899632025238458,3.1401252512186857,-0.8462009446542231,11.497693641146096,2.5259135127937697,52,52,0,100.0,287.46331459638617,0.0,808.2418268358397,0.0,inf,14.288461538461538,33,71,46.478873239436616,3.4942913248401597,-0.11548315792229147,0.7879909141555682,,2.6803296370615852,28
35,0.1,0.12000000000000001,0.9,0.1,5,20,20000,32484.962732317617,12484.962732317617,62.42481366158808,8.478201453510682,2.888930448328865,1.7771983498556827,-2.17433856264869,3.8992094419660592,2.1348471256382275,55,55,0,100.0,230.07204967850166,0.0,554.8447885651366,0.0,inf,18.363636363636363,40,71,56.33802816901409,2.7745518737172015,-0.27928713099252267,0.6887820063175099,,2.60035958536445,19
30,0.11,0.15,0.8,0.1,13,20,20000,43110.0292062881,23110.029206288098,115.55014603144049,13.752644714395101,2.879308173853566,4.098364413546967,-0.9378128650213343,14.664593787676651,3.809635232154635,43,43,0,100.0,540.0425396811181,0.0,2750.526319958873,0.0,inf,15.255813953488373,32,71,45.07042253521127,12.046436212529876,-0.18444382408295823,1.1072235696540915,,2.762666103108614,22
30,0.11,0.14,0.7,0.30000000000000004,11,20,20000,36458.23832030637,16458.238320306373,82.29119160153186,10.598771035497734,2.878836779361874,3.1220146102862025,-1.095744260967097,9.672668535031454,2.8212995386503725,57,57,0,100.0,291.52347930362015,0.0,758.1893968549263,0.0,inf,12.31578947368421,32,71,45.07042253521127,4.461359077604388,-0.5041664130650769,0.8565970978374157,,2.6786892607556436,10
30,0.11,0.14,0.9,0.2,7,10,20000,35499.6073076091,15499.607307609098,77.49803653804548,10.105438771817887,2.872072013885028,3.5849044945834616,-0.9780199270117113,10.332548951936518,2.6706944444538654,50,50,0,100.0,312.54014615218074,0.0,865.2908534606968,0.0,inf,16.48,33,71,46.478873239436616,4.348733780925196,-0.5067059208044622,0.8182056949696931,,2.5998570943810915,8
40,0.1,0.13,0.6000000000000001,0.2,21,10,20000,39719.97112250335,19719.971122503353,98.59985561251676,12.200244051046848,2.8698585720425216,3.5047471660147025,-1.322322103735053,9.226378366198247,3.3368919060077378,72,69,3,95.83333333333334,290.0435577904538,-15.778121679316598,1595.6544796964113,-46.050579686346325,422.80075947984324,12.652777777777779,42,71,59.154929577464785,5.588226261830309,-0.15860767243237595,0.9768371993898968,,2.5605686822582534,27
35,0.1,0.12000000000000001,0.9,0.1,11,15,20000,32577.190711169605,12577.190711169605,62.885953555848026,8.529812292669758,2.8670145029011938,1.7347158617002807,-2.3069867194510816,3.697382486319349,2.168022327432817,51,51,0,100.0,249.89981786607024,0.0,568.4885946005081,0.0,inf,18.372549019607842,40,71,56.33802816901409,2.7694477300495235,-0.2787022920408555,0.6928604935965205,,2.8248369341988413,14
35,0.12000000000000001,0.13,0.7,0.30000000000000004,11,15,20000,40853.443983627076,20853.443983627076,104.2672199181354,12.731162609292102,2.862289722378136,3.4188489890182066,-1.4285539661425997,8.911922763176358,3.513090627763555,61,61,0,100.0,347.2728521906088,0.0,1084.2840037772628,0.0,inf,14.639344262295081,34,71,47.88732394366197,5.0695549516772465,-0.35615685064540603,1.019053943089177,,2.585446842453652,5
30,0.11,0.15,0.8,0.30000000000000004,9,20,20000,41863.76275831933,21863.76275831933,109.31881379159665,13.194160565119063,2.85623460512636,3.9102023864461994,-0.9378128650213343,14.069076099546692,3.666045943236663,43,43,0,100.0,510.9991339144024,0.0,2747.932343698766,0.0,inf,15.209302325581396,32,71,45.07042253521127,12.046436212529876,-0.18444382408295823,1.0637735545787785,,2.749360891734339,16
30,0.11,0.15,0.8,0.4,9,20,20000,41863.76275831933,21863.76275831933,109.31881379159665,13.194160565119063,2.85623460512636,3.9102023864461994,-0.9378128650213343,14.069076099546692,3.666045943236663,43,43,0,100.0,510.9991339144024,0.0,2747.932343698766,0.0,inf,15.209302325581396,32,71,45.07042253521127,12.046436212529876,-0.18444382408295823,1.0637735545787785,,2.6610492248940782,9
45,0.1,0.12000000000000001,0.4,0.5,15,10,20000,31308.4077233549,11308.4077233549,56.542038616774505,7.80886310727904,2.8509651837023804,2.148608253417949,-0.967021414579661,8.075170817880336,1.9445956368018966,84,84,0,100.0,138.29175861136795,0.0,431.95812146724853,0.0,inf,9.476190476190476,40,71,56.33802816901409,2.801477570099542,0.0,0.6357408697309744,,2.5051399648901467,5
45,0.1,0.12000000000000001,0.4,0.2,19,10,20000,31308.4077233549,11308.4077233549,56.542038616774505,7.80886310727904,2.8509651837023804,2.148608253417949,-0.967021414579661,8.075170817880336,1.9445956368018966,84,84,0,100.0,138.29175861136795,0.0,431.95812146724853,0.0,inf,9.476190476190476,40,71,56.33802816901409,2.801477570099542,0.0,0.6357408697309744,,2.701702055088813,30
30,0.1,0.15,0.9,0.1,7,20,20000,41173.436025370574,21173.436025370574,105.86718012685287,12.878826415306088,2.8449720752962016,5.9789791658340015,-0.5697828497792332,22.603043282710402,3.581255847840121,50,50,0,100.0,425.8867205074104,0.0,2747.932343698766,0.0,inf,16.32,37,71,52.112676056338024,11.56699833579542,-0.1771986727282293,1.038566591949451,,2.70505288669238,6
30,0.1,0.15,0.8,0.1,9,20,20000,44383.201878528234,24383.201878528234,121.91600939264117,14.309479580093832,2.844384097307432,6.3629379222090074,-0.5743928249764125,24.912357811366206,4.03121916284401,57,57,0,100.0,430.2158224303194,0.0,2747.932343698766,0.0,inf,14.385964912280702,37,71,52.112676056338024,11.656771491213046,-0.17857148155370206,1.1478302770552355,,2.8544037633050334,14
30,0.1,0.15,0.9,0.30000000000000004,11,15,20000,45948.783012119384,25948.783012119384,129.74391506059692,14.976261702969262,2.820862619736264,6.611972808705003,-0.5702444607534958,26.262879753676685,4.274747460412883,54,54,0,100.0,483.06079652072884,0.0,2750.526319958873,0.0,inf,16.51851851851852,37,71,52.112676056338024,11.575990243213742,-0.17733617845101524,1.1987433622619583,,2.9050237508356345,18
30,0.1,0.15,0.9,0.1,11,20,20000,45948.783012119384,25948.783012119384,129.74391506059692,14.976261702969262,2.820862619736264,6.611972808705003,-0.5702444607534958,26.262879753676685,4.274747460412883,54,54,0,100.0,483.06079652072884,0.0,2750.526319958873,0.0,inf,16.51851851851852,37,71,52.112676056338024,11.575990243213742,-0.17733617845101524,1.1987433622619583,,2.8734294496710544,17
30,0.1,0.15,0.9,0.2,11,20,20000,45948.783012119384,25948.783012119384,129.74391506059692,14.976261702969262,2.820862619736264,6.611972808705003,-0.5702444607534958,26.262879753676685,4.274747460412883,54,54,0,100.0,483.06079652072884,0.0,2750.526319958873,0.0,inf,16.51851851851852,37,71,52.112676056338024,11.575990243213742,-0.17733617845101524,1.1987433622619583,,2.8585390861972066,24
30,0.11,0.14,0.6000000000000001,0.1,13,20,20000,35752.12840285344,15752.128402853443,78.76064201426722,10.23645698518414,2.809214931348423,2.5380691469730876,-1.508125515186945,6.787536502832288,2.773841624089473,63,63,0,100.0,252.6131492516419,0.0,726.9011148017975,0.0,inf,11.079365079365079,32,71,45.07042253521127,4.299871131135813,-0.5079179641860554,0.8286812208196936,,2.4814593675570324,3
30,0.1,0.15,0.8,0.30000000000000004,13,20,20000,45981.78681662085,25981.78681662085,129.90893408310424,14.990113273553707,2.800327738028373,6.46070039145372,-0.5743928249764125,26.09731985104319,4.310945499504568,56,56,0,100.0,466.5836931539431,0.0,2750.526319958873,0.0,inf,14.446428571428571,37,71,52.112676056338024,11.656771491213046,-0.17857148155370206,1.2004554612844887,,2.8489358103950617,23
30,0.1,0.15,0.8,0.2,13,20,20000,45981.78681662085,25981.78681662085,129.90893408310424,14.990113273553707,2.800327738028373,6.46070039145372,-0.5743928249764125,26.09731985104319,4.310945499504568,56,56,0,100.0,466.5836931539431,0.0,2750.526319958873,0.0,inf,14.446428571428571,37,71,52.112676056338024,11.656771491213046,-0.17857148155370206,1.2004554612844887,,2.81662378262919,29
40,0.11,0.13,0.4,0.4,19,10,20000,34802.20492481779,14802.204924817786,74.01102462408893,9.739525734906774,2.7821443940106656,2.6144660108886937,-1.7999001145927058,5.4111479053440155,2.6369651741547404,83,83,0,100.0,182.78801114238365,0.0,761.8721375052522,0.0,inf,8.578313253012048,41,71,57.74647887323944,2.9351261490998537,-0.019716187956053677,0.787476704908107,,2.342602261477603,25
40,0.11,0.13,0.4,0.30000000000000004,19,10,20000,34802.20492481779,14802.204924817786,74.01102462408893,9.739525734906774,2.7821443940106656,2.6144660108886937,-1.7999001145927058,5.4111479053440155,2.6369651741547404,83,83,0,100.0,182.78801114238365,0.0,761.8721375052522,0.0,inf,8.578313253012048,41,71,57.74647887323944,2.9351261490998537,-0.019716187956053677,0.787476704908107,,2.5582298486046517,39
40,0.11,0.13,0.4,0.1,15,15,20000,34802.20492481779,14802.204924817786,74.01102462408893,9.739525734906774,2.7821443940106656,2.6144660108886937,-1.7999001145927058,5.4111479053440155,2.6369651741547404,83,83,0,100.0,182.78801114238365,0.0,761.8721375052522,0.0,inf,8.578313253012048,41,71,57.74647887323944,2.9351261490998537,-0.019716187956053677,0.787476704908107,,2.3153526617834275,37
40,0.11,0.13,0.4,0.30000000000000004,15,10,20000,34802.20492481779,14802.204924817786,74.01102462408893,9.739525734906774,2.7821443940106656,2.6144660108886937,-1.7999001145927058,5.4111479053440155,2.6369651741547404,83,83,0,100.0,182.78801114238365,0.0,761.8721375052522,0.0,inf,8.578313253012048,41,71,57.74647887323944,2.9351261490998537,-0.019716187956053677,0.787476704908107,,2.4518074196924435,37
40,0.11,0.13,0.4,0.2,19,15,20000,34802.20492481779,14802.204924817786,74.01102462408893,9.739525734906774,2.7821443940106656,2.6144660108886937,-1.7999001145927058,5.4111479053440155,2.6369651741547404,83,83,0,100.0,182.78801114238365,0.0,761.8721375052522,0.0,inf,8.578313253012048,41,71,57.74647887323944,2.9351261490998537,-0.019716187956053677,0.787476704908107,,2.408171810050097,46
40,0.11,0.13,0.4,0.30000000000000004,23,10,20000,34798.85495153641,14798.854951536407,73.99427475768204,9.737753400509863,2.7815039138486735,2.6138960431247393,-1.7999001145927058,5.410163220481483,2.6369913790686215,83,83,0,100.0,182.74765001851165,0.0,761.8721375052522,0.0,inf,8.518072289156626,41,71,57.74647887323944,2.9351261490998537,-0.019716187956053677,0.7873402694552001,,2.3703758290004537,9
40,0.1,0.12000000000000001,0.8,0.1,19,10,20000,33632.101575851,13632.101575850997,68.16050787925498,9.111653920988982,2.7808633886005723,2.0607050323548117,-1.6263172237521681,5.602630155983327,2.429786186726116,53,53,0,100.0,260.56984105379155,0.0,740.4227571698951,0.0,inf,19.09433962264151,40,71,56.33802816901409,3.0413937737949093,0.0,0.7381380823671059,,2.7782582804611455,3
40,0.1,0.13,0.6000000000000001,0.1,23,15,20000,38714.65817708566,18714.658177085657,93.57329088542828,11.718697826431024,2.7659614582607985,3.3925677959010687,-1.3334841057133486,8.788029625716533,3.3061933437558833,75,72,3,96.0,265.9063591440381,-62.933227095018715,1595.6544796964113,-187.5158959334527,101.40513865309224,12.36,42,71,59.154929577464785,5.588226261830309,-0.16065610076354542,0.94023383934856,,2.6944441048410406,10
40,0.11,0.13,0.5,0.30000000000000004,17,15,20000,33555.22858614029,13555.228586140292,67.77614293070147,9.069771193656573,2.754007257807259,1.8832419381894787,-1.9429449812179798,4.6680535379704775,2.439606224548151,74,74,0,100.0,186.83281873162537,0.0,676.3555737426829,0.0,inf,10.81081081081081,41,71,57.74647887323944,3.033831218437677,-0.020561033996280287,0.7349870846429186,,2.501601294783616,57
40,0.11,0.13,0.5,0.2,15,10,20000,33555.22858614029,13555.228586140292,67.77614293070147,9.069771193656573,2.754007257807259,1.8832419381894787,-1.9429449812179798,4.6680535379704775,2.439606224548151,74,74,0,100.0,186.83281873162537,0.0,676.3555737426829,0.0,inf,10.81081081081081,41,71,57.74647887323944,3.033831218437677,-0.020561033996280287,0.7349870846429186,,2.3571228363254617,63
40,0.11,0.13,0.5,0.1,13,10,20000,33555.22858614029,13555.228586140292,67.77614293070147,9.069771193656573,2.754007257807259,1.8832419381894787,-1.9429449812179798,4.6680535379704775,2.439606224548151,74,74,0,100.0,186.83281873162537,0.0,676.3555737426829,0.0,inf,10.81081081081081,41,71,57.74647887323944,3.033831218437677,-0.020561033996280287,0.7349870846429186,,2.2085445709235167,36
40,0.12000000000000001,0.13,0.7,0.2,17,10,20000,34864.67023003853,14864.67023003853,74.32335115019265,9.772547605283787,2.7501837941574165,2.780742367306236,-1.2821804165160777,7.621819425255,2.678972701898348,56,56,0,100.0,271.17446839354545,0.0,874.2811872030431,0.0,inf,15.142857142857142,35,71,49.29577464788733,3.6985559878583985,-0.3797366474559749,0.7908458045256305,,2.4280930452891516,7
30,0.1,0.15,0.7,0.1,15,25,20000,40956.66135504367,20956.661355043667,104.78330677521835,12.77889823254801,2.7473089530118084,4.975550157491389,-0.5879929505849546,21.73308067696244,3.677552227637125,65,64,1,98.46153846153847,329.9310402245932,-2.9252193303271867,1771.2957401188676,-2.9252193303271867,7218.462682595557,11.0,35,71,49.29577464788733,9.926729658056676,-0.18261603035785168,1.0310557478600557,,2.69522484812492,7
30,0.1,0.15,0.9,0.2,15,25,20000,40955.08651237127,20955.086512371272,104.77543256185635,12.778170657106823,2.745115596094618,4.698806556119634,-0.584818131057322,21.849819590929112,3.680293700650666,59,58,1,98.30508474576271,363.6536505465786,-2.9252193303271867,1833.6842133059154,-2.9252193303271867,7210.369326166877,14.457627118644067,35,71,49.29577464788733,9.875352661798775,-0.1816725959711052,1.030401003508108,,2.7745085259109623,15
30,0.1,0.13,0.5,0.30000000000000004,11,20,20000,34492.06154267812,14492.061542678122,72.46030771339062,9.574836308807576,2.739302554563245,3.5400050393226588,-0.7749654819229893,12.355177788110899,2.6231402950294656,82,82,0,100.0,179.28489686192734,0.0,702.6809823373333,0.0,inf,8.987804878048781,38,71,53.52112676056338,4.8065910222468755,0.0,0.7759364518881517,,2.504845902522965,2
45,0.1,0.13,0.5,0.2,21,10,20000,33897.66365853211,13897.66365853211,69.48831829266055,9.255729834130122,2.73338220948344,1.858440219483597,-1.775184683305793,5.213953185363154,2.5211559295541557,70,70,0,100.0,201.7509094076006,0.0,674.4245128336257,0.0,inf,12.928571428571429,42,71,59.154929577464785,3.380688380848329,-0.48901550663045246,0.749478869374912,,2.5650541023896367,32
45,0.1,0.13,0.5,0.30000000000000004,17,10,20000,33897.66365853211,13897.66365853211,69.48831829266055,9.255729834130122,2.73338220948344,1.858440219483597,-1.775184683305793,5.213953185363154,2.5211559295541557,70,70,0,100.0,201.7509094076006,0.0,674.4245128336257,0.0,inf,12.928571428571429,42,71,59.154929577464785,3.380688380848329,-0.48901550663045246,0.749478869374912,,2.6340548643758432,41
30,0.1,0.14,0.9,0.30000000000000004,21,15,20000,36876.732088374294,16876.732088374294,84.38366044187147,10.810758105474427,2.7088679906932662,4.717803392117576,-0.9977943501740371,10.834655561628301,3.071668910983461,76,76,0,100.0,224.5596327417662,0.0,1253.4087442533498,0.0,inf,9.539473684210526,37,71,52.112676056338024,4.690937085634572,-0.49624519212835283,0.8726119802799219,,2.7088679906932662,1
40,0.1,0.12000000000000001,0.7,0.2,13,10,20000,32943.03474487588,12943.034744875877,64.71517372437938,8.733348501866068,2.702368193848629,2.0525650467765395,-1.5959801840150432,5.472090812490784,2.371184749035111,61,61,0,100.0,215.5054876209157,0.0,615.9871710240577,0.0,inf,16.147540983606557,39,71,54.929577464788736,3.1811508769895136,0.0,0.7086915411167513,,2.766809921632756,7
40,0.1,0.12000000000000001,0.7,0.6,13,15,20000,32943.03474487588,12943.034744875877,64.71517372437938,8.733348501866068,2.702368193848629,2.0525650467765395,-1.5959801840150432,5.472090812490784,2.371184749035111,61,61,0,100.0,215.5054876209157,0.0,615.9871710240577,0.0,inf,16.147540983606557,39,71,54.929577464788736,3.1811508769895136,0.0,0.7086915411167513,,2.697161255271405,2
35,0.1,0.12000000000000001,0.8,0.1,9,20,20000,33081.76369139043,13081.763691390428,65.40881845695215,8.810038215993842,2.6986016824114545,1.5691998788545827,-2.4986312162738002,3.5259457892838704,2.4009504985086587,52,52,0,100.0,255.09737868058457,0.0,596.7685752673074,0.0,inf,15.846153846153847,38,71,53.52112676056338,2.670287430381535,-0.2755986195390969,0.7148967939001236,,2.684547272579396,19
45,0.1,0.13,0.6000000000000001,0.2,17,10,20000,35682.52285314526,15682.52285314526,78.4126142657263,10.200419877306533,2.694317963254608,1.6460422292797963,-2.781847536969744,3.666778909248855,2.881202985516846,65,65,0,100.0,244.62958235608036,0.0,843.0306410420322,0.0,inf,15.292307692307693,42,71,59.154929577464785,3.1385982771606757,-0.5118879212328231,0.8227815129080972,,2.5827250254194984,42
40,0.1,0.12000000000000001,0.6000000000000001,0.2,13,10,20000,33172.96757456699,13172.967574566988,65.86483787283495,8.860310264233462,2.6919543166941806,1.8981263034222153,-1.6728632919038824,5.296493925782519,2.424227876362419,64,64,0,100.0,209.40261835260907,0.0,615.9871710240577,0.0,inf,13.34375,39,71,54.929577464788736,3.0648949086838684,-0.2662318041350975,0.7187814131216282,,2.7890605132474646,24
40,0.1,0.12000000000000001,0.6000000000000001,0.5,11,10,20000,33172.96757456699,13172.967574566988,65.86483787283495,8.860310264233462,2.6919543166941806,1.8981263034222153,-1.6728632919038824,5.296493925782519,2.424227876362419,64,64,0,100.0,209.40261835260907,0.0,615.9871710240577,0.0,inf,13.34375,39,71,54.929577464788736,3.0648949086838684,-0.2662318041350975,0.7187814131216282,,2.697161255271405,2
40,0.1,0.12000000000000001,0.6000000000000001,0.1,11,10,20000,33172.96757456699,13172.967574566988,65.86483787283495,8.860310264233462,2.6919543166941806,1.8981263034222153,-1.6728632919038824,5.296493925782519,2.424227876362419,64,64,0,100.0,209.40261835260907,0.0,615.9871710240577,0.0,inf,13.34375,39,71,54.929577464788736,3.0648949086838684,-0.2662318041350975,0.7187814131216282,,2.705138477193603,10
30,0.11,0.12000000000000001,0.8,0.1,11,20,20000,33644.86986280476,13644.869862804757,68.22434931402378,9.11860275244798,2.691705674946869,2.4337731925366475,-1.0690924083407913,8.529293334520874,2.513365330144008,56,55,1,98.21428571428571,254.8067639961644,-21.10215698432273,587.0090008961095,-21.10215698432273,664.1203565209299,13.232142857142858,33,71,46.478873239436616,3.3599323664160297,-0.4968484721316502,0.7403714053684187,,2.537953815747848,21
30,0.11,0.12000000000000001,0.8,0.1,13,15,20000,33644.86986280476,13644.869862804757,68.22434931402378,9.11860275244798,2.691705674946869,2.4337731925366475,-1.0690924083407913,8.529293334520874,2.513365330144008,56,55,1,98.21428571428571,254.8067639961644,-21.10215698432273,587.0090008961095,-21.10215698432273,664.1203565209299,13.232142857142858,33,71,46.478873239436616,3.3599323664160297,-0.4968484721316502,0.7403714053684187,,2.4275469041092204,14
40,0.11,0.13,0.6000000000000001,0.2,15,15,20000,37045.08420067132,17045.08420067132,85.2254210033566,10.895472103011027,2.6910043250843394,2.074419409250085,-2.3613513856944075,4.614083346095047,3.121172762433573,72,72,0,100.0,240.67339167599124,0.0,1063.769653130941,0.0,inf,12.444444444444445,43,71,60.56338028169014,3.9014018283805685,-0.01883539858410499,0.8769199885798068,,2.4073470839081486,54
40,0.11,0.13,0.6000000000000001,0.30000000000000004,19,10,20000,37040.90936660903,17040.909366609027,85.20454683304514,10.893375223766277,2.69037407524354,2.073970201443836,-2.3613513856944075,4.6131953464277995,3.121200665362664,72,72,0,100.0,240.61540786957045,0.0,1063.769653130941,0.0,inf,12.416666666666666,42,71,59.154929577464785,3.9014018283805685,-0.01883539858410499,0.8767609121559503,,2.5956791515454394,44
30,0.1,0.14,0.7,0.4,5,20,20000,38492.491096416525,18492.491096416525,92.46245548208263,11.610877608715487,2.6789743572681664,4.589277344450784,-1.0062247798151012,11.539049565892268,3.37839588522595,66,66,0,100.0,282.7498650972196,0.0,1253.4087442533498,0.0,inf,11.681818181818182,37,71,52.112676056338024,5.3872234998711965,-0.48556222707041297,0.9354138762460785,,2.5788287191691732,6
30,0.1,0.14,0.4,0.9,7,15,20000,35897.34965769623,15897.349657696228,79.48674828848114,10.311455263058322,2.6786772083383803,3.8077818164487134,-1.0324907550557558,9.986971033461206,2.9360680737503126,94,94,0,100.0,171.55478359251157,0.0,733.8553125880563,0.0,inf,7.159574468085107,36,71,50.70422535211267,5.528093582885241,-0.4975940263789447,0.8345712881573509,,2.5964469385351645,2
30,0.1,0.14,0.4,0.5,9,20,20000,35897.34965769623,15897.349657696228,79.48674828848114,10.311455263058322,2.6786772083383803,3.8077818164487134,-1.0324907550557558,9.986971033461206,2.9360680737503126,94,94,0,100.0,171.55478359251157,0.0,733.8553125880563,0.0,inf,7.159574468085107,36,71,50.70422535211267,5.528093582885241,-0.4975940263789447,0.8345712881573509,,2.6786772083383803,1
40,0.12000000000000001,0.13,0.7,0.1,21,10,20000,34131.54942324546,14131.549423245458,70.65774711622728,9.381844447748588,2.677820259646978,2.6636684031353743,-1.4075974898514907,6.6651471854631,2.617471231582858,60,59,1,98.33333333333333,245.14314530053522,-0.39614948608121425,740.9765365463435,-0.39614948608121425,36510.07026616826,15.133333333333333,35,71,49.29577464788733,3.784793465560421,-0.38922715076873393,0.760420554706886,,2.5897515586014315,4
30,0.1,0.14,0.7,0.6,9,20,20000,38465.239749204666,18465.239749204666,92.32619874602332,11.597616584539306,2.674765925474957,4.581726336660342,-1.0062247798151012,11.525870578013818,3.379275185605906,66,66,0,100.0,282.3369658970399,0.0,1253.4087442533498,0.0,inf,11.666666666666666,37,71,52.112676056338024,5.3872234998711965,-0.48556222707041297,0.934403504276717,,2.5201692806516873,7
30,0.1,0.14,0.7,0.30000000000000004,9,15,20000,38465.239749204666,18465.239749204666,92.32619874602332,11.597616584539306,2.674765925474957,4.581726336660342,-1.0062247798151012,11.525870578013818,3.379275185605906,66,66,0,100.0,282.3369658970399,0.0,1253.4087442533498,0.0,inf,11.666666666666666,37,71,52.112676056338024,5.3872234998711965,-0.48556222707041297,0.934403504276717,,2.739348865135115,6
30,0.1,0.14,0.7,0.5,11,15,20000,38436.270970363585,18436.270970363585,92.18135485181791,11.583511249291757,2.6706691650036616,4.5535345178655815,-1.0062247798151012,11.51185250220163,3.379726344020865,66,66,0,100.0,281.89804500550844,0.0,1253.4087442533498,0.0,inf,11.636363636363637,37,71,52.112676056338024,5.3872234998711965,-0.48556222707041297,0.9333305397858541,,2.5223809784789606,4
40,0.1,0.12000000000000001,0.6000000000000001,0.2,17,10,20000,33031.05235194732,13031.05235194732,65.1552617597366,8.782035949231194,2.6593729557490287,1.8696903887101501,-1.6822309770816033,5.220469762402423,2.4268778815112984,64,64,0,100.0,207.1851929991767,0.0,615.9871710240577,0.0,inf,13.296875,39,71,54.929577464788736,3.0799455524169073,-0.26760323335061065,0.712694647815915,,2.692274647102153,41
40,0.11,0.13,0.6000000000000001,0.2,23,10,20000,36148.13226269276,16148.132262692758,80.74066131346379,10.440377338682328,2.640656575603632,2.251362883877719,-1.9425615434582242,5.37454134920017,3.0236431529135728,76,75,1,98.68421052631578,219.1645048654242,-11.005602214029846,1063.769653130941,-11.005602214029846,1493.5427925927252,11.881578947368421,42,71,59.154929577464785,3.9014018283805685,-0.019316493105281385,0.8417626202828093,,2.5155137366625593,15
40,0.1,0.12000000000000001,0.6000000000000001,0.4,21,10,20000,32887.263232916266,12887.263232916266,64.43631616458133,8.702442107751374,2.6403265874078454,1.8408311516018936,-1.6918299681828282,5.143804206931356,2.416540844055153,64,62,2,96.875,212.39670890637453,-26.266359639480108,615.9871710240577,-40.60941549131286,250.67417283820964,13.171875,39,71,54.929577464788736,3.095346441451019,-0.2690072572432811,0.7065500689410787,,2.4427458175818435,9
45,0.11,0.13,0.6000000000000001,0.2,23,10,20000,36147.37694203267,16147.376942032672,80.73688471016337,10.43999016327193,2.6367235858496345,1.742291014685387,-2.674271380888686,3.9038633991598193,3.0281924802299693,65,65,0,100.0,252.1811837235793,0.0,843.0306410420322,0.0,inf,14.907692307692308,43,71,60.56338028169014,3.2675026681026065,-0.4869144067893294,0.8417515437392841,,2.585243863281764,14
30,0.1,0.14,0.8,0.5,15,15,20000,37472.08599802912,17472.08599802912,87.3604299901456,11.10890930668913,2.6050352522815046,4.042863721304611,-1.001691090688553,11.090154849089224,3.300072293786648,58,57,1,98.27586206896551,309.413927037521,-11.107843109627622,1253.4087442533498,-11.107843109627622,1587.7604380144999,13.586206896551724,37,71,52.112676056338024,5.362909610922251,-0.48348230733994413,0.8967474859817758,,2.58142162245356,11
30,0.1,0.14,0.8,0.30000000000000004,15,10,20000,37472.08599802912,17472.08599802912,87.3604299901456,11.10890930668913,2.6050352522815046,4.042863721304611,-1.001691090688553,11.090154849089224,3.300072293786648,58,57,1,98.27586206896551,309.413927037521,-11.107843109627622,1253.4087442533498,-11.107843109627622,1587.7604380144999,13.586206896551724,37,71,52.112676056338024,5.362909610922251,-0.48348230733994413,0.8967474859817758,,2.65502285989004,9
30,0.11,0.12000000000000001,0.9,0.2,5,20,20000,32927.54717949244,12927.547179492438,64.63773589746219,8.724770267741855,2.5967725639908754,2.4022604029966783,-1.0657831755454221,8.1862525773846,2.4654079545005767,51,50,1,98.0392156862745,264.87933478215643,-18.719559615428466,645.271549740197,-18.719559615428466,707.493499376571,15.666666666666666,31,71,43.66197183098591,3.338179873853897,-0.5095973413925758,0.7100397306990884,,2.5236633688950056,25
30,0.11,0.12000000000000001,0.9,0.4,5,15,20000,32927.54717949244,12927.547179492438,64.63773589746219,8.724770267741855,2.5967725639908754,2.4022604029966783,-1.0657831755454221,8.1862525773846,2.4654079545005767,51,50,1,98.0392156862745,264.87933478215643,-18.719559615428466,645.271549740197,-18.719559615428466,707.493499376571,15.666666666666666,31,71,43.66197183098591,3.338179873853897,-0.5095973413925758,0.7100397306990884,,2.5838565178154576,6
30,0.11,0.12000000000000001,0.9,0.1,5,20,20000,32927.54717949244,12927.547179492438,64.63773589746219,8.724770267741855,2.5967725639908754,2.4022604029966783,-1.0657831755454221,8.1862525773846,2.4654079545005767,51,50,1,98.0392156862745,264.87933478215643,-18.719559615428466,645.271549740197,-18.719559615428466,707.493499376571,15.666666666666666,31,71,43.66197183098591,3.338179873853897,-0.5095973413925758,0.7100397306990884,,2.4650344241973237,21
40,0.12000000000000001,0.13,0.6000000000000001,0.30000000000000004,13,10,20000,34722.283004053315,14722.283004053315,73.61141502026658,9.697203535471544,2.577958092836969,2.7384407807006674,-1.8927518240017043,5.123335987583131,2.832899794229337,66,66,0,100.0,228.58004551595954,0.0,841.8715372039596,0.0,inf,13.636363636363637,36,71,50.70422535211267,3.409480855665925,-0.3692172680362926,0.7853284734534212,,2.3937415227666894,7
40,0.12000000000000001,0.13,0.6000000000000001,0.4,17,10,20000,34722.283004053315,14722.283004053315,73.61141502026658,9.697203535471544,2.577958092836969,2.7384407807006674,-1.8927518240017043,5.123335987583131,2.832899794229337,66,66,0,100.0,228.58004551595954,0.0,841.8715372039596,0.0,inf,13.636363636363637,36,71,50.70422535211267,3.409480855665925,-0.3692172680362926,0.7853284734534212,,2.152996962563198,12
30,0.1,0.11,0.8,0.2,7,20,20000,29718.91605912386,9718.916059123861,48.5945802956193,6.870544360861497,2.5679357668103027,2.2712985090958933,-1.023247285058921,6.714451590717756,1.8172379949808648,45,45,0,100.0,219.9914679805305,0.0,531.4776926222257,0.0,inf,12.577777777777778,30,71,42.25352112676056,3.49871148796872,0.0,0.5627240592493319,,2.7246383577683178,23
30,0.1,0.11,0.8,0.30000000000000004,7,15,20000,29718.91605912386,9718.916059123861,48.5945802956193,6.870544360861497,2.5679357668103027,2.2712985090958933,-1.023247285058921,6.714451590717756,1.8172379949808648,45,45,0,100.0,219.9914679805305,0.0,531.4776926222257,0.0,inf,12.577777777777778,30,71,42.25352112676056,3.49871148796872,0.0,0.5627240592493319,,2.6043699397228837,10
35,0.11,0.14,0.7,0.30000000000000004,5,10,20000,53573.93144545675,33573.93144545675,167.86965722728377,17.97647734777992,2.559709302174279,2.0234911762809205,-4.751447085288987,3.783368945312915,5.746666111347853,75,75,0,100.0,451.93375260609037,0.0,3638.4118288939308,0.0,inf,15.48,40,71,56.33802816901409,18.04905914446966,0.0,1.4232894733729704,,2.780324072584361,2
30,0.11,0.15,0.4,0.7000000000000001,7,10,20000,36653.84416831113,16653.84416831113,83.26922084155566,10.698105414148529,2.5562503519850654,3.852956528022029,-0.6163596178477602,17.356921356244566,3.217011720728364,68,68,0,100.0,247.37564953398632,0.0,1166.871876250159,0.0,inf,8.558823529411764,30,71,42.25352112676056,7.996336235071477,-0.1910259241649892,0.8684416143023392,,2.157381893928361,3
30,0.1,0.11,0.8,0.1,13,15,20000,29676.240735174844,9676.240735174844,48.381203675874225,6.8447816154637575,2.552408929266649,2.249834387712905,-1.023247285058921,6.689274152405515,1.8188494772762975,45,45,0,100.0,219.04312744833013,0.0,531.4776926222257,0.0,inf,12.466666666666667,30,71,42.25352112676056,3.504360527020456,0.0,0.5606873718746385,,2.9378967259879616,9
30,0.1,0.11,0.8,0.2,13,20,20000,29676.240735174844,9676.240735174844,48.381203675874225,6.8447816154637575,2.552408929266649,2.249834387712905,-1.023247285058921,6.689274152405515,1.8188494772762975,45,45,0,100.0,219.04312744833013,0.0,531.4776926222257,0.0,inf,12.466666666666667,30,71,42.25352112676056,3.504360527020456,0.0,0.5606873718746385,,2.9378967259879616,9
40,0.11,0.13,0.30000000000000004,0.30000000000000004,19,10,20000,34493.489120669095,14493.489120669095,72.46744560334548,9.575597186148155,2.5411443167862635,2.586782295812113,-1.9578387171673464,4.890901943139824,2.8301955752774126,93,93,0,100.0,160.0095604373027,0.0,870.5966614567855,0.0,inf,7.623655913978495,42,71,59.154929577464785,2.869245989166447,-0.019783033352138713,0.7744315752568189,,2.2342548857068345,13
30,0.1,0.15,0.4,0.9,9,15,20000,39115.457224895916,19115.457224895916,95.57728612447957,11.911914499005727,2.5142166687319487,4.295675856286381,-0.5865842780155744,20.30725156716432,3.7116171937651954,88,88,0,100.0,219.7324684647243,0.0,1263.9794084786301,0.0,inf,7.193181818181818,36,71,50.70422535211267,7.351461272346516,-0.18219748158386784,0.9606707066066045,,2.5964469385351645,2
30,0.1,0.14,0.8,0.7000000000000001,11,25,20000,37167.662383634015,17167.662383634015,85.83831191817008,10.956951534639625,2.502690759330765,3.4884307360842164,-1.0803075479019109,10.142437267905203,3.381332287473493,54,54,0,100.0,320.6641182154443,0.0,1253.4087442533498,0.0,inf,14.444444444444445,35,71,49.29577464788733,5.517307396296411,-0.4966739073760995,0.8856481439040722,,2.588728342402861,2
30,0.11,0.15,0.8,0.1,17,10,20000,43108.52690494468,23108.52690494468,115.5426345247234,13.751979629404465,2.4877826196499573,4.835965647078711,-0.7371898512097266,18.654597057783015,4.418372738596176,46,46,0,100.0,505.3266718466231,0.0,2180.9391549882475,0.0,inf,13.76086956521739,32,71,45.07042253521127,14.637101039198619,-0.18524324461973718,1.1104346197078883,,2.4877826196499573,1
30,0.1,0.15,0.7,0.30000000000000004,19,25,20000,46708.2860232238,26708.2860232238,133.54143011611902,15.292946248603268,2.4815007750602898,5.695728845473324,-0.6066880303831009,25.20726548527147,4.982904197630187,56,55,1,98.21428571428571,488.8229592491767,-0.17673548097487557,2259.968676518936,-0.17673548097487557,152121.47900582952,11.071428571428571,35,71,49.29577464788733,14.011184930181386,-0.18261603035785168,1.2277105191450113,,2.4815007750602898,1
45,0.11,0.13,0.5,0.30000000000000004,21,10,20000,36561.759562748215,16561.759562748215,82.80879781374108,10.651397253475592,2.479440582972788,1.941423186415258,-2.2605450004672276,4.71187136344292,3.3008589144900244,67,67,0,100.0,251.05163526489835,0.0,843.8234143168727,0.0,inf,15.014925373134329,42,71,59.154929577464785,3.6726101900504737,-0.5114143087074252,0.8580939026058689,,2.610060369672302,31
40,0.12000000000000001,0.13,0.4,0.1,19,10,20000,33385.04362120566,13385.04362120566,66.9252181060283,8.976764453278196,2.477339174671935,2.6127236810147028,-1.635848516413635,5.48752794846706,2.6800301777602153,75,75,0,100.0,183.78858161607573,0.0,571.4041031289393,0.0,inf,10.133333333333333,34,71,47.88732394366197,3.019619614870672,-0.3755630706797075,0.7289045040274101,,2.0100613187680683,7
40,0.12000000000000001,0.13,0.4,0.2,15,15,20000,33385.04362120566,13385.04362120566,66.9252181060283,8.976764453278196,2.477339174671935,2.6127236810147028,-1.635848516413635,5.48752794846706,2.6800301777602153,75,75,0,100.0,183.78858161607573,0.0,571.4041031289393,0.0,inf,10.133333333333333,34,71,47.88732394366197,3.019619614870672,-0.3755630706797075,0.7289045040274101,,1.973037156439491,18
30,0.1,0.11,0.9,0.1,5,15,20000,29687.763086498933,9687.763086498933,48.438815432494664,6.851740602002354,2.471715129533809,2.385889979072427,-1.0209917391426646,6.710867815400562,1.8813229493066446,44,44,0,100.0,224.0173428749754,0.0,531.4776926222257,0.0,inf,15.613636363636363,30,71,42.25352112676056,3.1942679560579723,0.0,0.561323584493483,,2.668704996163839,11
30,0.1,0.11,0.9,0.2,5,20,20000,29687.763086498933,9687.763086498933,48.438815432494664,6.851740602002354,2.471715129533809,2.385889979072427,-1.0209917391426646,6.710867815400562,1.8813229493066446,44,44,0,100.0,224.0173428749754,0.0,531.4776926222257,0.0,inf,15.613636363636363,30,71,42.25352112676056,3.1942679560579723,0.0,0.561323584493483,,2.5991896851666114,16
45,0.11,0.12000000000000001,0.7,0.1,15,15,20000,33910.07521690752,13910.07521690752,69.5503760845376,9.262440493889024,2.468713897539858,2.14261274329181,-1.8602430081001886,4.979156192796812,2.7968047909280647,49,48,1,97.95918367346938,295.7488469080217,-1.1694346775240008,755.8971072968585,-1.1694346775240008,12139.151441653474,19.53061224489796,42,71,59.154929577464785,3.3399270815377857,-0.009641629149914621,0.7504897601254531,,2.592278515030659,9
35,0.1,0.12000000000000001,0.4,0.2,17,10,20000,30839.596209315445,10839.596209315445,54.197981046577226,7.536313946816797,2.467797206526775,1.629805168767937,-1.6982806030171476,4.437614098299104,2.1455125044697367,75,75,0,100.0,147.57861612420515,0.0,530.2659349552072,0.0,inf,9.28,37,71,52.112676056338024,3.167926119080078,-0.2887710483055361,0.6148208854325122,,2.615629958893641,41
30,0.1,0.11,0.9,0.2,9,15,20000,29639.53829694603,9639.53829694603,48.19769148473015,6.822599979799038,2.45432163730538,2.3681263590151156,-1.0209917391426646,6.6823263286420245,1.8835488819637112,44,43,1,97.72727272727273,228.20593301952033,-4.3168228933612465,531.4776926222257,-4.3168228933612465,2273.1660209943666,15.522727272727273,30,71,42.25352112676056,3.199857412510676,0.0,0.55901506890895,,2.887710850827332,9
30,0.1,0.15,0.8,0.1,17,20,20000,48314.77097646991,28314.77097646991,141.57385488234954,15.948917718123191,2.454020648022562,6.866603574956115,-0.5763441726857041,27.672558297593064,5.276030165914094,57,57,0,100.0,499.66966625385777,0.0,2899.688053470611,0.0,inf,13.192982456140351,37,71,52.112676056338024,14.189294878871772,-0.17915229346046058,1.2764304703203089,,2.631601336436776,8
40,0.1,0.12000000000000001,0.5,0.2,15,10,20000,31576.14616014375,11576.146160143751,57.88073080071876,7.9629957769179915,2.4395861891407007,1.6817183151632595,-1.6649098893045513,4.782838896010288,2.3345189902640184,67,67,0,100.0,176.40665910662247,0.0,615.9871710240577,0.0,inf,11.626865671641792,37,71,52.112676056338024,3.189295467713782,-0.27560513726991864,0.6483890104665622,,2.686717739267095,43
40,0.1,0.12000000000000001,0.5,0.1,15,10,20000,31576.14616014375,11576.146160143751,57.88073080071876,7.9629957769179915,2.4395861891407007,1.6817183151632595,-1.6649098893045513,4.782838896010288,2.3345189902640184,67,67,0,100.0,176.40665910662247,0.0,615.9871710240577,0.0,inf,11.626865671641792,37,71,52.112676056338024,3.189295467713782,-0.27560513726991864,0.6483890104665622,,2.7266622075254086,31
40,0.1,0.12000000000000001,0.5,0.2,13,10,20000,31576.14616014375,11576.146160143751,57.88073080071876,7.9629957769179915,2.4395861891407007,1.6817183151632595,-1.6649098893045513,4.782838896010288,2.3345189902640184,67,67,0,100.0,176.40665910662247,0.0,615.9871710240577,0.0,inf,11.626865671641792,37,71,52.112676056338024,3.189295467713782,-0.27560513726991864,0.6483890104665622,,2.7059951021923343,30
40,0.1,0.12000000000000001,0.5,0.1,9,10,20000,31576.14616014375,11576.146160143751,57.88073080071876,7.9629957769179915,2.4395861891407007,1.6817183151632595,-1.6649098893045513,4.782838896010288,2.3345189902640184,67,67,0,100.0,176.40665910662247,0.0,615.9871710240577,0.0,inf,11.626865671641792,37,71,52.112676056338024,3.189295467713782,-0.27560513726991864,0.6483890104665622,,2.1621025437098105,3
40,0.1,0.12000000000000001,0.5,0.30000000000000004,19,10,20000,31541.952356323625,11541.952356323625,57.70976178161813,7.943371683220124,2.4310652689855874,1.6747319205031719,-1.6672193186516309,4.764443162549455,2.3352235007947777,67,67,0,100.0,175.8963038257251,0.0,615.9871710240577,0.0,inf,11.611940298507463,37,71,52.112676056338024,3.1932078097881345,-0.2759578902266635,0.6468591007880101,,2.642470381690565,41
40,0.1,0.12000000000000001,0.5,0.5,17,10,20000,31541.952356323625,11541.952356323625,57.70976178161813,7.943371683220124,2.4310652689855874,1.6747319205031719,-1.6672193186516309,4.764443162549455,2.3352235007947777,67,67,0,100.0,175.8963038257251,0.0,615.9871710240577,0.0,inf,11.611940298507463,37,71,52.112676056338024,3.1932078097881345,-0.2759578902266635,0.6468591007880101,,2.4399926297349337,9
40,0.1,0.12000000000000001,0.5,0.1,19,10,20000,31541.952356323625,11541.952356323625,57.70976178161813,7.943371683220124,2.4310652689855874,1.6747319205031719,-1.6672193186516309,4.764443162549455,2.3352235007947777,67,67,0,100.0,175.8963038257251,0.0,615.9871710240577,0.0,inf,11.611940298507463,37,71,52.112676056338024,3.1932078097881345,-0.2759578902266635,0.6468591007880101,,2.7249888895126486,27
40,0.1,0.12000000000000001,0.5,0.30000000000000004,17,10,20000,31541.952356323625,11541.952356323625,57.70976178161813,7.943371683220124,2.4310652689855874,1.6747319205031719,-1.6672193186516309,4.764443162549455,2.3352235007947777,67,67,0,100.0,175.8963038257251,0.0,615.9871710240577,0.0,inf,11.611940298507463,37,71,52.112676056338024,3.1932078097881345,-0.2759578902266635,0.6468591007880101,,2.658851886471435,42
30,0.1,0.11,0.7,0.5,7,15,20000,29319.300764188945,9319.300764188945,46.596503820944726,6.628083851361022,2.4271189888412463,2.095024714213788,-1.0345487524271162,6.406739011391316,1.8290911847722322,45,45,0,100.0,210.76446142642118,0.0,455.69498122814343,0.0,inf,11.977777777777778,29,71,40.845070422535215,3.5091447303707612,0.0,0.5434351711482438,,2.4271189888412463,1
45,0.1,0.12000000000000001,0.5,0.1,15,10,20000,31538.634695965302,11538.634695965302,57.69317347982651,7.941466709676481,2.420643269901958,1.4842221239327111,-2.5056272600269907,3.16945255041284,2.344679324349087,71,71,0,100.0,166.19626332345462,0.0,584.1319274302132,0.0,inf,13.450704225352112,42,71,59.154929577464785,2.9359720401153977,0.0,0.6462646863468166,,2.7993102463948425,28
30,0.1,0.13,0.4,0.6,5,20,20000,35748.03514121951,15748.035141219509,78.74017570609755,10.23433938410756,2.4162373605998893,4.179761377533537,-0.7342730748250139,13.938056201429593,3.2296216895600596,82,82,0,100.0,194.9504285514568,0.0,940.169385424619,0.0,inf,8.463414634146341,37,71,52.112676056338024,7.3720968657800645,0.0,0.8295536671305659,,2.4162373605998893,1
40,0.1,0.15,0.30000000000000004,0.1,11,15,20000,64675.7669749814,44675.7669749814,223.37883487490703,21.76361243136582,2.4070473278027427,4.436560256624784,-1.757515590004065,12.383168920462028,7.469743116097324,124,124,0,100.0,364.24086270146216,0.0,3407.341471133797,0.0,inf,11.040322580645162,49,71,69.01408450704226,14.465325694194252,-0.20970757208224056,1.6909492339956935,,1.9531034089727943,4
40,0.12000000000000001,0.13,0.6000000000000001,0.1,23,10,20000,33459.43245936068,13459.43245936068,67.2971622968034,9.017466667452535,2.403805813305482,2.5572262946708384,-2.0161549642702883,4.472605939155201,2.778658372668094,61,61,0,100.0,226.18741736656867,0.0,841.8715372039596,0.0,inf,13.573770491803279,35,71,49.29577464788733,3.4983012766816035,-0.3770630495871563,0.7321707295212128,,2.0154942475180966,5
30,0.1,0.13,0.9,0.30000000000000004,15,15,20000,39584.669637026054,19584.669637026054,97.92334818513028,12.136029347570743,2.4007140144831536,5.534429618544879,-0.7256338860692129,16.724727966209088,3.9744206845484547,62,61,1,98.38709677419355,324.23874278053813,-6.693672586736985,2595.5196683241825,-6.693672586736985,2954.8148723023264,14.048387096774194,38,71,53.52112676056338,11.055569408062848,0.0,0.9791293978927467,,2.880804400399041,11
30,0.1,0.13,0.9,0.1,15,15,20000,39584.669637026054,19584.669637026054,97.92334818513028,12.136029347570743,2.4007140144831536,5.534429618544879,-0.7256338860692129,16.724727966209088,3.9744206845484547,62,61,1,98.38709677419355,324.23874278053813,-6.693672586736985,2595.5196683241825,-6.693672586736985,2954.8148723023264,14.048387096774194,38,71,53.52112676056338,11.055569408062848,0.0,0.9791293978927467,,2.905349663137897,9
35,0.1,0.11,0.6000000000000001,0.8,9,10,20000,30187.916492511187,10187.916492511187,50.93958246255593,7.151666444741234,2.3967918107615183,1.9265054443674912,-1.0237624874602482,6.9856695594337515,2.0586583086048655,64,61,3,95.3125,172.7077670816353,-0.48576648951816265,524.8910412216491,-0.8246903433556882,7229.244242042929,11.546875,36,71,50.70422535211267,2.9517245669787417,-0.4452078661351111,0.5846543922554291,,2.3967918107615183,1
35,0.11,0.14,0.9,0.30000000000000004,9,15,20000,51221.66016059862,31221.66016059862,156.1083008029931,17.09107923038029,2.3945764515543067,1.8258984169827859,-4.751447085288987,3.5970261109075987,5.829941070500071,57,57,0,100.0,551.9677221157652,0.0,4627.909816462036,0.0,inf,21.56140350877193,42,71,59.154929577464785,20.1574416698435,0.0,1.362614387041104,,2.610664367925549,24
30,0.1,0.13,0.9,0.6,17,20,20000,38761.96537460719,18761.965374607193,93.80982687303596,11.741590027396942,2.393918269242593,5.214803671126357,-0.7306241475582997,16.07062956601777,3.836243434184327,61,58,3,95.08196721311475,329.35834248582233,-45.57282985683867,1297.7598341620912,-72.24112211750644,139.72348527391352,13.852459016393443,38,71,53.52112676056338,10.101112529367162,0.0,0.9484886486611039,,2.4994767607620485,2
45,0.1,0.13,0.4,0.5,21,10,20000,33317.78273413598,13317.78273413598,66.5889136706799,8.939897305237633,2.388666871880819,1.3657676101059146,-3.269611608503367,2.734238305854861,2.766431595234375,95,95,0,100.0,142.96508141195642,0.0,674.4245128336257,0.0,inf,9.336842105263157,44,71,61.97183098591549,3.420287771574815,-0.48451006759123727,0.7250609714634647,,2.585405632945742,2
40,0.12000000000000001,0.13,0.5,0.30000000000000004,17,15,20000,32578.300486212196,12578.300486212196,62.891502431060985,8.530432582737845,2.381453753073068,2.523915439078677,-1.3354645410936856,6.387614436959743,2.614697430668129,67,67,0,100.0,193.57612665988336,0.0,841.8715372039596,0.0,inf,11.164179104477611,35,71,49.29577464788733,3.063404701898609,-0.3786742045603697,0.6936187075201147,,2.3001292699236635,22
40,0.12000000000000001,0.13,0.5,0.4,13,10,20000,32578.300486212196,12578.300486212196,62.891502431060985,8.530432582737845,2.381453753073068,2.523915439078677,-1.3354645410936856,6.387614436959743,2.614697430668129,67,67,0,100.0,193.57612665988336,0.0,841.8715372039596,0.0,inf,11.164179104477611,35,71,49.29577464788733,3.063404701898609,-0.3786742045603697,0.6936187075201147,,2.246206749621552,5
40,0.12000000000000001,0.13,0.5,0.2,19,10,20000,32578.300486212196,12578.300486212196,62.891502431060985,8.530432582737845,2.381453753073068,2.523915439078677,-1.3354645410936856,6.387614436959743,2.614697430668129,67,67,0,100.0,193.57612665988336,0.0,841.8715372039596,0.0,inf,11.164179104477611,35,71,49.29577464788733,3.063404701898609,-0.3786742045603697,0.6936187075201147,,2.1221161986602284,18
40,0.12000000000000001,0.13,0.5,0.30000000000000004,17,10,20000,32578.300486212196,12578.300486212196,62.891502431060985,8.530432582737845,2.381453753073068,2.523915439078677,-1.3354645410936856,6.387614436959743,2.614697430668129,67,67,0,100.0,193.57612665988336,0.0,841.8715372039596,0.0,inf,11.164179104477611,35,71,49.29577464788733,3.063404701898609,-0.3786742045603697,0.6936187075201147,,2.3001292699236635,22
45,0.1,0.12000000000000001,0.30000000000000004,0.1,11,10,20000,30087.244124254892,10087.244124254892,50.436220621274465,7.091630665383586,2.3812593966635185,1.7330940172284557,-0.9532926926957066,7.439090553951463,2.0484572685419975,97,96,1,98.96907216494846,108.9478471599167,-3.849203097140159,297.295778184619,-3.849203097140159,2717.1840673002466,7.206185567010309,40,71,56.33802816901409,2.2549280139958494,0.0,0.5788625605627784,,2.488415985617814,5
30,0.1,0.13,0.6000000000000001,0.5,7,15,20000,37598.759690575374,17598.759690575374,87.99379845287687,11.17183789349161,2.379355103405593,4.901588230592074,-0.7269891497804944,15.367269094545373,3.641722288164986,73,73,0,100.0,244.0172560352793,0.0,2004.3954911242174,0.0,inf,10.876712328767123,38,71,53.52112676056338,6.595467979923275,0.0,0.9017441932078993,,2.577698462049572,3
35,0.11,0.12000000000000001,0.6000000000000001,0.4,17,10,20000,32073.248623033178,12073.248623033178,60.36624311516589,8.246307929881102,2.3736651474970105,2.2089134566480038,-0.9995365344345064,8.250131581780048,2.5116396226750255,54,49,5,90.74074074074075,253.95276571836854,-10.12737943338119,809.8441401765724,-28.086470275027345,245.74344433435596,12.814814814814815,33,71,46.478873239436616,3.3142888474711585,-0.34737261556673227,0.6716837221627793,,2.5703025115322897,22
35,0.1,0.12000000000000001,0.4,0.1,21,15,20000,30425.279202708785,10425.279202708785,52.12639601354393,7.292560423934136,2.370872046964,1.5203201259405468,-1.7236773742722797,4.230815193599084,2.137345073693079,72,70,2,97.22222222222221,153.21824373438125,-34.29892934897334,530.2659349552072,-44.75125112265197,156.35002702683084,8.972222222222221,37,71,52.112676056338024,3.212614658393531,-0.2929408581211379,0.5956699123994006,,2.7119735411337835,14
30,0.1,0.13,0.9,0.1,5,15,20000,39040.91395787627,19040.91395787627,95.20456978938134,11.876103898581935,2.367230914857914,4.147029950115661,-1.1605001233005636,10.233608476322484,3.931801278112776,59,59,0,100.0,325.4815925063784,0.0,2595.5196683241825,0.0,inf,16.389830508474578,38,71,53.52112676056338,11.0764665251865,0.0,0.9591655497543533,,2.6880940757779666,16
35,0.1,0.13,0.5,0.30000000000000004,13,10,20000,43346.27163468708,23346.27163468708,116.73135817343541,13.856992576076554,2.365883379963199,3.7931121499277056,-1.4003150385554313,9.895625051896511,4.689935967154537,88,88,0,100.0,269.1985413032619,0.0,2554.5165510716793,0.0,inf,10.920454545454545,42,71,59.154929577464785,8.162798064495869,-0.1525818651880395,1.10579793007394,,2.4802630840623197,22
35,0.1,0.13,0.5,0.2,17,10,20000,43346.27163468708,23346.27163468708,116.73135817343541,13.856992576076554,2.365883379963199,3.7931121499277056,-1.4003150385554313,9.895625051896511,4.689935967154537,88,88,0,100.0,269.1985413032619,0.0,2554.5165510716793,0.0,inf,10.920454545454545,42,71,59.154929577464785,8.162798064495869,-0.1525818651880395,1.10579793007394,,2.45222598163623,54
30,0.1,0.13,0.9,0.30000000000000004,7,15,20000,39028.201729803375,19028.201729803375,95.14100864901688,11.869991263176892,2.362047410581419,4.110544671694539,-1.1605001233005636,10.228341233965233,3.9382201558071324,58,58,0,100.0,330.87416775523155,0.0,2595.5196683241825,0.0,inf,16.25862068965517,38,71,53.52112676056338,11.0764665251865,0.0,0.9587128073000926,,2.7248380526262466,14
30,0.1,0.13,0.9,0.2,7,20,20000,39028.201729803375,19028.201729803375,95.14100864901688,11.869991263176892,2.362047410581419,4.110544671694539,-1.1605001233005636,10.228341233965233,3.9382201558071324,58,58,0,100.0,330.87416775523155,0.0,2595.5196683241825,0.0,inf,16.25862068965517,38,71,53.52112676056338,11.0764665251865,0.0,0.9587128073000926,,2.78879266054148,25
40,0.1,0.12000000000000001,0.4,0.1,15,15,20000,31612.752335775902,11612.752335775902,58.06376167887951,7.98398475845381,2.3618739177434827,1.6748933767209706,-1.7725818388307706,4.504155793292005,2.420432239146666,74,74,0,100.0,160.3898964294035,0.0,615.9871710240577,0.0,inf,9.45945945945946,38,71,53.52112676056338,3.1813927995778313,-0.27681372587952113,0.6500979226686658,,2.603638603813718,28
40,0.1,0.12000000000000001,0.4,0.30000000000000004,15,10,20000,31612.752335775902,11612.752335775902,58.06376167887951,7.98398475845381,2.3618739177434827,1.6748933767209706,-1.7725818388307706,4.504155793292005,2.420432239146666,74,74,0,100.0,160.3898964294035,0.0,615.9871710240577,0.0,inf,9.45945945945946,38,71,53.52112676056338,3.1813927995778313,-0.27681372587952113,0.6500979226686658,,2.6430957334279235,27
40,0.1,0.12000000000000001,0.4,0.1,13,10,20000,31612.752335775902,11612.752335775902,58.06376167887951,7.98398475845381,2.3618739177434827,1.6748933767209706,-1.7725818388307706,4.504155793292005,2.420432239146666,74,74,0,100.0,160.3898964294035,0.0,615.9871710240577,0.0,inf,9.45945945945946,38,71,53.52112676056338,3.1813927995778313,-0.27681372587952113,0.6500979226686658,,2.5948056455121424,21
40,0.1,0.12000000000000001,0.4,0.30000000000000004,19,15,20000,31612.752335775902,11612.752335775902,58.06376167887951,7.98398475845381,2.3618739177434827,1.6748933767209706,-1.7725818388307706,4.504155793292005,2.420432239146666,74,74,0,100.0,160.3898964294035,0.0,615.9871710240577,0.0,inf,9.45945945945946,38,71,53.52112676056338,3.1813927995778313,-0.27681372587952113,0.6500979226686658,,2.6319233227204855,34
40,0.1,0.12000000000000001,0.4,0.1,15,10,20000,31612.752335775902,11612.752335775902,58.06376167887951,7.98398475845381,2.3618739177434827,1.6748933767209706,-1.7725818388307706,4.504155793292005,2.420432239146666,74,74,0,100.0,160.3898964294035,0.0,615.9871710240577,0.0,inf,9.45945945945946,38,71,53.52112676056338,3.1813927995778313,-0.27681372587952113,0.6500979226686658,,2.670734735517588,27
35,0.11,0.12000000000000001,0.8,0.1,17,15,20000,31955.046524457575,11955.046524457575,59.775232622287874,8.179274270079983,2.359296484734092,2.073785941459641,-1.2917436679573877,6.331963897306135,2.500548124736355,49,45,4,91.83673469387756,272.6418783101627,-12.159499874942583,809.8441401765724,-28.086470275027345,252.24895452402922,16.53061224489796,34,71,47.88732394366197,2.922868136519985,-0.15489991605665,0.6663950503071099,,2.606610894575005,8
30,0.12000000000000001,0.15,0.9,0.2,15,20,20000,34249.90509538785,14249.905095387847,71.24952547693924,9.44538970505664,2.354147416358312,3.123709500970177,-0.9100129943584296,10.379400913627343,3.0065855990865855,39,39,0,100.0,368.74884859968785,0.0,1833.6842133059154,0.0,inf,13.564102564102564,25,71,35.2112676056338,10.828362000786452,-0.6322175327620583,0.7753812026603827,,2.668296445698847,9
40,0.11,0.15,0.6000000000000001,0.30000000000000004,15,10,20000,72972.85966282916,52972.859662829156,264.8642983141458,24.254555594876393,2.3436799898269722,3.734180112825395,-2.2506179406502023,10.776842731409698,8.572354263886469,69,69,0,100.0,773.3182559830318,0.0,4848.724166775474,0.0,inf,17.942028985507246,44,71,61.97183098591549,14.013764833962883,-0.6942800046074393,1.8699760765156115,,1.857261814007879,13
30,0.1,0.13,0.9,0.4,15,25,20000,37098.89199912316,17098.89199912316,85.4944599956158,10.92248037041843,2.3358776829524523,4.3678490033482404,-0.7453803558280678,14.653566176001894,3.6127872645579187,58,57,1,98.27586206896551,302.99448546859446,-6.693672586736985,2004.3954911242174,-6.693672586736985,2580.1509482149554,14.413793103448276,34,71,47.88732394366197,5.838160156623529,-0.015904351265838557,0.8828345347162574,,2.8286657903796573,6
45,0.1,0.13,0.30000000000000004,0.5,13,15,20000,32133.665317135554,12133.665317135554,60.66832658567777,8.280491510408726,2.330375903398626,1.6235283911182687,-2.124598270399653,3.897438695010847,2.57256151322689,99,99,0,100.0,125.42490219328747,0.0,674.4245128336257,0.0,inf,7.414141414141414,41,71,57.74647887323944,2.83583217504082,-0.488445061716003,0.6733198163280516,,2.3250477577395183,4
30,0.1,0.13,0.8,0.4,17,20,20000,37148.357225104795,17148.357225104795,85.74178612552397,10.94728018390132,2.322039931348813,4.816687117114631,-0.7180774287936816,15.245264291751884,3.6444682966059303,61,58,3,95.08196721311475,301.5375123219877,-45.57282985683867,2004.3954911242174,-72.24112211750644,127.92107175565891,13.032786885245901,38,71,53.52112676056338,6.664379866971859,0.0,0.8847447955376244,,2.77765608040576,9
35,0.1,0.14,0.6000000000000001,0.30000000000000004,17,10,20000,57514.94998266878,37514.94998266878,187.5747499133439,19.389876456549437,2.306241172572153,2.138334032246977,-4.751447085288987,4.080836029213641,6.9257822000843055,77,77,0,100.0,491.9175322424512,0.0,3202.462630066264,0.0,inf,13.896103896103897,43,71,60.56338028169014,17.392638207179157,0.0,1.5283800316215612,,2.701018670000853,30
40,0.12000000000000001,0.15,0.6000000000000001,0.5,15,15,20000,67272.46472655146,47272.464726551465,236.3623236327573,22.570451558606308,2.3035082637993893,4.195865754883784,-1.6649218802873673,13.556462814165565,8.112367844884256,74,74,0,100.0,644.2806044128575,0.0,4525.475888990442,0.0,inf,16.905405405405407,40,71,56.33802816901409,13.048259240556813,-0.2236442686058493,1.7510678873484553,,1.9037674654522052,2
40,0.11,0.14,0.8,0.5,17,10,20000,49990.12330690042,29990.123306900423,149.95061653450213,16.6139502089667,2.2938269757414402,1.9709465881219108,-4.751447085288987,3.496608488055218,5.909695521050596,58,58,0,100.0,521.6659190844896,0.0,3935.6861387151243,0.0,inf,18.79310344827586,41,71,57.74647887323944,20.1574416698435,-0.06428396962410154,1.3282212443042714,,2.1646459158832467,2
30,0.1,0.13,0.9,0.30000000000000004,11,15,20000,39425.05118536321,19425.051185363212,97.12525592681607,12.060038421005359,2.2929407510471256,4.201371132680942,-1.16151955193665,10.38298356742868,4.134391278751981,58,58,0,100.0,337.9629514717805,0.0,2595.5196683241825,0.0,inf,15.758620689655173,38,71,53.52112676056338,11.087820613814014,0.0,0.9735477775586583,,2.775569578379465,15
30,0.1,0.13,0.9,0.2,11,15,20000,39425.05118536321,19425.051185363212,97.12525592681607,12.060038421005359,2.2929407510471256,4.201371132680942,-1.16151955193665,10.38298356742868,4.134391278751981,58,58,0,100.0,337.9629514717805,0.0,2595.5196683241825,0.0,inf,15.758620689655173,38,71,53.52112676056338,11.087820613814014,0.0,0.9735477775586583,,2.8323288127908777,21
35,0.11,0.13,0.7,0.2,5,25,20000,34468.213712144134,14468.213712144134,72.34106856072067,9.562121900781895,2.2918099905562683,2.069556499457272,-1.58234525834829,6.043006006643068,3.1365838478639727,42,42,0,100.0,348.4122312415268,0.0,1063.769653130941,0.0,inf,16.428571428571427,32,71,45.07042253521127,4.110526259232161,0.0,0.7752838659064366,,2.533827292065931,4
40,0.1,0.12000000000000001,0.5,0.2,23,10,20000,31441.727171272745,11441.727171272745,57.20863585636372,7.8857494819855045,2.287288786437294,1.3397210643909196,-2.4424107285475243,3.228674599982238,2.459970890716221,66,65,1,98.48484848484848,180.06883253785634,-19.6469436879532,615.9871710240577,-19.6469436879532,595.7401976032244,11.303030303030303,36,71,50.70422535211267,3.204730743465034,-0.27699706350418074,0.6424669541866743,,2.5335037838797274,15
35,0.1,0.15,0.9,0.6,13,15,20000,62901.288973129085,42901.288973129085,214.50644486564542,21.196602018346944,2.282408075030178,2.11021363385268,-4.796282793072146,4.419381202660479,7.679063271174913,63,63,0,100.0,684.8522059226843,0.0,4735.388711253798,0.0,inf,22.19047619047619,45,71,63.38028169014085,19.999742101042095,-4.226799535582648,1.6728199337880614,,2.606510665704301,3
40,0.1,0.15,0.5,0.5,15,20,20000,71066.30913588956,51066.30913588956,255.33154567944783,23.7038723713348,2.271309926091875,4.105587399414215,-1.8318610833890778,12.939776157851933,8.651879731471194,109,109,0,100.0,472.54136821917024,0.0,4269.747878796263,0.0,inf,15.577981651376147,48,71,67.6056338028169,13.178597953609295,-0.6837088268921487,1.8299470610577717,,2.2592264017569414,2
35,0.1,0.14,0.6000000000000001,0.2,9,20,20000,56770.036114852715,36770.036114852715,183.85018057426356,19.129035199739477,2.2703892504826846,2.072433369777316,-4.751447085288987,4.0259388048254,6.939088486407356,79,79,0,100.0,469.9194444918063,0.0,3202.462630066264,0.0,inf,13.772151898734178,43,71,60.56338028169014,17.392638207179157,0.0,1.5097210043081117,,2.4422793141406594,6
45,0.1,0.13,0.4,0.2,19,20,20000,31808.118598489436,11808.118598489436,59.04059299244718,8.09566161230466,2.2540070788004583,1.2525957430676553,-2.811242946674595,2.8797445705932234,2.584021996340393,93,93,0,100.0,129.68084514504628,0.0,674.4245128336257,0.0,inf,9.279569892473118,41,71,57.74647887323944,2.979682051118915,-0.5044605051113482,0.658845076971032,,2.658946476580305,8
40,0.1,0.15,0.4,0.1,9,10,20000,70777.70158391073,50777.70158391073,253.8885079195537,23.61944311990363,2.247142877422008,4.951790665665179,-1.705805162589225,13.846506997347754,8.717035771703012,103,103,0,100.0,497.4932192612691,0.0,4598.190023319051,0.0,inf,13.116504854368932,50,71,70.4225352112676,13.785376820024698,0.0,1.8219589393767326,,2.3270951026123754,2
40,0.1,0.15,0.4,0.30000000000000004,15,10,20000,70777.70158391073,50777.70158391073,253.8885079195537,23.61944311990363,2.247142877422008,4.951790665665179,-1.705805162589225,13.846506997347754,8.717035771703012,103,103,0,100.0,497.4932192612691,0.0,4598.190023319051,0.0,inf,13.116504854368932,50,71,70.4225352112676,13.785376820024698,0.0,1.8219589393767326,,1.7559517453212274,11
40,0.1,0.15,0.4,0.5,15,15,20000,70777.70158391073,50777.70158391073,253.8885079195537,23.61944311990363,2.247142877422008,4.951790665665179,-1.705805162589225,13.846506997347754,8.717035771703012,103,103,0,100.0,497.4932192612691,0.0,4598.190023319051,0.0,inf,13.116504854368932,50,71,70.4225352112676,13.785376820024698,0.0,1.8219589393767326,,1.9670039458154505,7
40,0.1,0.15,0.5,0.30000000000000004,21,10,20000,74349.46629092171,54349.466290921715,271.74733145460857,24.644774143367965,2.2334441870681174,3.654579945617958,-2.34584396203487,10.505717576368633,9.157625396291484,96,96,0,100.0,570.9881905304347,0.0,5387.471296417194,0.0,inf,15.229166666666666,50,71,70.4225352112676,13.483514859740842,-1.066399419691022,1.8963373163945136,,1.8264538089331521,6
40,0.1,0.15,0.5,0.6,15,10,20000,74349.46629092171,54349.466290921715,271.74733145460857,24.644774143367965,2.2334441870681174,3.654579945617958,-2.34584396203487,10.505717576368633,9.157625396291484,96,96,0,100.0,570.9881905304347,0.0,5387.471296417194,0.0,inf,15.229166666666666,50,71,70.4225352112676,13.483514859740842,-1.066399419691022,1.8963373163945136,,2.000609435571407,5
45,0.1,0.14,0.6000000000000001,0.2,11,10,20000,55601.752525765885,35601.752525765885,178.00876262882943,18.71415041173656,2.231732015516459,1.9514549216361963,-5.328837557180268,3.5118635557806486,6.902503715783735,84,84,0,100.0,427.5756253067373,0.0,2629.028204499608,0.0,inf,17.86904761904762,50,71,70.4225352112676,13.432153949532633,-0.015379909058932384,1.4720388367276238,,2.1927681879578755,13
30,0.1,0.13,0.9,0.1,11,25,20000,36204.340089070916,16204.340089070916,81.02170044535458,10.46917044989173,2.205672780838405,3.6304330424999214,-0.925598610599562,11.310702425439318,3.640643501785787,50,50,0,100.0,326.9728017814179,0.0,2004.3954911242174,0.0,inf,15.26,35,71,49.29577464788733,5.838160156623529,0.0,0.8476684484151387,,2.8545553978150062,7
40,0.11,0.15,0.5,0.5,19,10,20000,70455.93329816294,50455.93329816294,252.27966649081472,23.524974571083803,2.2048733938278633,3.7515162925321808,-2.0822752430794407,11.297725720588756,8.854205565999186,79,79,0,100.0,643.9485227615558,0.0,4598.190023319051,0.0,inf,16.734177215189874,44,71,61.97183098591549,13.599712541128728,-0.6678148026689534,1.8197053550810163,,1.814855013875683,5
35,0.1,0.14,0.5,0.30000000000000004,17,10,20000,55293.801105484636,35293.801105484636,176.46900552742318,18.603582282516463,2.2043832898490927,2.1320447762750026,-4.751447085288987,3.9153508286170835,6.946193777073311,85,85,0,100.0,419.8094247704074,0.0,3202.462630066264,0.0,inf,12.08235294117647,43,71,60.56338028169014,17.137689421671286,0.0,1.471361076171539,,2.5861410840658805,38
40,0.1,0.14,0.4,0.5,15,10,20000,54947.72040584832,34947.72040584832,174.73860202924158,18.478710792119536,2.1995414520770074,2.1362836225645845,-4.751447085288987,3.8890701002083548,6.913299177904049,106,106,0,100.0,333.5341547721541,0.0,3202.462630066264,0.0,inf,11.10377358490566,45,71,63.38028169014085,17.05688028848613,-0.06931914562289254,1.4647067817559571,,2.1442267490566893,8
35,0.1,0.15,0.8,0.2,15,20,20000,62468.04313884547,42468.04313884547,212.34021569422734,21.05614479403941,2.1989903042414314,2.2493553905962065,-4.688342146153704,4.491170682010439,7.925823348774852,78,77,1,98.71794871794873,555.5250898891898,-3.1887826221227735,4324.601509080883,-3.1887826221227735,13414.345532588231,19.743589743589745,44,71,61.97183098591549,18.413040001435043,-4.131675145310165,1.662063861793576,,2.763283953674321,20
30,0.1,0.14,0.2,0.6,9,20,20000,36018.081761263515,16018.081761263515,80.09040880631757,10.373614351106841,2.1986419703331896,3.9347099058015713,-1.0080396519679278,10.290879263385259,3.612542584879408,119,119,0,100.0,137.36959463246566,0.0,1253.4087442533498,0.0,inf,5.420168067226891,37,71,52.112676056338024,5.3969566489654675,-0.4863945755804622,0.8402474497225401,,2.1986419703331896,1
40,0.1,0.11,0.8,0.4,11,10,20000,31385.762963503472,11385.762963503472,56.928814817517356,7.8535075878099825,2.1923716380665317,1.3150377053858837,-2.620619319855153,2.996813588416978,2.55390556012222,59,58,1,98.30508474576271,200.94010480221854,-3.5631150252044126,531.6341210928623,-3.5631150252044126,3270.881236246384,16.779661016949152,40,71,56.33802816901409,2.6460337689687696,-0.43091914989237257,0.6396714897114872,,2.1923716380665317,1
35,0.11,0.12000000000000001,0.5,0.1,19,10,20000,30351.58404759665,10351.58404759665,51.75792023798326,7.248914596378531,2.1816480987558577,1.967444443462224,-1.0233661668911957,7.083402628405669,2.3057287531463992,58,53,5,91.37931034482759,203.1415250140994,-11.223355630128491,809.8441401765724,-28.78195495679067,191.85885541834168,11.10344827586207,33,71,46.478873239436616,3.148702603953679,-0.35565053280091075,0.5926123465961047,,2.6982625995440803,26
30,0.1,0.11,0.8,0.1,17,15,20000,28089.377145093706,8089.377145093706,40.446885725468526,5.864179621841004,2.1792728592890285,1.7546002915563856,-1.336721712349804,4.3869861375502355,1.7058985546145249,44,43,1,97.72727272727273,193.36247888108085,-48.40944679275837,370.40376422601804,-48.40944679275837,171.755455654789,10.818181818181818,29,71,40.845070422535215,3.364809787320011,-0.23808404006411266,0.48228220349555656,,2.590977653781035,3
30,0.12000000000000001,0.14,0.8,0.1,11,10,20000,30672.30896500392,10672.308965003918,53.36154482501959,7.438224491568368,2.1455391893836344,1.7250739785247555,-1.5675975333801124,4.744983538937951,2.4281356704533055,42,42,0,100.0,257.97164202390286,0.0,837.6709029863199,0.0,inf,12.166666666666666,26,71,36.61971830985916,5.18924145367321,-0.7918917282009219,0.6110089848782168,,2.3359861010943037,5
40,0.12000000000000001,0.15,0.8,0.30000000000000004,21,10,20000,79076.53624383571,59076.53624383571,295.38268121917855,25.940499081062953,2.1189055748649115,5.238309740192262,-2.1663121857138266,11.974497144101711,10.182894908211164,66,66,0,100.0,901.6975188459968,0.0,5387.471296417194,0.0,inf,20.560606060606062,40,71,56.33802816901409,14.95354437997034,0.0,1.9958342901197892,,2.1189055748649115,1
30,0.1,0.11,0.8,0.1,5,25,20000,27577.301369862125,7577.301369862125,37.88650684931063,5.537899444063288,2.1139557895124055,1.5388632048121944,-1.0899749736254307,5.080758345894265,1.6117195031106128,33,33,0,100.0,233.35761726854986,0.0,437.0711520623234,0.0,inf,13.636363636363637,25,71,35.2112676056338,3.663892334691843,0.0,0.4566064121673337,,2.5864451258592043,14
30,0.1,0.11,0.8,0.2,7,25,20000,27577.301369862125,7577.301369862125,37.88650684931063,5.537899444063288,2.1139557895124055,1.5388632048121944,-1.0899749736254307,5.080758345894265,1.6117195031106128,33,33,0,100.0,233.35761726854986,0.0,437.0711520623234,0.0,inf,13.636363636363637,25,71,35.2112676056338,3.663892334691843,0.0,0.4566064121673337,,2.666834427295658,17
40,0.11,0.15,0.4,0.2,19,10,20000,74759.96008957496,54759.96008957496,273.7998004478748,24.75997027257626,2.0775155669552836,4.653370660765908,-2.167376779470053,11.42393445713225,9.92210529483462,75,75,0,100.0,736.4074678610004,0.0,4598.190023319051,0.0,inf,14.613333333333333,45,71,63.38028169014085,15.014049223506154,0.0,1.9119321450270241,,1.5565721860961665,14
40,0.1,0.11,0.7,0.30000000000000004,17,10,20000,31351.798306380322,11351.798306380322,56.758991531901614,7.833916656796469,2.0657451350420204,1.2601858867042013,-2.5903412160968906,3.024279816155095,2.703532463389487,60,58,2,96.66666666666667,200.5030997441849,-0.8907393911986078,531.6341210928623,-1.3855771129300587,6527.823906784971,14.633333333333333,37,71,52.112676056338024,3.215946399174019,-0.43453442713385915,0.6385562155451469,,2.29345496108227,6
40,0.13,0.15,0.5,0.7000000000000001,11,15,20000,60543.56918738916,40543.56918738916,202.71784593694582,20.42226154754283,2.0608674029591523,4.319840723933417,-1.679241459457995,12.16159917474553,8.211910793539259,67,66,1,98.50746268656717,621.2742161684025,-0.3290797253970834,4525.475888990442,-0.3290797253970834,124602.32309248786,15.880597014925373,36,71,50.70422535211267,12.825818390690324,-0.6707988597198233,1.5991492903450522,,2.0608674029591523,1
40,0.13,0.15,0.5,0.4,19,10,20000,60535.25398331488,40535.25398331488,202.67626991657437,20.419486521261,2.060568934417908,4.308702575324633,-1.679241459457995,12.159946627241894,8.211983142505517,67,65,2,97.01492537313433,630.7692887440596,-2.274892524498296,4525.475888990442,-4.220705323599508,9011.41555630326,15.865671641791044,36,71,50.70422535211267,12.825818390690324,-0.6707988597198233,1.5989526697200058,,1.825794532779187,5
35,0.1,0.13,0.4,0.6,21,15,20000,42247.20712190958,22247.20712190958,111.23603560954791,13.367448996652076,2.0458684146563715,3.5323121473572665,-1.4952163246542232,8.940143828180428,5.224866309851104,93,90,3,96.7741935483871,252.26355455081955,-22.170929221394356,2786.7453284418325,-46.050579686346325,341.34368302532664,8.96774193548387,42,71,59.154929577464785,8.711408608494708,-0.15432909222269364,1.0709835766351479,,2.007626289233996,2
30,0.1,0.11,0.9,0.2,7,25,20000,27249.59152510016,7249.591525100161,36.2479576255008,5.3264363314763585,2.040493365183256,1.464358342905638,-1.0899749736254307,4.886751035906615,1.571048800268772,30,30,0,100.0,245.42305083667307,0.0,513.7627789435265,0.0,inf,16.133333333333333,24,71,33.80281690140845,3.364846283609224,0.0,0.43943949463756504,,2.6147074189947617,15
35,0.12000000000000001,0.14,0.30000000000000004,0.9,17,10,20000,43457.46586001945,23457.465860019453,117.28732930009727,13.905943140021005,2.040346912795702,1.518175998254836,-4.751447085288987,2.9266753665584035,5.479592259424054,87,87,0,100.0,274.87087195424704,0.0,1679.4380211287787,0.0,inf,9.0,35,71,49.29577464788733,9.3826078772826,-0.5230926001998037,1.1116289063749123,,2.040346912795702,1
35,0.12000000000000001,0.14,0.30000000000000004,0.30000000000000004,7,20,20000,43457.46586001945,23457.465860019453,117.28732930009727,13.905943140021005,2.040346912795702,1.518175998254836,-4.751447085288987,2.9266753665584035,5.479592259424054,87,87,0,100.0,274.87087195424704,0.0,1679.4380211287787,0.0,inf,9.0,35,71,49.29577464788733,9.3826078772826,-0.5230926001998037,1.1116289063749123,,2.040346912795702,1
40,0.11,0.14,0.6000000000000001,0.2,17,15,20000,52479.63904961207,32479.639049612073,162.39819524806038,17.56869550604625,2.039444951128747,1.7984820777687234,-4.751447085288987,3.6975462823611993,7.0825022563543465,70,69,1,98.57142857142858,475.28200431067745,-5.419247824629085,3202.462630066264,-5.419247824629085,6051.477872702993,15.528571428571428,41,71,57.74647887323944,15.862813150331334,-0.5827934692539505,1.3955314924782989,,2.4727853078737807,46
35,0.12000000000000001,0.15,0.5,0.4,7,20,20000,64484.93381356875,44484.93381356875,222.42466906784375,21.703260073135944,2.03824726045496,2.061944993635413,-4.815483065524926,4.506974643626976,8.84861226498855,64,64,0,100.0,699.8708408370118,0.0,4598.190023319051,0.0,inf,14.125,39,71,54.929577464788736,17.294216065618006,-4.243720077216196,1.7059741510959252,,2.3213918332483834,5
35,0.11,0.15,0.9,0.4,17,15,20000,67920.48856382283,47920.48856382283,239.60244281911415,22.767755587755325,2.035464856025053,2.447299746015721,-4.688054581869233,4.85654661014576,9.30650590272681,62,62,0,100.0,777.64981554553,0.0,4598.190023319051,0.0,inf,21.048387096774192,40,71,56.33802816901409,17.626871981991155,-4.131421724768359,1.7895602313129888,,2.7071833424356315,13
35,0.11,0.15,0.9,0.2,17,20,20000,67920.48856382283,47920.48856382283,239.60244281911415,22.767755587755325,2.035464856025053,2.447299746015721,-4.688054581869233,4.85654661014576,9.30650590272681,62,62,0,100.0,777.64981554553,0.0,4598.190023319051,0.0,inf,21.048387096774192,40,71,56.33802816901409,17.626871981991155,-4.131421724768359,1.7895602313129888,,2.620396085452022,12
40,0.12000000000000001,0.14,0.6000000000000001,0.30000000000000004,19,10,20000,44931.93918749615,24931.93918749615,124.65969593748076,14.545383667176836,1.9976337891360687,1.6149718761467324,-4.751447085288987,3.0612534257639057,5.888287077118802,64,63,1,98.4375,400.77794691747124,-1.1714683044946483,3202.462630066264,-1.1714683044946483,21553.302431594755,15.75,37,71,52.112676056338024,15.869313150331333,-0.2933580841489536,1.167249591521488,,2.2546244769472756,14
35,0.1,0.11,0.5,0.30000000000000004,15,15,20000,28618.83606492842,8618.836064928419,43.094180324642096,6.196371541446277,1.9959528528046382,1.5923018472136876,-1.0946433353248357,5.660630583026847,2.0226318192383514,63,60,3,95.23809523809523,149.84380698084982,-2.16411797418979,524.8910412216491,-3.787319291706286,1384.8025733157997,9.857142857142858,36,71,50.70422535211267,2.5054108225028626,-0.4639524917709137,0.5082725440774063,,2.2194618999789517,13
40,0.12000000000000001,0.14,0.5,0.30000000000000004,13,10,20000,48583.64420143733,28583.64420143733,142.91822100718665,16.05692710472555,1.9854508410820344,1.6508406896592192,-4.751447085288987,3.379376180877526,6.6074551993327315,67,67,0,100.0,432.55886867817026,0.0,3202.462630066264,0.0,inf,14.059701492537313,37,71,52.112676056338024,15.869313150331333,-0.46656818503449937,1.2827922774923284,,2.2663915374748123,11
30,0.12000000000000001,0.14,0.6000000000000001,0.5,7,15,20000,30243.30393754563,10243.303937545628,51.216519687728145,7.184625625376739,1.9853156832491703,1.5563284758352542,-1.5781429241304687,4.552582352029587,2.505902893792001,47,47,0,100.0,221.87029654352375,0.0,646.9341620254955,0.0,inf,9.574468085106384,26,71,36.61971830985916,4.683756263400052,-0.797224661099627,0.5900698438397057,,2.4545935750082006,6
30,0.12000000000000001,0.13,0.8,0.30000000000000004,15,15,20000,30425.346185944654,10425.346185944654,52.12673092972327,7.2926000546001735,1.9758414556942987,1.8742257614744033,-0.9960189596705258,7.321748229584405,2.5697217940898596,45,44,1,97.77777777777777,244.4212751941108,-61.389922596226164,899.8965393267222,-61.389922596226164,175.18406366588238,11.644444444444444,27,71,38.028169014084504,5.120132900787278,-0.8643210679463165,0.5987180987035408,,2.486170324971125,4
35,0.1,0.14,0.30000000000000004,0.5,19,10,20000,48354.61121898567,28354.611218985672,141.77305609492836,15.964953509140244,1.9693841638116203,1.7674015388664248,-4.751447085288987,3.3600192157394595,6.620213963525358,108,108,0,100.0,266.75565943505234,0.0,2929.984333440456,0.0,inf,8.666666666666666,42,71,59.154929577464785,10.268324691480224,-0.2822452349292126,1.2686327643928386,,2.265798990826219,3
40,0.12000000000000001,0.14,0.5,0.4,19,10,20000,48293.585499671615,28293.585499671615,141.46792749835808,15.940386031790066,1.968433811569322,1.6458354382632023,-4.751447085288987,3.35484869044281,6.613678488220086,70,70,0,100.0,409.7840785667388,0.0,3202.462630066264,0.0,inf,13.842857142857143,37,71,52.112676056338024,15.869313150331333,-0.46656818503449937,1.2740968561356714,,2.1861077925716446,16
30,0.12000000000000001,0.15,0.9,0.2,5,15,20000,35082.985616691774,15082.985616691774,75.41492808345888,9.887573170912978,1.9643888674253756,3.3533708919997274,-0.9083970133827668,10.884638572393346,3.8222540902373265,32,32,0,100.0,475.283925521618,0.0,2747.932343698766,0.0,inf,15.0625,25,71,35.2112676056338,13.165732231746286,-0.6310935067051493,0.812562844906253,,2.1037740809679244,3
30,0.12000000000000001,0.15,0.9,0.2,5,25,20000,35082.985616691774,15082.985616691774,75.41492808345888,9.887573170912978,1.9643888674253756,3.3533708919997274,-0.9083970133827668,10.884638572393346,3.8222540902373265,32,32,0,100.0,475.283925521618,0.0,2747.932343698766,0.0,inf,15.0625,25,71,35.2112676056338,13.165732231746286,-0.6310935067051493,0.812562844906253,,1.7196251145093728,2
35,0.1,0.15,0.4,0.7000000000000001,5,10,20000,56439.44433250679,36439.44433250679,182.19722166253396,19.012360696775097,1.9616949974694287,2.3864258052958007,-4.78256832313782,3.9753453400329426,8.018303051572559,95,95,0,100.0,387.58257192112353,0.0,3941.3057342734724,0.0,inf,10.557894736842105,40,71,56.33802816901409,13.86496946923419,-4.214713443571361,1.5059268237562944,,2.258972674727247,2
35,0.12000000000000001,0.14,0.4,0.2,11,15,20000,51108.19093224304,31108.190932243037,155.54095466121518,17.047520064347864,1.9616155634912584,1.9368231315268543,-4.751447085288987,3.587858553056162,7.138400722875378,75,74,1,98.66666666666667,426.68424147097375,-2.3429366089892967,3202.462630066264,-2.3429366089892967,13476.520767872085,10.533333333333333,37,71,52.112676056338024,15.869313150331333,-0.48682569265999787,1.357401896752372,,1.9125315053337513,5
30,0.12000000000000001,0.15,0.5,0.6,9,15,20000,37170.522171602905,17170.522171602905,85.85261085801451,10.958383853818932,1.9542003323305897,3.6238393735352283,-0.897520636957246,12.209617698563227,4.3492579899652055,46,46,0,100.0,376.9743950348459,0.0,2180.9391549882475,0.0,inf,9.73913043478261,25,71,35.2112676056338,13.19581246494057,-0.6235283628026278,0.8981088553399036,,2.4657930300482294,5
30,0.12000000000000001,0.13,0.8,0.2,19,20,20000,30498.676055997646,10498.676055997646,52.49338027998823,7.335942223004888,1.9535780299670182,2.1049733370195813,-1.0001844891862628,7.3345890706356744,2.620344988099552,52,51,1,98.07692307692307,212.38787209287344,-10.705420738870147,833.6782855999303,-10.705420738870147,1011.8034350025681,10.326923076923077,27,71,38.028169014084504,4.358866257434935,-0.8679392074374959,0.6015514482508701,,2.156437257350555,2
30,0.12000000000000001,0.15,0.5,0.7000000000000001,15,20,20000,37161.35247239065,17161.352472390652,85.80676236195326,10.953790903539517,1.95321178897453,3.621914887724258,-0.897520636957246,12.204500322883726,4.349339417376806,46,46,0,100.0,376.7750537476231,0.0,2180.9391549882475,0.0,inf,9.717391304347826,25,71,35.2112676056338,13.19581246494057,-0.6235283628026278,0.8977488393731429,,1.95321178897453,1
40,0.11,0.12000000000000001,0.5,0.30000000000000004,17,10,20000,29334.866500116234,9334.866500116234,46.674332500581166,6.6375794498101826,1.9486579474044727,1.5312471780616475,-1.2884024727951922,5.151790368276722,2.2875757406325543,59,58,1,98.30508474576271,166.41374243600808,-3.8305611722797277,676.3555737426829,-3.8305611722797277,2519.7344794115793,12.203389830508474,34,71,47.88732394366197,2.976098115071335,-0.13783052102458448,0.5437077669938403,,2.5904378752410957,48
35,0.1,0.15,0.4,0.30000000000000004,17,15,20000,55761.28488847745,35761.28488847745,178.80642444238725,18.77122929986701,1.9336089596658907,2.3709018842793985,-4.78256832313782,3.9249265314314,8.030059094218057,95,95,0,100.0,380.4166830366045,0.0,3941.3057342734724,0.0,inf,10.157894736842104,40,71,56.33802816901409,13.86496946923419,-4.214713443571361,1.4883669377273654,,1.8748938706374376,9
30,0.12000000000000001,0.14,0.8,0.30000000000000004,15,20,20000,29414.049705260917,9414.049705260917,47.07024852630459,6.68581892508453,1.9265184149717163,1.5114872988361245,-1.5675975333801124,4.265009852795773,2.337943196787576,45,44,1,97.77777777777777,217.99826588920934,-12.773993864302607,837.6709029863199,-12.773993864302607,750.8946537018616,10.511111111111111,26,71,36.61971830985916,5.3639257070763335,-0.7918917282009219,0.5509430363265444,,2.5604450599502266,11
45,0.11,0.14,0.2,0.5,13,15,20000,41068.71089293294,21068.71089293294,105.3435544646647,12.830605325325607,1.9193084917800587,1.2203289542942675,-5.328837557180268,2.4077681459884595,5.326727896813644,120,119,1,99.16666666666667,180.72273609509566,-0.4947023835357378,1006.6881675494005,-0.4947023835357378,43472.613658354785,8.408333333333333,44,71,61.97183098591549,5.630240572205536,-0.25029247801388044,1.027826827333826,,2.1248421975893423,2
30,0.12000000000000001,0.14,0.9,0.2,9,20,20000,30625.46618961494,10625.466189614941,53.1273309480747,7.410678288972883,1.89717554890554,1.1936798817333936,-1.666814245425937,4.446013291108609,2.736670832837279,42,42,0,100.0,256.639671181308,0.0,907.0603095494605,0.0,inf,14.761904761904763,26,71,36.61971830985916,4.953343419517053,-0.7894728298796116,0.6083029869333058,,2.495470215651884,15
40,0.11,0.12000000000000001,0.6000000000000001,0.4,19,15,20000,29763.665142145568,9763.665142145568,48.81832571072784,6.897525970756568,1.8961230686440866,1.5005997464213694,-1.8738682818799133,3.6809022477485938,2.4819150414283007,54,53,1,98.14814814814815,190.17893658510962,-5.118496865271021,676.3555737426829,-5.118496865271021,1969.227275960656,14.037037037037036,35,71,49.29577464788733,2.7741810896625863,-0.13621559378345083,0.5644287133167718,,2.452993741090127,22
35,0.1,0.14,0.7,0.5,13,15,20000,65590.11874068363,45590.118740683625,227.95059370341812,22.05074299508649,1.8878542183108649,2.4049779114056324,-4.751447085288987,4.640847851038489,9.741386397066554,66,66,0,100.0,696.6684657679344,0.0,7353.714522287037,0.0,inf,15.545454545454545,45,71,63.38028169014085,18.04905914446966,0.0,1.7308809847625564,,2.3878528785320103,3
35,0.1,0.14,0.7,0.2,13,15,20000,65590.11874068363,45590.118740683625,227.95059370341812,22.05074299508649,1.8878542183108649,2.4049779114056324,-4.751447085288987,4.640847851038489,9.741386397066554,66,66,0,100.0,696.6684657679344,0.0,7353.714522287037,0.0,inf,15.545454545454545,45,71,63.38028169014085,18.04905914446966,0.0,1.7308809847625564,,2.2814439256820367,19
30,0.12000000000000001,0.13,0.8,0.1,5,20,20000,31375.127541439568,11375.127541439568,56.87563770719783,7.847374937994034,1.8860801629166124,1.4033406218076518,-1.747935592606988,4.489510352203501,2.9715724559515047,41,41,0,100.0,283.8787205229164,0.0,899.8965393267222,0.0,inf,12.731707317073171,27,71,38.028169014084504,5.120132900787278,-0.8643210679463165,0.6427799255809467,,1.7398825742992514,11
35,0.1,0.13,0.9,0.2,5,20,20000,55393.27000809211,35393.27000809211,176.96635004046058,18.639351911811943,1.8438039712082321,4.883640103467376,-1.547276423007698,12.046555893083111,8.371387567541994,61,60,1,98.36065573770492,595.3277952642391,-0.0977077621784439,5109.0331021433585,-0.0977077621784439,365576.5613648938,19.983606557377048,46,71,64.7887323943662,14.914624743616445,-0.1211486767996095,1.473637138236326,,2.716408819221305,18
30,0.13,0.15,0.8,0.1,11,15,20000,32070.538798865135,12070.538798865135,60.35269399432567,8.244773464374555,1.8276499393887704,1.1847231913668683,-4.556662038840519,1.8093888451890778,3.273166537948633,30,28,2,93.33333333333333,467.9590053489307,-449.85667545247827,1833.6842133059154,-898.0447407660032,14.563363027336262,15.4,22,71,30.985915492957744,9.298379055180984,-4.317108725236984,0.6817271896798823,,1.8302019141996497,6
45,0.13,0.15,0.7,0.1,17,10,20000,76861.74536803545,56861.74536803545,284.30872684017726,25.341673078338147,1.8235424826966693,1.4983049199286043,-11.071401455668806,2.288930916271909,11.658169795312675,61,59,2,96.72131147540983,1024.727840473085,-1537.2986099382795,5414.572504920872,-3057.0567598440657,19.66402044373779,20.83606557377049,42,71,59.154929577464785,25.01129601811105,-9.466296453959055,1.9899263063616135,,1.8110737712459233,2
35,0.12000000000000001,0.14,0.9,0.1,9,20,20000,45199.904593601925,25199.904593601925,125.99952296800963,14.65971271782729,1.8196063647523368,0.8812396570285758,-8.869950127244742,1.6527390241799491,6.543505251220402,45,44,1,97.77777777777777,613.0748298879939,-1528.3879214697931,1960.9905392765434,-1528.3879214697931,17.649506474201008,21.288888888888888,39,71,54.929577464788736,7.84564409963695,-7.7914396073489485,1.1747766959465327,,2.511086223799429,11
30,0.12000000000000001,0.13,0.7,0.1,9,15,20000,30632.832757422584,10632.832757422584,53.16416378711292,7.415012570183177,1.819286022448836,1.3065808091785742,-1.7405220802515948,4.260223213664331,2.8578577511289116,45,45,0,100.0,242.5251723871683,0.0,899.8965393267222,0.0,inf,10.933333333333334,27,71,38.028169014084504,5.120946998845066,-0.8644573064836125,0.6082989433897366,,2.491158987451251,5
45,0.11,0.15,0.5,0.7000000000000001,13,10,20000,90349.8853624228,70349.8853624228,351.74942681211405,28.7882662574519,1.8188919941848805,2.3745566666261895,-7.011787678636523,4.105695662343547,13.2769523868926,81,81,0,100.0,874.8084612644793,0.0,7647.619959964109,0.0,inf,17.85185185185185,49,71,69.01408450704226,16.930547258151442,-0.21669491857971845,2.211620201855845,,2.026168090626499,2
30,0.12000000000000001,0.14,0.9,0.4,7,20,20000,29822.892192342693,9822.892192342693,49.11446096171347,6.9331852561985485,1.8115971142601837,1.2249215822588224,-1.666814245425937,4.159542837616465,2.618022013081836,40,40,0,100.0,249.34230480856726,0.0,907.0603095494605,0.0,inf,13.65,26,71,36.61971830985916,4.953343419517053,-0.7894728298796116,0.5700668441035701,,2.4141356271900776,6
40,0.1,0.11,0.6000000000000001,0.4,15,10,20000,29776.85041021327,9776.850410213268,48.88425205106634,6.905469633067907,1.7993617814901355,1.0681250486475036,-2.6261011501085347,2.62955203868766,2.621532858143755,61,60,1,98.36065573770492,167.48243853137885,-0.3959016694671569,531.6341210928623,-0.3959016694671569,25382.429746779257,13.60655737704918,35,71,49.29577464788733,2.5736784404205792,-0.4482103426608597,0.5651282157551338,,2.0872149182360387,8
40,0.14,0.15,0.6000000000000001,0.1,15,10,20000,65222.905508300726,45222.905508300726,226.11452754150366,21.935831101302107,1.7986050597951773,4.104679476822402,-1.8887430575112458,11.613983709465732,10.200225972054486,44,43,1,97.72727272727273,1068.0769481289333,-1.1032612433765387,5985.32729873047,-1.1032612433765387,41628.679558237076,18.863636363636363,35,71,49.29577464788733,12.736562114422266,0.0,1.716628575389763,,1.8110737712459233,2
30,0.14,0.15,0.6000000000000001,0.4,5,10,20000,40278.317229894674,20278.317229894674,101.39158614947337,12.463327130973934,1.7983284185666855,1.3837107041202323,-3.1256865509375906,3.987388667374659,5.507783487474961,38,38,0,100.0,541.7820323656504,0.0,2610.0344361925863,0.0,inf,12.394736842105264,21,71,29.577464788732392,12.312636700061464,-0.28729574236470157,1.0175605266098977,,1.7983284185666855,1
30,0.14,0.15,0.6000000000000001,0.4,5,20,20000,40278.317229894674,20278.317229894674,101.39158614947337,12.463327130973934,1.7983284185666855,1.3837107041202323,-3.1256865509375906,3.987388667374659,5.507783487474961,38,38,0,100.0,541.7820323656504,0.0,2610.0344361925863,0.0,inf,12.394736842105264,21,71,29.577464788732392,12.312636700061464,-0.28729574236470157,1.0175605266098977,,1.7983284185666855,1
45,0.1,0.15,0.6000000000000001,0.1,15,10,20000,75383.84504793839,55383.84504793839,276.91922523969197,24.934046020263967,1.7940746484535826,1.5374172637761603,-11.244793314075268,2.2173858890810973,11.667137694411043,90,89,1,98.88888888888889,662.6114218198996,-3155.6714940325833,5414.572504920872,-3155.6714940325833,18.687755253830666,18.5,49,71,69.01408450704226,24.77526800278509,-9.658205780276418,1.962914514204981,,1.4174555734311924,9
35,0.1,0.14,0.4,0.30000000000000004,19,15,20000,63141.58253721071,43141.58253721071,215.70791268605353,21.27415782927029,1.7842691199564125,2.473698483091735,-4.751447085288987,4.477406029657253,9.959610408101677,95,95,0,100.0,459.8145530232717,0.0,7353.714522287037,0.0,inf,10.48421052631579,43,71,60.56338028169014,17.587565252577008,-0.29749845810566056,1.6761662296182804,,2.652397310824295,27
30,0.13,0.15,0.9,0.8,19,15,20000,37257.738499440435,17257.738499440435,86.28869249720216,11.00202199456648,1.7591191328034328,2.2127034589332646,-3.009754059888174,3.6554554876072682,4.867222768682502,44,38,6,86.36363636363636,461.49203642419707,-13.99314744650961,2180.9391549882475,-47.53753270685318,208.87244335314242,12.295454545454545,22,71,30.985915492957744,13.377477067254562,-0.1996950980759693,0.9018430516359185,,1.7591191328034328,1
30,0.13,0.15,0.6000000000000001,0.4,9,25,20000,38432.86070887103,18432.860708871027,92.16430354435514,11.581850159532392,1.7501974398614655,1.3663098362689372,-3.191234419138548,3.629269629981878,5.199943013729337,43,41,2,95.34883720930233,454.88284466994577,-6.617961298369455,2610.0344361925863,-11.567312457785619,1409.0590584190063,11.953488372093023,22,71,30.985915492957744,12.579589952207693,-0.1831952293947614,0.946654632032925,,1.8942223501582127,2
30,0.14,0.15,0.9,0.1,13,15,20000,32582.69186937337,12582.691869373371,62.913459346866865,8.532886899941294,1.7488986159632063,1.0991478527928196,-4.720385169830981,1.807667508676379,3.5784814069747366,32,30,2,93.75,455.59846433166354,-449.03103028826985,1833.6842133059154,-898.0447407660032,15.219386866399105,16.09375,21,71,29.577464788732392,9.949494779054824,-4.460541806145302,0.7069158469640194,,1.066035323088928,4
40,0.1,0.11,0.6000000000000001,0.1,17,15,20000,29510.58661891192,9510.586618911919,47.5529330945596,6.744484531848172,1.7478214155076295,1.0107823960295972,-2.703410315335704,2.4948060949492437,2.6124107061641078,62,59,3,95.16129032258065,167.92546216993978,-40.471883038179676,531.6341210928623,-119.63417033214182,81.60070254765908,13.225806451612904,35,71,49.29577464788733,2.650181901027726,-0.45170297388106295,0.5524292908132227,,2.0776163831470402,11
35,0.12000000000000001,0.15,0.6000000000000001,0.4,21,10,20000,69282.54779714164,49282.54779714164,246.41273898570822,23.177407542845142,1.7401599414041462,2.2828035157452904,-4.64058872006425,4.99449723752383,11.174462326878402,59,58,1,98.30508474576271,857.4086610089728,-23.35454137881676,4763.950099367358,-23.35454137881676,2129.337567879911,14.728813559322035,39,71,54.929577464788736,18.804772783212485,-4.089591688615557,1.816129497626954,,1.9943339740710617,5
30,0.14,0.15,0.9,0.30000000000000004,13,15,20000,38873.45547661125,18873.45547661125,94.36727738305625,11.795448842307167,1.7389919831092249,1.2977135547674497,-3.2669861168755068,3.6104986125830694,5.347895680449927,34,34,0,100.0,561.525161076802,0.0,2747.932343698766,0.0,inf,16.08823529411765,23,71,32.3943661971831,12.888562990232888,-0.18718105518954475,0.9674334470962249,,1.6406669049568174,2
40,0.1,0.14,0.6000000000000001,0.30000000000000004,15,15,20000,60964.94920957278,40964.94920957278,204.82474604786387,20.56247479634299,1.731266654603762,2.252701522437594,-4.751447085288987,4.327623653856257,9.922574721228992,79,79,0,100.0,523.0854330325677,0.0,7686.425709915308,0.0,inf,16.31645569620253,45,71,63.38028169014085,18.72434645575305,-0.06437957991395349,1.6272847839943672,,2.603832341264514,30
35,0.11,0.15,0.9,0.6,21,20,20000,66391.70722315481,46391.70722315481,231.95853611577405,22.299735530581334,1.7251422398709935,2.321589780730293,-4.67162453645461,4.773443447042311,10.835112351302966,69,69,0,100.0,676.6580756978971,0.0,4763.950099367358,0.0,inf,18.840579710144926,40,71,56.33802816901409,18.921491082234287,-4.116942489217779,1.7562750664904911,,1.7251422398709935,1
40,0.1,0.14,0.6000000000000001,0.2,19,10,20000,60398.038583918016,40398.038583918016,201.99019291959007,20.373647866269295,1.717379056404806,2.2321300368184245,-4.751447085288987,4.287882723002092,9.910749882612881,80,80,0,100.0,509.42798229897636,0.0,7686.425709915308,0.0,inf,16.025,45,71,63.38028169014085,18.72434645575305,-0.06490704820651949,1.6138927477953806,,2.5383202758891645,34
40,0.11,0.12000000000000001,0.4,0.30000000000000004,23,10,20000,28108.405021154424,8108.405021154424,40.54202510577212,5.876207955462576,1.7109804180855919,1.4191615380350366,-1.375520297310784,4.271989273405036,2.1848391414838217,62,60,2,96.7741935483871,140.71512264415745,-4.751168747528515,676.3555737426829,-7.6264977335766755,888.5084709989849,10.016129032258064,32,71,45.07042253521127,3.292528896313507,-0.14400631273119302,0.4829955874541393,,2.484396739924854,8
40,0.11,0.14,0.8,0.30000000000000004,13,10,20000,75789.53214615727,55789.532146157275,278.94766073078637,25.04659819356656,1.7085175924528222,2.6881065583374797,-4.751447085288987,5.2713621227338585,12.334412603452314,66,66,0,100.0,851.6974567599593,0.0,9981.604875572479,0.0,inf,19.696969696969695,41,71,57.74647887323944,25.069220531952908,-0.25076759125670645,1.9702543941858326,,2.4093365868085113,4
35,0.1,0.15,0.9,0.1,11,15,20000,56856.10900095341,36856.10900095341,184.28054500476705,19.15931978290415,1.7031280975222516,1.419317948451492,-7.584304889019225,2.52618006043554,9.372190017719102,74,73,1,98.64864864864865,534.2398626413783,-1902.9009718671657,4187.735503833271,-1902.9009718671657,20.49476591236037,21.41891891891892,45,71,63.38028169014085,14.65355934492587,-7.458332763130871,1.5210326135730596,,2.8734294496710544,17
40,0.1,0.14,0.6000000000000001,0.30000000000000004,21,15,20000,59388.98095296183,39388.98095296183,196.94490476480914,20.03387018486047,1.6879063816090398,2.204159653226176,-4.751447085288987,4.216372365144837,9.916337188616078,80,79,1,98.75,503.7585246422832,-53.042493778457896,7686.425709915308,-53.042493778457896,750.2837934611413,16.05,45,71,63.38028169014085,18.75652728660706,-0.0660765888221726,1.5898454974855634,,2.7573789574107863,18
45,0.1,0.15,0.4,0.2,13,15,20000,68880.45896518075,48880.45896518075,244.40229482590374,23.05717803000502,1.6865965774330103,1.39124119860773,-11.338497041784414,2.0335303651828935,11.499519598672583,106,105,1,99.05660377358491,501.34995422287517,-3254.2862282211017,5801.327683843791,-3254.2862282211017,16.176126345892314,12.584905660377359,47,71,66.19718309859155,25.548928247488867,-9.685573034745687,1.8325809421846821,,1.5950842613377278,10
40,0.14,0.15,0.4,0.6,19,25,20000,53048.145579917385,33048.145579917385,165.24072789958691,17.781420119946702,1.664896852776181,2.0198826951802227,-4.017818741198703,4.42564019566539,8.863488867715166,52,50,2,96.15384615384616,672.4570268127295,-0.7028803595592704,3941.3057342734724,-0.8541300974302715,23917.90500571045,13.961538461538462,33,71,46.478873239436616,13.58211785017529,0.0,1.4123273142115012,,1.664896852776181,1
40,0.1,0.14,0.5,0.30000000000000004,9,10,20000,58665.51196861025,38665.51196861025,193.32755984305123,19.787288516852385,1.6567812554720627,2.2101304530969506,-4.751447085288987,4.164476245166667,9.981883592631904,89,89,0,100.0,438.767550209105,0.0,7686.425709915308,0.0,inf,14.224719101123595,47,71,66.19718309859155,18.87562626199717,-0.06672237473147602,1.5723394366495895,,2.083882381392357,4
40,0.1,0.14,0.5,0.30000000000000004,15,10,20000,58665.51196861025,38665.51196861025,193.32755984305123,19.787288516852385,1.6567812554720627,2.2101304530969506,-4.751447085288987,4.164476245166667,9.981883592631904,89,89,0,100.0,438.767550209105,0.0,7686.425709915308,0.0,inf,14.224719101123595,47,71,66.19718309859155,18.87562626199717,-0.06672237473147602,1.5723394366495895,,2.5083390386901203,35
40,0.1,0.14,0.5,0.4,13,10,20000,58665.51196861025,38665.51196861025,193.32755984305123,19.787288516852385,1.6567812554720627,2.2101304530969506,-4.751447085288987,4.164476245166667,9.981883592631904,89,89,0,100.0,438.767550209105,0.0,7686.425709915308,0.0,inf,14.224719101123595,47,71,66.19718309859155,18.87562626199717,-0.06672237473147602,1.5723394366495895,,2.4038958267261776,14
40,0.1,0.14,0.5,0.4,17,10,20000,58665.51196861025,38665.51196861025,193.32755984305123,19.787288516852385,1.6567812554720627,2.2101304530969506,-4.751447085288987,4.164476245166667,9.981883592631904,89,89,0,100.0,438.767550209105,0.0,7686.425709915308,0.0,inf,14.224719101123595,47,71,66.19718309859155,18.87562626199717,-0.06672237473147602,1.5723394366495895,,2.438776272644666,26
40,0.1,0.14,0.5,0.2,15,10,20000,58665.51196861025,38665.51196861025,193.32755984305123,19.787288516852385,1.6567812554720627,2.2101304530969506,-4.751447085288987,4.164476245166667,9.981883592631904,89,89,0,100.0,438.767550209105,0.0,7686.425709915308,0.0,inf,14.224719101123595,47,71,66.19718309859155,18.87562626199717,-0.06672237473147602,1.5723394366495895,,2.3517870313448923,48
40,0.1,0.11,0.5,0.30000000000000004,19,10,20000,29170.879679480884,9170.879679480884,45.854398397404424,6.537330870750679,1.6566500221118314,1.0222629549258682,-2.6047553352887833,2.5097677245091043,2.6392260078100027,66,63,3,95.45454545454545,150.67976141051753,-1.5817631272465489,531.6341210928623,-3.313904380242999,2000.4733547740955,11.5,35,71,49.29577464788733,2.99318830352977,-0.45129241253887287,0.5360153157404478,,2.232794336235467,13
40,0.1,0.11,0.5,0.2,17,10,20000,29170.529585699984,9170.529585699984,45.85264792849992,6.53711634992542,1.6565578526241291,1.0222797369703653,-2.6047553352887833,2.509685367128988,2.6392515954488154,66,63,3,95.45454545454545,150.67976141051753,-1.6984610542134047,531.6341210928623,-3.313904380242999,1863.0247551282914,11.515151515151516,35,71,49.29577464788733,2.99318830352977,-0.4512985199984554,0.535998332521748,,2.2130894587829735,21
45,0.1,0.11,0.5,0.30000000000000004,17,15,20000,28837.053822215308,8837.053822215308,44.18526911107654,6.331798358900209,1.652205943678856,0.856351872457163,-3.0875326903557747,2.0507631801529524,2.5277086859391593,57,57,0,100.0,160.57813723184742,0.0,499.12752174665326,0.0,inf,11.947368421052632,35,71,49.29577464788733,2.5579811006202213,-0.2678048082471185,0.5191763168058798,,2.165027639846443,13
35,0.13,0.14,0.5,0.8,5,20,20000,42557.52675142602,22557.52675142602,112.7876337571301,13.506734758604066,1.6301465359399103,1.5644131036754039,-4.751447085288987,2.8426570929143735,6.68561810799474,65,61,4,93.84615384615384,382.2439569486753,-5.238655610788809,3202.462630066264,-10.613694160589322,1112.7321161296122,12.046153846153846,33,71,46.478873239436616,15.879531190613827,-0.39756818759789647,1.0934573047646028,,1.6223423500526006,2
40,0.1,0.11,0.5,0.1,19,10,20000,28916.97404191762,8916.97404191762,44.5848702095881,6.381183837274307,1.6167420294627788,0.9659671012997959,-2.674318103318999,2.386097536173745,2.6131578115838514,64,60,4,93.75,155.91089169385802,-31.094864928470365,531.6341210928623,-119.63417033214182,75.21059765937743,11.46875,34,71,47.88732394366197,2.99318830352977,-0.45563301206879014,0.5235942994343987,,2.2203157842531294,9
30,0.13,0.15,0.6000000000000001,0.7000000000000001,5,20,20000,36619.310229100716,16619.310229100716,83.09655114550358,10.680600188428846,1.614538164165291,1.2794542914223253,-3.191234419138548,3.346855412555998,5.131836127517669,42,41,1,97.61904761904762,410.39948388389496,-1.6686101389532908,2610.0344361925863,-1.6686101389532908,10084.068439015227,11.642857142857142,23,71,32.3943661971831,12.579589952207693,-0.1831952293947614,0.8764219898768972,,1.6223423500526006,2
35,0.12000000000000001,0.15,0.6000000000000001,0.1,19,10,20000,56130.97622413862,36130.97622413862,180.6548811206931,18.902980149363046,1.6083246088750998,1.3537655715500259,-7.38913309625169,2.558213514783219,9.814305390740543,57,55,2,96.49122807017544,694.8390273180833,-889.8351391779584,4187.735503833271,-1750.6688941177922,21.47372295153413,14.24561403508772,38,71,53.52112676056338,14.428568500645,-7.255922880022592,1.5031202473310246,,1.8238847800019233,2
40,0.1,0.11,0.4,0.30000000000000004,9,10,20000,29070.194855686022,9070.194855686022,45.350974278430115,6.475547510503854,1.5875730739255298,0.8900536628226838,-3.028881228392061,2.137933785519058,2.718859725983159,69,65,4,94.20289855072464,145.21091749026516,-4.053695295304159,531.6341210928623,-13.38358580902646,582.1052736623501,9.927536231884059,34,71,47.88732394366197,2.5751524511727464,-0.4526318925060613,0.5310960978574925,,1.5875730739255298,1
40,0.1,0.11,0.4,0.4,13,10,20000,29070.194855686022,9070.194855686022,45.350974278430115,6.475547510503854,1.5875730739255298,0.8900536628226838,-3.028881228392061,2.137933785519058,2.718859725983159,69,65,4,94.20289855072464,145.21091749026516,-4.053695295304159,531.6341210928623,-13.38358580902646,582.1052736623501,9.927536231884059,34,71,47.88732394366197,2.5751524511727464,-0.4526318925060613,0.5310960978574925,,2.199091257044008,4
35,0.11,0.13,0.8,0.5,7,15,20000,50069.8189518975,30069.818951897498,150.34909475948749,16.645120695470105,1.580505228670515,3.814797077490816,-1.7697002776665736,9.405615688447208,8.704299555552346,57,57,0,100.0,532.9231395069752,0.0,5805.719434253817,0.0,inf,16.982456140350877,38,71,53.52112676056338,18.475629035625364,0.0,1.3290223768225629,,2.2685230379329395,5
40,0.1,0.11,0.4,0.5,19,15,20000,29021.843397922603,9021.843397922603,45.10921698961302,6.44581422519197,1.5761186554056859,0.8826855728281001,-3.0349372252437825,2.123870692143956,2.7209186494185973,69,65,4,94.20289855072464,144.4670489092895,-4.053695295304159,531.6341210928623,-13.38358580902646,579.1233365505852,9.91304347826087,34,71,47.88732394366197,2.580361880190596,-0.4534819905807841,0.5287428388887215,,1.4473151663480779,3
35,0.11,0.13,0.9,0.30000000000000004,11,20,20000,49187.53668898352,29187.53668898352,145.9376834449176,16.297715801864165,1.5736279579011319,3.7342707332709044,-1.7679319654789527,9.218519784752537,8.544853407226057,49,49,0,100.0,601.4742181425215,0.0,5805.719434253817,0.0,inf,18.959183673469386,39,71,54.929577464788736,18.16311186869637,0.0,1.3026438143967882,,2.720669951537345,16
30,0.12000000000000001,0.15,0.9,0.1,21,20,20000,34775.64330007395,14775.643300073949,73.87821650036975,9.725469159357747,1.5724333183214694,3.566229066770459,-0.9033202475971275,10.76635798348142,4.703059815562793,43,40,3,93.02325581395348,375.8996956927392,-38.6815092118876,2116.0162757722765,-54.6360340029819,129.5708477948831,10.046511627906977,25,71,35.2112676056338,8.952602242371466,-0.6275622977190642,0.7970256391556234,,1.5724333183214694,1
40,0.1,0.11,0.30000000000000004,0.2,17,10,20000,27944.648655059224,7944.6486550592235,39.72324327529611,5.772467946812365,1.561825808309434,1.3088486079041957,-1.1478044755982386,5.029138733584167,2.3327823465546125,71,69,2,97.1830985915493,119.99854536506098,-1.2254875649957873,531.6341210928623,-2.390567661916535,3378.2063020026117,9.04225352112676,34,71,47.88732394366197,2.370069651698481,-0.46767124055582254,0.4746531610128422,,2.33258340993036,7
30,0.13,0.15,0.7,0.1,13,25,20000,32705.280239921904,12705.280239921904,63.526401199609516,8.601289936882385,1.5579457512191663,1.0554434946345648,-4.569777067798044,1.8822121537379357,4.069124452326678,33,30,3,90.9090909090909,458.5483672794037,-300.123592820079,1935.028321420717,-898.0447407660032,15.278651137376551,13.727272727272727,21,71,29.577464788732392,8.585000606188586,-4.329539917113623,0.7107310982303389,,1.5579457512191663,1
35,0.12000000000000001,0.15,0.30000000000000004,0.1,17,10,20000,51734.975919891265,31734.975919891265,158.67487959945632,17.2871358911012,1.5528334297107331,1.222397284578873,-7.5689658992262405,2.283949501327312,9.251862747252874,81,80,1,98.76543209876543,423.28306017511386,-1750.6688941177922,3807.032276212064,-1750.6688941177922,19.34268948730787,10.91358024691358,37,71,52.112676056338024,15.58996954135865,-7.444714795667872,1.3846417620130902,,1.5410049402551949,3
30,0.13,0.14,0.9,0.2,11,20,20000,32373.213908758375,12373.213908758375,61.866069543791866,8.415503091231692,1.5423418268044098,1.4483242487284493,-2.044102540823249,4.116967188858541,3.996829788512122,44,42,2,95.45454545454545,302.2944854937712,-6.877240990017294,1662.7570454042013,-7.870295614550384,923.0713602422752,14.022727272727273,25,71,35.2112676056338,7.702964217966057,-0.504237943275021,0.6900732753016434,,1.4823491809063785,7
35,0.1,0.13,0.6000000000000001,0.30000000000000004,21,15,20000,56379.44423896658,36379.44423896658,181.8972211948329,18.991124141401052,1.5392919639936942,5.231228385539239,-1.2666545024292148,14.993136727481332,10.324513627831248,81,79,2,97.53086419753086,467.0967481785006,-46.09943356743555,6502.405766364276,-92.10115937269265,400.2288124877093,12.0,43,71,60.56338028169014,18.460943262365582,-0.11895980878358081,1.5108747490550982,,2.7113685766386104,18
35,0.11,0.13,0.7,0.9,9,10,20000,48589.99366781633,28589.99366781633,142.94996833908164,16.059471737983856,1.5286189428313557,4.3307730932702775,-1.0960184261278172,14.652556339514502,8.66809726918026,53,53,0,100.0,545.418748449365,0.0,5805.719434253817,0.0,inf,14.50943396226415,39,71,54.929577464788736,18.443358258994323,0.0,1.285521141918993,,1.5286189428313557,1
35,0.1,0.14,0.5,0.1,13,10,20000,52049.27478138946,32049.27478138946,160.2463739069473,17.40638203580296,1.504082067570509,1.14250107867994,-8.869950127244742,1.9623990874918116,9.642085576399321,86,85,1,98.83720930232558,399.3748553277563,-1528.3879214697931,5882.971617829629,-1528.3879214697931,22.210894384858697,12.127906976744185,43,71,60.56338028169014,16.77171489197933,-7.7914396073489485,1.3920424468245178,,2.205894654346175,22
40,0.11,0.14,0.5,0.4,11,15,20000,68823.13029932773,48823.130299327735,244.11565149663866,23.039988507194884,1.504026667105021,2.2702215558265975,-4.751447085288987,4.849046636450876,12.981805388236603,82,82,0,100.0,601.2540280405816,0.0,9696.416164841838,0.0,inf,13.158536585365853,40,71,56.33802816901409,25.412644213823434,-0.5591090838057644,1.829664969483691,,2.2663383585465455,9
40,0.11,0.14,0.5,0.5,17,10,20000,68823.13029932773,48823.130299327735,244.11565149663866,23.039988507194884,1.504026667105021,2.2702215558265975,-4.751447085288987,4.849046636450876,12.981805388236603,82,82,0,100.0,601.2540280405816,0.0,9696.416164841838,0.0,inf,13.158536585365853,40,71,56.33802816901409,25.412644213823434,-0.5591090838057644,1.829664969483691,,2.3273620469222727,12
30,0.14,0.15,0.8,0.5,17,20,20000,36505.10202766881,16505.102027668807,82.52551013834403,10.62261012695227,1.492982980688052,1.1284796607771903,-3.408259744189205,3.116725521011984,5.527955338334336,43,40,3,93.02325581395348,420.47451845182593,-13.192903468070972,2485.4469029748093,-28.719983648668915,424.9501958578913,12.209302325581396,20,71,28.169014084507044,9.38911663534392,-0.20071823944564082,0.871596598008429,,1.492982980688052,1
45,0.11,0.14,0.4,0.2,17,10,20000,61589.96776171334,41589.96776171334,207.9498388085667,20.768970180894918,1.4882043635697728,2.0361639596415153,-5.328837557180268,3.897467310278591,11.774283116306943,97,97,0,100.0,434.01616249189163,0.0,8270.472611188627,0.0,inf,11.907216494845361,46,71,64.7887323943662,25.22639870369008,-0.26648849562733723,1.6518085720113893,,2.47887832830314,40
35,0.11,0.14,0.9,0.1,5,20,20000,50490.87562727047,30490.87562727047,152.45437813635235,16.809121937903292,1.47486136159337,1.054022245825152,-8.869950127244742,1.8950638613257549,9.477034857786977,53,52,1,98.11320754716981,620.6300682450047,-1528.3879214697931,5882.971617829629,-1528.3879214697931,21.11555783410323,21.20754716981132,41,71,57.74647887323944,16.531052944899027,-7.7914396073489485,1.3481354631971285,,2.3253829814577784,12
35,0.11,0.14,0.6000000000000001,0.1,13,10,20000,50640.4134978511,30640.4134978511,153.20206748925548,16.867092975515853,1.4718179381440597,1.0705889269709548,-8.869950127244742,1.9015995280184568,9.533408075831428,74,73,1,98.64864864864865,445.2452249222038,-1528.3879214697931,5882.971617829629,-1528.3879214697931,21.266133396333085,14.256756756756756,39,71,54.929577464788736,16.72463323698865,-7.7914396073489485,1.3530117148979426,,2.1476224210696606,18
40,0.11,0.14,0.4,0.2,13,10,20000,61200.0009190936,41200.0009190936,206.000004595468,20.640337644975972,1.471626853233416,2.138785770999381,-4.751447085288987,4.344010840167151,11.837090017093068,85,85,0,100.0,490.30354022463126,0.0,8840.85003264991,0.0,inf,12.0,41,71,57.74647887323944,25.453284503182537,-0.1776266943021798,1.6488076058681638,,2.311253360489353,32
40,0.11,0.14,0.4,0.2,21,10,20000,60625.84987888587,40625.84987888587,203.12924939442937,20.449703931511,1.4582085416052535,2.125489361239575,-4.751447085288987,4.303889649708101,11.837421922966742,85,85,0,100.0,483.5029397515992,0.0,8840.85003264991,0.0,inf,12.305882352941177,41,71,57.74647887323944,25.453284503182537,-0.17915403927182272,1.635468318824574,,2.4172592569928413,27
40,0.11,0.12000000000000001,0.30000000000000004,0.1,13,10,20000,27509.420178518983,7509.420178518983,37.54710089259491,5.4942697654155825,1.4307243671078191,1.1445415903342786,-1.9232624341780955,2.8567446999314754,2.362796494541939,70,67,3,95.71428571428572,118.35561869351707,-3.63542464889467,676.3555737426829,-7.6264977335766755,727.0885080671078,8.257142857142858,33,71,46.478873239436616,2.823064481958948,-0.14457433553021204,0.45228008300412165,,2.145741196688891,11
40,0.12000000000000001,0.13,0.30000000000000004,0.30000000000000004,13,10,20000,33588.093187365645,13588.093187365645,67.94046593682822,9.087686582949406,1.3899570110547887,3.109884711372396,-1.146318516211186,7.9277150760733095,4.906437878094376,78,77,1,98.71794871794873,182.9498472745052,-1.145052771234376,2344.652190473867,-1.145052771234376,12302.610494493501,8.692307692307692,35,71,49.29577464788733,10.432230924984665,-0.34637695357115916,0.7424641814128523,,2.0165365992924125,5
45,0.12000000000000001,0.14,0.5,0.30000000000000004,17,15,20000,63549.74879176984,43549.74879176984,217.7487439588492,21.405334118677356,1.3621761873684906,1.9603690660607203,-5.328837557180268,4.016886213736246,13.369909130401725,85,85,0,100.0,518.6664563737644,0.0,9981.604875572479,0.0,inf,13.08235294117647,43,71,60.56338028169014,26.78743857927921,-0.02619428377937938,1.6998103373859925,,2.3597755529850346,21
45,0.1,0.11,0.5,0.1,11,10,20000,27388.451183548303,7388.451183548303,36.94225591774151,5.416296055992831,1.3547671252945506,0.6328437959304816,-3.615563088639125,1.4980504898426459,2.442354582650445,57,56,1,98.24561403508771,152.34625671202306,-837.4391923249929,499.12752174665326,-837.4391923249929,10.18747445075682,11.87719298245614,35,71,49.29577464788733,2.545503521958037,-2.683346854950208,0.4465498596951387,,2.3299536757846324,6
45,0.11,0.14,0.2,0.1,19,10,20000,33003.979216136315,13003.979216136315,65.01989608068158,8.76707179725409,1.314539992075471,0.5292409117540436,-8.323917428397671,1.0532386791037311,4.973185707745892,106,103,3,97.16981132075472,152.20036033649984,-771.2859661744031,805.3505340395204,-1646.5834856795345,6.775107980773106,7.10377358490566,38,71,53.52112676056338,5.217793036433505,-6.865293989277854,0.7189694055189391,,1.314539992075471,1
35,0.11,0.13,0.4,0.1,15,15,20000,47039.19021628215,27039.19021628215,135.19595108141075,15.429582220038274,1.3121609477421128,4.73607805797421,-1.2860952133629229,11.997231666613944,9.752408101501597,69,69,0,100.0,398.44768429394435,0.0,6270.176988994122,0.0,inf,9.347826086956522,37,71,52.112676056338024,18.152660855572634,0.0,1.2488472136937034,,2.374334850102766,34
35,0.11,0.13,0.4,0.30000000000000004,19,10,20000,47001.98041187922,27001.980411879224,135.00990205939613,15.4142576506324,1.3108756532894676,4.730501471989604,-1.2860952133629229,11.985316087388822,9.751782703502917,69,69,0,100.0,397.90841176636576,0.0,6270.176988994122,0.0,inf,9.333333333333334,37,71,52.112676056338024,18.152660855572634,0.0,1.247715416548972,,2.609800404818215,33
35,0.11,0.13,0.4,0.2,21,10,20000,46742.40841306718,26742.408413067184,133.7120420653359,15.307073148696059,1.3014309056899247,4.700841210218037,-1.2860952133629229,11.90197505569641,9.751011951626708,69,68,1,98.55072463768117,399.9937111943284,-4.763948147130231,6270.176988994122,-4.763948147130231,5709.460204263382,9.159420289855072,37,71,52.112676056338024,18.152660855572634,0.0,1.239932640623365,,2.3839003732761497,30
40,0.11,0.14,0.6000000000000001,0.1,11,10,20000,52598.267158088514,32598.267158088514,162.99133579044258,17.613241735123243,1.1473917874853103,1.125526226430471,-8.998429591982186,1.9573684002391993,13.067243560576816,68,67,1,98.52941176470588,514.320225068035,-1528.3879214697931,5109.798198055297,-1528.3879214697931,22.546275455003588,16.25,41,71,57.74647887323944,28.604344401802926,-7.921439607348946,1.4355868667111595,,1.957249956160866,13
40,0.11,0.14,0.6000000000000001,0.1,13,10,20000,52598.267158088514,32598.267158088514,162.99133579044258,17.613241735123243,1.1473917874853103,1.125526226430471,-8.998429591982186,1.9573684002391993,13.067243560576816,68,67,1,98.52941176470588,514.320225068035,-1528.3879214697931,5109.798198055297,-1528.3879214697931,22.546275455003588,16.25,41,71,57.74647887323944,28.604344401802926,-7.921439607348946,1.4355868667111595,,2.0816583901069032,21
40,0.11,0.14,0.6000000000000001,0.1,11,15,20000,52598.267158088514,32598.267158088514,162.99133579044258,17.613241735123243,1.1473917874853103,1.125526226430471,-8.998429591982186,1.9573684002391993,13.067243560576816,68,67,1,98.52941176470588,514.320225068035,-1528.3879214697931,5109.798198055297,-1528.3879214697931,22.546275455003588,16.25,41,71,57.74647887323944,28.604344401802926,-7.921439607348946,1.4355868667111595,,1.9796170486124243,14
40,0.1,0.14,0.5,0.1,17,10,20000,58348.26433207416,38348.26433207416,191.7413216603708,19.67836133514316,1.1436034379493103,1.3656341744461293,-8.998429591982186,2.186866178591545,14.82633097937278,86,84,2,97.67441860465115,480.44583006719154,-801.1426967849197,7686.425709915308,-1528.3879214697931,25.18742908573173,14.104651162790697,46,71,64.7887323943662,28.604344401802926,-7.921439607348946,1.5992281212064738,,2.3965034400442566,31
40,0.1,0.14,0.5,0.1,13,10,20000,58348.26433207416,38348.26433207416,191.7413216603708,19.67836133514316,1.1436034379493103,1.3656341744461293,-8.998429591982186,2.186866178591545,14.82633097937278,86,84,2,97.67441860465115,480.44583006719154,-801.1426967849197,7686.425709915308,-1528.3879214697931,25.18742908573173,14.104651162790697,46,71,64.7887323943662,28.604344401802926,-7.921439607348946,1.5992281212064738,,2.1259192917707668,26
40,0.1,0.14,0.5,0.1,19,15,20000,58286.21821149875,38286.21821149875,191.43109105749377,19.65700015791356,1.1423779809647456,1.3641256747559545,-8.998429591982186,2.184492300237412,14.826625413787104,86,84,2,97.67441860465115,479.70718577462713,-801.1426967849197,7686.425709915308,-1528.3879214697931,25.14870557191552,14.093023255813954,46,71,64.7887323943662,28.604344401802926,-7.921439607348946,1.5977165906683006,,2.4249649819525847,29
40,0.1,0.14,0.5,0.1,19,10,20000,58286.21821149875,38286.21821149875,191.43109105749377,19.65700015791356,1.1423779809647456,1.3641256747559545,-8.998429591982186,2.184492300237412,14.826625413787104,86,84,2,97.67441860465115,479.70718577462713,-801.1426967849197,7686.425709915308,-1528.3879214697931,25.14870557191552,14.093023255813954,46,71,64.7887323943662,28.604344401802926,-7.921439607348946,1.5977165906683006,,2.4310706213508757,28
40,0.1,0.14,0.5,0.1,21,10,20000,57431.32768290574,37431.32768290574,187.15663841452871,19.360735596078715,1.125404121769177,1.351963920313413,-8.998429591982186,2.15156827068243,14.829957826790807,87,85,2,97.70114942528735,463.9601538408905,-801.1426967849197,7686.425709915308,-1528.3879214697931,24.612727067686865,14.068965517241379,46,71,64.7887323943662,28.604344401802926,-7.921439607348946,1.576614276457699,,2.4911727985053207,21
30,0.3,0.1,0.55,0.7,22,20,20000,84380.5964413162,64380.5964413162,321.902982206581,27.319772768742645,1.1002947649295856,0.9590645104232174,-32.21586985358588,0.8480221981559111,22.4675669942232,176,129,47,73.29545454545455,1247.7000010111728,-2018.504333811169,4192.558803789507,-10131.296598201518,1.696572181334762,6.698863636363637,38,71,53.52112676056338,12.10657989217685,-16.512145520001386,2.2473493082301537,,0.8107781416068033,627
30,0.3,0.1,0.55,0.9,22,20,20000,84380.5964413162,64380.5964413162,321.902982206581,27.319772768742645,1.1002947649295856,0.9590645104232174,-32.21586985358588,0.8480221981559111,22.4675669942232,176,129,47,73.29545454545455,1247.7000010111728,-2018.504333811169,4192.558803789507,-10131.296598201518,1.696572181334762,6.698863636363637,38,71,53.52112676056338,12.10657989217685,-16.512145520001386,2.2473493082301537,,0.8009113448794103,521
30,0.26,0.14,0.6,0.9,22,20,20000,91315.14951982375,71315.14951982375,356.5757475991188,29.01809431245448,1.0864079873593109,0.9558624760623896,-34.63273847683594,0.8378804445932913,24.396592745682195,206,149,57,72.33009708737865,1271.7793587741728,-2012.3925427636427,4443.1224583019575,-11658.08147829284,1.6520016830847997,6.907766990291262,36,71,50.70422535211267,13.263467249958904,-16.279353518460805,2.3723070807862814,,0.8201221734444978,464
30,0.26,0.14,0.6,0.7,22,20,20000,91315.14951982375,71315.14951982375,356.5757475991188,29.01809431245448,1.0864079873593109,0.9558624760623896,-34.63273847683594,0.8378804445932913,24.396592745682195,206,149,57,72.33009708737865,1271.7793587741728,-2012.3925427636427,4443.1224583019575,-11658.08147829284,1.6520016830847997,6.907766990291262,36,71,50.70422535211267,13.263467249958904,-16.279353518460805,2.3723070807862814,,0.8142922511405435,531
30,0.3,0.08,0.55,0.5,22,20,20000,74053.65179158685,54053.651791586846,270.2682589579342,24.56143165726277,1.0845783151306805,0.9248473316897904,-29.66542449534288,0.8279480936171542,20.35113687786308,175,130,45,74.28571428571429,1020.7328073761856,-1719.5402926070476,3171.1119203059657,-7070.768285426822,1.7148674436018505,6.651428571428571,38,71,53.52112676056338,11.117795252314266,-14.60599429627194,2.0189575057990066,,0.8137730623037767,276
30,0.26,0.14,0.6,0.5,22,20,20000,91076.33005212064,71076.33005212064,355.38165026060324,28.9614206536992,1.0840776030244403,0.9507064931481868,-34.68992499569394,0.834865473398809,24.41284690980093,204,147,57,72.05882352941177,1286.3129273585737,-2009.5310573612176,4443.1224583019575,-12317.785290281756,1.6507997360008335,6.931372549019608,36,71,50.70422535211267,13.263467249958904,-17.108390668788786,2.370003842684219,,0.8141587512500027,411
40,0.1,0.14,0.30000000000000004,0.1,23,15,20000,63130.30757806905,43130.30757806905,215.65153789034522,21.27052428327847,1.0836643072420136,1.1349226504733287,-8.998429591982186,2.363804046678435,17.181350668345626,114,110,4,96.49122807017544,434.4204143682267,-1002.7845006089466,8456.521093187343,-2438.6165793015284,11.913388557433445,9.482456140350877,45,71,63.38028169014085,28.576107644093952,-7.921439607348946,1.720553432475824,,1.2811012515123972,3
30,0.3,0.1,0.55,0.5,22,20,20000,82791.97459660462,62791.97459660462,313.9598729830231,26.91442033739073,1.083534940694996,0.9407578649256996,-32.1297316036467,0.8376795881586502,22.53523632796145,170,123,47,72.35294117647058,1292.079165782691,-2009.5800594609857,3913.054883536873,-9765.744713097269,1.682639441001594,6.682352941176471,37,71,52.11267605633802,12.164209379034329,-16.210615023212515,2.223708586805143,,0.8082480644353245,331
30,0.26,0.12,0.6,0.9,22,20,20000,84303.6208224853,64303.6208224853,321.5181041124265,27.300278723134078,1.0801283739208634,0.9388691993096004,-32.706635656502414,0.8347015269271971,22.981337390131813,190,138,52,72.63157894736842,1212.126140180985,-1928.9882023555856,3590.0717629735577,-9894.061836380532,1.667608070991568,6.91578947368421,37,71,52.11267605633802,12.413081949542429,-14.385670610889932,2.236776139319192,,0.8274654805935583,497
30,0.26,0.12,0.6,0.7,22,20,20000,84303.6208224853,64303.6208224853,321.5181041124265,27.300278723134078,1.0801283739208634,0.9388691993096004,-32.706635656502414,0.8347015269271971,22.981337390131813,190,138,52,72.63157894736842,1212.126140180985,-1928.9882023555856,3590.0717629735577,-9894.061836380532,1.667608070991568,6.91578947368421,37,71,52.11267605633802,12.413081949542429,-14.385670610889932,2.236776139319192,,0.8229898369647146,562
30,0.26,0.12,0.6,0.5,22,20,20000,84272.94164849757,64272.941648497566,321.36470824248784,27.292505105563336,1.0797474121703363,0.9386177283904676,-32.74304508306924,0.8335359474453929,22.98444987453533,190,138,52,72.63157894736842,1212.126140180985,-1929.5781864707344,3590.0717629735577,-9894.061836380532,1.6670981863550824,6.91578947368421,37,71,52.11267605633802,12.413081949542429,-14.391743153376524,2.236311598710783,,0.8228290496306946,400
30,0.3,0.12,0.55,0.7,22,20,20000,90106.04358624088,70106.04358624089,350.53021793120445,28.72988470115414,1.079438506068774,0.9534729734282588,-32.34905156023391,0.8881213919876172,24.329121296369667,187,138,49,73.79679144385027,1298.8531870110785,-2183.297882067094,4472.062724042141,-10131.296598201518,1.6754446198089403,6.791443850267379,37,71,52.11267605633802,13.304826231096612,-14.414200327935944,2.373189044234057,,0.8064802423897324,585
30,0.3,0.12,0.55,0.9,22,20,20000,90106.04358624088,70106.04358624089,350.53021793120445,28.72988470115414,1.079438506068774,0.9534729734282588,-32.34905156023391,0.8881213919876172,24.329121296369667,187,138,49,73.79679144385027,1298.8531870110785,-2183.297882067094,4472.062724042141,-10131.296598201518,1.6754446198089403,6.791443850267379,37,71,52.11267605633802,13.304826231096612,-14.414200327935944,2.373189044234057,,0.8053835892097146,513
30,0.3,0.08,0.55,0.9,22,20,20000,73706.04833206785,53706.04833206785,268.53024166033924,24.46314338896931,1.0792783309241936,0.9179560147975948,-30.00578859030196,0.8152808020808338,20.38442912360049,176,132,44,75.0,1002.1594403556984,-1757.2567680655493,3171.1119203059657,-7070.768285426822,1.7108930098910549,6.676136363636363,38,71,53.52112676056338,11.053605483937012,-14.987520599652992,2.0129306848011392,,0.8079109864249833,416
30,0.3,0.08,0.55,0.7,22,20,20000,73651.98761401878,53651.987614018784,268.25993807009394,24.44782254665969,1.0782698456487003,0.91677884909566,-30.083578322854382,0.812663383467477,20.393917005187856,176,132,44,75.0,1002.1594403556984,-1758.485420748483,3171.1119203059657,-7070.768285426822,1.7096976099963432,6.676136363636363,38,71,53.52112676056338,11.064096605607451,-15.074897176405022,2.0121959504325857,,0.8189995759320192,510
30,0.26,0.1,0.6,0.9,22,20,20000,76984.24227507669,56984.242275076685,284.92121137538345,25.375166008982376,1.0695666648683444,0.9145307844470718,-30.98237782842972,0.819019319611353,21.4654227951429,174,124,50,71.26436781609196,1153.772905895139,-1683.5039611184088,3212.1694721342355,-9275.682971606751,1.6996436436769942,6.793103448275862,39,71,54.929577464788736,11.374672646595286,-15.37567127741244,2.078458122310019,,0.8100753545608944,237
40,0.12000000000000001,0.14,0.5,0.1,15,10,20000,48902.94806051657,28902.948060516574,144.51474030258288,16.184550760803408,1.0664872309871882,1.045636498922915,-8.998429591982186,1.7985972547058908,12.891585183907752,66,65,1,98.48484848484848,474.6743997228684,-1528.3879214697931,5109.798198055297,-1528.3879214697931,20.18717600981528,14.227272727272727,36,71,50.70422535211267,28.604344401802926,-7.921439607348946,1.3287440415473657,,1.8806386389055105,13
30,0.26,0.14,0.55,0.9,22,20,20000,88883.91644362187,68883.91644362187,344.4195822181093,28.435281794097488,1.065715411485911,0.9400063488262228,-35.903469543496826,0.7919925888958538,24.45837141951258,205,144,61,70.24390243902438,1276.6102444697406,-1829.345225574109,4304.274881480021,-11226.300682800513,1.6473857729475814,6.824390243902439,37,71,52.11267605633802,13.001952725579514,-18.165529483332843,2.33459369801636,,0.8185178709887307,473
30,0.26,0.14,0.55,0.7,22,20,20000,88883.91644362187,68883.91644362187,344.4195822181093,28.435281794097488,1.065715411485911,0.9400063488262228,-35.903469543496826,0.7919925888958538,24.45837141951258,205,144,61,70.24390243902438,1276.6102444697406,-1829.345225574109,4304.274881480021,-11226.300682800513,1.6473857729475814,6.824390243902439,37,71,52.11267605633802,13.001952725579514,-18.165529483332843,2.33459369801636,,0.8131151734253808,541
30,0.26,0.1,0.55,0.5,22,20,20000,77424.02537060647,57424.02537060647,287.12012685303233,25.495046587088943,1.0630823201110262,0.9130799612572992,-31.68200682138188,0.8047169085855567,21.741858428956498,178,131,47,73.59550561797754,1117.017511969,-1849.3929510070725,3212.1694721342355,-9275.682971606751,1.6834655035278965,6.584269662921348,41,71,57.74647887323944,11.609016667843974,-16.494394059327266,2.0910777013509003,,0.7799763364854635,166
30,0.26,0.1,0.55,0.9,22,20,20000,77224.47505846263,57224.47505846263,286.1223752923132,25.44072154014543,1.0600639437816697,0.9108720325961184,-31.91539687544217,0.7971300385025516,21.768277148904943,179,132,47,73.74301675977654,1108.3937714792237,-1853.1575058892504,3212.1694721342355,-9275.682971606751,1.6798009282695792,6.575418994413408,41,71,57.74647887323944,11.609016667843974,-16.494394059327266,2.088058718071101,,0.8031439683171991,271
30,0.26,0.1,0.55,0.7,22,20,20000,77224.47505846263,57224.47505846263,286.1223752923132,25.44072154014543,1.0600639437816697,0.9108720325961184,-31.91539687544217,0.7971300385025516,21.768277148904943,179,132,47,73.74301675977654,1108.3937714792237,-1853.1575058892504,3212.1694721342355,-9275.682971606751,1.6798009282695792,6.575418994413408,41,71,57.74647887323944,11.609016667843974,-16.494394059327266,2.088058718071101,,0.8002930989277492,310
30,0.3,0.14,0.55,0.7,22,20,20000,91782.96069813416,71782.96069813415,358.91480349067075,29.12875289041757,1.05757884274863,0.9448194805269404,-35.177107335243925,0.8280599258152612,25.373681558310285,195,138,57,70.76923076923077,1424.2081111093137,-2141.430853244752,5046.807736407998,-11838.17965023607,1.6101770412491536,6.841025641025641,35,71,49.29577464788733,13.807422304988638,-16.11950161718536,2.4116529080028206,,0.7729068400303309,228
30,0.26,0.14,0.55,0.5,22,20,20000,87659.8846477978,67659.8846477978,338.29942323898894,28.136821177734127,1.054989850871879,0.9261438077742624,-36.50402710564615,0.7707867709034806,24.49606873981956,206,146,60,70.87378640776699,1252.8692367659062,-1865.3003986670733,4304.274881480021,-11861.571020271318,1.634400806598716,6.849514563106796,37,71,52.11267605633802,13.001952725579514,-18.977588300091806,2.3172768013753986,,0.814070118195189,414
30,0.24,0.14,0.55,0.7,22,20,20000,84882.02770687426,64882.02770687426,324.4101385343713,27.44639907672164,1.0529599332413333,0.9208197221621436,-33.480370601570854,0.8197758442803466,23.88901561216258,204,145,59,71.07843137254902,1181.920751594375,-1742.1844283781302,4165.427304658085,-10794.519887308184,1.6672864502127571,6.745098039215686,38,71,53.52112676056338,13.16043064941863,-17.255618523258143,2.264126162588914,,0.8137354813972559,440
30,0.24,0.14,0.55,0.9,22,20,20000,84882.02770687426,64882.02770687426,324.4101385343713,27.44639907672164,1.0529599332413333,0.9208197221621436,-33.480370601570854,0.8197758442803466,23.88901561216258,204,145,59,71.07843137254902,1181.920751594375,-1742.1844283781302,4165.427304658085,-10794.519887308184,1.6672864502127571,6.745098039215686,38,71,53.52112676056338,13.16043064941863,-17.255618523258143,2.264126162588914,,0.8190013129844279,385
30,0.28,0.08,0.6,0.7,22,20,20000,67948.24031244275,47948.24031244275,239.74120156221372,22.776170132992245,1.0497228042096132,0.8800223853539193,-27.980490345567052,0.8140018224019677,19.48399181220857,168,117,51,69.64285714285714,1012.3938859103434,-1357.8930262562208,2545.2177057199942,-7070.768285426822,1.7104076937818622,6.773809523809524,36,71,50.70422535211267,10.83998358736562,-13.391687883767611,1.8808742586491152,,0.8363609155304204,468
30,0.28,0.08,0.6,0.9,22,20,20000,67948.24031244275,47948.24031244275,239.74120156221372,22.776170132992245,1.0497228042096132,0.8800223853539193,-27.980490345567052,0.8140018224019677,19.48399181220857,168,117,51,69.64285714285714,1012.3938859103434,-1357.8930262562208,2545.2177057199942,-7070.768285426822,1.7104076937818622,6.773809523809524,36,71,50.70422535211267,10.83998358736562,-13.391687883767611,1.8808742586491152,,0.8250790099878957,379
30,0.3,0.12,0.55,0.5,22,20,20000,86319.64668369823,66319.64668369823,331.59823341849113,27.806021022397957,1.045341205674984,0.916328457107056,-34.398343594094705,0.8083534879037466,24.466340466957654,191,141,50,73.82198952879581,1245.1466627870566,-2142.618655385528,4192.558803789507,-10653.539687015202,1.6387953965740576,6.795811518324608,37,71,52.11267605633802,13.41202693937662,-15.231399484626795,2.317330895386972,,0.7967995386290766,312
30,0.24,0.1,0.6,0.7,22,20,20000,71313.22002099105,51313.22002099105,256.56610010495524,23.7758774921625,1.0416875017178615,0.8869945507511844,-27.257659346126072,0.8722640924611008,20.63704218615257,178,131,47,73.59550561797754,977.5792422603896,-1591.482142874893,3023.2183267145742,-8038.925242059185,1.712078363882531,6.808988764044944,37,71,52.11267605633802,11.3878549490122,-13.531119301334204,1.960363721385904,,0.8152647019797911,156
30,0.24,0.1,0.6,0.9,22,20,20000,71313.22002099105,51313.22002099105,256.56610010495524,23.7758774921625,1.0416875017178615,0.8869945507511844,-27.257659346126072,0.8722640924611008,20.63704218615257,178,131,47,73.59550561797754,977.5792422603896,-1591.482142874893,3023.2183267145742,-8038.925242059185,1.712078363882531,6.808988764044944,37,71,52.11267605633802,11.3878549490122,-13.531119301334204,1.960363721385904,,0.8171266008694673,138
30,0.3,0.14,0.6,0.9,22,20,20000,89597.41863558577,69597.41863558577,347.98709317792884,28.60768331175003,1.0384100334208848,0.9295762187238888,-34.96092129104834,0.8182760137695502,25.47887143544721,201,146,55,72.636815920398,1321.9862330115757,-2195.4340251655262,4817.40738475309,-11838.17965023607,1.5984413585591404,7.059701492537314,34,71,47.88732394366197,14.072261304699984,-15.988541682060632,2.381921004218319,,0.7835539240742241,173
30,0.3,0.14,0.6,0.7,22,20,20000,89597.41863558577,69597.41863558577,347.98709317792884,28.60768331175003,1.0384100334208848,0.9295762187238888,-34.96092129104834,0.8182760137695502,25.47887143544721,201,146,55,72.636815920398,1321.9862330115757,-2195.4340251655262,4817.40738475309,-11838.17965023607,1.5984413585591404,7.059701492537314,34,71,47.88732394366197,14.072261304699984,-15.988541682060632,2.381921004218319,,0.7737778089448039,202
30,0.24,0.14,0.6,0.7,22,20,20000,82376.04609000523,62376.04609000523,311.88023045002615,26.807223557613447,1.0378655319865593,0.9048018758921388,-31.96105637190601,0.8387464808947048,23.710877122070254,213,151,62,70.89201877934272,1110.6036702941408,-1639.474324587253,4026.579727836149,-10794.519887308184,1.6498320745095651,6.924882629107981,36,71,50.70422535211267,13.160068570244166,-16.03797967810462,2.219061979740089,,0.8139399946810061,438
30,0.24,0.14,0.6,0.9,22,20,20000,82376.04609000523,62376.04609000523,311.88023045002615,26.807223557613447,1.0378655319865593,0.9048018758921388,-31.96105637190601,0.8387464808947048,23.710877122070254,213,151,62,70.89201877934272,1110.6036702941408,-1639.474324587253,4026.579727836149,-10794.519887308184,1.6498320745095651,6.924882629107981,36,71,50.70422535211267,13.160068570244166,-16.03797967810462,2.219061979740089,,0.8192626928315739,383
30,0.26,0.08,0.55,0.9,22,20,20000,69348.76505374664,49348.76505374664,246.7438252687332,23.19715159766527,1.0376190645362715,0.8739116567930105,-28.598693400831017,0.8111262732370567,20.173014047374885,173,131,42,75.72254335260115,946.9671523420244,-1743.5340929299623,2528.725200871844,-7057.925129861682,1.6940509817420262,6.554913294797688,39,71,54.929577464788736,10.70139085481243,-15.256388803594024,1.9114197763860643,,0.7859862774041236,155
30,0.26,0.08,0.55,0.7,22,20,20000,69348.76505374664,49348.76505374664,246.7438252687332,23.19715159766527,1.0376190645362715,0.8739116567930105,-28.598693400831017,0.8111262732370567,20.173014047374885,173,131,42,75.72254335260115,946.9671523420244,-1743.5340929299623,2528.725200871844,-7057.925129861682,1.6940509817420262,6.554913294797688,39,71,54.929577464788736,10.70139085481243,-15.256388803594024,1.9114197763860643,,0.7850036660553654,181
30,0.28,0.1,0.55,0.9,22,20,20000,75050.08178470803,55050.08178470803,275.2504089235402,24.841069516778468,1.0318527857227555,0.8883787989232027,-30.72139406349805,0.8085918713660736,21.935189830390517,188,136,52,72.3404255319149,1051.1037361956044,-1657.1851218825768,3212.1694721342355,-9287.021881684725,1.658861466060194,6.553191489361702,38,71,53.52112676056338,11.27723918443948,-16.994394875945705,2.058649268414967,,0.806548881781478,634
30,0.28,0.1,0.55,0.7,22,20,20000,75050.08178470803,55050.08178470803,275.2504089235402,24.841069516778468,1.0318527857227555,0.8883787989232027,-30.72139406349805,0.8085918713660736,21.935189830390517,188,136,52,72.3404255319149,1051.1037361956044,-1657.1851218825768,3212.1694721342355,-9287.021881684725,1.658861466060194,6.553191489361702,38,71,53.52112676056338,11.27723918443948,-16.994394875945705,2.058649268414967,,0.8137378318104833,753
45,0.1,0.14,0.5,0.1,13,10,20000,48698.74556305265,28698.745563052653,143.49372781526327,16.103012606245358,1.0318159490210355,0.8211512061444148,-11.018942603107682,1.4613936369632972,13.329091208012859,88,84,4,95.45454545454545,396.05051628501,-1045.1994512220494,7047.100910989453,-2069.1292188012967,7.9573911297608175,14.045454545454545,48,71,67.6056338028169,26.108381687579787,-7.093008392925936,1.3201174644956815,,2.216775679677533,23
30,0.26,0.08,0.55,0.5,22,20,20000,68776.45187091382,48776.45187091382,243.8822593545691,23.02598356582561,1.0300344805789226,0.8673387835513686,-29.62221529606344,0.777321457415968,20.189704983024605,174,131,43,75.28735632183908,946.2384300926574,-1714.167034214515,2528.725200871844,-7057.925129861682,1.6817068129948485,6.517241379310345,39,71,54.929577464788736,10.70139085481243,-14.929511014932173,1.899364107731832,,0.7671307303377956,92
30,0.28,0.08,0.55,0.5,22,20,20000,67210.45984072337,47210.45984072337,236.05229920361688,22.5514901065075,1.029490401036107,0.8677322308603502,-27.71524124882074,0.8136855062543267,19.736282323327963,174,126,48,72.41379310344827,940.5062444882028,-1458.7901450997924,2545.2177057199942,-7070.768285426822,1.692381114634309,6.5344827586206895,37,71,52.11267605633802,10.953684248552364,-14.637653391803928,1.865967172918732,,0.8121660011949318,302
30,0.28,0.08,0.55,0.9,22,20,20000,67210.45984072337,47210.45984072337,236.05229920361688,22.5514901065075,1.029490401036107,0.8677322308603502,-27.71524124882074,0.8136855062543267,19.736282323327963,174,126,48,72.41379310344827,940.5062444882028,-1458.7901450997924,2545.2177057199942,-7070.768285426822,1.692381114634309,6.5344827586206895,37,71,52.11267605633802,10.953684248552364,-14.637653391803928,1.865967172918732,,0.8057417893469244,468
30,0.28,0.08,0.55,0.7,22,20,20000,67210.45984072337,47210.45984072337,236.05229920361688,22.5514901065075,1.029490401036107,0.8677322308603502,-27.71524124882074,0.8136855062543267,19.736282323327963,174,126,48,72.41379310344827,940.5062444882028,-1458.7901450997924,2545.2177057199942,-7070.768285426822,1.692381114634309,6.5344827586206895,37,71,52.11267605633802,10.953684248552364,-14.637653391803928,1.865967172918732,,0.815567958898303,569
30,0.24,0.14,0.6,0.5,22,20,20000,81571.25014909498,61571.25014909498,307.85625074547494,26.59851898265924,1.0290291370731757,0.8930822011239508,-32.82168747298373,0.8103946210734312,23.768483121254608,206,145,61,70.3883495145631,1150.8356069546885,-1666.1510304808935,3887.732151014213,-11405.356750260884,1.6418636643127158,6.936893203883495,36,71,50.70422535211267,13.160068570244166,-16.773852020947878,2.207154830175036,,0.8175655710916048,340
30,0.26,0.12,0.55,0.9,22,20,20000,79885.9624692215,59885.9624692215,299.4298123461075,26.15586820133928,1.027432562361036,0.8934425053539703,-33.75625729512016,0.7748450301426161,23.36862037654758,190,138,52,72.63157894736842,1160.5807992067382,-1878.4997657943863,3401.120617553896,-9275.682971606751,1.6396078116624175,6.678947368421053,38,71,53.52112676056338,12.486679414873024,-15.7288899763532,2.1639697002235816,,0.8224117944684993,526
30,0.26,0.12,0.55,0.7,22,20,20000,79885.9624692215,59885.9624692215,299.4298123461075,26.15586820133928,1.027432562361036,0.8934425053539703,-33.75625729512016,0.7748450301426161,23.36862037654758,190,138,52,72.63157894736842,1160.5807992067382,-1878.4997657943863,3401.120617553896,-9275.682971606751,1.6396078116624175,6.678947368421053,38,71,53.52112676056338,12.486679414873024,-15.7288899763532,2.1639697002235816,,0.8177048701564604,594
30,0.28,0.1,0.6,0.9,22,20,20000,73324.53760206579,53324.537602065786,266.62268801032894,24.35482246403693,1.0264739114982455,0.8781681718114988,-28.792908821951407,0.8458618271131075,21.59782613466379,184,134,50,72.82608695652173,1031.1746970870968,-1663.4654361521011,3023.2183267145742,-8442.747165167932,1.6613198736404229,6.717391304347826,37,71,52.11267605633802,11.570124140467586,-14.41599476983242,2.02011807084669,,0.8226393058822721,522
30,0.28,0.1,0.6,0.7,22,20,20000,73324.53760206579,53324.537602065786,266.62268801032894,24.35482246403693,1.0264739114982455,0.8781681718114988,-28.792908821951407,0.8458618271131075,21.59782613466379,184,134,50,72.82608695652173,1031.1746970870968,-1663.4654361521011,3023.2183267145742,-8442.747165167932,1.6613198736404229,6.717391304347826,37,71,52.11267605633802,11.570124140467586,-14.41599476983242,2.02011807084669,,0.8304096987833229,626
30,0.24,0.12,0.6,0.5,22,20,20000,76434.19612099146,56434.19612099146,282.1709806049573,25.22442398323104,1.0257967462923008,0.8829489737255785,-30.615814695224618,0.8239017721506358,22.4831206360124,187,141,46,75.40106951871658,1052.426775933037,-1939.8234627297104,3238.590268723917,-9275.682971606751,1.6629950707601069,6.823529411764706,36,71,50.70422535211267,12.405706695520946,-13.892007091177884,2.09471643242829,,0.8296379450706447,304
30,0.24,0.12,0.6,0.9,22,20,20000,76434.19612099146,56434.19612099146,282.1709806049573,25.22442398323104,1.0257967462923008,0.8829489737255785,-30.615814695224618,0.8239017721506358,22.4831206360124,187,141,46,75.40106951871658,1052.426775933037,-1939.8234627297104,3238.590268723917,-9275.682971606751,1.6629950707601069,6.823529411764706,36,71,50.70422535211267,12.405706695520946,-13.892007091177884,2.09471643242829,,0.8302258218283802,362
30,0.24,0.12,0.6,0.7,22,20,20000,76434.19612099146,56434.19612099146,282.1709806049573,25.22442398323104,1.0257967462923008,0.8829489737255785,-30.615814695224618,0.8239017721506358,22.4831206360124,187,141,46,75.40106951871658,1052.426775933037,-1939.8234627297104,3238.590268723917,-9275.682971606751,1.6629950707601069,6.823529411764706,36,71,50.70422535211267,12.405706695520946,-13.892007091177884,2.09471643242829,,0.8267481354532293,408
30,0.28,0.1,0.55,0.5,22,20,20000,74748.16780096965,54748.16780096965,273.7408390048482,24.756668376376467,1.0241751582948804,0.8772777212241,-31.364362224102088,0.7893247820404297,22.061511837260525,183,135,48,73.77049180327869,1058.5246504359832,-1800.6283334976663,3212.1694721342355,-9765.744713097269,1.653367618384786,6.491803278688525,38,71,53.52112676056338,11.373402300358372,-17.727027394580787,2.057774402043312,,0.8067123123790038,395
30,0.3,0.14,0.6,0.5,22,20,20000,88117.52631169083,68117.52631169083,340.5876315584542,28.248813368940677,1.0236008719867482,0.9131583942456776,-35.288620981498845,0.8005077156103944,25.6068862653756,200,140,60,70.0,1357.7800233567557,-1989.159615970912,4817.40738475309,-12520.544557129067,1.5927094851491084,7.0,35,71,49.29577464788733,14.161352729668542,-17.320978540669664,2.365053926338571,,0.7663662429134575,133
30,0.3,0.1,0.6,0.7,22,20,20000,75546.58466466055,55546.58466466055,277.7329233233028,24.97925624075883,1.022140491143245,0.8885385993070685,-30.42602337606972,0.8209832725102416,22.339181485638324,191,140,51,73.29842931937172,1037.810289770703,-1728.6952137889746,3633.550963284239,-9287.021881684725,1.6480007399819123,6.869109947643979,35,71,49.29577464788733,12.107865963015207,-15.513082633732289,2.086644345111605,,0.8290620865166027,514
30,0.3,0.1,0.6,0.9,22,20,20000,75546.58466466055,55546.58466466055,277.7329233233028,24.97925624075883,1.022140491143245,0.8885385993070685,-30.42602337606972,0.8209832725102416,22.339181485638324,191,140,51,73.29842931937172,1037.810289770703,-1728.6952137889746,3633.550963284239,-9287.021881684725,1.6480007399819123,6.869109947643979,35,71,49.29577464788733,12.107865963015207,-15.513082633732289,2.086644345111605,,0.8196066161639137,421
30,0.28,0.12,0.55,0.7,22,20,20000,80486.46658491013,60486.46658491013,302.4323329245506,26.31447771623867,1.0179933451127834,0.8830473747162693,-32.66934955005111,0.8054790829527704,23.813897914682663,187,136,51,72.72727272727273,1198.7759614867923,-1966.246356417519,3409.656650953212,-9287.021881684725,1.6258063934178288,6.705882352941177,37,71,52.11267605633802,12.780376085666646,-14.108415472605252,2.1905530052464326,,0.8203051085562818,867
30,0.28,0.12,0.55,0.9,22,20,20000,80486.46658491013,60486.46658491013,302.4323329245506,26.31447771623867,1.0179933451127834,0.8830473747162693,-32.66934955005111,0.8054790829527704,23.813897914682663,187,136,51,72.72727272727273,1198.7759614867923,-1966.246356417519,3409.656650953212,-9287.021881684725,1.6258063934178288,6.705882352941177,37,71,52.11267605633802,12.780376085666646,-14.108415472605252,2.1905530052464326,,0.8209734033153291,766
30,0.3,0.1,0.6,0.5,22,20,20000,75100.58409492142,55100.58409492142,275.5029204746071,24.855160022843823,1.0147086218439552,0.8781551083057734,-30.46516918510653,0.8158549808741826,22.424706371987103,190,140,50,73.68421052631578,1034.4445751860608,-1762.895128622538,3633.550963284239,-9765.744713097269,1.643004602766216,6.894736842105263,35,71,49.29577464788733,12.051955144385662,-16.241511407378617,2.0833590427786186,,0.8291241802051257,271
30,0.26,0.16,0.6,0.9,22,20,20000,87906.12602903134,67906.12602903134,339.5306301451567,28.19714066377843,1.0141591810525716,0.8979252428443157,-35.71152554406331,0.7895809611657972,25.87220384308564,216,152,64,70.37037037037037,1273.9247549375507,-1895.6583862730656,4304.274881480021,-10794.519887308184,1.596053020357253,6.939814814814815,35,71,49.29577464788733,14.412399944648913,-15.472769513245757,2.3469327031868903,,0.8173074086388922,355
30,0.26,0.16,0.6,0.7,22,20,20000,87860.33241527952,67860.33241527952,339.3016620763976,28.185933676389556,1.0136371375376088,0.8973694197718185,-35.781267881549745,0.7877287571166071,25.87854497502111,215,152,63,70.69767441860465,1273.6460471428557,-1925.823281752927,4304.274881480021,-10794.519887308184,1.5956416278673982,6.948837209302326,35,71,49.29577464788733,14.412399944648913,-15.511234646253325,2.346296843316877,,0.8114620273585579,410
30,0.24,0.12,0.55,0.5,22,20,20000,75444.07061160872,55444.07061160872,277.2203530580436,24.950786568276428,1.007530263977094,0.8688590440717144,-31.383425368878164,0.7950306977331812,22.72992913015896,206,153,53,74.27184466019418,965.4515155578092,-1689.409646579923,3212.1694721342355,-8657.304106832968,1.6497231173788618,6.621359223300971,37,71,52.11267605633802,12.35148872719909,-14.948505323920724,2.076932672418917,,0.8278322022378087,307
30,0.26,0.1,0.45,0.9,22,20,20000,71500.06443483039,51500.06443483039,257.500322174152,23.830228012858456,1.0071781045511392,0.8566136280777771,-31.42669417780663,0.7582798202709861,21.58770289041495,184,143,41,77.71739130434783,1040.8323360986103,-2324.594137250505,2778.2361965998643,-9946.382644584408,1.5616575990204518,6.027173913043479,37,71,52.11267605633802,14.726138330062176,-16.2221515018521,1.998519747930645,,0.7568157665760198,37
30,0.24,0.12,0.55,0.7,22,20,20000,75385.70626019148,55385.70626019148,276.9285313009574,24.93456353720236,1.0070066097577208,0.8686134507374528,-31.34142978327405,0.7955783673439544,22.72850669630178,208,154,54,74.03846153846155,958.955796008696,-1658.534931947176,3212.1694721342355,-8657.304106832968,1.6489250904596378,6.615384615384615,37,71,52.11267605633802,12.35148872719909,-14.941301368724602,2.0756092601848666,,0.8241857078422475,418
30,0.24,0.12,0.55,0.9,22,20,20000,75385.70626019148,55385.70626019148,276.9285313009574,24.93456353720236,1.0070066097577208,0.8686134507374528,-31.34142978327405,0.7955783673439544,22.72850669630178,208,154,54,74.03846153846155,958.955796008696,-1658.534931947176,3212.1694721342355,-8657.304106832968,1.6489250904596378,6.615384615384615,37,71,52.11267605633802,12.35148872719909,-14.941301368724602,2.0756092601848666,,0.8290914827561071,370
30,0.24,0.08,0.55,0.9,22,20,20000,64057.17754772787,44057.17754772787,220.28588773863936,21.567437198841223,1.0042348670605503,0.8356792062452588,-26.591652058115432,0.8110604467787896,19.35514742833255,175,135,40,77.14285714285715,829.7843609106792,-1662.530279380342,2265.584171976236,-7057.925129861682,1.6844939624903266,6.417142857142857,39,71,54.929577464788736,10.63305299775228,-14.386647924423146,1.7912533635893066,,0.7894420366838287,58
30,0.28,0.14,0.55,0.7,22,20,20000,82912.39432482746,62912.39432482746,314.5619716241373,26.94537230676697,1.0042059977183178,0.8807064782327059,-34.62387188003429,0.7782310540002,24.90493847537741,201,139,62,69.15422885572139,1262.8495287020223,-1771.3675833024745,4026.579727836149,-10522.826355765395,1.5983284304595622,6.8059701492537314,37,71,52.11267605633802,13.76332806474274,-15.872315332878362,2.255495247261841,,0.8118495255851474,512
30,0.28,0.14,0.55,0.9,22,20,20000,82912.39432482746,62912.39432482746,314.5619716241373,26.94537230676697,1.0042059977183178,0.8807064782327059,-34.62387188003429,0.7782310540002,24.90493847537741,201,139,62,69.15422885572139,1262.8495287020223,-1771.3675833024745,4026.579727836149,-10522.826355765395,1.5983284304595622,6.8059701492537314,37,71,52.11267605633802,13.76332806474274,-15.872315332878362,2.255495247261841,,0.8172235616779332,450
30,0.3,0.08,0.6,0.9,22,20,20000,67894.56048176656,47894.56048176656,239.4728024088328,22.759891406535203,1.0033711449384286,0.8424300424931648,-28.9381401883378,0.786501525613161,20.59504700928931,175,127,48,72.57142857142857,966.5727695266274,-1534.8058593357273,2854.000728275369,-8080.878040487796,1.666263154489599,6.84,35,71,49.29577464788733,11.095563314379442,-14.49359578283368,1.8996848857080404,,0.8296865043023846,338
30,0.3,0.08,0.6,0.5,22,20,20000,67894.56048176656,47894.56048176656,239.4728024088328,22.759891406535203,1.0033711449384286,0.8424300424931648,-28.9381401883378,0.786501525613161,20.59504700928931,175,127,48,72.57142857142857,966.5727695266274,-1534.8058593357273,2854.000728275369,-8080.878040487796,1.666263154489599,6.84,35,71,49.29577464788733,11.095563314379442,-14.49359578283368,1.8996848857080404,,0.8402399463500828,228
30,0.3,0.08,0.6,0.7,22,20,20000,67894.56048176656,47894.56048176656,239.4728024088328,22.759891406535203,1.0033711449384286,0.8424300424931648,-28.9381401883378,0.786501525613161,20.59504700928931,175,127,48,72.57142857142857,966.5727695266274,-1534.8058593357273,2854.000728275369,-8080.878040487796,1.666263154489599,6.84,35,71,49.29577464788733,11.095563314379442,-14.49359578283368,1.8996848857080404,,0.84063528390059,422
30,0.26,0.16,0.6,0.5,22,20,20000,86118.72277911869,66118.72277911869,330.5936138955934,27.75606073615826,0.9997292765506912,0.8821814938274555,-36.731611604129895,0.75564505677822,25.91137930572624,223,155,68,69.50672645739911,1240.4216460588052,-1790.709299411706,4165.427304658085,-11405.356750260884,1.578945110829078,6.928251121076233,35,71,49.29577464788733,14.412399944648913,-16.541304023010728,2.320340799053528,,0.8185357833211929,339
30,0.3,0.08,0.5,0.5,22,20,20000,67229.35947525517,47229.35947525517,236.14679737627583,22.557271265750533,0.996643306164268,0.8428204767859648,-31.01869409655228,0.7272153752036185,20.560885362740265,169,123,46,72.7810650887574,1017.637780964282,-1667.897556159813,2854.000728275369,-8080.878040487796,1.631440088156075,6.366863905325443,37,71,52.11267605633802,13.38512419106035,-16.04931135301869,1.8936284596756845,,0.8213574669529571,232
30,0.3,0.08,0.5,0.7,22,20,20000,67229.35947525517,47229.35947525517,236.14679737627583,22.557271265750533,0.996643306164268,0.8428204767859648,-31.01869409655228,0.7272153752036185,20.560885362740265,169,123,46,72.7810650887574,1017.637780964282,-1667.897556159813,2854.000728275369,-8080.878040487796,1.631440088156075,6.366863905325443,37,71,52.11267605633802,13.38512419106035,-16.04931135301869,1.8936284596756845,,0.8278370399430599,426
30,0.3,0.08,0.5,0.9,22,20,20000,67229.35947525517,47229.35947525517,236.14679737627583,22.557271265750533,0.996643306164268,0.8428204767859648,-31.01869409655228,0.7272153752036185,20.560885362740265,169,123,46,72.7810650887574,1017.637780964282,-1667.897556159813,2854.000728275369,-8080.878040487796,1.631440088156075,6.366863905325443,37,71,52.11267605633802,13.38512419106035,-16.04931135301869,1.8936284596756845,,0.816781218586706,345
40,0.11,0.14,0.4,0.1,15,10,20000,55129.265381681245,35129.265381681245,175.64632690840622,18.54429649851481,0.9926658240995682,0.9658962969503707,-9.530866545797004,1.9457093863823558,16.33152701551731,83,80,3,96.3855421686747,492.9902403507056,-1273.7179487917317,7892.753020308187,-2290.821635101436,10.32128535349842,11.987951807228916,39,71,54.929577464788736,28.58316683352118,-7.921439607348946,1.5413058938838937,,2.272797777631382,30
30,0.3,0.16,0.55,0.7,22,20,20000,88965.6595212242,68965.6595212242,344.828297606121,28.45509143569576,0.9923605706548932,0.8891186854229864,-37.39333446592218,0.7609669434970516,26.92515733413877,201,140,61,69.65174129353234,1460.1946633195605,-2167.0408744838383,4817.40738475309,-11838.17965023607,1.5464712640474665,6.850746268656716,35,71,49.29577464788733,15.182415198986954,-15.750699835639193,2.401928389706072,,0.7707625987817981,111
30,0.26,0.08,0.5,0.7,22,20,20000,64650.39797249195,44650.39797249195,223.2519898624597,21.755597850187502,0.9921521677668336,0.825636617510917,-28.81612959301926,0.7549798726425017,19.842939470367444,168,124,44,73.80952380952381,1000.7090405918512,-1771.6277968385816,2298.8410917016768,-7057.925129861682,1.5918580801896738,6.142857142857143,38,71,53.52112676056338,11.769718553287856,-15.664352337628706,1.815274788840479,,0.7848740990374696,143
30,0.26,0.08,0.5,0.9,22,20,20000,64650.39797249195,44650.39797249195,223.2519898624597,21.755597850187502,0.9921521677668336,0.825636617510917,-28.81612959301926,0.7549798726425017,19.842939470367444,168,124,44,73.80952380952381,1000.7090405918512,-1771.6277968385816,2298.8410917016768,-7057.925129861682,1.5918580801896738,6.142857142857143,38,71,53.52112676056338,11.769718553287856,-15.664352337628706,1.815274788840479,,0.7818290047183312,122
30,0.26,0.12,0.5,0.9,22,20,20000,76037.08389594551,56037.08389594552,280.1854194797276,25.115031853640257,0.9885673713849844,0.8568642739275616,-34.17182714009985,0.7349630954959487,23.47256125332576,200,145,55,72.5,1130.1979695765945,-1912.727667139279,3401.410684361598,-8657.304106832968,1.5577820512943843,6.465,36,71,50.70422535211267,14.52433165429614,-15.838932640732285,2.112514735392348,,0.7813309720515614,191
30,0.28,0.16,0.55,0.7,22,20,20000,85650.0131680605,65650.0131680605,328.25006584030245,27.63913661314488,0.9879968703230309,0.8771286599515384,-36.60125555178483,0.7551417621190615,26.20241936033602,214,151,63,70.56074766355141,1274.1059868997336,-1954.979219901572,4247.538474268177,-11180.503003000736,1.5620675435119555,6.869158878504673,35,71,49.29577464788733,14.016210362842374,-15.758995107097483,2.3295677316531904,,0.8139650559738901,328
30,0.28,0.16,0.55,0.9,22,20,20000,85650.0131680605,65650.0131680605,328.25006584030245,27.63913661314488,0.9879968703230309,0.8771286599515384,-36.60125555178483,0.7551417621190615,26.20241936033602,214,151,63,70.56074766355141,1274.1059868997336,-1954.979219901572,4247.538474268177,-11180.503003000736,1.5620675435119555,6.869158878504673,35,71,49.29577464788733,14.016210362842374,-15.758995107097483,2.3295677316531904,,0.8221329898590616,284
30,0.22,0.12,0.6,0.7,22,20,20000,70060.18440527524,50060.18440527524,250.30092202637616,23.40829229491508,0.985834088699631,0.8372371993593941,-31.6108741584362,0.7405139186468197,21.744301398073567,192,143,49,74.47916666666666,943.8554959380496,-1672.4173778339969,2998.6946932628857,-8038.925242059185,1.6470272888109871,6.854166666666667,37,71,52.11267605633802,11.75104442980064,-14.0703676521172,1.962849964683841,,0.7675337680925929,138
35,0.3,0.16,0.5,0.5,22,10,20000,122889.23462632197,102889.23462632197,514.4461731316097,35.609120876814714,0.9841929169780602,1.1729432410744425,-45.5078604302208,0.7824828620852379,35.39951536676604,321,243,78,75.70093457943925,1195.0286376824802,-2394.218136140869,6694.172680695412,-19742.737169034364,1.5549852273614992,11.566978193146417,45,71,63.38028169014085,21.96225498765747,-28.00181618624628,3.1824069189381223,,0.6825657154229681,5
30,0.28,0.14,0.6,0.7,22,20,20000,80206.20354095302,60206.20354095302,301.03101770476513,26.240575601495756,0.9822154170080488,0.8620571625570259,-33.89291680707079,0.7742200457654741,24.89200142922435,191,133,58,69.63350785340315,1283.6360812934097,-1857.775780535694,3887.732151014213,-10522.826355765395,1.5844271171930469,6.9162303664921465,35,71,49.29577464788733,13.797677151465535,-15.8185430147754,2.2023613982856878,,0.8144822744525175,484
30,0.28,0.14,0.6,0.9,22,20,20000,80206.20354095302,60206.20354095302,301.03101770476513,26.240575601495756,0.9822154170080488,0.8620571625570259,-33.89291680707079,0.7742200457654741,24.89200142922435,191,133,58,69.63350785340315,1283.6360812934097,-1857.775780535694,3887.732151014213,-10522.826355765395,1.5844271171930469,6.9162303664921465,35,71,49.29577464788733,13.797677151465535,-15.8185430147754,2.2023613982856878,,0.8211949682601553,425
30,0.3,0.12,0.6,0.9,22,20,20000,77986.09637842588,57986.09637842588,289.93048189212936,25.6474394125356,0.981276013278154,0.8636304477969683,-32.35318452567168,0.7927330736850591,24.27688627763057,182,132,50,72.52747252747253,1208.3787351130409,-1991.3979331299065,3783.6373093077023,-9287.021881684725,1.6019499707346156,6.961538461538462,35,71,49.29577464788733,13.53793191083934,-14.414200327935944,2.1645403163424755,,0.8223633046718551,428
30,0.3,0.12,0.6,0.7,22,20,20000,77986.09637842588,57986.09637842588,289.93048189212936,25.6474394125356,0.981276013278154,0.8636304477969683,-32.35318452567168,0.7927330736850591,24.27688627763057,182,132,50,72.52747252747253,1208.3787351130409,-1991.3979331299065,3783.6373093077023,-9287.021881684725,1.6019499707346156,6.961538461538462,35,71,49.29577464788733,13.53793191083934,-14.414200327935944,2.1645403163424755,,0.8210030334411121,492
30,0.28,0.16,0.55,0.5,22,20,20000,84632.83756006158,64632.837560061584,323.164187800308,27.383549196352043,0.9777402607021084,0.8646366123350361,-37.42833560302088,0.7316261531581941,26.29908273624619,210,147,63,70.0,1302.3187599533617,-1956.3066690965468,4165.427304658085,-11824.958748399677,1.553306453035735,6.809523809523809,35,71,49.29577464788733,14.134783744919387,-16.634936095603724,2.3177911159615,,0.8228562697834152,274
30,0.22,0.14,0.55,0.7,22,20,20000,73506.40519246097,53506.40519246097,267.53202596230483,24.406517808959304,0.976746915904954,0.8425358298798722,-34.003808455628494,0.7177583605320952,23.083925196098605,220,159,61,72.27272727272728,950.6404736077584,-1529.3513132979083,3233.56018167327,-9499.177500831203,1.6202287321808766,6.704545454545454,37,71,52.11267605633802,12.594625922743386,-16.887072722610263,2.046457883091391,,0.7525565999201778,161
30,0.3,0.14,0.45,0.5,22,20,20000,83442.38228417868,63442.38228417868,317.2119114208934,27.081154191787785,0.9764741938671516,0.8678247868440288,-38.418416076622464,0.7049003305544035,26.0079947320142,196,143,53,72.95918367346938,1331.9354598759878,-2347.262046756368,4588.007033098182,-11824.958748399677,1.5310232024830344,6.316326530612245,35,71,49.29577464788733,16.26720546087701,-19.33465802110733,2.3143498900195945,,0.7338895383699778,19
30,0.28,0.14,0.6,0.5,22,20,20000,79224.31332257793,59224.31332257793,296.12156661288964,25.97995552974961,0.9721924934376184,0.848224212554462,-34.621201234630895,0.7504059536721788,24.95252496382293,192,136,56,70.83333333333334,1241.8451047783858,-1909.5360879871823,3887.732151014213,-11129.372939670282,1.5793938429072116,6.880208333333333,36,71,50.70422535211267,13.50437406534808,-17.196213453377496,2.1916259316415325,,0.8146545089367202,354
30,0.26,0.16,0.55,0.7,22,20,20000,82467.0586848451,62467.05868484511,312.33529342422554,26.830718564831145,0.9714254437922506,0.856737509466068,-38.813716528847216,0.691268988500237,25.919331264434568,213,149,64,69.95305164319248,1242.3655081359818,-1850.4609691783728,4026.579727836149,-10362.73909181586,1.5630603653928112,6.892018779342723,35,71,49.29577464788733,13.967814010317348,-18.15697807177067,2.263148943056874,,0.8104128925037617,412
30,0.22,0.14,0.6,0.7,22,20,20000,72682.73335719643,52682.73335719643,263.4136667859822,24.17153452749508,0.9712899497767143,0.8342500110570387,-33.70582856351288,0.7171321862611372,22.999194998555875,215,154,61,71.62790697674419,960.9236425644405,-1492.577173733233,3037.256077687734,-9067.396705338875,1.6253353052709971,6.869767441860465,36,71,50.70422535211267,12.446913878790022,-15.381998769665053,2.03139519866734,,0.7558419979818594,158
30,0.22,0.14,0.6,0.9,22,20,20000,72629.41241791566,52629.412417915664,263.1470620895784,24.15624648750203,0.9706692803639672,0.8338034609412984,-33.6814153803626,0.7171980813367462,23.001800161866623,216,154,62,71.29629629629629,960.54224155216,-1468.4160125986575,3037.256077687734,-9067.396705338875,1.6247868224066195,6.875,36,71,50.70422535211267,12.446913878790022,-15.353851446749632,2.030364814870327,,0.7605127830660809,133
30,0.24,0.16,0.6,0.7,22,20,20000,79192.36732697282,59192.36732697282,295.9618366348641,25.97143114810583,0.9669558860014076,0.8529706332408525,-35.065417268760754,0.7406565548342521,25.12251415745162,229,166,63,72.48908296943232,1054.4071490962508,-1760.6764987778497,3887.732151014213,-10362.73909181586,1.57796117383861,7.026200873362446,34,71,47.88732394366197,14.582456018743528,-14.872977881591442,2.1883446292743645,,0.8103586942399592,335
30,0.24,0.16,0.6,0.9,22,20,20000,79192.36732697282,59192.36732697282,295.9618366348641,25.97143114810583,0.9669558860014076,0.8529706332408525,-35.065417268760754,0.7406565548342521,25.12251415745162,229,166,63,72.48908296943232,1054.4071490962508,-1760.6764987778497,3887.732151014213,-10362.73909181586,1.57796117383861,7.026200873362446,34,71,47.88732394366197,14.582456018743528,-14.872977881591442,2.1883446292743645,,0.8153304720267375,292
30,0.22,0.14,0.55,0.5,22,20,20000,72544.47330809393,52544.47330809393,262.72236654046964,24.131873666414005,0.965798861608514,0.8306503035785212,-34.96955159370852,0.6900824450593084,23.127661508213468,216,157,59,72.68518518518519,957.0943982937532,-1582.7770715936472,3233.56018167327,-10036.71394022958,1.6090986289271274,6.689814814814815,37,71,52.11267605633802,12.594625922743386,-17.857673997158596,2.029462437696641,,0.7608609400970919,121
30,0.24,0.16,0.55,0.9,22,20,20000,79229.93843505472,59229.93843505472,296.1496921752736,25.981456223089584,0.9613766914579224,0.8473046760137205,-37.18461432861274,0.6987152265042433,25.333597089210308,215,153,62,71.16279069767441,1149.2691909238054,-1800.4927060691482,3887.732151014213,-10362.73909181586,1.5751798205248453,6.911627906976745,35,71,49.29577464788733,14.166246897975077,-17.493139954801507,2.1967218872516114,,0.8144226095731546,293
30,0.24,0.16,0.55,0.7,22,20,20000,79229.93843505472,59229.93843505472,296.1496921752736,25.981456223089584,0.9613766914579224,0.8473046760137205,-37.18461432861274,0.6987152265042433,25.333597089210308,215,153,62,71.16279069767441,1149.2691909238054,-1800.4927060691482,3887.732151014213,-10362.73909181586,1.5751798205248453,6.911627906976745,35,71,49.29577464788733,14.166246897975077,-17.493139954801507,2.1967218872516114,,0.8095818135223611,336
30,0.26,0.1,0.5,0.7,22,20,20000,67571.75048028262,47571.750480282615,237.85875240141308,22.661770855626283,0.9602652902754244,0.8115191934096959,-33.26359191817491,0.6812785255233998,21.675509589956157,182,137,45,75.27472527472527,980.3484290678264,-1886.819651155767,2834.2671812949134,-8657.304106832968,1.5818238519336827,6.252747252747253,38,71,53.52112676056338,13.361462580370231,-16.63422245753975,1.911115033178552,,0.7808964223762564,181
30,0.26,0.1,0.5,0.9,22,20,20000,67571.75048028262,47571.750480282615,237.85875240141308,22.661770855626283,0.9602652902754244,0.8115191934096959,-33.26359191817491,0.6812785255233998,21.675509589956157,182,137,45,75.27472527472527,980.3484290678264,-1886.819651155767,2834.2671812949134,-8657.304106832968,1.5818238519336827,6.252747252747253,38,71,53.52112676056338,13.361462580370231,-16.63422245753975,1.911115033178552,,0.7759304153881252,158
30,0.24,0.16,0.6,0.5,22,20,20000,78108.58923418792,58108.58923418792,290.5429461709396,25.680529213753434,0.9559202988006158,0.8407307516889858,-35.584920806529894,0.7216688594973918,25.18862974574345,231,165,66,71.42857142857143,1055.8349528185304,-1684.896636073776,3748.884574192277,-10949.14248025045,1.5666168033887315,7.051948051948052,34,71,47.88732394366197,14.582456018743528,-15.669629723338865,2.171129221237485,,0.823726308202814,277
30,0.24,0.16,0.55,0.5,22,20,20000,78684.22550925071,58684.22550925071,293.4211275462536,25.835453709081293,0.9553598095335736,0.8393054975138653,-37.75644038179691,0.684266139705719,25.38651374902961,222,160,62,72.07207207207207,1094.7474330847735,-1798.601028779235,3748.884574192277,-10949.14248025045,1.5707511676131642,6.905405405405405,35,71,49.29577464788733,14.166246897975077,-18.242527477571013,2.189411075990109,,0.823726308202814,277
30,0.3,0.08,0.6,0.3,22,20,20000,61772.83202037252,41772.83202037252,208.86416010186255,20.82905557452406,0.9542507440781242,0.7907715360809069,-29.09143921369529,0.7159857379870854,19.83224808816071,164,122,42,74.39024390243902,940.7976624955742,-1712.48054295446,2536.889536244772,-5988.152708069074,1.595809786773656,6.829268292682927,36,71,50.70422535211267,12.055815914843526,-17.524404825606897,1.783310168708069,,0.8589628990997462,94
35,0.11,0.1,0.9,0.2,5,20,20000,29515.981763422453,9515.981763422453,47.57990881711226,6.7477584533012225,0.9517215377916438,0.7167493644986423,-9.102149053525723,0.7413368440376698,4.890087525318405,38,30,8,78.94736842105263,419.02680823973765,-315.065310471205,1855.1522689282588,-2401.7521066864774,4.98738032615821,25.44736842105263,27,71,38.028169014084504,8.503781707851864,-5.5272785174724,0.5644776403597801,,1.97469321088784,9
30,0.28,0.12,0.6,0.7,22,20,20000,72696.01512814965,52696.01512814965,263.4800756407483,24.175341189967824,0.950902418019884,0.8202958619007612,-32.74043812508104,0.73839394261032,23.654884516138843,173,125,48,72.25433526011561,1191.976488035804,-1962.8301224234528,3158.452778335769,-9287.021881684725,1.5814437541648714,6.878612716763006,36,71,50.70422535211267,12.980205925779442,-14.659702548227738,2.041124444246677,,0.8326579753405605,764
30,0.28,0.12,0.6,0.9,22,20,20000,72696.01512814965,52696.01512814965,263.4800756407483,24.175341189967824,0.950902418019884,0.8202958619007612,-32.74043812508104,0.73839394261032,23.654884516138843,173,125,48,72.25433526011561,1191.976488035804,-1962.8301224234528,3158.452778335769,-9287.021881684725,1.5814437541648714,6.878612716763006,36,71,50.70422535211267,12.980205925779442,-14.659702548227738,2.041124444246677,,0.8342544412431299,673
30,0.26,0.08,0.5,0.7,20,20,20000,64547.5959557417,44547.5959557417,222.73797977870848,21.723093796935288,0.950185282965464,0.7977275684826154,-28.07796360490936,0.7736705589694924,20.92261191972044,135,108,27,80.0,973.583939242466,-2202.9210919423917,2161.7836615453816,-6666.849559155555,1.76780537950912,7.785185185185185,34,71,47.88732394366197,15.593216447816085,-13.523342881038724,1.840719469167139,,0.8078875061795165,123
30,0.22,0.16,0.6,0.7,22,20,20000,73219.0478412225,53219.047841222506,266.0952392061125,24.324788382550366,0.9404878624411596,0.8088240361157842,-37.27237479233232,0.6526224453923034,24.183788187374358,229,165,64,72.0524017467249,990.4436852792676,-1631.0009410915054,3319.475595368062,-9930.95829632353,1.56559543393136,7.034934497816594,35,71,49.29577464788733,14.580434980043089,-15.418765100112395,2.076357045422079,,0.7555142222138683,121
30,0.28,0.16,0.6,0.9,22,20,20000,79379.2275762951,59379.2275762951,296.8961378814755,26.021251898410867,0.9394663662591172,0.8361948421299127,-36.70964246293209,0.7088396985801775,26.19385904762271,204,140,64,68.62745098039215,1293.6714290157677,-1848.1355075923768,3948.4964866110745,-10522.826355765395,1.5312222720392392,7.009803921568627,35,71,49.29577464788733,14.851857047093976,-15.64476354206209,2.2122980250973066,,0.8237414490263562,282
30,0.28,0.16,0.6,0.7,22,20,20000,79379.2275762951,59379.2275762951,296.8961378814755,26.021251898410867,0.9394663662591172,0.8361948421299127,-36.70964246293209,0.7088396985801775,26.19385904762271,204,140,64,68.62745098039215,1293.6714290157677,-1848.1355075923768,3948.4964866110745,-10522.826355765395,1.5312222720392392,7.009803921568627,35,71,49.29577464788733,14.851857047093976,-15.64476354206209,2.2122980250973066,,0.8153063124690029,326
35,0.28,0.1,0.55,0.9,24,20,20000,61260.97326212578,41260.97326212578,206.30486631062888,20.66049458655685,0.93234799900954,0.8093391891811637,-29.747578545656705,0.6945269361957325,20.22748918258543,135,99,36,73.33333333333333,934.2402870572616,-1398.719865459526,2506.9868390229453,-6739.227480614955,1.836794380955914,10.562962962962963,33,71,46.478873239436616,13.04449230966327,-13.908207582803133,1.7603039122775377,,0.8343953145130686,535
35,0.26,0.1,0.55,0.7,24,20,20000,60065.28459825161,40065.28459825161,200.32642299125803,20.26212593040466,0.9291957630896088,0.8006175388805022,-29.113478137315248,0.6959706372023734,19.860753776304453,137,104,33,75.91240875912408,878.5930527151781,-1525.84523891293,2353.911851071356,-6739.227480614955,1.8146658960121689,10.116788321167885,34,71,47.88732394366197,12.298749419471733,-12.843427558650866,1.7237812534035193,,0.8270977888868436,266
30,0.28,0.16,0.6,0.5,22,20,20000,78196.15389106188,58196.15389106189,290.9807694553094,25.70415717030852,0.9289473974883992,0.8237342330689328,-37.17362179808984,0.6914622769317925,26.230114923489644,206,142,64,68.93203883495146,1263.5399903010562,-1840.7628864326207,3846.837686747382,-11129.372939670282,1.5229986296136064,7.0,35,71,49.29577464788733,14.167225230027046,-16.82804901374696,2.1960306688659537,,0.8235211142829365,273
30,0.3,0.12,0.5,0.7,22,20,20000,72257.52528558894,52257.52528558894,261.2876264279447,24.049359450210893,0.9280530750800297,0.8122706170304239,-34.900555379170285,0.6890824283147162,24.29463700404111,185,133,52,71.89189189189189,1165.1140804013469,-1938.5759116882707,3354.0470430316054,-8442.747165167932,1.5372126018172227,6.535135135135135,35,71,49.29577464788733,12.97412426793272,-15.214599182058318,2.05103156764674,,0.8180477030367715,426
30,0.3,0.12,0.5,0.9,22,20,20000,72257.52528558894,52257.52528558894,261.2876264279447,24.049359450210893,0.9280530750800297,0.8122706170304239,-34.900555379170285,0.6890824283147162,24.29463700404111,185,133,52,71.89189189189189,1165.1140804013469,-1938.5759116882707,3354.0470430316054,-8442.747165167932,1.5372126018172227,6.535135135135135,35,71,49.29577464788733,12.97412426793272,-15.214599182058318,2.05103156764674,,0.8143699242539622,373
30,0.3,0.1,0.5,0.5,22,20,20000,67357.2012533224,47357.2012533224,236.786006266612,22.59634097137628,0.9279945421919548,0.7988523969166829,-34.440573780236654,0.6560965306664822,22.592896010256126,177,132,45,74.57627118644068,1036.2570101987549,-1954.1694242869576,3354.0470430316054,-8877.949739179334,1.555488071882752,6.378531073446328,36,71,50.70422535211267,12.237207464275944,-17.532826115913302,1.934168187933447,,0.8150401047062152,272
30,0.28,0.08,0.5,0.7,18,10,20000,91314.838047342,71314.83804734201,356.5741902367101,29.01802047806365,0.9252771975401096,1.0532834002316365,-43.34021611715289,0.6695402810088689,30.488243940363898,316,250,66,79.11392405063292,796.1397859147748,-1899.1238599884264,3384.8332104806286,-7706.831696544268,1.587932767729701,8.841772151898734,45,71,63.38028169014085,18.55382234995757,-19.66114486108668,2.52118618109025,,0.6137057295339439,14
30,0.3,0.1,0.5,0.7,22,20,20000,67437.85071136223,47437.85071136223,237.18925355681117,22.620956505458945,0.9196121389189444,0.7917732715919072,-33.787085432852045,0.6695148816673016,22.894828667759324,180,133,47,73.88888888888889,1024.443020313459,-1858.024914687823,3354.0470430316054,-8442.747165167932,1.5602351496853275,6.444444444444445,36,71,50.70422535211267,12.168931720231637,-16.884582424425577,1.936288005186649,,0.8197892701295737,515
30,0.3,0.1,0.5,0.9,22,20,20000,67437.85071136223,47437.85071136223,237.18925355681117,22.620956505458945,0.9196121389189444,0.7917732715919072,-33.787085432852045,0.6695148816673016,22.894828667759324,180,133,47,73.88888888888889,1024.443020313459,-1858.024914687823,3354.0470430316054,-8442.747165167932,1.5602351496853275,6.444444444444445,36,71,50.70422535211267,12.168931720231637,-16.884582424425577,1.936288005186649,,0.8101119747388624,422
40,0.12000000000000001,0.11,0.7,0.1,7,20,20000,30362.514892541836,10362.514892541836,51.81257446270918,7.2553939370114895,0.9190945433637806,0.805257635925527,-9.535024686713843,0.760920309637079,5.6207813593774425,40,32,8,80.0,435.00411280711074,-375.8020896607063,1752.1327267975025,-1609.1799139076154,4.630140435885869,19.575,31,71,43.66197183098591,7.431197103448128,-5.466849730237744,0.6074962641332462,,0.5660490890443626,2
35,0.28,0.1,0.55,0.5,22,20,20000,61966.84721367223,41966.84721367223,209.83423606836112,20.89264330823084,0.9184102693487974,0.7994144984937095,-28.59594620067617,0.7306155621364548,20.89737755404548,113,91,22,80.53097345132744,1081.3317239836554,-2527.319984947288,2575.90125001809,-8502.296424235106,1.7697724263537138,10.654867256637168,35,71,49.29577464788733,17.47476519510758,-14.674816100592192,1.7973345946055397,,0.8058447379928652,397
35,0.28,0.08,0.55,0.5,22,20,20000,57054.97791057901,37054.97791057901,185.27488955289505,19.229145784160306,0.9159532378158214,0.7790839752468677,-26.2722330090336,0.7319189723061774,19.02783693130635,121,99,22,81.81818181818183,847.7385681171899,-2102.0836515010337,2146.169931823944,-7011.893785840192,1.8147819920502712,10.619834710743802,34,71,47.88732394366197,12.937567130645222,-13.361679217762443,1.6385173153374455,,0.8115902394867799,303
30,0.3,0.12,0.5,0.5,22,20,20000,71140.63329569124,51140.63329569124,255.70316647845615,23.725568948767783,0.9154680259966148,0.7991871976774929,-35.94312766832164,0.6600863777828171,24.361147028461417,179,126,53,70.39106145251397,1222.5157670906203,-1905.923648258998,3354.0470430316054,-8877.949739179334,1.5249080105588737,6.5307262569832405,35,71,49.29577464788733,12.796069055210712,-15.982213673123791,2.0358264995136843,,0.8062270184417522,212
30,0.3,0.08,0.45,0.9,20,20,20000,64130.1036491522,44130.1036491522,220.650518245761,21.59064625214746,0.9103025210471442,0.7945532145338042,-30.955926193669903,0.6974640693051684,21.963574552012048,157,122,35,77.70700636942675,944.463174702001,-2002.8543904140483,2410.049671199541,-7226.361486396539,1.643718483054204,7.6369426751592355,32,71,45.07042253521127,15.743651390846304,-13.577503574811,1.8537929936970996,,0.7422886724901654,67
35,0.28,0.12,0.5,0.9,24,20,20000,63939.48787881666,43939.48787881666,219.6974393940833,21.529935522801715,0.909802401378054,0.8054283853497151,-33.6039667210726,0.6406962517701988,21.91053901803394,159,123,36,77.35849056603774,853.3289554366755,-1662.8242677748403,2544.0459681131056,-7755.402911591167,1.753366639063727,10.037735849056604,33,71,46.478873239436616,13.666007042946138,-14.549828121485376,1.845563215033852,,0.83722650095012,376
40,0.13,0.14,0.4,0.1,23,10,20000,43403.06768467889,23403.067684678892,117.01533842339447,13.882008701005022,0.9076719949047046,0.9024502034079341,-8.998429591982186,1.5427145991534146,12.947529073423478,67,59,8,88.05970149253731,435.7329896569344,-208.19733813503257,5109.798198055297,-1528.3879214697931,15.435023461422261,12.850746268656716,30,71,42.25352112676056,27.872496050970284,-7.921439607348946,1.1575877125367044,,0.14919465809479948,2
45,0.14,0.15,0.30000000000000004,0.1,21,20,20000,39378.50479609302,19378.504796093017,96.89252398046509,12.037830466165333,0.9054186133539995,0.49427970017256573,-11.63411568177598,1.0347009429364489,11.008756040186366,78,73,5,93.58974358974359,337.5848780387001,-911.0782601464076,3480.7966103062754,-2479.574535202761,5.409786881066603,11.807692307692308,31,71,43.66197183098591,23.944660858921285,-9.436078869761321,1.0133496974024465,,0.9054186133539995,1
30,0.28,0.08,0.5,0.9,22,20,20000,59073.91601226589,39073.91601226589,195.36958006132943,19.92679486254456,0.9051764107497744,0.7644296130235042,-28.57976239361829,0.6972344482120015,20.142107630643945,165,122,43,73.93939393939394,916.4745453469168,-1663.0855469780868,2080.0291822095664,-7070.768285426822,1.5634975062633636,6.248484848484848,35,71,49.29577464788733,11.987943690123217,-14.708228422472946,1.6939459688192284,,0.8140349486436907,389
30,0.3,0.08,0.55,0.3,22,20,20000,58700.09174597926,38700.09174597926,193.5004587298963,19.799131856245445,0.903436565517018,0.7426056419931241,-31.35981993678004,0.6313534929779441,20.04867030137499,173,125,48,72.25433526011561,885.4394745530502,-1477.7238036073288,2536.889536244772,-5988.152708069074,1.5603944115625976,6.543352601156069,34,71,47.88732394366197,11.177856216668136,-17.377361732609153,1.7085775028058603,,0.841355132174264,106
30,0.13,0.14,0.9,0.5,21,15,20000,27631.97585097558,7631.975850975581,38.15987925487791,5.572975759002086,0.8934777417427712,0.805674002263347,-2.0870137434560463,2.6703110012938236,3.9194619091476026,43,36,7,83.72093023255815,232.8091462894915,-50.007630778016264,1662.7570454042013,-131.5646794769167,23.94242963103401,8.0,23,71,32.3943661971831,7.864670126465723,-0.4112411615698308,0.4630890520095293,,0.8934777417427712,1
30,0.3,0.08,0.4,0.5,24,10,20000,78663.84218630749,58663.84218630749,293.31921093153744,25.829983955543568,0.8865667246327255,1.0121209347848343,-45.58528936737255,0.5666298122488448,28.23552437206646,443,301,142,67.94582392776523,825.1424855162112,-1306.968633479377,2817.002093508753,-9866.393661710008,1.3382644311325806,5.1173814898419865,46,71,64.7887323943662,20.43894531981991,-15.21413829272722,2.2853327263926637,,0.8865667246327255,1
35,0.28,0.12,0.5,0.5,22,20,20000,64190.484059818,44190.484059818,220.95242029909,21.60984596843845,0.8838589680797628,0.7671973350953494,-33.94778509413618,0.6365612928358948,22.883137824079792,140,113,27,80.71428571428572,962.5559582735056,-2352.886637966221,3038.083529223483,-10058.044472025844,1.7121415334995154,10.45,35,71,49.29577464788733,18.839571416308075,-17.47258120405535,1.8929652078347008,,0.8027759883895476,264
45,0.3,0.08,0.45,0.9,22,10,20000,72342.07030622616,52342.07030622616,261.7103515311308,24.07369934736005,0.8831548085728494,1.033080282066332,-37.29442492900757,0.6455039699146977,26.06172635340776,210,174,36,82.85714285714286,760.5373642867258,-2233.286193100329,2274.009918011905,-9669.402151813449,1.645973814466407,14.238095238095235,45,71,63.38028169014085,18.904081651946704,-15.97289476027608,2.0987754372414478,,0.6758857468381618,2
30,0.2,0.1,0.5,0.9,18,20,20000,59503.7103127295,39503.7103127295,197.5185515636475,20.072743741263466,0.8829312052164926,0.7233082290820172,-29.32169527203704,0.6845696865421714,20.98894863366116,176,138,38,78.4090909090909,710.4385674558426,-1489.1266314783347,1943.7111541014328,-6383.31112602661,1.732568399780683,7.539772727272727,34,71,47.88732394366197,14.734936748041829,-12.687627400936174,1.728374594177276,,0.4798235195203891,7
30,0.26,0.1,0.5,0.9,20,20,20000,63987.105356621614,43987.105356621614,219.9355267831081,21.54511569042088,0.8825611590569645,0.7509416388260911,-33.70109781381659,0.6393001144784053,22.83993204120528,141,112,29,79.43262411347519,1042.8975090952756,-2462.8901952430783,2338.724274912674,-7448.680809961532,1.6353721785370037,8.02127659574468,33,71,46.478873239436616,15.935206405182534,-15.050818890913064,1.8693502532803,,0.7993376750185904,134
30,0.28,0.12,0.5,0.7,22,20,20000,66380.44576246431,46380.44576246431,231.90222881232157,22.296254821951123,0.8805694795633348,0.7709737268377815,-34.41519178173611,0.6478608331854068,23.8640853405117,185,135,50,72.97297297297297,1078.969839036641,-1944.7636501496413,2915.494872309941,-8442.747165167932,1.497980777856872,6.4,35,71,49.29577464788733,13.746690488497284,-15.801612523107568,1.918997653130872,,0.8128269873800109,506
30,0.28,0.12,0.5,0.9,22,20,20000,66380.44576246431,46380.44576246431,231.90222881232157,22.296254821951123,0.8805694795633348,0.7709737268377815,-34.41519178173611,0.6478608331854068,23.8640853405117,185,135,50,72.97297297297297,1078.969839036641,-1944.7636501496413,2915.494872309941,-8442.747165167932,1.497980777856872,6.4,35,71,49.29577464788733,13.746690488497284,-15.801612523107568,1.918997653130872,,0.8097951064517385,445
35,0.28,0.1,0.55,0.9,22,20,20000,59387.25508500709,39387.25508500709,196.93627542503543,20.033284934943808,0.8781984316650242,0.7730791372488356,-29.830972295888618,0.6715599054645915,21.083240022093737,123,95,28,77.23577235772358,1009.5874029824676,-1989.773149940257,2575.90125001809,-7494.616323310318,1.7214956547436098,10.991869918699187,35,71,49.29577464788733,17.50793072796808,-13.768148762083964,1.7368087633634754,,0.806548881781478,634
35,0.26,0.12,0.6,0.9,22,15,20000,79005.21612677406,59005.21612677406,295.0260806338703,25.921434666381813,0.8755098324105968,0.944143704459458,-35.27088587877126,0.7349244006934154,28.87354230388764,242,178,64,73.55371900826447,966.996298597306,-1732.8082034929091,3516.382814025598,-10368.930432682051,1.5520808650677438,12.24793388429752,43,71,60.56338028169014,18.46350165953259,-14.854941744387483,2.27546053355453,,0.8925225669144089,439
30,0.3,0.1,0.55,0.3,22,20,20000,60888.00058022966,40888.00058022966,204.4400029011483,20.53693063521729,0.8721095121519504,0.720880618418731,-30.85342111505352,0.6656289608414682,21.935983628543426,191,138,53,72.25130890052355,874.589021818846,-1481.7223477503935,2795.0392025263377,-5249.413335653573,1.536881586565641,6.62303664921466,33,71,46.478873239436616,12.273211485472135,-18.93836255380557,1.8064891235540232,,0.8343164484267848,120
30,0.3,0.1,0.6,0.9,20,20,20000,64475.91156882773,44475.91156882773,222.37955784413865,21.70040304543608,0.8688487415504493,0.752902211903843,-35.8400320614079,0.6054794540433127,23.537570093214057,171,128,43,74.85380116959064,965.643394899841,-1815.6916971709684,2720.0384163247013,-11660.603996751068,1.583128548773472,9.485380116959064,33,71,46.478873239436616,17.128169568455643,-16.216150033181766,1.8892400005785528,,0.8427201950788149,365
35,0.26,0.08,0.55,0.7,24,20,20000,52671.22880507544,32671.228805075443,163.3561440253772,17.6405981689296,0.8675496816848709,0.7266639395910587,-29.034663124537303,0.60757027189413,18.405237888396396,127,102,25,80.31496062992126,743.6636944456969,-1699.1147211354196,1769.3677191554236,-5565.709889211062,1.7857227858698668,9.700787401574804,33,71,46.478873239436616,11.679920367837028,-13.68910112400994,1.5146048961638994,,0.8149273059377224,153
35,0.28,0.16,0.6,0.7,22,20,20000,70514.11257413632,50514.11257413632,252.5705628706816,23.54208208668505,0.8649400415541599,0.78788948755445,-33.40674366713866,0.7047104716717054,26.131547536594702,146,109,37,74.65753424657534,1134.1446458918165,-1931.2609142722044,3729.2386120385177,-10165.61462026266,1.7300245642574927,12.1986301369863,35,71,49.29577464788733,19.636824734295534,-15.802162961043187,2.0480116633928924,,0.8153063124690029,326
35,0.26,0.08,0.6,0.9,24,20,20000,51754.17046692141,31754.17046692141,158.77085233460704,17.294435634051062,0.862867395310964,0.7318684765997229,-26.352852305851837,0.6562642796055406,18.096539234111788,130,103,27,79.23076923076923,712.3072829195352,-1517.165913844095,1668.91929315687,-5471.131681999693,1.791050240969996,10.392307692307693,34,71,47.88732394366197,12.571325769481522,-11.535136617569265,1.4761639243453577,,0.8224819669224789,109
35,0.3,0.1,0.55,0.5,22,20,20000,57711.19070267566,37711.19070267566,188.5559535133783,19.45812458394618,0.8554108237470192,0.7582760403135511,-29.635840367989307,0.6565740786268903,21.08244734306792,126,97,29,76.98412698412699,952.8593479485882,-1862.01951890818,2575.90125001809,-7660.084336587742,1.7116631702455956,11.126984126984128,34,71,47.88732394366197,15.6060211677856,-16.40154999440767,1.7026090795236528,,0.8072045252899503,333
40,0.28,0.12,0.5,0.3,18,10,20000,79475.70942015124,59475.70942015124,297.3785471007562,26.04693772701352,0.8548841331338758,0.9788816047298848,-42.46820334325921,0.6133279883889374,30.149799020337355,291,235,56,80.75601374570446,785.8374891491198,-2233.279592864108,3097.8805838928906,-7340.989357168425,1.4766224983661136,13.29553264604811,46,71,64.7887323943662,16.8147055970284,-16.672375158682918,2.321700379865207,,0.7947174239535338,2
30,0.3,0.08,0.4,0.9,18,15,20000,76511.61692114225,56511.61692114225,282.55808460571126,25.24569590028136,0.8515283289245797,0.8919936176191752,-46.26128293127624,0.5457197531202339,29.15974689648124,283,226,57,79.85865724381625,853.4327405230802,-2354.4032006504144,2564.9578128448093,-11266.95946802488,1.4372160013705928,7.409893992932862,43,71,60.56338028169014,17.282705319030555,-18.204012333631347,2.2385013652352064,,0.880915424985862,2
30,0.3,0.1,0.6,0.5,20,20,20000,63166.19818338497,43166.19818338497,215.83099091692483,21.282088761033435,0.8508253239012514,0.7291154131050913,-36.84054663100963,0.5776811341642731,23.671859177138703,151,110,41,72.84768211920529,1083.1625305313005,-1827.940979879461,2671.107417650612,-7609.861705145576,1.5897919274243708,9.47682119205298,32,71,45.07042253521127,16.506773059835922,-15.602917122068316,1.8678472901561889,,0.8519273409675076,239
30,0.28,0.1,0.5,0.9,22,20,20000,59507.36253434267,39507.36253434267,197.5368126717133,20.073980192595094,0.8462911155329923,0.7207304554883939,-32.77208320604883,0.6125329313484102,22.21138117100577,169,121,48,71.59763313609467,1000.036020897032,-1666.9519998791266,2456.364890455592,-7598.472448651138,1.5122955767137054,6.372781065088757,35,71,49.29577464788733,12.39674373890418,-16.925116820997886,1.7410669876912883,,0.8084644260834482,477
30,0.28,0.1,0.5,0.7,22,20,20000,59507.36253434267,39507.36253434267,197.5368126717133,20.073980192595094,0.8462911155329923,0.7207304554883939,-32.77208320604883,0.6125329313484102,22.21138117100577,169,121,48,71.59763313609467,1000.036020897032,-1666.9519998791266,2456.364890455592,-7598.472448651138,1.5122955767137054,6.372781065088757,35,71,49.29577464788733,12.39674373890418,-16.925116820997886,1.7410669876912883,,0.8170090279847066,576
35,0.3,0.12,0.5,0.9,22,20,20000,61115.32690851429,41115.32690851429,205.57663454257144,20.61231739379921,0.8435431117448107,0.7497375339606736,-31.75365516617034,0.6491321167888453,23.035042103520954,140,112,28,80.0,936.2539774622768,-2244.2042345450195,2761.894117475894,-9481.53482197554,1.6687500416415335,10.635714285714286,34,71,47.88732394366197,17.546222954291224,-15.37134741737638,1.8212819283620267,,0.8131737075470257,374
30,0.3,0.12,0.6,0.9,20,20,20000,66776.54055661996,46776.54055661996,233.88270278309983,22.41838612297753,0.8435165208665117,0.7435549666787867,-39.24095271742469,0.5713007603157094,25.524637340954133,157,118,39,75.15923566878982,1160.1786142775895,-2277.185536618856,3344.1973482003814,-10494.543597075964,1.541501101241696,9.54140127388535,32,71,45.07042253521127,18.21630815478688,-15.776751769856212,1.9850046571005848,,0.8420820607707087,373
30,0.3,0.16,0.6,0.7,20,20,20000,73536.32084444066,53536.32084444066,267.6816042222033,24.41501105088466,0.8419600642821773,0.7506104187352428,-41.03132325150921,0.5950334796961888,28.44740215332429,171,119,52,69.5906432748538,1351.8774712214365,-2025.7999659790355,3967.796291398154,-12037.57066748536,1.52715946764653,9.953216374269006,33,71,46.478873239436616,18.10288838480374,-18.021434365457413,2.197347412137534,,0.7849996405553784,95
30,0.3,0.08,0.6,0.7,20,20,20000,58473.1086764502,38473.1086764502,192.365543382251,19.721285399838308,0.8411061001768796,0.7030330423713117,-31.31631183419784,0.6297448276876076,21.92593374602638,132,99,33,75.0,1108.279694965505,-2133.578215913172,2381.443124523815,-9858.589534521772,1.5583394412721274,9.386363636363637,33,71,46.478873239436616,16.18451274586512,-14.576112528642485,1.7155617537112602,,0.8644570380893913,371
30,0.3,0.08,0.6,0.9,20,20,20000,58473.1086764502,38473.1086764502,192.365543382251,19.721285399838308,0.8411061001768796,0.7030330423713117,-31.31631183419784,0.6297448276876076,21.92593374602638,132,99,33,75.0,1108.279694965505,-2133.578215913172,2381.443124523815,-9858.589534521772,1.5583394412721274,9.386363636363637,33,71,46.478873239436616,16.18451274586512,-14.576112528642485,1.7155617537112602,,0.852479030680845,295
35,0.26,0.16,0.6,0.7,22,20,20000,65946.06126524316,45946.06126524316,229.7303063262158,22.161618071458378,0.8391003164327506,0.7599268747829454,-33.78397660080857,0.6559801509845934,25.35735548807379,143,104,39,72.72727272727273,1118.8861078826792,-1759.592152680906,3299.7702621608014,-9758.990035452154,1.695674922817313,12.0,34,71,47.88732394366197,14.049894211417936,-15.547023817139417,1.936288649995438,,0.8114620273585579,410
35,0.26,0.1,0.55,0.9,22,20,20000,56642.42751081071,36642.42751081071,183.2121375540536,19.08406595409371,0.838559057358154,0.712169429854358,-29.603810155722936,0.6446489777399287,21.15457001932649,124,101,23,81.45161290322581,904.2156363538844,-2339.667467866585,2181.4835124413576,-9208.811071280654,1.697115555875894,10.806451612903226,36,71,50.70422535211267,16.32150839453468,-15.194092264896552,1.6662763445659683,,0.8024736540434629,272
35,0.26,0.08,0.55,0.5,22,20,20000,52619.42051505471,32619.420515054717,163.09710257527357,17.621176280059903,0.8383228100978015,0.6833993895900192,-30.348468325599924,0.5806281915452012,19.216614479458062,132,106,26,80.3030303030303,763.0612144677652,-1830.548777635704,1946.6607252609388,-6257.266896191783,1.699458606280137,10.5,36,71,50.70422535211267,15.73180595320267,-12.592638176855663,1.5363414909136166,,0.7657391117709904,93
35,0.26,0.12,0.6,0.7,22,20,20000,59619.85082037314,39619.85082037314,198.0992541018657,20.11203195372795,0.8371015442691351,0.7415585471241551,-29.60663694502777,0.6793082237293969,22.59547874175083,126,97,29,76.98412698412699,1003.1853602017142,-1953.463073075625,2762.1624411288226,-8209.327943469762,1.7177094940415565,11.46031746031746,36,71,50.70422535211267,17.5805218529254,-14.225120530536284,1.760198928450819,,0.8226493352824258,563
35,0.24,0.14,0.55,0.5,22,20,20000,61003.84693590442,41003.84693590442,205.0192346795221,20.575377225692783,0.8362569781475679,0.7259177952004622,-31.13321791071601,0.6608818042741019,23.27015860995844,150,115,35,76.66666666666667,898.7877491762038,-1735.898406267392,2935.093935152475,-8196.262690410456,1.7012284455305535,10.853333333333332,34,71,47.88732394366197,18.28675888502232,-16.86233255086701,1.8196716156266837,,0.8175655710916048,340
35,0.3,0.08,0.5,0.7,24,20,20000,52298.50283355681,32298.502833556813,161.4925141677841,17.500514818635505,0.8355062395275831,0.7174870635613358,-27.957465402787932,0.6259692917974725,19.130742342002357,126,97,29,76.98412698412699,786.5137365249861,-1496.3906761850592,1894.993105596995,-5298.645313192481,1.7580655137242316,9.563492063492063,32,71,45.07042253521127,11.785941866760762,-12.46322154663484,1.5092304516678032,,0.8574017033545362,367
35,0.3,0.08,0.55,0.7,22,20,20000,52854.48631407066,32854.48631407066,164.2724315703533,17.70917040048472,0.8341313463611235,0.720505684642785,-28.014020748051983,0.6321538261056713,19.451078657355623,119,95,24,79.83193277310924,837.4166044891891,-1922.8162963500893,2146.169931823944,-8445.83456408866,1.7239161461906234,10.621848739495798,35,71,49.29577464788733,16.86655449993324,-15.782142454009406,1.5510569173526496,,0.8189995759320192,510
35,0.28,0.08,0.6,0.5,22,20,20000,51900.18601076886,31900.186010768863,159.50093005384431,17.349892136783417,0.8323394573496244,0.7093247412754152,-25.59818657897028,0.6777781732021949,19.028898642634097,120,95,25,79.16666666666666,814.5853691426416,-1796.4849623112862,1788.4749431866198,-7011.893785840192,1.723044983777425,11.333333333333334,36,71,50.70422535211267,11.891894192687102,-14.192237662181906,1.4943244338183732,,0.8360331876008288,250
30,0.3,0.12,0.55,0.9,20,20,20000,65612.09082197682,45612.09082197682,228.0604541098841,22.057601718441067,0.8319730619694449,0.7292978684437857,-37.64299735136633,0.5859682615746974,25.52170424121293,156,115,41,73.71794871794873,1236.3562828596987,-2320.967846509473,3289.808042084373,-10494.543597075964,1.4941303919743272,9.096153846153848,32,71,45.07042253521127,18.1184087920824,-15.572759079804388,1.9531598734268505,,0.82528552249167,444
35,0.3,0.1,0.55,0.3,22,20,20000,55076.20505249468,35076.205052494675,175.38102526247337,18.525146312054265,0.8306000156116754,0.7135331395925759,-30.033376476096507,0.6168186359864793,20.66549650768004,122,94,28,77.04918032786885,961.6118410051056,-1950.4288572137536,2312.0415112930527,-5565.606135063948,1.6551582035070795,10.614754098360656,34,71,47.88732394366197,18.558920306138795,-20.852875267086024,1.654604549789461,,0.8310407492186491,122
30,0.3,0.12,0.5,0.7,24,15,20000,74880.67101883481,54880.67101883481,274.403355094174,24.793744996021072,0.8302205341095417,0.8832108463635185,-45.36157632025113,0.5465803220985556,29.65183876674969,347,226,121,65.12968299711815,1057.3579138563914,-1487.8307232455325,4676.092433412874,-12222.7622548719,1.3273686813721373,5.821325648414986,43,71,60.56338028169014,18.26738226602429,-16.249003977454034,2.240650406247571,,0.9128841610579108,318
35,0.3,0.08,0.55,0.5,22,20,20000,52474.98597242516,32474.98597242516,162.37492986212578,17.56694651434565,0.8300813430865658,0.7103112104169472,-28.204537868114564,0.622841139836764,19.38581664035103,116,90,26,77.58620689655173,879.7784934368085,-1774.9491706495187,2146.169931823944,-7011.893785840192,1.7157601710653252,10.724137931034482,34,71,47.88732394366197,16.454347889226327,-14.395067793296768,1.534874722841123,,0.8131374563157664,277
35,0.28,0.16,0.6,0.9,22,20,20000,66522.35906685588,46522.35906685588,232.61179533427932,22.34008171651596,0.828943466209612,0.7647936078956049,-34.0497632044602,0.6561009420937652,26.059739896672237,155,115,40,74.19354838709677,1022.6094681869164,-1737.650744365979,3509.8716348597814,-9758.990035452154,1.691940817549104,12.096774193548388,35,71,49.29577464788733,19.814883053794286,-15.802162961043187,1.9718677644348948,,0.8237414490263562,282
35,0.28,0.1,0.55,0.7,22,20,20000,56327.26556636347,36327.26556636347,181.63632783181737,18.97264061959028,0.8281733264059223,0.7221679146366331,-31.92289344110572,0.5943270980305323,21.35613357915478,122,98,24,80.32786885245902,961.5801641760454,-2379.6121051203686,2253.91359376583,-10533.09908740743,1.650038814562835,10.934426229508198,35,71,49.29577464788733,17.69385635644085,-17.26240252481436,1.6752089403666626,,0.8134958550969894,754
30,0.3,0.08,0.55,0.5,22,15,20000,68916.07645184809,48916.07645184809,244.5803822592404,23.067851641009483,0.8276218582909913,0.8494684331367721,-37.995462072907536,0.6071212292864282,27.21719934027093,293,202,91,68.94197952218431,870.0768074100831,-1370.6542708240495,3207.3778216688465,-7070.768285426822,1.4090929623100827,6.791808873720137,44,71,61.97183098591549,15.380206899865144,-14.90661077277694,2.034089875660667,,0.8879209210519212,238
35,0.26,0.14,0.55,0.7,22,20,20000,61329.95090637069,41329.95090637069,206.6497545318535,20.68327789494342,0.8262736005827616,0.7272280978986229,-34.91989196892408,0.5923064685695445,23.815629476818224,138,105,33,76.08695652173914,1050.1681745695191,-2046.397194649353,3232.020209546317,-11094.557137721578,1.6328424416085352,11.246376811594205,34,71,47.88732394366197,19.77192329398154,-16.883135725373442,1.8365501521613343,,0.8127796978099023,542
35,0.26,0.12,0.6,0.9,24,20,20000,55936.81072620527,35936.81072620527,179.68405363102636,18.83387366393565,0.8260332990077756,0.727842350882624,-34.363845063274326,0.5480723600416875,21.235750916439997,135,103,32,76.29629629629629,912.4291040854774,-1780.0152185812103,2684.982029590081,-8086.841725831554,1.6499191400824196,10.940740740740742,34,71,47.88732394366197,15.145527536638536,-14.528474370461533,1.6421241976969108,,0.8541258646843013,429
30,0.3,0.08,0.5,0.3,22,20,20000,53175.93189088925,33175.93189088925,165.87965945444628,17.82897407274273,0.8249451749240376,0.67099703565096,-29.473276893863943,0.6049199801211976,19.910499434337808,163,121,42,74.23312883435584,832.2249060693517,-1584.6995653214808,2219.778344214176,-5647.113498573283,1.512968374003422,6.331288343558282,35,71,49.29577464788733,12.731807488919822,-17.89589188689519,1.5779988293048228,,0.8504205735477578,91
35,0.3,0.08,0.5,0.3,18,10,20000,70668.05449304191,50668.05449304191,253.3402724652096,23.587291846142566,0.8246187094633103,0.9066168395872324,-33.085504629669835,0.7129192106984027,28.15541690017523,235,187,48,79.57446808510639,846.7921369734297,-2250.5045486774075,2544.3910795871416,-5855.473071873755,1.4658761901034192,11.191489361702128,46,71,64.7887323943662,17.065322049134114,-18.62649607628521,2.129402124546031,,0.6363505208979726,3
30,0.3,0.12,0.6,0.7,20,20,20000,65096.4782938623,45096.4782938623,225.4823914693115,21.896143673920854,0.8225927705981069,0.716527738318041,-39.46330384850739,0.5548482143810427,25.71781045012113,151,111,40,73.50993377483444,1208.687060848085,-2194.3896365068736,3228.6221077686114,-10889.64890124942,1.528491812963832,9.682119205298012,33,71,46.478873239436616,17.998126519901938,-16.441771580684595,1.9567623550088848,,0.8434606883494122,426
35,0.3,0.1,0.55,0.7,24,20,20000,55364.79301800769,35364.79301800769,176.82396509003843,18.62911687575597,0.8201878487092478,0.7162059353809288,-34.149977764601566,0.5455089020604321,21.15545188719144,119,89,30,74.78991596638656,1008.8820507282696,-1789.3169832269373,2256.288155120651,-6754.58561343632,1.6727146607059646,10.563025210084032,32,71,45.07042253521127,14.124330637060002,-14.139773570086112,1.6275271522194383,,0.8392149645344438,535
35,0.3,0.1,0.55,0.9,24,20,20000,55364.79301800769,35364.79301800769,176.82396509003843,18.62911687575597,0.8201878487092478,0.7162059353809288,-34.149977764601566,0.5455089020604321,21.15545188719144,119,89,30,74.78991596638656,1008.8820507282696,-1789.3169832269373,2256.288155120651,-6754.58561343632,1.6727146607059646,10.563025210084032,32,71,45.07042253521127,14.124330637060002,-14.139773570086112,1.6275271522194383,,0.8276682865797391,441
35,0.24,0.12,0.6,0.7,24,20,20000,54611.78723401108,34611.78723401108,173.05893617005538,18.35687308875613,0.8197860592363438,0.719238208449295,-33.37055507719478,0.550091931233745,20.791121611486023,138,104,34,75.36231884057972,832.4449587311702,-1491.41142570678,2478.444950390844,-6721.3491900456775,1.7073103925701898,10.666666666666666,35,71,49.29577464788733,14.976885001441676,-13.351686076223402,1.5996136781594672,,0.8556806462983136,350
35,0.28,0.14,0.6,0.9,24,20,20000,58855.51277682161,38855.51277682161,194.27756388410808,19.852290918555248,0.8182166045765815,0.7278088949382799,-37.00195470397517,0.5365200589368455,22.950420651609537,143,104,39,72.72727272727273,1013.842724632524,-1674.2853996143774,3078.8824984027683,-8709.632558011996,1.6147668728657336,10.979020979020978,34,71,47.88732394366197,15.75569701237476,-14.752411450483482,1.7489045570532782,,0.8485234849368649,365
35,0.24,0.14,0.55,0.7,22,20,20000,59517.46849533463,39517.46849533463,197.58734247667317,20.07740121361172,0.8167776081656034,0.705532594441736,-35.03251899449831,0.5731075523505684,23.338497254532705,133,106,27,79.69924812030075,994.7074560995436,-2381.4008093043267,2935.093935152475,-11094.557137721578,1.639853222252757,10.729323308270676,34,71,47.88732394366197,20.13459285172834,-17.26779840305005,1.793005198811294,,0.8137354813972559,440
35,0.18,0.1,0.45,0.9,24,20,20000,50229.28533481478,30229.285334814776,151.1464266740739,16.707367274493954,0.8158228813311506,0.6633795263920217,-24.93658535732169,0.6699941886625814,18.6527049633604,159,133,26,83.64779874213836,546.974391336345,-1566.1195658815002,1283.84850190075,-5827.064788735087,1.7865713751404673,7.823899371069182,33,71,46.478873239436616,12.449134896808234,-11.542229406701065,1.4357524432307764,,0.3959657918417901,4
30,0.24,0.12,0.6,0.7,20,20,20000,60177.92163675366,40177.92163675366,200.88960818376827,20.29993348081449,0.8151310276470748,0.6895259522279957,-33.949833598333,0.597939115725482,23.724826407261045,178,133,45,74.71910112359551,873.9018211545022,-1650.2426794843325,2518.903542340824,-7472.263040076063,1.5651427602941403,9.359550561797754,33,71,46.478873239436616,16.360232373587035,-14.96889602561814,1.7924381614218272,,0.8502753772221987,359
35,0.26,0.12,0.6,0.5,20,20,20000,58638.994016832046,38638.994016832046,193.19497008416025,19.77820236155008,0.8150176912366085,0.7235509739604347,-31.237160838998605,0.633162612424674,22.970934413962663,114,89,25,78.0701754385965,1009.79337835516,-2013.372666271085,2684.982029590081,-8643.29540976423,1.7854938070666888,12.736842105263158,35,71,49.29577464788733,13.229663005272265,-16.105561388626832,1.712188974844071,,0.8410802512722789,355
30,0.3,0.12,0.55,0.7,20,20,20000,64110.733082163504,44110.733082163504,220.5536654108175,21.584483626914764,0.814332813713495,0.7118970985514809,-38.37078728143733,0.5625238666227916,25.633985236315247,145,106,39,73.10344827586206,1325.551344841769,-2436.1361402836897,3186.220892048591,-12099.609890277132,1.4788913142876894,9.10344827586207,31,71,43.66197183098591,17.9853887576106,-16.604690711488267,1.9248903535922728,,0.828339760466561,505
30,0.3,0.1,0.6,0.7,20,20,20000,60090.07163465301,40090.07163465301,200.45035817326507,20.27045096385753,0.8141324284367365,0.7000737167910281,-37.82790291941033,0.5358597595812356,23.723013645057904,160,116,44,72.5,1022.0230514113612,-1759.9159620241985,2671.107417650612,-9679.687912221709,1.5309960625433934,9.5875,32,71,45.07042253521127,16.506773059835922,-15.211575153621316,1.7906076438513272,,0.8527880946023157,449
35,0.3,0.12,0.5,0.7,22,20,20000,59305.48860471349,39305.48860471349,196.52744302356743,20.005541303669983,0.8122765228631348,0.7153245266351845,-35.62169611659476,0.5616111382846304,23.41048441343783,129,102,27,79.06976744186046,1031.1714170760222,-2406.1220717422466,2761.894117475894,-11127.6910426693,1.6190103196587622,10.689922480620154,34,71,47.88732394366197,19.082556086454304,-18.61546248013644,1.800020202137853,,0.8165574620545804,428
30,0.3,0.08,0.55,0.9,24,15,20000,63940.1471150644,43940.1471150644,219.700735575322,21.53014574759673,0.8121082610196848,0.8390846388174297,-40.51944060918572,0.5313534793152072,25.67205383885388,321,215,106,66.97819314641744,831.5817613007765,-1249.443694005681,3131.179764780041,-8667.39771935463,1.3499598769921737,5.906542056074766,43,71,60.56338028169014,15.961221644710765,-14.734320937661828,1.923397835928971,,0.905922227563286,307
30,0.26,0.12,0.6,0.9,20,20,20000,61113.99545476861,41113.99545476861,205.56997727384305,20.611876532321816,0.8120736750573906,0.6961818084413982,-35.7402858251884,0.5767126942727286,24.30427054114649,169,127,42,75.14792899408283,987.6345269038336,-1966.842606238528,2834.615254573962,-10494.543597075964,1.51838214152086,9.337278106508876,33,71,46.478873239436616,17.104051172883604,-15.566649457311788,1.820089292754662,,0.8478258766761025,438
30,0.26,0.14,0.6,0.5,20,20,20000,64390.880065533325,44390.880065533325,221.95440032766663,21.6734602008231,0.8117097450891101,0.6993325751220861,-38.02052967717599,0.570046245669056,25.899057883918875,185,135,50,72.97297297297297,1013.8339814801418,-1806.4521486857116,3094.041551847469,-9239.431215530638,1.5153192693135822,9.486486486486486,34,71,47.88732394366197,17.959017255393263,-16.98367317536128,1.936126348421564,,0.8373455545309854,360
35,0.28,0.14,0.45,0.5,22,20,20000,61178.98922959638,41178.98922959638,205.8949461479819,20.633387485802437,0.8105674416358507,0.7121438067969162,-35.53717310566288,0.5806142042996235,24.39958349206978,145,119,26,82.06896551724138,944.9480206039934,-2690.7971239338003,3071.137680502309,-9052.24002482326,1.6073134475751003,9.958620689655172,32,71,45.07042253521127,18.77970532940105,-16.85008773882155,1.8528916200038847,,0.6954418188365669,23
30,0.26,0.14,0.6,0.9,20,20,20000,64210.73049761997,44210.73049761997,221.05365248809983,21.61628055024987,0.8100092095706327,0.7053369829379982,-38.90833325057969,0.5555694306161987,25.887827094741244,170,124,46,72.94117647058823,1120.3404147172037,-2012.003933202457,3094.041551847469,-12576.416987819688,1.501014995357457,9.611764705882353,34,71,47.88732394366197,17.9942269116506,-17.083177139382144,1.9210938122240664,,0.8432212049604279,408
35,0.28,0.1,0.55,0.9,22,15,20000,67860.16965816505,47860.16965816505,239.3008482908253,22.7494565554466,0.8088356091815646,0.8630597479593638,-42.67823252438239,0.5330458927147386,27.67363619911103,216,169,47,78.24074074074075,911.3116753414248,-2225.5170952028834,3050.706838891844,-10140.14094664606,1.4723967370413191,11.37037037037037,42,71,59.15492957746479,17.92722744140891,-16.281711569246703,2.0491135351718635,,0.8793208012104602,545
35,0.26,0.16,0.6,0.5,22,20,20000,63421.25536571454,43421.25536571454,217.1062768285727,21.364114768641286,0.8088107895488729,0.72950021468953,-34.35377088668554,0.6218855810359194,25.5620364479448,138,101,37,73.18840579710145,1118.6097338115007,-1832.662912141808,3232.020209546317,-9970.309145053989,1.6661559668830348,11.920289855072465,34,71,47.88732394366197,13.925703326470828,-16.662109623625398,1.8843606145648804,,0.8185357833211929,339
30,0.3,0.1,0.5,0.9,20,20,20000,60339.90644928248,40339.90644928248,201.6995322464124,20.3542019026806,0.8076258062056194,0.6987705563941393,-36.408088785509065,0.5590571376210733,24.111458602676,148,116,32,78.37837837837837,1030.996928713475,-2442.251165046263,2631.4983572648403,-8893.939143468515,1.5302946396651838,8.364864864864865,32,71,45.07042253521127,17.40395125059686,-16.2701071916855,1.8133833751370685,,0.8329181085998227,366
45,0.28,0.12,0.5,0.7,18,10,20000,73713.89951921221,53713.89951921221,268.569497596061,24.465367642692332,0.806740837709003,0.9597791496957006,-41.607053572568965,0.5880100978556689,30.486117692349623,219,182,37,83.10502283105022,808.8012706712702,-2532.200199189928,2702.774763752015,-11227.782644701036,1.5711348072807612,16.726027397260275,47,71,66.19718309859155,23.52788406881377,-19.45360477949537,2.216202717742316,,0.806740837709003,1
30,0.3,0.12,0.55,0.9,24,15,20000,71714.29242230543,51714.29242230543,258.5714621115271,23.89239878344518,0.8064045382968028,0.8553560145528334,-45.45571585998256,0.5256192391082575,29.611996900404687,343,230,113,67.05539358600583,997.6530770069876,-1539.7939406132882,4676.092433412874,-11204.198733632576,1.3187617210479363,5.9533527696793005,43,71,60.56338028169014,18.571190820390804,-16.798784239535138,2.180992069080374,,0.8983907746413646,380
30,0.24,0.12,0.6,0.5,20,20,20000,59428.83977737848,39428.83977737848,197.1441988868924,20.047382562539816,0.8036502630871997,0.6766356371908862,-34.824533758332855,0.575668369364539,23.83699609825595,177,131,46,74.01129943502825,888.9996541356835,-1635.6807590086053,2518.903542340824,-7611.802399675485,1.5478059470953314,9.293785310734464,32,71,45.07042253521127,16.360232373587035,-15.523136266907889,1.7783773580052338,,0.8490858285895773,270
35,0.26,0.14,0.55,0.9,22,20,20000,59801.631241514384,39801.631241514384,199.00815620757191,20.173397275944293,0.8035948252505049,0.7146911559083962,-33.792333456746434,0.5969814810736841,24.017674054654066,135,104,31,77.03703703703704,1027.4944674315725,-2119.0804313344843,2983.4032703504467,-9764.718401354889,1.6266858786233218,11.185185185185183,34,71,47.88732394366197,18.03031108436501,-15.51350849637856,1.801609234902113,,0.8185178709887307,473
30,0.18,0.1,0.5,0.5,20,20,20000,53030.97855305232,33030.978553052315,165.1548927652616,17.775024380486816,0.8026086211665269,0.6510330790228757,-33.7169485572122,0.5271836610696096,20.57120580053947,171,139,32,81.28654970760235,646.7109345472014,-1711.0387921565184,1669.3388403447611,-7944.065232577043,1.6417807911876012,7.286549707602339,33,71,46.478873239436616,13.560938042253646,-15.382285432268027,1.558792702723804,,0.3062706339325786,11
30,0.3,0.14,0.45,0.5,18,20,20000,66275.76198080574,46275.761980805735,231.37880990402869,22.263875468103468,0.8020835987757045,0.6955220506136144,-42.97042613148943,0.5181208908651743,27.271876089355573,175,130,45,74.28571428571429,1241.8855701249597,-2517.285825231975,3779.72507788893,-11042.50294710154,1.4252133742002957,8.137142857142857,31,71,43.66197183098591,20.95220891233678,-17.448793464507173,2.027939805723708,,0.549956296932285,5
35,0.3,0.14,0.55,0.7,22,20,20000,61073.88889624448,41073.88889624448,205.3694444812224,20.598592986150656,0.8013948772546189,0.7179280730044676,-34.78008251791737,0.5922525622398696,24.750353049643003,127,99,28,77.95275590551181,1142.0317609757212,-2531.509122869708,3071.137680502309,-11127.6910426693,1.595055682613522,11.15748031496063,34,71,47.88732394366197,19.834220396036105,-18.345971947501727,1.8542818597216115,,0.7722884144836312,229
30,0.24,0.14,0.6,0.9,20,20,20000,61737.565114529134,41737.565114529134,208.6878255726457,20.81747913435954,0.800815225260857,0.69283934230736,-39.31237090295077,0.5295401588917393,25.11128934963968,182,133,49,73.07692307692307,998.1983650157508,-1808.8452537258252,3094.041551847469,-11342.697271569396,1.4978592317971078,9.532967032967033,34,71,47.88732394366197,18.011444069325133,-16.530004646176955,1.8560320680468827,,0.8452780854250757,336
35,0.28,0.14,0.6,0.7,20,20,20000,61134.36877220551,41134.36877220551,205.6718438610276,20.618621525594595,0.7982796598484297,0.7082684668890852,-32.307510940407305,0.638199010862415,24.927723277191443,120,97,23,80.83333333333333,1025.9954118491155,-2492.621138137328,3232.020209546317,-9306.726734122536,1.7359333362095692,13.333333333333334,35,71,49.29577464788733,16.88850566960727,-16.818378203884055,1.8273652099045248,,0.8368100964929296,423
30,0.26,0.14,0.6,0.7,20,20,20000,62693.68527354531,42693.68527354531,213.46842636772652,21.129398217850472,0.7961772702075525,0.6891641099853962,-39.258357479760086,0.5382140154168161,25.80963916395553,179,134,45,74.86033519553072,1021.87102491243,-2046.749601438224,3094.041551847469,-12182.324837174425,1.486701073546577,9.402234636871508,34,71,47.88732394366197,17.959017255393263,-17.291655963348006,1.893031892099807,,0.8378271525861479,465
30,0.26,0.1,0.55,0.7,20,20,20000,57101.72371043753,37101.72371043753,185.50861855218764,19.245529563162258,0.7944478396488162,0.6642831864223954,-36.69233219181657,0.5245109376681856,23.02708030839113,151,114,37,75.49668874172185,928.263899775447,-1824.2097530800868,2315.196830499887,-7194.57561031484,1.567833049362669,8.913907284768213,34,71,47.88732394366197,15.89574131242506,-15.1948578761378,1.7047383431551433,,0.8181698041057807,269
30,0.3,0.12,0.55,0.5,22,15,20000,73727.3249901955,53727.3249901955,268.63662495097753,24.46917064305836,0.7934060425497492,0.8332089467530506,-43.42994747330541,0.5634169983304389,31.379665312055504,312,210,102,67.3076923076923,1017.297837260336,-1536.4090277889677,4273.370440673039,-8877.949739179334,1.3632025625268325,6.807692307692308,43,71,60.56338028169014,18.128639447737903,-18.36638176169263,2.231663865410421,,0.8652454626728314,271
35,0.28,0.12,0.55,0.9,22,20,20000,57223.4911429351,37223.4911429351,186.1174557146755,19.288155075023397,0.7920618035819758,0.6983242320209584,-35.103842313622415,0.5494599395331269,23.182722071516302,146,115,31,78.76712328767124,893.9387634508324,-2083.050537222919,2761.894117475894,-10666.726674722484,1.5920038356249693,11.1986301369863,34,71,47.88732394366197,16.64261766039359,-16.954704842107127,1.7170498351214871,,0.8209734033153291,766
45,0.1,0.11,0.5,0.1,15,20,20000,24902.253930133134,4902.253930133134,24.51126965066567,3.7465722820297698,0.7920430478092182,0.2729730787786564,-3.6646383935031723,1.0223579736194035,2.151606170160307,41,40,1,97.5609756097561,145.5064738031499,-717.8050219928508,303.3297201543961,-717.8050219928508,8.108412136720833,11.195121951219512,26,71,36.61971830985916,2.5458308878790525,-2.4455510792952273,0.3112798422500089,,1.633912793686777,3
35,0.28,0.08,0.55,0.7,22,20,20000,50404.80721719893,30404.807217198933,152.02403608599465,16.775691157874807,0.7920322466871585,0.666355582169429,-31.540157700684844,0.5318835535660796,19.49140215488975,121,94,27,77.68595041322314,839.4791297902804,-1774.7159623365676,1788.4749431866198,-8445.83456408866,1.6468162266412212,10.760330578512397,34,71,47.88732394366197,16.45683985349411,-15.450933784573328,1.481199565779587,,0.815567958898303,569
35,0.26,0.12,0.55,0.7,22,20,20000,56263.69360196167,36263.69360196167,181.3184680098084,18.950101926857933,0.7909300670023175,0.6837964964452053,-34.1474405286933,0.5549494086074944,22.726477900000827,144,112,32,77.77777777777779,882.7551948084316,-1922.480881768204,2555.654561632336,-11094.557137721578,1.6071125653992502,11.069444444444445,35,71,49.29577464788733,18.165494436290388,-17.865107298063066,1.6954922716881342,,0.8173915634668464,595
35,0.26,0.14,0.6,0.7,22,20,20000,58946.07150089152,38946.07150089152,194.7303575044576,19.883211112383048,0.7909287899206814,0.7011310593032544,-31.950324742237907,0.6223164012507737,24.133964738967123,132,97,35,73.48484848484848,1041.2192439172654,-1736.2227188309462,2983.4032703504467,-8209.327943469762,1.662036057019559,11.507575757575758,35,71,49.29577464788733,13.3551772512845,-15.375442862820854,1.7530587804329076,,0.8139482570403471,532
35,0.26,0.14,0.6,0.9,22,15,20000,71932.66231977634,51932.66231977634,259.6633115988817,23.955612702899565,0.7909176540417426,0.8518319566217909,-37.06360141866721,0.6463379646327148,30.65279023685134,229,167,62,72.92576419213974,985.4315652049628,-1775.7340172492293,4204.87744689733,-10317.35748489806,1.4947664330741588,12.152838427947598,42,71,59.15492957746479,17.151699696418476,-17.164228856699836,2.1713907952514826,,0.8870987264801408,409
30,0.26,0.1,0.4,0.3,22,10,20000,72116.95403467382,52116.95403467382,260.5847701733691,24.00883749402021,0.7899660310596942,0.872593382259803,-39.690489460111486,0.6049015222689261,30.85556407614389,424,308,116,72.64150943396226,699.4535751576691,-1368.605578568002,2444.1584427606003,-8808.090362185118,1.3569795904462087,5.929245283018868,43,71,60.56338028169014,18.997615056819583,-20.469700887577424,2.191703469913013,,0.5976663139975097,2
30,0.3,0.1,0.5,0.7,20,20,20000,59349.20596034143,39349.20596034143,196.74602980170715,20.02037870107458,0.7898651118533676,0.67861211481112,-37.77756698736541,0.5299541579205018,24.390646664770937,146,113,33,77.3972602739726,1049.9182466026264,-2369.4471486592474,2631.4983572648403,-8893.939143468515,1.517305251580422,8.431506849315069,32,71,45.07042253521127,17.673331365240163,-16.57438059676203,1.7958237318380483,,0.8453819890136285,450
30,0.3,0.14,0.6,0.7,24,15,20000,72688.13079754521,52688.13079754521,263.440653987726,24.173081547168927,0.7892953967611069,0.8490604037172687,-47.72019400580555,0.5065587441708237,31.13114175520977,351,230,121,65.52706552706553,1054.0915203596546,-1530.4199907865711,4676.092433412874,-12491.888934309063,1.3092125369261425,6.054131054131054,43,71,60.56338028169014,18.943435897453178,-17.41389939443576,2.2429085209739896,,0.8753589866601109,144
35,0.28,0.14,0.55,0.5,24,20,20000,56774.55431072734,36774.55431072734,183.8727715536367,19.13062586843648,0.7882263304462712,0.6931732472800999,-34.343246721511726,0.5570418552318627,23.104918842231925,141,101,40,71.63120567375887,981.8122522707554,-1528.51207921547,2668.364831949066,-7238.376050818422,1.6218883518775182,10.4468085106383,32,71,45.07042253521127,16.28300837802097,-15.518081306865438,1.704745980646075,,0.8393876257583606,315
30,0.3,0.1,0.55,0.5,20,20,20000,58310.91204452892,38310.91204452892,191.5545602226446,19.66550399239821,0.7876013460581416,0.6761508477027746,-41.12688005442645,0.4781666872462316,23.94897266214965,151,113,38,74.83443708609272,1109.7094537496312,-2262.767269188928,2754.821852472195,-8938.373026092413,1.4583583233771518,8.66225165562914,32,71,45.07042253521127,17.933350562083984,-17.002611570833537,1.7640456928579562,,0.8337586352226245,289
35,0.28,0.1,0.5,0.9,22,20,20000,53375.6273852402,33375.6273852402,166.87813692620102,17.903097967792124,0.7873024613939806,0.6673053664250805,-35.08827377700992,0.5102302290950078,21.305537223935733,129,106,23,82.17054263565892,868.2871299008398,-2515.796016706466,2253.91359376583,-10140.14094664606,1.590618275026654,10.10077519379845,35,71,49.29577464788733,17.006309522038453,-17.048610690343956,1.5979811291898642,,0.8060250699575354,479
30,0.26,0.1,0.55,0.9,20,20,20000,56585.56696810872,36585.56696810872,182.9278348405436,19.06400115156144,0.7871236577190063,0.6596973853575246,-37.51290527432217,0.5081984722897714,23.053803006624264,148,112,36,75.67567567567568,946.8739778607904,-1895.5838486749892,2315.196830499887,-7194.57561031484,1.5540489835908935,8.871621621621621,35,71,49.29577464788733,15.867507199813469,-15.312842976116114,1.6905304008107302,,0.8225511420632136,233
35,0.24,0.14,0.55,0.9,22,20,20000,57408.578170691006,37408.578170691006,187.04289085345505,19.352801692407077,0.7870597443090694,0.688414782120278,-32.67725928479436,0.5922406626498347,23.49265213926164,137,109,28,79.56204379562044,918.2868398590464,-2183.349549069461,2795.327557288072,-9764.718401354889,1.637282259847287,10.912408759124087,34,71,47.88732394366197,19.70973618099761,-15.839238805351153,1.7401607817212204,,0.8190013129844279,385
35,0.26,0.14,0.6,0.5,22,20,20000,58747.35717050136,38747.35717050136,193.7367858525068,19.81531055531132,0.7869972150501745,0.6941692080741136,-31.8141034767355,0.6228467374477968,24.20555709873879,133,100,33,75.18796992481202,1001.4464841477064,-1821.8391286142175,2983.4032703504467,-8209.327943469762,1.665726829518392,11.6390977443609,35,71,49.29577464788733,13.248919723483876,-16.387062441024014,1.7544226439033994,,0.813714888722299,412
35,0.28,0.08,0.6,0.9,22,20,20000,49133.68493805848,29133.684938058483,145.66842469029243,16.27634383528158,0.7861147417205965,0.6734570959361376,-27.42037890800792,0.5935856645120318,18.958784289310447,112,89,23,79.46428571428571,836.5018731275214,-1946.3644247952584,1788.4749431866198,-6756.667651270928,1.6630485593043176,11.116071428571429,35,71,49.29577464788733,12.457746349961509,-14.814520239861452,1.4266356044279866,,0.8250790099878957,379
30,0.3,0.08,0.5,0.7,20,20,20000,55514.77416759407,35514.77416759407,177.57387083797036,18.682973097906384,0.7853040330214275,0.661142488794257,-35.79554590940377,0.5219356940439402,22.54577380273166,139,106,33,76.2589928057554,998.356691335775,-2103.770761030238,2123.1153554541866,-6553.362583162718,1.5243308657509669,8.201438848920864,32,71,45.07042253521127,15.638154527506275,-15.79811203729693,1.672968057221652,,0.8545050095632895,374
35,0.26,0.14,0.6,0.7,20,20,20000,59069.787876693015,39069.787876693015,195.34893938346508,19.92538875786252,0.7840321452369511,0.6968917846940553,-32.11075861104612,0.6205206485220867,24.507331747900057,125,98,27,78.4,984.4237324799842,-2083.693996531308,2983.4032703504467,-7874.922621180608,1.7147880415588923,13.192,35,71,49.29577464788733,14.246780628306954,-16.297268900606255,1.7612750745067236,,0.8373839342111478,466
30,0.3,0.1,0.55,0.5,22,15,20000,68574.34658106382,48574.346581063815,242.87173290531908,22.965254438095783,0.7832850324692248,0.8127177831896887,-41.97001569418792,0.5471824124496588,29.483899238942808,300,212,88,70.66666666666667,906.7371393368088,-1603.4321245265846,3207.3778216688465,-7990.154765261401,1.3623353093018225,6.843333333333334,43,71,60.56338028169014,17.217787510871176,-19.8208724953595,2.086426796252284,,0.8814388633344081,285
30,0.3,0.14,0.6,0.7,24,20,20000,59303.419879655055,39303.419879655055,196.5170993982753,20.00483896577925,0.7829817209962263,0.7003322431900229,-40.208655164328256,0.4975256915214329,24.675193134082978,212,145,67,68.39622641509435,956.0468360378212,-1448.9488260571454,3429.1344511694406,-10149.659759126114,1.4279707800897754,6.1415094339622645,31,71,43.66197183098591,16.633701855821137,-15.98285125301706,1.793939280879659,,0.7982918136747468,169
30,0.22,0.12,0.6,0.9,20,20,20000,56587.2327695054,36587.2327695054,182.93616384752696,19.064589213825013,0.782484555041279,0.6603040724454504,-34.303150548981606,0.5557678787143067,23.24667859211961,171,130,41,76.0233918128655,834.2451910867858,-1703.8400505311342,2398.9557546103088,-7928.134158163335,1.552474176335443,9.09356725146199,32,71,45.07042253521127,15.875992834375976,-15.2898278588959,1.6961774209718463,,0.7979256860757414,102
35,0.28,0.12,0.4,0.9,22,20,20000,56575.24086995261,36575.24086995261,182.87620434976307,19.060355504358228,0.780975702613546,0.6734600257765204,-35.851309722954674,0.5316501866082279,23.30166651955293,140,120,20,85.71428571428571,904.4150726629327,-3538.123392479966,2761.894117475894,-8296.342969228597,1.533719950952311,8.564285714285715,34,71,47.88732394366197,15.49491143999102,-16.33566247477283,1.722125432096389,,0.6559388420319594,4
35,0.26,0.16,0.6,0.7,20,20,20000,60887.35739877121,40887.35739877121,204.4367869938561,20.536717009050157,0.780848567647082,0.7010886688693014,-37.430373982374206,0.5486644888645996,25.62324035187391,165,132,33,80.0,819.0587550074333,-1989.8726746124173,3232.020209546317,-8590.824677651572,1.6464546007537244,13.515151515151516,35,71,49.29577464788733,15.051150867639665,-17.402760517137107,1.83681441651536,,0.8345984296819541,359
30,0.26,0.1,0.6,0.9,24,20,20000,51552.22489421846,31552.22489421846,157.7611244710923,17.217522011583377,0.7781998116883384,0.661634864301422,-35.17889928905416,0.4894275363794731,20.61356346448709,193,141,52,73.05699481865285,739.768677575344,-1367.437666228942,2316.95887609135,-7831.672767836075,1.466912365679382,6.046632124352332,34,71,47.88732394366197,12.284829826779454,-13.838555161592192,1.5138265192917162,,0.8369324640317308,204
30,0.3,0.1,0.6,0.9,24,15,20000,64385.4488285288,44385.4488285288,221.927244142644,21.67173826839772,0.7766272765190289,0.8099448259771231,-43.31922774986164,0.5002798848016615,27.702288110775054,315,211,104,66.98412698412697,901.8169309698976,-1375.8021500588393,3569.581351721026,-9905.597393548149,1.3298771278947124,6.095238095238095,43,71,60.56338028169014,16.311373574788114,-15.406424062224945,1.975595469542256,,0.922762460566015,311
30,0.3,0.12,0.5,0.9,20,15,20000,73323.48304330144,53323.48304330144,266.61741521650725,24.35452239768974,0.7762908413811064,0.8285966864186765,-48.978062806009056,0.4972536887412728,32.354411054044704,246,185,61,75.20325203252033,978.8351712730956,-2058.8954695446077,4273.370440673039,-8562.588578130846,1.441840304263273,9.329268292682928,41,71,57.74647887323944,19.82375440714221,-25.406731238373016,2.31989995908336,,0.9042486209843972,282
45,0.24,0.1,0.4,0.9,20,10,20000,65533.6669113586,45533.6669113586,227.66833455679296,22.033112430117853,0.7746008155412076,0.9119327615477396,-39.42513977287505,0.5588594626943311,28.39405306231057,256,226,30,88.28125,583.2093251088955,-2846.378531796494,1803.4201939287232,-9784.18655272766,1.5435439102966788,13.13671875,45,71,63.38028169014085,19.64594023616735,-18.926766248411,1.9521602324974248,,0.7746008155412076,1
35,0.28,0.14,0.6,0.5,22,20,20000,58139.99029088345,38139.99029088345,190.6999514544173,19.60658199929137,0.773337115593106,0.6919493173190896,-30.30031079024366,0.6470752770497805,24.497544228707003,144,112,32,77.77777777777779,890.8585796987746,-1890.9084573556,3071.137680502309,-7622.947376079062,1.6489455197139389,11.78472222222222,36,71,50.70422535211267,14.338060325716809,-16.423207049931154,1.7353664412833234,,0.814137981840662,355
35,0.24,0.16,0.55,0.7,22,20,20000,58311.38034895358,38311.38034895358,191.55690174476788,19.66566523379729,0.7728342817230035,0.6825241263383492,-37.729557726884174,0.5212270277895289,24.621536563764074,156,120,36,76.92307692307693,920.5230124160656,-1937.507809471504,3102.748480371791,-12737.880833881738,1.583689121864164,11.352564102564102,34,71,47.88732394366197,20.48394581671113,-19.04440554444178,1.7781986111346486,,0.8095818135223611,336
35,0.28,0.14,0.6,0.7,22,20,20000,58198.65048763593,38198.65048763593,190.99325243817967,19.62682020426927,0.7728314292567715,0.6928632479185676,-31.798655575447874,0.6172216984992087,24.55198984841635,134,102,32,76.11940298507463,991.6201134724096,-1931.45315895468,3071.137680502309,-7622.947376079062,1.6364824055085827,11.835820895522389,35,71,49.29577464788733,14.245858573187853,-15.409356163087494,1.7379513914141056,,0.8141045530409372,485
35,0.24,0.16,0.6,0.7,22,20,20000,58394.22437699477,38394.22437699477,191.97112188497383,19.694172229743103,0.7714308518949696,0.6902118240814663,-31.537833791603337,0.6244617927749527,24.728250015760903,157,117,40,74.52229299363057,859.9459063073274,-1500.3986665240598,2849.801590047965,-8539.116281020633,1.676448954580964,12.012738853503183,34,71,47.88732394366197,13.38653484955008,-15.070961222066348,1.7378804044770826,,0.8103586942399592,335
35,0.28,0.16,0.55,0.7,24,20,20000,58269.20550954746,38269.20550954746,191.3460275477373,19.65113973593755,0.7711840312087808,0.6973471114629822,-38.08324550149107,0.5160048592803927,24.663755774707727,163,119,44,73.00613496932516,910.723937750526,-1554.546433699203,2924.441084354971,-8220.47062994156,1.5844456188598608,10.895705521472392,32,71,45.07042253521127,17.174935155666837,-16.402658953245087,1.7734975823308037,,0.839092180565834,282
35,0.3,0.12,0.6,0.7,24,20,20000,53735.74986532464,33735.74986532464,168.67874932662318,18.036188477686174,0.7709996331288228,0.6834176523389353,-36.4817957523685,0.4943887247248573,22.13192725307488,134,101,33,75.3731343283582,952.316054803326,-1864.5173233276169,2711.149318490573,-9798.336627763498,1.5632272505474454,11.126865671641792,34,71,47.88732394366197,14.40590014596106,-17.044465536477794,1.6070710760354168,,0.8487307441485571,422
30,0.28,0.08,0.55,0.3,22,20,20000,49093.07267491384,29093.07267491384,145.46536337456922,16.260213282402148,0.7708563983074214,0.6113556932288564,-27.232273635190683,0.5970934891528858,19.45157485785169,165,123,42,74.54545454545455,726.4918629543768,-1412.1720587732025,1839.0728733613412,-4136.056107526748,1.5066034621773463,6.478787878787879,35,71,49.29577464788733,10.532603555922782,-18.150486292921546,1.4474453411129726,,0.8367773613868059,113
35,0.3,0.1,0.6,0.9,24,20,20000,50902.65281012128,30902.652810121283,154.5132640506064,16.968411655581118,0.770621522473186,0.6678931565028832,-33.29797521311201,0.5095928970749948,20.51117904998991,121,90,31,74.3801652892562,966.8320809170814,-1787.0494991101912,2416.827363228265,-7920.551844221097,1.5707073862371546,10.84297520661157,33,71,46.478873239436616,14.015043027546811,-14.403203640605188,1.4994229618032022,,0.8483751619898932,360
35,0.3,0.08,0.55,0.9,22,20,20000,48659.04811617605,28659.04811617605,143.2952405808803,16.087128372856483,0.7696542964626794,0.6562002665088783,-29.854037201502464,0.5388593932631285,19.2183963438088,116,92,24,79.3103448275862,819.7962587603866,-1926.4878204074805,1894.993105596995,-8445.83456408866,1.631233943946478,10.577586206896552,34,71,47.88732394366197,13.141496591112013,-15.51201178769741,1.422373776992666,,0.8079109864249833,416
35,0.24,0.12,0.6,0.5,22,20,20000,52477.82708925114,32477.827089251143,162.3891354462557,17.56801444443652,0.7679658275838542,0.6608780607142702,-31.00032263000977,0.566704245440009,21.5373716502817,144,115,29,79.86111111111111,746.8683817068393,-1802.4357519667344,2359.06574919908,-7036.566808688365,1.6431761528630595,11.21527777777778,36,71,50.70422535211267,16.06697804617383,-16.444263235944444,1.566777141523036,,0.8296379450706447,304
35,0.3,0.08,0.5,0.5,22,20,20000,49534.78870062025,29534.78870062025,147.67394350310127,16.435062839635584,0.7676153313375024,0.6316319770833334,-32.717510131489746,0.5023323221597253,19.818402123632804,126,98,28,77.77777777777779,817.5597684857246,-1786.495307535026,1894.993105596995,-7011.893785840192,1.6017165998875338,10.325396825396826,34,71,47.88732394366197,16.463671667448022,-14.955209918380676,1.4692829309977264,,0.8213574669529571,232
30,0.3,0.08,0.5,0.9,20,15,20000,64962.37495646922,44962.37495646922,224.81187478234608,21.853976425573784,0.7668421761108549,0.795201186829059,-43.823353987427495,0.4986833374698678,28.57684777092096,231,179,52,77.48917748917748,815.9076436116426,-1916.01910096182,2683.8716418366703,-6553.362583162718,1.4658544669033375,8.787878787878787,44,71,61.97183098591549,16.49317611316874,-25.056802652577048,2.039581266309205,,0.9059753784729672,263
30,0.3,0.1,0.55,0.9,24,15,20000,63374.2009325244,43374.2009325244,216.871004662622,21.349002810861005,0.7662240053296551,0.7960456597460953,-43.67675567742421,0.4887955270426817,27.753510461219594,316,207,109,65.50632911392405,931.2038166622324,-1344.134762537224,3569.581351721026,-9905.597393548149,1.3156663941136155,5.955696202531645,43,71,60.56338028169014,16.633177464529815,-14.847154077580694,1.959797985922768,,0.9011631677791154,380
30,0.3,0.1,0.55,0.7,24,15,20000,63374.2009325244,43374.2009325244,216.871004662622,21.349002810861005,0.7662240053296551,0.7960456597460953,-43.67675567742421,0.4887955270426817,27.753510461219594,316,207,109,65.50632911392405,931.2038166622324,-1344.134762537224,3569.581351721026,-9905.597393548149,1.3156663941136155,5.955696202531645,43,71,60.56338028169014,16.633177464529815,-14.847154077580694,1.959797985922768,,0.9115670053162992,463
30,0.3,0.1,0.6,0.9,24,20,20000,52682.82191872614,32682.821918726146,163.4141095936307,17.644942017756748,0.7643227391203316,0.6535145781401692,-36.85392822397839,0.4787804955423004,21.796582541935457,195,137,58,70.25641025641025,803.54322849478,-1310.6344893975604,2855.6650813768206,-7429.198045161112,1.448172269105695,6.051282051282051,30,71,42.25352112676056,14.387693641030896,-14.51123081092308,1.5757778568998189,,0.8483751619898932,360
30,0.3,0.1,0.6,0.7,24,20,20000,52682.82191872614,32682.821918726146,163.4141095936307,17.644942017756748,0.7643227391203316,0.6535145781401692,-36.85392822397839,0.4787804955423004,21.796582541935457,195,137,58,70.25641025641025,803.54322849478,-1310.6344893975604,2855.6650813768206,-7429.198045161112,1.448172269105695,6.051282051282051,30,71,42.25352112676056,14.387693641030896,-14.51123081092308,1.5757778568998189,,0.8596401729173465,441
30,0.26,0.14,0.6,0.7,24,20,20000,56007.40662084155,36007.40662084155,180.03703310420778,18.85902289140695,0.7639802220588758,0.6643361855538891,-39.651854608577786,0.4756151528742675,23.733185543367448,205,138,67,67.31707317073172,932.3810820307044,-1340.5683984984405,2971.0972971402334,-9908.547123425837,1.4325466036818797,6.073170731707317,33,71,46.478873239436616,13.97152827799466,-16.680930593742193,1.688046828292212,,0.8409360562641653,457
30,0.26,0.14,0.6,0.9,24,20,20000,56007.40662084155,36007.40662084155,180.03703310420778,18.85902289140695,0.7639802220588758,0.6643361855538891,-39.651854608577786,0.4756151528742675,23.733185543367448,205,138,67,67.31707317073172,932.3810820307044,-1340.5683984984405,2971.0972971402334,-9908.547123425837,1.4325466036818797,6.073170731707317,33,71,46.478873239436616,13.97152827799466,-16.680930593742193,1.688046828292212,,0.847378259425855,400
30,0.26,0.12,0.6,0.9,24,20,20000,53571.96980078224,33571.96980078224,167.85984900391117,17.975752579003014,0.7639291292694138,0.6492788510672703,-38.57840410159742,0.4659537634491907,22.33448400011572,208,151,57,72.59615384615384,784.9098712071909,-1450.8389605526925,2971.0972971402334,-9111.875316303784,1.4331863823646291,5.918269230769231,31,71,43.66197183098591,13.409178710968316,-15.130954365107296,1.605251400596889,,0.8541258646843013,429
30,0.26,0.12,0.6,0.7,24,20,20000,53571.96980078224,33571.96980078224,167.85984900391117,17.975752579003014,0.7639291292694138,0.6492788510672703,-38.57840410159742,0.4659537634491907,22.33448400011572,208,151,57,72.59615384615384,784.9098712071909,-1450.8389605526925,2971.0972971402334,-9111.875316303784,1.4331863823646291,5.918269230769231,31,71,43.66197183098591,13.409178710968316,-15.130954365107296,1.605251400596889,,0.8511089577034867,483
35,0.26,0.14,0.6,0.9,22,20,20000,56935.95035683052,36935.95035683052,184.67975178415256,19.187377721638832,0.7627605641007194,0.6823838974725086,-29.779478153186435,0.6443154451175553,24.316392500008277,118,91,27,77.11864406779661,1053.1407976887183,-2136.120823438621,2795.327557288072,-7622.947376079062,1.6616450256051083,11.576271186440678,35,71,49.29577464788733,13.36307938083543,-15.375442862820854,1.7055403729504046,,0.8201221734444978,464
30,0.26,0.12,0.6,0.7,20,20,20000,57089.56317193966,37089.56317193966,185.44781585969832,19.24126853119674,0.7624648845012587,0.6456174995788937,-37.47803260471753,0.5134012431798449,24.428718852862787,170,126,44,74.11764705882354,957.208134239149,-1860.6286759589316,2834.615254573962,-10889.64890124942,1.4732095964086107,9.347058823529412,33,71,46.478873239436616,16.5401400126153,-17.136156075463592,1.7303124799871443,,0.8426571521504638,495
30,0.3,0.12,0.55,0.7,24,20,20000,55601.14869076083,35601.14869076083,178.00574345380414,18.71393410758,0.7619261430969846,0.658821323018446,-39.70895200982826,0.4712774616400896,23.596663905319065,193,135,58,69.94818652849742,936.4375430056032,-1534.6486140516477,3429.1344511694406,-9167.071691153924,1.4202854573760977,6.025906735751295,30,71,42.25352112676056,14.02261444381374,-15.379636279895603,1.6837055421223317,,0.832670570635956,498
30,0.3,0.12,0.55,0.9,24,20,20000,55601.14869076083,35601.14869076083,178.00574345380414,18.71393410758,0.7619261430969846,0.658821323018446,-39.70895200982826,0.4712774616400896,23.596663905319065,193,135,58,69.94818652849742,936.4375430056032,-1534.6486140516477,3429.1344511694406,-9167.071691153924,1.4202854573760977,6.025906735751295,30,71,42.25352112676056,14.02261444381374,-15.379636279895603,1.6837055421223317,,0.8308085737461592,436
35,0.3,0.12,0.55,0.9,22,20,20000,55054.3206074692,35054.3206074692,175.27160303734598,18.517243449003782,0.7612260128610904,0.6798752784092709,-32.54458293869059,0.5689808188320515,23.305044095106236,136,110,26,80.88235294117648,868.3639983008542,-2292.804584831717,2485.704705728305,-8296.342969228597,1.6023379006757543,11.294117647058824,34,71,47.88732394366197,20.288045165741053,-15.659611684237584,1.6784421834246694,,0.8053835892097146,513
30,0.24,0.14,0.6,0.7,20,20,20000,58521.9247982215,38521.9247982215,192.6096239911075,19.738048650944595,0.7608236787540897,0.650953524916188,-40.787776353940586,0.4839206844635369,25.326166239761605,179,128,51,71.50837988826815,1006.1808604111744,-1724.4338300864445,3094.041551847469,-11830.30120588962,1.4644323401731625,9.547486033519553,32,71,45.07042253521127,17.793798831559048,-18.027289145766368,1.7867562252161924,,0.8416591197644041,383
30,0.26,0.12,0.6,0.5,22,15,20000,67332.8736365825,47332.8736365825,236.6643681829125,22.588910969437247,0.7605845181403343,0.7822672585747981,-41.37588006097485,0.5459439397095215,30.281224768747904,318,213,105,66.98113207547169,885.7270956513663,-1311.416168925317,3780.2892359799953,-7420.546377285402,1.3700919069972497,7.0251572327044025,44,71,61.97183098591549,16.842534713339475,-15.681530259636368,2.0500425102969206,,0.8892387796831739,352
30,0.26,0.08,0.6,0.7,20,20,20000,50354.01333085971,30354.013330859707,151.77006665429852,16.755939446840284,0.7605780398878849,0.6389584483529404,-33.90361807359677,0.494222752582544,20.55444149650627,136,103,33,75.73529411764706,897.278739428483,-1852.9271766749669,2207.3046704943463,-8450.219601018662,1.5114448710476136,9.139705882352942,33,71,46.478873239436616,13.92961399421635,-14.555930112451342,1.4776803041013484,,0.8081473366107764,132
35,0.28,0.12,0.6,0.7,22,20,20000,54120.82546455001,34120.82546455001,170.60412732275006,18.17768219976219,0.7598242553235138,0.6784820690415899,-30.22560656931441,0.6014000796998564,22.81993505214696,129,98,31,75.96899224806202,931.7305181824586,-1816.3666231397024,2485.704705728305,-7036.566808688365,1.6216278326518834,11.457364341085272,36,71,50.70422535211267,13.15792237653115,-14.025941862922508,1.605954117565604,,0.8323947458170251,765
35,0.3,0.12,0.55,0.9,24,20,20000,53026.31797267676,33026.31797267676,165.1315898633838,17.77328773946827,0.759674585259902,0.6742148792540649,-36.5607756292936,0.4861299420909379,22.181793778697035,150,110,40,73.33333333333333,856.8610552438088,-1507.6024526035503,2544.0459681131056,-7676.074580756912,1.5629902285255308,10.806666666666668,33,71,46.478873239436616,13.746026566648762,-14.718102885299531,1.5818014177708466,,0.8308085737461592,436
30,0.3,0.1,0.5,0.9,24,15,20000,63029.75301245086,43029.75301245086,215.14876506225437,21.238094967789856,0.7595951182248893,0.7973358842796339,-42.78047880108299,0.4964436014505806,27.93928377070283,330,218,112,66.06060606060606,900.4766219560167,-1341.4861658389334,3569.581351721026,-9905.597393548149,1.306546030448678,5.742424242424242,43,71,60.56338028169014,16.67184503592114,-15.573204891920788,1.9417213296670024,,0.9093580253573283,309
30,0.28,0.1,0.5,0.7,20,20,20000,55906.63460733514,35906.63460733514,179.5331730366757,18.82311560165524,0.759494078658111,0.6424720757195711,-36.9469894509672,0.5094627703465698,23.88093413511808,156,119,37,76.28205128205127,929.170858225942,-1986.9756086905911,2368.3485215383566,-7794.1235778410755,1.5040015432454987,8.461538461538462,30,71,42.25352112676056,17.794576054116607,-15.82250136769968,1.695799042365458,,0.8424126616444959,500
35,0.28,0.1,0.5,0.7,22,20,20000,51540.316618558856,31540.316618558856,157.70158309279427,17.212978764480226,0.75891141685592,0.6416614408951976,-37.09810898715109,0.4639853414210932,21.337737613646077,122,100,22,81.9672131147541,915.2594141063078,-2690.514763275992,2253.91359376583,-10533.09908740743,1.5462728994856,10.155737704918034,35,71,49.29577464788733,17.11573476403341,-18.05057547327439,1.5569049712000735,,0.8146406990965143,579
35,0.3,0.12,0.6,0.9,22,20,20000,55273.53202178552,35273.53202178552,176.3676601089276,18.59628682824903,0.7587912019533155,0.6815700927215254,-31.50316226480941,0.5902990522644135,23.540759450529038,124,97,27,78.2258064516129,973.4898089165736,-2160.3992386341506,2711.149318490573,-7944.294771331332,1.6188453568837395,11.806451612903226,36,71,50.70422535211267,14.116105193170082,-14.869525815204176,1.66267669476842,,0.8223633046718551,428
35,0.22,0.16,0.6,0.9,22,20,20000,56408.613532076335,36408.613532076335,182.04306766038167,19.001450728482222,0.7585038799557425,0.6642099488232172,-32.31619017403352,0.5879854842465353,24.22033041913935,173,128,45,73.98843930635837,756.8740559411933,-1283.48590285325,2509.0381944380783,-8308.674472080136,1.6773742499080766,11.919075144508671,35,71,49.29577464788733,20.383013931068984,-15.77955676332763,1.716577162278499,,0.7601912996023051,102
30,0.3,0.1,0.6,0.5,24,20,20000,51903.58940669124,31903.58940669124,159.51794703345618,17.351183192581622,0.7575554215941714,0.650048361921416,-35.47842604487683,0.4890629356170995,21.604083991069707,193,136,57,70.46632124352331,794.0714554069101,-1311.2180443622522,2498.7069462047184,-7399.795246282507,1.4449363617216406,6.036269430051814,30,71,42.25352112676056,14.133704856268016,-13.818843034484596,1.557055688426541,,0.8601685291850699,234
35,0.28,0.14,0.6,0.7,24,20,20000,54154.77472686293,34154.77472686293,170.77387363431467,18.190116423410107,0.7569113954346486,0.6625659959311382,-35.91192245970934,0.5065202633977098,22.974567833492443,144,107,37,74.30555555555556,924.4280651343332,-1717.6034660138034,2547.4047290669323,-8709.632558011996,1.5564395852108766,11.11111111111111,34,71,47.88732394366197,15.869720093287444,-14.908846025662026,1.638890390158107,,0.8405352162928589,415
30,0.28,0.14,0.4,0.3,20,10,20000,77114.51275699702,57114.51275699702,285.5725637849851,25.41073575112236,0.7568940562420714,0.8679110163640396,-54.43584745650804,0.4668015092706047,36.00148041417378,375,277,98,73.86666666666667,937.3719556198566,-2012.5471321398256,3955.507151305432,-10965.490098178265,1.316496138305252,7.378666666666667,44,71,61.97183098591549,24.35739177739449,-21.841498218852927,2.5123035064676347,,0.5879148338536654,2
30,0.2,0.14,0.5,0.9,22,20,20000,53270.26909966894,33270.26909966894,166.35134549834473,17.864019410257836,0.7566705303882678,0.630956173900311,-36.0476918625228,0.4955662481355781,22.46280081069099,212,158,54,74.52830188679245,768.3625201593717,-1544.402020102069,2372.3894868256475,-7670.266152394673,1.4556908039368577,6.311320754716981,33,71,46.478873239436616,13.681875060165517,-17.327000311729368,1.5929554257402772,,0.5783075335813861,8
35,0.26,0.1,0.5,0.9,22,20,20000,51382.52277028423,31382.52277028423,156.91261385142116,17.15269459940152,0.7557251057689566,0.6306607918040635,-34.28465181577604,0.5003024295410441,21.370324698930222,126,104,22,82.53968253968253,848.7476255463639,-2546.6059221153405,1939.0964555034288,-9208.811071280654,1.575532934930907,10.11111111111111,36,71,50.70422535211267,16.693150646249922,-17.112164593652203,1.547139862522805,,0.7749548686615394,159
40,0.18,0.16,0.5,0.7,22,10,20000,61028.63131749989,41028.63131749989,205.14315658749948,20.583594668567763,0.7553036572601509,0.7974449392542087,-42.37133299737456,0.4857905855792447,27.06185181031957,203,166,37,81.77339901477832,752.3943146144401,-2168.081682839177,2107.555336482539,-9145.281988773928,1.556955603539104,12.310344827586206,49,71,69.01408450704226,15.884931039308592,-23.051545850073897,1.913868070116476,,0.5391914544981036,3
30,0.3,0.08,0.6,0.7,24,20,20000,49263.05517104091,29263.055171040916,146.31527585520456,16.327653795217543,0.7541186042915066,0.6307375213371269,-34.971254037958495,0.4668878553081105,20.131300900163403,190,136,54,71.57894736842105,722.8072904717454,-1257.9117839465985,2348.3848235850305,-7429.198045161112,1.4471631235235851,6.042105263157895,31,71,43.66197183098591,11.761257388873258,-13.543966739468472,1.444366238649711,,0.872244790320052,364
30,0.3,0.12,0.5,0.9,20,20,20000,58834.96572896485,38834.96572896485,194.17482864482423,19.8452698642714,0.7539828069271172,0.6589163965354741,-40.20073879479212,0.4936543570896336,25.847081462451893,161,122,39,75.77639751552795,1087.4731085607102,-2370.203936293376,3036.74588500096,-8893.939143468515,1.4352515844289433,8.645962732919255,30,71,42.25352112676056,20.60058147446766,-15.978903007005709,1.811560510376392,,0.8360426245037458,324
30,0.28,0.14,0.55,0.5,20,20,20000,59739.4999755661,39739.4999755661,198.6974998778305,20.15244052498421,0.753452974421361,0.6462473352548475,-37.99961290042105,0.5303327846468909,26.405407037045908,176,128,48,72.72727272727273,1025.3577218401615,-1870.0351754161336,3087.7155963258,-8888.348020929629,1.4621581958382026,9.232954545454543,33,71,46.478873239436616,18.19309940478644,-17.57801834060101,1.8295635594037043,,0.8390327686423904,319
35,0.3,0.1,0.55,0.9,22,20,20000,51977.11323829722,31977.11323829722,159.8855661914861,17.379056786878433,0.753119400734416,0.6522016416799516,-30.152265420622754,0.5763764859602212,21.829861810745783,119,94,25,78.99159663865547,907.3880260453558,-2106.226448398647,2253.91359376583,-8691.549382839477,1.6198538293565232,11.092436974789916,34,71,47.88732394366197,18.693480674864183,-15.530474564215224,1.5702896425747406,,0.8009113448794103,521
35,0.26,0.14,0.6,0.7,24,20,20000,53229.6449748368,33229.6449748368,166.14822487418402,17.84893428782679,0.7524452167471523,0.6588421655132275,-36.19932418892887,0.4930736881901699,22.61580382139905,149,110,39,73.8255033557047,869.4387655567632,-1566.9210060617174,2478.444950390844,-8086.841725831554,1.565020301225767,11.073825503355703,34,71,47.88732394366197,14.907271115817975,-15.1168022346723,1.6070517351931066,,0.8404783080841913,458
30,0.3,0.12,0.5,0.3,22,20,20000,55711.54764681117,35711.54764681117,178.55773823405582,18.753448469716385,0.7516436376977834,0.6290214648135938,-30.66212297721494,0.6116161129368666,24.15424447175181,176,129,47,73.29545454545455,932.3584526992488,-1767.7572925828067,2515.535282273704,-5604.480373179098,1.4476118425240538,6.511363636363637,34,71,47.88732394366197,14.5702483949107,-22.149573809314028,1.7258691253660288,,0.8267332832037282,58
35,0.26,0.16,0.6,0.7,24,20,20000,55685.68980185772,35685.68980185772,178.4284490092886,18.744199191687727,0.7511146429008079,0.6733741138540779,-37.96761401791238,0.4936891526247759,24.14033255896097,151,112,39,74.17218543046357,956.5745264579456,-1784.3681323444082,3078.8824984027683,-9467.4296903026,1.5395286262831045,11.072847682119203,34,71,47.88732394366197,16.92314061938296,-16.336650882345328,1.7006674618979372,,0.8396180729316615,352
35,0.26,0.14,0.6,0.5,24,20,20000,53249.17770624036,33249.17770624036,166.2458885312018,17.85618865230989,0.7503362256471209,0.6574844069600628,-36.43734812797712,0.4900518168774102,22.71884849856963,147,109,38,74.14965986394559,875.481505921011,-1601.9922747144672,2478.444950390844,-8051.748641957246,1.567579084125747,11.020408163265309,34,71,47.88732394366197,14.907271115817975,-15.562825628984031,1.6112151949625004,,0.8401320016311895,355
35,0.12000000000000001,0.1,0.9,0.4,17,20,20000,29280.446163553424,9280.446163553424,46.40223081776712,6.604362978302669,0.7502735886994322,0.6125710885501342,-9.88095320231448,0.6683933060988171,6.1123438239105345,57,43,14,75.43859649122807,340.4889906851021,-347.0557454218537,1412.1354172273052,-1719.3198889292673,3.0133130715814027,19.649122807017545,33,71,46.478873239436616,7.7856205994609295,-4.222614905875188,0.5540695247651888,,0.7502735886994322,1
30,0.28,0.1,0.6,0.7,24,20,20000,50894.0494024576,30894.049402457604,154.470247012288,16.96509454589641,0.750257932317501,0.636757073235692,-34.30333874612269,0.4945610300925584,21.281827462614817,182,132,50,72.52747252747253,773.3145168082002,-1394.7313363244966,2403.9966758855508,-7429.198045161112,1.463758841006397,6.043956043956044,32,71,45.07042253521127,12.925690497479293,-13.358006619375706,1.5032189248628764,,0.8614762601838801,535
30,0.3,0.12,0.6,0.9,24,20,20000,54256.68363419633,34256.68363419633,171.28341817098166,18.22740255657964,0.7490031541067067,0.6522160141788501,-40.1326671835599,0.4541786986947725,23.386720663119952,194,133,61,68.55670103092784,932.1614386510876,-1441.7211099409533,3429.1344511694406,-9167.071691153924,1.4097161711420083,6.139175257731959,30,71,42.25352112676056,14.70710877263366,-15.396720269785458,1.643677537263207,,0.8494900356877683,367
35,0.24,0.14,0.6,0.7,22,20,20000,53921.22458408167,33921.22458408167,169.60612292040835,18.104445022539476,0.748838949803146,0.6543417215374652,-30.127206513016425,0.600933412618839,23.19325795171988,137,103,34,75.18248175182481,897.1932377113211,-1677.9964382407163,2655.561179423668,-7036.566808688365,1.619769677453471,11.532846715328468,36,71,50.70422535211267,12.94966136676987,-15.79397758693828,1.612463238090085,,0.8139399946810061,438
30,0.28,0.12,0.55,0.7,20,20,20000,56760.20224748973,36760.20224748973,183.80101123744865,19.12557274014037,0.7485872780215743,0.6349748778008293,-34.27688987541554,0.5579728152015867,24.9128391596858,150,113,37,75.33333333333333,1020.2510357916384,-2086.4395891071704,2783.6837279175465,-8113.76741240128,1.493406196987308,9.18,33,71,46.478873239436616,17.459744724923,-15.171020042479622,1.7283019083823037,,0.8424495843835459,755
30,0.3,0.12,0.55,0.9,22,15,20000,67117.64903575392,47117.64903575392,235.5882451787696,22.523080804408835,0.7485257863118443,0.7931518008020999,-41.880207923700056,0.5377977312205033,30.983955647246525,294,201,93,68.36734693877551,966.4082641594786,-1550.665721078509,3780.2892359799953,-7598.472448651138,1.3469626629375218,6.840136054421769,42,71,59.15492957746479,18.104962775539523,-17.37546653130806,2.1061103835779,,0.8726144645466954,445
30,0.28,0.1,0.6,0.5,22,15,20000,62373.97765053005,42373.97765053005,211.86988825265024,21.025541924623447,0.7474498931530419,0.7665381524070023,-38.70898302769029,0.5431695766737897,28.30706396887092,294,194,100,65.98639455782312,872.5983022221034,-1244.3879298055788,2993.5526335575905,-7102.359791343467,1.3603802044072923,6.918367346938775,42,71,59.15492957746479,16.84903966816762,-20.56528835522145,1.9294315123458343,,0.8967709597127214,285
35,0.26,0.16,0.6,0.5,20,20,20000,57629.77880730177,37629.77880730177,188.1488940365089,19.429834827591776,0.7463570664510615,0.6638650188430915,-41.247506126676114,0.4710547776614757,25.545697721955623,158,122,36,77.21518987341773,883.5986997096695,-1906.210071035492,3232.020209546317,-10403.80084701286,1.570875036903011,13.632911392405065,34,71,47.88732394366197,15.104920865870833,-17.018689659687258,1.7551342260869631,,0.8416360350804218,298
30,0.28,0.14,0.55,0.7,24,20,20000,55429.897719377885,35429.897719377885,177.14948859688943,18.65250999688719,0.7463101218970147,0.6531963399392301,-38.79735875206517,0.4807675212141682,24.216232034727003,210,151,59,71.9047619047619,842.568279938746,-1514.5171618876727,2971.0972971402334,-10149.659759126114,1.423822468425063,5.933333333333334,32,71,45.07042253521127,14.64753128571119,-17.12602559128421,1.6814289420888149,,0.8378821504415934,438
30,0.28,0.14,0.55,0.9,20,20,20000,58653.158463790576,38653.158463790576,193.2657923189529,19.78305611667604,0.7460995649977825,0.6459485400723282,-39.48331782781314,0.5010484732552112,26.16249767494872,183,134,49,73.224043715847,983.7717043890444,-1865.870406619207,2850.199011993046,-10779.785989559732,1.4418549366326388,9.087431693989071,32,71,45.07042253521127,18.26564574416396,-17.270828836800856,1.794646622544918,,0.8383100301299603,393
30,0.26,0.16,0.6,0.5,20,20,20000,60720.41619404439,40720.41619404439,203.60208097022192,20.48120557869708,0.7459381617954413,0.6407604913079664,-41.074059927252485,0.4986408846598551,27.413042780666892,186,133,53,71.50537634408603,1034.5448433426084,-1777.5292069909865,3384.730370203077,-9266.028091864377,1.4605228173797042,9.672043010752688,33,71,46.478873239436616,18.31636369758458,-17.958945944362593,1.8852225097848447,,0.8416360350804218,298
45,0.24,0.14,0.4,0.9,18,10,20000,67550.91745284089,47550.91745284089,237.75458726420445,22.655425108266613,0.7456323755676965,0.8881221275838234,-43.65862736162341,0.5189220659782142,31.40755315743548,265,224,41,84.52830188679246,653.690294640542,-2357.092097013319,2144.039748962916,-9980.076609900878,1.5151640135164353,13.89056603773585,43,71,60.56338028169014,20.234940279549107,-19.28680389924452,2.055607336288935,,0.7456323755676965,1
30,0.3,0.12,0.55,0.7,20,15,20000,67831.00504489003,47831.00504489003,239.15502522445013,22.740603989974797,0.7450094230579466,0.7939101251800632,-48.89056214076492,0.4651327985245989,31.65162223956149,249,185,64,74.29718875502009,940.1472534521648,-1938.2818256837531,3840.227202691765,-8058.906897064326,1.4020732787666164,9.57429718875502,42,71,59.15492957746479,18.41884962374527,-26.596822384189966,2.168548308967948,,0.8972119655608225,439
30,0.26,0.12,0.55,0.9,24,20,20000,51980.1869312682,31980.1869312682,159.90093465634098,17.38022133882462,0.7430141593292097,0.6327183772135422,-38.57497697741535,0.45055688170599,22.257628554368207,209,150,59,71.77033492822966,791.7017929300297,-1432.733593359936,2971.0972971402334,-9111.875316303784,1.4048677142733226,5.875598086124402,31,71,43.66197183098591,13.250073040647026,-15.231802028394526,1.567484100183386,,0.848102898389454,454
30,0.26,0.12,0.55,0.7,24,20,20000,51980.1869312682,31980.1869312682,159.90093465634098,17.38022133882462,0.7430141593292097,0.6327183772135422,-38.57497697741535,0.45055688170599,22.257628554368207,209,150,59,71.77033492822966,791.7017929300297,-1432.733593359936,2971.0972971402334,-9111.875316303784,1.4048677142733226,5.875598086124402,31,71,43.66197183098591,13.250073040647026,-15.231802028394526,1.567484100183386,,0.8456047525769765,510
35,0.3,0.08,0.5,0.9,22,20,20000,48456.36465240894,28456.36465240894,142.2818232620447,16.005859656911483,0.7428587056960735,0.610671558840966,-33.90627989760361,0.4720618040448232,20.04056291678985,116,93,23,80.17241379310344,848.9173019457135,-2171.3801925453195,1894.993105596995,-8445.83456408866,1.5808280224154687,9.95689655172414,35,71,49.29577464788733,17.13970358799437,-15.49255720909083,1.4454672120241367,,0.8146561063711231,346
35,0.24,0.08,0.5,0.3,20,20,20000,45553.24604865284,25553.246048652843,127.76623024326422,14.809608790475348,0.7421103229764084,0.5991093497074805,-32.58762753964636,0.4544549544902543,18.17905474040685,116,96,20,82.75862068965517,746.9637021122275,-2274.3534677060406,1668.5663359379475,-5708.445500013842,1.576459341544226,10.025862068965518,37,71,52.11267605633802,11.694226404575602,-14.58749118492042,1.3210335294827706,,0.7808873979885306,6
35,0.3,0.12,0.6,0.7,22,20,20000,53803.86186963928,33803.86186963928,169.0193093481964,18.06127712150396,0.7419079282602151,0.6667643856809103,-31.77132307944858,0.5684773365068632,23.43078857962975,141,109,32,77.30496453900709,846.3616398909858,-1801.1986524524395,2711.149318490573,-7149.865294198198,1.6005560141594617,12.00709219858156,36,71,50.70422535211267,13.976870992251712,-14.869525815204176,1.6271354437790555,,0.8206182146914062,493
35,0.22,0.08,0.5,0.5,24,20,20000,44372.0042650128,24372.004265012794,121.86002132506395,14.304640472285987,0.7416438975740585,0.5938030377219855,-26.724183763000397,0.5352694996840558,17.4072732039662,137,110,27,80.2919708029197,560.5839787160699,-1351.8234590279546,1266.9960635147877,-4354.915957382662,1.6894666524508095,8.875912408759124,33,71,46.478873239436616,10.620575054016012,-12.243655350293436,1.2514190234653666,,0.6388885705319858,2
30,0.3,0.12,0.5,0.7,20,20,20000,57741.44040025532,37741.44040025532,188.70720200127656,19.4686275654286,0.7408957264039656,0.6407281130627871,-39.7238841346711,0.4900987904260936,25.9004797979691,168,130,38,77.38095238095238,1001.0534638289192,-2395.4028920395785,2783.6837279175465,-8893.939143468515,1.4296787392901589,8.446428571428571,31,71,43.66197183098591,19.11792455899004,-16.20993125600637,1.7831363189189733,,0.8419719536219515,371
30,0.3,0.1,0.55,0.9,20,20,20000,54676.43897832375,34676.43897832375,173.38219489161875,18.380369639427528,0.7399844189152956,0.6333914799040993,-43.73015247270114,0.4203134130598241,24.06830716136554,157,118,39,75.15923566878982,1048.7827895949515,-2256.134107535393,2754.821852472195,-10494.543597075964,1.4064945096066044,8.643312101910828,33,71,46.478873239436616,17.918387174688544,-16.537893609729547,1.6656957715969298,,0.8244466047285686,448
30,0.3,0.12,0.5,0.9,24,20,20000,53433.91296173975,33433.91296173975,167.16956480869874,17.92468916261518,0.7395340167994453,0.6469185626376202,-38.901103876213774,0.460775848923282,23.31229945377506,193,137,56,70.98445595854922,904.365523268093,-1583.140423678373,3429.1344511694406,-9167.071691153924,1.3975169997854169,5.782383419689119,30,71,42.25352112676056,14.178650145120876,-14.91188378378746,1.6252093425783714,,0.8414191204348676,317
30,0.28,0.08,0.55,0.9,20,20,20000,50671.59360173012,30671.59360173012,153.3579680086506,16.87916254897608,0.7389115785983787,0.6177480747491494,-34.17354214853797,0.4939248754375382,21.602456188341318,134,99,35,73.88059701492537,958.7469794835582,-1811.2244962040577,2036.1741645759955,-6132.359324356459,1.4972657001271157,8.537313432835822,31,71,43.66197183098591,14.557905984596363,-14.729235347823366,1.4967440177046858,,0.8308387288475619,401
30,0.3,0.1,0.55,0.7,20,20,20000,54415.20945991528,34415.209459915284,172.07604729957643,18.28528783775012,0.7378378438819214,0.631163578643449,-43.08285682507739,0.424421433146623,24.011744657876505,153,115,38,75.16339869281046,1070.049418231535,-2304.0782535976577,2754.821852472195,-10889.64890124942,1.4054676506124877,8.660130718954248,32,71,45.07042253521127,17.933350562083984,-17.376684557653512,1.6612148625128085,,0.8353454730536808,544
30,0.26,0.1,0.6,0.5,20,20,20000,52046.86827311566,32046.86827311566,160.2343413655783,17.405471277067885,0.7367497257812811,0.6137179028946239,-37.813493842979256,0.4602978859701302,22.57671618850083,142,107,35,75.35211267605634,987.4501739378304,-2069.4257239494887,2315.196830499887,-9312.2418924829,1.4587507109350075,9.112676056338028,33,71,46.478873239436616,16.055170787793216,-16.334329907751886,1.564297495968445,,0.8035439955296912,130
30,0.3,0.12,0.55,0.7,22,15,20000,65411.03047729824,45411.03047729824,227.0551523864912,21.99476804508791,0.7356681971857739,0.7790865239237635,-41.54981789502977,0.5293589517204345,30.90400179889807,301,202,99,67.109634551495,938.5088110522424,-1427.4297914672193,3780.2892359799953,-6754.197732134345,1.3415280957933997,6.857142857142857,42,71,59.15492957746479,17.843877610127244,-18.120307621250177,2.069510898976032,,0.8745915318345344,507
30,0.26,0.16,0.6,0.9,20,20,20000,59309.28694871333,39309.28694871333,196.54643474356664,20.0068307989014,0.7352798734514995,0.639982963015371,-42.02793931505739,0.4760364444452676,27.17853056655084,197,144,53,73.09644670050761,964.2065137829763,-1827.7632270950016,3384.730370203077,-12844.736046894675,1.4332988357230196,9.715736040609135,33,71,46.478873239436616,17.59183009919283,-18.35143823470994,1.8374464986903103,,0.8391650841405224,313
35,0.3,0.14,0.5,0.3,18,10,20000,69560.39302362608,49560.39302362608,247.8019651181304,23.26014786347708,0.7345507147731919,0.817813898365254,-49.10553600338913,0.4736766922139231,33.579732718666655,321,245,76,76.32398753894081,787.5223620081484,-1880.97477225508,3042.364260763439,-6563.089287890333,1.3496849831741282,11.654205607476635,46,71,64.7887323943662,19.992557180135066,-21.01075555318458,2.306967111779077,,0.6623102554269963,4
35,0.22,0.14,0.6,0.7,22,20,20000,53036.42214543429,33036.42214543429,165.18211072717145,17.77705262924172,0.7338551988833908,0.6316510854598557,-31.999331731273735,0.555544496320458,23.33489382505925,129,100,29,77.51937984496125,906.256186919531,-1923.1205705696104,2303.9695590479123,-7265.725009743687,1.6249742122407216,11.317829457364342,35,71,49.29577464788733,19.96488010508244,-15.106469988806792,1.6019434851015415,,0.7558419979818594,158
35,0.24,0.12,0.6,0.9,22,20,20000,50453.8209037544,30453.8209037544,152.269104518772,16.794734922577014,0.7337237830448602,0.6380078706965396,-32.41634982127323,0.51809457311432,21.68207223516625,146,115,31,78.76712328767124,731.177685550557,-1693.8617075664376,2271.907871191607,-7101.613382803556,1.6013310517066786,11.45890410958904,36,71,50.70422535211267,17.486279722703046,-16.398199187546115,1.5173760573615376,,0.8302258218283802,362
35,0.3,0.12,0.55,0.9,22,15,20000,62293.129389199246,42293.129389199246,211.4656469459962,20.999208384247822,0.733022720669525,0.7944026208007835,-39.96735635022469,0.5254089912837023,29.15305881988406,200,147,53,73.5,981.8218015647614,-1897.0976498268035,3137.1257943479723,-9481.53482197554,1.4354380382669882,11.665,41,71,57.74647887323944,19.09201178894959,-18.855850943557417,1.990731707615169,,0.8726144645466954,445
30,0.24,0.16,0.6,0.5,22,15,20000,66691.72813787831,46691.72813787831,233.45864068939156,22.39228600724324,0.7327902661131831,0.7604398566993079,-45.42199156883705,0.4929833596861933,31.913324842280204,380,253,127,66.57894736842105,852.4501350702283,-1273.285480589676,3082.370195698915,-9124.285400208708,1.3337056694984442,7.121052631578947,40,71,56.33802816901409,17.614015715954157,-18.428608135081117,2.0743870713006958,,0.8942308752187758,244
30,0.3,0.14,0.55,0.7,20,15,20000,69707.37182343444,49707.37182343444,248.5368591171722,23.30380592430199,0.7325170469792894,0.7898847440449424,-51.76105481602823,0.4502189147251647,33.776881982965776,280,210,70,75.0,905.8516647564676,-1970.3068253631911,3600.21300252353,-10260.238097216088,1.3792547228112404,9.510714285714286,44,71,61.97183098591549,19.299148969285017,-26.60986035833718,2.266634140248218,,0.8680200307885273,166
30,0.24,0.14,0.6,0.5,22,15,20000,64499.738502125234,44499.738502125234,222.49869251062617,21.7079474767637,0.7323245618105455,0.7554136284683044,-41.12863415117329,0.5278061847853616,30.601993283226697,337,228,109,67.65578635014838,836.7004589716948,-1293.5932673708323,2989.5801438912936,-8211.856860187838,1.3529464570404852,7.032640949554896,41,71,57.74647887323944,16.74999496898495,-17.122216425266878,1.9956997579535003,,0.8892138230969123,298
35,0.3,0.08,0.6,0.9,22,20,20000,46826.19199825645,26826.19199825645,134.13095999128225,15.341723745690228,0.7322981084296948,0.6357376580777837,-28.06971753460832,0.5465578243448578,19.35203069278341,101,81,20,80.19801980198021,893.8320501327726,-2253.8802031249065,2071.5663113385126,-6756.667651270928,1.6061278669641488,11.227722772277229,35,71,49.29577464788733,13.263906735531862,-15.200344060083392,1.3687690322211403,,0.8296865043023846,338
30,0.22,0.12,0.4,0.7,18,20,20000,54110.48965865487,34110.48965865487,170.55244829327435,18.17389532865081,0.7322228377204476,0.6217583593435166,-38.8354927838985,0.4679712815743091,24.092053705464984,165,131,34,79.39393939393939,817.8911023338153,-2078.027786678674,2240.278687773974,-7445.309094258821,1.5164793879333054,6.666666666666667,32,71,45.07042253521127,14.96406310443643,-14.594450597971198,1.639994337593495,,0.447794736198445,2
30,0.28,0.1,0.55,0.9,20,20,20000,53127.4011761196,33127.4011761196,165.637005880598,17.810925233702445,0.7321906178334487,0.6182750520610388,-38.459208086149786,0.4631121159282696,23.46976327362101,158,118,40,74.68354430379746,924.8746588129744,-1872.9277140952795,2343.954053294419,-7794.1235778410755,1.4567461536102175,8.79746835443038,33,71,46.478873239436616,15.99473835798184,-15.010859254230011,1.6001102270503642,,0.8303735935760673,544
30,0.28,0.14,0.6,0.9,20,20,20000,57647.55127300289,37647.55127300289,188.2377563650145,19.436013404372552,0.731605522285991,0.6378853640827675,-39.25831247399709,0.4950802054277314,26.353723337168628,180,130,50,72.22222222222221,986.4887795547436,-1779.0558013822715,3031.523033142891,-10779.785989559732,1.4417034164130813,9.661111111111111,33,71,46.478873239436616,16.957359768332946,-17.335817406447774,1.769331022361118,,0.8421722525168914,373
30,0.26,0.08,0.55,0.9,24,20,20000,46065.07933712089,26065.079337120893,130.32539668560446,15.025034071394815,0.7313773865391504,0.6102728705561872,-35.12396433965149,0.4277715899635235,18.876264341663088,188,135,53,71.80851063829788,678.4141103888331,-1211.8853880258762,1779.634100988483,-7831.672767836075,1.425907068960852,5.872340425531915,33,71,46.478873239436616,11.298370231364196,-14.709039026791594,1.3354309596056348,,0.8100141015972628,131
30,0.26,0.08,0.55,0.5,24,20,20000,46058.65667057757,26058.65667057757,130.29328335288787,15.022343207524267,0.729722994412174,0.604723030382949,-35.13581386986298,0.4275507396289281,18.93120766981909,189,136,53,71.95767195767195,672.9991474588439,-1210.911837430661,1779.634100988483,-7780.074586289676,1.4261494150043974,5.873015873015873,33,71,46.478873239436616,11.298370231364196,-14.723423111780098,1.3352824989173604,,0.7932237524169006,78
30,0.24,0.1,0.6,0.9,24,20,20000,48154.66736984528,28154.66736984528,140.77333684922638,15.884364463288536,0.729597696876728,0.6103428070446141,-33.857296717564594,0.4691563120291289,20.343039578936214,198,142,56,71.71717171717171,664.5538477231347,-1152.8514108364234,2059.5190009700887,-6852.713671856565,1.461696337844052,5.94949494949495,31,71,43.66197183098591,12.731344670495858,-13.819206652295843,1.4133994193898285,,0.8468679450404458,116
30,0.26,0.12,0.55,0.7,20,20,20000,54864.410652771294,34864.410652771294,174.32205326385647,18.44855357542723,0.7291298573488413,0.6228985562783176,-39.26379763073024,0.4698616712762463,24.731970161359925,174,134,40,77.01149425287356,862.4130104778901,-1976.4583187816477,2440.6293628926546,-7794.1235778410755,1.4617477928306912,8.959770114942529,32,71,45.07042253521127,16.71022219562279,-15.470108132122071,1.6811625243257386,,0.8367472103467442,522
45,0.28,0.08,0.5,0.5,18,10,20000,56337.84322540523,36337.84322540523,181.68921612702616,18.976388749805608,0.7289980651071803,0.816077458927261,-41.807647068789855,0.4538975541623297,25.68474937727327,237,204,33,86.07594936708861,542.433595235414,-2256.1346313209865,1587.1115006019966,-7070.984307995398,1.4862702849838108,14.890295358649787,45,71,63.38028169014085,17.80096163179026,-17.263842698471844,1.7366943443343532,,0.7289980651071803,1
35,0.3,0.12,0.55,0.7,22,20,20000,52815.30447514352,32815.304475143515,164.07652237571756,17.69452578839552,0.7287403028663031,0.6439956889866327,-33.55919428422519,0.5272631291005992,23.429531872231017,130,103,27,79.23076923076923,910.38842354875,-2226.7667833473206,2485.704705728305,-9891.280926817151,1.5596439067449392,11.33846153846154,34,71,47.88732394366197,20.621322250246976,-17.03011255869259,1.624200438639526,,0.8061812784775249,586
30,0.26,0.14,0.55,0.7,24,20,20000,53333.99125133168,33333.991251331674,166.66995625665837,17.887662342006273,0.7285408650489636,0.6324828572394496,-39.03201340273488,0.4582818251633651,23.7716982831361,206,141,65,68.44660194174757,903.8249030061048,-1404.0941549619836,2971.0972971402334,-9387.044643245526,1.3963485159946,6.063106796116505,31,71,43.66197183098591,14.05349689100608,-15.681993842913366,1.6265366747856689,,0.8399765854336452,466
30,0.1,0.08,0.9,0.1,9,20,20000,26839.835755896074,6839.835755896074,34.19917877948037,5.0590328131983275,0.7283552320775537,0.48630051885406334,-10.874195019339314,0.46523285670351167,4.153538765450294,66,57,9,86.36363636363636,202.15148400557794,-474.2332036024353,830.9641560001097,-1137.2374590620261,2.699711286155823,17.742424242424242,36,71,50.70422535211267,6.444372026070266,-4.090757603030792,0.4255787343173856,,0.7283552320775537,1
30,0.3,0.1,0.5,0.7,24,20,20000,50020.77943580628,30020.77943580628,150.1038971790314,16.625945296613253,0.7265440223758374,0.6336756316910092,-34.905517392247866,0.4763128163888983,21.69410448512975,197,140,57,71.06598984771574,769.4948764493008,-1339.2000573174678,2498.7069462047184,-7429.198045161112,1.411280865404228,5.741116751269035,30,71,42.25352112676056,13.157314700925028,-13.574411333954403,1.4938609502407485,,0.8502871272326449,440
30,0.3,0.1,0.5,0.9,24,20,20000,50020.77943580628,30020.77943580628,150.1038971790314,16.625945296613253,0.7265440223758374,0.6336756316910092,-34.905517392247866,0.4763128163888983,21.69410448512975,197,140,57,71.06598984771574,769.4948764493008,-1339.2000573174678,2498.7069462047184,-7429.198045161112,1.411280865404228,5.741116751269035,30,71,42.25352112676056,13.157314700925028,-13.574411333954403,1.4938609502407485,,0.8385755955303282,357
30,0.3,0.08,0.55,0.5,20,20,20000,50731.59999089311,30731.59999089311,153.65799995446557,16.902373168146244,0.7264053413483416,0.6046267273754062,-37.41691104513998,0.4517308536708207,22.182333257095728,134,101,33,75.3731343283582,1005.3882869985816,-2121.3338483625303,2065.756861028178,-7947.751404511209,1.4505484305666616,8.597014925373134,32,71,45.07042253521127,15.544507862838408,-14.766492259817577,1.527311866172047,,0.8399718360147372,242
40,0.24,0.1,0.45,0.3,22,10,20000,57048.94806510924,37048.94806510924,185.2447403255462,19.22703159042776,0.7258009845464807,0.7848026635900877,-38.40653891525531,0.5006187001867711,26.35094570787705,295,247,48,83.72881355932203,529.4880557179737,-1934.0700092796533,1933.7366123955348,-5590.452918423542,1.4087686969150657,11.11186440677966,45,71,63.38028169014085,15.393392843468078,-18.65665852322782,1.7601772933082662,,0.5717898546663553,7
30,0.3,0.08,0.55,0.9,20,20,20000,50664.24647547257,30664.246475472573,153.32123237736286,16.87631909080578,0.7252895594476285,0.6095949499300549,-37.559754068218346,0.4493192117326957,22.183385687029507,138,104,34,75.36231884057972,977.832917664084,-2065.3846165174123,2122.56667296503,-8450.219601018662,1.4481653017381428,8.876811594202898,31,71,43.66197183098591,15.100881863450532,-15.764763825841488,1.5176818429248693,,0.8318134007158852,360
30,0.3,0.08,0.55,0.7,20,20,20000,50664.24647547257,30664.246475472573,153.32123237736286,16.87631909080578,0.7252895594476285,0.6095949499300549,-37.559754068218346,0.4493192117326957,22.183385687029507,138,104,34,75.36231884057972,977.832917664084,-2065.3846165174123,2122.56667296503,-8450.219601018662,1.4481653017381428,8.876811594202898,31,71,43.66197183098591,15.100881863450532,-15.764763825841488,1.5176818429248693,,0.8443531493664985,445
30,0.26,0.1,0.55,0.7,24,20,20000,48550.88607737135,28550.886077371357,142.75443038685677,16.04379445098307,0.7251086551713363,0.6119232221923483,-36.38854366395946,0.4409023510021213,20.78332257559661,199,145,54,72.8643216080402,714.5281761558377,-1359.274064170834,2316.95887609135,-7831.672767836075,1.4115184888644432,5.85929648241206,32,71,45.07042253521127,12.343358942860716,-13.90706753984623,1.4372201886331268,,0.828620855940164,264
30,0.3,0.1,0.55,0.7,24,20,20000,50042.26419982577,30042.264199825768,150.21132099912884,16.634348179514504,0.7249009146036077,0.6283229541563863,-37.35852564811799,0.4452624371795168,21.78229593821908,194,134,60,69.0721649484536,822.7406668775931,-1313.306419362859,2855.6650813768206,-7429.198045161112,1.3991054402353809,5.922680412371134,30,71,42.25352112676056,13.379480382597508,-14.483239259448998,1.5062309590703185,,0.8396043420151523,534
30,0.3,0.1,0.55,0.9,24,20,20000,50042.26419982577,30042.264199825768,150.21132099912884,16.634348179514504,0.7249009146036077,0.6283229541563863,-37.35852564811799,0.4452624371795168,21.78229593821908,194,134,60,69.0721649484536,822.7406668775931,-1313.306419362859,2855.6650813768206,-7429.198045161112,1.3991054402353809,5.922680412371134,30,71,42.25352112676056,13.379480382597508,-14.483239259448998,1.5062309590703185,,0.8276682865797391,441
35,0.26,0.08,0.55,0.9,22,20,20000,46676.881065413785,26676.881065413785,133.38440532706892,15.27993679166002,0.7248555971933807,0.5832780864059761,-32.69976269668712,0.4672797455257393,19.534591537967763,110,92,18,83.63636363636363,815.3669531245213,-2651.365479002343,1668.5663359379475,-8350.060397527403,1.571805594797016,10.2,37,71,52.11267605633802,13.174553718501205,-15.639746170025235,1.3754983307570836,,0.7849275095096163,156
30,0.26,0.16,0.6,0.7,20,20,20000,58513.40280473138,38513.40280473138,192.56701402365687,19.73512307283263,0.7243014907968114,0.6225464041524964,-42.90997466894185,0.459919243138516,27.347897369173285,188,138,50,73.40425531914893,992.1094862483536,-1915.3041259508225,3384.730370203077,-12639.449200859626,1.4296539880767545,9.72872340425532,33,71,46.478873239436616,18.31636369758458,-19.987407590846228,1.8402040870945493,,0.8345984296819541,359
30,0.3,0.12,0.6,0.9,22,15,20000,63767.91870853537,43767.91870853537,218.8395935426768,21.475162159184723,0.7239911143804315,0.7606370402623173,-42.77859560331769,0.5020071803740845,30.743674344841885,291,195,96,67.0103092783505,933.4211981877409,-1411.6178639382713,3615.928834415648,-6754.197732134345,1.3431480694988989,6.972508591065292,42,71,59.15492957746479,18.19858012789899,-17.449854392012153,2.0296803884460783,,0.8894836616037363,373
30,0.28,0.1,0.55,0.7,20,20,20000,52719.539032387154,32719.539032387154,163.59769516193575,17.658694384929685,0.7233947409583303,0.6093381360923679,-37.88231982966155,0.4661460666699474,23.63023195139686,163,123,40,75.4601226993865,884.2762658545331,-1873.9585416930056,2272.8153606033165,-7794.1235778410755,1.4510190364436266,8.803680981595091,33,71,46.478873239436616,16.132295593428637,-14.984440511245,1.5903122188471488,,0.8384687351659309,650
30,0.28,0.14,0.6,0.5,20,20,20000,57206.96245941688,37206.96245941688,186.0348122970844,19.282373528183005,0.7220287249496952,0.6217117904910245,-39.9824948470863,0.4822703936292308,26.63298081288864,160,116,44,72.5,1083.47406290733,-1974.0052008598464,3031.523033142891,-9629.04368934043,1.4470233508745742,9.5875,33,71,46.478873239436616,16.872181535376598,-18.680220992098302,1.7737335068316002,,0.8380812737381271,309
35,0.24,0.14,0.55,0.9,22,15,20000,62147.1119829134,42147.1119829134,210.735559914567,20.951576076712342,0.7216034477593471,0.7696676967733443,-43.828765514965376,0.4780325393732206,29.858613400767165,246,179,67,72.76422764227642,827.896796734281,-1539.3584273510844,2840.158770163898,-9764.718401354889,1.4368607346591336,11.467479674796747,41,71,57.74647887323944,19.31634489082279,-17.500470141852077,1.9740310518083504,,0.8914024013287546,337
30,0.3,0.1,0.6,0.5,24,15,20000,58837.28849568566,38837.28849568566,194.1864424784283,19.846063670425764,0.7209209111557177,0.7422028565583458,-42.59162644625603,0.465961629698936,27.77761346040344,328,220,108,67.07317073170732,801.4614885449787,-1248.7596202241596,3212.623216548923,-8633.094453996258,1.30738270959778,6.097560975609756,44,71,61.97183098591549,16.18561943780059,-15.406424062224945,1.8605157144250983,,0.929363988147516,205
30,0.3,0.1,0.5,0.5,22,15,20000,61530.29115517687,41530.29115517687,207.6514557758844,20.7493295568298,0.720871917644329,0.7485994560782587,-43.65216777442819,0.4753333136638619,29.531219792657463,294,203,91,69.04761904761905,909.8965011499628,-1545.8351492117074,2880.2522773915857,-7990.154765261401,1.313056647071966,6.554421768707483,43,71,60.56338028169014,16.66610486186133,-17.45722986768333,1.925241342177552,,0.8885576065892286,234
30,0.28,0.12,0.6,0.7,24,20,20000,50812.41399773957,30812.413997739568,154.06206998869786,16.933596146417763,0.7200715072255646,0.6237706528053468,-38.54485512285129,0.4393218262838584,22.513018870552205,192,134,58,69.79166666666666,828.6472478870709,-1351.4968486056548,2758.876061630217,-8148.508169914599,1.41654853655382,6.036458333333333,31,71,43.66197183098591,14.37069110650311,-14.44100835103187,1.5205991000127774,,0.8611206724636048,657
35,0.28,0.14,0.55,0.7,20,20,20000,54316.21044956395,34316.21044956395,171.58105224781974,18.249155096764238,0.7197132478846104,0.6285153255804081,-41.33288419068031,0.4415166145332542,24.871455228430325,122,100,22,81.9672131147541,969.5611262607,-2800.527371659363,2983.4032703504467,-11127.6910426693,1.573666471913982,12.885245901639344,35,71,49.29577464788733,15.0959982169274,-19.69138007569136,1.675798966405933,,0.8334351792557714,447
30,0.3,0.08,0.55,0.9,24,20,20000,47340.71617571821,27340.716175718204,136.70358087859103,15.553392635308128,0.7195414949491021,0.6037730077106902,-37.11349404937888,0.419076485081534,20.18243380611532,197,141,56,71.57360406091371,699.1170291193959,-1251.992588037794,2348.3848235850305,-7429.198045161112,1.4059802128862111,5.847715736040609,32,71,45.07042253521127,11.895254722787207,-13.718837439577412,1.399493035484728,,0.8349164132823489,354
30,0.3,0.08,0.55,0.7,24,20,20000,47340.71617571821,27340.716175718204,136.70358087859103,15.553392635308128,0.7195414949491021,0.6037730077106902,-37.11349404937888,0.419076485081534,20.18243380611532,197,141,56,71.57360406091371,699.1170291193959,-1251.992588037794,2348.3848235850305,-7429.198045161112,1.4059802128862111,5.847715736040609,32,71,45.07042253521127,11.895254722787207,-13.718837439577412,1.399493035484728,,0.8489041270647912,436
30,0.28,0.08,0.6,0.9,24,20,20000,46321.624138757936,26321.624138757936,131.6081206937897,15.132262561027265,0.7193758554737586,0.6013105965668968,-35.61766442725058,0.4248527466458407,19.483039236174385,187,132,55,70.58823529411765,680.6487820291387,-1134.2057288925132,1843.6477570830416,-7429.198045161112,1.4402652316568774,5.962566844919786,33,71,46.478873239436616,12.333965180419447,-14.461855355393649,1.3467121793620065,,0.8544916229702691,324
35,0.3,0.1,0.5,0.7,20,20,20000,50263.49532285805,30263.49532285805,151.31747661429026,16.720699472547885,0.7190374599782218,0.6184249009813196,-41.77195461179159,0.4002853021349373,22.19586962111517,130,107,23,82.3076923076923,827.2073388112707,-2504.756083910776,2253.91359376583,-9028.370646349224,1.5364020580748077,11.5,35,71,49.29577464788733,13.60571048149144,-18.79330897637366,1.553340595656613,,0.8432183071636369,452
30,0.26,0.16,0.55,0.9,24,20,20000,54196.899268553934,34196.899268553934,170.98449634276966,18.20553590162653,0.7185146207680737,0.628359867269648,-42.7822381286001,0.4255395860053439,24.84824638302106,213,148,65,69.48356807511738,898.2631811056565,-1463.3700236166617,3550.6195174954805,-9908.547123425837,1.3976479859516204,5.995305164319249,32,71,45.07042253521127,15.38580502130078,-16.712764393977587,1.6744328313782582,,0.8438380977099678,307
30,0.26,0.14,0.6,0.5,24,20,20000,52431.755467689945,32431.755467689945,162.1587773384497,17.550690923861744,0.7180063249906089,0.6161376663142801,-40.11050595157197,0.4375584527667598,23.703971903416274,207,145,62,70.04830917874396,842.2032322648682,-1403.00505178574,2971.0972971402334,-9443.913056880248,1.4038929133895277,6.106280193236715,33,71,46.478873239436616,14.202532938513524,-16.898128720097393,1.6099290485266544,,0.8407219581616843,354
45,0.3,0.1,0.55,0.3,24,10,20000,55543.891828521686,35543.891828521686,177.71945914260843,18.693414820875056,0.7169744868694272,0.7948058491093427,-34.563870668287485,0.5408368466679385,25.857604208656998,226,172,54,76.10619469026548,717.7749630119304,-1618.8457328810418,2130.97630326408,-5110.374985164087,1.4122693299587217,14.252212389380531,46,71,64.7887323943662,14.780380302326469,-17.70104270805112,1.7518632227312902,,0.6741309383527603,2
45,0.3,0.12,0.4,0.9,18,10,20000,63663.36381465124,43663.36381465124,218.3168190732562,21.44172289458337,0.7168573235062833,0.862211246923974,-42.54910653974386,0.5039288633371254,31.171274254588777,212,180,32,84.90566037735849,748.8296024514358,-2821.1295670464124,2397.3483411720904,-9500.431468593186,1.4930780078276458,14.367924528301886,44,71,61.97183098591549,23.497056702558773,-20.54756447721806,2.030661506129639,,0.5927370043048787,2
35,0.24,0.12,0.6,0.7,22,20,20000,49599.795007930086,29599.795007930086,147.99897503965042,16.460685400774366,0.7163827436132593,0.6192595903306799,-33.359010069380965,0.4934404638068992,21.86411965481171,147,114,33,77.55102040816327,734.7182037829697,-1607.3145522220705,2271.907871191607,-7396.371425147719,1.5791043686759243,11.476190476190476,36,71,50.70422535211267,17.677654555382883,-17.207226284750156,1.5009311863413144,,0.8267481354532293,408
35,0.28,0.1,0.6,0.9,22,20,20000,48724.85847359855,28724.85847359855,143.62429236799275,16.113455352437423,0.7163534833222146,0.6238442839895764,-30.066609048520853,0.5359252626870517,21.259940603521585,121,95,26,78.51239669421489,845.501264064066,-1958.1792927879824,1931.925937513568,-6323.565842997104,1.577655096829297,11.330578512396697,35,71,49.29577464788733,11.978367897723242,-14.614527991575365,1.4451919277935636,,0.8226393058822721,522
30,0.3,0.1,0.55,0.5,24,15,20000,58362.52687944581,38362.52687944581,191.81263439722903,19.683268958571134,0.7162233468553025,0.7351071935962419,-42.98856287916046,0.45787222554753,27.77044370433113,332,220,112,66.26506024096386,813.5526429541999,-1231.5237015221237,3212.623216548923,-8633.094453996258,1.297620039629918,5.957831325301205,44,71,61.97183098591549,16.621796110468257,-15.42421533962094,1.8536044352327024,,0.9087741612764196,247
45,0.22,0.14,0.55,0.5,20,10,20000,61032.07897807944,41032.07897807944,205.16039489039724,20.58473754558303,0.7153549044005446,0.8101352113681393,-45.446176322475566,0.4529476231293584,29.587501682927424,290,234,56,80.6896551724138,568.4654745804668,-1604.0462959487215,2081.115532036324,-9229.47262172064,1.480863486428432,16.49310344827586,45,71,63.38028169014085,21.459594067131672,-19.05000284376549,1.9649081645653348,,0.5653582157809411,5
35,0.28,0.14,0.6,0.9,22,20,20000,53579.33407018071,33579.33407018071,167.89667035090355,17.97847334114506,0.7142883740131917,0.6421634089419186,-32.508435827263824,0.55304024582035,24.65344943958775,128,95,33,74.21875,1001.2291629349204,-1832.192012382928,2851.7707033235724,-7622.947376079062,1.573157375791232,11.71875,35,71,49.29577464788733,14.5703670438605,-15.409356163087494,1.6269308626465384,,0.8211949682601553,425
35,0.3,0.08,0.6,0.7,22,20,20000,45989.63391205769,25989.63391205769,129.94816956028845,14.993405451965549,0.7125164139538279,0.6142561555981486,-27.62169206737561,0.5428127073241281,19.508271718465256,98,78,20,79.59183673469387,919.9042378653417,-2263.509832071948,2071.5663113385126,-6756.667651270928,1.5849838497899649,11.29591836734694,35,71,49.29577464788733,13.581313788907256,-15.507681704708007,1.3445213487529122,,0.84063528390059,422
35,0.28,0.16,0.6,0.7,22,15,20000,65465.53623326488,45465.53623326488,227.3276811663244,22.011817584622296,0.7119309991575702,0.7703954085970262,-40.49211684802669,0.5436074796295813,32.81489378698825,253,180,73,71.14624505928853,892.3087478657693,-1541.8703888023724,3557.973224297741,-8730.071717990666,1.4269768502467213,12.300395256916996,42,71,59.15492957746479,19.06998472073824,-23.16615328241241,2.1558643662293684,,0.8870862258549059,285
30,0.26,0.1,0.6,0.9,20,20,20000,50136.18916373189,30136.189163731884,150.68094581865944,16.67104785548299,0.7108344555094266,0.598489243907969,-38.97328589995357,0.4277557683557508,22.483012994663465,151,111,40,73.50993377483444,936.4065712748716,-1815.743506194469,2315.196830499887,-9328.483197400854,1.4311097500405774,9.119205298013243,33,71,46.478873239436616,15.915946856206276,-16.037825629393133,1.5084169534963845,,0.8303867795726554,204
45,0.24,0.08,0.55,0.3,18,10,20000,51015.1722741837,31015.1722741837,155.07586137091852,17.0117514978783,0.7107048939155952,0.7669690924593271,-31.170778296621688,0.5457596000970578,23.11827504879776,231,193,38,83.54978354978356,504.50440772780905,-1728.259122139687,1322.4160264820068,-5502.409174299732,1.4826198809896256,14.2987012987013,44,71,61.97183098591549,13.594441552578296,-18.902205220502143,1.5679086727981315,,0.7107048939155952,1
30,0.24,0.14,0.6,0.7,24,20,20000,51235.497784856416,31235.497784856416,156.17748892428207,17.09638579534247,0.7104789174300553,0.6133700054256154,-39.86572422975027,0.4288492464557834,23.258309046648662,209,146,63,69.85645933014354,798.09640591876,-1306.645674274324,2758.876061630217,-8865.542163065222,1.41549984562695,6.028708133971292,30,71,42.25352112676056,14.081984849426863,-15.746111486815796,1.5560472888638155,,0.8413791882929774,376
30,0.24,0.14,0.6,0.9,24,20,20000,51235.497784856416,31235.497784856416,156.17748892428207,17.09638579534247,0.7104789174300553,0.6133700054256154,-39.86572422975027,0.4288492464557834,23.258309046648662,209,146,63,69.85645933014354,798.09640591876,-1306.645674274324,2758.876061630217,-8865.542163065222,1.41549984562695,6.028708133971292,30,71,42.25352112676056,14.081984849426863,-15.746111486815796,1.5560472888638155,,0.8474844123398455,330
30,0.24,0.16,0.6,0.7,20,20,20000,56205.141323445794,36205.141323445794,181.02570661722896,18.92932414741231,0.7093562539417169,0.6028350433566056,-41.92644959829904,0.4514888412631122,26.742189269643724,189,137,52,72.4867724867725,945.1757820422011,-1736.4219387756857,3201.8811513513137,-10991.520669230176,1.4340838484740814,9.571428571428571,32,71,45.07042253521127,17.834485972249347,-19.077963504128338,1.7615559424999907,,0.8375976432409101,293
35,0.26,0.12,0.55,0.9,20,20,20000,51052.88801019084,31052.88801019084,155.2644400509542,17.0262609079209,0.7083112234329193,0.6191655904641673,-39.81222651454429,0.427664122269093,23.233211007847952,121,99,22,81.81818181818183,862.4403914992531,-2428.477761283417,2211.171565978963,-9223.004415408568,1.5981129510922898,12.59504132231405,36,71,50.70422535211267,12.753340152213989,-18.547927488493144,1.572007179943478,,0.841958015903813,463
45,0.3,0.08,0.4,0.5,20,20,20000,43853.07850558177,23853.07850558177,119.26539252790884,14.079261124099652,0.7082775402501486,0.5983638339761251,-26.88028961525448,0.5237763925024721,18.12834295094724,115,100,15,86.95652173913044,615.6023192596809,-2484.8635613590964,1735.9968093156608,-5352.340954740406,1.6516059575868682,11.4,35,71,49.29577464788733,11.01203767814516,-14.720958754908589,1.2436276051876864,,0.4576664161439333,3
40,0.26,0.1,0.55,0.5,18,20,20000,46338.8316353928,26338.831635392795,131.69415817696398,15.13943710729695,0.707707315058501,0.6097612758882388,-34.26890233774305,0.4417835435196502,19.94454427369475,103,87,16,84.46601941747572,782.5282087344741,-2572.338907781649,1755.9334996496004,-6333.917443350866,1.6541355115073682,12.970873786407768,35,71,49.29577464788733,11.904510311292428,-16.21560392730833,1.3715269335386686,,0.4711302347566224,11
30,0.26,0.16,0.6,0.7,24,20,20000,53342.99425888468,33342.99425888468,166.7149712944234,17.891000846689376,0.7072124929022517,0.6195925891167277,-42.93131759325334,0.4167354241534144,24.87896401027205,223,149,74,66.81614349775785,889.0144731967316,-1291.291381722001,3550.6195174954805,-9908.547123425837,1.386242238450942,6.116591928251121,32,71,45.07042253521127,15.9224423802232,-16.084414430503134,1.6487902462743786,,0.8396180729316615,352
35,0.3,0.1,0.6,0.9,22,20,20000,48641.11850131484,28641.11850131484,143.20559250657422,16.07995061791174,0.7070301220388616,0.6131740807915902,-31.815028126950907,0.5054199717739748,21.6080186798812,129,100,29,77.51937984496125,823.1946662018385,-1829.1464868575488,2071.5663113385126,-6818.592486570481,1.5518725906553297,11.426356589147288,35,71,49.29577464788733,13.43998012534202,-15.280929842848368,1.468930175965237,,0.8196066161639137,421
30,0.24,0.12,0.6,0.7,24,20,20000,49009.49028251509,29009.490282515093,145.04745141257547,16.226980692345915,0.7065563305842479,0.5974166612080781,-39.70344299218477,0.4087046228091613,21.894090922838338,198,137,61,69.1919191919192,782.0580674465393,-1243.0748353714891,2758.876061630217,-8352.552373278468,1.4129684277742505,6.03030303030303,30,71,42.25352112676056,13.042046480673752,-14.892462420517704,1.469071588393866,,0.8556806462983136,350
30,0.26,0.1,0.5,0.9,24,20,20000,47394.02256576001,27394.02256576001,136.97011282880004,15.57521261600938,0.7060793935824846,0.5919167138164536,-36.772001923092525,0.4235617263532304,20.763371606531138,205,150,55,73.17073170731707,680.2421281449014,-1326.8308482904567,1925.888183305441,-6852.713671856565,1.3982232975830131,5.492682926829269,32,71,45.07042253521127,13.160106376495207,-14.348211169209248,1.4008578134062109,,0.8004098068586027,133
30,0.3,0.1,0.5,0.7,20,15,20000,61721.56656436179,41721.56656436179,208.60783282180896,20.81222576008177,0.7052081295773832,0.7366643200739496,-49.42468687961613,0.4210896835982831,30.81910358553117,244,190,54,77.8688524590164,808.2539241690877,-2039.9866486623116,2966.4909630454054,-8450.32091653727,1.3940563786135614,9.07377049180328,43,71,60.56338028169014,18.05488196517384,-26.02599525502084,2.047073485295872,,0.9143249528762576,392
35,0.28,0.14,0.6,0.9,20,15,20000,62905.78903807676,42905.78903807676,214.52894519038375,21.198056697986463,0.7049858967915091,0.7589819444600642,-42.671302518070966,0.4967754778286707,31.632318266911547,207,164,43,79.22705314009661,781.1860298964401,-1944.4725549985865,3246.7453277879463,-7634.447979308919,1.5322444002266928,14.27536231884058,41,71,57.74647887323944,16.005757648896267,-24.34907017740749,2.017075497373141,,0.918351714202187,325
35,0.28,0.14,0.45,0.9,18,10,20000,67884.80866900938,47884.80866900938,239.42404334504687,22.7569329619816,0.7040543451783505,0.8441406395993896,-47.8229748915419,0.4758577443915237,35.21510251768919,339,273,66,80.53097345132744,667.9325111164757,-2023.5360021302183,2857.451990627653,-9716.57015548408,1.3653385695232358,11.96755162241888,43,71,60.56338028169014,18.984701709080863,-22.69224451678977,2.317955278818667,,0.6105477248311423,4
30,0.26,0.12,0.6,0.5,24,20,20000,49359.576092053576,29359.576092053576,146.79788046026786,16.365862287164724,0.7039863183134801,0.5881517962308862,-40.06003350375506,0.4085334148717239,22.26561935658626,200,144,56,72.0,773.3726179203468,-1426.5318015799348,2758.876061630217,-8333.767989919766,1.3940610674633165,5.99,31,71,43.66197183098591,13.596101968158036,-14.759763333350971,1.4978958284847563,,0.8502589421566549,345
35,0.24,0.14,0.6,0.7,24,20,20000,49130.02156667134,29130.02156667134,145.6501078333567,16.274889257122148,0.7032195120430652,0.6066692861531766,-37.430304176769866,0.4348051562782311,22.12861840985174,147,108,39,73.46938775510205,811.366113732532,-1461.3697106779994,2271.907871191607,-8086.841725831554,1.5375027899113178,11.013605442176871,33,71,46.478873239436616,15.36660848838849,-15.313927887548084,1.476437185273112,,0.8413791882929774,376
30,0.28,0.14,0.6,0.7,24,20,20000,52202.252510919214,32202.252510919214,161.01126255459607,17.46420566292295,0.7030969329026756,0.614286625117691,-39.431757677927074,0.4428969615193943,24.30381133865735,193,131,62,67.87564766839378,912.0834733244463,-1370.6400402352144,2814.9856736326847,-9368.9167007318,1.4060176679657337,6.124352331606218,31,71,43.66197183098591,15.63064154417737,-15.915190042205197,1.5894979607645574,,0.8410406458253632,414
30,0.28,0.14,0.6,0.9,24,20,20000,52202.252510919214,32202.252510919214,161.01126255459607,17.46420566292295,0.7030969329026756,0.614286625117691,-39.431757677927074,0.4428969615193943,24.30381133865735,193,131,62,67.87564766839378,912.0834733244463,-1370.6400402352144,2814.9856736326847,-9368.9167007318,1.4060176679657337,6.124352331606218,31,71,43.66197183098591,15.63064154417737,-15.915190042205197,1.5894979607645574,,0.8485234849368649,365
30,0.3,0.1,0.6,0.9,20,15,20000,60687.48253031967,40687.48253031967,203.43741265159835,20.4702394520351,0.7030612378846327,0.7390609933859812,-46.16257243649379,0.443438014209372,30.258864497111517,243,185,58,76.13168724279835,795.3359097019437,-1808.5769097334448,2828.155362666016,-6452.977219380904,1.4026759296407942,10.012345679012345,42,71,59.15492957746479,17.519830230147292,-26.2987882089594,1.9718264822125893,,0.9167324790752426,315
35,0.3,0.1,0.6,0.7,22,20,20000,48119.2288796141,28119.2288796141,140.59614439807052,15.870051640014914,0.7019888591214941,0.6017472513428368,-28.899801126887063,0.5491405138165514,21.46258287316493,131,103,28,78.62595419847328,773.2562174407554,-1818.491482742276,2071.5663113385126,-7121.3735342804575,1.5641966187014087,11.36641221374046,35,71,49.29577464788733,12.839608415475844,-15.331181283771688,1.442732095367683,,0.8286780579793591,515
30,0.3,0.08,0.6,0.9,22,15,20000,55883.1806727123,35883.1806727123,179.41590336356148,18.81475072136154,0.7016045622163316,0.7106873084666195,-36.30771265721408,0.5182025895983615,27.008025334545238,271,186,85,68.63468634686348,769.2596118919244,-1240.6259663433605,2565.9022573350776,-5585.704300697914,1.3568320176649191,6.856088560885609,41,71,57.74647887323944,15.170727327883403,-17.031555709035075,1.745999798602594,,0.8980813866581122,294
35,0.3,0.1,0.5,0.9,22,20,20000,48591.54380547143,28591.543805471425,142.95771902735711,16.060092934277705,0.7015964697179918,0.588701863920566,-35.44693969539946,0.4530741743091038,21.82252120167282,117,97,20,82.90598290598291,890.5875518111579,-2856.1674360105403,1931.925937513568,-8691.549382839477,1.5122886606106436,10.102564102564102,34,71,47.88732394366197,18.247522782550973,-15.604456744994,1.4847837211071224,,0.8073484212444684,424
30,0.28,0.14,0.6,0.7,20,20,20000,55149.870892479776,35149.870892479776,175.74935446239888,18.55172916962617,0.7005181150757614,0.6056560564648898,-41.47310870629823,0.4473194739512945,26.5325196160446,163,118,45,72.39263803680981,1069.9284159561755,-1988.688493118864,3031.523033142891,-11245.222926622546,1.4107740242954256,9.625766871165643,33,71,46.478873239436616,16.45508808813283,-17.648806384877467,1.7107111772545267,,0.8372971171248177,422
35,0.24,0.14,0.6,0.9,22,20,20000,50888.876416699706,30888.876416699703,154.44438208349854,16.9630998369797,0.7003112877015085,0.6124521189806316,-30.301650174914307,0.5598077906338865,23.5214600478596,134,101,33,75.3731343283582,870.8852136746218,-1687.69182316476,2515.794801559264,-7007.778068208911,1.579338435180971,11.67910447761194,36,71,50.70422535211267,12.714718826676986,-15.79397758693828,1.534630655810569,,0.8192626928315739,383
30,0.24,0.14,0.55,0.9,24,20,20000,50671.64367748196,30671.64367748196,153.3582183874098,16.879181927934738,0.7001557332183964,0.6025564740782807,-38.65028664223027,0.4367155691283314,23.375137555760663,204,147,57,72.05882352941177,803.9231848034075,-1482.17306120384,2758.876061630217,-8865.542163065222,1.3988080313492397,5.857843137254902,30,71,42.25352112676056,14.155746160468464,-15.5814891094876,1.549093109151866,,0.8470112958333159,332
30,0.24,0.14,0.55,0.7,24,20,20000,50671.64367748196,30671.64367748196,153.3582183874098,16.879181927934738,0.7001557332183964,0.6025564740782807,-38.65028664223027,0.4367155691283314,23.375137555760663,204,147,57,72.05882352941177,803.9231848034075,-1482.17306120384,2758.876061630217,-8865.542163065222,1.3988080313492397,5.857843137254902,30,71,42.25352112676056,14.155746160468464,-15.5814891094876,1.549093109151866,,0.8409959495837869,378
35,0.3,0.1,0.55,0.9,22,15,20000,56828.61777692632,36828.61777692632,184.1430888846316,19.149651196954576,0.6999065495116594,0.7441940365337207,-42.53552267371607,0.4502037354483408,27.75562918148203,190,143,47,75.26315789473685,816.5695248498382,-1677.2749846085203,2614.891576193009,-7242.957819032898,1.4812456136908907,11.663157894736845,41,71,57.74647887323944,17.349550295501626,-19.709143730813683,1.8139659178849048,,0.873089390038275,447
30,0.22,0.1,0.45,0.5,18,10,20000,60945.32139824989,40945.32139824989,204.72660699124944,20.555961623404627,0.6997960936753125,0.7681393679505854,-47.301059678225975,0.4345771905162438,30.733205391982704,365,285,80,78.08219178082192,550.9113545274279,-1405.792683025836,2058.8020296397813,-7586.773484573268,1.3960961130339675,7.980821917808219,45,71,63.38028169014085,19.01384970548854,-26.84515566701775,2.054913162597247,,0.6768258373217398,2
35,0.3,0.12,0.55,0.5,20,20,20000,51696.10070592172,31696.100705921723,158.4805035296086,17.272344624458412,0.6990555766272595,0.6115182204254695,-37.984759298603976,0.4547177590011267,24.162924722787945,112,89,23,79.46428571428571,1003.0631918673502,-2470.8836247944496,2485.704705728305,-9504.303421890989,1.5708625040640225,12.526785714285714,36,71,50.70422535211267,14.885457887829578,-17.080245097727932,1.5732542475800522,,0.8168790762120265,271
35,0.3,0.12,0.6,0.3,20,20,20000,49543.98812238356,29543.988122383555,147.71994061191776,16.43869053697329,0.6984154302882553,0.5971935588433357,-35.227488502145455,0.4666438408168702,22.664319500102707,139,108,31,77.6978417266187,799.4938622760376,-1809.8241614009169,2455.25550322562,-5982.387014315114,1.5390077749405968,12.453237410071942,34,71,47.88732394366197,13.421326632384222,-16.25669450490037,1.5089378990190796,,0.8188210122503725,60
30,0.28,0.12,0.6,0.7,20,20,20000,52538.437008511166,32538.43700851117,162.69218504255582,17.5907852833439,0.6978073480988903,0.5941150461293343,-37.047869428324006,0.4748123321201115,24.839309958776155,148,109,39,73.64864864864865,1021.8031114256636,-1989.023131715029,2632.1427363901075,-9679.687912221709,1.4357845570018166,9.43918918918919,33,71,46.478873239436616,17.804156376796133,-16.53161419168154,1.6117434381511266,,0.8551377568074869,668
35,0.26,0.12,0.6,0.7,22,15,20000,59017.152288098485,39017.152288098485,195.08576144049243,19.90745311679978,0.6977064805812953,0.7356344849610594,-41.197496672404654,0.4832199702593677,29.470324410369823,211,156,55,73.93364928909952,853.1430053366979,-1678.181028080478,2688.998622490163,-7929.182095580392,1.4419325188789789,11.976303317535544,42,71,59.15492957746479,17.79293581070349,-23.429761341907284,1.908900276147536,,0.8892710096121804,495
30,0.3,0.1,0.55,0.9,20,15,20000,60532.80988999687,40532.80988999687,202.66404944998436,20.418670795664127,0.6958789541966262,0.7401363553604319,-49.575424636932674,0.4118708199718099,30.70199257596134,231,175,56,75.75757575757575,876.8240857086575,-1987.4197340896087,2779.7274454463336,-8450.32091653727,1.3787099025132303,9.402597402597404,42,71,59.15492957746479,17.14260767487783,-26.2987882089594,1.9913027720132368,,0.8954255678336311,388
30,0.3,0.08,0.55,0.9,22,15,20000,55511.60856442387,35511.60856442387,177.55804282211935,18.681837623825604,0.6958274145093468,0.7082029647048773,-39.48272624725387,0.4731648343337227,27.11227102835119,296,203,93,68.58108108108108,730.3396490168041,-1192.9068837202926,2565.9022573350776,-6060.658530365848,1.336384479278329,6.8108108108108105,43,71,60.56338028169014,15.626996156700734,-16.527340399399716,1.7424263186710307,,0.8766103167136533,360
30,0.22,0.16,0.6,0.5,20,20,20000,54252.42920999419,34252.42920999419,171.26214604997094,18.22584712657185,0.6953124694594897,0.5784577668054058,-42.82343512775894,0.4256045100585011,26.235911176013836,181,133,48,73.48066298342542,943.502552392344,-1825.296047045569,2875.7345069826297,-8753.145362081657,1.4322544151044885,9.375690607734809,34,71,47.88732394366197,17.53838703680124,-17.983045459090118,1.703237659792504,,0.77124940285866,85
30,0.3,0.08,0.55,0.7,22,15,20000,55509.512252766384,35509.512252766384,177.54756126383194,18.68108566556932,0.695126935578217,0.7067169143968056,-39.213066900380525,0.4763995051197599,27.157113007838195,295,203,92,68.8135593220339,728.6448894616101,-1202.2130468254386,2565.9022573350776,-6060.658530365848,1.3373426556539303,6.813559322033898,43,71,60.56338028169014,15.720095321402482,-16.731376766405358,1.74643057019668,,0.8888942825296067,442
30,0.26,0.16,0.45,0.3,20,20,20000,54159.44473842411,34159.44473842411,170.79722369212053,18.191826349691187,0.6940607598129661,0.5743107602368785,-37.15079272861136,0.489675320862828,26.25033010233889,174,132,42,75.86206896551724,938.199378424738,-2071.451743181932,2594.6179396620323,-7121.130835001443,1.4234589956592327,7.563218390804598,31,71,43.66197183098591,21.063234809162388,-22.59164081744901,1.7654454525215597,,0.7146815103430398,3
30,0.28,0.16,0.6,0.5,22,15,20000,64455.460904865606,44455.460904865606,222.27730452432803,21.693925807163676,0.6932216187904083,0.7397677056479112,-46.30999545592952,0.4684501821601018,33.82317696603492,340,222,118,65.29411764705883,966.003125181528,-1398.6138380121463,3615.928834415648,-8347.029704752713,1.299426375382036,7.094117647058823,41,71,57.74647887323944,20.32020371911145,-18.33566653014134,2.110757169480182,,0.8918018337073133,241
35,0.3,0.08,0.55,0.3,24,20,20000,43253.06767681236,23253.06767681236,116.2653383840618,13.815881216749103,0.6928744655367265,0.5751199632908806,-30.08347761005051,0.4592514667298102,18.225540015317037,134,98,36,73.13432835820896,683.3734558729168,-1199.7869721870406,1610.389854915665,-4549.091754277959,1.5505205930541148,9.656716417910449,32,71,45.07042253521127,11.73158793753677,-16.60903600408514,1.2573181354275382,,0.8843496171110481,92
35,0.3,0.12,0.55,0.5,24,20,20000,48395.38506094158,28395.385060941582,141.97692530470792,15.981353695152034,0.6927395203258051,0.601342416682629,-38.23142877162128,0.4180161246553986,22.08416608708276,136,96,40,70.58823529411765,899.6829077059443,-1428.0668519707217,2376.2814343997607,-6978.249618869921,1.5120013292896848,10.323529411764708,32,71,45.07042253521127,13.866556162120824,-16.02116348233975,1.4692431365072154,,0.822460165293055,267
35,0.28,0.1,0.5,0.9,20,20,20000,48464.33444245245,28464.334442452448,142.32167221226223,16.00906059198777,0.692672510322984,0.5879481533172759,-39.43917802393218,0.4059177040219568,22.139777272429143,120,101,19,84.16666666666667,808.611038106009,-2764.225284539704,2129.6478824288693,-7505.71972947822,1.5550129248544775,10.9,36,71,50.70422535211267,13.559465545390804,-19.446370613675636,1.5032080069783813,,0.8302459299074292,412
30,0.26,0.16,0.55,0.7,20,20,20000,55544.67755065203,35544.67755065203,177.72338775326014,18.69369652120487,0.6916590491085994,0.5962299144230521,-43.69565582035796,0.4278159045846249,27.390046252495708,189,141,48,74.60317460317461,970.321045341705,-2054.553955052668,3237.568180194248,-10897.438796337765,1.387317214854156,9.248677248677248,32,71,45.07042253521127,18.02853247146199,-18.4978458683421,1.7585147198330584,,0.833806008413746,360
35,0.3,0.1,0.55,0.7,22,20,20000,48190.02220178482,28190.02220178482,140.9501110089241,15.89863476649127,0.6913227765917254,0.5886689125000062,-33.90925279556905,0.468858304320075,22.001379103187173,120,94,26,78.33333333333333,873.038220279625,-2047.5373270961488,1981.749866822617,-9028.370646349224,1.541544033640713,11.158333333333331,34,71,47.88732394366197,19.033427391979508,-16.328504599282013,1.4746095031069764,,0.8104923283078053,628
45,0.3,0.08,0.4,0.5,24,20,20000,42890.96736700785,22890.96736700785,114.45483683503925,13.655459386481784,0.6909456970454859,0.5803061014857666,-26.28849584040141,0.5194462045065137,18.013679772626606,109,95,14,87.1559633027523,590.7308024380856,-2343.932776043592,1735.9968093156608,-6648.651002167295,1.7101729563600037,10.46788990825688,33,71,46.478873239436616,12.84435696679369,-13.614536131699516,1.2183512090237083,,0.3607223956236738,2
30,0.22,0.08,0.4,0.5,18,20,20000,46529.28742298458,26529.287422984577,132.6464371149229,15.21869860603864,0.6900332414078464,0.5562852133246039,-35.65412509222916,0.4268425761863826,20.81928660644192,176,141,35,80.11363636363636,604.9359579341167,-1641.9423613064514,1695.1362983501317,-7781.31665553571,1.4842346319086313,6.573863636363637,32,71,45.07042253521127,15.50372267612772,-15.313712219405652,1.376871369994559,,0.2986340047114747,3
35,0.28,0.12,0.4,0.9,22,10,20000,62196.8821914873,42196.8821914873,210.98441095743652,20.967822058839623,0.6893173131142277,0.8000079983045183,-49.56938445405935,0.4229994439061976,32.48866511649272,315,259,56,82.22222222222221,710.7505825655113,-2506.091100167821,2325.962537799999,-10666.726674722484,1.3116927170546038,9.666666666666666,45,71,63.38028169014085,19.119375786235327,-23.70856991434168,2.1058715858837065,,0.6065360714806806,3
30,0.28,0.1,0.55,0.7,24,20,20000,47278.72356671223,27278.72356671223,136.39361783356114,15.527991380523275,0.688986924606611,0.5825511561452006,-34.813916436623785,0.4460282832237752,21.42259385389602,185,132,53,71.35135135135135,768.527577474474,-1371.8550313192138,2403.9966758855508,-7429.198045161112,1.3952412170553543,5.864864864864865,31,71,43.66197183098591,13.160992244193004,-13.478244972119258,1.4086271945902198,,0.843577077055385,638
30,0.28,0.1,0.55,0.9,24,20,20000,47278.72356671223,27278.72356671223,136.39361783356114,15.527991380523275,0.688986924606611,0.5825511561452006,-34.813916436623785,0.4460282832237752,21.42259385389602,185,132,53,71.35135135135135,768.527577474474,-1371.8550313192138,2403.9966758855508,-7429.198045161112,1.3952412170553543,5.864864864864865,31,71,43.66197183098591,13.160992244193004,-13.478244972119258,1.4086271945902198,,0.8343953145130686,535
35,0.24,0.14,0.6,0.7,20,20,20000,50578.140826886825,30578.140826886825,152.89070413443412,16.842969191260426,0.6889219330861552,0.6026526945422803,-34.953317779831096,0.481870399180796,23.89135285574104,138,106,32,76.81159420289855,790.6249590626319,-1625.0282760547489,2376.028423694861,-7634.447979308919,1.611630526979663,12.673913043478262,35,71,49.29577464788733,14.309088921198663,-18.424530248765336,1.538427033900727,,0.8416591197644041,383
45,0.26,0.14,0.6,0.3,24,20,20000,45480.80554792828,25480.80554792828,127.4040277396414,14.778956811183974,0.6879518681633028,0.5944385237832671,-33.41348168031988,0.4423052034080182,20.113807273653983,118,95,23,80.50847457627118,811.6581861091197,-2207.505310106003,2259.271471437263,-5113.660001149891,1.518683188731811,13.966101694915254,33,71,46.478873239436616,12.33861382270247,-16.696446087677174,1.3611838927559703,,0.6596196289996981,2
30,0.3,0.1,0.55,0.9,22,15,20000,57895.92886242918,37895.92886242918,189.4796443121459,19.52219612053714,0.6878817746961187,0.7153552521813026,-42.29821476580221,0.461537117550424,29.4054070659916,287,196,91,68.29268292682927,844.2033156620628,-1377.3881429377473,2779.7274454463336,-6754.197732134345,1.3200956272389546,6.811846689895471,42,71,59.15492957746479,16.780289676619333,-18.99176460156392,1.848724716290558,,0.873089390038275,447
35,0.26,0.1,0.55,0.9,20,20,20000,47435.08526143227,27435.085261432272,137.17542630716136,15.592006945741854,0.6860100349614366,0.5836725870660077,-35.80507904449164,0.4354691390673127,21.68005661552571,113,92,21,81.41592920353983,809.1688293493942,-2205.6879542243714,1939.0964555034288,-6727.947549955062,1.6071766193134291,12.283185840707963,37,71,52.11267605633802,12.77319314313643,-21.22043945677017,1.4533715133767229,,0.8216890366948278,234
30,0.24,0.08,0.6,0.5,22,15,20000,52020.440112622186,32020.440112622186,160.10220056311093,17.395467061093917,0.6854686806708014,0.6734421081160826,-33.432098167211926,0.5203223253918979,25.191289448372533,280,192,88,68.57142857142857,655.5268897977484,-1043.3263946425602,1995.9664268918136,-4705.283419907788,1.3708466441333025,6.835714285714285,40,71,56.33802816901409,13.120865859151175,-16.72465196641031,1.579674802875636,,0.8502456991651112,21
30,0.28,0.14,0.6,0.5,22,15,20000,61411.318498303815,41411.318498303815,207.0565924915191,20.71012620297548,0.6849948168191177,0.7142628699320998,-45.251037617316655,0.4576718522593641,32.31086611131143,309,203,106,65.69579288025889,945.8619094502986,-1384.857067170818,3451.5684328513,-8347.029704752713,1.3080157019767713,6.948220064724919,40,71,56.33802816901409,19.675105957511608,-19.97758379527327,2.00033852715394,,0.8856655564358774,309
30,0.3,0.1,0.55,0.5,24,20,20000,47437.15510192651,27437.15510192651,137.18577550963255,15.592853174383611,0.683335350101285,0.5837130288003299,-35.19433428181669,0.4430500957774823,21.80442924674168,202,141,61,69.80198019801979,732.9328171776954,-1222.6503626250544,2498.7069462047184,-7399.795246282507,1.3856424009319628,5.920792079207921,30,71,42.25352112676056,13.555144957520216,-14.006122549734744,1.4341137438336722,,0.8391082795203502,283
35,0.3,0.1,0.5,0.7,22,20,20000,47622.60015376026,27622.600153760264,138.11300076880133,15.668545674413735,0.6809405029442449,0.5679063177489161,-36.02203633507266,0.4349711251375908,22.06966476834829,115,94,21,81.73913043478261,903.590074512158,-2697.769850018216,1931.925937513568,-9028.370646349224,1.4992536468165565,10.191304347826089,34,71,47.88732394366197,18.56797624565887,-16.537263876585783,1.4622500411120414,,0.8171259435799636,518
35,0.22,0.12,0.45,0.3,24,10,20000,54274.87769689944,34274.877696899435,171.3743884844972,18.234053214455397,0.6782696837946226,0.752407465576113,-38.92475601045436,0.468443609757197,27.368746390429187,366,285,81,77.8688524590164,487.653944385432,-1262.5180662051944,1757.7981289159848,-6006.811710828507,1.359045450419617,8.734972677595628,43,71,60.56338028169014,16.31817802402815,-21.23475141840868,1.7574043090929945,,0.6860351435255775,3
30,0.24,0.12,0.6,0.9,22,15,20000,56495.93944856004,36495.93944856004,182.47969724280017,19.03233952593746,0.6781091635592121,0.6954722167641934,-38.0816005169343,0.4997778262359028,29.08918805047167,312,212,100,67.94871794871796,723.4579161956544,-1134.048387849186,2581.9101242697534,-5585.704300697914,1.3524385720821237,7.05448717948718,41,71,57.74647887323944,15.458989067155391,-17.75538906094507,1.789347671454407,,0.8999205871537042,319
30,0.3,0.12,0.6,0.7,22,15,20000,58523.93424146014,38523.93424146014,192.6196712073007,19.738738435904303,0.6770588627479555,0.7070532098225787,-42.32599951640027,0.4663502022735702,30.75215579484366,297,198,99,66.66666666666666,857.6170996116706,-1300.156075572227,3287.2080312869525,-5909.923015617553,1.3192525354838105,6.986531986531986,43,71,60.56338028169014,18.053229716773657,-18.501984685998007,1.9086766858186772,,0.8893977222680607,428
40,0.26,0.1,0.4,0.5,20,10,20000,56579.67077350869,36579.67077350869,182.89835386754345,19.061919557456708,0.6756277269461846,0.7533903530924753,-47.288425225547456,0.4030990557739815,29.34213971692377,243,210,33,86.41975308641975,617.9987454851678,-2802.020641485445,2198.7108168146933,-8636.242784596805,1.4035297353720424,11.48559670781893,45,71,63.38028169014085,22.33112298702251,-18.507475046526658,1.8661707331607784,,0.7007143557463327,2
30,0.2,0.14,0.6,0.9,22,15,20000,55076.23413931825,35076.23413931825,175.38117069659123,18.5251568140854,0.6743265604210582,0.6962946272937125,-42.42596074208079,0.4366467250253913,28.238832986860025,346,231,115,66.76300578034682,713.389922097641,-1066.793372741187,2513.965120999497,-7031.077306361783,1.3432622206304907,7.031791907514451,40,71,56.33802816901409,15.247752878726972,-17.612253421972003,1.7065523721452869,,0.7260662029454505,18
30,0.3,0.08,0.6,0.5,20,15,20000,54705.96950064832,34705.96950064832,173.5298475032416,18.39109430169412,0.6728141259518716,0.685493509078151,-44.04204240497908,0.4175804140185596,28.07511156209017,211,153,58,72.51184834123224,818.7070671655407,-1540.7829616496433,2545.339826399414,-5457.700247683294,1.4016852693607538,9.701421800947868,43,71,60.56338028169014,15.756812215066196,-18.36489627328956,1.74962159676129,,0.935273069992426,177
30,0.26,0.14,0.55,0.9,20,20,20000,52217.24247944326,32217.24247944326,161.0862123972163,17.469864090288965,0.6727905377074913,0.5794525198085327,-44.95118912833572,0.3886407552069973,26.08324204230171,179,130,49,72.62569832402235,970.6641946782364,-1875.844955688313,2775.265140884888,-10779.785989559732,1.3728381597275991,9.251396648044691,31,71,43.66197183098591,18.049816940006668,-17.46252662345026,1.636436733309716,,0.841217734940928,415
45,0.18,0.08,0.55,0.9,22,10,20000,48941.82275427695,28941.822754276945,144.70911377138472,16.20004132800974,0.6727787362889498,0.7281436580399441,-33.745726092382,0.4800620168509828,23.51222085003892,261,224,37,85.82375478927203,365.52072214864216,-1401.2216805130158,1375.4771005647422,-5362.514937602624,1.5792520487940005,14.636015325670495,46,71,64.7887323943662,13.216127833008962,-15.01736879338501,1.4796653689234962,,0.6128520609318797,2
35,0.3,0.1,0.6,0.9,20,20,20000,47482.79631713662,27482.79631713662,137.4139815856831,15.61150521485468,0.6726284497831393,0.5943699245404662,-32.17862149264684,0.4851514605254944,22.354255458314523,110,84,26,76.36363636363637,865.9008747644612,-1720.0452755030014,2071.5663113385126,-6800.846543007428,1.6264257359545888,13.463636363636365,37,71,52.11267605633802,11.651397250861084,-18.22692249356324,1.4200701586458944,,0.8427201950788149,365
30,0.26,0.14,0.55,0.5,22,15,20000,59337.11803569296,39337.11803569296,196.6855901784648,20.016277044996023,0.6716297423423654,0.7007502817612017,-44.44799952117986,0.4503302119470662,31.88164636033412,341,223,118,65.39589442815249,831.3663437333795,-1201.8608187868683,3451.5684328513,-7299.428320166966,1.3072574257742902,6.841642228739003,42,71,59.15492957746479,18.145853267402344,-18.29220850537785,1.9045895170609013,,0.8811171112759598,365
30,0.28,0.14,0.55,0.5,24,20,20000,49919.42999488786,29919.42999488786,149.5971499744393,16.586266075188362,0.6714776041968575,0.5732173560094032,-40.18194371555347,0.4127790878560265,24.35508562128112,210,145,65,69.04761904761905,814.9035386665684,-1322.4628171040692,2814.9856736326847,-9425.420651050665,1.3746032906113013,6.004761904761905,31,71,43.66197183098591,15.19357569067008,-16.961730124833842,1.5495824272193264,,0.8400503653632084,314
40,0.24,0.12,0.55,0.7,18,10,20000,58007.53524378086,38007.53524378086,190.0376762189043,19.56082143942659,0.6709227840488754,0.7684255384721028,-42.99202733647407,0.4549871837011826,30.842020172205547,278,223,55,80.2158273381295,559.8179189487039,-1562.887467564908,1846.2394988960623,-7319.332344670077,1.452316462798878,14.802158273381297,45,71,63.38028169014085,19.39825654193634,-20.213487316343905,1.903777318282135,,0.6095966976195782,5
30,0.28,0.14,0.5,0.3,18,10,20000,63711.55633574244,43711.55633574244,218.5577816787122,21.45714173929068,0.6705633952866137,0.7555601595340247,-51.705954725905,0.4149839579026382,35.70088227864579,372,270,102,72.58064516129032,767.0792929855902,-1564.290288851821,3015.3953168345606,-8079.8348091839825,1.2980352977416911,8.494623655913978,44,71,61.97183098591549,24.183880040332227,-21.934053804454532,2.261362783150048,,0.7025570550299027,2
30,0.26,0.1,0.5,0.5,24,20,20000,44982.64863153021,24982.64863153021,124.91324315765104,14.567062606337,0.6702183561473518,0.5541934878040793,-34.849243388861225,0.4180022631708852,20.480434658098247,206,153,53,74.27184466019418,627.3543166852775,-1310.0653173833405,1672.3673725008855,-6807.565263003467,1.382405657662004,5.466019417475728,32,71,45.07042253521127,13.16598128273938,-13.314813321324026,1.3343878763865835,,0.7940653387628483,81
35,0.3,0.12,0.55,0.9,20,20,20000,48968.75891429989,28968.758914299884,144.84379457149942,16.210768691480993,0.6694701234260639,0.5975293132223001,-39.893696165022405,0.4063491290559862,23.703055288914022,110,88,22,80.0,965.712105911994,-2514.709382088885,2209.515293980715,-7934.320966841999,1.536101328909521,13.345454545454546,35,71,49.29577464788733,14.220226869356134,-18.795419159842563,1.5252795686997265,,0.82528552249167,444
30,0.24,0.14,0.55,0.7,20,20,20000,51175.55277891078,31175.55277891078,155.8777638945539,17.073388980905513,0.6684652142399803,0.5675250664876211,-43.84256707225414,0.3894249383884832,25.537454880527093,171,132,39,77.19298245614034,893.7135581295383,-2169.8035101073883,2590.247464825896,-10292.025529874556,1.3940786085901775,8.935672514619883,33,71,46.478873239436616,17.848450110373083,-18.45639307712259,1.604925187589709,,0.8401773252609984,386
30,0.26,0.12,0.6,0.9,22,15,20000,56831.17198792193,36831.17198792193,184.15585993960968,19.150549669763617,0.6677574463567949,0.6866779135014847,-41.351951497899066,0.4631111465377053,30.18001371129973,308,208,100,67.53246753246754,771.7803510983224,-1205.6224104052892,3287.2080312869525,-6183.788647737834,1.3315140100496825,6.996753246753247,43,71,60.56338028169014,16.732322328443484,-17.866420514056504,1.8230162349979917,,0.8925225669144089,439
30,0.22,0.14,0.6,0.7,24,20,20000,47413.9890929655,27413.9890929655,137.06994546482753,15.583380285439752,0.6674797871058122,0.5735077745008286,-40.12205471606161,0.388399357802616,22.56430568654472,222,155,67,69.81981981981981,693.9202874930861,-1140.759036842727,2397.570111019098,-8387.588797914677,1.4072542287036067,5.95045045045045,31,71,43.66197183098591,13.650936825910698,-15.635891946538528,1.429882527105346,,0.7812231983196429,133
30,0.3,0.08,0.5,0.9,24,20,20000,44295.73106110614,24295.73106110614,121.47865530553072,14.271651539287756,0.6673280759530715,0.5586474117118936,-37.137556593243104,0.3842916133552085,20.048560309904506,185,133,52,71.89189189189189,701.6310884144236,-1306.605840346388,1819.3428625414545,-7429.198045161112,1.3734489639198355,5.675675675675675,31,71,43.66197183098591,13.539473986321047,-15.101242905354251,1.3051668738219215,,0.8445822954977089,294
35,0.28,0.08,0.6,0.9,20,20,20000,44303.90387539156,24303.90387539156,121.5195193769578,14.275188624547862,0.6654426538248182,0.5644757085921197,-27.122694994665203,0.5263189600943294,20.133582402272022,104,85,19,81.73076923076923,702.6729297509171,-1841.8050080756009,1788.4749431866198,-6013.654579596136,1.706769596785629,12.692307692307692,36,71,50.70422535211267,11.38583070633896,-17.01940123161395,1.2920821845984,,0.8495286129365741,327
30,0.24,0.14,0.6,0.5,24,20,20000,47926.06177558328,27926.06177558328,139.63030887791638,15.791881129849262,0.6645099899196348,0.5639711684316405,-39.20867634665844,0.4027649643213504,23.14495683841757,210,150,60,71.42857142857143,729.1742168145481,-1310.8528457766467,2546.6548261202,-8394.589383893554,1.3906484987308607,6.023809523809524,30,71,42.25352112676056,13.523320929577752,-15.921261485400196,1.4693458678572668,,0.8456013707171627,292
40,0.26,0.14,0.45,0.7,22,10,20000,58242.68950363794,38242.68950363794,191.21344751818967,19.64200283934401,0.6616742162243395,0.7733042233306817,-45.218764110358286,0.4343772596572272,31.870362024583063,293,228,65,77.81569965870307,661.3794058889661,-1713.993160545289,2131.5016961339247,-8291.54503416461,1.353515001054484,12.498293515358364,45,71,63.38028169014085,16.95624457111917,-21.898044938017637,1.9363306234748905,,0.584148564012583,7
35,0.3,0.12,0.5,0.9,22,15,20000,55224.16305020495,35224.16305020495,176.12081525102477,18.578508127029703,0.6609752104461372,0.7097878260412164,-45.798947618047855,0.4056536032655153,29.36672476933872,215,160,55,74.4186046511628,858.8257984732991,-1831.466631009505,2832.799207542426,-9481.53482197554,1.3641538865790286,11.134883720930231,41,71,57.74647887323944,18.63505182052381,-18.11179773783622,1.828015034266573,,0.8817098141935282,323
35,0.3,0.08,0.55,0.9,22,15,20000,50271.668525517,30271.668525517,151.35834262758502,16.72388358712833,0.6607543154369764,0.6852231878051281,-37.04078929945895,0.4514991149870722,25.28454936254579,170,130,40,76.47058823529412,782.8333546062455,-1765.8041893323698,1816.1758299275737,-6756.667651270928,1.4408213650417454,11.41764705882353,42,71,59.15492957746479,16.809952874469893,-18.857841446596723,1.5804074174150808,,0.8766103167136533,360
30,0.3,0.1,0.6,0.9,22,15,20000,55161.87245993271,35161.87245993271,175.80936229966355,18.556057223399726,0.6603710949331738,0.6778132916061451,-40.55531707150387,0.4575493070534544,29.403641950556107,290,196,94,67.58620689655173,784.8689403271367,-1240.0685089807023,2565.9022573350776,-5909.923015617553,1.319713568585852,6.834482758620689,41,71,57.74647887323944,16.97409037603952,-21.302324553751884,1.7921378780707151,,0.8928697779818326,362
30,0.24,0.12,0.6,0.7,22,15,20000,54728.405343820064,34728.405343820064,173.64202671910033,18.39923915407433,0.6592873601170745,0.6740566062435027,-38.748396374252216,0.4748387256175684,29.129064905428603,315,215,100,68.25396825396825,690.8608744496463,-1104.2798266285374,2513.965120999497,-5842.417389649536,1.3450855881354324,7.015873015873016,41,71,57.74647887323944,15.687695438597338,-18.799702554912457,1.7493076829231922,,0.8976168439874944,358
35,0.22,0.12,0.55,0.7,20,20,20000,46088.98164840804,26088.98164840804,130.4449082420402,15.035045528781875,0.6589708944656542,0.5434059804972236,-44.078387293236666,0.3410979042576912,21.924685705677906,134,114,20,85.07462686567165,695.0713178752025,-2598.11242946825,1912.381161701932,-10114.675361257476,1.5249172695346092,11.5,39,71,54.929577464788736,13.430340377684868,-20.831665028957996,1.4470733756547158,,0.7970418367353613,120
30,0.3,0.1,0.55,0.7,22,15,20000,55204.89701493641,35204.89701493641,176.02448507468205,18.571566474780333,0.6584214138171663,0.6833608455414942,-43.223790202091024,0.4296607582988384,29.59270008134516,287,195,92,67.94425087108013,834.1242319009727,-1361.480741366882,2565.9022573350776,-6754.197732134345,1.298571955667581,6.790940766550523,42,71,59.15492957746479,16.78994982420039,-18.99176460156392,1.7916791824158416,,0.883552734543365,539
30,0.26,0.14,0.55,0.7,20,20,20000,51090.2220914123,31090.222091412303,155.4511104570615,17.040614710730107,0.6582000753727913,0.5618813991530083,-46.05121448749194,0.3700361630062664,26.126975661374896,166,127,39,76.50602409638554,999.7842463133474,-2406.3558253944284,2775.265140884888,-11502.852062800976,1.3529618685376823,9.096385542168674,32,71,45.07042253521127,18.410631833027978,-18.664802811097804,1.6120160047968155,,0.8362464974572283,473
35,0.3,0.1,0.55,0.7,20,20,20000,46592.77766524664,26592.777665246635,132.9638883262332,15.24506117337423,0.6570890425378666,0.5725303275451322,-40.57872778350526,0.3756909594285298,22.426795307028605,111,91,20,81.98198198198197,884.7589249928295,-2667.2842254550387,1981.749866822617,-9743.537524449672,1.5092703920710206,12.342342342342342,36,71,50.70422535211267,12.18340632667061,-18.41505129765372,1.4124842751306146,,0.834971054552364,545
45,0.28,0.14,0.5,0.9,24,10,20000,56328.35325427544,36328.35325427544,181.6417662713772,18.97302606231501,0.6548888040970055,0.7796988221769743,-45.61026777879226,0.415981466154361,30.82102122783909,271,220,51,81.18081180811808,583.4341026947195,-1800.4493974097677,1884.821320574196,-8063.344679150914,1.3978590924380705,14.660516605166052,44,71,61.97183098591549,16.755160800580484,-27.6911214123034,1.8918779379984256,,0.6019736228145358,4
30,0.3,0.1,0.6,0.7,22,15,20000,54327.66837242605,34327.668372426044,171.63834186213023,18.25333982219197,0.6541521473525823,0.6640417834795291,-42.25048653907425,0.4320267366699044,29.20935975889587,295,200,95,67.79661016949152,749.4169485454206,-1194.8096982806107,2565.9022573350776,-5909.923015617553,1.3204779756516751,6.905084745762712,41,71,57.74647887323944,16.848495381154738,-22.86136698899396,1.775675686724469,,0.9013564722820472,444
35,0.2,0.12,0.5,0.5,22,10,20000,53650.24258609047,33650.24258609047,168.25121293045237,18.004654895601835,0.6540347622356291,0.713661135398977,-45.03961966451725,0.3997514861295802,28.64261633872921,325,259,66,79.6923076923077,514.5032434772135,-1459.4015671179936,1721.1628617345536,-8876.430891562663,1.3834680604398513,10.28,45,71,63.38028169014085,15.377985691414198,-20.70796354082871,1.7927862067061693,,0.5577245185278007,4
30,0.22,0.08,0.5,0.3,20,10,20000,52211.68330252542,32211.683302525416,161.05841651262708,17.467765764701994,0.6538555809681672,0.6961260769139954,-40.6354468975675,0.4298652309333318,27.43452301176036,348,269,79,77.29885057471265,496.173604664742,-1249.094140259684,1645.7846033890962,-4690.730400078418,1.3525822216449617,7.977011494252873,44,71,61.97183098591549,16.761087465920177,-21.686623025351118,1.7355209436050325,,0.6768258373217398,2
30,0.28,0.16,0.6,0.7,24,20,20000,49923.93199800885,29923.931998008848,149.61965999004423,16.588030072334515,0.6535925076197011,0.5744396573067313,-41.71297743168423,0.3976707272814964,25.433866586197368,200,133,67,66.5,924.763858822985,-1347.8874809768367,3241.869994235004,-9368.9167007318,1.36192768157585,6.15,30,71,42.25352112676056,16.027787989714227,-16.49192827039726,1.553843751215458,,0.8408332658036577,280
40,0.28,0.12,0.45,0.3,22,20,20000,44697.38248815556,24697.382488155563,123.4869124407778,14.444841961510768,0.6531504558395442,0.5552478703637357,-29.161757891116142,0.4953350897241779,21.029551267622224,132,102,30,77.27272727272727,768.3944712112603,-1763.1217858464286,1710.7501394828903,-4644.081573861365,1.48177013243817,10.477272727272728,34,71,47.88732394366197,11.07489828482946,-20.14606369904656,1.34220170078349,,0.4125768844544771,10
35,0.28,0.1,0.55,0.5,22,15,20000,52156.540383204345,32156.540383204345,160.78270191602172,17.446941852796005,0.6522617409560747,0.6759544252111408,-41.55649438679268,0.419836709285587,27.45792660119489,180,139,41,77.22222222222223,854.7905383132269,-2083.7742546910763,2614.891576193009,-6745.154690979286,1.3907209016787738,11.5,41,71,57.74647887323944,17.948494249464385,-17.97049870793699,1.7012921811571435,,0.8798235874449754,341
30,0.3,0.12,0.5,0.9,22,15,20000,56586.5165165002,36586.5165165002,182.93258258250097,19.064336363501265,0.6521229668306543,0.6861155668903359,-42.71994119235824,0.4462631696438642,31.34697963339977,313,212,101,67.73162939297124,826.1535929139359,-1345.7331206064762,3287.2080312869525,-6754.197732134345,1.2885947032970348,6.65814696485623,42,71,59.15492957746479,17.991296012692672,-17.977154498256265,1.872101564212584,,0.8817098141935282,323
35,0.22,0.16,0.5,0.3,22,10,20000,56483.164462793495,36483.164462793495,182.41582231396748,19.02782325866803,0.652083829446046,0.7090567201021369,-46.52145290535584,0.4090118014452086,31.306637633655605,356,274,82,76.96629213483146,580.020844930949,-1443.7511382016028,2485.712351845593,-6868.678385139774,1.3424186355801968,10.21629213483146,42,71,59.15492957746479,19.39315390581291,-24.134094176130315,1.9247971846998808,,0.5303088051640225,3
35,0.26,0.1,0.55,0.7,20,20,20000,44645.77925491105,24645.779254911053,123.22889627455528,14.422663552560255,0.6485128371833423,0.5377058467288195,-39.58011856108929,0.3643916207653554,21.21262320996103,109,92,17,84.40366972477065,801.2334456716501,-2846.8763380517976,1790.567492462293,-9019.212496492431,1.5231033482211789,11.862385321100918,38,71,53.52112676056338,12.701027996129156,-22.036010279336796,1.374770927063707,,0.8163510679970978,272
30,0.28,0.14,0.6,0.5,24,20,20000,48197.1166712011,28197.116671201104,140.98558335600552,15.901497264015418,0.6484326706029689,0.5576622056149162,-39.34600321267007,0.4041451727146423,24.283127681166096,203,140,63,68.96551724137932,799.7286231078027,-1295.141120061764,2546.6548261202,-8639.968930129775,1.3721861583180892,6.113300492610837,31,71,43.66197183098591,14.96102477426473,-15.613136603348163,1.485420602891349,,0.8412733697501905,302
45,0.24,0.14,0.55,0.5,20,20,20000,45014.711516045216,25014.711516045216,125.07355758022608,14.580759408405244,0.6469672337986846,0.5630269649459253,-39.3371261937972,0.3706615307018636,21.603326563247293,116,95,21,81.89655172413794,769.6583395107361,-2242.88241607022,1778.1440035284631,-7449.740354627411,1.5523719395235052,15.344827586206897,33,71,46.478873239436616,17.927181281956383,-15.209490861751496,1.3465621459979973,,0.3105742799781785,6
30,0.3,0.08,0.55,0.5,24,20,20000,43159.64587337979,23159.64587337979,115.79822936689897,13.774599716719903,0.6469122070528176,0.5295045965115664,-35.9687078487404,0.3829606494246715,19.99476286378489,190,136,54,71.57894736842105,661.3485751404105,-1217.6696360317767,1956.9873529875256,-7399.795246282507,1.3678739983325767,5.878947368421053,31,71,43.66197183098591,12.411468179396202,-15.03385283696166,1.2792649065057478,,0.8481411321074872,237
45,0.22,0.08,0.55,0.3,22,20,20000,38117.04015631631,18117.04015631631,90.58520078158156,11.4274841062739,0.6453938475638288,0.5162141077649837,-25.243501861187617,0.4526901286958083,15.577812309332376,98,83,15,84.6938775510204,567.713660934206,-1903.4729134148467,1247.1136512222151,-4753.765915053441,1.6503249936981417,12.724489795918368,35,71,49.29577464788733,12.649537007905366,-10.261909594410223,1.0219924192345666,,0.4856185824647504,2
30,0.28,0.14,0.5,0.7,24,20,20000,47913.53291249183,27913.532912491828,139.56766456245916,15.786801923166106,0.6413537214140858,0.5541043883106,-43.43587706688756,0.3634507460009561,24.45855998882624,217,153,64,70.50691244239631,799.8843036272212,-1438.3541491011406,2501.6334021640023,-9368.9167007318,1.3294524262705514,5.755760368663594,30,71,42.25352112676056,14.68935716030042,-16.867679763277444,1.4830899690930084,,0.8122339529971995,141
30,0.2,0.08,0.6,0.7,20,10,20000,51228.40416190116,31228.404161901155,156.14202080950577,17.093665623997722,0.6408576933039671,0.6945020562512579,-40.07936234941544,0.4264954485795864,27.50354936159184,322,242,80,75.15527950310559,477.4769508061987,-1037.7296289127776,1616.1178052409298,-5426.963858317036,1.3918536543107145,9.357142857142858,47,71,66.19718309859155,14.493772531104176,-20.00673076979019,1.6453470054935506,,0.52900790478405,3
35,0.16,0.08,0.6,0.3,18,20,20000,38678.43965191168,18678.43965191168,93.39219825955838,11.701155752663684,0.6396651271101478,0.4865935384581498,-30.462328403347232,0.3841188893288259,16.283622431570215,136,112,24,82.35294117647058,467.902269864614,-1365.5172738718811,1084.9435888166092,-4871.881397400876,1.59905990778388,10.992647058823527,40,71,56.33802816901409,9.679188265688587,-13.111131894106832,1.0514328473013603,,0.5009795502447394,2
35,0.26,0.14,0.4,0.3,18,20,20000,46591.41676503086,26591.41676503086,132.95708382515429,15.244496410824503,0.6394163295803024,0.5384336516094224,-38.9626877589542,0.391258850137234,23.40968091219235,157,132,25,84.07643312101911,715.7016371211699,-2658.567973398541,2236.262045830457,-5847.380508532067,1.421406065901362,8.878980891719745,31,71,43.66197183098591,16.116109350417474,-21.29352003136216,1.4675149220607349,,0.5349614754489482,4
45,0.2,0.16,0.45,0.3,20,10,20000,51662.34844813483,31662.348448134828,158.31174224067414,17.259495034229122,0.6387542930973131,0.6926104953187437,-44.480333742424186,0.3880253042653649,28.06677190625677,268,226,42,84.32835820895522,564.3144261558213,-2205.331907836134,1993.526830729872,-6927.078114136937,1.3769124929627468,13.115671641791044,45,71,63.38028169014085,15.68848943110237,-17.20989144659506,1.692899703713309,,0.5239384302146333,2
35,0.28,0.1,0.55,0.7,22,15,20000,51585.88050679539,31585.880506795387,157.92940253397694,17.23035758522309,0.6383482813002801,0.6629983025699914,-41.59533413265904,0.4142377491251953,28.008562367905203,190,147,43,77.36842105263158,817.9900576779235,-2033.01762725254,2614.891576193009,-7523.642205291022,1.3754846875389657,11.421052631578949,41,71,57.74647887323944,18.23787242104602,-22.55646899688584,1.6991434947169912,,0.8864904540222824,649
30,0.3,0.1,0.55,0.7,20,15,20000,54346.58820346698,34346.58820346698,171.7329410173349,18.26024821915828,0.6379224515625325,0.670329415958233,-51.67283649283383,0.3533819596238088,30.612996904483293,240,182,58,75.83333333333333,772.6456226978127,-1806.39336426784,2565.9022573350776,-6913.898931712312,1.3421820108951823,9.35,42,71,59.15492957746479,16.934747599473464,-26.2987882089594,1.8624025785346596,,0.9065202875424214,472
40,0.28,0.08,0.6,0.3,20,20,20000,40407.27006263713,20407.27006263713,102.03635031318564,12.52365573576526,0.6377102036249187,0.5249370265361247,-33.300591164904176,0.3760790814117458,17.92501505067248,103,82,21,79.6116504854369,752.6713357521882,-1947.913308049636,1444.997922429736,-4928.450279354506,1.5087952561883269,13.601941747572816,36,71,50.70422535211267,10.77987066821471,-12.167128280686534,1.1296279496713966,,0.7063314856654368,17
45,0.22,0.1,0.6,0.7,18,15,20000,48114.05964000989,28114.059640009888,140.57029820004945,15.867963165274922,0.6364164735831271,0.6662623517473354,-33.475402806672754,0.474018587824488,24.949170138076507,150,124,26,82.66666666666667,573.7641517439924,-1620.9036606248128,1893.355531585398,-6522.50043403505,1.688202521378865,17.106666666666666,44,71,61.97183098591549,13.906908536893736,-17.882899670566697,1.462224949040576,,0.570088992829822,3
30,0.22,0.14,0.45,0.3,20,10,20000,57156.76821671064,37156.76821671064,185.7838410835532,19.264807623719715,0.6363068218544756,0.7060913449044807,-51.39463340421799,0.3748408413034548,33.56715438315872,375,290,85,77.33333333333333,603.2921022788073,-1555.0989798531953,2367.045019801679,-7535.799328780122,1.3235753663002905,7.792,45,71,63.38028169014085,20.96396148106838,-27.125550161909352,1.992620358570923,,0.5686461375976731,4
35,0.26,0.14,0.6,0.7,22,15,20000,54396.87011711281,34396.87011711281,171.98435058556407,18.27859846007625,0.6350400288187357,0.6714262537659926,-40.53280987952398,0.4509580883833586,30.93299491813233,205,153,52,74.63414634146342,840.85543261552,-1773.352136020418,3234.5211129979466,-7936.42883453697,1.3951292342057835,11.907317073170733,41,71,57.74647887323944,17.139757823412218,-21.917197659021337,1.8124215399196613,,0.8831414209088393,466
35,0.28,0.1,0.6,0.7,22,20,20000,43969.1321893354,23969.1321893354,119.845660946677,14.129857383725051,0.633021066681375,0.5425452797804684,-34.07995380935919,0.4146090532506722,21.377500915314496,130,102,28,78.46153846153847,753.8687679153467,-1867.074362072496,1931.925937513568,-9028.370646349224,1.4708767265857308,11.423076923076923,35,71,49.29577464788733,13.365526991931254,-19.4684562900822,1.312500101561581,,0.8300921193432157,627
40,0.28,0.12,0.55,0.5,22,15,20000,50702.32443572656,30702.32443572656,153.5116221786328,16.89105216724791,0.6312873898360934,0.6577027027306697,-40.84812814488574,0.4135085971953576,27.739166670585305,162,120,42,74.07407407407408,835.8230119912897,-1631.150881029238,2168.5109782200425,-7319.245011304978,1.4640373102944957,13.74074074074074,44,71,61.97183098591549,16.508283238000597,-18.471311096201724,1.625660233476924,,0.7286357587302514,82
30,0.28,0.14,0.6,0.9,22,15,20000,55359.5802977171,35359.5802977171,176.79790148858547,18.62724287543067,0.6311990937836378,0.6634181898357719,-42.73446061120689,0.4358834207572933,32.28847495979842,306,201,105,65.68627450980392,856.9719161693029,-1270.7483319267874,3122.847629722605,-6576.7664723533735,1.290963014037201,7.016339869281046,41,71,57.74647887323944,19.300282933055723,-19.144947954220942,1.863536334591642,,0.8941420732877932,370
30,0.26,0.14,0.6,0.9,22,15,20000,54704.64161392162,34704.64161392162,173.52320806960813,18.39061215372668,0.6292864988308926,0.6542397112681706,-42.80019863143831,0.4296852057181366,31.84219711342745,328,217,111,66.15853658536585,775.4341663192137,-1168.0204727688974,3122.847629722605,-6476.711932384911,1.2978701153186485,6.972560975609756,41,71,57.74647887323944,18.77230435762427,-18.138471261586908,1.8061913845767976,,0.8870987264801408,409
30,0.22,0.14,0.55,0.5,20,20,20000,47660.34311965272,27660.34311965272,138.3017155982636,15.683921046169116,0.6291317955518155,0.5174340382669226,-45.400648794398286,0.3454558792143133,25.040743404858866,196,149,47,76.0204081632653,748.5890574233995,-1728.132477370929,2328.1633308047544,-9355.739128465237,1.3732665853894075,8.566326530612244,32,71,45.07042253521127,14.783034938986894,-17.404894372521152,1.4900030387418264,,0.7764975975432507,107
30,0.24,0.16,0.6,0.7,24,20,20000,47022.66042109164,27022.66042109164,135.1133021054582,15.422775797898636,0.6289772137288769,0.5447430159492196,-43.2980660851816,0.3562001075881066,24.43359056376991,232,163,69,70.25862068965517,708.9737106326814,-1228.645716116453,3087.495232604765,-8865.542163065222,1.3631447472076228,6.038793103448276,30,71,42.25352112676056,14.907816807718888,-16.137997245790693,1.4603715334668268,,0.8379639812687817,289
45,0.16,0.08,0.4,0.5,24,20,20000,37240.06689726384,17240.066897263838,86.20033448631918,10.993186992310822,0.6277247569953655,0.486933114376854,-19.251790625334543,0.57102153281494,15.334490942498416,123,105,18,85.36585365853658,374.8074301086858,-1178.8340702304563,702.9765025908143,-3942.6792447057255,1.8546941684562732,9.53658536585366,37,71,52.11267605633802,10.570876566485342,-13.45235068007632,0.9751778888985686,,0.4511923429620037,2
45,0.24,0.14,0.4,0.9,24,10,20000,51968.71375633206,31968.713756332058,159.84356878166028,17.37587412299886,0.6266248847893793,0.7397822768241653,-44.52388646447824,0.3902596000208015,29.323360311751944,275,220,55,80.0,592.6244519743617,-1748.9998005543978,1893.365986340971,-8979.242088948438,1.3553448131589532,12.6,44,71,61.97183098591549,15.11767006177731,-16.567102187287496,1.6556223412346536,,0.6260998605713627,3
30,0.26,0.1,0.55,0.9,22,15,20000,50921.76160872297,30921.76160872297,154.60880804361486,16.97577753046202,0.6256961759149944,0.6340129241137968,-38.75941301090521,0.4379781893416646,28.43067277230929,293,205,88,69.96587030716724,696.7579689106207,-1244.1354774767508,2352.0770692238207,-5585.704300697914,1.30462428632447,6.78839590443686,43,71,60.56338028169014,15.428559933704978,-17.86138376907043,1.6321942919928467,,0.8700199174624829,235
30,0.24,0.16,0.6,0.9,22,15,20000,54413.29496436553,34413.29496436553,172.06647482182763,18.284589602527213,0.6256536862672681,0.650002175906933,-44.90457422616455,0.4071876844981492,31.92265667754533,360,242,118,67.22222222222223,745.5326187886518,-1185.5889727329493,2569.654042768926,-6908.492727877238,1.2896321667839867,7.030555555555556,40,71,56.33802816901409,17.45612977754314,-21.50188905806464,1.804522984176173,,0.890615630001831,254
30,0.3,0.1,0.5,0.9,22,15,20000,51922.69916867503,31922.699168675023,159.61349584337515,17.35843104665209,0.6234940824075147,0.6427634951010313,-39.81143794012146,0.4360161788870852,29.613132713916023,307,213,94,69.38110749185668,727.5755886590869,-1286.4542682522367,2263.0553608076743,-5909.923015617553,1.2815498878774676,6.625407166123779,41,71,57.74647887323944,17.374522490931188,-21.31082245641204,1.7022826642779771,,0.87897807761211,364
35,0.3,0.1,0.55,0.9,20,20,20000,44300.37760751001,24300.37760751001,121.50188803755005,14.27366256934346,0.6229854416585666,0.5420862757186007,-38.06712645528112,0.3749603371326508,22.22131610548137,97,78,19,80.41237113402062,925.1064050537386,-2491.195894035871,1981.749866822617,-6800.846543007428,1.5244908081663988,12.783505154639176,36,71,50.70422535211267,12.175713541865353,-18.725871234547636,1.3536071867769277,,0.8244466047285686,448
45,0.18,0.16,0.5,0.9,18,10,20000,51286.99489798203,31286.994897982036,156.43497448991016,17.11612385503567,0.6221876575918973,0.6887168745860668,-48.0364242886759,0.3563155274042873,29.02940205327057,164,134,30,81.70731707317073,754.3713694011642,-2236.2318253582707,1806.8291385750024,-9716.431243068448,1.506787181803939,15.859756097560975,46,71,64.7887323943662,14.255678645936666,-16.28846594700478,1.635032250520937,,0.5515124481532923,2
30,0.28,0.1,0.6,0.9,20,15,20000,51518.23433341748,31518.23433341748,157.5911716670874,17.204551615289844,0.6210099354581089,0.6510847746248413,-42.41890717202397,0.405586865911448,29.408840297677376,235,174,61,74.04255319148936,670.0108725267943,-1371.6615981351588,2373.1927704363243,-4517.084053566633,1.3933309476761857,9.902127659574468,42,71,59.15492957746479,17.34472473337616,-22.726071635355197,1.7260173558382537,,0.9197027551510022,391
40,0.24,0.08,0.5,0.9,22,20,20000,40463.945746378944,20463.945746378944,102.31972873189471,12.550119911358282,0.6208184858609591,0.5060252194963002,-27.44173983795825,0.4573368884577272,18.67016762456378,118,97,21,82.20338983050848,605.3446386766897,-1795.7040097742813,1267.1478235952236,-7038.369984153869,1.5571139212047949,11.14406779661017,37,71,52.11267605633802,9.501573025414276,-14.818054678203884,1.1241032515536185,,0.655680608857389,13
45,0.26,0.08,0.6,0.5,22,10,20000,46411.42979930918,26411.429799309182,132.0571489965459,15.169682019156715,0.6206056027371123,0.6719278720677243,-33.960136409310714,0.4466908447104384,24.416799850366097,181,142,39,78.45303867403315,618.6648900445094,-1573.6486064378737,1518.5374957433637,-5892.683720868966,1.431434386710587,16.16022099447514,46,71,64.7887323943662,16.784105213485255,-15.574805752407816,1.4251900064757743,,0.6206056027371123,1
35,0.26,0.08,0.5,0.9,24,15,20000,46424.21266579225,26424.21266579225,132.12106332896124,15.175003375137509,0.6202377060351949,0.6348235562643026,-38.56459037393271,0.3934957749582341,24.43498566514462,216,159,57,73.61111111111111,586.7999739842714,-1153.552336801875,1650.0527696508295,-6411.258041897658,1.4189760040386283,9.833333333333334,41,71,57.74647887323944,12.575399709385326,-14.211421931774847,1.4214226195276607,,0.8662851835070948,90
30,0.26,0.12,0.6,0.7,22,15,20000,52050.616508342944,32050.616508342944,160.25308254171472,17.406889805894153,0.6187531175068108,0.6329124908474619,-42.34902644961403,0.4110340016105093,30.1959033328472,324,218,106,67.28395061728395,690.1700626944748,-1089.0184637646444,2958.487228158257,-5842.417389649536,1.303381349886411,7.070987654320987,43,71,60.56338028169014,16.52968474140519,-18.918783499868887,1.6998308918186815,,0.8897932436603102,494
45,0.28,0.08,0.55,0.9,24,15,20000,44786.42632760457,24786.426327604568,123.93213163802284,14.483061804240416,0.6183942757547146,0.6526131246524549,-35.03508570645284,0.4133873661845472,22.945744905827944,142,112,30,78.87323943661971,655.2911334531258,-1599.2760206381822,1683.5742175681246,-6368.497833240441,1.5297048164219371,14.45774647887324,42,71,59.15492957746479,13.960642127228096,-16.060202035910287,1.3515872323067992,,0.6183942757547146,1
35,0.3,0.12,0.55,0.5,22,15,20000,51264.72607047496,31264.72607047496,156.32363035237478,17.10759057737672,0.6163879339930822,0.6487444572542846,-42.86746150854918,0.399081027318702,29.57599686241869,199,151,48,75.87939698492463,810.0662105068715,-1870.145244084636,2509.700635478378,-7886.957337716995,1.3626392363267188,11.522613065326633,40,71,56.33802816901409,18.4268129707728,-16.907276084350798,1.730914444967703,,0.8643853226991669,272
35,0.26,0.14,0.6,0.5,22,15,20000,52121.3262153784,32121.3262153784,160.60663107689203,17.433634152249876,0.6149653510218968,0.6482835041321392,-44.0317313133945,0.395933424197348,30.61498873007784,220,161,59,73.18181818181819,752.0313110484932,-1474.9595739564224,3072.7950573480493,-7539.60739281012,1.3913284640874402,11.840909090909092,41,71,57.74647887323944,17.444382136593916,-23.10171593836912,1.7502184690679985,,0.881892013113733,362
30,0.26,0.14,0.6,0.7,22,15,20000,53369.878012777175,33369.878012777175,166.8493900638859,17.900967118458546,0.614632427106392,0.6367585846665301,-43.318415286187616,0.4132415048009938,32.02211184320347,308,205,103,66.55844155844156,803.9871295022118,-1238.9561508269524,2958.487228158257,-6619.8655622453925,1.2915457561996424,7.032467532467533,42,71,59.15492957746479,19.13581667731283,-19.403998123235144,1.7829064694311896,,0.8836830424810387,465
30,0.16,0.12,0.45,0.7,20,10,20000,50653.7292881605,30653.729288160503,153.2686464408025,16.872248169833526,0.6145656740394567,0.6525728680808727,-45.33781201827693,0.3721451790181638,29.149420783520817,327,256,71,78.2874617737003,514.8230208548098,-1333.0445640939542,1469.4493707231306,-6812.130650884237,1.392499048015008,7.5932721712538225,44,71,61.97183098591549,15.62128766557458,-22.97400570056841,1.7005169308119927,,0.4945664178427993,2
30,0.28,0.1,0.6,0.9,22,15,20000,49834.986779734856,29834.986779734856,149.17493389867428,16.553154560456896,0.6137230989784042,0.6250023090231124,-38.91725153588111,0.4253423329547088,28.36270273885752,278,180,98,64.74820143884892,776.3133313398039,-1100.3113557288746,2352.0770692238207,-5065.648299100759,1.2958892240523463,6.942446043165468,39,71,54.929577464788736,16.779162196911624,-19.791527848251267,1.6306161443423952,,0.8963767733491926,450
30,0.24,0.14,0.6,0.7,22,15,20000,51794.77248736125,31794.772487361253,158.97386243680626,17.309869281746447,0.6108669345299834,0.6288129167505148,-40.42894041849765,0.4281554030989785,30.71378318157213,325,218,107,67.07692307692308,711.4157789221666,-1111.6996945576702,2378.0751144589835,-6288.872284133123,1.3037932342067011,7.046153846153846,41,71,57.74647887323944,16.722388738798454,-19.295175731063942,1.7052389662810652,,0.8885962913834194,381
30,0.28,0.1,0.55,0.9,24,15,20000,48717.74917322958,28717.749173229586,143.58874586614792,16.110612752096955,0.6104717742524236,0.629068287303068,-41.85943897811868,0.3848740725005537,27.457909697807565,322,214,108,66.45962732919256,684.5103762521461,-1067.1960309697172,2403.9966758855508,-7429.198045161112,1.2709423527307295,5.881987577639752,41,71,57.74647887323944,16.05567750908856,-17.25984242585562,1.5576210176716243,,0.9074370916534348,463
30,0.28,0.1,0.55,0.7,24,15,20000,48717.74917322958,28717.749173229586,143.58874586614792,16.110612752096955,0.6104717742524236,0.629068287303068,-41.85943897811868,0.3848740725005537,27.457909697807565,322,214,108,66.45962732919256,684.5103762521461,-1067.1960309697172,2403.9966758855508,-7429.198045161112,1.2709423527307295,5.881987577639752,41,71,57.74647887323944,16.05567750908856,-17.25984242585562,1.5576210176716243,,0.9147970085820984,555
30,0.26,0.12,0.6,0.7,20,15,20000,52014.40427875931,32014.404278759317,160.07202139379658,17.39318164037509,0.6087271925658779,0.6327735474831122,-46.17866355488376,0.3766497404088608,31.14570391923516,245,181,64,73.87755102040816,701.7140477915701,-1451.7693495549174,2508.586370149622,-6142.977601347462,1.3669768148907069,9.840816326530613,43,71,60.56338028169014,18.14326586192998,-23.748664402558795,1.7447503776673428,,0.9139559555328808,434
30,0.26,0.1,0.55,0.7,22,15,20000,49557.98971246517,29557.98971246517,147.78994856232583,16.44421084422911,0.6086593303046802,0.6147108668170052,-38.545537152591045,0.4266177632738924,28.521909571180377,292,197,95,67.46575342465754,703.0248084326226,-1121.7957636711717,2352.0770692238207,-5842.417389649536,1.2995693976273144,6.791095890410959,42,71,59.15492957746479,15.806590323869395,-18.094730470480936,1.5952968070345086,,0.8720922760794775,266
30,0.3,0.14,0.6,0.5,20,15,20000,54374.739662054686,34374.739662054686,171.87369831027345,18.270523753623525,0.6077249266518363,0.642690199089774,-52.09611506213241,0.350707989105007,33.97693561215598,252,187,65,74.20634920634922,845.2588250634192,-1869.4024711508407,3120.184602187059,-7406.956684108022,1.3008138468442312,9.928571428571429,43,71,60.56338028169014,19.5358341614482,-24.30154403134791,1.9050224348078733,,0.8572243200662862,97
35,0.3,0.14,0.6,0.7,22,15,20000,51955.55778077124,31955.55778077124,159.7777889038562,17.37088830649638,0.6075157777359173,0.6543813392533195,-38.1559559547223,0.4552602043861649,31.193017489038105,194,140,54,72.16494845360825,858.1391096603223,-1605.7595846606262,2911.069001698152,-7142.785951083272,1.3855156901271506,12.45360824742268,42,71,59.15492957746479,19.19566292538441,-24.65444093407605,1.793601137280379,,0.8497725114390258,172
45,0.24,0.12,0.4,0.5,18,20,20000,42171.79609371019,22171.79609371019,110.85898046855094,13.333472495941834,0.6059547420400023,0.5015579242983804,-29.784633481161688,0.4476628025110681,21.073534260113945,106,92,14,86.79245283018868,741.5536661142307,-3221.3957991999305,1507.384086287802,-6450.721572873348,1.5127190983364849,10.87735849056604,35,71,49.29577464788733,12.696813740837598,-14.041262397234366,1.2209450676985318,,0.6059547420400023,1
30,0.26,0.1,0.55,0.7,20,15,20000,50412.17169054867,30412.17169054867,152.06085845274333,16.77855353194666,0.6044758182194586,0.6232635443604833,-47.02029425415496,0.356836421338729,29.81390260724045,242,182,60,75.20661157024794,686.0018039985838,-1545.3809439532229,2352.0770692238207,-6142.977601347462,1.346510804949262,9.132231404958675,42,71,59.15492957746479,15.290359395246078,-20.73996873819649,1.6920907849555276,,0.8924464117576213,232
45,0.26,0.16,0.5,0.3,22,10,20000,51100.62427272778,31100.62427272778,155.50312136363888,17.044612473689426,0.6034106615556931,0.6749193483563155,-41.48448371069284,0.4108671712671234,30.74390129368103,316,252,64,79.74683544303798,524.0114557130285,-1558.0529673841988,1834.295659064968,-4843.717693607216,1.3242778968767006,14.20253164556962,44,71,61.97183098591549,16.50189301324736,-21.12638601077291,1.733111121024964,,0.6034106615556931,1
30,0.28,0.1,0.5,0.7,24,20,20000,42403.80082566639,22403.80082566639,112.01900412833194,13.43784150367522,0.6021971397250548,0.5061796205986867,-36.63067505339745,0.3668466792950592,21.50122954530405,206,145,61,70.3883495145631,624.5751222626641,-1095.057244301962,1777.9297843967258,-6190.998370967593,1.3557700203828371,5.640776699029126,31,71,43.66197183098591,13.15593455250308,-15.276064640205878,1.2498447335439111,,0.849020447386354,488
30,0.28,0.1,0.55,0.9,20,15,20000,50212.45400580379,30212.45400580379,151.06227002901895,16.70080505345737,0.6021510979242868,0.6264968605113587,-47.58797624956528,0.3509458978854965,29.82013700118505,243,185,58,76.13168724279835,679.4901341786652,-1620.6589796077444,2373.1927704363243,-6142.977601347462,1.337319725098301,9.349794238683128,41,71,57.74647887323944,16.080311321558007,-18.08607959165165,1.6936112672083363,,0.9019916112501064,472
35,0.3,0.1,0.6,0.5,20,15,20000,48841.545993315245,28841.545993315245,144.20772996657624,16.16006272441963,0.6016312611391017,0.6293283008517838,-41.8641523678612,0.3860119412527648,28.34337365580786,171,127,44,74.26900584795322,785.6016352536814,-1592.1286746341402,2263.194286104612,-7128.227566418242,1.4242140279177482,13.68421052631579,41,71,57.74647887323944,14.119495054606611,-17.202261956219488,1.5590241874794353,,0.921508854119599,210
30,0.18,0.14,0.55,0.5,18,10,20000,50735.19839132215,30735.19839132215,153.67599195661074,16.903764312022517,0.6015797682871222,0.6298525143119776,-53.16574877288321,0.3179446298073047,30.530917265655777,338,257,81,76.03550295857988,547.5768089710516,-1296.3173201253558,1970.4050948374431,-7016.804346348927,1.340237691184597,8.94378698224852,48,71,67.6056338028169,17.8684580013315,-24.001328660943063,1.7874188873690335,,0.6015797682871222,1
30,0.28,0.14,0.6,0.7,22,15,20000,52159.224642369605,32159.224642369605,160.79612321184803,17.447955947906934,0.5982457173466479,0.6259722257020017,-43.80714315784414,0.3982902031533798,32.53247267632785,323,214,109,66.25386996904025,771.4139668528884,-1188.8171033408096,2958.487228158257,-5957.879006020853,1.2739715470309825,7.055727554179566,39,71,54.929577464788736,19.30143037809477,-20.45681825692538,1.7863270748131548,,0.8892178332640261,419
30,0.26,0.16,0.6,0.7,22,15,20000,52763.86167581751,32763.861675817505,163.81930837908752,17.675284782844102,0.5976359633789606,0.6294360992007277,-45.023822378770895,0.3925762818213796,33.33302877823998,352,236,116,67.04545454545455,739.6734699235161,-1180.1670450528632,2958.487228158257,-6950.858840357663,1.2751185756937706,7.0852272727272725,43,71,60.56338028169014,19.497564827332205,-22.11629297909825,1.8168269999337567,,0.8799892203626654,360
40,0.24,0.16,0.5,0.3,18,10,20000,51606.70374043171,31606.70374043171,158.03351870215857,17.2382956581798,0.597557926346414,0.6669600085972988,-45.29146286996924,0.3806080564823123,31.977705873417424,306,240,66,78.43137254901961,603.942284093108,-1683.621566451938,2010.730549679164,-5511.531665607581,1.3044224451025217,13.27450980392157,43,71,60.56338028169014,17.605406141360035,-20.969364498405664,1.793709375143731,,0.5634766273625541,3
35,0.24,0.16,0.6,0.3,24,10,20000,50537.45620331176,30537.456203311755,152.6872810165588,16.82719503835306,0.595689826400725,0.6635062461307224,-46.14358020143495,0.364670339078496,30.92581968128259,353,255,98,72.23796033994334,555.0719532404079,-1100.268985969091,2131.49705465817,-5826.827499770427,1.3126970738500912,11.070821529745045,46,71,64.7887323943662,21.42254497502205,-26.590005650327985,1.7485610882800284,,0.6799540515832101,6
30,0.24,0.14,0.55,0.7,22,15,20000,50517.95085949894,30517.95085949894,152.5897542974947,16.819628721069257,0.5951690365397697,0.6138299578385655,-41.45201765519332,0.4057614001079151,30.938976119545917,320,219,101,68.4375,709.1530564081543,-1193.3184999394723,2310.130111188727,-6288.872284133123,1.2885650465716891,6.865625,40,71,56.33802816901409,16.79208904391576,-20.05614538487812,1.6846969583106837,,0.8879714912835371,383
30,0.3,0.1,0.5,0.7,22,15,20000,49382.451664853055,29382.45166485305,146.91225832426525,16.374908629533902,0.5948989873925997,0.605065804147657,-41.52871520425207,0.3943032802482967,29.641595748363684,299,209,90,69.89966555183946,710.4136523655092,-1300.5744631059802,2263.0553608076743,-5909.923015617553,1.2684689860459035,6.632107023411371,41,71,57.74647887323944,17.374522490931188,-22.87060175481456,1.6432189734756404,,0.8911657258399084,444
30,0.18,0.12,0.55,0.9,18,20,20000,42800.47453419349,22800.47453419349,114.00237267096745,13.615192239935949,0.5936736284027531,0.4795013581823673,-37.21552644977892,0.3658470949835731,22.428251478044672,187,147,40,78.6096256684492,549.1994922514975,-1381.0212706694126,1537.0071972534818,-5593.393163237357,1.4614605704414192,8.288770053475936,30,71,42.25352112676056,15.746496829673571,-14.604224931199184,1.271879029956331,,0.5571160430205518,4
30,0.26,0.16,0.6,0.9,20,15,20000,53090.26749827809,33090.26749827809,165.45133749139046,17.797105746902698,0.5928237598689711,0.635138170565768,-48.67894549650435,0.3656017106652549,34.36120954692239,266,191,75,71.80451127819549,755.2780322088148,-1437.4658220480712,2894.2042254296302,-6613.219493972484,1.3380779975354842,10.071428571428571,43,71,60.56338028169014,20.093900351530824,-21.793728319054807,1.86459621841551,,0.9090331895513364,276
30,0.28,0.08,0.6,0.7,24,15,20000,45278.23802804491,25278.238028044907,126.39119014022452,14.693027589025176,0.592555910552048,0.5953170844356764,-38.83869520162979,0.3783089908851678,25.203145936107035,310,212,98,68.38709677419355,588.7635067268706,-996.3298510005244,2138.2518811125647,-6190.998370967593,1.2783433782840254,6.048387096774194,41,71,57.74647887323944,14.309839970146566,-18.067549223251056,1.417623762956656,,0.9372261248700684,352
30,0.26,0.14,0.55,0.9,22,15,20000,51046.70956089308,31046.709560893083,155.23354780446542,17.023884642321185,0.5925074867884449,0.6198772262871862,-43.90007823110745,0.3877871140160774,31.865133899780275,327,226,101,69.1131498470948,711.4346987799498,-1247.4735877561916,2958.487228158257,-6476.711932384911,1.276117749500701,6.948012232415902,42,71,59.15492957746479,18.117010085789477,-18.71454709443216,1.708828349082984,,0.8850379646562421,417
45,0.18,0.14,0.6,0.9,18,10,20000,48593.76349339172,28593.76349339172,142.9688174669586,16.060982414894177,0.5919939549311874,0.6576093285607034,-42.41116600482488,0.3786970255207558,28.95119216976618,233,185,48,79.39914163090128,534.04174485551,-1411.012877619293,1757.5329217409007,-7655.62424934566,1.458729345619736,18.02145922746781,46,71,64.7887323943662,13.960029564908606,-19.653051653593167,1.5360952261486325,,0.5118319557292513,3
35,0.3,0.1,0.55,0.7,22,15,20000,47522.66509629874,27522.66509629874,137.6133254814937,15.627786048100756,0.590560241312645,0.6199949891495913,-43.35833563051038,0.3604332551248531,27.868190108451856,201,148,53,73.6318407960199,706.5999121916136,-1434.7192812841502,2396.983944843591,-7523.642205291022,1.3752843154407686,11.661691542288557,41,71,57.74647887323944,17.26862551942221,-19.906072990857812,1.5822294230642897,,0.8830855764976108,540
30,0.24,0.14,0.6,0.7,24,15,20000,48983.39307465494,28983.393074654938,144.9169653732747,16.21659470777219,0.5904610971013207,0.6124212060815488,-46.78386549953222,0.3466279353922633,29.60032715387364,366,241,125,65.84699453551912,679.3811161027335,-1038.5532472488276,2971.0972971402334,-8865.542163065222,1.2612225664075587,6.065573770491803,42,71,59.15492957746479,16.76459216033903,-19.2253998811492,1.6324635925044135,,0.9177229252701864,328
40,0.26,0.16,0.45,0.9,24,15,20000,49953.6234382347,29953.623438234703,149.7681171911735,16.59966060491054,0.5900004807003694,0.6385519437895405,-52.036349217802304,0.3190012530554619,30.771263169304625,241,184,57,76.34854771784232,698.5573294500385,-1683.2828979047742,2668.364831949066,-8110.399257150355,1.3396393938526616,11.45643153526971,42,71,59.15492957746479,16.596846438203272,-17.376527587069578,1.667828606727089,,0.6332970964527733,4
30,0.28,0.14,0.5,0.3,24,10,20000,51617.430707715226,31617.430707715223,158.08715353857613,17.24238386990795,0.5883420893328749,0.6749403405984449,-50.2808235949022,0.3429216674894739,33.12340128191456,450,294,156,65.33333333333333,660.1062885944882,-1011.71953896849,2680.351392741832,-6778.902805900824,1.2296357034232204,5.717777777777778,42,71,59.15492957746479,23.1291429863999,-19.28364888947733,1.8971548986271989,,0.7307917450392265,5
30,0.24,0.14,0.6,0.9,20,15,20000,50409.70741172541,30409.70741172541,152.04853705862703,16.777595771336173,0.5883411047430608,0.6188996090344346,-46.92823109689391,0.3575160490642625,31.5593222976364,273,197,76,72.16117216117216,662.0260102364844,-1276.8620605902863,2229.8545512441083,-5614.395472758341,1.3439518319528554,9.857142857142858,43,71,60.56338028169014,17.741525306021757,-25.637435983127556,1.7304294395908408,,0.9195944165828416,295
30,0.28,0.12,0.55,0.9,20,15,20000,50496.96072066364,30496.960720663643,152.48480360331823,16.811483720590005,0.5870786889691227,0.6155855146666803,-45.16509300039284,0.3722229404120519,31.80926499527213,243,182,61,74.8971193415638,665.7118426461183,-1457.9277809988496,2794.1268265939098,-5540.498491731723,1.36235981296805,9.432098765432098,42,71,59.15492957746479,17.511243004608247,-21.145505053800807,1.7337858315565111,,0.9123596798366692,585
30,0.28,0.16,0.6,0.7,22,15,20000,52203.86508872806,32203.86508872806,161.0193254436403,17.464814445210042,0.5869481015275125,0.6222462681666587,-46.10502835611909,0.3788049821878506,34.063086537811216,312,211,101,67.62820512820514,841.236827386377,-1397.1396583148248,2958.487228158257,-6576.7664723533735,1.2578809439726153,7.038461538461538,40,71,56.33802816901409,20.11455728785592,-23.111981940028706,1.8443651263087129,,0.8870862258549059,285
35,0.26,0.14,0.6,0.7,20,15,20000,50144.000902810265,30144.000902810265,150.7200045140513,16.67409758946952,0.5854424995121492,0.6221296657091648,-43.90149195662147,0.3798070827739748,31.52993021498136,213,169,44,79.34272300469483,608.0655128381762,-1615.6584265191218,2226.9387172352317,-7396.371425147719,1.445555767106203,14.187793427230046,40,71,56.33802816901409,15.99722467989948,-23.16458901727184,1.7076599362395823,,0.9080951417994864,410
30,0.26,0.08,0.55,0.9,22,15,20000,45822.57571082623,25822.575710826237,129.11287855413116,14.923216492330994,0.5853202054784301,0.5813748074455686,-35.27373418143654,0.4230688028540118,26.402549755038944,297,202,95,68.01346801346801,599.2107013957368,-983.1640628538148,2138.2518811125647,-5585.704300697914,1.2959293608647713,6.747474747474747,43,71,60.56338028169014,14.919138119331322,-14.709516572164404,1.43433460353666,,0.8521461653894532,133
35,0.24,0.12,0.6,0.9,20,20,20000,42766.69293319553,22766.692933195533,113.83346466597766,13.600142072206031,0.583712524356848,0.4981785316940457,-33.97912609707609,0.4002499073505109,23.01763078502469,127,102,25,80.31496062992126,668.1698878312465,-1780.8854250236616,1858.833712793133,-6727.947549955062,1.5307740206337337,12.74015748031496,37,71,52.11267605633802,11.716441628369644,-18.59878744714888,1.2891331557021837,,0.8528800452937898,319
30,0.26,0.12,0.6,0.7,24,15,20000,47368.57637669004,27368.576376690035,136.84288188345016,15.564799240340244,0.583423452683585,0.5990826031167478,-45.61983234807863,0.3411849285543414,28.372262900508737,337,222,115,65.8753709198813,675.657142619179,-1036.3792111718917,2758.876061630217,-7593.229430253154,1.2585278006061211,6.1513353115727005,42,71,59.15492957746479,16.10411134490539,-17.80271785012495,1.5558865744353818,,0.9187605719307244,426
35,0.28,0.14,0.55,0.7,22,15,20000,49219.71056370344,29219.71056370344,146.0985528185172,16.310475250559776,0.581957982545991,0.6227077785889841,-43.47390634250397,0.3751785064369336,30.79099971702894,227,172,55,75.77092511013215,749.0681024196782,-1778.7964191360206,2526.5401573563254,-7418.460695112865,1.316924310374309,11.45374449339207,42,71,59.15492957746479,19.47754772821586,-23.328787484828982,1.7299379067848617,,0.8847536024858643,446
40,0.24,0.16,0.4,0.5,18,10,20000,51419.49766871438,31419.49766871438,157.09748834357188,17.16683443797926,0.5819486069494247,0.6666835831180097,-54.0267789532606,0.317746768742785,33.6894201116832,297,250,47,84.17508417508418,552.9586428390402,-2216.359659633201,1725.865187181607,-9018.542965880906,1.327072239390142,11.515151515151516,44,71,61.97183098591549,24.984521370660893,-26.703677768163857,1.8945666028486812,,0.5819486069494247,1
35,0.2,0.16,0.5,0.9,24,20,20000,41860.638002025065,21860.638002025065,109.30319001012532,13.192742990230432,0.5783358175150933,0.4893719290607431,-37.04103376592734,0.3561656263051152,22.33118531722053,147,110,37,74.82993197278913,649.5789309715667,-1262.949848779653,1820.3320808792043,-5934.91934868579,1.5291031607131358,9.693877551020408,32,71,45.07042253521127,14.177078341790562,-15.489669595093956,1.23631519786152,,0.5621882818581828,6
30,0.24,0.16,0.6,0.5,24,20,20000,43599.65404352693,23599.654043526927,117.99827021763464,13.968386404274536,0.5779229759525112,0.4928303107924149,-42.812068439607785,0.3262721684185578,24.380279417589453,232,161,71,69.39655172413794,670.1645766556323,-1137.7329971553472,2778.745709344289,-7869.927547400206,1.3356991257166593,6.038793103448276,30,71,42.25352112676056,14.727799048703403,-16.253779837399296,1.3639622269002518,,0.8511058695246345,240
45,0.24,0.12,0.5,0.3,24,10,20000,45144.755349712126,25144.755349712126,125.72377674856064,14.636229148664448,0.575362156875619,0.6348147020822851,-36.527502930647984,0.4006906570222758,26.44115255447422,278,218,60,78.41726618705036,477.32929326956,-1298.873127395184,1387.3846231905347,-4592.334543357413,1.3352315908565815,12.924460431654676,43,71,60.56338028169014,14.381460864183326,-17.453497134661845,1.445458113987004,,0.618429738044136,3
30,0.26,0.16,0.6,0.7,20,15,20000,50883.472425223656,30883.472425223656,154.41736212611826,16.961015871780027,0.5751915523695538,0.6159151782007761,-50.1447759768634,0.338240934202314,33.89153892022491,263,185,78,70.34220532319392,764.6213176278654,-1375.3329658452724,2737.7607537847853,-6961.283677865772,1.318607904450415,9.996197718631178,42,71,59.15492957746479,19.84597891900237,-22.70872271814952,1.8148039629054824,,0.9065461734604414,315
35,0.22,0.1,0.45,0.9,22,10,20000,46718.52378389153,26718.523783891527,133.59261891945764,15.297185652363666,0.5737185011650617,0.6328895870049075,-43.96065592238463,0.3479744633331184,28.53696370054491,302,254,48,84.10596026490066,504.9268855505408,-2079.525311083275,1467.905790253083,-6809.568749082047,1.2848628266898814,9.754966887417218,45,71,63.38028169014085,14.32913736697088,-19.21504857927443,1.573505204808424,,0.5617958371420673,2
35,0.2,0.08,0.6,0.9,20,20,20000,38370.28166997849,18370.28166997849,91.85140834989244,11.55134700259346,0.5736957501112483,0.4597516882615001,-30.63850790566472,0.3770205467629102,18.639178222021023,112,95,17,84.82142857142857,536.9047839133337,-1884.56898834048,1213.9629952595114,-5763.793955237738,1.5920617826186123,12.125,37,71,52.11267605633802,9.85240170137509,-17.382692608210338,1.0856775368970788,,0.5059030026714166,2
35,0.24,0.14,0.6,0.9,20,20,20000,43319.29208497394,23319.29208497394,116.59646042486968,13.845099730663502,0.5736524373079723,0.5009763137815766,-33.24541232548873,0.4164514368212147,24.35133147274586,131,100,31,76.33587786259542,714.2715538612434,-1517.6472032629158,2096.4956679660536,-7073.4132012176,1.5182064591134177,13.221374045801529,35,71,49.29577464788733,12.652779850358398,-21.22655569797928,1.335796526984533,,0.8452780854250757,336
30,0.26,0.14,0.55,0.7,22,15,20000,49283.12466812629,29283.124668126293,146.41562334063147,16.335603575292666,0.5730934998270234,0.5946442606838814,-43.6390319995275,0.3743346913714662,31.991377099192796,322,219,103,68.01242236024845,715.3753353999564,-1201.1968328588734,2794.1268265939098,-6288.872284133123,1.266271039073194,6.888198757763975,41,71,57.74647887323944,18.03000027398853,-20.011015066080507,1.6645546057779506,,0.8819281136140045,474
30,0.3,0.08,0.55,0.7,20,15,20000,46668.203131673086,26668.203131673086,133.34101565836542,15.27634068603938,0.5725916621453515,0.5842356317087342,-46.38832678190629,0.3293143285348653,28.579770301851596,223,168,55,75.33632286995515,659.3293926502639,-1509.1024515194754,2138.2518811125647,-5457.700247683294,1.3345360332164884,9.399103139013452,42,71,59.15492957746479,15.946902305268718,-25.960137768489734,1.582785886640142,,0.9128178703191946,389
45,0.16,0.1,0.45,0.5,18,20,20000,37269.708276019854,17269.708276019854,86.34854138009926,11.008004360865552,0.5717636204898221,0.4574944783697485,-20.30998301247808,0.5419996833134935,17.477141793761767,108,94,14,87.03703703703704,463.9962047017012,-1792.4310689957128,878.1247733726764,-4387.380929534168,1.738088087513994,10.546296296296296,36,71,50.70422535211267,8.993960062142282,-14.346956097219444,0.9787039637016838,,0.3845563713433202,3
30,0.11,0.08,0.9,0.1,5,15,20000,30318.38847965158,10318.388479651581,51.591942398257906,7.229225762677305,0.5717333493013247,0.4207445934968546,-13.716906686962105,0.5270303230646507,9.520818212871037,138,114,24,82.6086956521739,251.32122152546034,-712.9804489271243,930.1468740109168,-1713.2484179669464,1.6743457748978972,16.63768115942029,44,71,61.97183098591549,6.283069984190459,-6.519119181014599,0.6213057527330549,,0.5717333493013247,1
30,0.24,0.12,0.55,0.7,22,15,20000,47186.67626094352,27186.67626094352,135.9333813047176,15.490224137689989,0.5711844218155866,0.5768985620483613,-39.74462494623197,0.3897438750182131,29.42418985306722,308,213,95,69.15584415584416,647.3117163963178,-1131.433887699707,2174.240104648213,-5842.417389649536,1.2827448620852642,6.701298701298701,42,71,59.15492957746479,15.712957022467222,-20.05046942418234,1.560464899381666,,0.8956826199102229,366
30,0.16,0.1,0.4,0.9,18,20,20000,40095.33384225668,20095.33384225668,100.4766692112834,12.377444691650007,0.5710130419106141,0.4524901965189004,-34.0777850644089,0.3632115370249549,20.76469415009668,195,158,37,81.02564102564102,446.64264284279767,-1284.0595601866323,1075.9294143396637,-5577.133734265019,1.4853553980699508,6.574358974358974,32,71,45.07042253521127,12.4462131497147,-12.711929613815045,1.1456930636330938,,0.2863201655248362,3
45,0.18,0.16,0.55,0.3,18,20,20000,38094.060024995786,18094.060024995782,90.47030012497892,11.416210438146669,0.5707758840582648,0.4392418765763965,-37.87155555361878,0.3014455115788293,18.479196576391733,103,83,20,80.58252427184466,680.9450804223466,-1828.074082502949,1681.6158475523305,-5159.807521760747,1.545846588385282,14.310679611650484,32,71,45.07042253521127,13.840118703856795,-13.323242398180824,1.075121560102234,,0.5707758840582648,1
30,0.28,0.08,0.5,0.7,24,15,20000,43980.56860486821,23980.56860486821,119.90284302434108,14.134837332964544,0.5703266744011194,0.5786663909169578,-39.18555448271736,0.3607155116102455,25.42499480213193,334,223,111,66.76646706586826,561.3141372226137,-893.385441403373,1760.626308442971,-6190.998370967593,1.262260505155454,5.6437125748503,40,71,56.33802816901409,14.523660522886384,-15.17694998728427,1.3665190628649453,,0.923120067169028,356
30,0.28,0.12,0.55,0.9,24,15,20000,46660.71136851888,26660.71136851888,133.30355684259442,15.273235677763864,0.5679270477842787,0.5896306779808442,-46.07141555430837,0.3315121858966972,29.041682050739183,324,211,113,65.12345679012346,722.2580371967865,-1086.107384778787,2758.876061630217,-8148.508169914599,1.24171986361958,5.987654320987654,40,71,56.33802816901409,17.09093397161725,-18.12121173824456,1.5492622506390634,,0.9167179628745882,575
35,0.24,0.16,0.6,0.7,22,15,20000,48361.67547569098,28361.67547569098,141.8083773784549,15.967795741262393,0.5657772235236085,0.5973585836232274,-41.7607524537703,0.3823636980425329,31.613095081675013,286,211,75,73.77622377622379,575.8479485280877,-1200.348555516469,2441.5871993265387,-7637.656377566647,1.3496515000416969,12.073426573426572,41,71,57.74647887323944,18.077192672872066,-22.46472991959103,1.6493947008494154,,0.887710250339269,290
35,0.3,0.1,0.55,0.9,24,15,20000,44533.01602181443,24533.01602181443,122.66508010907216,14.374125016297423,0.564779390180755,0.5975180206885704,-43.08619517361536,0.3336132364061631,26.57104115127893,207,156,51,75.36231884057972,664.1301539645759,-1529.5409411109656,1831.354071691687,-5108.899793046353,1.3281481305516256,10.695652173913045,41,71,57.74647887323944,14.699485827139846,-16.375853973039778,1.4443299902988715,,0.9011631677791154,380
30,0.22,0.12,0.45,0.3,20,20,20000,41326.3803607831,21326.3803607831,106.63190180391553,12.949067157196836,0.5621416519761665,0.4526991447687669,-34.109548313253576,0.379631739426035,22.805081123837677,168,128,40,76.19047619047619,642.1240550975508,-1477.4699672925865,1670.9652279716893,-5579.252497623434,1.390753803326039,7.023809523809524,32,71,45.07042253521127,16.465765560229762,-22.25671242552932,1.284427139160714,,0.4471503944153541,2
30,0.28,0.1,0.55,0.9,22,15,20000,45761.38730878812,25761.38730878812,128.80693654394062,14.897455093606515,0.559458644025685,0.5668613216902773,-40.20504977997709,0.3705369145202686,28.76319963770392,287,196,91,68.29268292682927,668.1210767406064,-1134.3949860700077,2138.2518811125647,-5065.648299100759,1.2685440513331911,6.780487804878049,42,71,59.15492957746479,15.729339983160065,-20.132639686166243,1.5167959714469716,,0.8793208012104602,545
30,0.28,0.1,0.55,0.5,20,15,20000,46287.87799475092,26287.87799475092,131.4393899737546,15.118185897898218,0.5593032086595398,0.5722235225685232,-48.41777152792508,0.31224456270522,29.502752438372365,252,191,61,75.79365079365078,614.630113730073,-1470.5323561916891,2138.2518811125647,-5584.525092134057,1.3087080750840192,9.075396825396826,41,71,57.74647887323944,15.784680834716712,-23.863676062073303,1.5912369248031022,,0.9047887318998332,298
40,0.2,0.08,0.6,0.3,22,10,20000,40830.77062777167,20830.77062777167,104.15385313885837,12.720663268258958,0.558638495905172,0.5773143490553193,-34.366200812261546,0.3701504084711145,22.447869136642183,267,210,57,78.65168539325843,391.07261814282464,-1063.0566377790392,1131.727422227509,-3401.7872320663737,1.355331226119623,12.99250936329588,46,71,64.7887323943662,13.829766741697537,-16.587592525132454,1.2142832451257486,,0.4104626510658238,2
30,0.28,0.1,0.55,0.7,22,15,20000,45641.25828556284,25641.258285562843,128.20629142781422,14.846795152350722,0.5574929895840729,0.5641031099527715,-40.04609367049476,0.3707426565625195,28.8119672033634,283,196,87,69.25795053003534,666.6384345057459,-1184.6663779030262,2138.2518811125647,-5193.259901910697,1.2677426601586457,6.787985865724382,42,71,59.15492957746479,15.74472151224331,-20.132639686166243,1.518283891783892,,0.8868842859114587,648
30,0.28,0.14,0.6,0.5,24,15,20000,47037.001459813066,27037.001459813066,135.18500729906532,15.428681076969152,0.5574127247076073,0.583291210011721,-46.61236195286143,0.3309997698158272,30.777541824780094,341,217,124,63.63636363636363,733.4716478533608,-1036.0648880997246,2758.876061630217,-7854.517209208887,1.238894782061018,6.099706744868035,41,71,57.74647887323944,17.53355679635358,-19.77967151914486,1.6211235155973052,,0.914590122563572,264
45,0.22,0.1,0.45,0.5,22,15,20000,42201.91190932751,22201.911909327508,111.00955954663752,13.347047260931877,0.5541260727103084,0.5714755946818104,-38.8083049558289,0.3439224484584758,24.47722968705383,198,170,28,85.85858585858585,431.77867503914143,-1788.4272445473744,1549.1090712971436,-5722.412759273523,1.4658205370997262,12.88888888888889,43,71,60.56338028169014,13.092790656458853,-15.779240555029473,1.2981264855230328,,0.5928903664264057,4
45,0.16,0.1,0.5,0.9,20,10,20000,43053.262419408056,23053.262419408056,115.26631209704028,13.727500029565045,0.5529253855748096,0.6066473692342991,-34.32468606813383,0.3999308253633034,25.6981883393504,249,218,31,87.55020080321285,315.3068487428782,-1425.7507066152134,1118.8605907663166,-6287.506829863899,1.5551941300686938,14.602409638554215,46,71,64.7887323943662,15.112889050162392,-17.88368888664006,1.3090311623418682,,0.5447032163814925,3
30,0.26,0.16,0.55,0.9,22,15,20000,48212.96438644555,28212.96438644555,141.06482193222774,15.907890280768866,0.5518791431294567,0.5847966238125921,-47.20194643342631,0.3370176758114281,33.37235282502377,335,224,111,66.86567164179105,751.6156462835404,-1218.965228658264,2794.1268265939098,-6044.931136892584,1.2443127015968956,6.901492537313433,42,71,59.15492957746479,19.046094531941083,-21.151453136724296,1.6852840356271197,,0.8823542560468786,315
35,0.26,0.08,0.45,0.9,20,10,20000,44478.39723707213,24478.397237072124,122.39198618536062,14.35057777308868,0.551453164589003,0.6248768924867327,-40.888936321360006,0.3509648101457721,27.78383342629801,255,214,41,83.92156862745098,527.8952192074615,-2136.0574214599487,1515.2419504476895,-6161.709497249868,1.289925779484287,10.68235294117647,43,71,60.56338028169014,15.07478579243189,-23.726884159369543,1.5117312021332785,,0.6061353666509977,4
30,0.24,0.12,0.45,0.7,24,15,20000,44732.2527296304,24732.252729630403,123.66126364815202,14.459816683094996,0.5498731731190729,0.5624165054985348,-45.6060696759353,0.3170590402953518,28.34404620097523,374,249,125,66.57754010695187,609.6792212601274,-983.0309869131293,2100.671724469791,-7593.229430253154,1.235445296148633,5.393048128342246,40,71,56.33802816901409,16.01946597113757,-17.40935948762431,1.4472752115459258,,0.7721217359396862,10
30,0.24,0.14,0.6,0.7,20,15,20000,46832.77214167859,26832.772141678597,134.16386070839297,15.344442927026346,0.5497938982416208,0.5738449068691471,-47.36345683817434,0.3239721918831507,31.48265746206576,297,217,80,73.06397306397307,566.0172324495993,-1164.7795912485533,2229.8545512441083,-5626.885727908584,1.3181221190300838,9.905723905723908,44,71,61.97183098591549,17.654089928291008,-26.661780445936056,1.6452070049692251,,0.9168036420537592,335
45,0.22,0.1,0.55,0.7,22,15,20000,41887.9523423492,21887.9523423492,109.439761711746,13.2051314175889,0.5493836773436671,0.5767750405268534,-40.31431449965505,0.3275544079436571,24.43348052816659,148,126,22,85.13513513513513,567.9066998560402,-2212.445083614173,1458.3968938772173,-7273.566631585406,1.470118547940496,14.966216216216216,43,71,60.56338028169014,16.42095759941167,-17.9174142264212,1.276546486726064,,0.5851010816023131,2
30,0.26,0.14,0.5,0.9,22,15,20000,47246.33404863882,27246.33404863882,136.2316702431941,15.51470886256856,0.5493267731269629,0.5740966838586277,-45.28323976010104,0.3426148160944645,32.20759156862811,321,218,103,67.91277258566979,717.8037742739135,-1218.6484343987788,2629.766425029562,-6044.931136892584,1.2466558277610185,6.663551401869159,44,71,61.97183098591549,18.25725048724811,-18.680747273771946,1.6185689910634828,,0.8388939116870557,96
35,0.2,0.14,0.55,0.9,20,10,20000,46870.24454076992,26870.24454076992,134.3512227038496,15.359921979338932,0.546021758483103,0.6125950200498367,-45.40529680451888,0.3382848050849051,32.035990263073295,277,225,52,81.2274368231047,526.9799481581423,-1716.0979650756462,1581.382816484257,-6393.551882116763,1.3287130135724392,12.440433212996387,46,71,64.7887323943662,15.696476222311762,-24.717490900977623,1.664495408845489,,0.5333936750748316,9
35,0.3,0.1,0.6,0.7,22,15,20000,43849.3390795204,23849.339079520403,119.24669539760202,14.077628983446775,0.5411489950832217,0.5701558334565183,-37.88278695113951,0.3716101722295097,27.96321144090804,187,143,44,76.47058823529412,709.8502569014186,-1743.0897194859629,1792.7169523119903,-6018.913764232818,1.3235195579089003,11.882352941176473,41,71,57.74647887323944,16.189676867736402,-19.87804705911611,1.4471941432137236,,0.9007495754675616,445
30,0.3,0.08,0.5,0.9,22,15,20000,43213.45566849209,23213.45566849209,116.06727834246044,13.798386416681096,0.5398304541183273,0.5441264792097104,-36.30522377598008,0.3800661442503008,27.20452125336417,274,186,88,67.88321167883211,639.7769909931585,-1071.226871093583,1585.5559601529828,-4965.070489509257,1.262343159297822,6.514598540145985,42,71,59.15492957746479,15.278847201424227,-18.142613085736446,1.3818844060098907,,0.8820044963081894,300
30,0.26,0.14,0.6,0.7,24,15,20000,45150.7043674831,25150.7043674831,125.7535218374155,14.638763499002303,0.5386723057667543,0.5584144869003772,-48.05754921966297,0.3046090309784833,30.29640122614172,332,210,122,63.25301204819277,737.6527076073753,-1030.171018279225,2758.876061630217,-7822.537202704606,1.232542993291192,6.216867469879518,42,71,59.15492957746479,16.598680624617714,-19.41072511952433,1.5344467835247622,,0.910735287209132,402
30,0.26,0.14,0.6,0.9,24,15,20000,45150.7043674831,25150.7043674831,125.7535218374155,14.638763499002303,0.5386723057667543,0.5584144869003772,-48.05754921966297,0.3046090309784833,30.29640122614172,332,210,122,63.25301204819277,737.6527076073753,-1030.171018279225,2758.876061630217,-7822.537202704606,1.232542993291192,6.216867469879518,42,71,59.15492957746479,16.598680624617714,-19.41072511952433,1.5344467835247622,,0.9150831232723688,354
45,0.11,0.1,0.9,0.2,13,10,20000,28532.148658593014,8532.148658593014,42.66074329296507,6.142334397185811,0.5376170803193924,0.3996014299325702,-10.145496506873325,0.6054247215032336,7.973699390747946,90,76,14,84.44444444444444,248.97444375596078,-678.0280747135818,1458.5542518188404,-2713.038055341981,1.9933917225905675,27.833333333333332,43,71,60.56338028169014,5.908281707243268,-8.266078031004353,0.5245210520049498,,0.5376170803193924,1
30,0.24,0.1,0.55,0.7,22,15,20000,43173.87351690944,23173.87351690944,115.86936758454718,13.780891466782895,0.5361332434899132,0.5341003646701752,-38.62915467239908,0.3567484606809033,27.54746260701256,303,211,92,69.63696369636963,574.1184245080342,-1038.6827614596282,1700.560308776948,-5193.259901910697,1.2676903618998203,6.765676567656766,43,71,60.56338028169014,14.376665510970833,-19.601521479705617,1.392639390345648,,0.8802799885118539,149
40,0.3,0.16,0.5,0.7,18,15,20000,46604.415782616044,26604.415782616044,133.02207891308024,15.249890337062633,0.5344676384737423,0.5833916011499901,-50.42883130215107,0.3024041990124831,33.34839220911216,183,149,34,81.4207650273224,685.5489853595576,-2182.605383410531,2392.25119048403,-8069.992463917625,1.3764822698349928,14.9672131147541,43,71,60.56338028169014,21.654916390406957,-20.99072209639008,1.713085294008456,,0.6527450771789011,3
30,0.16,0.1,0.4,0.3,18,10,20000,42467.85231428785,22467.852314287848,112.33926157143924,13.46657180609161,0.5281522815116175,0.5503090555714595,-43.59851353769881,0.308876856419596,27.34826930305877,396,322,74,81.31313131313132,387.1311518802484,-1301.126038675038,1122.588620049113,-4825.137628079821,1.2946813842875111,6.545454545454546,43,71,60.56338028169014,14.356057247413002,-16.98383471624506,1.3926564165253823,,0.5281522815116175,1
35,0.3,0.1,0.5,0.9,20,15,20000,43196.67215866582,23196.672158665817,115.9833607933291,13.790969887659443,0.5258525993333945,0.5516460819017833,-43.84195115550437,0.314561043114706,28.69012989562644,201,161,40,80.09950248756219,626.8454035584275,-1919.9309453560245,2179.076313494173,-6800.846543007428,1.3141372378134182,11.72636815920398,41,71,57.74647887323944,15.470905088250577,-16.940405283795602,1.4469745739778337,,0.9016316174334044,318
30,0.28,0.14,0.55,0.7,22,15,20000,45301.1839660193,25301.1839660193,126.50591983009647,14.702777313860228,0.5258185412786246,0.5453483681900183,-43.7955102068254,0.3357142603071865,32.49109004182944,293,191,102,65.18771331058021,763.8116159230372,-1153.2287713262804,2629.766425029562,-5626.885727908584,1.2402350063785403,6.931740614334471,40,71,56.33802816901409,18.9622211548236,-22.28750724894345,1.595741147061248,,0.8853231894805828,445
35,0.3,0.08,0.55,0.7,20,20,20000,37899.06481591147,17899.06481591147,89.49532407955736,11.3203205915114,0.5252676200081386,0.4345458625348287,-39.59124728674527,0.2859298801455373,20.76909028189347,92,75,17,81.52173913043478,776.2781841901685,-2349.235235197129,1430.779954549296,-5681.167942951013,1.4578176947313015,12.206521739130435,34,71,47.88732394366197,11.30507972536805,-21.26622395247765,1.11990628839488,,0.8443531493664985,445
30,0.3,0.08,0.55,0.3,20,15,20000,42066.97849770918,22066.978497709177,110.33489248854588,13.286162760827658,0.5251296445710676,0.518277183249653,-45.694089238205386,0.2907632689988913,27.034464831841422,246,184,62,74.79674796747967,575.3754851666728,-1334.6001737573963,1924.426693001308,-5222.672605369171,1.2794588143736552,8.833333333333334,40,71,56.33802816901409,16.28099975072992,-19.91411399793325,1.3984786850674165,,0.93925494671037,85
35,0.3,0.1,0.6,0.9,20,15,20000,42879.91636714761,22879.916367147613,114.39958183573806,13.65054574790856,0.5227646682930689,0.5419580950686511,-42.47514288894262,0.3213772766721439,28.55751154724436,175,130,45,74.28571428571429,686.4959000618524,-1457.1744586865157,2148.6319712135924,-6254.766441231849,1.3609972135691364,13.874285714285714,43,71,60.56338028169014,14.907964695346298,-23.604484590833664,1.3988562828442688,,0.9167324790752426,315
30,0.28,0.08,0.55,0.9,22,15,20000,41701.51309534009,21701.513095340088,108.50756547670044,13.120437792586737,0.5226198068257312,0.5192112612176583,-36.36392615787942,0.3608091638846255,26.69341132854696,270,189,81,70.0,584.4745184646823,-1077.0280357343793,1924.426693001308,-4965.070489509257,1.2662380468932668,6.733333333333333,41,71,57.74647887323944,14.790139299494465,-16.891991621503344,1.3218478008009842,,0.8767914545499594,403
30,0.28,0.14,0.6,0.7,20,15,20000,45208.90359069267,25208.903590692677,126.04451795346336,14.663542394191476,0.522200771250803,0.5492205977843971,-49.6761576577707,0.2951827010295692,32.89798003702693,265,189,76,71.32075471698113,664.651009396911,-1294.6215419121502,2382.8671610941246,-5295.892449796314,1.276729964675698,10.116981132075471,42,71,59.15492957746479,19.742880477499547,-28.35591638222499,1.681780548910478,,0.9144355038732884,366
35,0.26,0.14,0.55,0.7,24,15,20000,43140.16169791538,23140.161697915384,115.70080848957691,13.765980621446872,0.5182895010739667,0.5461283397313738,-46.71773628575361,0.2946628350578869,29.59392728150628,246,178,68,72.35772357723577,622.2785835172934,-1258.498914237689,2257.8471654953632,-7683.536138352967,1.2943242822736905,10.439024390243905,42,71,59.15492957746479,16.088428991940383,-22.2523761580093,1.476834461955587,,0.9074470484156848,412
30,0.18,0.1,0.55,0.9,24,20,20000,36053.82228617399,16053.822286173983,80.26911143086993,10.391982143779943,0.518011822838618,0.4131137264607747,-36.08405961845103,0.2879937084037562,18.617234861000615,221,162,59,73.30316742081448,442.61800924868606,-904.2253425781888,1209.3506187179014,-5756.550125872287,1.3440499487986954,5.547511312217194,31,71,43.66197183098591,11.49270297589191,-13.441183141490043,0.9708921864871156,,0.3128264458426673,3
40,0.2,0.1,0.45,0.3,20,20,20000,35492.45982787661,15492.459827876612,77.46229913938306,10.101719095483077,0.5162722515732145,0.4117141356084806,-29.45940577737385,0.3429030161647609,17.924858994566414,121,104,17,85.9504132231405,563.331304802132,-2478.276227737945,1106.324564972326,-3971.0093250938535,1.390588370010542,9.553719008264462,34,71,47.88732394366197,11.020438212043349,-11.552258806749926,0.9504198455009032,,0.3815784351656239,6
30,0.26,0.14,0.6,0.5,20,15,20000,44364.87359668154,24364.873596681544,121.82436798340773,14.301558386633603,0.514921176622415,0.5333931226416404,-49.16900056494492,0.2908653465051293,32.49900789056604,259,186,73,71.81467181467181,665.652806616492,-1328.8554579998076,2090.9658384671147,-5835.430241387771,1.2763215644877737,9.733590733590734,43,71,60.56338028169014,18.699708004012397,-27.1614820431396,1.5744714398719395,,0.910116230573645,315
30,0.22,0.12,0.6,0.7,20,15,20000,42738.84795034308,22738.84795034308,113.6942397517154,13.587729309253003,0.5130506561543097,0.526455449465111,-46.04548790877073,0.2950936112605469,29.61562756545041,256,185,71,72.265625,553.9041298406789,-1089.5537474673592,2055.9626038380584,-4953.878358316183,1.3246444497002587,9.609375,42,71,59.15492957746479,16.570761235223273,-24.12351533137024,1.4436602930399471,,0.8675086576105402,103
30,0.26,0.16,0.6,0.7,24,15,20000,43681.798649732766,23681.79864973277,118.40899324866383,14.004383776207565,0.5126105668997094,0.5371538249613118,-50.99700674648211,0.2746118776309085,31.474242649536837,347,218,129,62.8242074927954,735.7684612608052,-1019.4513636056004,3241.869994235004,-8344.039682884913,1.219667467821418,6.170028818443804,42,71,59.15492957746479,17.806348695105623,-18.838502233801712,1.5273585147894544,,0.9077105671767706,311
35,0.30000000000000004,0.14,0.9,0.2,7,10,20000,37352.739460839766,17352.739460839766,86.76369730419883,11.049458499969855,0.510601751696112,0.5377367453327204,-37.044923570525,0.2982718665604541,20.984263967372158,183,131,52,71.58469945355192,463.7047595977079,-843.7418624003842,1523.9989675265901,-2501.2562050215975,1.3845221509976018,21.89071038251366,43,71,60.56338028169014,12.7094614013761,-15.49412202276379,1.0341613492317865,,0.39721738980179994,3
45,0.2,0.08,0.4,0.9,22,15,20000,38639.164510419454,18639.16451041945,93.19582255209728,11.682117781460777,0.5096921313647818,0.5303286701311895,-32.57644169301733,0.3586063171523367,22.990417236533965,163,145,18,88.95705521472392,405.8447173142986,-2178.32886111966,877.2456142705946,-6798.396672965873,1.5008315436695134,11.680981595092025,43,71,60.56338028169014,11.78365538539088,-14.898181908345157,1.1223214621224389,,0.5096921313647818,1
35,0.30000000000000004,0.13,0.4,0.30000000000000004,5,10,20000,38832.1324147432,18832.132414743202,94.16066207371601,11.775501443818492,0.5090659022053079,0.5675174152574795,-45.641725440308925,0.2579986039138399,23.37308686563241,221,195,26,88.23529411764706,416.7520798843208,-2383.7765702867537,1593.1693894650855,-5149.470012030566,1.311213742971058,12.271493212669684,41,71,57.74647887323944,15.696578438823682,-17.284800350460415,1.1744897167700261,,0.4070425502771967,2
35,0.2,0.08,0.55,0.9,20,10,20000,41010.70724970187,21010.707249701867,105.05353624850932,12.803853272879673,0.5080557658165983,0.5450210087367932,-42.03379733825891,0.3046085313169097,27.136789937092555,250,203,47,81.2,408.6321054684287,-1302.4921065862086,1197.2017901174563,-4645.051957190817,1.3550507636048703,12.348,44,71,61.97183098591549,12.01766951260652,-22.97703605926509,1.3432858815954192,,0.52900790478405,3
30,0.28,0.12,0.5,0.9,22,15,20000,42911.23494097317,22911.23494097317,114.55617470486584,13.664468280059626,0.5066934252812475,0.5246416062180002,-41.31239227608332,0.3307595500338598,30.90859612896969,299,206,93,68.89632107023411,635.0358480491269,-1135.2177393241625,2465.4060234652143,-5065.648299100759,1.2390914063574283,6.719063545150502,42,71,59.15492957746479,17.10585938541085,-22.22621030545904,1.4732538616947537,,0.8787220878289078,385
30,0.28,0.1,0.55,0.3,22,15,20000,41091.80609599447,21091.80609599447,105.45903047997236,12.841248388432058,0.5065121959727628,0.5017532061807382,-40.18731019080655,0.3195349061050044,27.505816786651906,284,192,92,67.6056338028169,622.6101193019776,-1050.7851827172312,1924.426693001308,-3779.7742930424542,1.2365612594745743,6.612676056338028,41,71,57.74647887323944,16.026135750785798,-23.721249049932524,1.3589175999463057,,0.905507640826603,115
30,0.28,0.12,0.55,0.7,22,15,20000,42892.743729465255,22892.74372946525,114.46371864732627,13.656249117452512,0.5063475650992788,0.5159608333564635,-42.61846984919039,0.3204303008948111,30.948057597416977,295,193,102,65.42372881355932,693.9832786666678,-1065.4904809137422,2465.4060234652143,-5193.259901910697,1.23241384778339,6.928813559322034,42,71,59.15492957746479,17.009463457970632,-21.870647531305963,1.4753916588422296,,0.8899190908161635,755
30,0.28,0.08,0.55,0.7,22,15,20000,40678.069967913085,20678.069967913085,103.39034983956545,12.649825585400842,0.5056226011930866,0.5018390405615396,-37.38921223051974,0.3383282190437581,26.850415221623507,275,188,87,68.36363636363636,578.9448150778732,-996.070750192264,1924.426693001308,-5193.259901910697,1.2559882552269228,6.749090909090909,42,71,59.15492957746479,14.790139299494465,-17.380714135829013,1.2953726934892509,,0.8874269770507804,491
35,0.3,0.12,0.55,0.7,20,15,20000,42236.18248312448,22236.18248312448,111.1809124156224,13.362484988214952,0.5038529706559576,0.5342166123293172,-49.45224885508399,0.2702098549122141,29.926645589748784,184,142,42,77.17391304347827,736.6222950177452,-1936.630557366556,2091.417196231981,-7730.142930061102,1.2859886428671412,12.782608695652174,42,71,59.15492957746479,16.21743578420776,-18.60448888799805,1.4407641039494925,,0.8966075915250844,440
35,0.24,0.14,0.6,0.7,22,15,20000,42577.85412951572,22577.85412951572,112.88927064757858,13.515829093061017,0.5030551273689474,0.5234359495260742,-42.94688912344993,0.3147103170665062,30.78695549532201,218,159,59,72.93577981651376,655.9969925135476,-1348.8909776294622,1893.9998013718744,-6099.370842754149,1.310599841779185,12.1697247706422,41,71,57.74647887323944,16.775335000738266,-24.28736732221776,1.4594846301149609,,0.8885962913834194,381
30,0.22,0.08,0.45,0.9,18,15,20000,40675.91341764166,20675.913417641663,103.37956708820832,12.648823580236137,0.5025091008140091,0.5050896151336582,-38.80051683974071,0.3259962652683227,27.17539554059392,251,190,61,75.69721115537848,461.8485366816738,-1073.0411238012505,1110.1445800396075,-3820.109160232674,1.3406239430554794,7.960159362549801,41,71,57.74647887323944,14.022676537538814,-18.16675107444185,1.2680952498201885,,0.6927201530152509,2
35,0.3,0.1,0.5,0.7,24,15,20000,40718.55973037628,20718.55973037628,103.59279865188138,12.668630276998716,0.5022992148562022,0.5235762268127566,-39.183445341318624,0.3233158842119416,27.261073175856318,205,151,54,73.65853658536585,610.4312620980074,-1304.5159416004217,1961.1686821447563,-4605.769987085057,1.3084904698473794,10.209756097560977,41,71,57.74647887323944,14.467494887734,-20.575016211975093,1.327340404132876,,0.91960235180201,384
30,0.22,0.14,0.6,0.9,24,15,20000,41373.973479921726,21373.97347992173,106.86986739960862,12.97088049043582,0.5013490946924251,0.5127798639757158,-47.0332346755568,0.2757811700579632,28.648673377983496,367,236,131,64.30517711171662,598.5808062875675,-873.6587542285799,2271.382210439145,-7601.252348110175,1.2343026495467109,6.108991825613079,41,71,57.74647887323944,16.219051663170212,-19.45157880480124,1.350360067962908,,0.8673950100495373,96
45,0.3,0.16,0.45,0.7,22,15,20000,42839.97620205471,22839.976202054702,114.19988101027354,13.632778242818144,0.5013309902364288,0.54803235033646,-52.666839626491566,0.2588493697267686,31.55857426149661,186,149,37,80.10752688172043,671.0032190658659,-2049.0136064529534,1943.6576708649304,-8402.645428391186,1.31875556603944,14.478494623655914,42,71,59.15492957746479,20.77807474690989,-23.47128135728772,1.541877165287981,,0.5317919897349414,3
45,0.28,0.14,0.6,0.9,20,15,20000,42109.97387382796,22109.97387382796,110.54986936913976,13.30558070643606,0.5012314598729863,0.5465080331924316,-42.06299116087918,0.3163251195224309,30.04081256469429,162,131,31,80.8641975308642,600.9914475249585,-1798.4356694174728,2425.020525190304,-6350.9578426641965,1.4121570092845006,18.34567901234568,42,71,59.15492957746479,16.486155503170274,-21.09049773633086,1.4334358811670198,,0.5012314598729863,1
40,0.18,0.08,0.4,0.5,24,10,20000,38447.89513178821,18447.89513178821,92.23947565894105,11.58917229121428,0.4998312248661009,0.529384264457533,-40.125044787106624,0.2888264013835624,23.588493859390432,300,246,54,82.0,365.9447996183594,-1281.3023254505213,1054.9684119529895,-5305.137948835065,1.301083929853882,9.17,44,71,61.97183098591549,11.867523955783454,-18.50430370619445,1.1200698111126912,,0.3552030811021184,3
30,0.12000000000000001,0.11,0.9,0.2,13,15,20000,29657.600217051648,9657.600217051648,48.28800108525824,6.833518810613182,0.4997921805058456,0.4442055031230332,-19.99040695454684,0.34183990481789017,10.298296008223454,103,81,22,78.64077669902912,287.4101258513666,-548.7736353140472,1229.7782830440426,-2122.7034658399393,1.9282847405609074,17.601941747572816,43,71,60.56338028169014,7.723087139825702,-7.304984788285951,0.5882500050690089,,0.8663373855354113,6
35,0.26,0.12,0.6,0.5,22,25,20000,33570.83029452494,13570.830294524938,67.8541514726247,9.07827792967173,0.4982310202757333,0.3147770500941346,-21.10240730436339,0.4302010570990446,16.04241670712986,47,37,10,78.72340425531915,789.2337120211777,-1535.1317050258626,1278.19692916128,-4394.121179232426,1.9022242358216168,11.702127659574469,24,71,33.80281690140845,13.691970694199252,-11.385545001393726,0.7999165585355321,,0.8593262916700694,344
30,0.3,0.16,0.4,0.3,24,20,20000,39626.36554346682,19626.365543466814,98.13182771733408,12.155837861905482,0.4979046481508967,0.4157286205544686,-46.99268377350492,0.2586751146304842,25.8257236221579,222,153,69,68.91891891891892,796.9939490817239,-1447.5001255947382,2340.1495910471585,-6270.222202454685,1.220896234178588,5.036036036036036,30,71,42.25352112676056,17.144654358913748,-17.962493455626184,1.295274667288976,,0.7616487612179664,3
45,0.18,0.08,0.5,0.5,22,10,20000,38308.28368621706,18308.28368621706,91.5414184310853,11.521086217457269,0.496893471247787,0.5248458788960096,-35.088396646348194,0.3283446186948048,23.61837792736892,220,184,36,83.63636363636363,403.9445351048085,-1520.0062157393247,875.5013373603924,-5143.312146508524,1.3582874729512755,13.127272727272729,45,71,63.38028169014085,14.06939287956872,-16.88539362954147,1.1525348616457227,,0.3378611413239356,3
30,0.26,0.16,0.55,0.7,24,15,20000,42348.70301857309,22348.70301857309,111.74351509286548,13.413098465372242,0.4953091759590803,0.5196804895909445,-50.9874433746273,0.2630666999092359,31.60580550369996,354,229,125,64.68926553672316,709.2871556659488,-1077.7972450314317,3241.869994235004,-7822.537202704606,1.2056201434641112,6.016949152542373,42,71,59.15492957746479,18.83124132330472,-19.47507749053362,1.4840822512934566,,0.9057145906917464,313
40,0.18,0.08,0.4,0.9,18,20,20000,34605.71423929403,14605.71423929403,73.02857119647015,9.635329619904454,0.4943405303871154,0.3979934196589886,-24.783003074023423,0.3887878152266312,17.811319442307493,122,107,15,87.70491803278688,405.92031503348073,-1870.5439646192297,814.0410686886815,-5763.793955237738,1.5479801430355158,9.01639344262295,38,71,53.52112676056338,9.93724862321843,-16.91512405275637,0.903181946249218,,0.3597046813969484,2
30,0.22,0.14,0.6,0.7,22,15,20000,41517.71786422437,21517.717864224367,107.58858932112184,13.036636250260417,0.4932482997697337,0.4932208272230188,-43.03250847576276,0.3029485547560642,30.200949381590448,322,216,106,67.08074534161491,617.276859017984,-1011.4347517326436,1902.4600915671865,-5619.023452600528,1.243626622734925,7.031055900621118,39,71,54.929577464788736,16.663493328511358,-22.871197527830624,1.391023098185537,,0.8349840576002695,135
35,0.26,0.16,0.6,0.9,24,25,20000,34384.095428518376,14384.095428518376,71.92047714259188,9.51721592577579,0.4916916537784901,0.3260972981684432,-22.98798242325009,0.4140083175002804,17.60686338430415,63,45,18,71.42857142857143,829.3455781695577,-1240.2308660617628,1671.1091910599832,-6202.769617135136,1.6717564464490935,10.746031746031743,25,71,35.2112676056338,14.445397683487736,-15.800586340891677,0.8645985088344277,,0.8827327842097095,265
30,0.24,0.14,0.55,0.7,20,15,20000,42111.01633069125,22111.016330691244,110.55508165345624,13.30605130495539,0.4902284847965488,0.5099453126641548,-54.52153826112293,0.2440512819214308,32.03040302710005,271,202,69,74.53874538745387,600.9933007677989,-1398.3975423826691,1917.6373565585145,-7264.959197558511,1.2581755972765143,9.173431734317344,42,71,59.15492957746479,17.209968240196936,-26.8125356264575,1.5410205367820318,,0.9144444519792544,338
35,0.26,0.1,0.6,0.7,24,25,20000,32314.70557645675,12314.705576456749,61.57352788228374,8.38260423908288,0.4891672433988349,0.3106577807752405,-18.65458773401422,0.4493588579177383,14.55912366845356,56,40,16,71.42857142857143,681.0559426526008,-916.8832581029536,1193.5804177456864,-3850.9871317799743,1.8569865264573504,10.714285714285714,26,71,36.61971830985916,11.127736890304664,-11.12242192578442,0.7360067204408681,,0.8723838791559734,201
30,0.26,0.08,0.5,0.9,20,25,20000,32340.98164396077,12340.981643960777,61.70490821980388,8.397385226897281,0.4863464324525903,0.3038386914756046,-20.248708942991925,0.414712130562952,14.71891528401892,64,50,14,78.125,641.2378833101677,-1388.300894396254,1196.7901266937515,-3809.62831951746,1.6495957805546546,7.90625,26,71,36.61971830985916,14.165861355266053,-11.24095772903787,0.7493423671459262,,0.8438070983910693,89
35,0.3,0.1,0.5,0.7,22,15,20000,40123.22743737298,20123.22743737298,100.6161371868649,12.390557470433096,0.4851282433879593,0.5012042849270351,-40.570751342979015,0.3054061623282544,28.372371925108126,196,152,44,77.55102040816327,648.396120553454,-1760.2905201534536,1961.1686821447563,-6018.913764232818,1.2724682916587975,10.801020408163266,40,71,56.33802816901409,16.494720427196352,-21.876430484133454,1.3411190218669575,,0.8905817295792257,445
30,0.16,0.08,0.55,0.5,24,10,20000,37473.57338549659,17473.573385496587,87.36786692748294,11.109649233164664,0.4821480832778872,0.5088369254053756,-37.46002352589317,0.296573471863557,23.538898749421215,449,320,129,71.26948775055679,327.0075133713398,-637.7548504320473,1077.765524094355,-4648.134338372536,1.271932981722549,5.692650334075724,44,71,61.97183098591549,12.735123992532692,-16.498614883389827,1.125232488407308,,0.3143805641447779,2
35,0.24,0.12,0.4,0.5,24,25,20000,32912.17539266141,12912.175392661413,64.56087696330705,8.716252839965822,0.4811966308007355,0.2927560825551853,-21.12297105202412,0.4126433170077456,15.859874163112876,75,57,18,76.0,552.0378698370272,-1006.1490660027298,1146.3149159695306,-4394.121179232426,1.73743631060116,8.0,25,71,35.2112676056338,11.973653303627696,-11.322422136294696,0.7788687226784456,,0.4213243226602428,2
40,0.2,0.16,0.55,0.7,18,15,20000,40317.82517588111,20317.82517588111,101.58912587940554,12.48182737599295,0.4808372387146871,0.5005702662895649,-50.9299094216234,0.2450785308228629,29.408561136237488,207,166,41,80.19323671497585,523.5950353215138,-1554.7670899387856,1650.8607972035977,-6579.75410572704,1.3634977073027168,14.830917874396135,42,71,59.15492957746479,15.33011155095152,-23.671925288418876,1.3242994988800916,,0.591279102824284,5
40,0.16,0.12,0.55,0.5,24,10,20000,38534.78556618967,18534.78556618967,92.67392783094834,11.631443437746755,0.4798149859773875,0.5150700908113709,-45.02308516938759,0.2583439893998043,25.808327897829635,280,218,62,77.85714285714286,435.7589408828334,-1177.3446040653482,1281.9263334083598,-6866.206001105275,1.3013901433900934,12.035714285714286,45,71,63.38028169014085,12.628892978587048,-14.086221752252982,1.168592372446362,,0.3001302704776386,3
45,0.2,0.12,0.45,0.9,24,15,20000,38249.246177752975,18249.24617775297,91.24623088876488,11.4922325115574,0.4779784912756927,0.5000276638746174,-40.11615950664476,0.2864738961279144,25.401525110461016,182,148,34,81.31868131868131,498.437146982277,-1578.783869871296,1421.5141046534063,-5689.867770758975,1.374265105177791,12.67032967032967,40,71,56.33802816901409,14.391565995085465,-15.942464934057266,1.156305168741018,,0.4779784912756927,1
30,0.28,0.1,0.5,0.9,22,15,20000,39680.268780891485,19680.268780891485,98.40134390445743,12.181420033669731,0.4743826555826551,0.485121251374714,-41.61307339229483,0.2927306022036159,29.03909791586684,279,189,90,67.74193548387096,634.0982432089448,-1092.512213173324,1645.8584442237632,-4344.436678320601,1.2188479860293595,6.598566308243727,41,71,57.74647887323944,15.95448588077508,-20.79825103423967,1.3154764361037792,,0.87749735092616,412
30,0.28,0.1,0.5,0.7,22,15,20000,39571.47138875091,19571.471388750917,97.85735694375455,12.129755624958191,0.4734284488922231,0.4828100699011851,-39.18104147479509,0.3095822665347267,28.943097051024974,290,198,92,68.27586206896552,594.8324396119783,-1047.8223005915308,1851.5907497517337,-4544.102414171861,1.2217556912486054,6.63448275862069,41,71,57.74647887323944,15.585680441556391,-21.75845147282849,1.3159394894493124,,0.888510767736492,497
30,0.12000000000000001,0.11,0.9,0.1,7,20,20000,26848.51459602013,6848.51459602013,34.24257298010065,5.064731665650402,0.4728106233026261,0.3191291508142781,-15.59270465174311,0.32481418578554394,6.705499356791705,62,50,12,80.64516129032258,292.15981862510233,-575.8813612695832,989.5671193316068,-1872.9736463293584,2.1138600056804617,18.112903225806452,40,71,56.33802816901409,6.360227141394459,-7.320225219226173,0.44020812601814413,,1.4622430123580423,6
40,0.12000000000000001,0.11,0.5,0.2,15,15,20000,27978.96295355925,7978.96295355925,39.89481476779625,5.794247949035292,0.46958025304423157,0.38440830470586396,-10.422238282647031,0.5559504390417442,8.520906621846228,93,75,18,80.64516129032258,229.83044903446324,-443.5733735569725,1183.9948372239967,-2493.573722998878,2.1588916920278867,14.559139784946236,37,71,52.112676056338024,8.146832002681649,-8.361070641851642,0.49556376771413946,,0.3826734572294897,5
40,0.3,0.1,0.4,0.9,20,15,20000,38712.35289836098,18712.35289836098,93.5617644918049,11.71758169523416,0.4686166851034742,0.5004077585274069,-42.20396902879139,0.2776416996998663,27.59039904859654,169,143,26,84.61538461538461,520.7695436228798,-2116.626609219645,1569.4418501652517,-5077.622906122454,1.3532063130311964,12.27810650887574,40,71,56.33802816901409,15.27598614073904,-21.89919053911912,1.240761010595536,,0.7077843665820762,5
45,0.16,0.12,0.4,0.7,24,10,20000,37935.92087431952,17935.92087431952,89.6796043715976,11.338476156880084,0.4669293301932521,0.5061877740200453,-40.96712477118209,0.2767701228780405,26.152227238323288,257,215,42,83.65758754863813,375.2696406815783,-1398.490206738598,958.5647477537128,-6798.962518897445,1.3736407672899502,11.408560311284049,45,71,63.38028169014085,13.531348587545631,-22.248831739341,1.119024810418254,,0.4669293301932521,1
45,0.22,0.16,0.55,0.5,24,15,20000,38527.41086457376,18527.41086457376,92.6370543228688,11.627858816764046,0.4647914106488624,0.4792971472311225,-45.23592360966754,0.2570492186055202,27.786052367403308,238,188,50,78.99159663865547,472.98012059997455,-1356.9490361644266,1552.9546921597375,-8004.500048977251,1.3105910436273809,15.428571428571429,43,71,60.56338028169014,15.124190121756364,-18.595583157463796,1.2313414924944246,,0.4647914106488624,1
40,0.16,0.14,0.4,0.9,24,20,20000,34529.364088261136,14529.364088261136,72.64682044130568,9.59470939888407,0.4646452724209821,0.3536842319241547,-26.305254669696705,0.3647449727957603,19.61018654076584,109,94,15,86.23853211009175,492.5744881857078,-1970.8425200796933,1241.2004581574106,-4920.815561107338,1.566233777947388,9.18348623853211,32,71,45.07042253521127,10.34869038120354,-15.671766021907985,0.9006205151717392,,0.2941530746137518,2
30,0.22,0.12,0.55,0.9,24,15,20000,38367.5859494928,18367.5859494928,91.837929747464,11.550032086637984,0.4636032262205351,0.4687966190045775,-43.081717446340924,0.26809590636733,27.6153689554531,342,230,112,67.2514619883041,530.4382196466768,-890.0687907968119,2019.0064092792404,-5999.191353358104,1.2238298699514552,5.885964912280702,40,71,56.33802816901409,15.981884970099758,-19.032065057622138,1.226065653884749,,0.8693134781006794,88
45,0.16,0.12,0.5,0.7,22,20,20000,34447.743186494314,14447.743186494314,72.23871593247156,9.551202253454516,0.4628113313420131,0.3706130156912675,-29.617837834558625,0.322481414977227,19.592891945246183,134,113,21,84.32835820895522,398.04189376773206,-1372.947181393305,1132.003668853995,-7005.151193446093,1.5600341404355185,13.052238805970148,36,71,50.70422535211267,15.00001564809903,-18.23073041726446,0.9112671374147598,,0.3236714476204364,3
40,0.18,0.12,0.6,0.7,18,15,20000,37857.773499183706,17857.773499183706,89.28886749591854,11.299962724547584,0.4626646735418793,0.4709230006940642,-39.89128255889575,0.283268975066526,26.507636103802607,211,174,37,82.46445497630332,388.3474198006559,-1294.2047985440672,1312.166865833913,-5699.895877881926,1.4111232339260882,14.80094786729858,43,71,60.56338028169014,14.699743183091416,-20.60414640619196,1.189988405860296,,0.4462436631005451,6
30,0.22,0.16,0.55,0.7,22,15,20000,39536.94475283436,19536.94475283436,97.6847237641718,12.113335317613094,0.4599796948619243,0.4609037412594556,-48.11815599390813,0.2517414698756675,31.45227132602143,324,216,108,66.66666666666666,665.0201843141476,-1094.434398694642,2133.948597022325,-5931.191422189446,1.215276466286756,6.91358024691358,42,71,59.15492957746479,17.57209987747177,-23.14598826659696,1.355309029345403,,0.8300411640554327,106
35,0.28,0.1,0.6,0.7,24,25,20000,31585.17984233402,11585.17984233402,57.92589921167009,7.968177324898118,0.4566139755559552,0.2951689406827844,-18.78209091661053,0.4242433582222313,14.85217026390223,60,41,19,68.33333333333333,677.2318744618098,-839.2645795052719,1193.5804177456864,-3850.9871317799743,1.7412805606359716,10.866666666666667,26,71,36.61971830985916,11.308666016228289,-11.31347813726461,0.707339071167069,,0.8910697066247469,461
30,0.3,0.1,0.55,0.5,22,25,20000,32322.24344660424,12322.24344660424,61.6112172330212,8.386845514625541,0.4540098280386058,0.2860727904858104,-23.410535112298287,0.3582509103014765,16.28122181950425,83,58,25,69.87951807228916,693.3519041707856,-1100.1386798120511,1501.106876612586,-5663.163018125902,1.4621578599082012,6.63855421686747,23,71,32.3943661971831,11.92726847531198,-13.100695439528288,0.7506928555627873,,0.8391837744449715,281
45,0.18,0.12,0.55,0.3,24,20,20000,32933.66109219944,12933.661092199436,64.66830546099717,8.728157035428797,0.4539959464088655,0.3655867656497355,-31.736136587790455,0.2750226704906072,17.418115346147896,124,102,22,82.25806451612904,504.85968041698254,-1695.560286833309,1307.0269397578022,-4702.479879558185,1.3804953335649697,12.266129032258064,36,71,50.70422535211267,10.255007095257596,-12.821112402797862,0.841801535098567,,0.2422698344948479,3
35,0.28,0.12,0.55,0.7,24,25,20000,32203.72611706757,12203.72611706757,61.01863058533785,8.320064784755644,0.4534151048367657,0.2943215876268607,-21.016038265645093,0.3958912083994655,16.10898537648417,60,43,17,71.66666666666667,718.5309705296241,-1081.4709185709569,1341.8530384058977,-4859.191843517932,1.6805451343663855,10.566666666666666,25,71,35.2112676056338,11.358385020298044,-13.195489724901922,0.744394701009628,,0.8809952263045189,636
40,0.22,0.16,0.45,0.5,18,20,20000,36074.1775094586,16074.177509458596,80.370887547293,10.402436341069809,0.4524852274353556,0.3854463859513922,-35.48200572766591,0.2931749806059824,23.7767215079803,131,107,24,81.67938931297711,633.2534516708317,-2071.814242471683,1581.1200543546784,-6588.717766469176,1.362696961028853,11.816793893129772,32,71,45.07042253521127,11.65527903581327,-16.34333615828044,1.0311567704333344,,0.2951554623052123,3
30,0.3,0.1,0.5,0.5,22,25,20000,31869.51217721407,11869.51217721407,59.34756088607035,8.130638028523407,0.4475119156434666,0.2859700240645206,-23.26834154162074,0.3494292025058986,15.82289450244737,86,60,26,69.76744186046511,662.4983172406634,-1057.4725714317572,1455.83563702505,-5663.163018125902,1.4457512297320512,6.546511627906977,22,71,30.985915492957744,11.803874549391136,-12.804002028736816,0.7265492306922133,,0.8477633074697974,231
30,0.18,0.16,0.45,0.9,20,20,20000,35162.6292907945,15162.629290794504,75.81314645397251,9.92938739627267,0.4470054045668589,0.3493771874410367,-38.1995763292508,0.2599344901286085,22.37954739129916,123,96,27,78.04878048780488,610.8223206905977,-1520.2449442778848,1237.1796702939016,-4520.676750786402,1.428593927553169,7.715447154471545,35,71,49.29577464788733,13.500944115978974,-18.87385795893278,0.9925453080440888,,0.6018379674775634,2
35,0.16,0.14,0.6,0.5,20,20,20000,33703.28373006376,13703.283730063762,68.51641865031881,9.15036512785916,0.4450862683327365,0.3287701306801622,-35.40959200984617,0.258414870335551,19.554283047507603,103,84,19,81.55339805825243,566.6905593748136,-1692.5275398642443,1191.1222902171291,-5645.909086928218,1.4802528938559651,12.49514563106796,34,71,47.88732394366197,11.926109581850298,-22.443900105408343,0.9331947590324488,,0.2974477817667266,4
35,0.2,0.14,0.4,0.7,20,10,20000,38425.852242262044,18425.852242262044,92.12926121131022,11.578436050237784,0.4429328245767301,0.4964785862020327,-49.90888706151921,0.2319914694945181,31.81898242876412,299,245,54,81.93979933110369,465.7362832302893,-1707.4210653713822,1329.4006008206588,-6619.839963146069,1.2375756685701778,10.100334448160536,43,71,60.56338028169014,15.55432618758763,-24.0938438524924,1.4454238269608382,,0.4256691759287241,2
30,0.3,0.12,0.55,0.5,22,25,20000,32393.71535885899,12393.71535885899,61.96857679429495,8.427019215597253,0.4422659892816071,0.2846152627231731,-24.34335073786267,0.3461733475535973,17.11422894700733,85,59,26,69.41176470588235,722.4073158016186,-1144.7775489783255,1700.705342180799,-5396.407697727784,1.4319890448563295,6.6117647058823525,23,71,32.3943661971831,10.718509407958132,-12.587209673873778,0.7537147398353886,,0.8278022215535719,262
35,0.26,0.14,0.55,0.7,20,15,20000,38129.16907675564,18129.169076755643,90.6458453837782,11.43343207140617,0.4398468265531947,0.4603959157741749,-50.97228707965024,0.2243068287977755,31.500268055957616,230,181,49,78.69565217391305,577.850171287255,-1731.812488290558,1807.373762831572,-7990.893265746099,1.2325282269319031,13.104347826086956,41,71,57.74647887323944,16.884942109313727,-20.385000610641946,1.3343434506338834,,0.9062090242550418,417
45,0.28,0.14,0.4,0.5,20,15,20000,37459.03892073141,17459.038920731407,87.29519460365704,11.102417765931127,0.4391561748713897,0.4663121796542275,-53.38954692331698,0.2079511515967245,29.356793704970425,193,165,28,85.49222797927462,522.3124192926465,-2413.564652234115,1664.3506022391573,-7729.520634681297,1.275255861898126,13.38860103626943,40,71,56.33802816901409,18.63939540099635,-16.33611199228725,1.2552955274834798,,0.5289109231372012,5
30,0.22,0.1,0.6,0.9,22,15,20000,36509.00664060619,16509.00664060619,82.54503320303095,10.624595214217326,0.4381102552315848,0.4315630442543433,-36.23333515271522,0.2932270841046535,26.841256444688398,295,201,94,68.13559322033899,491.6713638050952,-850.5280583427448,1420.5102437325486,-4328.652053416484,1.2361024669352916,6.850847457627118,40,71,56.33802816901409,14.681503762041247,-17.99858247993781,1.1299945718320696,,0.8044259884347542,36
40,0.3,0.08,0.4,0.3,18,15,20000,34796.70842974976,14796.708429749757,73.98354214874878,9.736617688633164,0.431504323195069,0.436100577168673,-35.64620950670441,0.2731459480089147,23.24070205049717,202,165,37,81.68316831683168,424.627090341093,-1476.128688554883,1176.076821865812,-3926.163518404843,1.282819925827848,10.465346534653465,39,71,54.929577464788736,13.616162918640518,-17.058022664533436,1.0199857585161822,,0.5698909317226089,2
30,0.28,0.08,0.55,0.9,22,25,20000,30352.771126574964,10352.771126574964,51.76385563287482,7.249618340367503,0.4281798455411821,0.259413462832199,-20.155479959434043,0.3596847286672636,13.988479886325647,80,56,24,70.0,596.4059327613577,-947.3567128358724,1308.0677137110074,-4602.004019667856,1.4689438774800014,6.65,23,71,32.3943661971831,9.836466774522544,-11.485962179318376,0.641943690564179,,0.8371123230245001,397
35,0.28,0.16,0.4,0.7,20,15,20000,37872.424687517,17872.424687517,89.362123437585,11.30718831733728,0.4273780742913698,0.4656729123723014,-51.64754960976662,0.2189298118259433,34.399277920306005,211,172,39,81.51658767772511,661.9491624971463,-2404.598237486981,1769.8315609472415,-7590.061835222131,1.2140762193263095,10.43127962085308,42,71,59.15492957746479,17.94893148453738,-21.999981924008683,1.4338738844417165,,0.7303719783287944,6
35,0.22,0.12,0.6,0.5,24,15,20000,35562.74922079072,15562.74922079072,77.81374610395359,10.138271907863404,0.4268428829100518,0.4327414850093941,-42.78040357937901,0.2369840174380741,25.924643423311167,227,164,63,72.24669603524228,500.09472538933255,-1026.0410435406322,1570.7514894321062,-5729.585037799717,1.2687931896201323,10.674008810572689,42,71,59.15492957746479,14.547739049001729,-23.732781298527872,1.1152508300383444,,0.8835353449829629,74
40,0.24,0.08,0.4,0.7,18,20,20000,32591.4182755934,12591.418275593398,62.95709137796699,8.537763218093875,0.4251895365804474,0.3448978410289623,-28.1042111969392,0.3037894626632935,18.751257614086757,126,108,18,85.71428571428571,449.2111016674712,-1967.287816916304,1039.2613760185127,-6200.034557008778,1.3700418346663783,9.65079365079365,37,71,52.11267605633802,12.295923284861445,-18.550259782685785,0.8423609555078336,,0.3056021499178644,2
30,0.28,0.1,0.55,0.7,22,25,20000,31147.720513326374,11147.720513326378,55.73860256663189,7.715830578038574,0.423760637575398,0.2640982487559409,-23.76486036114148,0.3246739286823213,15.789132284534029,85,57,28,67.05882352941175,682.7608605544729,-977.05530493852,1455.83563702505,-5296.936813289342,1.4225459199003865,6.588235294117647,23,71,32.3943661971831,11.36590625843632,-12.423653083087338,0.6961501942621087,,0.8421056781293951,640
30,0.28,0.1,0.55,0.9,22,25,20000,31147.720513326374,11147.720513326378,55.73860256663189,7.715830578038574,0.423760637575398,0.2640982487559409,-23.76486036114148,0.3246739286823213,15.789132284534029,85,57,28,67.05882352941175,682.7608605544729,-977.05530493852,1455.83563702505,-5296.936813289342,1.4225459199003865,6.588235294117647,23,71,32.3943661971831,11.36590625843632,-12.423653083087338,0.6961501942621087,,0.8365355283703664,536
30,0.3,0.1,0.55,0.7,22,25,20000,31440.175087741867,11440.175087741867,57.20087543870933,7.884855945464642,0.4221346159482572,0.2630706746760884,-25.799414847229503,0.3056215031292217,16.49616041346157,83,58,25,69.87951807228916,707.5777147900209,-1168.217294803172,1501.106876612586,-6621.171016611679,1.4052011604480064,6.542168674698795,23,71,32.3943661971831,11.92726847531198,-15.172223934634532,0.7191705641657362,,0.8399301633167354,529
30,0.3,0.1,0.55,0.9,22,25,20000,31440.175087741867,11440.175087741867,57.20087543870933,7.884855945464642,0.4221346159482572,0.2630706746760884,-25.799414847229503,0.3056215031292217,16.49616041346157,83,58,25,69.87951807228916,707.5777147900209,-1168.217294803172,1501.106876612586,-6621.171016611679,1.4052011604480064,6.542168674698795,23,71,32.3943661971831,11.92726847531198,-15.172223934634532,0.7191705641657362,,0.8313670326742795,437
30,0.28,0.08,0.55,0.5,22,25,20000,30186.124303536093,10186.124303536091,50.930621517680464,7.150599133882052,0.4206036447683426,0.2540577106072069,-20.652319999903515,0.3462370878388219,14.037604661850487,80,56,24,70.0,596.4059327613577,-954.300330462492,1308.0677137110074,-4768.650842706726,1.458255644148633,6.65,23,71,32.3943661971831,9.836466774522544,-12.005135681682976,0.6352897148616637,,0.8439902326848413,258
35,0.3,0.1,0.5,0.9,24,25,20000,30674.231888822964,10674.231888822964,53.37115944411482,7.439354531292208,0.4194667117602147,0.2667887420154777,-20.119009444805894,0.3697674357030942,15.07145912810535,55,41,14,74.54545454545455,622.9101339828067,-1046.3774003194303,1131.9481712922857,-3579.545324529526,1.743383238583668,9.836363636363636,24,71,33.80281690140845,10.190825655782888,-12.267637461279278,0.6658134135765158,,0.8723087747413585,302
30,0.26,0.1,0.5,0.9,22,25,20000,30903.77915264104,10903.779152641036,54.51889576320518,7.57383032570893,0.4193107344148178,0.2542979192909253,-24.70577201062564,0.3065611680724456,15.56083524322445,81,58,23,71.60493827160494,671.834279815032,-1200.7264815926444,1455.83563702505,-6273.309382718318,1.4109714564884597,6.320987654320987,24,71,33.80281690140845,11.37582248603104,-15.194805666656464,0.688524083089095,,0.8170173956254964,132
35,0.3,0.12,0.4,0.5,20,15,20000,36428.36127880085,16428.361278800854,82.14180639400426,10.583559573293911,0.4189356114652593,0.4386124252378787,-50.136936786145405,0.2110930633524168,30.47518299990329,196,156,40,79.59183673469387,635.0863446724734,-2036.5852122526223,1534.8475096702718,-6828.7164908537225,1.2161714272112736,10.459183673469388,40,71,56.33802816901409,16.829059505529685,-18.69933889016463,1.2454049782282657,,0.7363508929709303,6
30,0.26,0.12,0.45,0.5,18,25,20000,31954.365978910777,11954.365978910777,59.77182989455388,8.178887728459717,0.4171260338882206,0.2571100410512688,-28.105310199908168,0.2910086268496848,17.972415701562863,70,55,15,78.57142857142857,736.8970221442684,-1872.3246826015973,1446.444431072446,-5303.294704260594,1.443102135527021,7.485714285714286,23,71,32.3943661971831,16.277819894491017,-13.342050763257571,0.7751749613816364,,0.5300258953087895,4
40,0.16,0.08,0.4,0.9,18,10,20000,34726.46306637006,14726.46306637006,73.6323153318503,9.699419071893557,0.4159876867647109,0.4488924505232273,-37.40724292329584,0.2592925410670434,25.14406361687519,290,257,33,88.62068965517241,265.57686719617334,-1555.3300546377766,781.6864830892307,-5477.573527116502,1.3298016356213636,10.06896551724138,45,71,63.38028169014085,11.858819770713636,-23.793960527311707,1.0363560844939923,,0.3205282595857461,2
30,0.22,0.16,0.5,0.7,18,15,20000,36648.5516711594,16648.551671159395,83.24275835579698,10.695423542462734,0.4151105364666389,0.4246879081835014,-55.230528581880925,0.1936505736425543,32.911467835629544,271,200,71,73.80073800738008,539.1605893618314,-1230.9755802986888,1831.78181091467,-6054.132664632091,1.23378745107676,8.900369003690036,43,71,60.56338028169014,19.094333322729938,-23.609894590491155,1.3166900105425312,,0.5497915579076174,5
30,0.28,0.08,0.55,0.7,20,25,20000,30421.370582373474,10421.370582373474,52.10685291186737,7.290247760949242,0.4147969970482932,0.263102825442063,-18.74551970550811,0.388906142666565,14.813686733399908,62,45,17,72.58064516129032,650.9426583267289,-1095.8381789605423,1196.7901266937515,-3613.180743198269,1.5723886431570493,8.451612903225806,23,71,32.3943661971831,8.64320612688092,-10.719929207553491,0.6526004928645917,,0.8753573154890901,422
30,0.3,0.12,0.55,0.9,22,25,20000,31499.958249189025,11499.958249189023,57.49979124594512,7.919246695759807,0.4142607630516232,0.2659773624050464,-26.291380283537897,0.3012107622481262,17.15370074834943,81,56,25,69.1358024691358,759.5621157908206,-1223.064809403876,1700.705342180799,-6543.122738321634,1.39111118747723,6.592592592592593,23,71,32.3943661971831,10.718509407958132,-12.785229079630136,0.7189001237029865,,0.8356256935032003,431
30,0.3,0.12,0.55,0.7,22,25,20000,31499.958249189025,11499.958249189023,57.49979124594512,7.919246695759807,0.4142607630516232,0.2659773624050464,-26.291380283537897,0.3012107622481262,17.15370074834943,81,56,25,69.1358024691358,759.5621157908206,-1223.064809403876,1700.705342180799,-6543.122738321634,1.39111118747723,6.592592592592593,23,71,32.3943661971831,10.718509407958132,-12.785229079630136,0.7189001237029865,,0.8367795115847662,490
45,0.18,0.14,0.4,0.5,18,10,20000,35462.7303148662,15462.730314866196,77.31365157433098,10.086240632705312,0.4091225673319534,0.4434499139324123,-51.4121999089201,0.1961837978256856,29.119831685212212,246,218,28,88.6178861788618,424.4627786081704,-2638.939632099299,1430.6518052106676,-6263.766744443108,1.2523006888697408,12.08130081300813,44,71,61.97183098591549,19.240609744075865,-18.30195858792234,1.1317243539887996,,0.4854274625699948,3
40,0.18,0.12,0.45,0.7,18,15,20000,34857.882093307395,14857.882093307397,74.28941046653698,9.76896148741988,0.4084055272807181,0.4163090198415229,-42.74724961512082,0.2285284217201272,26.87809416991673,180,153,27,85.0,427.4276933853053,-1794.1353701720116,1257.4932464241667,-5292.760458033217,1.3500041874122986,11.911111111111111,40,71,56.33802816901409,14.552188204856398,-18.927396091563,1.0686605320010083,,0.42818465050311,6
30,0.28,0.1,0.5,0.7,22,25,20000,30710.140691144843,10710.140691144845,53.55070345572421,7.460446143022548,0.4056531580066001,0.249034716188936,-25.735533103580288,0.2898889295588231,15.990893564872646,85,59,26,69.41176470588235,678.2507564803402,-1111.2289977382773,1455.83563702505,-5296.936813289342,1.3850497863103215,6.388235294117648,23,71,32.3943661971831,11.183485913356003,-14.58880310121672,0.6829758096913174,,0.8459539324407539,491
35,0.26,0.08,0.4,0.3,24,15,20000,33442.394472807086,13442.394472807086,67.21197236403543,9.008150904345037,0.4053665969353252,0.3977153609162057,-37.92762875573121,0.2375089400489826,22.92673819457985,246,186,60,75.60975609756098,404.5463838486736,-1012.9805487174376,1178.6091211791636,-4547.602393634572,1.2380235647355031,8.065040650406504,40,71,56.33802816901409,13.5902158714865,-19.126203037476294,0.9750601377871252,,0.6403778708471667,3
35,0.28,0.11,0.7,0.30000000000000004,9,10,20000,31941.440926440653,11941.440926440653,59.70720463220327,8.171545154357073,0.4048694106433533,0.41051368094555496,-42.099031311602,0.19410292588145825,18.947551366827135,168,134,34,79.76190476190477,425.2553042753866,-1336.2361426307416,1177.1379932690254,-4763.106390872995,1.25427396081603,18.648809523809526,42,71,59.154929577464785,14.509457834380957,-11.29523118529151,0.7831820008780008,,0.23891935053474694,2
30,0.2,0.14,0.5,0.5,24,20,20000,32851.323709414675,12851.323709414675,64.25661854707337,8.682502708765183,0.4035705581114542,0.3250673444339371,-43.67527791120987,0.1987967363691737,21.46505451253756,221,154,67,69.68325791855203,527.5675583044234,-963.0250786487549,1617.2017932866308,-6394.894578705572,1.2591758996925635,5.502262443438914,30,71,42.25352112676056,13.243593670110876,-16.740702979833987,0.9148364735874168,,0.4685739918011102,7
45,0.2,0.08,0.55,0.5,18,15,20000,33159.25417110827,13159.254171108269,65.79627085554134,8.852758719079734,0.4029277208574632,0.3980548109563974,-36.94407623058412,0.2396259325534572,22.38773831674973,156,133,23,85.25641025641025,385.8615735803426,-1627.8319615251028,918.5081074617405,-3709.813017390269,1.3707105791271268,14.628205128205128,43,71,60.56338028169014,13.173861537163134,-17.80627498249836,0.9123583558605232,,0.4642147948131285,3
30,0.28,0.08,0.6,0.5,20,25,20000,30020.144893355675,10020.144893355677,50.10072446677838,7.051523251731129,0.4019252147054798,0.2554795151139442,-19.447490221773517,0.3625929706773271,14.688588983744085,60,45,15,75.0,658.3425647170366,-1291.504701260724,1279.6028646519542,-4768.650842706726,1.5292454547189438,9.083333333333334,24,71,33.80281690140845,8.351799665940373,-10.80592230359293,0.631997787492047,,0.896534120989043,188
30,0.3,0.1,0.5,0.9,22,25,20000,30576.68838622152,10576.688386221518,52.88344193110759,7.381956888596131,0.4003709764327929,0.2518510533856281,-26.68549733919431,0.2766280423694365,16.03816725789566,88,61,27,69.31818181818183,661.1370694557418,-1087.4582537251358,1455.83563702505,-6621.171016611679,1.373551619743333,6.511363636363637,22,71,30.985915492957744,11.803874549391136,-15.54883935719198,0.6743523365895989,,0.843756897962989,352
30,0.3,0.1,0.5,0.7,22,25,20000,30576.68838622152,10576.688386221518,52.88344193110759,7.381956888596131,0.4003709764327929,0.2518510533856281,-26.68549733919431,0.2766280423694365,16.03816725789566,88,61,27,69.31818181818183,661.1370694557418,-1087.4582537251358,1455.83563702505,-6621.171016611679,1.373551619743333,6.511363636363637,22,71,30.985915492957744,11.803874549391136,-15.54883935719198,0.6743523365895989,,0.850579411636557,435
35,0.28,0.14,0.6,0.7,22,25,20000,31054.141198547124,11054.141198547124,55.27070599273563,7.661467088292873,0.3967808755401271,0.2549898463182523,-22.98759310444267,0.3332870498222012,17.44311682644296,52,38,14,73.07692307692307,815.852970873967,-1404.1694067616877,1430.9678954244173,-4798.788145015752,1.5770590451103603,11.961538461538462,24,71,33.80281690140845,10.729558333547429,-12.578396075047538,0.701879620760536,,0.8467139939310762,412
30,0.3,0.12,0.55,0.9,20,25,20000,31351.401364528385,11351.401364528385,56.75700682264192,7.833687594974537,0.3945034111076688,0.259080544555166,-29.80283044647444,0.262850456739126,18.357441986079827,68,50,18,73.52941176470588,794.3310832689914,-1555.330711051175,1532.0402926875047,-4731.325970116737,1.4186534192535172,8.926470588235293,23,71,32.3943661971831,13.10496810036854,-15.211090720026432,0.7389198415875919,,0.86034814090239,374
30,0.3,0.08,0.55,0.9,22,25,20000,29796.1061502249,9796.1061502249,48.9805307511245,6.917065284607182,0.3915042256779036,0.2446267874376077,-20.97054971645793,0.3298466362652663,14.79154580358098,80,56,24,70.0,600.3405544815856,-980.4902041976576,1258.742069631391,-4602.004019667856,1.4286676410703976,6.5125,25,71,35.2112676056338,10.63586382900703,-12.085075478656604,0.6209996754360431,,0.8410908411860336,350
30,0.3,0.08,0.55,0.7,22,25,20000,29796.1061502249,9796.1061502249,48.9805307511245,6.917065284607182,0.3915042256779036,0.2446267874376077,-20.97054971645793,0.3298466362652663,14.79154580358098,80,56,24,70.0,600.3405544815856,-980.4902041976576,1258.742069631391,-4602.004019667856,1.4286676410703976,6.5125,25,71,35.2112676056338,10.63586382900703,-12.085075478656604,0.6209996754360431,,0.8502846777194243,432
30,0.3,0.1,0.55,0.9,20,25,20000,30783.980287938222,10783.980287938226,53.91990143969113,7.503752601148284,0.3901078890072392,0.2509428065901175,-23.56477906972909,0.3184308488080618,17.28473303230131,66,48,18,72.72727272727273,715.660335247349,-1293.1397668852494,1416.299951841043,-4708.691862943072,1.4758091967555642,8.803030303030303,23,71,32.3943661971831,12.357604425716694,-13.092645899653276,0.6991918705423303,,0.8595790926983986,378
30,0.28,0.12,0.6,0.5,22,25,20000,30494.90895391685,10494.908953916847,52.47454476958424,7.333717763493297,0.389597032880708,0.2476574957464785,-24.02553446883666,0.3052468103469584,16.601747843386853,78,53,25,67.94871794871796,726.6895944505034,-1101.9095820783932,1700.705342180799,-5396.407697727784,1.3981019543629536,6.833333333333333,22,71,30.985915492957744,10.548176119274231,-11.828248474498826,0.6646065799994002,,0.8636821886281081,400
40,0.28,0.16,0.45,0.3,18,15,20000,34568.182756944494,14568.182756944494,72.84091378472247,9.61537124783074,0.3892427785143035,0.4039088140783904,-46.72045075106598,0.2058064743224112,30.92816870388101,236,186,50,78.8135593220339,568.1071833049169,-1786.2450667554012,2072.238157212671,-4772.067912517061,1.1831292140294447,11.491525423728811,41,71,57.74647887323944,17.476010470875856,-19.504955857738228,1.1804275047700858,,0.5505914994347969,4
35,0.28,0.08,0.55,0.9,20,15,20000,33508.285126550545,13508.285126550543,67.54142563275273,9.044155692184974,0.3880136058058043,0.3931398805196101,-41.29440828301414,0.2190164738576762,25.93405414961053,190,151,39,79.47368421052632,488.9025414529386,-1529.2307341754647,1289.2771865294224,-4808.4957168393785,1.2378317480164975,12.505263157894737,41,71,57.74647887323944,13.396150519398995,-25.6992027750278,1.0298653008580474,,0.9001145865830293,349
35,0.22,0.08,0.4,0.5,22,15,20000,33192.19928261971,13192.19928261971,65.96099641309856,8.870896192965748,0.3879757608559474,0.3806069926452188,-39.24209395463915,0.2260556280003769,24.766014793751623,222,181,41,81.53153153153153,378.2649837052513,-1319.667384586116,958.0234643888052,-3882.03257171941,1.2653957602765389,8.711711711711711,41,71,57.74647887323944,12.52919612952228,-17.59228472927129,0.945236574317482,,0.5433496656585476,3
35,0.3,0.1,0.55,0.9,22,25,20000,29930.656134123503,9930.656134123505,49.65328067061752,6.997916620789213,0.3877073474422353,0.2568886466348555,-21.76291348138299,0.3215523797756011,15.351356364572917,50,38,12,76.0,659.6378947856332,-1246.6736556442086,1218.3278127892834,-4091.155491942289,1.675541408957134,11.34,22,71,30.985915492957744,14.324822324127927,-10.895664718315968,0.6361819920246887,,0.8313670326742795,437
30,0.28,0.12,0.55,0.7,22,25,20000,30580.64452376843,10580.644523768431,52.90322261884216,7.3842877662442685,0.3873531263069991,0.2460751136789663,-25.70075664658841,0.2873179131566338,16.99034137119613,77,52,25,67.53246753246754,772.305298109523,-1163.565239117071,1700.705342180799,-6543.122738321634,1.3805801050629205,6.805194805194805,22,71,30.985915492957744,10.37191486545943,-13.532312797582168,0.6766693256938906,,0.8518464841399164,737
30,0.28,0.12,0.5,0.9,20,25,20000,31083.004790017112,11083.004790017112,55.41502395008556,7.678249479583243,0.384812368147319,0.24516997990591,-28.6096484799836,0.2683797210914786,18.53102349261933,68,52,16,76.47058823529412,741.6718590869351,-1692.3144926564687,1446.444431072446,-5456.547150180568,1.4243413694630842,8.117647058823529,23,71,32.3943661971831,17.874338503266074,-15.458323530189189,0.7432774705681989,,0.8649970425869796,330
30,0.3,0.08,0.55,0.5,22,25,20000,29629.45932718603,9629.459327186029,48.14729663593014,6.816504611934415,0.3843762518456516,0.2394654945047383,-21.47166849378073,0.3174650639706373,14.840247718424951,80,56,24,70.0,600.3405544815856,-987.433821824277,1258.742069631391,-4768.650842706726,1.4186212748270477,6.5125,25,71,35.2112676056338,10.63586382900703,-12.085075478656604,0.6142313994008511,,0.8473925128896846,234
45,0.22,0.08,0.5,0.5,18,25,20000,28450.96995219529,8450.969952195286,42.254849760976434,6.0916071090347135,0.3829366306662102,0.2288942935241107,-15.864709267182684,0.3839721867223656,12.180714013401548,51,41,10,80.3921568627451,376.3798569932572,-683.8904184528303,681.1108075597746,-3198.051615138862,2.256439587446552,13.15686274509804,28,71,39.436619718309856,6.280945651053016,-8.075807140042235,0.5254339445862293,,0.4496044411197124,2
35,0.31,0.11,0.30000000000000004,0.30000000000000004,9,10,20000,31489.86965266539,11489.869652665391,57.44934826332696,7.913446960439496,0.38011205309815427,0.40475609901179976,-34.67503774699317,0.2282174000264991,20.224138202227433,220,194,26,88.18181818181819,285.07038388551933,-1649.1455700432887,850.6057662823023,-3524.5771385655253,1.2897973788641977,10.39090909090909,46,71,64.7887323943662,14.649045960766705,-17.285842297545052,0.8261867250644573,,0.20889137642054342,2
35,0.26,0.16,0.45,0.9,18,25,20000,31433.949850734105,11433.949850734103,57.16974925367053,7.881271699427939,0.3799246311851784,0.2541377113662103,-29.90009015536937,0.2635868874800915,19.994712760148264,56,48,8,85.71428571428571,624.9661916467529,-2263.3534185387607,1253.3318932949876,-6287.478401082311,1.6567439796041294,10.875,22,71,30.985915492957744,14.52099755087306,-17.977647661081576,0.7562874949741308,,0.3799246311851784,1
35,0.26,0.14,0.6,0.7,22,25,20000,30374.99618885137,10374.996188851375,51.87498094425688,7.262789945959081,0.3778451681868492,0.2383002615095323,-22.925136857002144,0.3168046494667171,17.24886975689344,53,41,12,77.35849056603774,716.2134250051367,-1555.7211863632729,1519.509028502605,-4798.788145015752,1.5729441476300683,11.471698113207546,23,71,32.3943661971831,10.142635327404692,-12.578396075047538,0.6671788297903337,,0.8472093174740849,457
35,0.22,0.14,0.55,0.3,18,15,20000,33482.22987975448,13482.22987975448,67.4111493987724,9.029925310297848,0.3775170513407038,0.3811562506043121,-41.31779263872198,0.2185481056370671,28.56799813684355,244,181,63,74.18032786885246,502.1559316575335,-1192.876091273955,1357.3622254182003,-4112.960422070418,1.2094315352069855,11.790983606557376,41,71,57.74647887323944,14.05163185890137,-20.32120104916853,1.078685609429277,,0.6206339011571245,5
35,0.16,0.1,0.55,0.7,18,20,20000,31216.08331118584,11216.08331118584,56.0804165559292,7.755459058524594,0.3772921768168198,0.2915741774436839,-35.75237214359935,0.216921524182362,19.74130959048489,121,103,18,85.12396694214877,469.7747035581113,-1994.189508627756,1035.0685885862772,-6378.438894302113,1.347993877466469,10.793388429752063,38,71,53.52112676056338,10.57263920446918,-21.03950358151849,0.8250073657319567,,0.3883938760173581,8
35,0.18,0.16,0.4,0.5,22,20,20000,30892.72465843717,10892.724658437171,54.46362329218586,7.567373349625117,0.3772044812712283,0.2673617941800918,-28.07652044925031,0.2695267514827386,18.78467487549217,92,74,18,80.43478260869566,581.3202159449561,-1685.7039623049773,1343.9822427779488,-5184.731217785023,1.4177293595590683,8.619565217391305,26,71,36.61971830985916,8.214091761090891,-16.64681462603308,0.7446561149060261,,0.1706578614231915,4
35,0.28,0.08,0.55,0.7,22,25,20000,28949.041938662394,8949.041938662394,44.74520969331197,6.400967775227384,0.3757365885734575,0.2406214699138694,-22.048632600440648,0.2903113263858122,13.720718076531188,48,37,11,77.08333333333334,600.7433635123797,-1192.8329555723328,1019.9988420543924,-4369.926623320668,1.6940194461293332,11.083333333333334,25,71,35.2112676056338,11.738256036275008,-12.67332620917393,0.5801975463884699,,0.8449526263922701,486
45,0.16,0.14,0.6,0.9,22,10,20000,32947.83792474445,12947.837924744454,64.73918962372227,8.736008199515744,0.375361225340639,0.3983345805625576,-44.5730428355143,0.1959930855910781,26.39074948476744,174,138,36,79.3103448275862,460.8221897629775,-1351.267306595421,1000.2095080109372,-5218.228477606233,1.3072802487975672,16.07471264367816,43,71,60.56338028169014,17.059044737487316,-25.79150977056631,0.9836921394910288,,0.375361225340639,1
30,0.26,0.1,0.55,0.7,22,25,20000,29609.915090689567,9609.915090689568,48.04957545344784,6.804680100970906,0.3749490278041801,0.2282551214006739,-24.3495379725254,0.2794582841222248,15.43446481864442,84,57,27,67.85714285714286,639.3836830277419,-977.9501793293224,1455.83563702505,-5227.757818931932,1.3802441331200626,6.464285714285714,23,71,32.3943661971831,11.034304046819422,-15.119406462411412,0.6255986702029591,,0.832192216985876,266
30,0.16,0.1,0.5,0.7,20,15,20000,33007.96416417132,13007.964164171315,65.03982082085659,8.769275041190493,0.374567161646142,0.3678354173751237,-41.10664125393273,0.2133298847507159,26.91325857199352,265,203,62,76.60377358490567,377.99345676361696,-977.6001219168234,981.9640237322124,-4784.33018494427,1.2659815702981998,8.18867924528302,40,71,56.33802816901409,13.598176775163218,-21.33524304818052,0.996576988111156,,0.4278012617268295,8
30,0.3,0.12,0.5,0.9,22,25,20000,30367.18164940366,10367.18164940366,51.8359082470183,7.258159600968761,0.374130713646296,0.2374741129050432,-27.61476392883091,0.2628361994936684,17.52453009948594,80,53,27,66.25,805.7224434542279,-1180.300290876682,1530.2612925561837,-6543.122738321634,1.3400007838292705,6.525,22,71,30.985915492957744,12.370493208699296,-14.984533453096104,0.6761999568344291,,0.8461363736595308,313
35,0.3,0.1,0.5,0.9,22,25,20000,29584.31748802107,9584.317488021072,47.92158744010536,6.789183398145515,0.3710003917843454,0.2457070209019352,-21.876018345485637,0.3103482220084415,15.636538707903547,56,43,13,76.78571428571429,596.5842516749208,-1221.5619487692677,1104.4974935594369,-4091.155491942289,1.615404885641402,10.642857142857142,22,71,30.985915492957744,15.980773738311573,-10.895664718315968,0.6228429835535925,,0.8402567947763467,354
30,0.3,0.12,0.6,0.7,22,25,20000,30091.544712207982,10091.544712207986,50.45772356103993,7.094198728742573,0.3700244978354316,0.2369316488710043,-25.426765124037274,0.2790051622428387,17.105870444227726,76,51,25,67.10526315789474,784.5621752703956,-1179.4250490632878,1700.705342180799,-6543.122738321634,1.3570229314891584,6.855263157894737,22,71,30.985915492957744,11.130309314080256,-13.53864912032673,0.6542571082965125,,0.8518704511514905,414
30,0.3,0.12,0.6,0.9,22,25,20000,30091.544712207982,10091.544712207986,50.45772356103993,7.094198728742573,0.3700244978354316,0.2369316488710043,-25.426765124037274,0.2790051622428387,17.105870444227726,76,51,25,67.10526315789474,784.5621752703956,-1179.4250490632878,1700.705342180799,-6543.122738321634,1.3570229314891584,6.855263157894737,22,71,30.985915492957744,11.130309314080256,-13.53864912032673,0.6542571082965125,,0.8529098634319152,362
35,0.24,0.14,0.6,0.7,22,25,20000,30101.32227024693,10101.322270246928,50.50661135123464,7.1000361866593975,0.3698075794310565,0.2294554374692507,-24.3059960801482,0.2921104801978602,17.180383036985187,53,36,17,67.9245283018868,766.000229341939,-1007.1991756507596,1430.9678954244173,-4798.788145015752,1.610523689791587,12.037735849056604,23,71,32.3943661971831,9.54472116055638,-12.894046655117652,0.6471804376365302,,0.8492535169079136,376
30,0.18,0.08,0.4,0.9,24,15,20000,31836.256779390576,11836.256779390576,59.18128389695288,8.111699128198758,0.368034429122385,0.3568496605270745,-38.96021752088612,0.2082046673340612,23.13662787015321,388,276,112,71.1340206185567,336.72333697476114,-693.7837877289604,1077.765524094355,-4317.412594404216,1.1960246457902075,4.739690721649485,40,71,56.33802816901409,11.0126098689044,-15.646721917754212,0.855326294459837,,0.4867340968535463,3
45,0.16,0.14,0.6,0.7,22,20,20000,30793.73109398569,10793.73109398569,53.96865546992845,7.509464923986231,0.367136120629752,0.2830576421152346,-29.22007132764553,0.2569968033199637,19.553647922615884,83,68,15,81.92771084337349,535.1186927217553,-1614.5960007395802,1079.3047462238353,-6226.801060840972,1.502463406260203,15.10843373493976,30,71,42.25352112676056,15.569450459397771,-18.12764087973693,0.744451932551193,,0.367136120629752,1
40,0.3,0.12,0.45,0.7,24,25,20000,29711.707512453988,9711.707512453988,48.55853756226994,6.866194781924073,0.3669848758596782,0.2318361889239011,-23.38096875486145,0.2936659662785115,16.303397060701638,56,40,16,71.42857142857143,680.0033066750315,-1078.7265471591995,1099.0776440004604,-3444.2301827478864,1.575939955463699,10.339285714285714,22,71,30.985915492957744,11.641515399182945,-13.546821196662007,0.6292349642356568,,0.6745124567437695,15
30,0.24,0.12,0.6,0.5,22,25,20000,29581.45918495482,9581.45918495482,47.9072959247741,6.787452298550112,0.3653412210515726,0.2297414277816339,-22.6022022508499,0.3003004850244133,16.062295970114256,81,54,27,66.66666666666666,654.0865969390251,-932.4080388797264,1414.2600629404512,-4640.38286622802,1.4030050571526602,6.888888888888889,23,71,32.3943661971831,10.261570307073242,-13.417941545974331,0.6164072625560578,,0.8675456996176875,262
35,0.26,0.16,0.6,0.7,22,25,20000,30510.053002146124,10510.053002146124,52.55026501073063,7.342658878822417,0.3652385837639078,0.2353365388993095,-24.13254030596064,0.3042638191309188,18.832186268382817,56,43,13,76.78571428571429,752.4488455350424,-1645.5036427585223,1720.7371340232835,-4798.788145015752,1.512527346421353,11.607142857142858,23,71,32.3943661971831,10.253609963456013,-12.570556928881594,0.6873685301242191,,0.845944783852265,352
30,0.3,0.12,0.6,0.9,20,25,20000,30365.051168155293,10365.051168155293,51.825255840776464,7.256897055997213,0.3651794107170821,0.2403666543549,-29.00023812006765,0.2502357748219856,18.366535640036467,64,46,18,71.875,801.020568183015,-1452.366387125743,1484.8545681931505,-4547.122625150472,1.409460161898626,9.671875,23,71,32.3943661971831,12.418272633360994,-15.636539630724156,0.6863749457495949,,0.8770155380980372,316
30,0.3,0.1,0.5,0.7,20,25,20000,30061.653152696985,10061.653152696985,50.308265763484926,7.076342890978138,0.3629701674321228,0.2300413682802677,-24.810250480954867,0.2852185187090377,17.672611850404873,66,48,18,72.72727272727273,720.2849281945695,-1345.095744480127,1416.299951841043,-4902.969453799479,1.427972556155262,8.43939393939394,22,71,30.985915492957744,16.254019770846483,-13.11909337095324,0.677742035639264,,0.8801977563608288,383
30,0.18,0.1,0.55,0.5,20,25,20000,29318.2009288036,9318.200928803602,46.591004644018014,6.627412757800211,0.362293973379331,0.2123061164918263,-23.724922725205182,0.2793439133422042,15.594248014015164,75,61,14,81.33333333333333,494.3717139256534,-1445.098115761523,1053.60079050464,-5560.845662803931,1.4905895721616895,7.706666666666667,25,71,35.2112676056338,11.681758403533028,-15.173223456039342,0.6203274219287042,,0.5050984898414831,5
45,0.24,0.14,0.6,0.3,18,15,20000,32211.280610154827,12211.280610154829,61.056403050774136,8.32432759827002,0.3621182253941842,0.3643012029831728,-39.79966545537929,0.2091557178439778,26.12906193005282,189,147,42,77.77777777777779,520.0617756949483,-1500.933343261966,1474.6149773349746,-3680.7511455007766,1.212722885465692,15.56084656084656,41,71,57.74647887323944,14.12208711358458,-17.34602948353583,0.9773349783377674,,0.5748134545311379,3
30,0.22,0.1,0.4,0.7,22,25,20000,29164.887302463107,9164.887302463108,45.82443651231553,6.53365873142906,0.36145201451975,0.2189855349585534,-20.09459809732549,0.3251450315046938,15.20427395250589,93,69,24,74.19354838709677,498.7572144855094,-1026.6525207098791,1167.0398469276618,-5227.757818931932,1.3967013792109042,5.494623655913978,23,71,32.3943661971831,9.583767447092884,-13.335567233675247,0.5963082937435418,,0.3428878028585889,3
35,0.3,0.08,0.5,0.7,20,15,20000,32243.734758161798,12243.734758161794,61.21867379080898,8.342631211382212,0.3610311936142439,0.3653292954474161,-45.46114470653252,0.1835112438377166,26.53558527064053,178,142,36,79.7752808988764,534.110759732965,-1749.0442534422027,1306.6173267334082,-5892.686450496908,1.2045265377365213,11.938202247191011,40,71,56.33802816901409,14.63313194931921,-20.537910262084623,0.9926270749158758,,0.9207572668652216,328
30,0.12000000000000001,0.1,0.4,0.6,5,20,20000,27212.139073260532,7212.139073260532,36.06069536630267,5.302134624913957,0.360760572193243,0.23974696039631538,-18.39594936646299,0.28822294078391475,10.250187732117038,95,92,3,96.84210526315789,152.6612599207247,-1868.0656131487278,906.1450032006627,-3941.6658580540716,2.506128231230116,8.968421052631578,39,71,54.929577464788736,7.607657239394139,-17.3235668115023,0.4818349403906925,,0.360760572193243,1
35,0.24,0.14,0.55,0.7,22,25,20000,29867.14732006207,9867.147320062071,49.33573660031036,6.959791829380801,0.3605468268370405,0.2267733780886366,-24.748586179402785,0.28121977469457,17.32538875845105,56,41,15,73.21428571428571,680.1022829927214,-1175.4830855093046,1430.9678954244173,-4798.788145015752,1.5814317220691223,11.321428571428571,24,71,33.80281690140845,14.30764166177807,-12.894046655117652,0.6491052130362909,,0.8496230496784098,377
35,0.3,0.12,0.45,0.5,20,25,20000,29992.766882685657,9992.766882685655,49.96383441342829,7.035137082555676,0.3604884737251255,0.2350379854257366,-22.25618779950662,0.3160980283744565,17.67869073260719,57,48,9,84.21052631578947,620.8767291269822,-2175.0351239343827,1188.1407171998803,-5111.713591314745,1.5224317616324632,10.68421052631579,23,71,32.3943661971831,12.686074072805642,-14.101733824160425,0.6647635360733753,,0.7626735065246113,38
30,0.3,0.16,0.6,0.9,22,25,20000,30490.32345742062,10490.323457420622,52.45161728710311,7.331009736549521,0.3600329304038697,0.2380079768518989,-29.5179593123836,0.248357606939107,19.32231142731811,82,53,29,64.63414634146342,888.6856294960949,-1238.834996754221,1794.7711302777611,-7530.77176285028,1.3110298005703385,6.975609756097561,22,71,30.985915492957744,12.248081536553478,-15.158635637648176,0.6943748580639029,,0.8202124045740908,75
30,0.28,0.14,0.6,0.5,22,25,20000,30000.68093265901,10000.680932659008,50.00340466329504,7.03987504435315,0.3581159555617805,0.2272936280883061,-24.27102347584097,0.2900526651198101,17.959923470566675,84,53,31,63.095238095238095,770.253076848144,-975.3687787191192,1700.705342180799,-5594.083686055537,1.3501398869925154,6.904761904761905,22,71,30.985915492957744,11.461165549530673,-12.009567290279932,0.6497601029804246,,0.8495461521693005,302
30,0.24,0.14,0.6,0.5,22,25,20000,29678.71524878031,9678.71524878031,48.39357624390156,6.846276300945831,0.3574118432150482,0.2273445191146051,-24.68769503788123,0.2773153301853731,17.024935689868382,83,55,28,66.26506024096386,700.7531764256871,-1003.6039090940192,1498.266326954128,-5553.252190018631,1.3715365606097527,6.795180722891566,22,71,30.985915492957744,11.03010962552171,-12.301319733112226,0.6267916442764835,,0.8541695227134227,293
30,0.3,0.1,0.55,0.7,20,25,20000,29752.955532984284,9752.955532984284,48.76477766492143,6.891071650530023,0.3561144857139171,0.2246783278683331,-23.37944392496673,0.2947491682285523,17.382090805488158,61,44,17,72.1311475409836,751.6498805376402,-1355.1493653336363,1416.299951841043,-4902.969453799479,1.4355958091364096,8.967213114754099,23,71,32.3943661971831,11.510694730353707,-14.210625443670745,0.6515538772387848,,0.8687586119727474,462
30,0.24,0.14,0.55,0.7,22,25,20000,29794.106151199943,9794.106151199943,48.97053075599971,6.915861191586226,0.3559774205916945,0.2249597162887145,-29.0306137466393,0.2382264891794384,17.52053744259224,81,54,27,66.66666666666666,773.8976163175722,-1155.054264072183,1636.394753674937,-7254.907121260842,1.3400194958618998,6.728395061728395,23,71,32.3943661971831,12.356383435066087,-16.802710808870902,0.6487226947559864,,0.8496230496784098,377
30,0.3,0.12,0.55,0.9,24,25,20000,29371.776601442325,9371.776601442323,46.85888300721162,6.660079046914835,0.3541385249138737,0.2239685934905725,-24.28224705166608,0.2742777071967014,16.383668644062773,91,61,30,67.03296703296702,625.5497283554776,-944.0018942747256,1484.8545681931505,-3230.030256254565,1.3474031376812452,5.8901098901098905,21,71,29.577464788732392,11.744990559604783,-13.138871067797576,0.6202832613838885,,0.8635326877192796,370
30,0.3,0.14,0.6,0.9,22,25,20000,29978.180512622188,9978.180512622188,49.89090256311094,7.026401827752404,0.3537056711358155,0.2291558467915369,-27.16551457981684,0.2586515269978655,18.338942807900725,83,52,31,62.65060240963856,831.363570919199,-1055.1814572637466,1718.35934587897,-6694.019344755804,1.3216166140598855,6.819277108433735,22,71,30.985915492957744,11.78409244141183,-13.708865032659034,0.6588796155092451,,0.808995440041903,145
40,0.18,0.08,0.6,0.5,18,10,20000,31558.37899390319,11558.378993903189,57.79189496951594,7.952801268601027,0.3533001899987952,0.3628154966232313,-46.63172725660713,0.1705448572564769,24.95680186960509,216,179,37,82.87037037037037,364.765343336045,-1426.572885220956,886.8823373896354,-5445.978059292614,1.2370034494590196,14.00925925925926,44,71,61.97183098591549,14.845217164479172,-17.324520604544304,0.8998712317608784,,0.3368770191179341,3
30,0.28,0.16,0.6,0.7,22,25,20000,30174.881815672463,10174.881815672465,50.87440907836231,7.143902638115618,0.3532309832613021,0.2304660246508559,-27.23252896016773,0.2623297545580437,19.05432665343392,81,51,30,62.96296296296296,878.5680916763739,-1129.3563619940878,1794.7711302777611,-7029.536790904743,1.322492887198748,6.962962962962963,22,71,30.985915492957744,12.11094774769077,-14.753515328829804,0.6771787565666226,,0.8508460957541972,279
40,0.32,0.13,0.8,0.2,7,15,20000,28878.10544778503,8878.10544778503,44.39052723892515,6.3571797911113,0.3485653268343269,0.33550514024229383,-29.088155390999837,0.21854874280128037,15.360747862459373,97,73,24,75.25773195876289,483.67143059775447,-1089.4378744104622,1495.1623228223898,-2360.2584590336164,1.3503911536619528,21.587628865979383,37,71,52.112676056338024,12.759828482281987,-12.934453030666294,0.6415911436559243,,0.3485653268343269,2
35,0.3,0.1,0.55,0.7,22,25,20000,28877.10489478903,8877.10489478903,44.38552447394515,6.356561525514115,0.3464964828237417,0.2276720256693707,-22.61708235579675,0.2810513498388942,15.515367385166517,50,38,12,76.0,636.5909839775151,-1261.8127080297074,1148.9703432646943,-4272.824120568274,1.5975995775235692,11.48,22,71,30.985915492957744,13.886119018043065,-11.85183345232711,0.5864222718964036,,0.8399301633167354,529
35,0.26,0.14,0.55,0.9,22,25,20000,29548.425601745694,9548.425601745694,47.74212800872847,6.7674357672225405,0.34593624087135,0.2218587619391886,-28.164192489554143,0.2402850985247499,17.746880319279065,50,39,11,78.0,732.3882594686349,-1697.8833197755555,1226.5439103637864,-5606.222454567128,1.529344951638884,10.92,24,71,33.80281690140845,14.664362054019175,-14.954806719592984,0.6460970456458993,,0.8540136974139265,407
30,0.3,0.08,0.5,0.9,22,25,20000,28472.152024381998,8472.152024381994,42.36076012190997,6.10485505350431,0.3447848916721676,0.2096378963266767,-23.03389776567817,0.265037863569964,14.43964011613942,79,54,25,68.35443037974683,605.1634555512287,-957.0349830153692,1258.742069631391,-4602.004019667856,1.3658362412961682,6.493670886075949,24,71,33.80281690140845,10.451531022023431,-12.185231695614153,0.5562389767717204,,0.8514841465439473,291
30,0.26,0.14,0.6,0.5,22,25,20000,29438.121022975545,9438.121022975543,47.19060511487773,6.700462074875557,0.3439851793130815,0.2182244452496113,-24.875206308834542,0.2693630754932013,17.573130975790846,82,52,30,63.41463414634146,756.151399571455,-973.871725158006,1498.266326954128,-5553.252190018631,1.345826551963203,6.841463414634147,22,71,30.985915492957744,11.317059235534298,-11.83788252191964,0.6165223226109545,,0.8480223332134389,355
30,0.16,0.08,0.55,0.5,22,25,20000,27611.114237027246,7611.114237027246,38.05557118513623,5.559598848765646,0.3436325507345901,0.1927329561053101,-18.613490756985364,0.2986865237343625,12.073465232845964,90,65,25,72.22222222222221,391.0697969644255,-689.6129026264201,808.3241430707662,-4370.442757774067,1.4744235037294844,6.3,24,71,33.80281690140845,7.750447164462093,-13.044727707507253,0.4992130007139708,,0.502845048426816,3
35,0.24,0.14,0.6,0.9,22,25,20000,29324.16138856577,9324.161388565772,46.62080694282886,6.631049438622783,0.3432380099291046,0.216167308222149,-28.267656611005087,0.2345807977602643,17.268088335214475,54,40,14,74.07407407407408,666.2492909837529,-1213.3221607703124,1226.5439103637864,-5606.222454567128,1.568890328024823,11.814814814814817,24,71,33.80281690140845,9.513322868817363,-15.13538507274248,0.6181576827236506,,0.85646686657252,329
35,0.28,0.09,0.5,0.30000000000000004,5,10,20000,29423.04953127623,9423.049531276229,47.11524765638114,6.691294898214917,0.34316320864474176,0.3224590190414998,-29.560932190277185,0.22635601797482335,17.6524167931808,148,129,19,87.16216216216216,291.33363843600836,-1485.3819573577698,779.8817120579223,-3137.9598257638177,1.3316454139547358,14.891891891891891,40,71,56.33802816901409,13.618167797016456,-13.191113873957272,0.6901160825500676,,0.34316320864474176,1
30,0.28,0.1,0.6,0.9,22,25,20000,28860.26180869472,8860.261808694722,44.301309043473616,6.346151103273323,0.3423563151975491,0.2164449545525029,-21.60746699656711,0.2937017607978561,15.810367339706916,76,51,25,67.10526315789474,670.6001104821144,-998.5337530357216,1343.9166726010967,-5296.936813289342,1.370033032157876,6.828947368421052,23,71,32.3943661971831,10.14337691741556,-12.248512312786586,0.5785388300651536,,0.85190117204357,445
35,0.3,0.08,0.55,0.5,20,25,20000,28409.64068320626,8409.64068320626,42.0482034160313,6.065734814156287,0.3403637864921869,0.2098042469466162,-20.94229854237316,0.289640356424263,14.584670234153627,46,36,10,78.26086956521739,614.2203608211599,-1357.6192306355558,974.5040884715754,-4274.594478013757,1.6287286221785675,12.891304347826088,23,71,32.3943661971831,11.803031593549829,-11.295992262181665,0.564417620812875,,0.8753769191198926,208
30,0.26,0.08,0.55,0.7,24,25,20000,27780.702145716208,7780.702145716208,38.90351072858104,5.668099431708384,0.339892400971648,0.2020309170607845,-18.270467288636752,0.3102328660873188,12.760738351758269,92,62,30,67.3913043478261,457.6152005713127,-675.6346763235017,1019.2990801912522,-2372.4581945401355,1.3997772972917728,5.782608695652174,23,71,32.3943661971831,8.218060472589684,-9.7306757160591,0.5066697612837855,,0.8531125802581543,130
30,0.3,0.08,0.5,0.5,20,25,20000,28710.982531581056,8710.982531581056,43.55491265790528,6.253662474569022,0.3388107265286096,0.204089532890422,-22.75395116994289,0.274838529267386,15.670366705616988,62,46,16,74.19354838709677,657.0852025417444,-1330.464799083693,1180.242800596871,-4768.650842706726,1.4198947304795848,8.193548387096774,24,71,33.80281690140845,13.94534220681638,-12.354608345544104,0.591336219033895,,0.8868276130879725,176
35,0.26,0.16,0.4,0.7,22,25,20000,29520.32971833844,9520.329718338442,47.60164859169221,6.750396549037196,0.3370645126992703,0.2204656697169749,-22.602744247101757,0.298653848189375,18.6408657846842,61,49,12,80.32786885245902,643.4566491445627,-1789.2371741454338,1255.34744749022,-4198.939626888784,1.4684738401223258,8.704918032786885,23,71,32.3943661971831,10.988111688360668,-12.705695102166404,0.6354251197769393,,0.5738159771675605,2
40,0.16,0.08,0.6,0.9,24,25,20000,27294.892444182584,7294.892444182584,36.47446222091292,5.355793542007947,0.3351216370718282,0.1909219111835413,-17.896771031292772,0.2992603264937156,11.652933102068886,51,42,9,82.35294117647058,383.6826991395004,-949.0645466307132,656.7919514400206,-2790.518271736589,1.8866148451204376,10.901960784313726,27,71,38.0281690140845,6.774169581738598,-9.87882132040011,0.4694631416747349,,0.2488717800225448,2
35,0.28,0.12,0.6,0.9,22,25,20000,28994.77625258333,8994.776252583335,44.97388126291668,6.429151529466437,0.3350012579485245,0.2133869511625036,-25.25866973627544,0.2545324673307383,16.973560453348703,51,38,13,74.50980392156863,727.3936302164736,-1415.921668895586,1304.0717017191855,-5269.6382024975865,1.5016561870526164,11.392156862745098,24,71,33.80281690140845,9.306909001922923,-14.233116534092884,0.5990280813104428,,0.8660690701819058,577
40,0.11,0.1,0.4,0.6,17,10,20000,27206.325068216574,7206.325068216574,36.03162534108287,5.298359606107961,0.3347615746529603,0.2615965256095496,-17.64664796564638,0.30024736802267177,11.437000155224371,125,110,15,88.0,170.28360010793907,-667.5761896666369,841.0992817094641,-2334.341395303043,1.870567614784361,13.736,45,71,63.38028169014085,6.602030726187302,-10.230114061387996,0.48633424608044484,,0.955440115029323,2
35,0.2,0.14,0.45,0.3,18,15,20000,30928.077899605407,10928.077899605409,54.64038949802704,7.588016571546974,0.3321591368545416,0.3321314050630262,-42.42166796639597,0.1788712451749367,27.794970422859397,266,212,54,79.69924812030075,417.8915679035903,-1382.5802684436255,1415.450639495779,-3673.998538066104,1.186630084418448,10.1390977443609,42,71,59.15492957746479,14.944664491464032,-18.480656548126685,0.9400064157991538,,0.4957732095301349,4
30,0.28,0.08,0.5,0.3,22,15,20000,30612.06088706308,10612.060887063082,53.06030443531541,7.402788759639423,0.3314242994780861,0.3190199026780326,-40.8320841687237,0.1812983321901986,25.49169363043969,281,198,83,70.46263345195729,439.3017587350551,-905.3311728009372,1250.4232841718756,-3441.4999904752203,1.1575574792075112,6.359430604982206,40,71,56.33802816901409,13.5138614117706,-23.52703627214263,0.8966107003289671,,0.9246002802968504,84
45,0.16,0.08,0.55,0.5,22,25,20000,26959.90571973452,6959.905719734521,34.7995285986726,5.137739484035686,0.3311087715010256,0.1924525468374182,-16.266733549768787,0.3158433417696642,10.9139812192416,41,35,6,85.36585365853658,402.3866446986781,-1150.2211407865286,609.7267200751209,-3154.14339576458,2.040699257017557,12.341463414634148,26,71,36.61971830985916,9.870870015548473,-7.82888428005859,0.4546273532947856,,0.1680858151078299,3
35,0.24,0.08,0.6,0.5,18,25,20000,27693.763381077373,7693.763381077373,38.46881690538687,5.612545985315709,0.3310255095933607,0.202767734045602,-17.781976826464856,0.3156311607021428,13.059254354464436,48,40,8,83.33333333333334,532.4023180899819,-1681.2786678152372,973.775337642424,-4160.254147529742,1.583325620796165,12.3125,25,71,35.2112676056338,9.71699248678166,-11.750429824639696,0.5101972409206957,,0.6156644240647513,7
30,0.28,0.15,0.8,0.2,7,10,20000,30695.27411041679,10695.27411041679,53.47637055208395,7.4517165090404625,0.3308509651349678,0.35900784952322434,-47.774960037325606,0.15597535828849649,26.1827379076271,262,187,75,71.37404580152672,430.30989725616956,-925.2013168793588,1626.8413280631858,-4074.9539247437087,1.159646004515956,14.927480916030534,40,71,56.33802816901409,15.302805410041564,-18.772180260290384,0.9354540166757503,,0.05064844636212443,2
30,0.24,0.14,0.6,0.7,22,25,20000,28927.512215293427,8927.512215293427,44.637561076467136,6.387687261331898,0.3308026064161103,0.2107463162275984,-26.639341466007757,0.2397839777489505,17.165516953195716,86,59,27,68.6046511627907,653.2505956794763,-1068.7545529553972,1498.266326954128,-6696.837342702316,1.3356420517178955,6.8023255813953485,22,71,30.985915492957744,11.03010962552171,-14.77287424406144,0.5955120845995907,,0.8492535169079136,376
30,0.24,0.1,0.6,0.7,18,25,20000,28665.842556404867,8665.842556404867,43.329212782024335,6.225616400174272,0.3306297013000729,0.2029337168229464,-23.90549481235192,0.260426167667423,16.26230121552762,63,46,17,73.01587301587301,639.5980611399187,-1200.504015060669,1214.0076351177306,-4647.881116318338,1.441625421408054,8.761904761904763,24,71,33.80281690140845,9.385241464336216,-13.168672522500223,0.5851567764819096,,0.6590670216397361,24
30,0.26,0.14,0.55,0.5,22,25,20000,28989.560918156265,8989.560918156265,44.94780459078133,6.425939451218321,0.3293263860002984,0.2100666802190287,-25.22735840563296,0.2547210590936659,17.564369069395205,82,53,29,64.63414634146342,732.7141218819384,-1006.296122123673,1457.7474361549705,-5553.252190018631,1.3307198480738809,6.7073170731707314,21,71,29.577464788732392,12.93950831444204,-12.544618554358845,0.5974565404597625,,0.8476360627369498,358
40,0.13,0.1,0.4,0.30000000000000004,21,20,20000,24209.79699595931,4209.79699595931,21.04898497979655,3.256860194357203,0.327917107629874,0.22753219188061674,-4.401769843966353,0.7398978842161604,3.912840322064654,41,34,7,82.92682926829268,162.27382339955463,-159.67328566078936,1334.9816964490656,-472.31547008182986,4.936249285311486,11.75609756097561,23,71,32.3943661971831,5.2029933087201385,-1.9477557305485727,0.2746092558205541,,0.327917107629874,1
30,0.26,0.16,0.6,0.7,22,25,20000,29254.285312723117,9254.285312723114,46.27142656361557,6.588376924093242,0.3277320513532059,0.2136072736076056,-27.0594022409299,0.2434782877105726,18.80089140943661,86,55,31,63.95348837209303,773.7527430776196,-1046.1230824692257,1794.7711302777611,-6696.837342702316,1.3122615759274343,6.953488372093023,22,71,30.985915492957744,11.81780692872394,-14.159341105858392,0.6260680083490787,,0.845944783852265,352
35,0.22,0.14,0.55,0.5,24,25,20000,28511.111654956934,8511.111654956938,42.55555827478469,6.129200248474676,0.3276840472126343,0.2014816831060457,-22.919802754272776,0.2674194151750303,16.021825779604978,64,47,17,73.4375,551.5524984811832,-991.803280803454,1136.3147218794131,-4675.522088677064,1.5374827513598182,10.265625,24,71,33.80281690140845,11.328046155059669,-14.229437982951254,0.5799573676480055,,0.8090593554479626,88
30,0.24,0.12,0.6,0.9,22,25,20000,28536.83545662237,8536.835456622372,42.68417728311186,6.145259433892902,0.3268389253868524,0.204691203260945,-24.88064471727216,0.2469895576952979,16.153654338043133,78,52,26,66.66666666666666,675.5821606466185,-1001.3244960385332,1272.8340566464062,-5682.864717956928,1.3493770767006592,6.846153846153846,23,71,32.3943661971831,10.261570307073242,-13.417941545974331,0.5702028839901716,,0.8667832497003731,313
45,0.24,0.08,0.5,0.5,24,25,20000,27105.007148140685,7105.007148140685,35.52503574070342,5.232466102279876,0.325843317365672,0.1955134177180388,-15.898901876202451,0.3291086480703333,11.605987552194671,48,36,12,75.0,420.8389151409445,-660.0328164111158,686.0990677319687,-3198.051615138862,1.9128090513554816,12.916666666666666,25,71,35.2112676056338,11.569479500471047,-8.004236434534228,0.4707727782850023,,0.4856185824647504,2
30,0.28,0.16,0.6,0.7,20,25,20000,29508.84125347076,9508.84125347076,47.5442062673538,6.743425289657501,0.3244799912416156,0.2077851334735392,-31.14461923024788,0.2165197538555308,20.50437462104242,73,52,21,71.23287671232876,785.049765386825,-1464.5736450782938,1662.6160903292769,-7029.536790904743,1.3273028358246228,9.63013698630137,22,71,30.985915492957744,12.743387727085851,-16.92265939348958,0.6794673613020712,,0.8767148744874367,245
30,0.26,0.12,0.55,0.7,20,25,20000,28943.23978559978,8943.23978559978,44.7161989279989,6.397389552290678,0.3240087001097537,0.2029138386386255,-28.81254399545056,0.2220348731892891,18.04933860664553,71,53,18,74.64788732394366,644.7520527536578,-1378.478833908007,1299.2912638403743,-5074.288767903902,1.377196771598273,8.56338028169014,22,71,30.985915492957744,12.821362472078569,-14.725526085714248,0.6246967527369334,,0.8730590066196396,449
30,0.26,0.08,0.6,0.9,22,25,20000,27625.14877655689,7625.148776556889,38.12574388278445,5.56859901927127,0.3229436157360664,0.1955234627738867,-18.966752609238828,0.2935979149408407,13.394987615153402,80,54,26,67.5,528.7350125184613,-793.416996132303,1001.6733016518268,-5021.274801413344,1.3840665809151484,6.8625,24,71,33.80281690140845,9.375808378611872,-12.685260673114772,0.5052887145150871,,0.8297686428690343,109
35,0.3,0.16,0.6,0.5,22,25,20000,29147.080996402747,9147.080996402748,45.73540498201373,6.5227432890193615,0.3229264617836098,0.2108983694220116,-26.49333455047122,0.2462031827889836,19.04669479983693,55,42,13,76.36363636363637,813.0031568309245,-1896.0039684997016,1720.7371340232835,-4503.387812626069,1.3853481465474131,11.527272727272727,24,71,33.80281690140845,11.643045013427544,-16.51056812840427,0.638687021066885,,0.7947870765692867,74
45,0.22,0.08,0.4,0.7,22,25,20000,27441.98790361837,7441.98790361837,37.20993951809185,5.450839821612297,0.3229175241951353,0.1903033079664738,-20.95735419106069,0.2600919835547437,12.818822741939732,53,45,8,84.90566037735849,359.57636346202094,-1072.0560565215744,681.1108075597746,-4277.192556634409,1.8866709741247227,10.30188679245283,26,71,36.61971830985916,11.662764240107837,-13.192803399659493,0.4972993329638399,,0.3229175241951353,1
35,0.28,0.12,0.55,0.9,22,25,20000,28671.81175261393,8671.811752613932,43.35905876306966,6.229327250035643,0.322317629178032,0.209526792240743,-25.749018002919733,0.2419248473603648,17.14702300908789,50,38,12,76.0,712.906280113717,-1514.843907642274,1304.0717017191855,-5269.6382024975865,1.49027668283467,11.38,24,71,33.80281690140845,10.560286584806766,-14.46685465791868,0.5892160563612506,,0.8526737077752599,653
35,0.24,0.16,0.6,0.5,22,25,20000,28947.88211876817,8947.882118768175,44.73941059384088,6.400252555005581,0.321494100530354,0.2060166295989415,-25.112294401293703,0.2548653043298131,18.396304937267686,52,38,14,73.07692307692307,771.2535615434488,-1416.939515705922,1489.3697549666117,-4798.788145015752,1.477411351003521,11.788461538461538,21,71,29.577464788732392,10.136548206333163,-12.868996144369172,0.6076022899543299,,0.8595378824628849,241
30,0.28,0.12,0.6,0.9,24,25,20000,28341.177869225397,8341.177869225394,41.705889346126966,6.022807804472929,0.3213057658143188,0.1993436759894781,-23.406031137750357,0.2573186273669037,15.999247075941136,90,59,31,65.55555555555556,618.9530281951144,-893.2951869124624,1461.7683983985037,-3230.030256254565,1.318721284409822,5.933333333333334,22,71,30.985915492957744,11.067996371879651,-12.265333065455986,0.5655901305493485,,0.8960287413696401,501
35,0.3,0.08,0.55,0.9,20,25,20000,28110.82125891007,8110.821258910069,40.55410629455034,5.877734877685503,0.3185170103502001,0.2048038673090019,-27.1108168021511,0.2168040498587684,15.41218516519304,49,40,9,81.63265306122449,524.8467745812565,-1418.1610804822517,974.5040884715754,-5486.280937767719,1.6448430037855943,12.877551020408164,22,71,30.985915492957744,11.94868740818318,-15.842306067895985,0.5541979959815968,,0.8690994482785417,305
40,0.2,0.16,0.45,0.7,24,15,20000,30164.43087600897,10164.430876008966,50.82215438004483,7.137675759059614,0.3162489477510568,0.3267220632965153,-49.41113230265604,0.1444548106151361,28.30622722468516,195,152,43,77.94871794871796,487.5127098458441,-1414.9349074548688,1279.4577194801218,-4664.559167332089,1.2179364101494012,11.128205128205128,40,71,56.33802816901409,13.476242844681918,-23.50230825507904,0.91946344678007,,0.5067732259493823,4
30,0.26,0.12,0.6,0.9,22,25,20000,28245.477369684784,8245.477369684784,41.22738684842392,5.962657576732733,0.3151786047575976,0.197020333323293,-26.294031931576995,0.2267684770539913,16.269817909826216,76,51,25,67.10526315789474,708.4731638740919,-1095.0821595157583,1457.7474361549705,-6494.702534807916,1.3197961830939222,6.815789473684211,22,71,30.985915492957744,10.553048310029368,-14.473706581664612,0.5582951273324096,,0.8618325480040784,430
30,0.26,0.12,0.6,0.7,22,25,20000,28245.477369684784,8245.477369684784,41.22738684842392,5.962657576732733,0.3151786047575976,0.197020333323293,-26.294031931576995,0.2267684770539913,16.269817909826216,76,51,25,67.10526315789474,708.4731638740919,-1095.0821595157583,1457.7474361549705,-6494.702534807916,1.3197961830939222,6.815789473684211,22,71,30.985915492957744,10.553048310029368,-14.473706581664612,0.5582951273324096,,0.8566730741009948,484
35,0.3,0.1,0.6,0.5,22,25,20000,28099.018776546087,8099.018776546087,40.49509388273043,5.870275356303933,0.3150291234412433,0.1934557098470998,-23.48422752522002,0.2499667212813267,15.738748128971716,53,39,14,73.58490566037736,603.9418110180715,-1092.5794180827638,1148.9703432646943,-4635.287199707501,1.5398508363313823,12.075471698113208,24,71,33.80281690140845,8.681505115516153,-12.591395860542953,0.5407447881030073,,0.8574276006905787,233
35,0.26,0.16,0.6,0.9,20,25,20000,28951.64684213889,8951.646842138889,44.75823421069445,6.402574040853337,0.3134455536825903,0.2086972417151416,-28.59672702185365,0.2238918473418473,19.59339151156293,54,42,12,77.77777777777779,707.5242027204915,-1698.839139343485,1413.194920310424,-6287.478401082311,1.4576628546942343,13.296296296296296,22,71,30.985915492957744,14.708058104978416,-17.406973035298535,0.6347734468588203,,0.8772607548428801,270
35,0.31,0.13,0.6000000000000001,0.2,7,10,20000,29044.611262444127,9044.611262444127,45.223056312220635,6.45982024618601,0.31328866183217546,0.32768498115804995,-39.0793430885993,0.16530012368786584,20.203811409929635,196,149,47,76.0204081632653,392.1209654971736,-1050.2692474066303,1273.6925433497374,-3175.2531191344833,1.1836078164606192,15.51530612244898,42,71,59.154929577464785,15.147982342365829,-18.672080065900477,0.7280648353605592,,0.3015257000186635,2
45,0.3,0.14,0.5,0.7,20,25,20000,28598.092112436814,8598.092112436818,42.99046056218409,6.183453078152024,0.3129542287852743,0.2115149026399133,-24.950769448964756,0.2478261478388429,17.990884318576036,38,31,7,81.57894736842105,798.3361186207409,-2281.0039378294423,1332.4256103849789,-5359.095926516726,1.549970373433342,15.552631578947368,23,71,32.3943661971831,17.561408211214236,-14.779886959491815,0.6092021397319417,,0.3129542287852743,1
35,0.3,0.08,0.55,0.9,24,25,20000,27528.68071208543,7528.680712085428,37.64340356042714,5.506658297926315,0.3115375444493393,0.1939041084417065,-20.1905231929298,0.2727347996536615,13.935053516441096,54,38,16,70.37037037037037,584.0106513073445,-905.9202523496052,1001.6076889458616,-3973.983984894361,1.5310677659071403,10.351851851851851,23,71,32.3943661971831,8.40037542562413,-13.090762201740436,0.5080669541104528,,0.8692672459480832,301
30,0.26,0.14,0.6,0.7,22,25,20000,28463.42599787949,8463.42599787949,42.31712998939746,6.099398511660237,0.3114200955979563,0.1973573821135414,-27.67786330932679,0.2203710034800584,17.625542515479978,84,53,31,63.095238095238095,740.1545054070876,-970.9826706031038,1498.266326954128,-6696.837342702316,1.303242048534457,6.821428571428571,22,71,30.985915492957744,11.317059235534298,-15.00235976797084,0.5763775829397323,,0.8472093174740849,457
30,0.26,0.14,0.6,0.9,22,25,20000,28463.42599787949,8463.42599787949,42.31712998939746,6.099398511660237,0.3114200955979563,0.1973573821135414,-27.67786330932679,0.2203710034800584,17.625542515479978,84,53,31,63.095238095238095,740.1545054070876,-970.9826706031038,1498.266326954128,-6696.837342702316,1.303242048534457,6.821428571428571,22,71,30.985915492957744,11.317059235534298,-15.00235976797084,0.5763775829397323,,0.8550433263661339,400
35,0.2,0.08,0.5,0.9,18,25,20000,27460.94003416803,7460.94003416803,37.30470017084015,5.463054958831903,0.3095962120817522,0.1836843619458723,-22.724347360359044,0.2404053622398767,13.857162298261228,58,51,7,87.93103448275862,393.5616324334033,-1769.400459990782,698.09196037211,-4611.035164190191,1.6205362621777657,10.155172413793103,25,71,35.2112676056338,11.260744384150724,-13.94541655839504,0.5107576142085006,,0.4595140601845087,3
30,0.3,0.08,0.6,0.9,22,25,20000,27594.79267577735,7594.792675777349,37.97396337888675,5.549127250901975,0.3058581179558422,0.189446812597202,-21.141649145459347,0.2624737177654742,14.656239463278707,81,55,26,67.90123456790124,552.514336359796,-866.4729163081294,1150.195000681157,-4602.004019667856,1.3488942411436196,6.876543209876544,24,71,33.80281690140845,8.894360279858237,-12.064236648125137,0.5064446061524714,,0.8617615803631503,287
30,0.3,0.08,0.6,0.7,22,25,20000,27594.79267577735,7594.792675777349,37.97396337888675,5.549127250901975,0.3058581179558422,0.189446812597202,-21.141649145459347,0.2624737177654742,14.656239463278707,81,55,26,67.90123456790124,552.514336359796,-866.4729163081294,1150.195000681157,-4602.004019667856,1.3488942411436196,6.876543209876544,24,71,33.80281690140845,8.894360279858237,-12.064236648125137,0.5064446061524714,,0.8713968606134841,360
30,0.28,0.14,0.6,0.5,20,25,20000,28678.7826200366,8678.782620036596,43.39391310018298,6.233659991680263,0.3055979108629961,0.19227500517585,-29.31272541305084,0.2126605391972479,19.60245454644631,69,49,20,71.01449275362319,775.760376947537,-1444.833792519638,1457.317655377335,-5521.251473550769,1.3154543680813255,9.46376811594203,23,71,32.3943661971831,12.019423097066184,-15.736318960478911,0.625363110152185,,0.875520335229026,264
35,0.31,0.14,0.30000000000000004,0.30000000000000004,5,10,20000,29382.618370518187,9382.618370518187,46.91309185259093,6.666683483123759,0.3050191983490855,0.3465088301457227,-47.957852642886934,0.1390113008763447,24.79491484918375,268,237,31,88.43283582089553,310.38641159773096,-2025.543908972392,911.0422403437985,-4544.955849740526,1.1715145588687643,10.063432835820896,42,71,59.154929577464785,18.72379862283411,-18.86369948323313,0.8440540107318816,,0.4070425502771967,2
30,0.26,0.1,0.55,0.9,20,25,20000,28069.62174778332,8069.62174778332,40.3481087389166,5.851684213950681,0.3049036780764975,0.190891033726943,-24.85327938311274,0.2354491785066711,16.720545465926136,62,45,17,72.58064516129032,662.935192957545,-1261.4095256062456,1299.2912638403743,-4477.964418142089,1.3911647377984206,8.67741935483871,23,71,32.3943661971831,10.454787580648173,-13.82298827699049,0.5593744602945641,,0.8613788527011934,200
30,0.24,0.14,0.6,0.9,20,25,20000,28498.69216626601,8498.69216626601,42.49346083133005,6.121442533865307,0.3046355958481528,0.1952651758789912,-29.9353444901606,0.2044887953728862,18.787401590684087,66,46,20,69.6969696969697,746.8275910575074,-1262.0888511189685,1441.4844772589272,-5122.127398754893,1.3610004223627763,9.333333333333334,22,71,30.985915492957744,11.347168178589762,-16.24372892903655,0.6051156026435577,,0.882322388923903,291
35,0.26,0.12,0.6,0.7,20,25,20000,28093.053336647004,8093.0533366470045,40.46526668323502,5.86650402800406,0.3046330407032482,0.1958484812781333,-25.578533516128825,0.2293526336959416,16.855481712453805,48,39,9,81.25,648.0243145872005,-1884.177214694864,1170.9203657148385,-5496.272673353437,1.4903615972587616,12.791666666666666,24,71,33.80281690140845,13.70908057806075,-14.969769112235577,0.5683409210312778,,0.8783332063317071,427
30,0.28,0.1,0.55,0.5,20,25,20000,28111.46709341125,8111.467093411255,40.55733546705627,5.878142989160273,0.3045332567580061,0.1894051998986712,-24.088575755048492,0.2440220230923503,16.96116387545795,62,46,16,74.19354838709677,674.0087458709905,-1412.4459510408906,1299.2912638403743,-4647.881116318338,1.3719287049186344,8.838709677419354,23,71,32.3943661971831,10.716129123734962,-13.023459064617873,0.5647901597622388,,0.8663892207417996,292
35,0.26,0.1,0.5,0.5,20,25,20000,27750.539053732824,7750.539053732824,38.75269526866412,5.648841774886915,0.3040671391085239,0.1817740069049866,-21.57847731870748,0.2617812967734126,15.487266521670051,57,46,11,80.7017543859649,512.3177986483195,-1419.1526985536193,1074.3404954773755,-4394.121179232426,1.509647191200871,10.56140350877193,23,71,32.3943661971831,12.060926634919644,-12.17345159712796,0.538873816436997,,0.8379424756131473,70
30,0.3,0.1,0.55,0.9,24,25,20000,27597.01149787216,7597.011497872158,37.98505748936079,5.550551106905743,0.3037296277419105,0.1881468984625665,-19.28043969903712,0.287885089424747,14.874294348545874,92,61,31,66.30434782608695,539.4880077589862,-804.5147411427703,1257.5257480223636,-3230.030256254565,1.3195198574610294,5.793478260869565,21,71,29.577464788732392,9.930449236947103,-10.236691652141891,0.5146798072737359,,0.8594779025890893,374
30,0.3,0.1,0.55,0.7,24,25,20000,27597.01149787216,7597.011497872158,37.98505748936079,5.550551106905743,0.3037296277419105,0.1881468984625665,-19.28043969903712,0.287885089424747,14.874294348545874,92,61,31,66.30434782608695,539.4880077589862,-804.5147411427703,1257.5257480223636,-3230.030256254565,1.3195198574610294,5.793478260869565,21,71,29.577464788732392,9.930449236947103,-10.236691652141891,0.5146798072737359,,0.8696448847129306,456
40,0.22,0.16,0.45,0.3,24,15,20000,29449.37862202472,9449.37862202472,47.2468931101236,6.707306918030542,0.3025357641915455,0.3047476266012157,-46.45713287032397,0.1443762562091957,28.156987087372706,229,175,54,76.41921397379913,467.6702829651002,-1286.2263129049616,1504.5861562292962,-4049.8999875196446,1.1783292909128484,10.231441048034934,41,71,57.74647887323944,14.624501584758054,-21.060892366972883,0.9094704115114514,,0.4773097968187958,2
30,0.24000000000000002,0.13,0.7,0.9,9,10,20000,29388.078471831966,9388.078471831966,46.94039235915983,6.670008822903517,0.3013753353382381,0.3218465174185647,-53.35278158095872,0.12501707737172604,27.686822235405963,209,172,37,82.29665071770334,368.17045454244015,-1438.5658461832675,1090.7780572430215,-6039.406760006004,1.1897231472038128,15.057416267942584,43,71,60.56338028169014,18.387711838166922,-27.956775559769486,1.0159300395430664,,0.3013753353382381,1
30,0.3,0.1,0.6,0.7,22,25,20000,27818.674960175624,7818.674960175624,39.09337480087812,5.692318486732617,0.2999686402283843,0.1884629262646125,-22.5205015079328,0.2527616218816224,16.19761266447736,74,48,26,64.86486486486487,719.1726803152083,-1013.485142113626,1380.1649490352918,-5296.936813289342,1.3100373697080183,6.837837837837838,21,71,29.577464788732392,10.623789994206923,-13.100695439528288,0.5322489339171028,,0.8577825172082695,437
30,0.3,0.1,0.6,0.9,22,25,20000,27818.674960175624,7818.674960175624,39.09337480087812,5.692318486732617,0.2999686402283843,0.1884629262646125,-22.5205015079328,0.2527616218816224,16.19761266447736,74,48,26,64.86486486486487,719.1726803152083,-1013.485142113626,1380.1649490352918,-5296.936813289342,1.3100373697080183,6.837837837837838,21,71,29.577464788732392,10.623789994206923,-13.100695439528288,0.5322489339171028,,0.8490587731855554,357
30,0.28,0.14,0.6,0.7,22,25,20000,28207.934121979517,8207.934121979513,41.03967060989756,5.939014352505745,0.2995186897167468,0.1888143945818556,-28.020815841214297,0.2119500868982683,18.117627458456205,89,57,32,64.04494382022472,712.3306616070959,-994.1004246757816,1457.7474361549705,-7029.536790904743,1.276369026199201,6.741573033707865,21,71,29.577464788732392,11.461165549530673,-15.686670994335362,0.5714910190917131,,0.8467139939310762,412
30,0.26,0.14,0.6,0.7,24,25,20000,27885.69225074472,7885.69225074472,39.4284612537236,5.734995058401937,0.2983204592732034,0.1849386231918363,-23.346477381272955,0.2456471254632265,16.73101966450743,96,59,37,61.458333333333336,640.0980611583428,-789.1944150702059,1444.102206512009,-3302.7315606252982,1.2933402579170226,5.979166666666667,21,71,29.577464788732392,11.607335775787964,-12.234125439772017,0.5488502789308745,,0.8755767906203457,395
30,0.15000000000000002,0.12000000000000001,0.9,0.5,5,15,20000,28281.16262146443,8281.162621464431,41.40581310732215,5.9851064783971175,0.29759917653890655,0.2592836421682663,-25.75956546311433,0.23234500935069416,18.8903619627345,127,107,20,84.25196850393701,265.7447437124809,-945.7962477885537,814.6417576308659,-4117.2368754090185,1.503214230534378,19.677165354330707,46,71,64.7887323943662,9.339982266362323,-17.55149291316026,0.5926001363491336,,0.29759917653890655,1
30,0.28,0.1,0.6,0.9,20,25,20000,27899.89481004979,7899.894810049791,39.49947405024896,5.744028276936652,0.2975874006173803,0.1898790871020653,-25.15807685743251,0.2283174627968306,16.873867060473035,60,44,16,73.33333333333333,680.1983340991214,-1359.170743144468,1299.2912638403743,-4477.964418142089,1.3762402024965903,9.533333333333331,23,71,32.3943661971831,10.041961484130567,-13.800135696002693,0.5514095547000759,,0.8797714740614649,385
35,0.3,0.1,0.5,0.7,20,25,20000,27942.117543873763,7942.117543873763,39.71058771936881,5.770860516387488,0.296767478629806,0.1897242803470452,-27.07357723276605,0.2131547104681553,17.179386543159158,46,38,8,82.6086956521739,599.085292478079,-1833.715446286652,968.8350696313008,-5697.0988274243655,1.551852085356778,11.847826086956522,23,71,32.3943661971831,12.473882266022684,-15.703902108848434,0.5610961982930105,,0.8781177944744595,384
45,0.3,0.14,0.55,0.9,24,25,20000,27863.56079626851,7863.56079626851,39.31780398134255,5.720911209595769,0.2964098630027588,0.1984937020023106,-23.89701119228988,0.2393986077824477,16.8414980464767,40,29,11,72.5,844.3815178560036,-1495.0366565050483,1366.4679915577617,-4990.490350395054,1.4889914031252272,15.025,24,71,33.80281690140845,11.36357179309222,-12.951902796681692,0.5407919457902584,,0.2964098630027588,1
30,0.3,0.12,0.5,0.7,24,25,20000,27720.494586607823,7720.494586607823,38.60247293303912,5.629642529069368,0.2962389185289968,0.1840698519824971,-24.31749083012639,0.2315058970679216,16.21870393282972,95,62,33,65.26315789473685,576.7045395796945,-835.8026323434292,1334.423686344798,-3230.030256254565,1.2963652621747963,5.7368421052631575,21,71,29.577464788732392,11.924791641952591,-13.15794110938585,0.5382029067158847,,0.8802578460861233,309
30,0.28,0.14,0.55,0.7,20,25,20000,28301.108181217794,8301.108181217794,41.505540906088974,5.9976435759024005,0.2934720496330944,0.1867819483104136,-29.96819748144298,0.2001336109592938,19.75004070317869,74,51,23,68.91891891891892,719.7004253041018,-1215.157109099629,1619.462231824013,-6150.844692041651,1.313293114819695,9.297297297297296,21,71,29.577464788732392,12.091641091919117,-15.35839425195028,0.6028966930792018,,0.8697860385244403,378
30,0.3,0.14,0.55,0.7,22,25,20000,28041.57960455834,8041.579604558341,40.2078980227917,5.833934815688213,0.2923589261252042,0.1874379646359701,-29.10910878119257,0.2004161260841323,18.381806734020504,86,56,30,65.11627906976744,730.924865238825,-1078.877094960529,1530.2612925561837,-7029.536790904743,1.2646418096669825,6.651162790697675,22,71,30.985915492957744,11.751880840192207,-16.086850942477948,0.5670367433333338,,0.7967873990824876,189
30,0.24,0.16,0.6,0.7,22,25,20000,28027.000994090125,8027.000994090125,40.13500497045063,5.82470138313369,0.2922899255063842,0.1878367492505477,-28.207823589156245,0.2064924067864932,18.302160853226148,93,62,31,66.66666666666666,650.1677123947156,-1008.4386185284612,1513.746690143671,-6696.837342702316,1.2894542125795552,6.903225806451613,22,71,30.985915492957744,11.519234232533847,-14.81393932806282,0.5628708047194213,,0.8453756771275909,289
30,0.26,0.16,0.55,0.7,24,25,20000,27921.58753051804,7921.587530518042,39.60793765259021,5.757818060421194,0.2921593531029396,0.1839446651776633,-25.68933091583636,0.224132659557581,17.7890962616681,98,63,35,64.28571428571429,645.6922618233797,-910.6949989815708,1516.4555492248403,-3302.7315606252982,1.2762187917819048,5.918367346938775,21,71,29.577464788732392,12.247553135328438,-14.458715416550882,0.5660747048379615,,0.8748322100429418,305
40,0.16,0.12,0.5,0.3,18,10,20000,28816.08270433341,8816.082704333414,44.08041352166707,6.318820712996276,0.2908265101966872,0.3020234594987434,-40.97902805300716,0.1541964515318118,26.153036278804283,258,207,51,80.23255813953489,344.9270784815242,-1179.095907019433,935.9545360728696,-3470.862603880673,1.187348826959328,12.12015503875969,44,71,61.97183098591549,13.925977135632484,-20.9308831519037,0.8192728491422435,,0.2726148283471156,2
35,0.3,0.12,0.55,0.7,22,25,20000,27876.48788339305,7876.487883393049,39.38243941696524,5.729138782514331,0.2906918595789387,0.1869184675214367,-28.131268794302212,0.2036573189928328,17.765345737226305,53,42,11,79.24528301886792,646.7761896231589,-1733.610189161779,1188.1407171998803,-5697.0988274243655,1.4244892554802635,11.320754716981131,25,71,35.2112676056338,12.852077126341864,-16.066131466806187,0.5655204627764296,,0.8367795115847662,490
30,0.12000000000000001,0.11,0.9,0.5,13,20,20000,25567.104363900464,5567.104363900464,27.83552181950232,4.206210290644963,0.29016718760038185,0.2325713068271004,-20.86879825671348,0.20155498361252439,8.57506658080476,65,50,15,76.92307692307693,258.79941813042694,-428.86443617472753,2031.2406479692527,-1818.0830901428737,2.0115091258113957,18.015384615384615,37,71,52.112676056338024,8.486812696038083,-10.448421817150134,0.38049787357891063,,0.29016718760038185,1
35,0.30000000000000004,0.13,0.5,0.2,9,10,20000,28242.481429555897,8242.481429555897,41.21240714777949,5.960771814949406,0.2897627382051516,0.30351957106407806,-38.83217567749995,0.15350084590813137,20.25534451052582,210,166,44,79.04761904761905,364.161827531135,-1181.046227815648,1063.2133600836444,-3175.2531191344833,1.16327644596429,12.966666666666667,39,71,54.929577464788736,14.753788248941957,-18.210163986364535,0.6818531324170355,,0.3015257000186635,2
35,0.16,0.1,0.4,0.3,24,15,20000,28552.19517681837,8552.195176818375,42.76097588409188,6.154842653861548,0.2894330383331506,0.2756868864163534,-38.67387051807352,0.1591473150065286,23.055867585801018,270,214,56,79.25925925925927,289.2062318894328,-904.5256865628623,761.0947599516418,-3568.997002107646,1.2218347958443163,7.966666666666667,41,71,57.74647887323944,11.519491003131233,-16.111073930436206,0.723885930372016,,0.2497826129439213,3
35,0.3,0.1,0.5,0.7,22,25,20000,27352.972850820464,7352.972850820464,36.76486425410232,5.393373222192044,0.2888634028070133,0.1873308692470343,-22.73018721989939,0.2372779937980606,15.400644919717092,60,44,16,73.33333333333333,524.9733014536876,-973.3095258213624,1104.4974935594369,-4272.824120568274,1.483265642324154,10.816666666666666,22,71,30.985915492957744,11.69377685205404,-11.85183345232711,0.5064964703949448,,0.8477128634548214,437
30,0.26,0.16,0.55,0.7,22,25,20000,27983.70719866855,7983.707198668551,39.91853599334276,5.797257471076112,0.2877864792248275,0.1872922771398338,-30.091664288885728,0.1926532682081433,18.85758754230845,90,59,31,65.55555555555556,722.7633938088342,-1089.44300116299,1794.7711302777611,-6696.837342702316,1.2626470054762635,6.722222222222222,22,71,30.985915492957744,11.81247183228049,-16.562813597856707,0.568194036190275,,0.8453652057717036,353
30,0.22,0.14,0.55,0.7,22,25,20000,27602.546045074505,7602.546045074505,38.01273022537253,5.554102305133646,0.2851477847278009,0.1768275320304079,-28.903415592009747,0.1921607599438544,17.144051894007724,95,64,31,67.36842105263158,583.8603905212397,-928.8619015575756,1373.48865026748,-6696.837342702316,1.2977054945551088,6.463157894736842,22,71,30.985915492957744,11.210476072536869,-17.525911967503603,0.5397701661709483,,0.7827978524041249,136
30,0.24,0.16,0.55,0.7,20,25,20000,28008.615128643836,8008.615128643833,40.04307564321916,5.813050906592676,0.2846740601398054,0.1809421700824881,-32.97752270880557,0.1762731226939763,19.750893248339658,68,50,18,73.52941176470588,755.7886173969116,-1608.0508745112088,1598.7034762937128,-7264.959197558511,1.3055636854404125,8.75,23,71,32.3943661971831,13.443178738913277,-18.454819026994297,0.6012154906794014,,0.8738381166784807,254
45,0.28,0.14,0.6,0.9,18,25,20000,27589.526911097928,7589.526911097928,37.94763455548964,5.545747738427154,0.2846172413567237,0.1909623223687614,-27.0925557763844,0.2046963669356429,17.141731114804625,36,30,6,83.33333333333334,802.1427133884368,-2714.375748425858,1341.431708084345,-5851.387862147709,1.4775823020332053,16.63888888888889,24,71,33.80281690140845,20.4316627785315,-17.223732433663695,0.5701714265337315,,0.2846172413567237,1
30,0.24,0.12,0.55,0.7,24,25,20000,27242.21955742707,7242.21955742707,36.21109778713535,5.321655093954503,0.284501471973419,0.1727241874182526,-23.252621796300478,0.2288625833496843,15.41428043224352,96,67,29,69.79166666666666,501.2710563039886,-887.44280051518,1239.8095123478108,-2820.3221694561244,1.3049956475823417,5.71875,21,71,29.577464788732392,10.372113397477722,-12.184942816585451,0.4999950593666946,,0.8908106524624284,310
30,0.22,0.12,0.6,0.7,22,25,20000,27273.36107885632,7273.36107885632,36.3668053942816,5.341845224840358,0.2844698010810192,0.1763504303493456,-24.384466446189556,0.2190675459981247,15.551464710713065,82,56,26,68.29268292682927,583.6739096722266,-952.7991485687874,1272.8340566464062,-5682.864717956928,1.3194216297697636,6.7926829268292686,24,71,33.80281690140845,9.7629845564843,-13.33518704840426,0.5010449870018636,,0.8054653279011711,115
30,0.18,0.08,0.45,0.5,20,25,20000,26763.15352607263,6763.153526072631,33.815767630363155,5.008613631921177,0.2824126032890524,0.1627181814513998,-19.97127221751595,0.2507909149387256,13.48611911462264,81,62,19,76.5432098765432,365.79381693528114,-816.8875328376182,673.6034525589719,-4029.871396012758,1.4612084694596013,7.407407407407407,26,71,36.61971830985916,8.040914231229923,-11.811429631450466,0.4603260180091921,,0.3682917446422918,3
30,0.24,0.14,0.6,0.5,20,25,20000,27662.330309997524,7662.330309997524,38.311651549987616,5.592424679239882,0.277349220484217,0.1705391130789957,-31.675328568487423,0.1765545909696915,19.00267632849921,77,55,22,71.42857142857143,641.3748570439793,-1227.4357648827895,1297.3360295330344,-5438.889859377186,1.3063307983070411,9.142857142857142,22,71,30.985915492957744,11.617229829408735,-16.66358989330815,0.5674135058526244,,0.8812112921189561,259
35,0.16,0.08,0.45,0.7,22,15,20000,28064.97883941768,8064.978839417679,40.3248941970884,5.848746484303535,0.2763449801071036,0.2648492629787937,-39.37090077285205,0.1485550589265791,23.176028990337684,222,178,44,80.18018018018019,336.6287918215487,-1139.0192296549544,742.2413377565916,-4781.023840443216,1.195604464393366,8.963963963963964,41,71,57.74647887323944,9.948365080305432,-20.90559100735217,0.6915617789066495,,0.5228682163732348,6
30,0.26,0.14,0.6,0.7,20,25,20000,27651.98646874713,7651.9864687471345,38.25993234373567,5.58579909713901,0.2760411122938178,0.1764306111268963,-32.85793008844868,0.1699985081866954,19.176252715102454,63,44,19,69.84126984126983,825.2752546087294,-1480.922354423,1498.266326954128,-7264.959197558511,1.290522586688607,9.46031746031746,22,71,30.985915492957744,11.462016510439476,-20.885252859003312,0.581496659085351,,0.8731946921508249,400
40,0.18,0.08,0.45,0.5,22,25,20000,26346.85187064431,6346.85187064431,31.73425935322155,4.732774940554041,0.274659928928642,0.1558066260158145,-18.321735528918907,0.2583147722596399,12.38125435049957,54,45,9,83.33333333333334,364.4888312768945,-1090.2272818684314,692.2827805450938,-3426.88086550279,1.6716185576104536,9.425925925925926,27,71,38.0281690140845,6.357169458193002,-9.001032212212767,0.4210539029386209,,0.3980392259391606,4
30,0.26,0.14,0.55,0.7,22,25,20000,27366.17499021925,7366.174990219246,36.83087495109624,5.401906118848676,0.274188883801576,0.1744984248410629,-29.412745763210268,0.1836586819311997,17.577975990113398,83,53,30,63.85542168674698,736.7919746614303,-1033.9833222278871,1457.7474361549705,-6696.837342702316,1.25888473626171,6.650602409638554,20,71,28.169014084507044,12.93950831444204,-17.290919465586363,0.5293839533560408,,0.8465048631284969,465
30,0.26,0.14,0.55,0.9,22,25,20000,27366.17499021925,7366.174990219246,36.83087495109624,5.401906118848676,0.274188883801576,0.1744984248410629,-29.412745763210268,0.1836586819311997,17.577975990113398,83,53,30,63.85542168674698,736.7919746614303,-1033.9833222278871,1457.7474361549705,-6696.837342702316,1.25888473626171,6.650602409638554,20,71,28.169014084507044,12.93950831444204,-17.290919465586363,0.5293839533560408,,0.8540136974139265,407
45,0.26,0.12,0.6,0.5,18,25,20000,26896.69619714245,6896.696197142446,34.48348098571223,5.096341662776638,0.2725364709014874,0.1684953727706604,-25.563094389500268,0.1993632533340681,15.174539782402867,40,32,8,80.0,727.8189638201163,-2028.0638306376527,1167.6713474752223,-4531.910043998966,1.4354951808223502,16.575,25,71,35.2112676056338,13.893234192448812,-13.393538889332014,0.4993284082172653,,0.5424036732528911,3
30,0.22,0.12,0.6,0.9,24,25,20000,26740.79032993108,6740.790329931082,33.70395164965541,4.99388700868324,0.2676020815875153,0.1607614663699232,-23.526255841363252,0.2122686687740221,14.96863420153648,95,65,30,68.42105263157895,489.856295058881,-814.1289616298751,1130.371090963568,-2820.3221694561244,1.3036697574744054,5.978947368421053,22,71,30.985915492957744,9.740356299818352,-12.357579328231528,0.4704361228379047,,0.8393393690974882,84
30,0.3,0.1,0.6,0.9,24,25,20000,26696.56470933156,6696.5647093315565,33.482823546657784,4.964733327729598,0.2676014625637069,0.1670398690847865,-20.184357951788844,0.2459693461435862,14.706449852940157,91,58,33,63.73626373626373,542.2906218584519,-739.4754957108646,1257.5257480223636,-1938.0181537527392,1.2889093094597506,6.054945054945055,21,71,29.577464788732392,9.90113969536248,-10.236691652141891,0.4676142614587067,,0.8790580148985297,308
35,0.25,0.13,0.9,0.2,5,10,20000,27274.48910209449,7274.489102094489,36.372445510472446,5.3425762013815215,0.26727554372509954,0.2557024522322754,-28.102982445850795,0.1901070895829533,18.50741722909949,175,130,45,74.28571428571429,322.57717763158684,-770.7750627529497,1057.634490758189,-2026.4381092578167,1.209029286625636,21.685714285714287,41,71,57.74647887323944,8.92315821326466,-14.389390780350608,0.5969852608635333,,0.26727554372509954,1
35,0.30000000000000004,0.12000000000000001,0.9,0.30000000000000004,7,15,20000,27237.200309043674,7237.200309043674,36.186001545218375,5.318399143551722,0.267084342116441,0.25421255506509516,-35.373073804171526,0.15035162544806965,18.115570578144336,94,73,21,77.6595744680851,508.47066542902905,-1408.3027746321663,1321.9055427515605,-3275.5190328106683,1.2550858497373107,22.382978723404257,38,71,53.52112676056338,10.649878042594851,-15.033228362394413,0.576941551333281,,0.267084342116441,1
45,0.22,0.12,0.45,0.9,20,25,20000,26878.72527319492,6878.725273194916,34.393626365974576,5.084557182003424,0.2666976504388713,0.1687807183045188,-26.864294886253425,0.1892682165503333,15.84601412752464,43,36,7,83.72093023255815,510.290098310839,-1605.831180856466,827.3365055041547,-5648.152542983092,1.6342621243831386,12.511627906976743,25,71,35.2112676056338,10.112205889554923,-17.74963958311585,0.4847110748919875,,0.2666976504388713,1
45,0.28,0.12,0.4,0.7,18,25,20000,26940.20720054094,6940.207200540939,34.7010360027047,5.124847002019073,0.2662966945628884,0.1691218288269947,-26.45658234637412,0.193707824197536,16.276601218782304,47,40,7,85.1063829787234,483.93745454612815,-1749.570140186304,886.7447435444521,-5359.095926516726,1.5805921806748835,11.851063829787234,24,71,33.80281690140845,10.019626313744002,-15.39881133797566,0.4845242606833613,,0.2662966945628884,1
35,0.3,0.1,0.6,0.9,22,25,20000,26804.997673793467,6804.997673793467,34.024988368967335,5.036141374859304,0.2639577206685268,0.1608692960953853,-26.888894607212144,0.1872944741100851,15.846506110327075,53,41,12,77.35849056603774,551.4442543910807,-1304.234729686738,1148.9703432646943,-5454.873989256385,1.4446028461114495,11.867924528301886,24,71,33.80281690140845,8.262869129438254,-14.726899388370096,0.4850914736589556,,0.8490587731855554,357
30,0.3,0.1,0.55,0.5,24,25,20000,26610.429181339307,6610.4291813393065,33.05214590669653,4.907836928203491,0.2630326206631707,0.1635654905355941,-21.071556254237105,0.2329128835567906,14.823189062445548,91,59,32,64.83516483516483,544.109162594224,-785.2909816162438,1257.5257480223636,-2276.869252152712,1.277489863016592,5.813186813186813,21,71,29.577464788732392,10.134064210335936,-10.667211157783251,0.4698644384024643,,0.8709163311363729,243
40,0.18,0.1,0.55,0.3,22,15,20000,27484.354519167784,7484.354519167784,37.42177259583892,5.4781365141855165,0.2622868062264756,0.246754045883901,-40.35674138999833,0.1357427860997511,22.64915606326821,188,150,38,79.7872340425532,340.94591275511243,-1115.3903261605042,826.5199210671,-3030.4452549203247,1.2066082139418075,11.617021276595745,43,71,60.56338028169014,12.1722264320121,-21.06679498794295,0.6893751407100094,,0.4514382306426943,7
35,0.16,0.12,0.6,0.7,24,25,20000,26439.532186480963,6439.532186480963,32.197660932404816,4.79449654276416,0.262178495460331,0.1589982777041761,-19.599946439960476,0.2446178390053717,14.029588005237937,69,48,21,69.56521739130434,410.4773228146225,-591.6609194581401,928.1030472313156,-3381.440450785827,1.585762807485068,10.826086956521738,25,71,35.2112676056338,8.247338589704455,-12.42405614675548,0.4443992792005329,,0.3900951591494745,2
30,0.3,0.1,0.55,0.3,20,25,20000,26718.01967829855,6718.019678298551,33.59009839149276,4.978881532559876,0.2613253174452861,0.1543444305637124,-27.51455251264369,0.1809544796438882,15.76547787482271,73,55,18,75.34246575342466,558.2886894805324,-1318.0699023961513,1123.0065560082037,-2765.93246692023,1.2942273423017296,8.205479452054794,22,71,30.985915492957744,11.093498490071685,-15.281085647486126,0.5117039083206971,,0.887495008423162,94
45,0.22,0.12,0.6,0.9,18,25,20000,26731.517837637835,6731.517837637835,33.65758918818918,4.987777876288901,0.2607590716752111,0.1685075412389125,-27.02576419969449,0.1845564047489649,15.865456432053652,39,30,9,76.92307692307693,658.140990369164,-1420.8679859374529,966.728495581986,-5648.152542983092,1.5439881276395504,16.41025641025641,25,71,35.2112676056338,12.96972207361742,-17.255463739115516,0.4916082681444088,,0.2607590716752111,1
45,0.18,0.16,0.4,0.3,24,10,20000,27483.20094746645,7483.200947466448,37.41600473733224,5.477393735054248,0.2601245901036841,0.2687370970381122,-45.11903532296039,0.1213987332806932,24.91202823098902,178,145,33,81.46067415730337,491.08406570722434,-1849.3321766863903,951.4134652598768,-4387.149472286726,1.1667961274070304,11.651685393258427,46,71,64.7887323943662,13.039817332753966,-16.572017294814458,0.7303742929573326,,0.2601245901036841,1
35,0.26,0.1,0.55,0.9,22,25,20000,26564.916988651577,6564.916988651577,32.82458494325789,4.877712160016001,0.2584261480530497,0.1577703316168177,-25.56112906980003,0.1908253796886821,15.22939807481712,52,40,12,76.92307692307693,536.8281698242342,-1226.534150359809,966.7835347448432,-5269.6382024975865,1.4589298082099968,10.711538461538462,23,71,32.3943661971831,11.407484528407297,-14.691911763671015,0.4710002942096794,,0.836696012841384,233
45,0.22,0.16,0.55,0.7,20,25,20000,26977.53577064245,6977.535770642455,34.88767885321227,5.149271528164556,0.2576429376289393,0.1659958037702651,-29.130491821438177,0.1767656914180564,18.278797197960525,48,40,8,83.33333333333334,555.7432993099554,-1853.062025219472,1101.5693587432131,-6199.306842903869,1.4995269768267323,15.333333333333334,25,71,35.2112676056338,16.94474329911142,-18.266276476719057,0.5344378637762746,,0.452305085713812,2
45,0.16,0.1,0.55,0.5,20,15,20000,27230.339028065297,7230.339028065297,36.15169514032648,5.313947471885294,0.254403146497544,0.2473101484847152,-39.89450786005933,0.1331999755586756,23.17555593227477,179,156,23,87.15083798882681,292.9470423259192,-1615.49563368601,693.5364325989543,-3992.029695571678,1.229929140762723,14.262569832402235,42,71,59.15492957746479,12.16437165700748,-16.974897249136113,0.6577805972885908,,0.3690265898644545,7
45,0.18,0.14,0.5,0.9,24,25,20000,26541.4196918702,6541.4196918702,32.707098459351,4.862142355644017,0.2537998650217522,0.1595085171883861,-25.0258324357066,0.1942849400968082,15.776746027720897,57,45,12,78.94736842105263,401.755329090542,-910.0058431003512,946.524532284868,-4937.147329851025,1.6555745169247156,13.24561403508772,23,71,32.3943661971831,13.61190126791505,-14.284596663906049,0.468277715093384,,0.3583055981818827,2
30,0.3,0.1,0.5,0.9,24,25,20000,26371.60700497841,6371.60700497841,31.85803502489205,4.749278592010442,0.253239679902688,0.1587873897977598,-22.220472572640464,0.213734364851363,14.755924423253289,92,60,32,65.21739130434783,548.5119866232782,-817.7691310130679,1257.5257480223636,-3207.265795502984,1.2576409843748575,5.75,21,71,29.577464788732392,9.870718086776842,-10.236691652141891,0.4520233166214227,,0.8739875916811646,301
40,0.27,0.11,0.6000000000000001,0.30000000000000004,13,10,20000,26743.786356088225,6743.786356088225,33.718931780441125,4.99586054779575,0.25296870892553724,0.24966173735820194,-39.7176631808262,0.12578435254487766,17.458655693660305,163,134,29,82.20858895705521,312.39872770109105,-1197.820887141767,888.635213118918,-2857.8638345237964,1.2051030207211704,16.30674846625767,39,71,54.929577464788736,9.903621330111157,-12.043106445125872,0.5649326879652828,,0.25296870892553724,1
30,0.24,0.16,0.6,0.9,24,25,20000,26570.965336465368,6570.965336465368,32.85482668232684,4.881718067966934,0.2472169613385749,0.1551789090613436,-25.68933091583636,0.1900290079161838,17.311706057031646,97,65,32,67.0103092783505,568.4150090141169,-916.7909452953828,1328.599148405068,-3302.7315606252982,1.2593852426061256,5.938144329896907,21,71,29.577464788732392,11.82738773961567,-14.458715416550882,0.48964766851762,,0.8811939881311177,220
30,0.3,0.14,0.6,0.5,24,25,20000,26479.560239159917,6479.560239159913,32.397801195799566,4.821098056673123,0.2449969834487655,0.1510338059451329,-26.980985520767348,0.1786850244207095,17.05832338097538,91,57,34,62.63736263736264,631.6246345262169,-853.4130567304253,1490.19205380349,-3037.3530744245327,1.2407826599758167,6.032967032967033,21,71,29.577464788732392,11.359536193105455,-13.615152003670694,0.4879885394876842,,0.8186153199764469,92
30,0.22,0.14,0.6,0.7,20,25,20000,26615.99540144871,6615.995401448708,33.07997700724354,4.911518296261486,0.2442469481040877,0.1513288012278929,-31.175366980185693,0.1575448429968163,18.61939366555238,71,55,16,77.46478873239437,590.4034418364878,-1570.755868722384,1277.23582885475,-6659.5459310953,1.2920606389099052,9.140845070422536,22,71,30.985915492957744,10.61679730571119,-18.11950078648281,0.5079132735490848,,0.82223506002007,114
35,0.3,0.1,0.6,0.7,20,25,20000,26379.465916265493,6379.465916265493,31.897329581327465,4.754515242542112,0.2420005780490164,0.1525563948223829,-27.075761480323276,0.1756004257164606,16.83388246311872,44,36,8,81.81818181818183,611.2223108702026,-1936.492159382727,1148.9703432646943,-5697.0988274243655,1.4203519418290114,13.5,24,71,33.80281690140845,12.154960984070762,-15.452030662268267,0.4710675791782105,,0.8852235423657483,384
30,0.3,0.08,0.6,0.7,24,25,20000,25810.04650328352,5810.046503283516,29.050232516417584,4.371686236515626,0.2413138469005075,0.1423858031789065,-19.478783509125986,0.2244332267704219,12.972087266973691,90,61,29,67.77777777777779,452.34774481777896,-741.6850320896909,1150.195000681157,-2307.2007149297788,1.2828762112756105,5.9,20,71,28.169014084507044,8.63282233420859,-8.25994191433409,0.4068764512424828,,0.9035824995366936,314
30,0.32,0.11,0.4,0.4,5,10,20000,26457.48376816466,6457.48376816466,32.2874188408233,4.806430799338535,0.23715644624641136,0.2433201140827118,-47.52244385134413,0.10114022785472951,26.846864387366598,233,202,31,86.69527896995707,397.58011335868093,-2348.4935203319023,1209.4391559037956,-4887.002530972787,1.103125598123355,10.07725321888412,43,71,60.56338028169014,14.973947081021821,-24.6548115764464,0.7924961560749871,,0.23715644624641136,1
40,0.28,0.08,0.4,0.5,18,25,20000,25647.85682813025,5647.856828130254,28.23928414065127,4.261358116402647,0.2332173849865821,0.1376864162531209,-17.29287090963581,0.2464228258379101,12.963223436707136,48,39,9,81.25,478.6967486216304,-1432.079596457049,816.7996731873795,-4296.911362577987,1.4484897225631357,10.166666666666666,24,71,33.80281690140845,9.02451365346282,-14.588671896605554,0.4052842541141796,,0.4707474626183653,2
30,0.26,0.1,0.55,0.9,24,25,20000,25904.453323223028,5904.453323223028,29.52226661611514,4.435640256752005,0.2330056139413835,0.1379467694509923,-23.03145422476768,0.192590542197808,14.778493498248633,91,61,30,67.03296703296702,498.24375933748206,-802.6305332121086,1018.820969379312,-2820.3221694561244,1.2622191681791977,5.703296703296704,22,71,30.985915492957744,8.9210907511867,-12.534880660329396,0.4266116192904992,,0.8659854303771952,199
30,0.28,0.08,0.5,0.5,24,25,20000,25654.024968511272,5654.024968511272,28.27012484255636,4.265564546710432,0.2326818906354124,0.1365196971347697,-18.33258687770086,0.2326766306995616,13.067342678685426,95,64,31,67.36842105263158,443.1858158042385,-723.09894332129,1056.3757850657826,-2747.092949873692,1.26533757701763,5.684210526315789,22,71,30.985915492957744,8.4627623464693,-9.763760013644283,0.3980485254784425,,0.8909940152900597,189
35,0.3,0.12,0.55,0.9,20,25,20000,26175.275622779187,6175.275622779187,30.87637811389593,4.618033153983658,0.2306776236353905,0.1494176640414984,-28.307568765654597,0.1631377527407684,17.918086393561726,43,33,10,76.74418604651163,745.8555227109657,-1826.5056626682608,1186.0384699879778,-6039.268722386446,1.3475584966709326,13.395348837209305,24,71,33.80281690140845,13.165442437496178,-17.07029207894194,0.479843673318566,,0.86034814090239,374
45,0.22,0.16,0.45,0.7,24,25,20000,26083.288513516232,6083.288513516232,30.41644256758116,4.556258709336025,0.2299789857451594,0.1463242931738634,-27.96831746746069,0.1629078586739061,17.08505004948422,56,43,13,76.78571428571429,474.31300767153147,-1063.936216643048,927.8238080364534,-5811.850165222378,1.4746010732332169,12.25,22,71,30.985915492957744,15.76280558050154,-17.38380519677668,0.4696157447732537,,0.2299789857451594,1
35,0.18,0.08,0.45,0.7,18,15,20000,26121.67235389958,6121.672353899579,30.6083617694979,4.582057594631905,0.2250688324067813,0.2189747008865789,-40.50101641540459,0.1131343852617268,24.19973013398985,194,161,33,82.9896907216495,319.3533218337557,-1336.5852261010627,659.1013567528473,-3883.636209511324,1.1656997886757747,9.84020618556701,40,71,56.33802816901409,12.856456716946884,-20.207581748504783,0.6339704838263179,,0.538073868499769,7
45,0.22,0.12,0.55,0.7,22,25,20000,25721.404155611595,5721.404155611595,28.60702077805798,4.311459784260596,0.2233587895200356,0.1381793866944699,-25.10773205739682,0.1717184082737742,15.09579670136685,39,30,9,76.92307692307693,609.525073272682,-1369.3164491743164,1017.1530669810116,-5153.614198179184,1.4837696906857416,14.076923076923077,22,71,30.985915492957744,13.0423945090266,-15.039907358457782,0.4257221266122971,,0.4351630116593601,2
30,0.3,0.1,0.45,0.5,24,25,20000,25660.822950482583,5660.822950482583,28.30411475241292,4.270199529442853,0.2216041185933941,0.13474486450595,-22.262777885205768,0.1918089266066171,14.89259038644347,97,64,33,65.97938144329896,512.2524183841366,-811.007025033396,1066.7578706380357,-3207.265795502984,1.2249699509238827,5.515463917525773,22,71,30.985915492957744,9.46223475878718,-10.841660316511504,0.416304702361386,,0.7481069416127569,42
30,0.1,0.09,0.30000000000000004,0.8,7,15,20000,25399.99411885793,5399.994118857929,26.999970594289646,4.091624690856133,0.2175237105308062,0.19052592904790713,-33.18740424113608,0.12328848201344195,13.361644127484077,142,133,9,93.66197183098592,148.12777330579374,-1308.488858979179,918.4070647984404,-3376.585952335594,1.672921631398388,8.549295774647888,44,71,61.97183098591549,5.4146684893896735,-13.22569670858943,0.3781180997919003,,0.2175237105308062,1
30,0.26,0.16,0.6,0.5,24,25,20000,25763.281124635425,5763.281124635425,28.81640562317713,4.339933829414333,0.216811383900443,0.1343946435912493,-28.45902851374053,0.1524976099348906,17.559503004474006,97,64,33,65.97938144329896,574.1261739953057,-914.4270912443708,1328.599148405068,-3302.7315606252982,1.21765511209725,6.020618556701031,21,71,29.577464788732392,12.446420029773808,-14.458715416550882,0.4610974471068128,,0.8828900486701828,254
30,0.32,0.13,0.7,0.30000000000000004,9,20,20000,25714.00738888097,5714.007388880971,28.570036944404855,4.306426379503314,0.21648814858705487,0.17382825161088317,-44.406032290923456,0.09697840940370489,17.02623687836558,94,71,23,75.53191489361703,537.9481827686069,-1398.3962429430496,1430.984896579498,-4700.798365489408,1.1875193883961932,14.77659574468085,31,71,43.66197183098591,11.456293927288176,-12.529864427767246,0.48284700262097996,,0.21648814858705487,1
45,0.28,0.1,0.6,0.5,22,25,20000,25403.39012941206,5403.390129412059,27.01695064706029,4.09395953367877,0.2162403586229426,0.1344425158055677,-24.2090617620044,0.1691085583541346,13.666498607489991,45,33,12,73.33333333333333,604.0436514933313,-1200.2208641556592,1176.5138826498414,-4082.21654235184,1.3840119691430617,15.666666666666666,23,71,32.3943661971831,9.885004588976807,-13.861690352586464,0.4003788391347529,,0.4269752811239307,2
35,0.27,0.12000000000000001,0.30000000000000004,0.4,9,10,20000,25789.307671103725,5789.307671103725,28.946538355518626,4.357611052767796,0.21440337340432658,0.23016287341863761,-54.92342070922904,0.07933976064305051,22.611490568584056,221,196,25,88.68778280542986,288.42268470514495,-1976.7255412441893,816.656219016213,-5916.368852176125,1.1439290892478033,10.113122171945701,39,71,54.929577464788736,16.741054662676124,-15.715191754684543,0.6312031068169993,,0.21440337340432658,1
30,0.14,0.11,0.8,0.1,7,20,20000,24363.774220547726,4363.774220547726,21.81887110273863,3.366752788535532,0.21436966781572794,0.14921837833179316,-29.334228985522305,0.11477215883864438,7.418665633715138,84,66,18,78.57142857142857,256.130968400599,-654.320538549548,1782.5551326622617,-1921.6220990611155,1.435300940143748,15.202380952380953,40,71,56.33802816901409,7.9509732829215585,-8.284782230059962,0.3086042867762418,,-0.13069497122194823,7
35,0.13,0.12000000000000001,0.7,0.1,5,20,20000,23917.51042724174,3917.510427241741,19.587552136208704,3.046647130177127,0.21300363472494463,0.1425471460713077,-15.193717023666073,0.20052019696244186,5.395419894310454,49,42,7,85.71428571428571,238.02908634945476,-772.7015999193374,1017.1202547197914,-1271.7496429450293,1.8482872537675814,16.836734693877553,30,71,42.25352112676056,5.318681299134842,-5.069108171512527,0.2678163683920778,,0.6714622425581463,5
35,0.30000000000000004,0.13,0.9,0.2,11,10,20000,25670.776158109828,5670.7761581098275,28.353880790549134,4.276983957041347,0.21192933961198643,0.2127234458242239,-37.993164563704354,0.11257245891876133,18.508050299006566,145,97,48,66.89655172413794,446.19424310624396,-786.9749845222251,1221.629774353961,-2103.108521739838,1.1457596713292606,20.131034482758622,40,71,56.33802816901409,9.621143711139846,-15.807302240650989,0.465596961692578,,0.21192933961198643,1
35,0.24,0.08,0.6,0.7,18,15,20000,25507.29999021832,5507.299990218322,27.53649995109161,4.1652749202570005,0.2113969926716978,0.2065890356124823,-47.23228989860323,0.0881870205573111,25.790381462978058,195,148,47,75.8974358974359,400.8577142694967,-1130.6881217376033,1084.8656280545058,-4680.423957558407,1.1163780102617598,12.953846153846154,42,71,59.15492957746479,11.02508142099834,-19.536338702536472,0.6300240352227211,,0.664783671664085,10
45,0.26,0.1,0.5,0.3,20,25,20000,25125.43508864615,5125.435088646151,25.627175443230755,3.901993185562991,0.2077150592647496,0.129304883976467,-23.0127961682715,0.1695575434219852,12.772995103225476,51,42,9,82.35294117647058,443.3779188493573,-1483.2819447807626,877.8242632952583,-3160.327590179756,1.3949451497814584,13.372549019607844,24,71,33.80281690140845,15.001961272497022,-10.792538542879836,0.3915997904049804,,0.5228576100542649,3
30,0.22,0.16,0.6,0.9,22,25,20000,25434.059806241505,5434.059806241505,27.170299031207524,4.115033951499014,0.2040331407556878,0.1287867282774722,-28.39122101384105,0.1449403655268256,17.728264481052918,91,62,29,68.13186813186813,558.6655576602046,-966.3036127134886,1325.0686260318787,-6138.76756414379,1.236038464416367,6.824175824175824,21,71,29.577464788732392,10.287017979733658,-14.929632394270964,0.4217296554454365,,0.7947433139506807,86
30,0.31,0.13,0.9,0.7000000000000001,17,15,20000,25423.87503154564,5423.875031545638,27.119375157728193,4.108037913364626,0.20219558451792283,0.20539479021344614,-47.67124714653879,0.0861743327321969,19.599403272131532,176,120,56,68.18181818181817,469.3846977402016,-896.6890838799733,1477.786859368926,-3419.2947162659543,1.1217091524614424,12.892045454545455,40,71,56.33802816901409,10.237797772945335,-13.215484383516586,0.517649042026653,,0.20219558451792283,1
30,0.28,0.15,0.8,0.4,9,10,20000,24538.77883632936,4538.7788363293585,22.693894181646794,3.4909529281273333,0.1970848847698487,0.20584956336915358,-49.58883158877436,0.07039796696717483,28.984388215513295,221,165,56,74.6606334841629,404.7712747376925,-1104.7430956152932,1329.148143962533,-5028.835167518826,1.0795538379141978,16.809954751131222,40,71,56.33802816901409,15.270137692399665,-29.251234905454005,0.7061084932098053,,0.1970848847698487,1
45,0.3,0.14,0.6,0.3,20,25,20000,24979.82775664888,4979.827756648876,24.89913878324438,3.800724802551581,0.1898984161997797,0.1223567846103916,-28.411815475343705,0.1337726836164313,15.533172600190095,43,31,12,72.09302325581395,745.565644195569,-1497.3006011178084,1213.315292682618,-2659.848703735365,1.286344625388293,15.16279069767442,23,71,32.3943661971831,10.572031267415928,-12.060005397451636,0.4074366573907004,,0.1898984161997797,1
35,0.26,0.1,0.6000000000000001,0.30000000000000004,9,10,20000,25044.443251028813,5044.443251028813,25.222216255144065,3.845724672166262,0.1897839713447893,0.18338747349192672,-38.77505431403893,0.0991803813095853,17.822527597379008,156,130,26,83.33333333333334,327.24722064647875,-1436.1551885399006,867.965315285979,-2876.492611141855,1.139317057299295,14.762820512820513,41,71,57.74647887323944,9.572814251758066,-16.576197145998115,0.46335139504779455,,0.1897839713447893,1
40,0.29000000000000004,0.14,0.7,0.30000000000000004,5,10,20000,24973.111439572167,4973.111439572167,24.865557197860834,3.796041832938779,0.1880693098082277,0.19928563582594974,-46.01745387699938,0.08249134867577128,20.79885441921675,162,125,37,77.1604938271605,432.29623087593166,-1320.7027076365089,1183.5364393470304,-4348.67679449099,1.1058205839975237,21.12962962962963,39,71,54.929577464788736,11.577795265956503,-13.103062843222101,0.4988550194319585,,0.1880693098082277,1
35,0.22,0.08,0.45,0.7,20,25,20000,24780.10908398267,4780.109083982668,23.900545419913342,3.661020509392121,0.1860147632552814,0.1075574798774058,-21.82508160137874,0.1677437260606093,13.63196331033194,53,44,9,83.01886792452831,440.9663604275123,-1602.1789749808663,769.8857920758416,-4449.89736500872,1.3455647424742814,9.18867924528302,23,71,32.3943661971831,10.504091366526747,-13.099091705833022,0.3610282021077989,,0.4965764941317899,7
30,0.26,0.14,0.7,0.5,5,10,20000,23724.68612302231,3724.686123022311,18.623430615111555,2.9067940737719677,0.1858378204106436,0.19207077759885924,-56.245973835026454,0.051680038153447336,30.95745576316708,221,187,34,84.61538461538461,450.3487865857721,-2332.8810052044805,1769.3600097317928,-5045.709776506619,1.0617422494743323,15.0,42,71,59.154929577464785,15.545438793352439,-25.982923097596323,0.7651533100420411,,0.1858378204106436,1
40,0.16,0.14,0.4,0.9,20,15,20000,24321.683582510203,4321.6835825102025,21.60841791255101,3.336770495565955,0.1839579777646263,0.1798353377907572,-48.97622649745183,0.0681304121243306,26.985726193196697,143,123,20,86.01398601398601,411.0661679759725,-2198.8077539267224,833.458316903742,-6555.187602816837,1.1497398663150618,11.76923076923077,39,71,54.929577464788736,11.787580711438371,-25.00283960057009,0.5364746331774864,,0.2961817525226722,2
45,0.16,0.08,0.55,0.9,20,25,20000,24607.040416064247,4607.040416064247,23.03520208032123,3.539198141796085,0.1825772008317275,0.105610586689111,-25.56766139520925,0.1384247893105798,12.249009103139043,49,41,8,83.6734693877551,297.9626860639605,-927.9412140697624,609.7267200751209,-5240.11484899763,1.6456417097592062,14.10204081632653,28,71,39.436619718309856,10.113026801252031,-18.53098070471878,0.3452014666611039,,0.1725995619024945,2
45,0.18,0.16,0.4,0.9,18,25,20000,24778.58595476839,4778.58595476839,23.89292977384195,3.659951477330337,0.1795967398121728,0.1073512905045843,-30.540683535190112,0.1198385580700315,17.441994823863816,44,37,7,84.0909090909091,475.64823261595126,-1726.7426645745495,790.084388172892,-6123.118161308026,1.4560019334046754,12.318181818181818,25,71,35.2112676056338,10.6798840657635,-28.54957366805183,0.4168689891826778,,0.1795967398121728,1
30,0.31,0.15,0.4,0.30000000000000004,11,20,20000,24667.866162347604,4667.866162347604,23.33933081173802,3.5820941822502395,0.17638726578353175,0.13908388324499252,-38.03920726756045,0.09416847614763577,18.455661913763187,142,118,24,83.09859154929578,332.9661785244832,-1420.8142876475601,888.9857543091781,-5405.315005624902,1.1522151243208751,9.028169014084508,32,71,45.07042253521127,12.203160802541625,-16.179253613030966,0.45902187070307776,,0.17638726578353175,1
45,0.18,0.1,0.4,0.3,20,25,20000,24416.654499777436,4416.654499777433,22.08327249888716,3.404359795009304,0.1734999662594203,0.0990947622970596,-25.82364492670669,0.1318311107774151,11.920252738674767,56,49,7,87.5,353.5306908894888,-1801.049907686785,637.0824107318807,-2558.5232131894327,1.374040122744223,9.803571428571429,26,71,36.61971830985916,12.601463333426842,-11.11384060813192,0.340789075606615,,0.3840489418127747,4
30,0.17,0.09,0.8,0.2,15,10,20000,24556.248646370674,4556.248646370674,22.781243231853367,3.503310683993588,0.1732751916371249,0.1461557655076635,-32.60245031850522,0.10745544122507569,14.509520319286892,201,152,49,75.62189054726367,211.83463317762562,-547.7111025332671,646.2205461159649,-2109.8443053253054,1.1997559943357925,12.567164179104477,42,71,59.154929577464785,7.341604542451763,-14.88232263299184,0.37815532201271135,,0.1732751916371249,1
40,0.31,0.15,0.9,0.30000000000000004,9,10,20000,24411.652502994537,4411.652502994537,22.058262514972686,3.4008054160222123,0.17044866601317585,0.17045041918882994,-41.9881574698851,0.08099439510917691,20.803887374555348,165,121,44,73.33333333333333,357.8680279360731,-901.9207061110126,1155.1516401166894,-3808.89718402841,1.0911569832648558,26.55757575757576,43,71,60.56338028169014,14.564313303450493,-23.85854896105053,0.49584684701706405,,0.39721738980179994,3
30,0.3,0.08,0.5,0.7,24,25,20000,24424.866417100344,4424.866417100344,22.12433208550172,3.410193804052009,0.1692867478635502,0.0976179594764251,-20.460685124071027,0.1666705578710107,13.212480034108133,92,59,33,64.13043478260869,469.3319046519971,-696.7489684050776,1056.3757850657826,-2747.092949873692,1.2043197691743297,5.673913043478261,22,71,30.985915492957744,9.20129206586675,-8.25994191433409,0.3331490050196067,,0.8900463752362628,316
45,0.18,0.12,0.55,0.3,20,25,20000,24413.389809212567,4413.389809212567,22.06694904606284,3.402040000646722,0.169242937423137,0.0990800360032164,-26.768636677720707,0.127090521702893,13.080050075228227,48,40,8,83.33333333333334,440.9993797948064,-1604.5731728224628,736.7529560913167,-2553.969603612641,1.374195291508842,12.958333333333334,27,71,38.0281690140845,13.617223056784963,-11.7695435423826,0.3478374190341596,,0.1011736180785257,3
35,0.2,0.12,0.4,0.9,18,25,20000,24376.164930988823,4376.164930988824,21.88082465494412,3.3755708117058747,0.1633666346764424,0.0980381027016343,-25.98847258162823,0.1298872336996108,16.397295092505242,55,45,10,81.81818181818183,499.3863028433837,-1762.1718696963435,832.9414341720719,-5394.688164653835,1.275266278755471,9.472727272727273,23,71,32.3943661971831,12.16759546304953,-15.981567235675875,0.3668907072676238,,0.447794736198445,2
45,0.18,0.08,0.6,0.7,22,25,20000,24221.268877338163,4221.268877338163,21.106344386690814,3.265067628506846,0.1626219229732615,0.0924493415492818,-21.16138399759067,0.1542936713817295,11.78403015802697,45,38,7,84.44444444444444,347.29308180796846,-1260.166890194942,635.7833214421338,-4314.701275096588,1.4960758895606354,13.822222222222225,25,71,35.2112676056338,10.819056762823266,-13.487299103600504,0.3153794059160106,,0.2528573830944607,4
45,0.28,0.16,0.4,0.9,22,25,20000,24323.25272049906,4323.252720499058,21.61626360249529,3.337889009340489,0.1621249359371184,0.1044360910211169,-30.07082585681624,0.1110009091613917,18.038104417647325,48,38,10,79.16666666666666,564.8025199719401,-1687.4043038434645,891.2753167763168,-6209.84280654377,1.2719237298404291,11.708333333333334,22,71,30.985915492957744,13.511793823310803,-18.59354961375046,0.3746805577398808,,0.1621249359371184,1
35,0.16,0.12,0.55,0.7,22,15,20000,23486.60772249228,3486.607722492281,17.433038612461406,2.732807781252178,0.1582890192290528,0.1508528431140675,-43.69271146930039,0.0625460789535187,25.87370736024633,238,184,54,77.31092436974791,338.4700877868719,-1039.3868227831906,918.3554678523336,-4685.795946715946,1.1096017950493056,10.857142857142858,42,71,59.15492957746479,14.046289199965688,-22.496758682871388,0.524428269789131,,0.4630629798650773,6
30,0.2,0.14,0.6,0.7,24,25,20000,24055.898716997548,4055.898716997548,20.27949358498774,3.1464411788855173,0.1492948786001445,0.0898149592501735,-23.600273859194456,0.1333222316680741,15.743726220101925,100,65,35,65.0,459.0164347334221,-702.2934154478529,1129.7051517311618,-2921.0791322774016,1.2138218504195168,5.93,21,71,29.577464788732392,9.99047879238053,-12.44966419704111,0.3273237220508146,,0.6537617192800876,16
30,0.18,0.08,0.55,0.3,22,15,20000,23452.193088495533,3452.1930884955327,17.260965442477662,2.707536481275863,0.1466130450116685,0.1337399767937233,-43.37830075896502,0.0624168405378648,23.09224670180521,306,212,94,69.28104575163398,287.54289202600586,-592.6627661810396,821.8685287201585,-2733.135516619448,1.0942158467377725,6.480392156862745,39,71,54.929577464788736,10.714183596292548,-18.39280949988281,0.4492832437842143,,0.4771232498186942,3
35,0.31,0.12000000000000001,0.4,0.8,7,20,20000,23830.578918435564,3830.5789184355635,19.15289459217782,2.9837133938088733,0.1373668455081348,0.10810444182932682,-31.000934572906193,0.0962459175800636,14.676917381886515,85,74,11,87.05882352941177,252.81882761224492,-1333.519484079149,526.0924452842287,-4859.818127731442,1.275407839362303,12.305882352941177,30,71,42.25352112676056,6.6146376103985105,-13.03155131342807,0.3052424962570944,,0.1373668455081348,1
30,0.28,0.09,0.4,0.6,19,10,20000,23566.99642696395,3566.9964269639495,17.834982134819747,2.791718837635293,0.1351433199764434,0.12619634154821754,-42.45360830129088,0.06575928288174285,18.694484017924964,235,177,58,75.31914893617021,243.4542133212257,-666.1241263947089,712.3048677588093,-4188.786421895966,1.1153403244745421,8.046808510638298,38,71,53.52112676056338,12.497336624579303,-22.601569738195693,0.39167864838037986,,0.1351433199764434,1
35,0.26,0.09,0.8,0.6,5,15,20000,23581.856691584588,3581.8566915845877,17.90928345792294,2.802590529174598,0.1282097467323034,0.10459726473709215,-29.315621655673425,0.09560058326896216,15.86956441050707,65,55,10,84.61538461538461,361.393942257772,-1610.7610132592933,693.3337677570269,-3473.3660399827986,1.2339922968434673,21.446153846153845,34,71,47.88732394366197,15.847498798419535,-18.57464346282206,0.3490282114788282,,0.1282097467323034,1
40,0.24000000000000002,0.11,0.6000000000000001,0.9,23,10,20000,23592.873097904845,3592.873097904845,17.964365489524226,2.810646394743377,0.12722191614254322,0.11711066438531757,-23.86848027683442,0.11775556558878418,14.843008178787937,198,147,51,74.24242424242425,194.44854577925187,-481.74450307890214,652.3714335289957,-3344.4401592911067,1.1634161557677767,14.6010101010101,43,71,60.56338028169014,8.80809208562281,-12.897867233105343,0.3061792033559667,,0.12722191614254322,1
30,0.13,0.12000000000000001,0.7,0.2,5,15,20000,23565.33887860786,3565.3388786078613,17.826694393039304,2.7905058303253183,0.12476320396966639,0.10273121228129774,-33.89464159608469,0.08232881951015117,14.198464685156356,109,91,18,83.4862385321101,294.1148989976972,-1193.7231627879173,1024.9777827410212,-2695.3024762283276,1.2456105887455595,14.302752293577981,41,71,57.74647887323944,9.085538517659142,-10.617171702792117,0.30367446995956515,,0.45083779002912694,5
40,0.16,0.12,0.55,0.5,18,25,20000,23535.48589596688,3535.485895966878,17.67742947983439,2.768647011011538,0.1237511659632376,0.072745409484685,-21.041792344739317,0.1315784779951851,14.475318173820853,48,40,8,83.33333333333334,440.3153743991309,-1682.7786349997946,695.4278099057481,-4229.867057302798,1.308298564175628,11.708333333333334,24,71,33.80281690140845,10.542887326661775,-13.81840386134675,0.2919889123609397,,0.2359511856573409,5
40,0.18,0.12,0.4,0.7,22,25,20000,23492.39993583969,3492.3999358396904,17.461999679198453,2.73705808001683,0.1236608768065214,0.0721521619207589,-27.038998717283626,0.1012263105093189,15.534547026407653,59,48,11,81.35593220338984,366.4983876542957,-1236.511151960596,693.4020348234691,-5285.606677045179,1.2933694039448058,9.084745762711863,24,71,33.80281690140845,7.456423609622531,-15.995682466948512,0.2884510471623053,,0.4680430101862181,3
35,0.3,0.08,0.4,0.3,22,25,20000,23399.039765131267,3399.039765131267,16.995198825656335,2.668444305783124,0.1141774617443574,0.066560986737922,-25.61727106706283,0.1041658301072533,12.693199099285229,70,54,16,77.14285714285715,378.9255405632328,-1056.8462140802142,695.2999841232186,-2084.1631029865803,1.210084951209225,7.985714285714286,21,71,29.577464788732392,7.615940249179909,-12.456964837964591,0.2808123573216119,,0.1678907901688757,2
35,0.26,0.060000000000000005,0.6000000000000001,0.1,15,10,20000,23352.460925384486,3352.4609253844865,16.762304626922433,2.6341266000492025,0.11173548393550217,0.08862069761922843,-15.902557542750895,0.1656416958698544,9.363374238200334,136,105,31,77.20588235294117,220.57928028713616,-634.3365859035562,530.4021434974993,-1632.045679684614,1.177802739613832,12.272058823529411,39,71,54.929577464788736,7.019307954742704,-9.766588945018452,0.2665208868009527,,0.11173548393550217,1
30,0.28,0.1,0.6,0.3,22,25,20000,23262.42128334182,3262.4212833418205,16.312106416709103,2.567626642400489,0.111366304341075,0.0646826996591968,-28.95387126341209,0.0886799080869404,14.834817636449548,83,56,27,67.46987951807229,495.3299793393284,-895.2539836911303,1164.66850962004,-3242.9724700912807,1.1475526353131449,6.698795180722891,22,71,30.985915492957744,9.811148754560172,-13.142440743641991,0.2907147518864433,,0.8727965144565226,99
45,0.32,0.13,0.30000000000000004,0.8,19,10,20000,22745.722094932295,2745.7220949322946,13.728610474661473,2.1818160442439005,0.10915161380784986,0.11329767091613488,-37.70248963012007,0.05786928305394649,20.052834545333518,182,157,25,86.26373626373626,243.93097124368143,-1394.6536156130323,723.5546370935884,-5589.644638568229,1.0983992600463486,12.587912087912088,41,71,57.74647887323944,12.241095883941199,-19.82305476919677,0.3308247078771897,,0.10915161380784986,1
45,0.24,0.16,0.5,0.3,18,25,20000,22965.786659279707,2965.7866592797072,14.828933296398535,2.347017157718967,0.1008220226257396,0.0634640519796215,-29.815320752642133,0.0787184943335208,15.965170268886988,47,36,11,76.59574468085107,591.8233844611535,-1634.4050164838022,979.1727633273008,-3054.3001258558693,1.1850652142090818,12.5531914893617,22,71,30.985915492957744,16.1931702500685,-13.431398254996395,0.2995318505402026,,0.4000914946199266,3
30,0.12000000000000001,0.1,0.9,0.1,11,15,20000,23102.253121506896,3102.2531215068957,15.511265607534478,2.4488010669608817,0.09220518173393502,0.07129920105134985,-20.42751509383762,0.1198775796131764,9.363607303608502,137,103,34,75.18248175182481,205.92370600111974,-494.8467234296637,906.1450032006627,-1640.5547979027187,1.2606483342317143,15.89051094890511,43,71,60.56338028169014,7.137099225263888,-6.787908529074671,0.24100369486112894,,0.2167319295979875,3
40,0.18,0.16,0.6,0.9,18,25,20000,22647.323542581948,2647.3235425819475,13.236617712909736,2.1075181767547857,0.0865788889687114,0.0490847747378367,-29.89152049969847,0.0705055527963539,16.058293125070904,37,27,10,72.97297297297297,598.6581489909948,-1293.794648017492,863.8406660862987,-6349.636065103276,1.2493304132556844,13.945945945945946,23,71,32.3943661971831,10.759749574995611,-19.194256159279288,0.2567927127703954,,0.0865788889687114,1
40,0.3,0.08,0.45,0.9,20,25,20000,22655.777754069248,2655.777754069248,13.27888877034624,2.113912242554949,0.0814923919949775,0.0490191518653776,-26.88606167353057,0.0786248379633862,14.93100556898334,49,39,10,79.59183673469387,446.5836835972918,-1465.1785906225218,734.3368346933878,-5486.280937767719,1.1887126778787005,11.428571428571429,21,71,29.577464788732392,11.753525370058515,-15.894032233726795,0.2510256547857417,,0.5685866384869627,12
40,0.1,0.08,0.6000000000000001,0.2,15,10,20000,22936.051889082635,2936.051889082635,14.680259445413176,2.32477263152,0.07865329697559414,0.055491499132435486,-11.683040881776943,0.1989869465531145,8.633832551687203,129,110,19,85.27131782945736,138.86823363809438,-591.566544723778,810.3792221001161,-1758.9583176210183,1.359059249362975,16.031007751937985,40,71,56.33802816901409,3.5716655518132967,-9.281117200983257,0.2039246831698319,,0.07865329697559414,1
35,0.22,0.08,0.6,0.3,24,25,20000,22773.414501888907,2773.4145018889067,13.867072509444531,2.202677532747344,0.0737966389154975,0.0409046005125464,-22.52546195978,0.0977861202882454,11.453635096678608,56,39,17,69.64285714285714,425.9707003001069,-802.3084005773665,733.5909925282019,-2616.468381844143,1.2180190310674013,9.625,25,71,35.2112676056338,7.901878367095283,-10.42788777632616,0.2338174293444317,,0.0737966389154975,1
30,0.29000000000000004,0.14,0.9,0.1,15,20,20000,22703.06498111384,2703.064981113839,13.515324905569196,2.14963981616334,0.07308771144381515,0.058743460272248055,-33.56093703798585,0.06405184139317315,12.468797096544463,143,86,57,60.13986013986013,360.4975935162031,-489.1197905487668,1042.921254322194,-1554.405830335516,1.112015216673844,11.090909090909092,31,71,43.66197183098591,6.908260089194407,-15.281593281315475,0.2641242580537685,,0.07308771144381515,1
35,0.27,0.11,0.8,0.30000000000000004,11,10,20000,22148.204512994373,2148.2045129943726,10.741022564971864,1.726457514039037,0.07296929042614056,0.069410624046689,-38.45869839015359,0.04489121021529564,17.659767493532144,161,124,37,77.01863354037268,305.33271403932116,-957.911297390975,1040.666381370737,-3275.5190328106683,1.0682379533413107,19.32919254658385,40,71,56.33802816901409,11.058233695298147,-15.03061423109716,0.2899797807571299,,0.23891935053474694,2
30,0.12000000000000001,0.1,0.7,0.30000000000000004,7,10,20000,22082.484525036434,2082.484525036434,10.412422625182172,1.6757513970732107,0.06844186518432212,0.05986133621702492,-32.15205747328265,0.052119569594129625,17.30003579617377,170,147,23,86.47058823529412,224.87127923876292,-1267.4345010026852,902.3228317949756,-2920.9331650726836,1.1339605980134784,13.964705882352941,46,71,64.7887323943662,9.961802975738587,-11.607491611919551,0.2779099233388249,,0.06844186518432212,1
45,0.29000000000000004,0.13,0.7,0.7000000000000001,15,20,20000,22792.604676967265,2792.604676967265,13.963023384836323,2.2171216644185865,0.06782580142426171,0.05306313219067765,-26.61252384538646,0.083311213821719,9.457431889324694,49,39,10,79.59183673469387,286.7315577006317,-828.3326073357424,522.7687407425994,-2106.7742326259972,1.3500048955325137,21.408163265306122,32,71,45.07042253521127,7.6623354830969825,-7.517121253259573,0.2115579912332008,,0.06782580142426171,1
35,0.18,0.14,0.5,0.3,20,25,20000,22293.15229739682,2293.1522973968204,11.465761486984102,1.8378505420958868,0.0643833797507737,0.0364137669683404,-31.334551557556207,0.058652524154369,15.011185078414432,64,50,14,78.125,420.0530180208688,-1281.049900260475,748.4498359889619,-3040.128527993671,1.1710623838848893,9.578125,23,71,32.3943661971831,13.164471960013556,-13.972133085386352,0.2409373678333038,,0.0343127575939812,3
35,0.16,0.12,0.4,0.7,18,25,20000,22141.72319857847,2141.723198578471,10.708615992892357,1.721462439380561,0.0628786222571134,0.0360309279651018,-27.351369487682557,0.0629388023936354,16.024314888580463,71,61,10,85.91549295774648,312.10516322487183,-1610.7591758138765,627.2461759768789,-5581.134032514348,1.1819529103161897,8.690140845070422,23,71,32.3943661971831,11.151606173072448,-17.23466845238001,0.2248041732509638,,0.3169458320838637,2
30,0.12000000000000001,0.11,0.9,0.1,11,20,20000,22757.011729443846,2757.011729443846,13.78505864721923,2.1903234020794082,0.05819842655418191,0.04045416477204798,-19.023060949252603,0.1151404291834256,6.115811366639839,65,50,15,76.92307692307693,216.49299156476016,-478.8225232529414,906.1450032006627,-1623.243826818777,1.5071206348299828,17.584615384615386,35,71,49.29577464788733,6.636079425670016,-6.930376375258862,0.2010546074844498,,0.8663373855354113,6
45,0.24,0.14,0.4,0.3,22,25,20000,22143.872169905917,2143.8721699059133,10.719360849529568,1.723118761755038,0.051853327665517,0.0304602264730633,-26.730779770796254,0.0644619714250749,14.259504212240085,59,47,12,79.66101694915254,450.9304206246643,-1561.5964666211091,743.2023214696678,-2720.1535580335185,1.130986260021503,10.186440677966102,22,71,30.985915492957744,8.4214354304184,-11.91350321983994,0.2140897325180747,,0.051853327665517,1
45,0.22,0.14,0.5,0.3,24,25,20000,22162.488092588133,2162.488092588133,10.812440462940668,1.7374614118531362,0.0514727212916596,0.030974164068998,-26.841503864204235,0.0647304048477779,14.057195859941023,53,39,14,73.58490566037736,498.1663362129255,-1209.14278712257,865.8323721567508,-2720.1535580335185,1.1477131520196688,12.0188679245283,23,71,32.3943661971831,8.671541699624674,-11.954517761985084,0.2176264584936351,,-0.0168617758202039,2
30,0.12000000000000001,0.08,0.8,0.30000000000000004,11,15,20000,22349.452753092835,2349.4527530928353,11.747263765464176,1.8809552130557572,0.05140893382693556,0.04075464052358439,-23.925560499502556,0.07861697589466565,12.360654947338604,144,119,25,82.63888888888889,166.74637553268064,-663.1266374118501,902.3228317949756,-2240.6693353000223,1.1969248447527019,14.506944444444445,46,71,64.7887323943662,5.5040426066876424,-11.589916848496728,0.21577019938829228,,0.05140893382693556,1
30,0.26,0.07,0.30000000000000004,0.5,7,10,20000,21027.982356749322,1027.9823567493222,5.139911783746611,0.8444702115596447,0.049650572142986,0.04857880050754784,-47.64143674527471,0.017725540396163704,20.800473966146075,243,223,20,91.76954732510289,199.22143924063877,-2133.2032850009114,636.2610227872806,-3653.437081541617,1.0413067817548263,8.23045267489712,40,71,56.33802816901409,15.331121626411392,-16.1733651556489,0.2742932003383663,,0.049650572142986,1
35,0.22,0.08,0.4,0.3,24,25,20000,22306.952604943264,2306.9526049432643,11.53476302471632,1.84842468737072,0.044533226453287,0.0236248156368524,-23.710083517790792,0.0779594338410389,11.613157771758862,74,56,18,75.67567567567568,326.3065787582954,-873.5064336400712,611.8805552170164,-2778.098153939192,1.1621849407257938,6.945945945945946,22,71,30.985915492957744,7.528776675124127,-9.500694879815477,0.2051895837439896,,0.044533226453287,1
40,0.29000000000000004,0.12000000000000001,0.30000000000000004,0.4,15,10,20000,21204.602071583697,1204.6020715836967,6.0230103579184835,0.9860859450113502,0.043797936936018814,0.04593888146113372,-46.357193762798744,0.02127147622560958,19.197299401948253,207,179,28,86.47342995169082,225.50482837436266,-1371.3456435828266,672.7784943277993,-3285.1580089578924,1.0512449283430763,10.801932367149758,40,71,56.33802816901409,16.64427173587275,-18.999375850803023,0.2718299476192236,,0.043797936936018814,1
30,0.16,0.09,0.5,0.8,7,20,20000,22238.92564402971,2238.9256440297104,11.194628220148552,1.7962478762228118,0.038065236102388225,0.025577847079331622,-26.219718356855154,0.06850751986636737,11.448499022670003,76,68,8,89.47368421052632,145.85926593865204,-921.2630549748249,329.4465361003614,-3547.5157421521326,1.3457652011372825,9.894736842105264,33,71,46.478873239436616,3.698824213776186,-6.909600738722299,0.1703303736432111,,0.038065236102388225,1
40,0.31,0.1,0.30000000000000004,0.2,7,10,20000,21807.967729226915,1807.9677292269153,9.039838646134577,1.4625810166982278,0.03767069974293258,0.03524638367956853,-27.767521905154013,0.05267236383909195,14.782765794052777,176,148,28,84.0909090909091,225.59330830731935,-1107.9336392948742,574.7910789658332,-2533.4211998129995,1.0762573950191114,10.482954545454545,34,71,47.88732394366197,10.341898690125916,-14.004068864245777,0.19376791900357326,,0.20889137642054342,2
35,0.11,0.060000000000000005,0.5,0.9,7,10,20000,21468.223210201966,1468.2232102019661,7.3411160510098314,1.1956451403130286,0.03548646487131075,0.025400602515216766,-33.01100190748402,0.03621959562644963,16.53774089015885,159,148,11,93.08176100628931,113.7558480338796,-1328.1437490450442,493.3559270808573,-6789.499491829035,1.1523852212478318,12.735849056603774,43,71,60.56338028169014,5.086744575729885,-19.41529697643839,0.18947087887403263,,0.03548646487131075,1
45,0.3,0.1,0.45,0.3,24,25,20000,21996.43519281482,1996.4351928148208,9.982175964074104,1.609170004782734,0.0304990942018617,0.0184261934176176,-23.417906392788385,0.0687153658312633,12.455333225019324,59,47,12,79.66101694915254,370.676991580144,-1275.1569509543376,669.0417753990788,-2451.463418985902,1.1385408015348055,10.76271186440678,22,71,30.985915492957744,7.577834163144836,-9.560532649610964,0.1893150950021215,,0.4581984156956306,3
35,0.31,0.08,0.30000000000000004,0.2,15,10,20000,21627.579403630116,1627.5794036301158,8.137897018150579,1.3212851153011185,0.030259554020719164,0.026916411634809276,-28.217655911695722,0.046824765297158115,15.014832127699643,168,141,27,83.92857142857143,214.47718605786662,-1041.0853270566377,574.7910789658332,-2517.894488744069,1.0758460407445045,9.56547619047619,31,71,43.66197183098591,8.52518686150705,-14.124019459912097,0.1940478119124546,,0.030259554020719164,1
35,0.27,0.12000000000000001,0.2,0.8,15,20,20000,22059.072572201396,2059.072572201396,10.295362861006979,1.6576576139154087,0.024601208622079443,0.019168636675599135,-25.668615456791954,0.06457915958520427,11.252904033108516,107,95,12,88.78504672897196,164.5974296864179,-1104.8236040006948,469.40057174462737,-1923.4184547179177,1.1794307980920504,7.242990654205608,30,71,42.25352112676056,5.299624759855104,-8.97367997929578,0.17453111060750576,,0.024601208622079443,1
40,0.16,0.14,0.4,0.3,24,25,20000,21801.321677535783,1801.3216775357832,9.006608387678916,1.4573925371032637,0.0241125405135301,0.0126647071863683,-24.44672494332559,0.0596150421163534,13.063073868094854,52,40,12,76.92307692307693,422.5169219987218,-1187.4296002010915,684.5708112043889,-3330.67789593035,1.186082728405312,8.826923076923077,20,71,28.169014084507044,9.506753292720038,-12.040227023944162,0.1750824783367238,,0.2006585108923792,2
30,0.2,0.08,0.45,0.3,20,25,20000,21798.338611446383,1798.3386114463829,8.991693057231915,1.4550632711127776,0.0198540094712963,0.0104658890818244,-27.58770164985403,0.0527431856984895,12.57895909728211,80,60,20,75.0,328.1219976304498,-879.5640623190262,665.0951855862288,-2462.9708234576747,1.1191521289489776,6.7,22,71,30.985915492957744,8.427855874413282,-12.458017953938294,0.183740763860851,,0.4487271188336804,4
45,0.3,0.14,0.5,0.3,24,25,20000,21377.386409996387,1377.3864099963866,6.886932049981934,1.1236796798562263,0.0173304263527034,0.0107839900817633,-28.01909661922411,0.0401040652782952,15.03371593495359,52,39,13,75.0,585.8348446683857,-1637.5517332362028,999.3192077887342,-2836.1701712653494,1.0732513045752137,12.346153846153848,22,71,30.985915492957744,9.393344887227318,-12.074169367473232,0.1761263517494432,,0.3352404410961238,2
35,0.31,0.11,0.6000000000000001,0.5,11,10,20000,20123.032944389466,123.03294438946614,0.6151647219473307,0.10294685380944912,0.01422960677834042,0.013532533822364952,-42.07632941160683,0.002446669071400773,20.784810542800507,152,121,31,79.60526315789474,310.86078378905216,-1205.0338345648977,938.9238280246823,-4835.380625677066,1.0069093486800826,16.86842105263158,42,71,59.154929577464785,13.807794108378225,-18.830359313380775,0.2422238896059135,,0.01422960677834042,1
45,0.29000000000000004,0.05,0.6000000000000001,0.4,9,10,20000,22025.400477374704,2025.4004773747038,10.127002386873517,1.6316063010043846,0.011812224274162814,0.007870604241550538,-20.450459068198658,0.07978335819079986,9.933509051611695,52,44,8,84.61538461538461,253.70199732671247,-1127.5609256250862,562.2478029403106,-2764.7757314721407,1.2375038488704033,19.096153846153847,24,71,33.80281690140845,6.679793110732435,-9.87201290016766,0.12830416948665171,,0.011812224274162814,1
40,0.16,0.1,0.6,0.3,22,25,20000,21808.415119120727,1808.4151191207277,9.042075595603636,1.462930240455207,0.0105267508492025,0.0057029086492696,-27.197105673098488,0.053789923752888,11.467874883442224,57,44,13,77.19298245614034,346.85373433995426,-1009.0576301413294,594.4740623075728,-2142.798134270753,1.1634285796876438,11.333333333333334,26,71,36.61971830985916,6.0812600378581605,-11.018036424707534,0.1716765198672328,,0.2412186015455577,4
40,0.16,0.12,0.5,0.9,18,25,20000,21062.93960251117,1062.9396025111746,5.314698012555873,0.8725777024144454,0.0102996072221752,0.0059399029447016,-29.05432836310465,0.0300326234187712,16.004135784459333,53,43,10,81.13207547169812,359.62236925734607,-1379.112227555474,608.4993336675294,-5999.352541860045,1.121283791782193,10.924528301886792,23,71,32.3943661971831,10.372292374070955,-19.574837681340984,0.1564391786084263,,0.1937958920194975,2
30,0.29000000000000004,0.07,0.8,0.1,7,10,20000,21298.561278164125,1298.5612781641248,6.492806390820624,1.0610239323734394,0.004591070955573101,0.0037987961886201734,-32.24152017735313,0.032908619895618836,14.099967585854618,145,95,50,65.51724137931035,342.29262961571027,-624.2058866573329,999.8805202743105,-2107.763724660145,1.0418934043582195,13.324137931034484,35,71,49.29577464788733,8.218753977420779,-13.421299918788055,0.14259324307853194,,0.004591070955573101,1
35,0.2,0.16,0.6,0.3,18,25,20000,20782.367050446388,782.367050446388,3.91183525223194,0.6458783977232763,0.0005177033487818,0.0002977530483391,-31.564433868882404,0.0204622202446663,16.380320686339026,61,48,13,78.68852459016394,442.7184063579627,-1526.070496518144,874.0399053196595,-2838.287009288799,1.0711514186607392,11.459016393442624,20,71,28.169014084507044,9.681751304819652,-14.800686802259577,0.1536334653269251,,0.4416539894533622,3
45,0.16,0.14,0.45,0.3,18,25,20000,21326.34556639273,1326.3455663927343,6.631727831963671,1.0831308243108406,-0.0028735473923652,-0.001563350255405,-24.52594771834755,0.0441626491562878,13.217970490844408,42,34,8,80.95238095238095,397.1682843955811,-1444.3345128821302,622.7645153312237,-2685.5652318341527,1.168680242441158,11.952380952380953,20,71,28.169014084507044,8.838012776779758,-11.57196311296631,0.1464047752067604,,-0.0028735473923652,1
30,0.31,0.05,0.2,0.8,5,15,20000,21097.42220299141,1097.422202991409,5.487111014957045,0.9002655437293949,-0.009187774993523174,-0.007016159890730434,-32.42963822905347,0.027760579300044545,13.89758487227657,152,143,9,94.07894736842105,140.77661836818157,-2081.6260248509707,417.17363109607993,-6791.138987396773,1.0745369344456044,6.953947368421052,37,71,52.112676056338024,7.568992272248365,-12.162049746678584,0.14347935829637024,,-0.009187774993523174,1
45,0.29000000000000004,0.12000000000000001,0.2,0.4,9,15,20000,20706.47600806717,706.4760080671695,3.5323800403358474,0.5841218514498925,-0.010797461822172725,-0.009641365597847373,-31.708878713751393,0.018421397259833494,15.747961747245231,133,122,11,91.72932330827066,172.29606412571476,-1807.340346842735,486.25824995197064,-3099.1362888658396,1.057310532173951,9.669172932330827,35,71,49.29577464788733,15.057434603499464,-13.482084049055876,0.15376561428611893,,-0.010797461822172725,1
35,0.32,0.09,0.5,0.2,5,15,20000,21203.37251997029,1203.3725199702894,6.0168625998514464,0.9851034750874454,-0.011445691323624526,-0.009376506122730768,-32.51973408452042,0.030292482482393985,13.128591412884555,115,94,21,81.73913043478261,274.5280287863823,-1159.2791517118956,663.5111846027029,-1652.0795126602895,1.0600033185159368,12.347826086956522,33,71,46.478873239436616,10.230960012089518,-15.173790386145104,0.17913541059725166,,-0.011445691323624526,1
45,0.27,0.09,0.6000000000000001,0.7000000000000001,7,10,20000,19777.492072983154,-222.50792701684622,-1.1125396350842311,-0.18752781500281923,-0.01146755499777676,-0.009261927494106084,-33.938745505156916,0.005525478688489674,19.656909879884978,95,78,17,82.10526315789474,262.101817575589,-1199.7676292889917,942.6303193967507,-5145.585453668967,1.0023481053288463,21.621052631578948,35,71,49.29577464788733,9.63859959312292,-16.037173989611965,0.1255297151918678,,-0.01146755499777676,1
35,0.31,0.07,0.5,0.4,5,10,20000,20258.825557214983,258.82555721498284,1.294127786074914,0.2159639100907773,-0.02355091127045656,-0.018913282357898173,-33.68238764004325,0.006411775566469313,16.57084914896662,103,89,14,86.40776699029125,264.6844183098051,-1669.073541713861,624.9341215284661,-3174.091496283369,1.0081261353693267,14.271844660194175,34,71,47.88732394366197,10.053368238410565,-16.812884828063414,0.14741877209879042,,-0.02355091127045656,1
45,0.12000000000000001,0.1,0.5,0.30000000000000004,15,10,20000,21305.648710005433,1305.6487100054328,6.528243550027164,1.0666654091167294,-0.027971290284927258,-0.022349708799692468,-16.723501335794648,0.06378242137809144,11.14160044876287,97,81,16,83.50515463917526,189.4985748775518,-809.9290305478485,752.2166626207976,-2034.7785415064855,1.1844698722167002,17.195876288659793,41,71,57.74647887323944,6.504675334390475,-10.58354237703898,0.13190490276961808,,0.22080448137965214,2
30,0.23,0.11,0.5,0.30000000000000004,11,20,20000,21184.784915834764,1184.7849158347635,5.923924579173818,0.9702453205499895,-0.032665228207420065,-0.022991482291147232,-40.52836477435277,0.02393990791269185,11.443625973668603,104,86,18,82.6923076923077,247.581711344748,-1096.8467922118637,558.3082463211588,-2841.5536006193765,1.078446330924443,9.663461538461538,31,71,43.66197183098591,7.19269785326957,-9.926839468397597,0.14895536397070877,,-0.032665228207420065,1
30,0.18,0.14,0.4,0.7,24,25,20000,20287.776877446824,287.7768774468241,1.4388843872341204,0.2399778554439624,-0.0349345238430489,-0.0201589341598924,-27.713319252882037,0.0086592967538165,15.524015542114746,103,69,34,66.99029126213593,380.3085851859534,-718.9092794230587,818.4509469088946,-2875.828382836059,1.0735745650889534,5.097087378640777,20,71,28.169014084507044,8.791415571600258,-12.401854000435296,0.0827349367701866,,0.1711349787140897,2
40,0.18,0.13,0.4,0.4,15,10,20000,19722.05775093663,-277.9422490633697,-1.3897112453168483,-0.23452047630901918,-0.03622066766734848,-0.03592856282133298,-31.73234203174561,0.00739058201485414,17.74595362116777,195,169,26,86.66666666666667,158.49355023022272,-995.014409647033,405.62678438138465,-3720.405967762424,1.035370007216176,12.430769230769231,43,71,60.56338028169014,13.034933649631908,-18.078017161625027,0.09795365169135127,,-0.03622066766734848,1
40,0.16,0.12,0.4,0.3,22,15,20000,17860.46768692323,-2139.5323130767683,-10.69766156538384,-1.8803596357345964,-0.0399164243674875,-0.037796765084779,-43.256510011950304,0.0434699802460974,24.061536273678417,200,163,37,81.5,284.0875039643328,-1249.0539313314343,647.4503686993128,-2507.801405951858,1.001974850067953,9.815,39,71,54.929577464788736,12.628595805635246,-17.929500780322027,0.0823628813774415,,0.1247583069828315,2
30,0.18,0.05,0.5,0.30000000000000004,11,10,20000,20833.011128461934,833.0111284619343,4.165055642309672,0.6869858264020312,-0.0402240156548199,-0.03234501771391883,-24.983975089395713,0.027497058572301326,12.608798394806941,205,174,31,84.8780487804878,134.2135389451599,-705.572407999873,390.73378837047716,-2469.382346484446,1.0676829155319285,9.44390243902439,41,71,57.74647887323944,6.318716577118533,-12.51116658002398,0.12641488517476152,,-0.0402240156548199,1
30,0.12000000000000001,0.1,0.9,0.1,19,15,20000,21416.730031810603,1416.7300318106027,7.083650159053014,1.15488084802029,-0.05049299745043204,-0.04018099749335641,-19.018064223934154,0.06072546787211273,8.913823931159419,147,98,49,66.66666666666666,199.1751406791758,-336.61905621936023,902.3228317949756,-1766.7513208183125,1.1833860086006651,11.80952380952381,41,71,57.74647887323944,4.667861588383659,-8.517920461410766,0.13280644986054058,,-0.05049299745043204,1
40,0.12000000000000001,0.11,0.30000000000000004,0.1,21,10,20000,21313.986992932714,1313.9869929327142,6.56993496466357,1.0733005430793696,-0.0621671764267873,-0.05418781527928109,-13.946223982275868,0.07695993872200947,8.7706175834691,155,124,31,80.0,157.4457010387362,-517.1834549059156,989.5502687460338,-1603.2911742994122,1.2177164566672245,9.290322580645162,42,71,59.154929577464785,6.777851035527882,-7.848251502823933,0.10185477487186007,,-0.3338921056570001,3
30,0.14,0.13,0.9,0.4,15,15,20000,20060.992409217462,60.99240921746241,0.30496204608731203,0.05110059583706139,-0.06250323068987242,-0.05205637274006721,-34.61911621723178,0.0014760803111324345,14.415820526281104,117,74,43,63.24786324786324,306.9247803427745,-490.5893333987892,1782.5551326622617,-3507.994942433884,1.0766563756162792,14.205128205128204,40,71,56.33802816901409,8.102235716064632,-16.57618655303915,0.08783933111156905,,-0.06250323068987242,1
30,0.22,0.1,0.9,0.4,21,10,20000,19302.37153668945,-697.6284633105497,-3.4881423165527483,-0.5939074862469806,-0.06253947556796245,-0.0602519381048148,-37.15894722999472,0.015982893233519226,17.306061396383594,271,179,92,66.05166051660517,236.4086428029098,-454.9636858905453,672.6371568936466,-3037.2529150417317,1.0110015459826667,7.656826568265683,36,71,50.70422535211267,10.980719786786475,-16.677880066803517,0.11557176674442818,,-0.06253947556796245,1
45,0.13,0.11,0.4,0.1,21,10,20000,21063.29114315208,1063.2911431520806,5.316455715760402,0.872860162618605,-0.06775009713558523,-0.05963493151491952,-18.346253180675937,0.047577025893111864,9.71132646925303,153,128,25,83.66013071895425,153.8067109481683,-674.6027143285414,1435.5499363239808,-1686.827637494509,1.1673394478384833,11.836601307189543,38,71,53.52112676056338,10.946972922617348,-8.241756480222007,0.1459526493093814,,-0.13715075679253844,3
30,0.17,0.15,0.9,0.30000000000000004,9,15,20000,19008.322532771454,-991.6774672285464,-4.9583873361427315,-0.8496027451797783,-0.07449307148616471,-0.06699753976443035,-48.92819950074047,0.01736427569068673,17.51861634195587,144,108,36,75.0,314.5221647947861,-924.8908684740423,1148.9901442779365,-3004.8330844088355,1.0201922481309913,17.02777777777778,41,71,57.74647887323944,8.794511608229216,-14.813193246334544,0.05521055643439695,,-0.07449307148616471,1
30,0.18,0.09,0.8,0.7000000000000001,11,20,20000,21390.97777828492,1390.9777782849196,6.9548888914245985,1.1344636128245877,-0.07512484469312335,-0.051296590999475034,-23.31064861967921,0.04866718345481198,7.674589280932373,68,55,13,80.88235294117648,171.67442905537575,-604.31660152006,415.08189208619564,-1931.3491815953714,1.2018781055003822,13.588235294117647,34,71,47.88732394366197,3.5364957857763946,-8.859784652549274,0.11266608170107897,,-0.07512484469312335,1
40,0.32,0.15,0.9,0.2,5,20,20000,20426.625188473437,426.62518847343745,2.1331259423671876,0.3547520631487222,-0.07833270422556088,-0.06381394734392816,-33.24479543308262,0.010670905280881972,11.900453351060623,58,42,16,72.41379310344827,461.43666739971576,-1175.8321776446683,1008.5062230308407,-2298.4440597273388,1.0301395683443315,23.379310344827587,32,71,45.07042253521127,7.27580614034069,-20.319230557066202,0.12375134620890885,,-0.07833270422556088,1
35,0.16,0.12,0.4,0.3,18,25,20000,19952.9159601552,-47.0840398447981,-0.2354201992239905,-0.0395366779090466,-0.0797222930489837,-0.0431003281762918,-28.822848246688583,0.0013717130788276,13.667428443077617,72,57,15,79.16666666666666,331.88925224226693,-1211.4514278436047,627.2461759768789,-3087.7465578022866,1.0410480598182343,8.26388888888889,22,71,30.985915492957744,8.747727071102517,-13.678548447575167,0.0705246586991889,,-0.0797222930489837,1
30,0.32,0.12000000000000001,0.8,0.4,5,20,20000,19280.279702448,-719.7202975520013,-3.5986014877600065,-0.6130047718196141,-0.0833238766998678,-0.06258463700896057,-47.300768025782006,0.012959721319651438,15.943282884216167,76,60,16,78.94736842105263,440.0246996049157,-1683.3751421154382,989.3435808844234,-3452.154707569411,0.9802286978319169,17.11842105263158,32,71,45.07042253521127,10.37811057175766,-13.658327772180556,0.08362995937581047,,-0.0833238766998678,1
40,0.2,0.16,0.55,0.3,22,25,20000,19243.67819126016,-756.3218087398418,-3.781609043699209,-0.6446850645626112,-0.0851962729320676,-0.0496897441571308,-32.12506164760211,0.020067979063652,15.9353566473599,51,35,16,68.62745098039215,537.6688580634458,-1183.20199006003,851.7370536472102,-2838.287009288799,0.9940404401737992,11.549019607843135,21,71,29.577464788732392,7.964461695079539,-14.485815304986993,0.0323525060125076,,0.08958596883075,4
35,0.22,0.1,0.5,0.1,5,10,20000,19764.91283581859,-235.0871641814083,-1.1754358209070415,-0.19818183426904,-0.08914438297957165,-0.07527257304570478,-32.72850422735695,0.006055328190140284,13.812948697647057,226,172,54,76.10619469026548,177.53651273826134,-560.1694268302524,658.4766115972137,-1803.1585047481667,1.0094922056049835,10.898230088495575,33,71,46.478873239436616,9.19878253831763,-16.512024981787278,0.09121463902670349,,-0.08914438297957165,1
30,0.28,0.13,0.5,0.2,23,10,20000,17571.077311772686,-2428.922688227314,-12.144613441136572,-2.1489096614241143,-0.09789899305089529,-0.10384280365732255,-45.9922302615391,0.046723319334681955,20.640035301120026,380,258,122,67.89473684210526,240.41519957178483,-512.3659358831803,706.5840625042599,-2893.8091278016304,0.992296702407138,6.102631578947369,35,71,49.29577464788733,15.235617663774326,-18.043767595360872,0.042363454211623686,,-0.09789899305089529,1
35,0.21000000000000002,0.15,0.6000000000000001,0.30000000000000004,15,10,20000,16811.43541416562,-3188.5645858343814,-15.942822929171907,-2.8717778793450055,-0.10759535122863628,-0.10701433660931398,-46.09527280820016,0.062300919473767126,22.252270550593586,214,170,44,79.43925233644859,234.884187029395,-950.7674023960085,820.3998634740303,-4347.052767092973,0.9544995799844905,14.355140186915888,43,71,60.56338028169014,10.63538139721436,-18.632787367505976,-0.04188953081060234,,-0.10759535122863628,1
40,0.32,0.1,0.7,0.4,5,15,20000,18864.08524578428,-1135.9147542157189,-5.679573771078594,-0.9762320767562449,-0.11498805542500982,-0.09544843279138837,-35.4857802339618,0.027510514643325733,15.450441954828717,70,58,12,82.85714285714286,362.4590314023589,-1833.2198812960478,647.5886861522417,-3275.5190328106683,0.9556329474270095,20.65714285714286,35,71,49.29577464788733,9.737367043044486,-14.890727679313343,0.025957987081375655,,-0.11498805542500982,1
30,0.16,0.12000000000000001,0.9,0.4,9,15,20000,17411.27049187595,-2588.729508124052,-12.94364754062026,-2.2987893667349546,-0.11589537704139372,-0.0986024797752282,-39.2466873208584,0.058572825470373374,19.939581846702385,147,115,32,78.2312925170068,176.76562799069356,-687.3055227204329,552.4308025606061,-3483.8158176537854,0.9242635983443838,17.591836734693878,42,71,59.154929577464785,8.792924124490597,-17.97741513470037,-0.048588029863451884,,-0.11589537704139372,1
40,0.23,0.11,0.5,0.4,7,10,20000,17989.24978809832,-2010.750211901679,-10.053751059508395,-1.7620146218170651,-0.11715638593689631,-0.10479075701144361,-36.21580679570372,0.048653192561931076,18.095535964709793,166,144,22,86.74698795180723,190.0799438745264,-1317.1654580108516,652.3714335289957,-3262.24658739397,0.9445735348330199,15.295180722891565,38,71,53.52112676056338,9.649231046911865,-17.120150786366363,-0.0033560204838923905,,-0.11715638593689631,1
40,0.28,0.12000000000000001,0.2,0.2,17,20,20000,20941.54371919976,941.5437191997589,4.707718595998794,0.774801609777076,-0.13397542446610233,-0.08837495193966399,-28.066420696889992,0.027606000000667378,7.213716275320456,103,91,12,88.3495145631068,136.66644110663023,-937.5585351253112,356.72442635195154,-1657.757430174008,1.1054106379111845,6.747572815533981,32,71,45.07042253521127,4.783589822717116,-6.220096243374263,0.09118051899155295,,-0.13397542446610233,1
35,0.12000000000000001,0.11,0.4,0.1,15,10,20000,20069.948390631656,69.94839063165637,0.3497419531582818,0.05859319647669725,-0.1343191164229424,-0.11015459169883125,-16.484877658229706,0.0035543604078520966,10.393659111982016,174,141,33,81.03448275862068,167.7038839407848,-651.5173944333072,941.4236114848701,-1499.3002628921408,1.099821685159061,9.367816091954023,40,71,56.33802816901409,7.103047723991729,-8.877082171764073,0.03411857438464058,,0.3558512490339305,4
30,0.22,0.16,0.45,0.3,24,25,20000,17971.86836947873,-2028.1316305212715,-10.140658152606356,-1.7779461303249366,-0.1389099198195094,-0.0766597498393362,-37.08005179327517,0.0479488577911691,16.865574831953214,103,69,34,66.99029126213593,392.60330457058114,-826.1605778203366,929.701335196576,-2808.8102539221663,0.9644054516133214,5.466019417475728,21,71,29.577464788732392,10.490815617266414,-15.21910268150145,-0.0397990564417512,,0.1323303191459723,2
40,0.14,0.12000000000000001,0.6000000000000001,0.30000000000000004,17,10,20000,19091.53822272318,-908.4617772768215,-4.542308886384108,-0.7769090510674315,-0.14428017724806233,-0.13098015102378838,-29.352280895187512,0.026468438818831642,13.188511735007117,124,97,27,78.2258064516129,219.75856273885512,-767.7311986276264,1184.4435213078682,-2272.753221692656,1.0283586052848934,16.008064516129032,43,71,60.56338028169014,7.902890155265174,-11.550884884922096,-0.017537176318399756,,-0.2899950833269048,4
40,0.28,0.12000000000000001,0.9,0.1,9,15,20000,19812.71100160312,-187.28899839688165,-0.9364449919844083,-0.15772901588593236,-0.1498847460276682,-0.12031964842247217,-23.473332030053935,0.006719498351745929,10.607904126760175,100,61,39,61.0,363.0078748466169,-565.6504965138614,783.9149022000132,-1271.1946085873308,1.0037674347256629,18.41,36,71,50.70422535211267,5.852641381958978,-7.408419583642523,0.03758358375617863,,-0.1498847460276682,1
45,0.11,0.05,0.8,0.4,21,10,20000,21037.054388137378,1037.0543881373778,5.1852719406868895,0.8517683430755207,-0.1594306549033463,-0.10091172540299674,-9.97776221025562,0.08536667091545162,6.0593165089223096,74,57,17,77.02702702702703,112.08783841159679,-308.53932981286147,779.5896106036971,-1492.1766045675633,1.2180746260769195,20.324324324324323,27,71,38.028169014084504,3.9178127813195296,-6.845096310195775,0.06472142517094039,,-0.1594306549033463,1
30,0.19,0.14,0.2,0.5,5,20,20000,17368.713517357788,-2631.286482642212,-13.156432413211059,-2.3388957018987466,-0.16034368499050494,-0.12220416068616136,-38.98800860264269,0.05999012993293049,17.543862248147445,155,147,8,94.83870967741936,126.9109659120312,-2497.0998089638533,374.081001925017,-3965.4982642341865,0.9338789704209737,6.645161290322581,34,71,47.88732394366197,10.530663587600998,-18.281136629520777,-0.07908490774345424,,-0.16034368499050494,1
35,0.14,0.12000000000000001,0.6000000000000001,0.4,7,15,20000,17967.325563922666,-2032.6744360773337,-10.163372180386668,-1.7821121011395324,-0.16058089015030996,-0.13364607269813333,-34.62133155358795,0.0514743951537833,15.798105019618767,110,96,14,87.27272727272727,174.25726659744535,-1267.9480021022966,1183.9790046699486,-3222.091214240155,0.9423943008488667,16.536363636363635,42,71,59.154929577464785,10.541401560650087,-15.67539118851089,-0.03140188443093129,,-0.17230430471581332,2
40,0.2,0.060000000000000005,0.30000000000000004,0.8,11,10,20000,18261.835388104453,-1738.1646118955468,-8.690823059477735,-1.513828121945171,-0.16697600895755016,-0.11947417221542099,-31.05250676083175,0.048750593103634596,14.611108022267475,120,110,10,91.66666666666666,124.4315295438963,-1498.7532861724262,369.7599939509756,-5308.40443213139,0.9132569300170928,10.491666666666667,30,71,42.25352112676056,5.844504372436221,-12.223591714017235,-0.07147008560962222,,-0.16697600895755016,1
30,0.17,0.1,0.9,0.2,5,20,20000,20170.52360480369,170.52360480368952,0.8526180240184476,0.14254420687074276,-0.17248407083054984,-0.11557878413199882,-29.971490586916953,0.004755993248229224,8.60643845843383,66,54,12,81.81818181818183,209.37675418451653,-906.7517600966854,429.38426648844796,-1801.4219851181279,1.0390885745067202,17.272727272727273,39,71,54.929577464788736,5.849567669648836,-7.392834880012922,0.04204029738453635,,-0.17248407083054984,1
45,0.23,0.12000000000000001,0.2,0.9,21,10,20000,16399.133483794147,-3600.8665162058533,-18.004332581029267,-3.2755748743977353,-0.18003804705635465,-0.173192672626342,-39.85975683486571,0.08217749265175041,19.26483494187413,202,182,20,90.0990099009901,125.29602839588483,-1272.2490437338784,359.7446641676324,-4524.468206951972,0.89620335265196,9.064356435643564,39,71,54.929577464788736,13.418980346905629,-20.486734722336287,-0.1395514134521351,,-0.18003804705635465,1
30,0.31,0.13,0.4,0.5,19,20,20000,17749.60669861872,-2250.3933013812784,-11.251966506906392,-1.9828061056254898,-0.18339668837298426,-0.13112413354660013,-41.38225588854472,0.04791440348167106,15.312365014299797,142,105,37,73.94366197183099,258.48922594585656,-783.7962709647643,729.7657154012132,-4700.798365489408,0.9358943557611578,7.5,29,71,40.845070422535215,9.966785844343118,-16.45581361889157,-0.05904726165116829,,-0.18339668837298426,1
30,0.14,0.12000000000000001,0.7,0.30000000000000004,7,15,20000,17261.540328809147,-2738.4596711908525,-13.692298355954263,-2.44026084017811,-0.18402771928131664,-0.15677480242454434,-39.42536869173547,0.061895701198341584,16.671101024391593,140,116,24,82.85714285714286,171.14591200623605,-887.3035609964287,468.4692033560256,-2207.4542585369495,0.9322685918610931,14.32857142857143,37,71,52.112676056338024,7.064183584572037,-18.160007787895704,-0.09918696540236371,,-0.1474450378186491,5
30,0.31,0.15,0.7,0.1,5,10,20000,14265.75841523998,-5734.2415847600205,-28.6712079238001,-5.510984725334356,-0.1907073807474501,-0.19500019851220532,-53.42163195983498,0.10316017169744619,24.382394992869045,295,167,128,56.61016949152542,372.61179932403155,-523.6810993179917,1151.928391434195,-2043.0368006695226,0.9283167896716001,10.610169491525424,39,71,54.929577464788736,14.92498896645056,-21.90933700679111,-0.1429725940491379,,-0.1907073807474501,1
45,0.31,0.11,0.7,0.2,9,15,20000,19134.072928220303,-865.9270717796971,-4.329635358898486,-0.739854324907363,-0.19148697773231746,-0.15532252161086152,-27.750235492344967,0.026661190861297566,11.090991851881114,71,52,19,73.23943661971832,310.8531295721186,-887.9152531331544,615.4729757791204,-1455.634341062684,0.9581499254166055,19.08450704225352,32,71,45.07042253521127,7.0319882847663,-13.868355114673115,0.015909760032178373,,-0.19148697773231746,1
35,0.14,0.13,0.9,0.1,11,15,20000,20003.061219020143,3.061219020142744,0.015306095100713719,0.0025678364351078287,-0.1982200125788399,-0.14852514014773663,-26.092758922613957,9.841184072268983e-05,8.31476926527018,77,53,24,68.83116883116884,254.6964179404658,-520.9437054926917,1184.4435213078682,-1566.2147991695265,1.0796840113205268,19.61038961038961,40,71,56.33802816901409,6.348538423919892,-7.876303095254289,0.031098439883633876,,-0.026169638995909628,4
40,0.19,0.12000000000000001,0.6000000000000001,0.1,13,10,20000,18408.802117054733,-1591.1978829452673,-7.955989414726336,-1.3812930524202627,-0.20479916214693644,-0.1770636210344268,-26.01253932748273,0.053101046192783684,12.624814359960821,197,144,53,73.09644670050761,173.55210915664776,-486.469540863915,554.1626319244991,-1275.5100961573758,0.9693059203113041,13.82233502538071,37,71,52.112676056338024,6.879166757151922,-13.19710500978436,-0.05334845273041279,,-0.20479916214693644,1
30,0.15000000000000002,0.12000000000000001,0.8,0.30000000000000004,5,20,20000,18766.96997700117,-1233.0300229988316,-6.165150114994158,-1.0619465392200933,-0.2061933522905928,-0.14777167904427557,-33.65321329462708,0.03155557628102155,11.596180387512689,95,79,16,83.15789473684211,157.22879609181103,-809.8315571407469,411.43431155208106,-2430.9825148176324,0.9586156205671236,16.042105263157893,40,71,56.33802816901409,5.901550604332639,-9.933486625485433,-0.04014803489431557,,-0.19511053578595472,2
45,0.14,0.12000000000000001,0.8,0.7000000000000001,11,10,20000,16862.216381905117,-3137.7836180948834,-15.688918090474417,-2.8226161654462345,-0.21425445694776496,-0.17539813005421723,-39.11630136281144,0.07215958736144071,16.28993548317221,101,79,22,78.21782178217822,187.48378945065932,-784.2044606606905,852.9011412652305,-5668.038162405928,0.8584970855295282,24.99009900990099,45,71,63.38028169014085,13.798700381125716,-18.570630070067363,-0.1325796314830804,,-0.21425445694776496,1
40,0.1,0.09,0.9,0.6,19,15,20000,19117.500780567836,-882.499219432164,-4.41249609716082,-0.7542832327189553,-0.2149751168306174,-0.11672812925132998,-26.853208691000617,0.02808912861768136,10.230040620760118,59,45,14,76.27118644067797,253.9581427456221,-834.8511173560852,1368.3559846312676,-6035.549482386925,0.9777719802770717,21.983050847457626,36,71,50.70422535211267,4.719847198348459,-17.031095712047794,-0.01312855994693327,,-0.2149751168306174,1
30,0.30000000000000004,0.07,0.7,0.30000000000000004,15,20,20000,20508.06225378065,508.06225378064846,2.5403112689032423,0.4217674798917992,-0.2158351424723269,-0.11980479635573064,-15.96814682385621,0.02641305121654342,6.363509853142226,58,44,14,75.86206896551724,177.1225582329597,-514.9021648906898,361.5465510635884,-2319.358864904359,1.0811197451884182,11.224137931034482,27,71,38.028169014084504,2.6790229491995943,-7.692597872309959,0.05084379957562085,,-0.2158351424723269,1
35,0.17,0.11,0.9,0.7000000000000001,17,20,20000,20632.93711094878,632.9371109487802,3.1646855547439006,0.524099406261902,-0.21803918916768011,-0.1475257133444594,-14.403360086927547,0.03638730151151142,5.9601606114789725,57,45,12,78.94736842105263,143.09423033375077,-464.46693783917164,344.130649305425,-1576.0286489687746,1.1553101416604428,16.70175438596491,33,71,46.478873239436616,2.6419370102752637,-7.728659322481779,0.05655854135182624,,-0.21803918916768011,1
30,0.14,0.08,0.6000000000000001,0.4,9,20,20000,20671.41102011397,671.4110201139702,3.357055100569851,0.555523975714789,-0.22448942009469125,-0.14243531938162687,-18.794119200263136,0.029558393761119225,5.713129609550016,57,49,8,85.96491228070175,101.06923674760075,-514.3226975648087,219.6192876116689,-1104.8592466865578,1.2036199802382817,12.614035087719298,22,71,30.985915492957744,3.263343491382953,-4.54206113344685,0.05393890542340356,,-0.22448942009469125,1
30,0.28,0.15,0.9,0.1,5,15,20000,15512.365115988421,-4487.634884011579,-22.438174420057894,-4.173515974780351,-0.22955407241071896,-0.20227431892090597,-45.12798781106906,0.0924817652462817,19.167543839069147,190,98,92,51.578947368421055,421.61519120817263,-489.6806915479633,993.1532596618068,-1719.2318673784268,0.9171524257845151,12.7,34,71,47.88732394366197,11.084973942198651,-19.432344143553827,-0.1664484933502287,,0.05064844636212443,2
40,0.14,0.12000000000000001,0.6000000000000001,0.1,15,10,20000,18957.887434060132,-1042.1125659398676,-5.210562829699338,-0.8937897085474655,-0.23255538833329378,-0.19754248314057107,-25.847684833553924,0.034579101157531954,10.202962030671033,137,105,32,76.64233576642336,196.30324802139813,-629.1548002558384,1184.4435213078682,-1050.42083958575,1.0237862483259903,14.861313868613138,37,71,52.112676056338024,5.122861623230435,-11.843932579788907,-0.04964077818119814,,-0.28530790999164973,5
40,0.28,0.15,0.5,0.5,15,15,20000,15260.849715449976,-4739.150284550024,-23.695751422750117,-4.435969330947243,-0.23455182423013213,-0.22151695316789743,-51.3893946582515,0.08632071579062603,19.59392573920367,148,122,26,82.43243243243244,217.54297190916665,-1185.3535714410964,673.5982144547485,-3554.206176665212,0.8611595603966881,15.256756756756756,39,71,54.929577464788736,11.848449869914045,-22.570766999287883,-0.1848722565791809,,-0.23455182423013213,1
40,0.14,0.13,0.5,0.2,17,10,20000,18119.535658825578,-1880.4643411744219,-9.40232170587211,-1.6430030179538258,-0.2354514311689619,-0.21123952839891366,-35.8174046334706,0.04587163795833701,12.293036477547144,117,91,26,77.77777777777779,236.48356710686534,-839.4305235662,1184.4435213078682,-2169.785320834316,0.9860166644378097,14.179487179487179,42,71,59.154929577464785,4.925633375153793,-9.66314252169459,-0.09807865882846997,,-0.3782525803190649,5
30,0.25,0.14,0.9,0.1,11,10,20000,15181.634215805798,-4818.365784194202,-24.09182892097101,-4.519375185006302,-0.2389591117327332,-0.22223135759728221,-41.625112073891906,0.10857328568830313,19.575020957526295,258,156,102,60.46511627906976,265.90907883776515,-447.29973140864945,999.8805202743105,-1586.9832621954706,0.9091990112219369,13.294573643410853,37,71,52.112676056338024,10.680490212064054,-18.648035167264343,-0.25412905483459497,,-0.2389591117327332,1
45,0.32,0.05,0.8,0.7000000000000001,15,10,20000,18892.779784647442,-1107.2202153525577,-5.5361010767627885,-0.9509764102608398,-0.2434221579175763,-0.15043718131644315,-20.86614385014048,0.04557509126222368,10.048589583126269,37,27,10,72.97297297297297,286.38465355605035,-904.2385135661063,600.2796121502387,-3145.2592255661275,0.8551267757351575,24.89189189189189,23,71,32.3943661971831,4.634178798888122,-13.350687448714648,-0.06311911599238172,,-0.2434221579175763,1
35,0.30000000000000004,0.060000000000000005,0.5,0.9,23,15,20000,20046.47329052287,46.47329052287023,0.23236645261435115,0.0389479413393623,-0.24534813196371333,-0.15559363296297796,-10.995150048702362,0.003542283749366286,6.990620763157709,78,61,17,78.2051282051282,166.11207821478206,-585.7449106222912,437.0642835099822,-1903.265994199398,1.0175918066386163,9.871794871794872,26,71,36.61971830985916,4.36965889424521,-7.710188025633357,0.022049403027825702,,-0.24534813196371333,1
30,0.12000000000000001,0.09,0.6000000000000001,0.2,13,15,20000,17943.973817818463,-2056.0261821815366,-10.280130910907683,-1.803540618153876,-0.2525607556925496,-0.20117045850304596,-30.05344432548707,0.06001111215809526,12.168134471246168,178,147,31,82.58426966292134,123.46465166718356,-611.442902492179,604.0966688004419,-1827.9443941751865,0.9575079052485611,11.303370786516854,42,71,59.154929577464785,6.717828247917601,-14.526768696015303,-0.08167404622978301,,-0.2525607556925496,1
35,0.21000000000000002,0.1,0.9,0.2,9,15,20000,18392.216066374913,-1607.7839336250872,-8.038919668125436,-1.3962062321325797,-0.2557014204190611,-0.18455741277911036,-23.138203731219374,0.06034203209338758,10.949177893852593,90,69,21,76.66666666666667,228.5530195456653,-814.6448705845739,593.9798305173845,-1550.739350033484,0.9218248938650458,19.988888888888887,35,71,49.29577464788733,6.479577734284092,-14.112509519768789,-0.05757188983944961,,-0.2557014204190611,1
35,0.16,0.13,0.4,0.4,15,10,20000,15126.475835981442,-4873.524164018558,-24.36762082009279,-4.577665497071759,-0.261318178917,-0.2575446905886155,-44.73482729723147,0.10232889615637479,18.78210649424418,182,155,27,85.16483516483517,173.17168345614135,-1110.7368722786116,426.84464783450164,-2956.5057991821245,0.8950218212526995,11.39010989010989,38,71,53.52112676056338,9.573652277790945,-17.266349837376517,-0.29651414115238156,,-0.261318178917,1
40,0.14,0.13,0.4,0.2,7,10,20000,17306.5706967408,-2693.4293032591995,-13.467146516295998,-2.3976071855666303,-0.2681697105079057,-0.236765809759544,-39.06366451713021,0.06137691420412519,13.217572098526198,125,108,17,86.4,172.46607151271107,-1168.399393614942,737.6817670933127,-2267.4609549166194,0.9377502361305671,13.6,42,71,59.154929577464785,6.617821860887996,-16.623195290024906,-0.12185019250746183,,-0.2681697105079057,1
40,0.32,0.08,0.2,0.8,9,15,20000,16829.74343204783,-3170.2565679521686,-15.851282839760843,-2.8540394214079834,-0.26909279721511736,-0.18411727894932087,-36.17795881518393,0.07888890127792782,14.324659495292764,99,90,9,90.9090909090909,131.31552927792364,-1643.5949114405962,340.5177773079414,-6292.179525917698,0.7989531262470676,8.858585858585858,30,71,42.25352112676056,8.705054484145958,-12.791077738889566,-0.17945641163435416,,-0.26909279721511736,1
30,0.16,0.13,0.4,0.9,9,15,20000,12554.727573193304,-7445.272426806696,-37.22636213403348,-7.51488869259338,-0.27054812006127466,-0.24344747182966175,-55.110747378495816,0.13635976737861635,24.77619334299525,167,143,24,85.62874251497006,148.15808231241576,-1129.565758228424,522.4048584958982,-5443.4858735577045,0.781517352145419,10.011976047904191,38,71,53.52112676056338,11.698250118013952,-27.87945699229467,-0.4228570282315635,,-0.27054812006127466,1
30,0.18,0.060000000000000005,0.8,0.6,11,10,20000,16522.92312515085,-3477.07687484915,-17.38538437424575,-3.153459551824911,-0.27199545904574285,-0.21309194284204896,-38.83442428681759,0.08120268575464265,14.955442254976944,164,130,34,79.26829268292683,135.57574235880847,-616.8131682668279,606.7671899392875,-4137.693698286042,0.8404130539030461,14.713414634146341,41,71,57.74647887323944,6.124023761682973,-19.637043337444172,-0.1784889773984369,,-0.27199545904574285,1
35,0.14,0.12000000000000001,0.6000000000000001,0.2,13,10,20000,16915.806229548358,-3084.193770451642,-15.42096885225821,-2.7708685814587297,-0.27515391213951634,-0.23648602399926089,-35.72407838778924,0.0775630528905634,13.913570814887397,131,103,28,78.62595419847328,227.10620443442397,-888.3761723999065,1015.2373039781727,-2174.887772473667,0.940397120993136,14.49618320610687,43,71,60.56338028169014,6.532720536666248,-11.15405722109366,-0.15534048428770866,,-0.37546116581693234,4
30,0.13,0.11,0.4,0.30000000000000004,13,20,20000,19148.891602420277,-851.1083975797228,-4.255541987898614,-0.7269609227967155,-0.27951674770709234,-0.19300739607826084,-30.013721053904767,0.024220952859896668,8.476690024878513,107,93,14,86.91588785046729,131.62295088910497,-836.0673450190354,1024.9777827410212,-2182.5882591506006,1.0457919026340141,8.373831775700934,34,71,47.88732394366197,5.005667316930507,-10.24994885616236,-0.02418756522884738,,-0.27951674770709234,1
40,0.27,0.11,0.8,0.5,15,15,20000,16817.455903441096,-3182.544096558904,-15.912720482794521,-2.865942913343267,-0.27977741079703794,-0.22621120334675013,-35.13007570557377,0.0815808920357252,14.006372895799352,76,55,21,72.36842105263158,267.4478158676947,-843.5892366324848,605.2643312471221,-3423.411041851687,0.8303313211580617,21.289473684210527,37,71,52.112676056338024,8.620581068076728,-19.036031495740936,-0.13552223359241375,,-0.27977741079703794,1
40,0.13,0.12000000000000001,0.5,0.2,23,10,20000,18568.916320391283,-1431.083679608717,-7.155418398043585,-1.2379000647729121,-0.28153499681524274,-0.2354895098478105,-21.0795873602806,0.058725061530636814,9.809034459495859,113,84,29,74.33628318584071,193.36018477241066,-559.1737655341849,1001.2362723367993,-1873.41432688646,1.0016166907385338,13.371681415929203,39,71,54.929577464788736,6.0563841201472846,-11.7832967170594,-0.053430191457124715,,0.18618856691401542,5
45,0.12000000000000001,0.09,0.6000000000000001,0.30000000000000004,21,10,20000,18725.33539279752,-1274.6646072024814,-6.373323036012407,-1.098806538125141,-0.28821094162795896,-0.2117109278277376,-27.632181849617776,0.03976546420058901,9.267909872271183,101,82,19,81.1881188118812,144.47241420418945,-650.8375096731439,564.1624969655983,-1940.3260961656947,0.9580156570467476,17.900990099009903,41,71,57.74647887323944,4.55125891646071,-10.698164447312564,-0.06100697674862572,,-0.28821094162795896,1
40,0.18,0.15,0.4,0.7000000000000001,13,15,20000,13346.925556062699,-6653.074443937301,-33.265372219686505,-6.560543928034413,-0.296748896956831,-0.26542106318016606,-50.41388551779266,0.13013366973507703,21.619582791248675,123,102,21,82.92682926829268,150.5214517598878,-995.1125011164711,485.6914346863914,-5769.624982058927,0.7346950153294692,14.089430894308943,38,71,53.52112676056338,10.85683026219626,-16.259358524363364,-0.4352851433102775,,-0.296748896956831,1
30,0.15000000000000002,0.11,0.8,0.2,9,15,20000,16095.514720976567,-3904.4852790234327,-19.52242639511716,-3.57836764772711,-0.3111864313406925,-0.2518049507440973,-40.3440691099976,0.08869625019654649,14.651267447210362,151,117,34,77.48344370860927,191.47301561449845,-741.1537678211718,551.0592425398428,-1869.5189724599636,0.8890090891964079,14.496688741721854,37,71,52.112676056338024,8.519596019356257,-16.253125023883154,-0.19664532702497226,,-0.15346315637710284,4
40,0.23,0.060000000000000005,0.6000000000000001,0.7000000000000001,21,10,20000,17224.15449028347,-2775.8455097165315,-13.879227548582657,-2.4757438588729475,-0.3203655011708608,-0.2080629118661058,-27.672905824166673,0.08946454248801321,11.834001528022425,100,78,22,78.0,163.91111404259084,-703.1012568532076,391.0091830592314,-4142.937679908347,0.8265372855878018,15.12,27,71,38.028169014084504,7.217157503437721,-10.840771588007957,-0.15539266756442302,,-0.3203655011708608,1
35,0.32,0.14,0.9,0.6,5,25,20000,17474.645315070607,-2525.3546849293925,-12.626773424646961,-2.239214917839194,-0.32685968133362714,-0.17521659332643436,-26.379987783176933,0.08488309154059533,11.116939312363543,25,20,5,80.0,277.93584481801247,-1609.0143162579348,452.2659965150574,-5268.145778602611,0.6909468536349744,26.08,24,71,33.80281690140845,6.567630976285876,-19.89622215067246,-0.13911584489838194,,-0.32685968133362714,1
35,0.14,0.1,0.7,0.1,7,15,20000,18128.806175482583,-1871.193824517417,-9.355969122587085,-1.6345618935137196,-0.3330081427021302,-0.24311704797722888,-28.43155274571558,0.05749112291308239,9.566615171992636,133,101,32,75.93984962406014,148.59096855160269,-503.25255150716845,1183.9790046699486,-1445.7367376949474,0.9319182646693756,14.75187969924812,39,71,54.929577464788736,6.025252043429563,-10.371262474358556,-0.086682966863711,,-0.14327496874236492,3
30,0.28,0.08,0.30000000000000004,0.30000000000000004,9,20,20000,19094.469982751103,-905.5300172488969,-4.527650086244485,-0.7743528023440582,-0.3388310283944365,-0.2114677548141167,-23.313663398898658,0.0332145484428946,7.386674898909525,88,76,12,86.36363636363636,114.24327693623418,-788.4932553669031,288.59184171793237,-1978.1086923595662,0.9176245313510056,7.931818181818182,30,71,42.25352112676056,4.49628953033987,-9.699644776707261,-0.0384367047241661,,-0.3388310283944365,1
40,0.14,0.12000000000000001,0.5,0.2,15,15,20000,17582.662581092423,-2417.3374189075766,-12.086687094537883,-2.1380882252728717,-0.3407983107230903,-0.2632398049412195,-25.31706327203095,0.08445245810302678,10.56177895440958,97,80,17,82.4742268041237,156.0417947117774,-815.6400585794007,1015.2373039781727,-1697.6037952963331,0.900292132946949,15.515463917525773,38,71,53.52112676056338,4.745545474336321,-9.238679023767926,-0.13711148251206232,,-0.2732324916484698,7
40,0.15000000000000002,0.12000000000000001,0.4,0.2,13,10,20000,16429.531227055508,-3570.4687729444922,-17.85234386472246,-3.2455174004102028,-0.34180771433297785,-0.3027215352214447,-31.505593257161053,0.10301400687550977,13.007581814742982,184,158,26,85.86956521739131,130.24073634509028,-868.6000102041154,432.224466564745,-1726.760011780553,0.9111937911040833,11.858695652173912,36,71,50.70422535211267,6.182982278655902,-13.631228375766158,-0.23118221620544563,,-0.4893714098420351,4
30,0.16,0.1,0.8,0.4,17,20,20000,19334.271341379706,-665.7286586202936,-3.328643293101468,-0.5663637718580583,-0.3423329802345982,-0.21189237267811495,-27.353069791979063,0.02070567494490645,6.818180990982542,92,64,28,69.56521739130434,138.9804170942756,-329.0026911662131,385.65920859013204,-2005.6922924660134,0.9655529675483052,11.641304347826088,31,71,43.66197183098591,3.3461684838554273,-8.318461958008328,-0.025857009216726477,,-0.3423329802345982,1
40,0.13,0.11,0.5,0.1,17,10,20000,17900.180039875428,-2099.8199601245724,-10.499099800622862,-1.843790230927933,-0.34258050759338626,-0.28642320533495774,-22.36335098820441,0.08244695671504881,9.845719198675328,147,114,33,77.55102040816327,183.5537388093343,-648.2701147445132,1001.2362723367993,-1576.44822880776,0.9781335274394218,12.10204081632653,39,71,54.929577464788736,5.13916063594122,-7.485346987562391,-0.12673950492054822,,-0.11613461400569622,5
40,0.17,0.12000000000000001,0.6000000000000001,0.30000000000000004,23,15,20000,16711.496211992795,-3288.503788007205,-16.442518940036024,-2.968892363907849,-0.3538039178300453,-0.2865472676352271,-25.87653948123856,0.11473297525198085,12.092131086925379,137,106,31,77.37226277372264,125.25306064660197,-509.49768440474605,485.73723016910134,-2225.080495503108,0.8406017771906592,14.167883211678832,36,71,50.70422535211267,5.246694267420482,-10.878746616520674,-0.19968972371531615,,-0.3538039178300453,1
30,0.24000000000000002,0.08,0.2,0.5,19,20,20000,19538.9053535457,-461.09464645430126,-2.3054732322715066,-0.3905676248311063,-0.37614022628133087,-0.2225103343120889,-12.017909680131398,0.03249879847880801,5.893093791969967,115,96,19,83.47826086956522,72.26732574611772,-380.23989042535777,288.59184171793237,-1581.7184701895665,0.960288968583607,5.504347826086956,29,71,40.845070422535215,2.7885837330564156,-5.137420882602051,-0.022668775585512863,,-0.37614022628133087,1
30,0.14,0.12000000000000001,0.9,0.1,5,15,20000,16875.004374970442,-3124.995625029558,-15.62497812514779,-2.8102553666834784,-0.3814149521025107,-0.29455583520548584,-33.626330599397754,0.0835730606518753,11.087428455287164,131,96,35,73.2824427480916,179.02942949527062,-547.763453045017,512.2931256621902,-1637.0857469447153,0.8964675294472156,16.396946564885496,38,71,53.52112676056338,4.529180383113807,-13.567787402968401,-0.17754036839936221,,-0.2622398548651198,4
30,0.1,0.060000000000000005,0.4,0.5,23,10,20000,18158.399419898506,-1841.6005801014944,-9.208002900507473,-1.6076402412309898,-0.38810231495451625,-0.3105828070807062,-21.85081644914753,0.07357346326039496,8.409902513596377,331,234,97,70.69486404833837,84.54166535397377,-197.2933017828001,530.3972587194562,-1956.6563248608968,1.033719195122402,5.477341389728097,37,71,52.112676056338024,4.54203588925286,-8.88045217642912,-0.10569261854547743,,-0.38810231495451625,1
45,0.11,0.05,0.6000000000000001,0.7000000000000001,15,10,20000,17284.157892230676,-2715.842107769324,-13.57921053884662,-2.4188254770832973,-0.3941710607973659,-0.2413674800426711,-24.708844609550756,0.09789310327154448,9.993868215790048,64,51,13,79.6875,110.53961521566129,-628.0611720817545,732.7063065242719,-2499.93239535606,0.6904668411533561,18.625,29,71,40.845070422535215,4.441452987097283,-16.02644431871534,-0.17520213348169772,,-0.3941710607973659,1
35,0.13,0.060000000000000005,0.4,0.9,17,15,20000,17136.510220121803,-2863.4897798781967,-14.317448899390984,-2.5591792528486645,-0.39824996615125324,-0.23494169538136664,-25.641906735875082,0.0998045613069861,10.18553828639868,91,71,20,78.02197802197803,65.07122965575589,-361.8923542718497,198.82537737773174,-3770.257886843308,0.6383192751964206,10.67032967032967,28,71,39.436619718309856,2.1293763739966387,-10.343201358449928,-0.20015225470033002,,-0.39824996615125324,1
30,0.19,0.13,0.8,0.1,21,10,20000,13025.721367203962,-6974.278632796038,-34.871393163980194,-6.941655970878147,-0.4391752194178231,-0.40780320093537825,-46.63090050918255,0.14886386269789484,17.427588536836318,313,202,111,64.5367412140575,206.0494905878818,-417.39506730526307,697.9780096234674,-1852.3037156990392,0.8983645859939384,7.431309904153355,36,71,50.70422535211267,9.83636941015915,-16.075882444402435,-0.3887346984328885,,-0.4391752194178231,1
45,0.15000000000000002,0.12000000000000001,0.5,0.4,15,10,20000,14000.215103189794,-5999.784896810206,-29.99892448405103,-5.808385272348648,-0.4394504141675048,-0.37646784515034637,-40.626134331012125,0.14297164541975124,15.430719776553401,154,131,23,85.06493506493507,100.39443686628279,-792.3682568053882,336.50232978548695,-3443.358992979878,0.7216490409290345,16.4025974025974,37,71,52.112676056338024,12.549732746077002,-16.307368866812865,-0.37574868304083003,,-0.36298595835466224,3
30,0.15000000000000002,0.13,0.9,0.1,5,20,20000,17856.152741907514,-2143.8472580924863,-10.719236290462431,-1.884337158357119,-0.4405223562550535,-0.2985920722238032,-29.130591847331168,0.06468585218702841,8.107584724216624,81,60,21,74.07407407407408,171.16937779527424,-553.5052345623336,444.3560719950487,-1460.6496864749063,0.8835605060104983,16.82716049382716,32,71,45.07042253521127,4.3389153395777535,-8.367221427638839,-0.12534271719952728,,-0.4109686541787821,2
30,0.13,0.12000000000000001,0.9,0.2,7,20,20000,17248.472671926866,-2751.5273280731344,-13.757636640365673,-2.452656117965879,-0.44139177891864306,-0.2723151329678558,-29.87043041496149,0.0821098351745676,9.189843652791671,65,50,15,76.92307692307693,167.5232592196511,-694.2660192703826,830.9952726722945,-2240.414969608107,0.8043182995652708,18.43076923076923,30,71,42.25352112676056,4.966251354226503,-10.28850509096877,-0.16975420970532484,,0.35009074460276257,5
35,0.25,0.15,0.4,0.7000000000000001,7,25,20000,15089.18406970256,-4910.81593029744,-24.5540796514872,-4.617175021901476,-0.44717204692924334,-0.22853751012493512,-36.81952416621622,0.12540018173667677,13.089506500672579,44,38,6,86.36363636363636,96.89637880004116,-1417.1963874498394,209.91705291901923,-5573.310158056434,0.43302189531958196,12.204545454545455,22,71,30.985915492957744,6.926261168529435,-22.076673886736543,-0.34319565412035086,,-0.44717204692924334,1
40,0.13,0.12000000000000001,0.6000000000000001,0.5,21,10,20000,15698.430521758622,-4301.5694782413775,-21.507847391206887,-3.9816285297006204,-0.4513761407244729,-0.3732256231305145,-31.18693085646712,0.1276697777035333,11.862292114229923,109,80,29,73.39449541284404,172.05013497674193,-582.4717336683021,667.4908482245328,-2948.6507711394793,0.8148396472661897,15.862385321100918,42,71,59.154929577464785,4.804103185276509,-16.577858664092172,-0.2631272872666263,,-0.4513761407244729,1
45,0.2,0.05,0.6000000000000001,0.9,7,10,20000,16194.782873505605,-3805.2171264943954,-19.026085632471975,-3.4788503979172214,-0.455494016679509,-0.26550964253332154,-25.42599095858217,0.1368226081565166,10.856011965769744,52,46,6,88.46153846153845,127.3379798265538,-1596.797773720294,367.2855553342118,-3873.1710525541303,0.6113847735786739,18.192307692307693,23,71,32.3943661971831,3.4698119939242433,-18.68707425272649,-0.26717862508072154,,-0.455494016679509,1
30,0.32,0.13,0.9,0.9,15,25,20000,16330.402705190798,-3669.597294809202,-18.34798647404601,-3.34370760717021,-0.4642545778097438,-0.25361084293768693,-26.186022994377844,0.12769054727738177,10.445078219419011,42,29,13,69.04761904761905,220.33972748242965,-768.5037993692092,609.800414705929,-4510.143666907851,0.63958966082839,13.785714285714286,19,71,26.76056338028169,2.565910974346597,-16.831309303298514,-0.25148506649309976,,-0.4642545778097438,1
45,0.22,0.1,0.30000000000000004,0.8,9,15,20000,13236.55198377462,-6763.44801622538,-33.817240081126904,-6.690634016960639,-0.4648542557709601,-0.3422828623978492,-44.193947729766045,0.1513925403965277,16.301896008325862,82,73,9,89.02439024390245,120.27653447381755,-1703.2372258682326,314.295799485139,-5267.058972370831,0.5727777201905717,13.24390243902439,31,71,43.66197183098591,12.13551631892038,-22.808872284356863,-0.4584437956480872,,-0.4648542557709601,1
35,0.17,0.13,0.7,0.8,13,10,20000,10597.745775929285,-9402.254224070715,-47.01127112035358,-10.107278498083705,-0.4659198492128319,-0.44080281873409616,-60.287252311314774,0.16765200122060897,21.931986677269553,170,135,35,79.41176470588235,138.96615506365424,-786.0960035878525,659.1245736174062,-4967.598618225251,0.6818662223722614,17.86470588235294,39,71,54.929577464788736,8.190978691397044,-26.47164417741139,-0.7251364558485683,,-0.4659198492128319,1
30,0.17,0.14,0.9,0.5,15,20,20000,15107.511058692224,-4892.488941307776,-24.46244470653888,-4.597747976002353,-0.47901827863955443,-0.355301468691005,-39.65338231345602,0.11594844393493636,12.387834850356201,101,67,34,66.33663366336634,203.32261122623126,-517.7589380430965,534.4921982416217,-3134.081003508282,0.7738449618388645,13.148514851485148,32,71,45.07042253521127,4.204525106415269,-12.263724573253343,-0.3351436032060143,,-0.6484935555308278,2
40,0.15000000000000002,0.060000000000000005,0.9,0.4,7,10,20000,15012.72272026014,-4987.277279739859,-24.936386398699298,-4.698438349475942,-0.49333130784650925,-0.3091487080453514,-36.78685728734782,0.1277205691363009,12.260583626300196,66,55,11,83.33333333333334,120.12611231231911,-1055.8928367729059,286.8979159311687,-3719.4210377459685,0.5688366666046196,23.015151515151516,31,71,43.66197183098591,5.736295872788899,-17.695809180127466,-0.31745195871398885,,-0.49333130784650925,1
35,0.15000000000000002,0.09,0.4,0.4,23,10,20000,15254.227086901587,-4745.7729130984135,-23.728864565492067,-4.44292846473272,-0.4971491414000419,-0.41983444096682626,-33.18898044755825,0.13386757908255031,11.763172906129556,213,171,42,80.28169014084507,106.58613476321865,-516.0636128482192,297.31589216221755,-2666.7304671249394,0.8408998882870994,8.906103286384976,36,71,50.70422535211267,5.917316120419525,-14.797996272282433,-0.3199805109034994,,-0.4971491414000419,1
35,0.27,0.05,0.2,0.8,19,15,20000,16497.3058954987,-3502.694104501301,-17.513470522506505,-3.1786676659107393,-0.5017114758213321,-0.24943755864635403,-29.4521953882601,0.10792634043089988,9.503464958737545,83,75,8,90.36144578313254,81.88150957802327,-1189.3884153566455,190.68437431480567,-5043.452833163253,0.6454066160244102,6.975903614457831,25,71,35.2112676056338,2.7979477284499454,-12.933954335014386,-0.2350586852503366,,-0.5017114758213321,1
35,0.16,0.15,0.7,0.8,9,25,20000,13619.99751999243,-6380.00248000757,-31.90001240003785,-6.242498220021497,-0.504817020131255,-0.2087332322043842,-36.00814094020926,0.17336352438708322,14.515720495649035,20,14,6,70.0,39.65469965461809,-1119.4613791953736,97.42180473268485,-5587.820134347486,0.08265370672630759,19.6,11,71,15.492957746478872,5.792132160659702,-26.15227688583336,-0.47440531460245755,,-0.504817020131255,1
45,0.16,0.13,0.4,0.30000000000000004,13,10,20000,14104.255165814817,-5895.744834185183,-29.47872417092592,-5.691308754555557,-0.5052272836484196,-0.4561685665223981,-42.352142543218854,0.13438065733623225,13.690011532934946,158,139,19,87.9746835443038,116.98562180617145,-1097.894110281255,420.6289713298156,-1976.6676923049747,0.7795307148179746,13.49367088607595,38,71,53.52112676056338,7.788852706670779,-11.491017540366567,-0.4025034021526907,,-0.480732854825936,4
40,0.14,0.13,0.5,0.30000000000000004,21,10,20000,14528.216497499046,-5471.783502500954,-27.358917512504767,-5.2215326734542655,-0.5142952060694713,-0.471722278097565,-47.06744178954443,0.11093725248127205,12.732556528635403,113,86,27,76.10619469026548,214.84756847447593,-834.8533343022323,1184.4435213078682,-2189.715235065971,0.8197000168298072,13.849557522123893,41,71,57.74647887323944,7.746623873113867,-11.569466499109138,-0.3892133615259103,,-0.4560400693062195,3
40,0.24000000000000002,0.14,0.4,0.6,23,20,20000,15408.32132933275,-4591.67867066725,-22.958393353336252,-4.281651816119336,-0.5149487558009309,-0.3701139536526729,-35.603866230391226,0.12025805816741739,11.166799997797465,98,77,21,78.57142857142857,138.3155368009528,-712.0654763971779,366.710191454939,-3009.894808542537,0.7122336148583011,10.653061224489797,28,71,39.436619718309856,4.837447067674394,-10.468760441357173,-0.31919511503133885,,-0.5149487558009309,1
35,0.25,0.05,0.9,0.9,19,15,20000,16714.68457306615,-3285.3154269338484,-16.426577134669245,-2.9657866654618004,-0.5344513525483137,-0.27239287762908326,-28.318261249579447,0.10473053551286964,8.659858495864396,43,32,11,74.4186046511628,156.88269211717028,-749.2601431530339,289.8084616630096,-4161.544266695893,0.6091155623348735,17.72093023255814,25,71,35.2112676056338,2.193416754472266,-11.345803553689237,-0.22408371357436477,,-0.5344513525483137,1
40,0.29000000000000004,0.15,0.7,0.1,9,15,20000,13066.231970833227,-6933.768029166773,-34.66884014583386,-6.89316157774863,-0.5656065418400442,-0.4799310233084318,-41.14006698467915,0.1675534845462379,14.330440340645529,157,96,61,61.146496815286625,250.08710390436997,-500.47098367190864,783.4973415384342,-1358.588289274611,0.7864186283440063,14.178343949044587,32,71,45.07042253521127,8.898625740486343,-14.404683343950653,-0.4860063531742513,,-0.5656065418400442,1
30,0.27,0.060000000000000005,0.7,0.9,11,20,20000,16323.560511047926,-3676.4394889520736,-18.38219744476037,-3.3505033192168687,-0.5666258044446885,-0.24085318253596008,-27.271049247929852,0.1228593476091209,8.839327324668213,35,27,8,77.14285714285715,134.92926364346843,-909.2537009157213,268.73836456461316,-4213.6355271332895,0.5008352062115122,12.742857142857142,23,71,32.3943661971831,2.550643102056682,-18.79021161229182,-0.2484334366561325,,-0.5666258044446885,1
40,0.15000000000000002,0.14,0.5,0.4,19,10,20000,12406.667329286078,-7593.332670713922,-37.966663353569615,-7.698785841879263,-0.5722900050339443,-0.48653462932316877,-48.49067185534594,0.15876838879126598,15.396855012470912,101,78,23,77.22772277227723,183.75214072852364,-907.5131008599204,464.821098967784,-3690.170255799015,0.6866671491403421,14.564356435643564,38,71,53.52112676056338,10.286132227073486,-17.424213729508597,-0.5713391945239205,,-0.5432926055517078,2
30,0.17,0.15,0.9,0.2,13,20,20000,14523.65642205197,-5476.34357794803,-27.38171788974015,-5.226524468482774,-0.578105153402431,-0.4097129129383184,-42.99805963435773,0.12155256569546463,11.576906904662167,76,54,22,71.05263157894737,242.41911721837147,-803.4170867154597,622.4164709251404,-2106.5368324697106,0.7406224638510984,15.855263157894736,31,71,43.66197183098591,5.552946713103024,-13.317789472942355,-0.37305748877802336,,-0.578105153402431,1
40,0.14,0.13,0.5,0.1,21,10,20000,14926.722959317942,-5073.277040682058,-25.366385203410292,-4.790251739020535,-0.6092826787151057,-0.5014373156963738,-36.55411961688252,0.13104546872490283,10.437735880605075,122,85,37,69.67213114754098,185.83947445717772,-527.0891352539591,1015.2373039781727,-1325.2586762203682,0.809974051534802,12.163934426229508,36,71,50.70422535211267,4.766152196229156,-11.792385163520969,-0.38478634308049714,,0.0056181064581187394,3
30,0.14,0.12000000000000001,0.9,0.1,13,15,20000,14136.22087236893,-5863.779127631071,-29.318895638155357,-5.655482015461999,-0.6132175447339752,-0.4845209190579636,-41.25547309253484,0.13708440581391262,11.640315381924674,135,89,46,65.92592592592592,186.87274207462576,-462.86202548419215,1015.5091694916299,-1637.0857469447153,0.7811358709477934,14.637037037037038,35,71,49.29577464788733,4.666511556891684,-13.890155854405373,-0.4206531226481893,,-0.5490067942626827,3
45,0.17,0.060000000000000005,0.7,0.4,7,15,20000,17683.83924624214,-2316.16075375786,-11.5808037687893,-2.043833631156222,-0.6258581288641979,-0.37545190994535266,-16.767610916663404,0.12189176152251306,6.1900404408289695,44,39,5,88.63636363636364,71.94101209239774,-1011.6320450722858,184.87704839294767,-2357.8570855174285,0.5546877415104089,18.84090909090909,30,71,42.25352112676056,2.987832261580925,-10.795106978148983,-0.15626213439602996,,-0.6258581288641979,1
35,0.17,0.05,0.30000000000000004,0.5,17,15,20000,16677.304696698735,-3322.695303301265,-16.613476516506324,-3.0022284536278754,-0.6266632573296756,-0.3373860962906174,-25.511597501750984,0.11768092740651846,7.5893456799208305,83,71,12,85.54216867469879,53.03008659411181,-579.2776209569446,162.51080133482134,-3380.587153084244,0.5416424428126645,8.590361445783133,28,71,39.436619718309856,2.080503735254946,-10.254572088506265,-0.2358689639398618,,-0.6266632573296756,1
40,0.16,0.14,0.5,0.2,11,10,20000,11829.515111956109,-8170.484888043891,-40.85242444021945,-8.4335398259472,-0.6364460071548416,-0.5854908521431793,-48.85506689484195,0.1726236470845484,15.164060145433513,151,123,28,81.45695364238411,157.28655015912423,-936.8337328866321,464.821098967784,-2134.297885475041,0.7375239822042986,14.258278145695364,36,71,50.70422535211267,6.767730934997029,-10.722087983556305,-0.6482564131395794,,-0.7166926768128355,3
45,0.26,0.15,0.8,0.30000000000000004,9,25,20000,17130.88913639012,-2869.1108636098797,-14.3455543180494,-2.5645425084797058,-0.6520161904136311,-0.33866755470561466,-20.10067877036577,0.12758487102736973,6.705633985163746,26,20,6,76.92307692307693,103.04451720653483,-814.300201290102,318.2511121783998,-2693.636675335721,0.42181215659483084,21.384615384615383,19,71,26.76056338028169,2.5397445611193614,-7.588307732781063,-0.205633609802881,,-0.6520161904136311,1
30,0.15000000000000002,0.12000000000000001,0.7,0.1,13,15,20000,12912.620572253192,-7087.379427746808,-35.43689713873404,-7.0777140839846435,-0.6533370520718288,-0.5222999608613754,-46.28824339290167,0.152905220963084,12.991843284088777,175,119,56,68.0,152.88078909698578,-428.31059518371694,406.6886393997934,-1627.4316480378804,0.758495541516423,10.92,32,71,45.07042253521127,7.437564964745391,-13.744366977142263,-0.5296376026918449,,-0.46424548210567257,2
30,0.19,0.13,0.30000000000000004,0.1,9,10,20000,9715.01536907884,-10284.98463092116,-51.42492315460581,-11.409405268377782,-0.6567138788170082,-0.6130145024520208,-61.16074349270247,0.1865478510695201,18.77113662828414,395,304,91,76.9620253164557,126.25506315498306,-507.7671244277656,466.60364847907897,-1632.749839111268,0.8306468373854526,5.746835443037975,33,71,46.478873239436616,10.875177561308135,-16.360071648396833,-0.7508035967787614,,-0.6567138788170082,1
45,0.17,0.12000000000000001,0.5,0.1,15,10,20000,14190.950390234582,-5809.049609765418,-29.045248048827087,-5.5942981356045145,-0.6652447506529721,-0.5314729947962051,-37.79749956558772,0.14800709570475862,10.778979254591208,176,128,48,72.72727272727273,128.10193149107238,-442.33980460111223,360.0223229357639,-1676.9483385875324,0.772268620389947,12.647727272727273,33,71,46.478873239436616,5.634838271359954,-14.199184166285683,-0.41886930148793466,,-0.6652447506529721,1
45,0.18,0.060000000000000005,0.4,0.7000000000000001,19,15,20000,16628.77968411536,-3371.2203158846387,-16.856101579423193,-3.0496372131318505,-0.6684398488526784,-0.3146926193423889,-24.877195538484827,0.12258766099314071,7.228190676137948,50,44,6,88.0,59.00240943064545,-981.9877218055208,191.3380012506878,-3671.8953748247213,0.4406209224583613,11.88,24,71,33.80281690140845,2.4491029770547845,-15.287614259760684,-0.23637358352804858,,-0.6684398488526784,1
45,0.16,0.11,0.4,0.8,21,15,20000,12260.652108591163,-7739.347891408837,-38.69673945704419,-7.881940520184461,-0.6719503468917749,-0.46695143357288194,-46.493474644195636,0.1695278870960543,13.755928774734501,97,79,18,81.44329896907216,79.94160673036845,-755.829712394888,221.9356179590161,-4481.397191439933,0.4641982496654392,12.97938144329897,33,71,46.478873239436616,3.29084516996756,-15.00998766275643,-0.6278199315153616,,-0.6719503468917749,1
35,0.13,0.09,0.2,0.2,17,15,20000,13735.618922272382,-6264.381077727618,-31.32190538863809,-6.109431653761888,-0.7032536709407567,-0.5310329871394691,-41.841789443919694,0.14601267620139247,10.951239499463055,171,148,23,86.54970760233918,64.0409985904486,-637.8803856136514,291.36930661574564,-1759.7182122629838,0.646030060286121,7.298245614035087,37,71,52.112676056338024,4.987968810371357,-14.469623235020734,-0.4612655743495931,,-0.7032536709407567,1
40,0.27,0.09,0.8,0.1,23,15,20000,15927.127855235345,-4072.872144764655,-20.364360723823275,-3.748351253251747,-0.7171521234259925,-0.47548854652280226,-25.820240208651075,0.1451710450004203,7.700930488424773,82,49,33,59.756097560975604,213.2810612727223,-435.14679233721637,605.2643312471221,-1063.4195067071728,0.7277775368093717,13.695121951219512,25,71,35.2112676056338,4.336910057936971,-8.333420454526575,-0.2844372182855115,,-0.7171521234259925,1
40,0.22,0.08,0.30000000000000004,0.2,9,15,20000,14633.171121931598,-5366.8288780684015,-26.834144390342008,-5.107000414423634,-0.7394760372270289,-0.5013970080351396,-33.390804480754454,0.1529463124306325,9.21813941925335,97,83,14,85.56701030927834,96.52308502746715,-940.5460668105891,398.42260926087715,-1394.9469058246373,0.6084167743446139,9.103092783505154,27,71,38.028169014084504,4.9591948672609965,-13.10198659287739,-0.3940545324800235,,-0.7394760372270289,1
35,0.17,0.1,0.6000000000000001,0.6,21,20,20000,18145.666158132768,-1854.333841867232,-9.27166920933616,-1.6192195023093325,-0.7418424647973485,-0.413129831245886,-15.960295402857302,0.10145297824622035,4.7457213319723515,52,37,15,71.15384615384616,84.44576720779905,-323.9484819037229,189.81506127049724,-1121.1980629897735,0.6430021153007822,12.711538461538462,23,71,32.3943661971831,1.8005747980815334,-6.16994698796579,-0.12818919938810427,,-0.7418424647973485,1
40,0.16,0.14,0.5,0.2,21,15,20000,12544.86264410842,-7455.13735589158,-37.2756867794579,-7.527085078250195,-0.7694632837768179,-0.6379686131264428,-45.41479494132178,0.16574081393465656,11.853077463483139,131,98,33,74.80916030534351,128.10695446258762,-570.3460270674318,353.70217476900723,-1920.157065757436,0.6670316201215074,12.885496183206106,33,71,46.478873239436616,6.265522353191777,-10.511159530543656,-0.5903782377138594,,-0.7694632837768179,1
35,0.15000000000000002,0.11,0.4,0.1,11,10,20000,11879.173935449759,-8120.826064550241,-40.60413032275121,-8.369161574602257,-0.7696523306636526,-0.6254982489576785,-48.58200675049433,0.1722687499835955,12.866408659013489,260,207,53,79.61538461538461,99.33606390933248,-509.7507791279651,329.38990263335046,-2007.5887130526155,0.7611031600915631,8.657692307692308,32,71,45.07042253521127,6.593526464552357,-15.212282566838663,-0.6838588678661591,,-0.5557300224983153,2
40,0.17,0.09,0.9,0.7000000000000001,11,20,20000,20110.255552086932,110.25555208693186,0.5512777604346593,0.09227988467672699,-0.7948229915855783,-0.37224728323646783,-4.322174359092221,0.021350338281148927,2.364873481202485,23,18,5,78.26086956521739,71.57930351248292,-227.5743822275595,178.04481680980814,-638.164855839693,1.1323132688426674,19.52173913043478,20,71,28.169014084507044,1.3190909971244391,-3.6649995414839265,0.009295361420581964,,-0.7948229915855783,1
30,0.13,0.12000000000000001,0.5,0.1,11,20,20000,16016.619611459617,-3983.380388540383,-19.916901942701916,-3.657825690439076,-0.7962035666642915,-0.4779936258794057,-32.03622814432833,0.11417778878212463,6.893071750471472,78,55,23,70.51282051282051,128.2556816120481,-435.80186422622063,539.1772178837574,-1065.3510113823943,0.7037564412828778,9.58974358974359,26,71,36.61971830985916,3.5519841672989605,-9.279406543971069,-0.2834554505635826,,-0.7962035666642915,1
30,0.16,0.15,0.9,0.4,13,25,20000,12857.092436764355,-7142.907563235645,-35.71453781617823,-7.144876710633252,-0.8179688324221012,-0.34697482562103676,-38.89905184385216,0.18367740014111605,10.747997389115408,33,23,10,69.6969696969697,104.9374033787635,-916.7767840947193,292.3660356664079,-5120.89096259018,0.2632658592129223,15.636363636363637,18,71,25.352112676056336,3.4368016446086447,-22.23810135287415,-0.5640920064729168,,-0.6484935555308278,2
30,0.13,0.12000000000000001,0.9,0.1,13,20,20000,15771.165087065656,-4228.834912934344,-21.144174564671722,-3.9071323814956815,-0.8355828254752333,-0.5427567213437798,-33.94063327455904,0.11511666119749038,6.87999430628057,72,44,28,61.111111111111114,154.89081747081698,-366.2011029160822,830.9952726722945,-1033.282084646632,0.6646617229914419,15.722222222222221,28,71,39.436619718309856,4.937741015803754,-9.091006533701407,-0.30336705033963973,,-0.2178059551456042,5
40,0.24000000000000002,0.14,0.7,0.8,19,25,20000,13273.309318382191,-6726.690681617809,-33.63345340808904,-6.6472106283710914,-0.8491477816235031,-0.3769327685004345,-36.96173854816158,0.1798403129687663,9.861522776353995,28,17,11,60.71428571428571,85.29178495785007,-738.9591841728441,287.99464972323534,-5387.988585225893,0.17837869746566315,16.25,17,71,23.943661971830984,1.428299862948701,-21.408311327573536,-0.5317655151500931,,-0.8491477816235031,1
45,0.25,0.060000000000000005,0.7,0.7000000000000001,19,20,20000,20022.72763021498,22.72763021498031,0.11363815107490155,0.019056779098258758,-0.8492945875443685,-0.392145283475821,-6.768666509645491,0.0028154406885170734,2.3014108002636657,16,12,4,75.0,48.594239746857625,-134.9008116868333,97.4138062018426,-196.92069177533747,1.0806659902017601,16.0,12,71,16.901408450704224,1.653023134324405,-3.013147254697446,0.002687865738495881,,-0.8492945875443685,1
30,0.15000000000000002,0.14,0.8,0.1,15,20,20000,14709.002317811073,-5290.997682188927,-26.454988410944637,-5.024673906610133,-0.8547490898006758,-0.5077808353148744,-39.46289131032674,0.12732655261109224,7.995914786882165,64,43,21,67.1875,169.9798647102535,-561.0681840347547,446.5219901646586,-1460.6496864749063,0.6203417313551752,11.578125,26,71,36.61971830985916,4.112336397272776,-7.4069350466556605,-0.3980745822327537,,0.44707476308126526,2
40,0.13,0.1,0.2,0.2,23,15,20000,13554.883693735559,-6445.116306264441,-32.225581531322206,-6.317850855178497,-0.8717590434086279,-0.6229062327331047,-33.74714456007093,0.18721142003385005,9.285203446424518,155,130,25,83.87096774193549,58.475236961233406,-517.1038844489888,667.4908482245328,-1496.144233799327,0.5880273603483436,7.703225806451613,34,71,47.88732394366197,4.313009789820255,-13.333747611465974,-0.5052249699114642,,-0.46696310991770756,2
30,0.15000000000000002,0.13,0.9,0.4,19,20,20000,13266.736217995938,-6733.263782004062,-33.66631891002031,-6.654968426371777,-0.8898027311100536,-0.6015150554066699,-41.74312495678906,0.1594266944140084,9.480734820330483,101,60,41,59.4059405940594,115.52631479842901,-310.64982121731293,380.7194171286924,-2952.2302461764325,0.5442233928947002,12.138613861386139,27,71,38.028169014084504,3.725025576220964,-9.394894919289044,-0.5404048223132399,,-0.9349367183847523,2
40,0.22,0.07,0.9,0.4,15,20,20000,19792.44437167488,-207.55562832512078,-1.037778141625604,-0.17487125793208547,-0.9109764767716751,-0.5069912049358309,-6.4431349704159855,0.027140710032463485,2.3573098287874537,24,19,5,79.16666666666666,58.02955937657591,-255.78345129601993,135.72983887491108,-717.5313650041905,0.8621055213450383,19.041666666666668,15,71,21.12676056338028,0.9669708214716133,-2.6755472650727863,-0.013774155923975809,,-0.9109764767716751,1
30,0.22,0.07,0.9,0.1,23,20,20000,18272.859060479354,-1727.1409395206465,-8.635704697603233,-1.5038562044313308,-0.9171965580652341,-0.557118213302202,-15.32055886829132,0.09815935680674381,3.756506071234521,107,70,37,65.42056074766354,76.97908069703674,-188.1345023868478,262.6966265702658,-771.1419318374778,0.7741062738006138,6.196261682242991,26,71,36.61971830985916,1.7132299326598543,-6.2212872857349115,-0.1180112105682932,,-0.9171965580652341,1
45,0.24000000000000002,0.07,0.30000000000000004,0.6,15,20,20000,19899.319018745642,-100.6809812543579,-0.5034049062717895,-0.08463687704016731,-0.9308471779560027,-0.3839135141696729,-5.963584968636101,0.014192281569775998,2.2133960369906536,22,19,3,86.36363636363636,35.078656881513744,-246.19182066771666,84.95824347916194,-725.0218015682316,0.9024053939472994,9.636363636363637,12,71,16.901408450704224,1.2412932240753793,-2.2057986697191168,-0.006411574368162641,,-0.9308471779560027,1
40,0.15000000000000002,0.14,0.4,0.1,15,10,20000,12276.798440845489,-7723.201559154511,-38.61600779577255,-7.861598323809405,-0.9381775941219161,-0.7950316787051603,-44.77105386968729,0.17559556106701749,10.294106210712771,125,90,35,72.0,167.6891466804143,-608.0293266466085,386.924029039989,-1229.7150925056558,0.7091774096993699,10.488,33,71,46.478873239436616,4.758050292472826,-9.010553743782147,-0.6760264042756574,,-0.586814512645439,2
30,0.17,0.13,0.7,0.2,7,25,20000,14981.76811513816,-5018.23188486184,-25.0911594243092,-4.731434961838943,-0.9451360464535186,-0.45594225664601346,-30.036689069010926,0.15752185438841856,6.985566994628901,48,37,11,77.08333333333334,80.62615051676023,-709.1999503619973,170.39998804049267,-1825.8478654876665,0.3823985768749226,13.145833333333334,23,71,32.3943661971831,3.164645359264817,-11.391708908135634,-0.38173651300198,,-0.9451360464535186,1
40,0.28,0.14,0.4,0.1,9,15,20000,9664.105722961212,-10335.894277038788,-51.67947138519394,-11.487464418446747,-0.9688637731554154,-0.7783256508126778,-55.952298317312476,0.20530817792863307,13.685172803998416,177,115,62,64.97175141242938,183.66541817809946,-498.5922156051662,496.48041249376854,-1196.3460013939766,0.683263229154795,7.598870056497175,29,71,40.845070422535215,7.838873170533089,-14.971404634092188,-0.9090608751619181,,-0.9688637731554154,1
30,0.15000000000000002,0.14,0.7,0.5,23,15,20000,11034.498706501834,-8965.501293498166,-44.82750646749083,-9.496124646100935,-0.9761400994605043,-0.738846510364749,-54.74705565912864,0.17345452703843317,11.58041278140299,163,103,60,63.190184049079754,132.8909293100575,-346.9827835405695,475.8574667382595,-1231.301621230057,0.6574661322418579,6.47239263803681,36,71,50.70422535211267,5.777431996873039,-9.692153496246114,-0.7743454385383742,,-0.9761400994605043,1
30,0.16,0.12000000000000001,0.9,0.30000000000000004,17,25,20000,15477.655530745944,-4522.344469254056,-22.61172234627028,-4.209523418484473,-0.9800707056594512,-0.5069453147142401,-26.021339951595014,0.1617719697108236,6.231683199025779,50,30,20,60.0,60.54983839864,-307.1919810606632,217.18348128910952,-2430.9825148176324,0.2956612255448955,11.3,17,71,23.943661971830984,1.5456727799749714,-6.635354184486886,-0.34916600562494854,,-0.9349367183847523,2
45,0.22,0.11,0.30000000000000004,0.4,5,20,20000,15742.165697211978,-4257.834302788022,-21.289171513940108,-3.936799774354105,-0.9944084740739991,-0.4865346529810621,-29.094523926935707,0.13531067854007456,5.877649240881365,34,31,3,91.17647058823529,71.11110642432838,-2135.0262006474136,265.3147504053783,-2621.3928525738756,0.3441713109478026,11.676470588235293,19,71,26.76056338028169,3.690840973682308,-12.789762808359551,-0.31224794433737374,,-0.9944084740739991,1
40,0.17,0.15,0.5,0.1,13,15,20000,10911.890523199494,-9088.109476800506,-45.44054738400253,-9.665629315194824,-1.0084047396352454,-0.8026400007608323,-52.05189555925202,0.18569216762129612,11.414293159359861,117,81,36,69.23076923076923,151.64750723349937,-561.1543767420558,398.66524311830267,-1465.2605922262846,0.6080446048667552,11.914529914529915,29,71,40.845070422535215,6.8140942785711145,-12.07791847002786,-0.7881083056394935,,-0.8224253733950435,2
40,0.16,0.13,0.30000000000000004,0.1,19,10,20000,10125.828068160183,-9874.171931839817,-49.370859659199084,-10.791668004954724,-1.045165084732665,-0.886796669970261,-56.28359270693677,0.19173736938126704,12.130146583733078,213,166,47,77.93427230046949,106.34918520354478,-545.7369505452818,297.31589216221755,-1829.3981875500351,0.6882734818837751,7.877934272300469,30,71,42.25352112676056,6.858390659022051,-13.708477913416338,-0.9154025579014788,,-1.0610848259517023,2
30,0.14,0.12000000000000001,0.6000000000000001,0.9,23,20,20000,13288.162859238611,-6711.837140761389,-33.559185703806946,-6.629691739874866,-1.0522319027746325,-0.7637448054203866,-39.40924070968597,0.168226832602878,8.109228711973717,148,88,60,59.45945945945946,98.75940514824309,-230.4727465634485,463.4922658685959,-1340.7411805521328,0.628478332950662,6.263513513513513,26,71,36.61971830985916,4.196331783365581,-8.961309722279953,-0.5439085201534599,,-1.0522319027746325,1
40,0.16,0.12000000000000001,0.4,0.1,21,15,20000,11845.544748063649,-8154.4552519363515,-40.77227625968175,-8.41273428518029,-1.0770045671707393,-0.7699021718653393,-43.437801086036906,0.19367311592309322,9.587316134695401,181,137,44,75.69060773480662,79.79614871736688,-410.857446050356,262.6919636754063,-1479.781630561546,0.6047260253233359,9.486187845303867,27,71,38.028169014084504,4.568515622802538,-12.357190349041613,-0.6903242309727692,,-1.0610848259517023,2
35,0.17,0.15,0.7,0.2,19,20,20000,12170.220194608732,-7829.779805391268,-39.14889902695634,-7.996286377060358,-1.1045984087569547,-0.7489536274308789,-43.428925428769446,0.18412351441150845,8.989470577150236,83,54,29,65.06024096385542,115.64394919325021,-458.6121745457541,364.09797415639525,-1802.354395978531,0.46954054164805087,14.46987951807229,26,71,36.61971830985916,3.391020056430105,-8.980636742134063,-0.6586474912442303,,-1.1045984087569547,1
40,0.25,0.15,0.8,0.2,17,25,20000,14527.536462287433,-5472.463537712567,-27.362317688562836,-5.222277007435194,-1.1942280179694789,-0.6527422687297783,-29.90128218462504,0.17465060445202046,6.015686969024302,35,22,13,62.857142857142854,116.96311219481142,-613.0963081537285,321.9183816754239,-1407.872407274485,0.3228490725700079,15.885714285714286,19,71,26.76056338028169,3.6382702355137297,-7.225241675602856,-0.4316963080708673,,-1.1942280179694789,1
35,0.27,0.060000000000000005,0.7,0.4,19,20,20000,19064.950138126216,-935.0498618737838,-4.675249309368919,-0.8001065576743738,-1.3104271879106688,-0.41913283359032844,-10.138164584063023,0.07892025731483232,2.1223642253965327,18,14,4,77.77777777777779,87.07534032996251,-532.67615662332,157.84905084779072,-1594.3059062260274,0.5721369116402583,12.38888888888889,14,71,19.718309859154928,1.0952259342716042,-7.848883524150462,-0.06229422651290794,,-1.3104271879106688,1
45,0.32,0.08,0.2,0.1,9,20,20000,19053.678033421867,-946.3219665781326,-4.731609832890663,-0.8099493433144533,-1.450887009127148,-0.4183291215551699,-8.85067480468877,0.0915127220452582,1.9265238825471327,23,20,3,86.95652173913044,45.13132949388357,-606.3495188186101,90.07939058649903,-650.4391032820512,0.49620807903903186,4.826086956521739,7,71,9.859154929577464,1.0377904640852087,-6.383645956952999,-0.06466721418637891,,-1.450887009127148,1
35,0.15000000000000002,0.05,0.8,0.8,19,20,20000,17312.5085817945,-2687.4914182055,-13.437457091027499,-2.391989598093325,-2.1518496515258936,-0.8243596279337267,-14.58059323762061,0.16405296815506465,2.0454252134754918,30,20,10,66.66666666666666,15.324705328674971,-295.10855247790465,53.663441197626,-1772.7102777658438,0.10385809018410175,12.2,17,71,23.943661971830984,0.6961194541425408,-8.897095678448752,-0.19642099673725497,,-2.1518496515258936,1
35,0.16,0.16,0.4,0.3,20,25,20000,20000.0,0.0,0.0,0.0,,,0.0,,0.0,0,0,0,0.0,0.0,0.0,0.0,0.0,0.0,,0,71,0.0,0.0,0.0,0.0,True,0.3772044812712283,1
30,0.16,0.16,0.6,0.7,20,20,20000,20000.0,0.0,0.0,0.0,,,0.0,,0.0,0,0,0,0.0,0.0,0.0,0.0,0.0,0.0,,0,71,0.0,0.0,0.0,0.0,True,0.4450862683327365,1
40,0.16,0.16,0.55,0.3,20,10,20000,20000.0,0.0,0.0,0.0,,,0.0,,0.0,0,0,0,0.0,0.0,0.0,0.0,0.0,0.0,,0,71,0.0,0.0,0.0,0.0,True,,0
35,0.16,0.16,0.55,0.5,24,15,20000,20000.0,0.0,0.0,0.0,,,0.0,,0.0,0,0,0,0.0,0.0,0.0,0.0,0.0,0.0,,0,71,0.0,0.0,0.0,0.0,True,0.7553036572601509,1
45,0.16,0.16,0.45,0.3,22,20,20000,20000.0,0.0,0.0,0.0,,,0.0,,0.0,0,0,0,0.0,0.0,0.0,0.0,0.0,0.0,,0,71,0.0,0.0,0.0,0.0,True,0.0241125405135301,1
35,0.16,0.16,0.4,0.9,22,10,20000,20000.0,0.0,0.0,0.0,,,0.0,,0.0,0,0,0,0.0,0.0,0.0,0.0,0.0,0.0,,0,71,0.0,0.0,0.0,0.0,True,0.1839579777646263,1
45,0.16,0.16,0.4,0.3,18,15,20000,20000.0,0.0,0.0,0.0,,,0.0,,0.0,0,0,0,0.0,0.0,0.0,0.0,0.0,0.0,,0,71,0.0,0.0,0.0,0.0,True,0.4091225673319534,1
40,0.16,0.16,0.5,0.9,18,20,20000,20000.0,0.0,0.0,0.0,,,0.0,,0.0,0,0,0,0.0,0.0,0.0,0.0,0.0,0.0,,0,71,0.0,0.0,0.0,0.0,True,,0
30,0.16,0.16,0.5,0.7,24,10,20000,20000.0,0.0,0.0,0.0,,,0.0,,0.0,0,0,0,0.0,0.0,0.0,0.0,0.0,0.0,,0,71,0.0,0.0,0.0,0.0,True,,0
30,0.16,0.16,0.5,0.5,22,25,20000,20000.0,0.0,0.0,0.0,,,0.0,,0.0,0,0,0,0.0,0.0,0.0,0.0,0.0,0.0,,0,71,0.0,0.0,0.0,0.0,True,0.0643833797507737,1
40,0.16,0.16,0.55,0.9,22,25,20000,20000.0,0.0,0.0,0.0,,,0.0,,0.0,0,0,0,0.0,0.0,0.0,0.0,0.0,0.0,,0,71,0.0,0.0,0.0,0.0,True,0.3104679928257521,2
45,0.26,0.05,0.9,0.5,5,20,20000,20461.207188351163,461.2071883511635,2.3060359417558174,0.38323706785166056,,,-7.824005626864006,,3.061763311721851,8,6,2,75.0,99.74665738153381,-63.43637796902476,133.93362392523645,-90.27514318114447,4.717166738156406,31.75,9,71,12.676056338028168,3.547617749606613,-3.2351622446136985,0.033955573956904135,True,,0
45,0.17,0.14,0.30000000000000004,0.2,13,25,20000,20125.434510287538,125.4345102875377,0.6271725514376886,0.10495112726254252,,,-0.038999999999996364,,0.20639557221501229,2,2,0,100.0,70.51725514376673,0.0,78.00237556838842,0.0,inf,1.0,2,71,2.8169014084507045,0.35004519068546625,0.0,0.008819800905368914,True,,0
45,0.15000000000000002,0.08,0.9,0.2,9,20,20000,20026.460176691762,26.46017669176217,0.13230088345881086,0.022184742490405363,,,-0.006499999999996362,,0.04276101516454891,2,2,0,100.0,14.530088345879278,0.0,16.807853285913644,0.0,inf,1.0,1,71,1.4084507042253522,0.13230088345881352,0.0,0.0018633927247720214,True,,0
40,0.11,0.11,0.30000000000000004,0.1,23,25,20000,20000.0,0.0,0.0,0.0,,,0.0,,0.0,0,0,0,0.0,0.0,0.0,0.0,0.0,0.0,,0,71,0.0,0.0,0.0,0.0,True,,0
30,0.14,0.05,0.4,0.4,9,25,20000,20000.0,0.0,0.0,0.0,,,0.0,,0.0,0,0,0,0.0,0.0,0.0,0.0,0.0,0.0,,0,71,0.0,0.0,0.0,0.0,True,,0
35,0.16,0.1,0.30000000000000004,0.8,5,25,20000,20000.0,0.0,0.0,0.0,,,0.0,,0.0,0,0,0,0.0,0.0,0.0,0.0,0.0,0.0,,0,71,0.0,0.0,0.0,0.0,True,,0
45,0.14,0.05,0.8,0.7000000000000001,19,25,20000,20000.0,0.0,0.0,0.0,,,0.0,,0.0,0,0,0,0.0,0.0,0.0,0.0,0.0,0.0,,0,71,0.0,0.0,0.0,0.0,True,,0
30,0.12000000000000001,0.05,0.7,0.30000000000000004,15,25,20000,20000.0,0.0,0.0,0.0,,,0.0,,0.0,0,0,0,0.0,0.0,0.0,0.0,0.0,0.0,,0,71,0.0,0.0,0.0,0.0,True,,0
40,0.1,0.1,0.6000000000000001,0.7000000000000001,13,20,20000,20000.0,0.0,0.0,0.0,,,0.0,,0.0,0,0,0,0.0,0.0,0.0,0.0,0.0,0.0,,0,71,0.0,0.0,0.0,0.0,True,,0
30,0.14,0.14,0.9,0.6,9,15,20000,20000.0,0.0,0.0,0.0,,,0.0,,0.0,0,0,0,0.0,0.0,0.0,0.0,0.0,0.0,,0,71,0.0,0.0,0.0,0.0,True,,0
30,0.14,0.14,0.4,0.6,9,10,20000,20000.0,0.0,0.0,0.0,,,0.0,,0.0,0,0,0,0.0,0.0,0.0,0.0,0.0,0.0,,0,71,0.0,0.0,0.0,0.0,True,,0
35,0.12000000000000001,0.12000000000000001,0.9,0.30000000000000004,7,10,20000,20000.0,0.0,0.0,0.0,,,0.0,,0.0,0,0,0,0.0,0.0,0.0,0.0,0.0,0.0,,0,71,0.0,0.0,0.0,0.0,True,2.5967725639908754,1
30,0.14,0.14,0.8,0.30000000000000004,7,10,20000,20000.0,0.0,0.0,0.0,,,0.0,,0.0,0,0,0,0.0,0.0,0.0,0.0,0.0,0.0,,0,71,0.0,0.0,0.0,0.0,True,,0
30,0.13,0.13,0.9,0.1,9,20,20000,20000.0,0.0,0.0,0.0,,,0.0,,0.0,0,0,0,0.0,0.0,0.0,0.0,0.0,0.0,,0,71,0.0,0.0,0.0,0.0,True,0.9239023897929606,5
30,0.1,0.1,0.8,0.30000000000000004,5,15,20000,20000.0,0.0,0.0,0.0,,,0.0,,0.0,0,0,0,0.0,0.0,0.0,0.0,0.0,0.0,,0,71,0.0,0.0,0.0,0.0,True,2.1398270502365144,4
35,0.16,0.07,0.4,0.1,19,25,20000,20000.0,0.0,0.0,0.0,,,0.0,,0.0,0,0,0,0.0,0.0,0.0,0.0,0.0,0.0,,0,71,0.0,0.0,0.0,0.0,True,,0
45,0.16,0.11,0.7,0.8,21,25,20000,20000.0,0.0,0.0,0.0,,,0.0,,0.0,0,0,0,0.0,0.0,0.0,0.0,0.0,0.0,,0,71,0.0,0.0,0.0,0.0,True,,0
35,0.1,0.1,0.9,0.30000000000000004,13,15,20000,20000.0,0.0,0.0,0.0,,,0.0,,0.0,0,0,0,0.0,0.0,0.0,0.0,0.0,0.0,,0,71,0.0,0.0,0.0,0.0,True,2.3723902836665904,2
40,0.11,0.11,0.4,0.30000000000000004,15,10,20000,20000.0,0.0,0.0,0.0,,,0.0,,0.0,0,0,0,0.0,0.0,0.0,0.0,0.0,0.0,,0,71,0.0,0.0,0.0,0.0,True,1.7680224010033543,13
30,0.1,0.1,0.9,0.5,17,20,20000,20000.0,0.0,0.0,0.0,,,0.0,,0.0,0,0,0,0.0,0.0,0.0,0.0,0.0,0.0,,0,71,0.0,0.0,0.0,0.0,True,,0
35,0.12000000000000001,0.12000000000000001,0.5,0.2,17,10,20000,20000.0,0.0,0.0,0.0,,,0.0,,0.0,0,0,0,0.0,0.0,0.0,0.0,0.0,0.0,,0,71,0.0,0.0,0.0,0.0,True,2.043151668838397,20
45,0.12000000000000001,0.12000000000000001,0.6000000000000001,0.4,13,10,20000,20000.0,0.0,0.0,0.0,,,0.0,,0.0,0,0,0,0.0,0.0,0.0,0.0,0.0,0.0,,0,71,0.0,0.0,0.0,0.0,True,2.4797059229550182,2
40,0.13,0.13,0.8,0.1,15,10,20000,20000.0,0.0,0.0,0.0,,,0.0,,0.0,0,0,0,0.0,0.0,0.0,0.0,0.0,0.0,,0,71,0.0,0.0,0.0,0.0,True,2.7501837941574165,1
40,0.22,0.08,0.4,0.9,15,25,20000,20000.0,0.0,0.0,0.0,,,0.0,,0.0,0,0,0,0.0,0.0,0.0,0.0,0.0,0.0,,0,71,0.0,0.0,0.0,0.0,True,,0
30,0.11,0.11,0.9,0.2,11,10,20000,20000.0,0.0,0.0,0.0,,,0.0,,0.0,0,0,0,0.0,0.0,0.0,0.0,0.0,0.0,,0,71,0.0,0.0,0.0,0.0,True,2.371324421892487,9
40,0.12000000000000001,0.12000000000000001,0.5,0.30000000000000004,13,10,20000,20000.0,0.0,0.0,0.0,,,0.0,,0.0,0,0,0,0.0,0.0,0.0,0.0,0.0,0.0,,0,71,0.0,0.0,0.0,0.0,True,2.304783892932638,7
30,0.12000000000000001,0.12000000000000001,0.8,0.2,13,15,20000,20000.0,0.0,0.0,0.0,,,0.0,,0.0,0,0,0,0.0,0.0,0.0,0.0,0.0,0.0,,0,71,0.0,0.0,0.0,0.0,True,1.4396972834315125,8
40,0.12000000000000001,0.12000000000000001,0.9,0.6,5,25,20000,20000.0,0.0,0.0,0.0,,,0.0,,0.0,0,0,0,0.0,0.0,0.0,0.0,0.0,0.0,,0,71,0.0,0.0,0.0,0.0,True,,0
30,0.13,0.13,0.9,0.30000000000000004,13,10,20000,20000.0,0.0,0.0,0.0,,,0.0,,0.0,0,0,0,0.0,0.0,0.0,0.0,0.0,0.0,,0,71,0.0,0.0,0.0,0.0,True,0.9566691125022131,2
30,0.11,0.11,0.6000000000000001,0.2,11,15,20000,20000.0,0.0,0.0,0.0,,,0.0,,0.0,0,0,0,0.0,0.0,0.0,0.0,0.0,0.0,,0,71,0.0,0.0,0.0,0.0,True,3.0554545471912533,3
45,0.14,0.14,0.5,0.2,17,10,20000,20000.0,0.0,0.0,0.0,,,0.0,,0.0,0,0,0,0.0,0.0,0.0,0.0,0.0,0.0,,0,71,0.0,0.0,0.0,0.0,True,0.2083253448347664,3
35,0.11,0.11,0.7,0.1,13,10,20000,20000.0,0.0,0.0,0.0,,,0.0,,0.0,0,0,0,0.0,0.0,0.0,0.0,0.0,0.0,,0,71,0.0,0.0,0.0,0.0,True,2.8755080449835515,8
30,0.12000000000000001,0.12000000000000001,0.7,0.1,17,15,20000,20000.0,0.0,0.0,0.0,,,0.0,,0.0,0,0,0,0.0,0.0,0.0,0.0,0.0,0.0,,0,71,0.0,0.0,0.0,0.0,True,2.156437257350555,2
40,0.12000000000000001,0.12000000000000001,0.4,0.4,11,15,20000,20000.0,0.0,0.0,0.0,,,0.0,,0.0,0,0,0,0.0,0.0,0.0,0.0,0.0,0.0,,0,71,0.0,0.0,0.0,0.0,True,1.8857053820639282,2
40,0.12000000000000001,0.12000000000000001,0.5,0.1,13,10,20000,20000.0,0.0,0.0,0.0,,,0.0,,0.0,0,0,0,0.0,0.0,0.0,0.0,0.0,0.0,,0,71,0.0,0.0,0.0,0.0,True,1.8882405617181075,8
35,0.16,0.07,0.4,0.5,15,25,20000,20000.0,0.0,0.0,0.0,,,0.0,,0.0,0,0,0,0.0,0.0,0.0,0.0,0.0,0.0,,0,71,0.0,0.0,0.0,0.0,True,,0
30,0.11,0.11,0.9,0.1,5,20,20000,20000.0,0.0,0.0,0.0,,,0.0,,0.0,0,0,0,0.0,0.0,0.0,0.0,0.0,0.0,,0,71,0.0,0.0,0.0,0.0,True,2.406464701687528,15
40,0.11,0.11,0.6000000000000001,0.1,21,15,20000,20000.0,0.0,0.0,0.0,,,0.0,,0.0,0,0,0,0.0,0.0,0.0,0.0,0.0,0.0,,0,71,0.0,0.0,0.0,0.0,True,2.1291860459103797,4
35,0.13,0.13,0.6000000000000001,0.2,23,10,20000,20000.0,0.0,0.0,0.0,,,0.0,,0.0,0,0,0,0.0,0.0,0.0,0.0,0.0,0.0,,0,71,0.0,0.0,0.0,0.0,True,0.7353026382705281,5
40,0.11,0.11,0.9,0.2,23,15,20000,20000.0,0.0,0.0,0.0,,,0.0,,0.0,0,0,0,0.0,0.0,0.0,0.0,0.0,0.0,,0,71,0.0,0.0,0.0,0.0,True,,0
40,0.13,0.13,0.5,0.1,15,10,20000,20000.0,0.0,0.0,0.0,,,0.0,,0.0,0,0,0,0.0,0.0,0.0,0.0,0.0,0.0,,0,71,0.0,0.0,0.0,0.0,True,0.4099778938823769,6
45,0.24000000000000002,0.07,0.5,0.1,11,25,20000,20000.0,0.0,0.0,0.0,,,0.0,,0.0,0,0,0,0.0,0.0,0.0,0.0,0.0,0.0,,0,71,0.0,0.0,0.0,0.0,True,,0
45,0.13,0.13,0.5,0.1,19,15,20000,20000.0,0.0,0.0,0.0,,,0.0,,0.0,0,0,0,0.0,0.0,0.0,0.0,0.0,0.0,,0,71,0.0,0.0,0.0,0.0,True,1.0035147044652337,4
30,0.1,0.1,0.7,0.5,15,15,20000,20000.0,0.0,0.0,0.0,,,0.0,,0.0,0,0,0,0.0,0.0,0.0,0.0,0.0,0.0,,0,71,0.0,0.0,0.0,0.0,True,,0
30,0.11,0.11,0.8,0.30000000000000004,15,20,20000,20000.0,0.0,0.0,0.0,,,0.0,,0.0,0,0,0,0.0,0.0,0.0,0.0,0.0,0.0,,0,71,0.0,0.0,0.0,0.0,True,2.0442687644899777,5
35,0.11,0.11,0.7,0.1,13,20,20000,20000.0,0.0,0.0,0.0,,,0.0,,0.0,0,0,0,0.0,0.0,0.0,0.0,0.0,0.0,,0,71,0.0,0.0,0.0,0.0,True,2.880271733834991,7
30,0.11,0.11,0.8,0.2,5,20,20000,20000.0,0.0,0.0,0.0,,,0.0,,0.0,0,0,0,0.0,0.0,0.0,0.0,0.0,0.0,,0,71,0.0,0.0,0.0,0.0,True,2.5065351430844887,18
35,0.11,0.11,0.9,0.1,9,20,20000,20000.0,0.0,0.0,0.0,,,0.0,,0.0,0,0,0,0.0,0.0,0.0,0.0,0.0,0.0,,0,71,0.0,0.0,0.0,0.0,True,2.1691634828401605,13
35,0.11,0.11,0.8,0.4,15,25,20000,20000.0,0.0,0.0,0.0,,,0.0,,0.0,0,0,0,0.0,0.0,0.0,0.0,0.0,0.0,,0,71,0.0,0.0,0.0,0.0,True,1.4695067459362603,3
45,0.15000000000000002,0.13,0.30000000000000004,0.9,21,25,20000,20000.0,0.0,0.0,0.0,,,0.0,,0.0,0,0,0,0.0,0.0,0.0,0.0,0.0,0.0,,0,71,0.0,0.0,0.0,0.0,True,,0
35,0.30000000000000004,0.060000000000000005,0.2,0.1,15,25,20000,20000.0,0.0,0.0,0.0,,,0.0,,0.0,0,0,0,0.0,0.0,0.0,0.0,0.0,0.0,,0,71,0.0,0.0,0.0,0.0,True,,0
45,0.21000000000000002,0.12000000000000001,0.4,0.9,7,25,20000,20000.0,0.0,0.0,0.0,,,0.0,,0.0,0,0,0,0.0,0.0,0.0,0.0,0.0,0.0,,0,71,0.0,0.0,0.0,0.0,True,,0
30,0.1,0.1,0.8,0.2,9,20,20000,20000.0,0.0,0.0,0.0,,,0.0,,0.0,0,0,0,0.0,0.0,0.0,0.0,0.0,0.0,,0,71,0.0,0.0,0.0,0.0,True,2.3489284651243296,5
35,0.13,0.13,0.4,0.30000000000000004,13,10,20000,20000.0,0.0,0.0,0.0,,,0.0,,0.0,0,0,0,0.0,0.0,0.0,0.0,0.0,0.0,,0,71,0.0,0.0,0.0,0.0,True,1.6425030054416656,6
30,0.11,0.11,0.9,0.30000000000000004,11,20,20000,20000.0,0.0,0.0,0.0,,,0.0,,0.0,0,0,0,0.0,0.0,0.0,0.0,0.0,0.0,,0,71,0.0,0.0,0.0,0.0,True,2.455768108660974,5
35,0.11,0.11,0.9,0.30000000000000004,9,15,20000,20000.0,0.0,0.0,0.0,,,0.0,,0.0,0,0,0,0.0,0.0,0.0,0.0,0.0,0.0,,0,71,0.0,0.0,0.0,0.0,True,2.7591471008699187,6
30,0.13,0.13,0.9,0.30000000000000004,5,25,20000,20000.0,0.0,0.0,0.0,,,0.0,,0.0,0,0,0,0.0,0.0,0.0,0.0,0.0,0.0,,0,71,0.0,0.0,0.0,0.0,True,0.6851026676707703,2
40,0.14,0.14,0.5,0.30000000000000004,15,15,20000,20000.0,0.0,0.0,0.0,,,0.0,,0.0,0,0,0,0.0,0.0,0.0,0.0,0.0,0.0,,0,71,0.0,0.0,0.0,0.0,True,-0.2354514311689619,1
35,0.18,0.05,0.5,0.8,9,25,20000,20000.0,0.0,0.0,0.0,,,0.0,,0.0,0,0,0,0.0,0.0,0.0,0.0,0.0,0.0,,0,71,0.0,0.0,0.0,0.0,True,,0
40,0.14,0.060000000000000005,0.2,0.7000000000000001,7,20,20000,19820.808689857324,-179.19131014267623,-0.8959565507133812,-0.1508837809345298,,,-8.877524347148356,,3.256272026608966,12,9,3,75.0,6.128661894470565,-72.04975573097637,15.80763343982775,-115.72192923727211,0.25518456651070925,7.25,7,71,9.859154929577464,1.812658527072064,-2.3527003294594118,-0.012001293605013992,True,,0
35,0.19,0.12000000000000001,0.2,0.2,11,25,20000,19404.355632890256,-595.644367109744,-2.97822183554872,-0.505982439388386,,,-5.4885755991559275,,1.475020798779881,11,10,1,90.9090909090909,27.550766951353616,-850.352036623305,69.11836437481494,-850.352036623305,0.3239924850507326,7.545454545454546,8,71,11.267605633802818,0.5991414836242548,-4.042209036744671,-0.04131755961087035,True,,0
35,0.18,0.12000000000000001,0.9,0.1,5,25,20000,18676.712181886465,-1323.2878181135347,-6.616439090567673,-1.14194015892225,,,-8.428029935585153,,1.4565031703019398,8,5,3,62.5,28.350092503452593,-483.14609354360385,93.83296009841929,-670.5403351986489,0.09779682544024683,17.0,5,71,7.042253521126761,0.4908830114612739,-3.3722016759932583,-0.09513269513160716,True,,0
45,0.31,0.12000000000000001,0.8,0.2,13,25,20000,18238.672505412032,-1761.3274945879675,-8.806637472939837,-1.5347973952869798,,,-9.252961818928364,,3.0526044990969456,3,2,1,66.66666666666666,50.483351317532204,-1858.3941972230364,75.3340033956626,-1858.3941972230364,0.054330078508605474,6.0,2,71,2.8169014084507045,0.3697202024538715,-6.224228029917523,-0.12623388509150277,True,,0
30,0.21000000000000002,0.060000000000000005,0.8,0.2,15,25,20000,18085.423960960878,-1914.5760390391224,-9.572880195195612,-1.674093869133353,,,-10.925743337489195,,3.0663077212202663,14,8,6,57.14285714285714,25.823872136662132,-350.4945026887386,63.47681924028791,-1600.2304988036042,0.09823785894333174,8.714285714285714,3,71,4.225352112676056,0.2085332647065341,-5.222853494729218,-0.1390004991567176,True,,0
40,0.32,0.11,0.5,0.30000000000000004,17,25,20000,17929.868650968445,-2070.131349031555,-10.350656745157776,-1.8164953413282725,,,-11.15362702722508,,3.8930116932953256,4,3,1,75.0,61.551589734814364,-2249.5861182360036,75.3340033956626,-2249.5861182360036,0.08208388543455218,9.75,3,71,4.225352112676056,0.9532308432501191,-7.428881029837376,-0.14850758360277352,True,,0
45,0.32,0.14,0.30000000000000004,0.8,17,25,20000,17706.28328865155,-2293.71671134845,-11.468583556742251,-2.022985954284484,,,-16.681413111058987,,5.30635480126672,12,10,2,83.33333333333334,107.64330259611351,-1676.624868654802,146.25968329787528,-3280.1425633032477,0.32101188706117195,7.166666666666667,10,71,14.084507042253522,2.1752216255331858,-12.98898669473364,-0.1564298573909492,True,,0
35,0.31,0.08,0.6000000000000001,0.7000000000000001,11,25,20000,15907.632459426426,-4092.367540573574,-20.461837702867868,-3.768127992489856,,,-21.153124769532834,,7.6117511020566715,4,3,1,75.0,59.7497537912861,-4266.4168019474355,85.78350897887174,-4266.4168019474355,0.0420140060605515,16.0,3,71,4.225352112676056,1.2000965032748834,-18.41331643117725,-0.29419393533197025,True,,0
40,0.28,0.07,0.7,0.8,11,20,20000,15901.16185037412,-4098.838149625881,-20.494190748129405,-3.77469643911309,,,-21.682106773504824,,8.517974234062994,14,11,3,78.57142857142857,88.39425703342965,-1684.3249923312114,153.8018954163882,-4400.895652346231,0.19242858549563546,16.928571428571427,10,71,14.084507042253522,1.311258419408845,-18.97843008036888,-0.29221949153796506,True,,0
45,0.28,0.11,0.8,0.8,7,25,20000,14932.689559811359,-5067.310440188641,-25.336552200943206,-4.783867600708702,,,-25.611914589337704,,8.627351508746333,2,1,1,50.0,75.3340033956626,-5140.044443584306,75.3340033956626,-5140.044443584306,0.014656294166812684,13.0,1,71,1.4084507042253522,0.37017001697832175,-23.126060091379486,-0.36605023286530614,True,,0
