dte,short_delta,strike_width,profit_target,stop_loss,dte_min,initial_capital,final_value,total_pnl,total_return_pct,annualized_return_pct,sharpe_ratio,sortino_ratio,max_drawdown_pct,calmar_ratio,volatility_pct,total_trades,winning_trades,losing_trades,win_rate_pct,avg_win,avg_loss,largest_win,largest_loss,profit_factor,avg_days_in_trade,positive_months,total_months,positive_months_pct,best_month_pct,worst_month_pct,avg_monthly_return_pct,below_min_trades,stability_score,stability_n
24,0.31,10,0.9,0.3,5,150000,210934.3708470117,60934.37084701174,40.62291389800783,5.890464250659688,0.7280110443066257,0.7902710611695563,-11.289289286943252,0.5217745865961968,5.315032206351744,1251,964,287,77.05835331734612,154.4996670758078,-302.7602252527665,228.133417416791,-639.0570860882567,1.7140514957151378,15.7242206235012,48,71,67.6056338028169,3.119260568497695,-3.8513400381578577,0.4943912802592041,,0.5426030461661034,56
27,0.3299999999999999,10,0.9,0.3,5,150000,215381.7603415612,65381.7603415612,43.58784022770747,6.262048022375777,0.7186613371763275,0.8089957247157352,-12.377065911785596,0.5059396198587727,5.919316952341141,1280,962,318,75.15625,168.38197536562174,-300.5348553438604,239.4735916756243,-555.2906641272249,1.6949180488617537,18.45625,47,71,66.19718309859155,3.721220870417996,-3.50928905616652,0.5294333653267564,,0.5596460710386647,78
27,0.35,10,0.9,0.3,5,150000,215679.33159749475,65679.33159749475,43.7862210649965,6.286681775392911,0.7109157890298733,0.812283926304942,-12.24673733057499,0.5133352341686704,6.025331134712616,1256,919,337,73.1687898089172,183.37345743910825,-302.8845698747884,265.3654235485426,-555.2906641272249,1.6509918705269802,18.53264331210191,48,71,67.6056338028169,3.8969296196246894,-4.056818841847143,0.5334844575785455,,0.5673509743949693,63
24,0.3299999999999999,10,0.9,0.3,5,150000,209682.70939079745,59682.70939079745,39.7884729271983,5.784711664179465,0.6971495994050145,0.7709227290967413,-11.598985309628116,0.4987256651991512,5.414481672697943,1230,926,304,75.28455284552845,166.93918567855226,-309.1514019487307,246.08377890080448,-639.0570860882567,1.6448430854411282,15.721951219512196,48,71,67.6056338028169,3.30105181148459,-3.531627718505004,0.4883546266912019,,0.5620609813618276,90
24,0.31,15,0.9,0.3,5,150000,222695.8581878439,72695.8581878439,48.4639054585626,6.859490520868272,0.6923329503303217,0.7303438006182511,-15.17709227549562,0.4519634193661295,7.062688855779517,1251,979,272,78.25739408473221,195.2666103912516,-432.0160697062108,294.42175989065134,-859.2304897080902,1.6268288804545092,15.666666666666666,46,71,64.7887323943662,4.549635445948552,-4.881691000904242,0.5808567439508323,,0.5610503984486562,53
21,0.35,10,0.9,0.3,5,150000,207932.58621813488,57932.58621813488,38.62172414542325,5.63595994772228,0.6759959070028229,0.7450265555696636,-10.983037432738316,0.5131513010164721,5.372229286668143,1209,883,326,73.03556658395368,178.27166938034782,-301.8580277097159,263.7311118030832,-630.668494463647,1.5996416550622896,14.760132340777504,47,71,66.19718309859155,3.2010663097275627,-3.61495702271023,0.4762944963098748,,0.5728596143384207,49
24,0.35,10,0.8,0.3,5,150000,207000.4850164071,57000.485016407096,38.0003233442714,5.556310348549354,0.6644620849929286,0.7531659645702459,-10.936770098352609,0.5080394210157434,5.349975028098021,1225,909,316,74.20408163265306,169.94274111292623,-304.50454871210763,262.9203153932366,-630.668494463647,1.6054087845633962,14.0,46,71,64.7887323943662,3.2848577316047622,-3.7833428640292266,0.4695436847208523,,0.5567398477878979,81
24,0.31,20,0.8,0.30000000000000004,5,150000,227359.98461720248,77359.98461720248,51.57332307813499,7.232000812845696,0.6618035364818592,0.6197733255737464,-17.067651042831024,0.42372560785881397,8.02576315299364,1285,1002,283,77.97665369649806,229.9085800160258,-534.7629419041889,318.60501038427765,-1772.5425456919768,1.522212070200332,17.622568093385215,44,71,61.97183098591549,4.983874890722206,-6.634266621381791,0.6202117796313145,,0.49909911442739624,15
30,0.3299999999999999,10,0.9,0.3,5,150000,212822.0819069977,62822.081906997686,41.88138793799846,6.048973136505409,0.6615998404853203,0.7424502280576952,-12.817152839049092,0.471943590941386,6.147024567291055,1289,957,332,74.24359968968193,169.39096189230483,-295.88213371489456,239.4735916756243,-555.2906641272249,1.650233299528878,19.303335919317306,47,71,66.19718309859155,3.555562750012076,-3.9938964356978968,0.5139524512960632,,0.5333855899389013,40
21,0.35,15,0.9,0.3,5,150000,221000.3617778524,71000.3617778524,47.33357451856827,6.722466215347422,0.6605710232898234,0.7034174585595295,-14.89589770205592,0.4512964810720735,7.22549550127837,1209,907,302,75.02067824648469,226.45364708806707,-441.91424222423336,347.9393021776071,-995.4200511090276,1.539010791674463,14.80066170388751,48,71,67.6056338028169,4.600549512624674,-4.951683196582479,0.5728500116346208,,0.5829488737266804,47
30,0.35,10,0.9,0.3,5,150000,213477.7845444463,63477.7845444463,42.31852302963087,6.103757994758108,0.6602911037079808,0.7521605048498129,-12.691765309481816,0.4809226964036348,6.246833304192935,1269,918,351,72.3404255319149,184.4867658547745,-299.3954601117411,265.3654235485426,-555.2906641272249,1.611593739526176,19.3672182821119,46,71,64.7887323943662,3.743459009512473,-4.457302217099968,0.5207976786270146,,0.5490166372912464,33
24,0.31,10,0.8,0.3,5,150000,205293.43527484237,55293.43527484234,36.86229018322823,5.409663099793538,0.658834624659758,0.722974393516383,-10.880903722211,0.4971703856501263,5.170140862520068,1253,976,277,77.8930566640064,145.16308515293724,-306.6199760318134,210.88790061457905,-639.0570860882567,1.6681142521710497,13.85953711093376,47,71,66.19718309859155,3.063308701010748,-3.72996132919009,0.4553683414866457,,0.5403228609555122,61
24,0.3299999999999999,15,0.9,0.3,5,150000,221040.83891839092,71040.83891839095,47.3605592789273,6.725747617430189,0.6579252598715837,0.7043430841388917,-15.219036608530237,0.4419299191159329,7.263347912869883,1230,942,288,76.58536585365854,212.7373145758949,-446.6271751853674,325.20227077903274,-859.2304897080902,1.5579622970094933,15.688617886178864,46,71,64.7887323943662,4.809853153626276,-4.8049422917285645,0.5736634103546402,,0.5767624913685462,86
27,0.31,10,0.9,0.3,5,150000,210109.0683411845,60109.068341184495,40.07271222745633,5.820793482232278,0.6575309276232317,0.7273347839960344,-11.91378798039878,0.4885762187315208,5.828111497928958,1294,986,308,76.19783616692428,155.3836838375195,-298.7186737466215,228.133417416791,-654.6852218155752,1.6652108789622833,18.343122102009275,47,71,66.19718309859155,3.4662258087102327,-3.6561419677247455,0.491533364763841,,0.5409239801120299,52
27,0.3299999999999999,10,0.8,0.3,5,150000,208710.8881884185,58710.888188418496,39.14059212561233,5.702239854499624,0.6522352696702683,0.7458885650361042,-12.523922637244292,0.4553078152640457,5.6911831460807765,1282,972,310,75.81903276131045,158.03288476775563,-301.6921965739746,233.69644366210943,-555.2906641272249,1.6424341328639671,16.357254290171607,46,71,64.7887323943662,3.439422242022716,-3.230315445333365,0.4831533955055035,,0.5536323927996959,86
27,0.35,15,0.9,0.3,5,150000,227209.3359657465,77209.33596574652,51.472890643831015,7.220068758222897,0.6518601546306313,0.7141882540868467,-16.209170135176134,0.445431116954862,8.145026142800885,1256,932,324,74.20382165605095,236.30170127357087,-439.8437865176808,347.57620659765934,-789.8671751302693,1.5453942402195142,18.378184713375795,46,71,64.7887323943662,5.047468650694986,-5.48367409338113,0.6211754277382932,,0.5935673756373844,59
24,0.31,20,0.9,0.30000000000000004,5,150000,227170.7021675286,77170.7021675286,51.4471347783524,7.217007726074742,0.6480836794816855,0.5961298285357681,-17.661638755186512,0.4086261657885737,8.195704806038542,1285,988,297,76.88715953307394,237.2345199296398,-523.7256010874944,318.60501038427765,-1772.5425456919768,1.506865794999034,19.03579766536965,45,71,63.38028169014085,5.101955555775262,-7.003388172474956,0.6211946234747713,,0.5115261572334142,11
24,0.3299999999999999,10,0.8,0.3,5,150000,205089.10463135107,55089.104631351074,36.72606975423405,5.392041772001366,0.6459708650171746,0.7224699627423821,-11.11361874183594,0.4851742620703412,5.253916962619007,1232,937,295,76.0551948051948,157.79429943071574,-310.17737177292565,232.70601092602172,-639.0570860882567,1.6158415547904357,13.941558441558442,47,71,66.19718309859155,3.2239922799199405,-3.432563768398178,0.455916784265965,,0.5500801660641786,100
21,0.3299999999999999,10,0.9,0.3,5,150000,205204.6773767476,55204.67737674757,36.803118251165046,5.402010476146302,0.6398126435920052,0.692645732659153,-11.513095251827206,0.4692057485834633,5.32530115039177,1214,905,309,74.54695222405272,166.25367999303296,-304.7706220246027,246.08377890080448,-639.0570860882567,1.5976743596846,14.807248764415156,49,71,69.01408450704226,3.1830780678821613,-3.736399215791164,0.4570757240784197,,0.5686162166968073,62
27,0.35,10,0.8,0.3,5,150000,208606.5849440292,58606.58494402919,39.0710566293528,5.693369375574964,0.6385249246057231,0.7403264925883972,-12.42601849473498,0.4581813054589688,5.811010694879745,1259,929,330,73.78872120730739,172.001739094854,-302.54283577933785,250.7978546249361,-555.2906641272249,1.6004707405292424,16.484511517077046,47,71,66.19718309859155,3.610378370734302,-3.7115968392864462,0.4844668162493461,,0.5604028800285596,70
21,0.3299999999999999,15,0.9,0.3,5,150000,217656.04007900483,67656.04007900483,45.10402671933655,6.4496049394184185,0.6351840747633217,0.6713248421586268,-15.156299398799286,0.4255395574944481,7.09625316421121,1214,925,289,76.19439868204283,210.7849928913627,-437.3006344851213,325.20227077903274,-859.2304897080902,1.5427781165104029,14.804777594728172,48,71,67.6056338028169,4.740590961869806,-4.675647592578736,0.5500635335564874,,0.5812499705010852,59
21,0.35,10,0.8,0.3,5,150000,203876.42455272668,53876.42455272668,35.91761636848445,5.287159451363355,0.6334707090563448,0.7082847808842385,-10.491131507366722,0.5039646531597461,5.195479402932386,1210,893,317,73.80165289256199,168.6530503264207,-301.2671577174647,262.9203153932366,-630.668494463647,1.5770105798559608,13.183471074380163,47,71,66.19718309859155,3.1381312713205656,-3.61104983861974,0.4471458635501353,,0.5576936579884244,52
30,0.3299999999999999,10,0.8,0.3,5,150000,207851.42069644024,57851.42069644024,38.56761379762683,5.629036041073765,0.6281879169429073,0.723229110047574,-12.795687597801688,0.4399166514537944,5.809507775143256,1290,971,319,75.27131782945736,158.73596289448994,-297.9360492708886,233.69644366210943,-555.2906641272249,1.621738485345693,17.0968992248062,46,71,64.7887323943662,3.24156346279032,-3.307949636846041,0.4780472052970346,,0.526946571267585,46
27,0.35,20,0.9,0.3,5,150000,236924.6198707088,86924.61987070876,57.94974658047251,7.976429283402386,0.628104865554,0.6806206387657595,-20.364337821076507,0.3916861600649253,9.812736372824716,1256,957,299,76.19426751592357,269.83431557199555,-571.7666207251063,406.4443038557824,-1242.6420786034157,1.510494439000481,18.546178343949045,46,71,64.7887323943662,5.844662071482709,-6.456560696494629,0.6943727718480911,,0.5864884232355699,12
27,0.3299999999999999,10,0.7,0.3,5,150000,204370.644437332,54370.644437332,36.24709629155466,5.329966065265435,0.6271274971977173,0.723126736194683,-11.334323889950175,0.470250022587705,5.323593016563813,1282,995,287,77.61310452418097,144.73007846567796,-307.5375915265145,213.8379189518836,-555.2906641272249,1.631555203564774,14.485959438377536,46,71,64.7887323943662,3.0238463966541174,-3.251506244440383,0.4516041082147415,,0.4971315106157249,42
24,0.3299999999999999,10,0.9,0.3,9,150000,198525.41152667563,48525.41152667563,32.350274351117086,4.81806786927681,0.6266471850211125,0.7264578285430758,-8.02042100076833,0.600725057801237,4.483818063035264,1230,890,340,72.35772357723577,143.40493577934882,-229.9530322406383,233.73700528539436,-630.668494463647,1.6324355661062258,13.789430894308945,47,71,66.19718309859155,2.3900488351963345,-2.7656122517367043,0.4055892103682622,,0.5039500782221302,27
30,0.35,15,0.9,0.3,5,150000,225348.7675365173,75348.76753651726,50.2325116910115,7.0721579379094734,0.6171439547566119,0.678610084136743,-16.89820142189297,0.4185154242952109,8.415769618368582,1269,933,336,73.5224586288416,237.82288528405,-434.5351564290208,347.57620659765934,-1078.8867101960434,1.519746286615662,19.23089046493302,45,71,63.38028169014085,4.872782994549962,-5.828020630348119,0.6124727242635568,,0.5827882852826576,31
30,0.31,10,0.9,0.3,5,150000,208303.6353428868,58303.63534288682,38.86909022859121,5.667584055571195,0.6168980382018507,0.6857343644845043,-12.31218191527261,0.4603232875028314,5.992717335556826,1300,983,317,75.61538461538461,155.18173930716353,-293.7878161439462,228.133417416791,-654.6852218155752,1.6379516954053197,19.22615384615385,47,71,66.19718309859155,3.3981839876022546,-3.87581820242463,0.4808015353404559,,0.4953220514360254,24
27,0.35,20,0.9,0.30000000000000004,5,150000,235836.02512178707,85836.02512178707,57.224016747858045,7.892977310045035,0.6107600130354437,0.5790817117520966,-20.120441292523214,0.3922864909020697,9.99812187386828,1368,1019,349,74.48830409356725,280.39813141793906,-567.6540710404734,377.5135091886779,-1842.0024905416474,1.4422485645112275,22.04093567251462,45,71,63.38028169014085,6.845557720251039,-8.510683731958002,0.6971860314881868,,0.4999665467058803,34
21,0.35,15,0.9,0.4,5,150000,220249.89613198343,70249.89613198346,46.83326408798897,6.661536667206702,0.6106779433612649,0.656107849118081,-17.858740050020774,0.3730126900637065,7.792063810136835,1209,929,280,76.84036393713814,224.6650577149041,-491.1748125209168,347.9393021776071,-1167.1393835116612,1.5175993301937962,15.399503722084368,48,71,67.6056338028169,4.668996968800232,-5.22865009917145,0.5712080552177266,,0.6093289069977512,40
24,0.35,10,0.9,0.3,7,150000,202478.3015255348,52478.30152553477,34.98553435035651,5.165592312311462,0.6033689593113257,0.6828542747364468,-10.106769856602693,0.5111022003668969,5.269482689933189,1223,852,371,69.664758789861,174.80689464527762,-257.5310575663449,262.9203153932366,-630.668494463647,1.5588151991456032,14.762060506950125,44,71,61.97183098591549,2.964548286661417,-3.3485550161304167,0.4381144540259183,,0.5691120607810489,80
21,0.31,10,0.8,0.3,5,150000,200533.53151585357,50533.53151585354,33.68902101056903,4.995327252459569,0.59773394290111,0.6455711336071986,-11.332104641628954,0.4408119595109481,5.026962998134461,1235,951,284,77.00404858299595,145.45726731877656,-304.1309721851297,216.20807831398048,-639.0570860882567,1.6015369057210644,13.064777327935223,48,71,67.6056338028169,3.1181330693089704,-3.554608017244365,0.4226249317728845,,0.549276534032543,44
21,0.3299999999999999,15,0.9,0.3,9,150000,205039.38836368,55039.38836368002,36.69292557578668,5.387752067255414,0.594042813416317,0.6553278521903617,-9.331735794474106,0.577357973470041,5.752790649262889,1214,889,325,73.22899505766063,177.65032896096034,-313.6971049332552,298.4834569744575,-859.2304897080902,1.549080208633803,12.72487644151565,47,71,66.19718309859155,3.145800459925563,-3.708161911334873,0.4559759429285253,,0.5392382869150192,18
21,0.31,15,0.9,0.4,5,150000,215663.0644085758,65663.0644085758,43.775376272383866,6.285335864501951,0.5926568428721232,0.6201010088342034,-17.449618139917675,0.360199049291723,7.379411576120558,1234,976,258,79.09238249594813,193.2526630314834,-472.0152800948092,297.420139412716,-1167.1393835116612,1.5488149822663486,15.205024311183143,48,71,67.6056338028169,4.514789505384353,-6.413183921723653,0.5389034326818933,,0.6142241217586901,32
24,0.35,10,0.9,0.4,5,150000,206652.48863194635,56652.488631946326,37.76832575463088,5.526496956531357,0.5920462505951287,0.6586078474692689,-14.553471502250954,0.3797373675192607,6.021280819526496,1223,923,300,75.47015535568275,178.33280585957192,-356.7851360710354,263.7311118030832,-710.4354315722701,1.5378179859265309,16.376124284546197,48,71,67.6056338028169,3.4527352407145218,-4.287567081561905,0.4710624916197074,,0.5903206381639,62
27,0.35,20,0.8,0.30000000000000004,5,150000,232260.95111861694,82260.95111861694,54.840634079077965,7.616637213253741,0.5896944630374495,0.563573464659352,-18.85338984304517,0.40399298357814645,9.903868223734188,1368,1032,336,75.43859649122807,269.1948064778711,-576.6955034719597,377.1078527892531,-1842.0024905416474,1.4337074156440341,20.111842105263158,45,71,63.38028169014085,6.801691496516504,-8.207939789096885,0.6736424377180718,,0.48908606981525404,41
27,0.35,10,0.9,0.3,9,150000,202331.5750063612,52331.57500636118,34.88771667090745,5.152793943450407,0.5894870395386298,0.683823116394672,-10.309773418856832,0.499797011447974,5.383206189170993,1256,896,360,71.3375796178344,163.06864082619808,-258.35875397964094,250.2208860879173,-555.2906641272249,1.5709153339178892,17.03343949044586,46,71,64.7887323943662,2.8573937755376866,-3.589434861813978,0.4386963665702031,,0.5118438898042501,17
24,0.35,15,0.9,0.4,5,150000,220085.06137353883,70085.06137353883,46.72337424902589,6.648130765274818,0.588219030282848,0.6390320349712556,-18.57424982931497,0.3579218986697567,8.11141509287177,1223,943,280,77.10547833197057,227.41819985296655,-513.0322004610442,347.9393021776071,-1167.1393835116612,1.492912156590226,16.346688470973017,47,71,66.19718309859155,4.806983633549811,-5.641533582872516,0.5736000777726803,,0.6056461730304736,60
27,0.3299999999999999,10,0.9,0.3,7,150000,204801.53908982693,54801.539089826925,36.534359393217954,5.367217562919491,0.5873218841899035,0.6606984211281632,-11.735558460361112,0.4573465831258223,5.788890906787633,1280,919,361,71.796875,164.57653073260462,-264.3010434698552,239.4735916756243,-555.2906641272249,1.585175439847668,17.79296875,45,71,63.38028169014085,3.085810409481504,-3.5384463578983727,0.4578300052873513,,0.5594180199888611,83
24,0.3299999999999999,15,0.8,0.3,5,150000,213455.40238507028,63455.40238507028,42.30360159004685,6.10189024427763,0.5870168455078693,0.6318096785806319,-15.199556079396876,0.4014518721733454,7.123865945687796,1232,952,280,77.27272727272727,200.63387151059737,-451.3852911072343,309.0388851906143,-859.2304897080902,1.511248099074574,13.866883116883116,45,71,63.38028169014085,4.707864666241557,-4.675573720323644,0.5229709305504308,,0.5705725401072276,95
24,0.3299999999999999,10,0.9,0.4,5,150000,205273.36060441757,55273.36060441754,36.84890706961169,5.407932521287751,0.5866661961897272,0.6480408775780508,-14.084803642175448,0.3839551234561958,5.869267115058373,1230,943,287,76.66666666666667,165.9064044235156,-349.32205021543456,246.08377890080448,-639.0570860882567,1.5605114042175376,16.33252032520325,47,71,66.19718309859155,3.6021181355717413,-4.116064010777465,0.4606337027558567,,0.5882913174851784,75
21,0.35,20,0.8,0.30000000000000004,5,150000,225289.98086623137,75289.98086623137,50.193320577487576,7.067467998621013,0.5841989194134696,0.5288273431963566,-18.333752150359256,0.385489448131463,8.968233400549845,1297,974,323,75.09637625289129,266.57751508981346,-565.5430923568944,382.77099108676686,-1757.6591201572246,1.4213932466936543,16.77255204317656,45,71,63.38028169014085,5.5224668540654775,-7.273050379616852,0.6177872428321034,,0.4694365104589071,21
21,0.35,10,0.9,0.4,5,150000,204739.52925213292,54739.52925213296,36.49301950142197,5.361860737964896,0.5817209619394563,0.6387843938860654,-14.333676466345397,0.3740743521422588,5.841153510471372,1209,909,300,75.18610421836229,176.73781206464693,-349.46520367762014,263.7311118030832,-710.4354315722701,1.5323859569431997,15.42266335814723,47,71,66.19718309859155,3.428354920129162,-4.1497381064648735,0.4565631261234592,,0.6002636237807795,41
27,0.35,15,0.8,0.3,5,150000,217936.74968497423,67936.74968497426,45.29116645664951,6.47264149471658,0.5811649880441034,0.644165148664678,-16.314779380502955,0.3967348465926384,7.896474231633194,1259,943,316,74.90071485305798,221.05885583290765,-440.7392803815449,327.3830117573541,-789.8671751302693,1.4967551796641017,16.344718030182683,46,71,64.7887323943662,4.657161617919137,-5.068761355915063,0.5598237735898822,,0.5834176572382087,66
24,0.35,10,0.7,0.3,5,150000,200312.54169524732,50312.54169524735,33.54169446349823,4.975892710981578,0.5809715343632433,0.6564179162262014,-10.56730538144414,0.4708762102890573,5.150880711280951,1226,923,303,75.28548123980424,157.27485112972954,-308.3671400128053,262.9203153932366,-630.668494463647,1.553639529082015,12.54241435562806,44,71,61.97183098591549,3.1392216464454448,-3.78958710400803,0.4220000686096131,,0.4942275509591244,37
21,0.35,10,0.9,0.4,7,150000,204607.45283090151,54607.452830901515,36.40496855393434,5.350446590852775,0.5797257291232892,0.6314115205983232,-11.278038732800352,0.47441285826514024,5.842837972427174,1401,997,404,71.16345467523197,170.43676227255884,-280.9324236506743,241.37888163217184,-669.1283325440626,1.4971840877404605,16.491077801570306,43,71,60.56338028169014,2.961616891747343,-3.990721614584969,0.454878864214261,,0.4916310496650259,5
33,0.3299999999999999,10,0.8,0.3,7,150000,205869.75463102877,55869.75463102874,37.246503087352494,5.459285953695225,0.5724455228690879,0.6654327536683878,-12.785554695082824,0.4269885885979436,6.127227871274211,1328,996,332,75.0,154.641599276818,-292.2217488502075,229.42526640615765,-555.2906641272249,1.5875779255166296,19.170180722891565,45,71,63.38028169014085,3.5478492017107177,-4.247104856733674,0.4654853917050189,,0.4844608449582912,15
24,0.29,10,0.9,0.3,5,150000,200519.27886501307,50519.27886501307,33.67951924334204,4.994074367179868,0.572328268335008,0.6095436591453328,-11.410848243275383,0.4376602212831079,5.269982634196375,1257,969,288,77.08830548926015,141.45074519169663,-296.49885661161375,208.3979403465292,-639.0570860882567,1.605142175583422,15.531424025457438,47,71,66.19718309859155,2.967077731841594,-3.556643881708188,0.4209343840278244,,0.4668134866176187,27
24,0.29,15,0.9,0.3,5,150000,210967.3638577533,60967.36385775334,40.64490923850223,5.893244751538562,0.5687884788158728,0.5918584772464341,-15.589728247745777,0.3780210057472108,6.989291959621038,1257,987,270,78.52028639618138,177.56475374536922,-419.4951259124626,266.3350099891969,-852.9346843066008,1.54733102229223,15.517899761336515,47,71,66.19718309859155,4.3206500361393285,-4.5204649608578285,0.501971597624802,,0.4980776946313622,24
27,0.3299999999999999,10,0.9,0.4,5,150000,207496.1563695047,57496.15636950469,38.33077091300313,5.598703358364587,0.5682835638766606,0.6391792296075857,-15.364692199696917,0.3643876027972124,6.4394385610251765,1280,981,299,76.640625,167.342008127546,-353.2934369324359,239.4735916756243,-733.624156466511,1.5540580081548052,19.11171875,47,71,66.19718309859155,3.83576005782027,-3.9323221565426336,0.4801925766738859,,0.5817272449523595,68
24,0.35,20,0.7,0.30000000000000004,5,150000,223420.66554222087,73420.66554222087,48.94711036148058,6.917802270809803,0.5659554738195887,0.525042653364676,-16.51857963500409,0.418789170961798,9.017334452258169,1319,1011,308,76.64897649734648,252.7364225536616,-585.6531092842919,375.6805627039144,-1757.6591201572246,1.4165366633470384,15.759666413949962,43,71,60.56338028169014,5.981930426227944,-8.06798242825748,0.6063003697380115,,0.46066765942478394,21
24,0.35,15,0.8,0.30000000000000004,5,150000,217601.88656813384,67601.88656813384,45.06792437875589,6.445157963702153,0.5593533951427364,0.5380582122579737,-15.253532334507467,0.42253543784881387,8.204627842241782,1401,1035,366,73.87580299785867,226.4221523256863,-450.6113144507758,322.1905491086736,-1108.3344695638639,1.4209411338216271,17.05781584582441,46,71,64.7887323943662,4.322581665167058,-6.712403928703569,0.5593718730526906,,0.4921880208384849,40
24,0.3299999999999999,10,0.8,0.3,7,150000,198124.10512031187,48124.10512031187,32.08273674687458,4.782465283706805,0.5590740617505918,0.6310117608596258,-9.9579939215291,0.4802639287986664,5.009638101612321,1232,890,342,72.24025974025975,154.82429594513658,-258.50201464515624,232.70601092602172,-630.668494463647,1.5586158278348368,13.385551948051948,44,71,61.97183098591549,2.8700124530188558,-3.315451658064994,0.4060043070204793,,0.5488034828104058,109
27,0.32999999999999996,20,0.8,0.30000000000000004,5,150000,225857.58584794737,75857.58584794737,50.57172389863158,7.11270844927443,0.5526880029382081,0.5242239440147088,-19.08395207480637,0.37270626238179744,9.675913096172247,1357,1043,314,76.86072218128224,247.3220000746996,-574.3157969108146,345.12834421636967,-1881.724857487968,1.430430126598267,20.182756079587325,44,71,61.97183098591549,6.815545258201472,-7.190316325555801,0.6277184988247068,,0.491007296407445,45
21,0.3299999999999999,10,0.9,0.4,5,150000,202053.85030857683,52053.85030857683,34.70256687238455,5.128547967893304,0.5507092891566171,0.5982234371059005,-13.891021966164182,0.3691987515666915,5.758479435406196,1214,924,290,76.11202635914333,165.1540014674924,-342.9919525380724,246.08377890080448,-639.0570860882567,1.534189984852276,15.4168039538715,48,71,67.6056338028169,3.550645354579962,-4.106510268628694,0.4371562521699008,,0.5997471675643433,51
24,0.35,15,0.9,0.3,7,150000,210678.5575332296,60678.55753322956,40.4523716888197,5.868893178348733,0.549758306555033,0.5929823530950656,-13.74936806192268,0.4268482123627172,7.21906555803873,1223,872,351,71.30008176614882,222.21607967012093,-377.1298546450126,347.9393021776071,-859.2304897080902,1.4638410988505224,14.78250204415372,44,71,61.97183098591549,4.077851151585232,-5.102497960787911,0.5058033213420767,,0.5822595316340753,77
24,0.3299999999999999,15,0.9,0.3,7,150000,209159.6597221633,59159.65972216334,39.43977314810889,5.740363642605506,0.5495724080819633,0.5930039173557702,-13.560707404562624,0.4233085687457653,6.967666208752547,1230,894,336,72.6829268292683,205.18955813592711,-367.71047706142633,325.20227077903274,-859.2304897080902,1.4847300326459332,14.801626016260162,44,71,61.97183098591549,3.930281190044904,-4.702335915601353,0.4937447055586265,,0.5752039561605082,94
24,0.35,10,0.8,0.3,7,150000,198377.53435441808,48377.53435441808,32.251689569612054,4.804955666288935,0.5488907443920961,0.6242237132009845,-10.124780584945304,0.4745738069063441,5.155214157408801,1225,863,362,70.44897959183673,167.38406290749964,-261.9361399793853,262.9203153932366,-630.668494463647,1.523424399960888,13.43673469387755,44,71,61.97183098591549,2.8933931565909843,-3.2478279034718227,0.4084936696321972,,0.5571767093316368,88
30,0.35,20,0.9,0.30000000000000004,5,150000,229802.03806911915,79802.03806911915,53.20135871274611,7.42451066037948,0.5474479428055173,0.5212417652499413,-21.59736976911391,0.3437692061464432,10.44257001551394,1378,1013,365,73.51233671988389,282.0255156084828,-559.1737239515238,377.5135091886779,-1842.0024905416474,1.3997749829211992,22.95718432510885,45,71,63.38028169014085,6.992894814952777,-8.841641024989366,0.6654041918679545,,0.4962289354408934,27
24,0.32999999999999996,20,0.9,0.4,5,150000,223292.2427200665,73292.24272006651,48.86149514671101,6.907481963593631,0.547020879282003,0.5015295595482855,-21.493463378265286,0.32137593844362217,9.371202898756216,1299,1004,295,77.29022324865281,254.46435226498792,-611.868701539023,347.99536924354544,-1848.2037145100458,1.4154039690986755,19.61662817551963,45,71,63.38028169014085,5.83577095704777,-7.2972245937755975,0.6058441534058829,,0.5026499582056302,25
27,0.35,10,0.7,0.3,7,150000,199334.3580796088,49334.35807960876,32.889572053072506,4.889653301746066,0.5452050643744377,0.635313519072965,-10.717122814493088,0.4562468291520967,5.357875943550031,1259,926,333,73.55043685464655,157.44207493648875,-285.6249502812957,229.3216131020516,-555.2906641272249,1.53282090951249,14.428911834789517,46,71,64.7887323943662,3.037677659012905,-3.697767588302503,0.4175979786309644,,0.5091237473404114,35
24,0.35,10,0.8,0.4,5,150000,202092.78583686863,52092.78583686866,34.72852389124577,5.131948795671892,0.5436733872702278,0.6137451603512495,-14.17081828845624,0.362149079270352,5.8484229926776345,1225,934,291,76.24489795918367,168.65410357660343,-357.9935314139587,262.9203153932366,-710.4354315722701,1.5120829639926383,14.682448979591836,47,71,66.19718309859155,3.3610569612323893,-4.1980067265447785,0.438080245786652,,0.5872464085089008,68
24,0.31,10,0.8,0.3,7,150000,196899.35581790973,46899.35581790973,31.266237211939817,4.673437266146996,0.5402816606910341,0.5923365118567099,-10.059681433418168,0.4645710996992291,4.989235741037615,1253,933,320,74.46129289704709,141.4596678268191,-261.3453493465645,209.2493217311828,-630.668494463647,1.5781545186810924,13.308858739026336,46,71,64.7887323943662,2.875142975299672,-3.790160139920384,0.3959138695192891,,0.539328073635011,65
24,0.32999999999999996,20,0.9,0.2,5,150000,212159.39062243045,62159.39062243045,41.43959374828697,5.993461473932271,0.5379210355945161,0.4770203757200131,-16.43538258685937,0.364668205455968,7.659653042609782,1299,920,379,70.82371054657429,255.43546276451968,-451.58980242996864,347.99536924354544,-1101.3250448627489,1.3730478813958369,17.587374903772133,44,71,61.97183098591549,4.544016826214081,-4.919074715999361,0.520277516801965,,0.4564558236500379,26
21,0.35,10,0.8,0.4,5,150000,200603.46154074243,50603.46154074243,33.73564102716162,5.0014734073269285,0.5372083511643301,0.5988514512314368,-13.914495226257294,0.359443395250797,5.668128409857833,1210,919,291,75.9504132231405,167.36959723232937,-350.4472093588915,262.9203153932366,-710.4354315722701,1.5082609514804446,13.844628099173551,48,71,67.6056338028169,3.368241833463448,-4.103647546081756,0.4263506031334966,,0.5981638710805973,43
24,0.3299999999999999,15,0.9,0.2,5,150000,205321.96292979532,55321.96292979535,36.88130861986357,5.412122143100628,0.534745136386904,0.5581819197569075,-12.97860207368728,0.4170034732841624,6.522766600185818,1230,866,364,70.40650406504065,213.0888004824581,-352.9776190365311,325.20227077903274,-852.9346843066008,1.436249742174649,14.233333333333333,46,71,64.7887323943662,3.848227624108347,-4.050867516834233,0.4652077526116105,,0.5665020479187451,71
30,0.32999999999999996,20,0.9,0.30000000000000004,5,150000,226757.82476893978,76757.82476893978,51.17188317929319,7.184267553651558,0.5335518984847837,0.5017835365656366,-20.37449980181083,0.3526107449770639,10.25837278106143,1370,1043,327,76.13138686131387,257.0369255764932,-579.6657143956404,345.12834421636967,-1881.724857487968,1.4143420704294527,23.034306569343066,44,71,61.97183098591549,7.07153654831616,-8.401411880548459,0.6407231339450528,,0.48987575828615054,28
24,0.31,10,0.9,0.4,9,150000,194694.2568485128,44694.2568485128,29.796171232341862,4.475707119362737,0.5319748710284826,0.596436408266367,-9.216104432855374,0.485639800630607,4.683593466090096,1251,924,327,73.86091127098321,133.48645232698092,-237.11346035197093,210.5420480391544,-630.668494463647,1.5907619742050532,14.167066346922462,48,71,67.6056338028169,2.318048175296794,-3.826568075135839,0.37768785259013,,0.4517651325920842,14
21,0.35,10,0.7,0.3,5,150000,196498.22397382604,46498.22397382604,30.99881598255069,4.6376055513633,0.5292663470904831,0.588094665272824,-10.390730451933967,0.446321418192513,5.032340336158585,1211,903,308,74.56647398843931,156.26061238640443,-302.6401798940599,262.9203153932366,-630.668494463647,1.5137702622859692,11.846407927332782,47,71,66.19718309859155,2.9624796917194995,-3.624468685515092,0.394242627103388,,0.4846231110002763,21
21,0.32999999999999996,20,0.7,0.30000000000000004,5,150000,213497.12006399783,63497.120063997834,42.33141337599856,6.105371377505153,0.5264577505152377,0.49113501808775306,-17.513255867938305,0.3486142967100891,8.091096566259171,1282,989,293,77.14508580343214,231.27637624265455,-558.2546622526193,344.6674360412522,-1770.324330124172,1.3983876714346317,14.888455538221528,45,71,63.38028169014085,5.253769380196038,-7.070313656973726,0.5327516547331763,,0.4694766045658244,14
27,0.35,20,0.9,0.2,5,150000,218709.58062259544,68709.58062259544,45.80638708173029,6.53593688291636,0.5220533014092013,0.47733527707397544,-17.62591954852898,0.37081395185772503,9.106166338243499,1368,941,427,68.78654970760235,280.8878899365568,-453.9286271843949,377.5135091886779,-1113.1468826277226,1.3636634221901454,20.296783625730995,45,71,63.38028169014085,4.92540779384727,-7.355652987974026,0.5799401850905165,,0.4957069226104803,25
21,0.35,10,0.8,0.3,9,150000,191914.61475725943,41914.61475725944,27.943076504839624,4.223785419556814,0.5161159185213484,0.5959749142286632,-7.652299168299992,0.5519629233856986,4.32819487987716,1210,857,353,70.82644628099175,144.43772439727258,-228.4403814698937,247.181426329893,-630.668494463647,1.53501943102294,11.773553719008264,47,71,66.19718309859155,2.287019096967202,-2.5810035628244243,0.356867388335042,,0.5050550578276201,15
27,0.31,10,0.9,0.3,7,150000,199372.2217296456,49372.22172964562,32.914814486430416,4.892998011943583,0.5145427546505138,0.5690400874227988,-11.512024767446963,0.4250336592203762,5.722944460122624,1294,947,347,73.1839258114374,151.32116142283118,-267.53609720209016,227.74516265277344,-555.2906641272249,1.5436107088023676,17.69319938176198,45,71,63.38028169014085,3.182449796001441,-3.711393284943509,0.417238596924179,,0.5405159091783258,55
24,0.35,15,0.7,0.30000000000000004,7,150000,208318.87443786542,58318.87443786542,38.87924962524362,5.668881864430175,0.5122335302259989,0.5194777764260102,-12.287712475089114,0.4613455820945276,7.40579926398097,1401,1021,380,72.87651677373304,204.78645403784054,-391.9652503547422,322.1905491086736,-808.4124372728343,1.4037695096655434,14.324054246966453,43,71,60.56338028169014,3.8328461418464688,-6.586277308303612,0.48983083770935215,,0.45952999850319237,22
21,0.35,10,0.9,0.4,9,150000,193138.99313837523,43138.99313837523,28.75932875891682,4.33512369065836,0.5103165961353473,0.5923418924206667,-8.57825820876206,0.5053617628611774,4.611633298836352,1209,866,343,71.62944582299421,146.6289285300009,-241.3005194089225,253.80620645762832,-630.668494463647,1.534211296875878,13.00413564929694,47,71,66.19718309859155,2.384314478521432,-2.8565656625144986,0.3664471358142324,,0.5193143621806281,14
21,0.35,15,0.8,0.4,9,150000,201464.88251264472,51464.88251264472,34.30992167509648,5.077037885047075,0.5095261581929339,0.5669886167777229,-11.149137612277576,0.4553749412381613,6.176725054613505,1210,883,327,72.97520661157024,184.9697181052774,-338.6397486760854,311.7334696822947,-1167.1393835116612,1.474944410690058,12.091735537190084,46,71,64.7887323943662,3.2460121822427856,-3.7717604905555646,0.4329628390167397,,0.5578063455558346,14
21,0.27,20,0.9,0.2,5,150000,202585.48746255448,52585.487462554476,35.056991641702986,5.174936836845867,0.5061996893381278,0.4350426011307194,-15.893520688338075,0.32560040901717857,6.434788840292542,1211,917,294,75.72254335260115,196.96368659340882,-430.12215354975933,266.1754464084408,-986.6383498404916,1.428289876812733,17.061932287365813,45,71,63.38028169014085,4.061694040374797,-4.546172598953946,0.44488986604411845,,0.5061996893381278,1
27,0.35,10,0.9,0.2,5,150000,196150.61573962116,46150.615739621135,30.767077159747423,4.606505655106119,0.5033872296886912,0.5511589866356728,-9.17710560712712,0.501956265113547,5.254886552359562,1256,802,454,63.853503184713375,186.77960795906975,-226.6032028685264,265.3654235485426,-555.2906641272249,1.4560689167777754,16.39012738853503,47,71,66.19718309859155,2.845896850309848,-3.338843302364347,0.394598941199577,,0.565625046613903,52
30,0.3299999999999999,10,0.9,0.4,5,150000,203703.53704317677,53703.53704317674,35.80235802878449,5.272164497092846,0.4992313308200247,0.5590777707413495,-16.227087416387455,0.3248990013924852,6.750453564998354,1289,979,310,75.95034910783554,168.34111029163734,-355.000676457236,239.4735916756243,-758.3045482269254,1.4975523210920558,20.027152831652444,47,71,66.19718309859155,3.7861747335661935,-4.456438723130107,0.4567368020318197,,0.5594802359877447,34
24,0.35,15,0.9,0.3,13,150000,197617.4462748271,47617.44627482709,31.74496418321806,4.737430370979778,0.4975840359836325,0.5512236174668491,-12.309625220770275,0.384855776355093,5.606185802712172,1223,862,361,70.48242027800491,179.16700431230578,-293.91475480239336,331.2417209618668,-859.2304897080902,1.4555821046684754,12.512673753066233,45,71,63.38028169014085,3.1372028501167826,-4.3584486492338925,0.4044091805955327,,0.428040523560036,2
21,0.35,10,0.9,0.4,9,150000,194876.28717051455,44876.28717051455,29.917524780343037,4.492100060905813,0.49664089348317086,0.5557713862363494,-8.713809805444969,0.5155150457953361,5.088399738943561,1401,996,405,71.09207708779444,145.4957941942267,-242.50919468387147,236.90567183989486,-669.1283325440626,1.475456959567515,14.383297644539615,47,71,66.19718309859155,2.348257432350942,-4.040720614287907,0.37967573305076746,,0.4455600977352769,4
27,0.35,15,0.9,0.30000000000000004,7,150000,213231.76427334678,63231.76427334678,42.15450951556452,6.0832190960920185,0.49279023121370596,0.49579140694769985,-15.39532056923954,0.39513429218528456,8.707262716986431,1401,988,413,70.52105638829408,232.2608574916074,-398.1129852987739,318.20837003209436,-1379.5451990706026,1.3956501762898594,20.875802997858674,44,71,61.97183098591549,4.47125498387948,-6.813566093088264,0.53904139629644,,0.49810846564494116,35
21,0.31,10,0.9,0.4,7,150000,194966.759288057,44966.75928805699,29.977839525371326,4.500242887642214,0.4906670978328061,0.5366519217714198,-11.997277820299228,0.3751053326470331,5.175272438931003,1234,915,319,74.14910858995137,146.04441559262833,-273.9630939073904,229.1946363412915,-632.7619171195722,1.52905569304748,14.150729335494328,45,71,63.38028169014085,2.841210554934359,-3.7225479272219855,0.3838089041721971,,0.5844341754308183,37
36,0.3299999999999999,15,0.9,0.3,5,150000,217353.1636889142,67353.16368891421,44.90210912594281,6.424721513211651,0.4895837463797764,0.5312112423154023,-19.94687863649693,0.3220915728366791,9.585013313341715,1334,995,339,74.58770614692654,218.0017922707629,-441.0737121682564,321.71408175480434,-1028.6273008346857,1.450682165411564,23.907046476761614,46,71,64.7887323943662,6.296888688592417,-8.827160191563744,0.5719873667973309,,0.5169766412829202,3
33,0.35,10,0.8,0.2,5,150000,196128.85962750687,46128.85962750687,30.75257308500458,4.604557649519281,0.4889006545998962,0.5616569438310788,-9.457877130081249,0.4868489605214109,5.425307748109854,1308,849,459,64.90825688073394,174.54060464971596,-219.92691958537745,250.7978546249361,-555.2906641272249,1.4679561728838746,17.370030581039757,47,71,66.19718309859155,2.9046881140847525,-3.807402414021976,0.3951163925045073,,0.4378635987103187,9
21,0.3299999999999999,15,0.9,0.2,5,150000,201223.64351551543,51223.64351551546,34.14909567701031,5.055903369482984,0.4881865810182075,0.499058423664674,-12.992824200522742,0.3891304378057827,6.439969879089748,1214,852,362,70.18121911037892,211.81798825076203,-354.4339433558789,325.20227077903274,-852.9346843066008,1.4065609518166906,13.490939044481054,46,71,64.7887323943662,3.8253723376437954,-4.364170393663757,0.4360454998375162,,0.5579802073654785,49
30,0.35,20,0.8,0.2,5,150000,214943.62065383428,64943.62065383428,43.295747102556184,6.2257260374485535,0.48399729314137263,0.45027708574469616,-17.00728605973845,0.3660622873973284,9.24606502335618,1378,956,422,69.37590711175616,270.2573015597248,-454.1018000883762,377.1078527892531,-1113.1468826277226,1.3482475941263008,19.15529753265602,45,71,63.38028169014085,4.695795095791877,-7.585419220829914,0.5557912102811648,,0.48245430306407255,26
24,0.35,20,0.9,0.2,5,150000,210502.13024258803,60502.13024258803,40.334753495058685,5.854003510297501,0.47912000513579933,0.42492656082997143,-15.642944409051706,0.37422644722243675,8.461503505003439,1319,913,406,69.2191053828658,277.26889116941123,-470.2701167367365,382.77099108676686,-1113.1468826277226,1.3258625602369287,17.55041698256255,45,71,63.38028169014085,4.803555962259809,-6.629001674931068,0.5193976602908836,,0.4893069063099229,22
30,0.32999999999999996,20,0.8,0.30000000000000004,5,150000,219107.1343916639,69107.13439166389,46.07142292777592,6.568424349021451,0.47792141900969276,0.45448786269819785,-20.317468369028425,0.323289507812609,10.241887939517015,1370,1048,322,76.4963503649635,246.92268029604477,-583.4994862069029,345.12834421636967,-1881.724857487968,1.3772916530216721,20.96934306569343,43,71,60.56338028169014,7.056334658999264,-8.10549563239541,0.5914370582333219,,0.48331500705076846,32
21,0.32999999999999996,10,0.9,0.4,7,150000,197398.95792097514,47398.95792097514,31.599305280650093,4.717980145688849,0.47783133256672605,0.5096714268466217,-11.143106666494624,0.4233989933772232,5.825458450103846,1401,1007,394,71.87723054960742,158.17467796997607,-279.3442710528508,223.3992654514674,-933.7193165577329,1.4472062806903494,16.568165596002856,43,71,60.56338028169014,3.026509677942024,-3.914141480171096,0.40412008620956086,,0.4243413913298866,8
30,0.35,10,0.8,0.3,13,150000,193835.8286000996,43835.8286000996,29.223885733399733,4.398228097152535,0.4776279217950805,0.5631122951897295,-12.258977708500476,0.3587760906117618,5.104076675653555,1271,904,367,71.12509834775767,147.49624762513324,-240.56098009897795,232.94021957791028,-555.2906641272249,1.5102823725804806,15.742722265932336,47,71,66.19718309859155,2.7924460541612905,-3.4036656079431404,0.3773419425340945,,0.41806246646576,2
24,0.35,10,0.9,0.2,5,150000,192218.08885685308,42218.08885685308,28.145392571235384,4.251436667095776,0.4759903708006184,0.5112384176734632,-8.789083440455018,0.4837178638590414,4.793657035083043,1223,781,442,63.85936222403925,182.8358787054256,-225.48321732343152,263.7311118030832,-554.94384551065,1.4327683023406843,13.822567457072772,46,71,64.7887323943662,2.9181871491435807,-2.8900536436400226,0.362389211016906,,0.5788766671283149,58
30,0.29,10,0.9,0.3,5,150000,198518.85093019964,48518.85093019964,32.345900620133094,4.817486316423025,0.4756254117936807,0.5148703017108738,-13.052071994307898,0.3690974366770246,6.084717889883773,1320,1010,310,76.51515151515152,140.02005807805898,-295.7742250577087,208.3979403465292,-715.9285587875196,1.5423736895310665,19.099242424242423,47,71,66.19718309859155,3.2512372530826728,-3.9013154533531935,0.4118068477012314,,0.4299856076178452,11
21,0.35,20,0.9,0.6,9,150000,206987.57489118807,56987.57489118813,37.99171659412541,5.555205063206237,0.4753021011779739,0.520734790725618,-15.379216006366958,0.3612151010107664,7.820388297322911,1209,894,315,73.94540942928039,217.55219083664173,-433.8282146139343,395.84999494747257,-1713.5057210294044,1.423221948346805,13.183622828784118,46,71,64.7887323943662,4.172585633277426,-5.545570144671864,0.4811541221305787,,0.4535854548238072,2
24,0.31,10,0.7,0.4,5,150000,194888.2908395478,44888.290839547786,29.92552722636519,4.493180616689596,0.4749020246419023,0.5224732755968285,-13.14539681457746,0.3418063889640004,5.352401889821418,1253,1001,252,79.88826815642457,133.7915942656448,-347.55989105853274,210.88790061457905,-632.7619171195722,1.5290888205481443,12.906624102154828,47,71,66.19718309859155,3.125089121274738,-3.947730929795645,0.3828939429548549,,0.5173674409723743,21
33,0.35,20,0.8,0.30000000000000004,7,150000,223169.24465393065,73169.24465393065,48.77949643595377,6.897592968756006,0.4718167236543907,0.46507585901845927,-20.914585129888525,0.32979822099836076,11.263656403219143,1394,1043,351,74.82065997130559,265.2060407941741,-574.4400452832629,386.39076480796405,-1836.4674792924227,1.3718792782560383,22.926829268292682,44,71,61.97183098591549,6.794336232096376,-9.169187095521291,0.6338747399343456,,0.4541054878302621,15
24,0.29,15,0.9,0.4,5,150000,205801.1295238719,55801.1295238719,37.2007530159146,5.4533831899157725,0.4698629826737977,0.4905833431894806,-17.53437883245557,0.3110109141603429,7.682790088150342,1257,1002,255,79.71360381861575,176.87043214025744,-472.1477623062952,266.3350099891969,-1228.8589275284512,1.471989941211831,16.031821797931585,46,71,64.7887323943662,4.423721409058068,-6.7394435404308,0.4718111157394087,,0.5550254263570054,18
24,0.35,20,0.6000000000000001,0.30000000000000004,7,150000,207836.7813358249,57836.7813358249,38.55785422388326,5.6277869761764965,0.46981987983270024,0.4548538594533321,-15.619130234589212,0.36031372372537934,8.108543320839932,1319,1005,314,76.19408642911296,220.37193705745545,-515.676163716397,375.6805627039144,-1113.1468826277226,1.3677780989366861,13.065200909780136,44,71,61.97183098591549,4.496486857993776,-6.955905237878801,0.49557614702366387,,0.44247291197666067,8
33,0.35,20,0.9,0.2,5,150000,218184.51967178786,68184.51967178786,45.45634644785857,6.4929543406205825,0.46847488249752667,0.4367855411169817,-20.791255689753722,0.3122925540192562,10.31549746193054,1394,946,448,67.8622668579627,285.10568178596094,-445.7885162896504,386.39076480796405,-1023.2001993215339,1.3504860985185674,23.952654232424678,44,71,61.97183098591549,5.521022489953942,-7.527678227898771,0.5917338905938881,,0.49105920273754994,9
30,0.35,15,0.6000000000000001,0.3,5,150000,203145.9135334025,53145.91353340249,35.43060902226833,5.223728183685772,0.4660968967760464,0.5263051015288651,-14.723481369960725,0.3547889288156655,7.19852142223855,1273,995,278,78.1618224666143,180.76918979958324,-450.5854638313843,287.344592059274,-1078.8867101960434,1.4359043770493738,13.3770620581304,45,71,63.38028169014085,4.193137255944457,-4.983271700856539,0.4557427735458628,,0.4468173680706156,9
21,0.29000000000000004,20,0.7,0.30000000000000004,5,150000,204895.69072711916,54895.69072711916,36.59712715141277,5.375348432012594,0.4657005581145841,0.42075817573767327,-16.522944172130714,0.3253263084359509,7.575909091940747,1235,977,258,79.10931174089069,196.8178811096245,-526.3173609186529,289.85764732113006,-1914.0485525657903,1.4160927978910907,14.995141700404858,45,71,63.38028169014085,4.6635589986867565,-6.577855618201955,0.46895658026513054,,0.514025459811471,3
21,0.32999999999999996,20,0.9,0.4,5,150000,212903.54094761156,62903.54094761156,41.93569396507437,6.055786785699047,0.4621941465198964,0.41787836700746805,-21.51447408430303,0.28147500896233163,9.35616163405899,1282,976,306,76.13104524180967,252.174452387242,-593.3075966744005,347.99536924354544,-1848.2037145100458,1.3556562122096647,18.485959438377535,45,71,63.38028169014085,5.584008340659685,-8.270683649744882,0.5405799497491498,,0.49939497566646257,12
24,0.3299999999999999,10,0.9,0.2,5,150000,190724.35735725745,40724.357357257424,27.14957157150495,4.114981888730318,0.4607820859746805,0.4904282099703008,-8.787236554000863,0.4682907832789309,4.652936202685859,1230,809,421,65.77235772357723,168.50554027788428,-224.8828369891295,245.0101725348332,-554.94384551065,1.4398733675618267,13.807317073170733,46,71,64.7887323943662,2.779529176750684,-2.9252755688340515,0.350433326963145,,0.5572608215088336,73
21,0.31,15,0.9,0.2,7,150000,196186.84987601405,46186.84987601405,30.79123325067603,4.609749599540769,0.4605207087204692,0.4696599678962447,-11.529132764503444,0.3998348959718402,5.819120791461549,1234,858,376,69.52998379254457,187.3331076963385,-301.5249044727472,285.6350601577072,-845.8993445607588,1.4177210644252871,12.70421393841167,43,71,60.56338028169014,3.3335389059802267,-4.671257902690229,0.3960269856379321,,0.5513827818465812,36
21,0.31,10,0.9,0.30000000000000004,7,150000,194074.88148747772,44074.881487477716,29.383254324985142,4.419832893846931,0.4597378359392661,0.47380028036158006,-9.543146812660114,0.4631420830688154,5.379631098907611,1401,1002,399,71.5203426124197,146.5305929975264,-252.95105938866223,202.8181740118516,-934.0800832337516,1.4547441867057624,16.216987865810136,43,71,60.56338028169014,2.674998584188648,-4.124872443718919,0.3791603539463114,,0.3536018037201722,4
30,0.35,20,0.9,0.30000000000000004,7,150000,217596.87578768865,67596.87578768865,45.0645838584591,6.444746442099936,0.4587252623345687,0.4396423207926763,-20.753598709232453,0.31053633311474427,10.468903543112965,1378,993,385,72.06095791001451,272.1921887531043,-521.8144614134447,377.5135091886779,-1842.0024905416474,1.3453895993452483,22.265602322206096,44,71,61.97183098591549,5.527714527639915,-8.715889830834955,0.5883520581513701,,0.49403982023132614,28
27,0.35,10,0.8,0.4,5,150000,198653.66194237483,48653.661942374834,32.43577462824989,4.829433197344235,0.4585225184359465,0.5238847995927307,-15.750733383559714,0.3066164018994249,6.375980443754507,1259,949,310,75.37728355837967,171.09916582697414,-362.501779224241,250.7978546249361,-733.624156466511,1.444914895779664,17.169976171564734,47,71,66.19718309859155,3.777078121117894,-4.075677812242439,0.4199216422648104,,0.5810134542006817,61
27,0.3299999999999999,20,0.9,0.7000000000000001,9,150000,214316.9086306942,64316.908630694204,42.87793908712947,6.173664081116681,0.4545052703796896,0.5057382107027917,-21.53557042501997,0.286672883943865,9.863068527507243,1280,964,316,75.3125,224.6876278507614,-479.6111911332459,355.6613747345017,-1713.8356402178003,1.429156543834258,17.79296875,46,71,64.7887323943662,5.019828236844792,-7.1265523158096205,0.5472555176114474,,0.3822655723572458,2
21,0.35,15,0.9,0.2,5,150000,201240.04969427985,51240.04969427985,34.1600331295199,5.0573413533361755,0.4538567193811272,0.42342884855756685,-11.552396179927674,0.43777423095334306,7.017260924861807,1400,935,465,66.78571428571428,232.36521337661557,-353.12134368363195,322.1905491086736,-1108.3344695638639,1.3231400077965818,16.130714285714287,43,71,60.56338028169014,3.933489818596936,-6.238977197139073,0.44098804937924246,,0.4877813197114151,9
27,0.32999999999999996,20,0.7,0.2,5,150000,206295.04880875468,56295.048808754684,37.53003253916979,5.495831006777485,0.45296839337559425,0.42906006742558894,-15.832806747447236,0.34711666064285107,8.140262791722435,1357,992,365,73.10243183492999,228.05539640022,-460.74466964464335,344.0936842913845,-1116.9160263468375,1.3452371163457462,15.997052321296978,44,71,61.97183098591549,4.487624358394271,-5.824827435049363,0.483774755494576,,0.40756868988955874,20
21,0.31,10,0.9,0.30000000000000004,5,150000,196240.80333596055,46240.80333596055,30.8272022239737,4.61457898345603,0.44824952143259683,0.4332759828751035,-11.686093404623005,0.3948778110596402,6.015003200117586,1401,1032,369,73.66167023554604,154.80067357569024,-302.6888666509065,202.8181740118516,-934.0800832337516,1.4303085342303246,17.333333333333332,47,71,66.19718309859155,3.2813156130313104,-5.212423885498474,0.39898929726044585,,0.3536018037201722,4
24,0.29000000000000004,20,0.9,0.30000000000000004,9,150000,200845.58740220248,50845.58740220248,33.89705826813499,5.022740102801326,0.44812653867717916,0.41534256884769893,-13.262662946252487,0.37871279117596496,7.035690881098479,1261,938,323,74.38540840602697,187.73690995058254,-382.7007248652426,289.85764732113006,-1914.0485525657903,1.4245926409443126,16.704203013481365,44,71,61.97183098591549,3.470615749709749,-4.643170723392275,0.43363401485204073,,0.3789413014791281,2
30,0.32999999999999996,20,0.7,0.30000000000000004,5,150000,213072.15104670534,63072.151046705345,42.04810069780356,6.069883304157075,0.4463273681627102,0.4338487536640001,-18.22730958876633,0.3330103806377439,9.817941065142884,1370,1066,304,77.81021897810218,228.60147770869932,-588.276395364473,345.12834421636967,-1881.724857487968,1.3626403088534442,18.292700729927006,43,71,60.56338028169014,6.718153255620973,-8.08271463353626,0.5454159115157649,,0.4442049548148567,16
21,0.31,10,0.7,0.4,5,150000,192371.55591510533,42371.55591510533,28.24770394340355,4.265406094120294,0.4450407005113548,0.482699242898471,-13.47501714986404,0.316541793355961,5.203082240500122,1235,977,258,79.10931174089069,133.99364683547688,-337.6631916256944,229.1946363412915,-632.7619171195722,1.502710579091755,12.185425101214577,48,71,67.6056338028169,3.183795735243855,-3.983752366184512,0.3644673455589601,,0.5134833170138783,14
27,0.3299999999999999,15,0.9,0.5,5,150000,210586.57409713248,60586.574097132456,40.3910493980883,5.861131486109472,0.4429982955809771,0.4888266683889746,-23.70343304615105,0.2472693079815794,9.339420260477151,1280,1009,271,78.828125,212.66282859127804,-565.1090701507558,310.60199158774026,-1270.3096791104886,1.4011388771215132,19.384375,45,71,63.38028169014085,5.0592118934471575,-6.922572581888719,0.5218987583213519,,0.499640630447716,14
33,0.35,20,0.7,0.2,5,150000,210170.45560027513,60170.455600275134,40.11363706685009,5.825983531996348,0.44287353143736685,0.4372887323164264,-16.44369534889398,0.3542989217681055,9.25212023692871,1394,994,400,71.30559540889526,245.51584598341603,-455.1502382681828,383.0213920119447,-930.6161776199718,1.3404516266765145,18.263988522238165,43,71,60.56338028169014,5.1762297072938335,-6.500518204354977,0.5233936668963609,,0.4185078673884224,7
30,0.3299999999999999,10,0.9,0.4,9,150000,195307.15275673397,45307.152756733936,30.20476850448929,4.53085142283538,0.4417059829327716,0.5081227103609851,-12.9704197596626,0.3493218806168569,5.907198794772693,1289,943,346,73.15748642358417,153.10534665088335,-283.2918754464058,234.84170754221117,-758.3045482269254,1.4729629789643632,18.48952676493406,45,71,63.38028169014085,2.9929801116531207,-4.393381911762029,0.3911931201632878,,0.4611364187537815,11
21,0.35,15,0.8,0.2,5,150000,197142.70183219973,47142.70183219973,31.42846788813316,4.695144929281869,0.4403488862335102,0.4591876010111429,-12.123520590278504,0.3872757005128335,6.34359861099205,1210,839,371,69.33884297520662,214.5519241913468,-355.08943883316704,317.41863000983784,-845.8993445607588,1.3664152786024837,11.868595041322314,44,71,61.97183098591549,3.749665467828245,-4.282473188770375,0.4063470205064508,,0.5644924061340733,40
30,0.35,10,0.8,0.4,5,150000,198043.71335373737,48043.713353737374,32.029142235824914,4.775325976916434,0.4388723992750444,0.505654364041313,-16.238415342122995,0.2940758612405409,6.572766236572364,1271,955,316,75.13768686073958,171.92013878299295,-363.6870874282414,256.1731524292101,-758.3045482269254,1.4286148500011864,17.9771833202203,46,71,64.7887323943662,4.028984187610818,-4.273485044899572,0.4174618042951034,,0.564271625026204,33
24,0.35,10,0.7,0.4,7,150000,194481.9220774103,44481.9220774103,29.654614718273535,4.456568954365059,0.4356391191497683,0.48455119475359565,-11.855459493525066,0.3759085809199586,5.8136542793912005,1401,1027,374,73.30478229835832,155.3142143318213,-302.6857648165852,234.49428564124125,-669.1283325440626,1.4090228911129175,13.835117773019272,43,71,60.56338028169014,2.9953046906978864,-3.9570629652831535,0.3802549557683376,,0.42672871763576364,5
27,0.32999999999999996,20,0.8,0.4,5,150000,215443.02333449965,65443.02333449965,43.62868222299977,6.267121852570501,0.43540482873956377,0.4182699607396374,-24.5136157993218,0.25565881034750854,10.701372200735554,1357,1057,300,77.89240972733971,246.71543617046314,-645.2369756590375,345.12834421636967,-1881.724857487968,1.3471960735347077,20.846720707442888,45,71,63.38028169014085,6.808149802149965,-7.8295255798492835,0.5684190367735394,,0.4828735310654832,36
27,0.35,20,0.9,0.2,9,150000,206030.28442951132,56030.28442951132,37.35352295300755,5.4730874742537905,0.43493370957300914,0.4088446034239136,-15.711224404902355,0.3483552480191187,8.497880332996239,1368,929,439,67.9093567251462,253.0918729558925,-403.90356616524923,372.50117297699154,-1113.1468826277226,1.3260249809358609,18.728070175438596,41,71,57.74647887323944,4.057679160571714,-7.347303534426464,0.4881585937276701,,0.44845457879299994,5
27,0.3299999999999999,15,0.8,0.2,5,150000,199144.78706962976,49144.78706962976,32.763191379753174,4.872899469334557,0.4344248692837083,0.4618070192207048,-13.967599002679098,0.3488716613642685,6.907060372758865,1282,902,380,70.3588143525741,202.56219397397808,-348.13045560528815,301.02004361576064,-746.4162765638556,1.381145124604539,14.612324492979718,46,71,64.7887323943662,3.3192279110424217,-4.487289456232668,0.4236295454891695,,0.5667944519494742,68
24,0.35,20,0.9,0.2,7,150000,204362.88281159554,54362.88281159554,36.24192187439703,5.329294461939527,0.4342267991203399,0.3946475993220505,-15.055053906340754,0.3539870727194794,8.125344915261454,1319,882,437,66.868840030326,269.0142937244288,-414.6293461175772,382.77099108676686,-1113.1468826277226,1.3094908484619463,16.902198635329796,45,71,63.38028169014085,4.442995699260832,-6.635366687946487,0.47465646713220494,,0.48694285427788314,23
21,0.3299999999999999,20,0.9,0.5,5,150000,211881.98639350527,61881.98639350527,41.25465759567018,5.970181305148303,0.4338717423267324,0.4513769919484993,-23.4066938225403,0.2550629896905434,9.899083794215024,1214,953,261,78.50082372322899,238.69970638582436,-631.2085734820117,365.9144767692067,-1630.2831404949047,1.3808019414121633,15.484349258649091,47,71,66.19718309859155,5.90412282727073,-8.295573982859839,0.5350441695649697,,0.5563563897107422,4
21,0.35,20,0.8,0.5,9,150000,202282.5044130855,52282.504413085495,34.855002942057,5.148511988064586,0.4318688084696405,0.4696133132448509,-14.784254326075008,0.3482429261910185,7.688537845951298,1210,897,313,74.13223140495869,211.9995912868436,-437.1102965703954,368.63792114559067,-1630.2831404949047,1.3899273229793097,12.140495867768594,46,71,64.7887323943662,4.109111659590425,-4.767363119843548,0.4472739589180419,,0.4722323559468495,3
24,0.32999999999999996,20,0.8,0.4,7,150000,207450.2505482113,57450.250548211305,38.30016703214087,5.5947807394466365,0.43148224474081714,0.40784368926798054,-19.609524206306318,0.28530935685055453,8.917088546895174,1299,967,332,74.44187836797536,238.2613510412593,-515.84269852023,344.6674360412522,-1848.2037145100458,1.3453172248672285,17.32409545804465,44,71,61.97183098591549,4.847803616624424,-6.127833139228345,0.4966234975282524,,0.48463401488221486,32
33,0.32999999999999996,15,0.9,0.30000000000000004,5,150000,210833.6973136319,60833.697313631914,40.55579820908794,5.881977705704666,0.430149459904579,0.4298432342740388,-19.798561976876183,0.29709115806362846,9.762342990194938,1401,1020,381,72.80513918629549,226.02118520022594,-440.64727451609167,297.49930269743226,-1393.3477324727385,1.3731982956828945,25.538187009279085,44,71,61.97183098591549,5.441268495151896,-7.983498212569751,0.5344479660094591,,0.4487178224865576,13
27,0.35,10,0.7,0.4,5,150000,194443.57802466743,44443.57802466743,29.629052016444952,4.453111073643634,0.4231782722198356,0.4867264034842669,-14.61535188110087,0.3046872295563378,6.003269446044299,1259,970,289,77.04527402700556,157.64615831721676,-370.6896217132329,229.3216131020516,-733.624156466511,1.4274038251349093,15.356632247815726,46,71,64.7887323943662,3.5248572685399937,-4.137280668179121,0.3872870733799011,,0.5266084252216807,30
27,0.35,20,0.8,0.30000000000000004,11,150000,205182.32882213854,55182.328822138545,36.788219214759025,5.400083170437964,0.42159689172337633,0.418387763900401,-18.136875616785336,0.29774054167523145,8.62846590365506,1368,986,382,72.07602339181285,224.08120345659674,-429.27575336674863,375.6805627039144,-1842.0024905416474,1.3473568082655247,17.35453216374269,45,71,63.38028169014085,4.240507536850613,-7.999831421091619,0.48274566931011714,,0.42826530064819274,2
27,0.35,20,0.8,0.4,5,150000,215680.968389847,65680.968389847,43.787312259897995,6.286817195260319,0.4214836787563963,0.40937142611631666,-24.1721923985738,0.2600846911855315,11.240840785609258,1368,1045,323,76.38888888888889,268.8576087980207,-660.9809065142932,377.1078527892531,-1842.0024905416474,1.3159736259493313,20.88669590643275,45,71,63.38028169014085,7.561011664721273,-9.754361483819185,0.5817915463671188,,0.4793952388264933,32
27,0.29000000000000004,20,0.8,0.30000000000000004,5,150000,207635.66393006904,57635.663930069044,38.42377595337936,5.610619747312495,0.4200535031638553,0.39133781431988324,-20.188834155983564,0.27790707001521536,9.27356978995348,1341,1062,279,79.19463087248322,205.7792542885519,-570.4609466824523,292.4466348359499,-1671.7951411588062,1.3730804517713988,20.166293810589114,45,71,63.38028169014085,5.336173556185697,-6.648897715156443,0.4998351889089877,,0.40007330920697465,7
27,0.35,10,0.8,0.2,5,150000,189994.89847261,39994.89847261002,26.663265648406675,4.048021204154373,0.4182082676797291,0.4639400850507862,-9.40353962976982,0.4304784542343083,5.014429165379333,1259,813,446,64.57505957108816,174.74306897424833,-225.84601285996703,250.7978546249361,-555.2906641272249,1.4104029833042877,14.438443208895947,45,71,63.38028169014085,2.686263284078505,-3.2988261009256448,0.3478997721262161,,0.5507256952760725,58
24,0.35,20,0.8,0.4,5,150000,211833.38906853538,61833.38906853538,41.22225937902359,5.966100336094393,0.41667259270047596,0.3862614941233109,-22.353222322448655,0.26690113174881375,10.433789997719337,1319,1007,312,76.34571645185747,267.6110305379007,-660.0519829588497,382.77099108676686,-1837.7913052391057,1.3085814116373353,18.299469294920396,45,71,63.38028169014085,6.71856548955847,-9.226294759944976,0.5474161803366239,,0.4812168896838673,28
27,0.35,5,0.9,0.3,5,150000,183544.97752391265,33544.97752391262,22.36331834927508,3.446451781203086,0.4149753960392935,0.4865996926384032,-8.001901138217502,0.4307041191427185,3.499291514754873,1256,869,387,69.18789808917197,107.89658297904737,-152.648280501022,151.7233199483431,-316.1767110842145,1.5871741657531395,18.56608280254777,48,71,67.6056338028169,2.0888712715501745,-2.5773757165469924,0.2926693501835553,,0.5641029841078888,52
24,0.31,15,0.7,0.30000000000000004,5,150000,200467.71511102328,50467.71511102328,33.645143407348854,4.989541014563348,0.41457228483796993,0.39001518551201464,-14.6291129450813,0.34106927968185285,7.63643150300974,1398,1078,320,77.1101573676681,179.73724032015042,-442.0988436066621,272.18399993186136,-1348.9630757723664,1.3695802128521615,14.951359084406295,44,71,61.97183098591549,4.486539985739757,-5.39767262744959,0.4404869984945987,,0.4625275050991009,11
21,0.35,10,0.9,0.2,5,150000,188275.8954964661,38275.89549646614,25.51726366431076,3.889375187081767,0.4131662576215538,0.435319002901137,-8.816278714530771,0.4411583745272703,4.665134138679364,1209,769,440,63.60628618693135,181.148373559673,-227.16277945358533,263.7311118030832,-554.94384551065,1.393705226014444,13.009098428453267,46,71,64.7887323943662,2.663351169351213,-3.046296128945214,0.3326539268350171,,0.5728672873660685,39
21,0.35,20,0.9,0.4,7,150000,207812.590353663,57812.59035366299,38.541726902441994,5.625722783870568,0.4120894822807513,0.3844323661936772,-18.49640583532251,0.30415221389266606,9.552314176564167,1297,935,362,72.08943716268311,262.41412745337544,-513.4213226941234,382.77099108676686,-1837.7913052391057,1.32012893857596,17.49190439475713,44,71,61.97183098591549,4.969413304150727,-7.067268923483649,0.5092233817406254,,0.4682852492034007,10
21,0.35,10,0.8,0.5,5,150000,193682.3966340792,43682.396634079225,29.12159775605281,4.384349746903693,0.4112373318805176,0.4576618885847442,-15.679681877251852,0.2796198150719197,6.019900856321971,1210,922,288,76.19834710743801,167.1389259161784,-379.1341412093973,262.9203153932366,-808.6924226651863,1.4113123619572727,14.158677685950414,47,71,66.19718309859155,3.4752241446853294,-4.40359433638865,0.3792498993522757,,0.5581394751987693,11
30,0.32999999999999996,15,0.7,0.30000000000000004,5,150000,202935.03500207423,52935.03500207423,35.29002333471615,5.20538201177696,0.4073897006367006,0.4101767662402867,-15.444023874367987,0.3370483012795769,8.433207019874631,1400,1062,338,75.85714285714286,194.06123781296407,-447.7455608145752,293.7119918178397,-1408.6487833095218,1.3618062559497754,17.305714285714284,43,71,60.56338028169014,4.493973822908659,-6.756934624137045,0.46426743037009316,,0.4442049548148567,16
27,0.35,10,0.9,0.2,7,150000,189955.5499702369,39955.5499702369,26.637033313491266,4.044403130813978,0.4071257008831273,0.445052154235012,-8.925564553694436,0.4531257498036843,5.160827974720355,1256,780,476,62.101910828025474,182.3050316391983,-213.1798297628068,256.8054921549445,-555.2906641272249,1.4013292730918507,15.939490445859873,44,71,61.97183098591549,2.923111517026622,-3.41391858862109,0.3490332177459576,,0.5676022488731151,55
24,0.3299999999999999,10,0.8,0.2,5,150000,186930.1723728932,36930.1723728932,24.62011491526213,3.764335690470277,0.403059871696022,0.4336798217774985,-8.112309621590901,0.464027615569739,4.459668163011403,1232,821,411,66.6396103896104,158.89642971381187,-224.4816719219713,232.70601092602172,-554.94384551065,1.4139517377610855,12.123376623376624,45,71,63.38028169014085,2.657399813874206,-2.7939547673424547,0.3210543679860417,,0.5377605611195841,81
24,0.27,10,0.9,0.4,5,150000,191560.74598617217,41560.74598617217,27.70716399078145,4.191496441373133,0.4029722801671662,0.426892227159308,-12.942359669776344,0.3238587512879377,5.627426450963733,1287,1017,270,79.02097902097903,127.09610872185708,-320.555111978182,188.0596066767125,-868.885466144035,1.493436411702726,15.874125874125872,46,71,64.7887323943662,3.1588275251899,-3.723512763511083,0.3565858277877379,,0.3898234870903174,8
27,0.29,10,0.7,0.3,5,150000,190015.437201692,40015.437201692,26.67695813446133,4.049909481435909,0.3997262134357633,0.440620387193151,-11.76311319079046,0.3442889153363458,5.2857592940471685,1307,1039,268,79.49502677888293,119.39427493956468,-308.10226197314194,193.38639541948424,-654.6852218155752,1.5023439391175586,14.185921958684007,45,71,63.38028169014085,2.9828008972835107,-3.320739990718602,0.3446291624061177,,0.3473240410781968,12
24,0.31,10,0.9,0.2,5,150000,187236.29160079383,37236.29160079383,24.824194400529223,3.7928447870184456,0.3961685000243399,0.4079437670607477,-9.213767427810778,0.4116497205660028,4.625937870098666,1251,840,411,67.14628297362111,155.7695618936531,-225.05843509331427,228.133417416791,-554.94384551065,1.4145710569070105,13.785771382893683,44,71,61.97183098591549,2.6300379833258614,-4.032344216368555,0.3230669948810963,,0.5275627433653346,46
21,0.27,15,0.9,0.4,5,150000,197415.8978708817,47415.89787088166,31.610598580587773,4.719488810864658,0.3937191817827742,0.4004355659439832,-16.63100860193622,0.2837764638228378,7.325066295433001,1270,1017,253,80.07874015748031,158.3007559908745,-444.50323481612594,239.69089497346224,-1228.8589275284512,1.4315565052418104,14.868503937007874,46,71,64.7887323943662,4.187196977363272,-5.338477004698506,0.408879515345289,,0.4815342383549238,5
30,0.35,20,0.9,0.4,5,150000,213119.10316669408,63119.10316669408,42.07940211112939,6.07380704795808,0.3886536968992867,0.37419613006679514,-26.99720991932606,0.22497906509998727,11.859812867638786,1378,1028,350,74.60087082728593,281.64793394325494,-641.7816369342981,377.5135091886779,-1842.0024905416474,1.2889745823238044,23.74600870827286,45,71,63.38028169014085,7.820853609567058,-9.994381595552394,0.5743466647338128,,0.48417516472702005,23
21,0.31,20,0.9,0.30000000000000004,13,150000,191785.8188805387,41785.81888053869,27.857212587025792,4.21203909764416,0.3885053759401633,0.3788486930990803,-14.58257196187179,0.2888406180101244,5.934079807960924,1264,899,365,71.12341772151899,180.6058220284068,-325.85100033706425,315.2556000231883,-1720.7727863033308,1.3651473012149113,13.623417721518987,44,71,61.97183098591549,3.2930388837424607,-4.535559680809675,0.36694705918769194,,0.3885053759401633,1
30,0.3299999999999999,20,0.3,0.3,9,150000,190494.55531946223,40494.55531946223,26.996370212974824,4.09391023552248,0.384201492760097,0.4250604623859255,-11.729005149214856,0.3490415583794443,5.663219469556074,1293,1128,165,87.23897911832947,115.0551573579081,-531.7616976557119,265.4237993071156,-1351.3287514062256,1.4791567301768225,7.511214230471771,47,71,66.19718309859155,3.740451168968328,-3.632189889823245,0.347665626466439,,0.384201492760097,1
21,0.32999999999999996,20,0.8,0.2,7,150000,196334.3125554724,46334.312555472396,30.889541703648266,4.622946394348726,0.383114993343149,0.3418648078964495,-13.971355368127869,0.3308874674317436,7.280075183777862,1282,878,404,68.48673946957878,238.83574359516527,-400.2397780225555,344.6674360412522,-1006.7221680365683,1.296857400270754,14.862714508580343,43,71,60.56338028169014,4.140438853256456,-4.801538131207228,0.40827800720816226,,0.4707443697965208,17
24,0.35,20,0.8,0.4,7,150000,205004.3502181921,55004.35021819209,36.66956681212806,5.38472832559902,0.37821605466264585,0.35856074009534145,-19.76868274693013,0.27238680465117043,9.890514427752125,1319,963,356,73.0098559514784,259.5577397251288,-542.7950930818466,382.77099108676686,-1837.7913052391057,1.2935236091865203,17.42153146322972,44,71,61.97183098591549,5.141234319953392,-8.962336544880745,0.49493007936139527,,0.4812168896838673,28
27,0.31,15,0.9,0.4,7,150000,199650.15620735168,49650.15620735168,33.10010413823446,4.917533368421889,0.373598592183272,0.4024811983056326,-19.916145075364543,0.2469119073903853,8.467900888770975,1294,971,323,75.03863987635239,192.57218574467328,-422.3356505841218,288.3766745404866,-1167.1393835116612,1.3707319139842846,18.164605873261205,45,71,63.38028169014085,4.533649377545634,-6.905594249909575,0.4371917857657307,,0.5950177920990533,45
27,0.35,15,0.8,0.2,5,150000,197092.95475604976,47092.95475604976,31.39530317069984,4.690709058899523,0.37075023683842157,0.36110472239339403,-13.151603893408284,0.35666441119402575,7.804778878175683,1401,926,475,66.0956459671663,230.1302431535002,-345.6554745349982,314.9038588819008,-850.9774159988131,1.2979191305222435,17.393290506780872,43,71,60.56338028169014,3.7107897612242313,-7.0239849423722855,0.4193772093832801,,0.4875835021912372,31
27,0.3299999999999999,10,0.6000000000000001,0.4,5,150000,189266.55658384695,39266.55658384698,26.17770438923132,3.9809492795707335,0.3677476994195355,0.4202552271764547,-13.76860494769442,0.2891323626971628,5.613410932944056,1282,1030,252,80.34321372854915,129.25403775583948,-367.0341564950784,210.9375916981584,-578.6741928978598,1.439376211547946,13.570202808112324,47,71,66.19718309859155,3.120161071791228,-4.078996661959855,0.3447815738834512,,0.4408568740790107,10
24,0.35,5,0.9,0.3,5,150000,180522.46002270872,30522.46002270872,20.348306681805813,3.1584751767383734,0.3602689743096366,0.4141004973504709,-7.684219122118567,0.4110339810127083,3.231213836051832,1223,847,376,69.25592804578903,106.57620268442192,-155.7019356917606,152.46481040296234,-351.904729069622,1.5419198375464946,15.747342600163533,46,71,64.7887323943662,1.899436446676939,-2.309650261111984,0.2672477881911111,,0.5672031100030515,57
27,0.35,10,0.9,0.2,11,150000,184733.26362380665,34733.26362380662,23.155509082537744,3.558588330959012,0.3584970111364395,0.4046935249545123,-8.796979128883377,0.4045239029015079,4.459949591528834,1256,815,441,64.88853503184714,152.09791178186234,-200.5844869323581,250.2208860879173,-555.2906641272249,1.4013445498945245,14.511146496815286,45,71,63.38028169014085,2.5124923086952355,-2.7348500559144617,0.3065144671421631,,0.5232217055022542,6
24,0.27,20,0.9,0.5,5,150000,198533.34323760975,48533.34323760975,32.3555621584065,4.818770940872752,0.35521891072784006,0.3222085223079967,-23.101360763294405,0.20859251497120743,8.698482995838432,1240,992,248,80.0,195.43570858462203,-579.5438696708211,266.1754464084408,-1920.2897510199834,1.3488932853047266,19.691935483870967,44,71,61.97183098591549,4.603640531270625,-7.672766977019874,0.4306197579589161,,0.33945769570140827,2
33,0.31,10,0.9,0.3,11,150000,188677.55569638684,38677.55569638685,25.785037130924565,3.926551808021439,0.3511883102272765,0.4004523696198673,-14.068135195417051,0.2791096157009198,5.751624419613126,1332,955,377,71.69669669669669,134.58041382482327,-235.86256769463571,214.7664821453264,-555.2906641272249,1.445389377410334,20.206456456456458,44,71,61.97183098591549,2.8965368968621563,-3.5047768256567413,0.3394910112418033,,0.396447146580024,2
21,0.31,10,0.9,0.2,5,150000,184273.0609993243,34273.06099932431,22.848707332882874,3.5152311993416285,0.3510981531050814,0.356709999483687,-9.351020816894405,0.3759195138343284,4.431155438488899,1234,824,410,66.77471636952998,155.43414669345316,-225.6951752520508,225.88388333159563,-554.94384551065,1.384100141872732,12.959481361426256,40,71,56.33802816901409,2.374136732697729,-3.667601424465028,0.3006312870770238,,0.5275071243709202,36
27,0.35,10,0.7,0.2,5,150000,185036.85813711467,35036.85813711467,23.357905424743112,3.5871417442289166,0.3499981148949575,0.3895741667235293,-8.375916012508977,0.4282685904290008,4.675203069813663,1259,834,425,66.24305003971406,159.64479937534827,-227.6776698212174,229.3216131020516,-555.2906641272249,1.3759778982442292,12.760127084988088,45,71,63.38028169014085,2.486297107545421,-3.227160962530473,0.3093299484132423,,0.5128537129394521,28
27,0.29,10,0.8,0.4,5,150000,189358.53018884044,39358.53018884044,26.239020125893624,3.989430828385165,0.3497503756342969,0.3882001751104263,-15.38796765765836,0.2592565124348754,5.988039074790015,1307,1038,269,79.41851568477429,130.62041704202045,-352.2738083608285,199.57009617424933,-868.885466144035,1.4307896340338542,16.556235654169853,46,71,64.7887323943662,3.2609767267774536,-4.434984901539563,0.3434476606104277,,0.5061190052633233,23
21,0.35,10,0.8,0.2,5,150000,184309.67501385487,34309.67501385487,22.873116675903244,3.518684017485296,0.3488458728341712,0.3732343511310998,-8.208670708127382,0.4286545462228686,4.474715787303472,1210,779,431,64.3801652892562,170.90834458659845,-226.44748266073043,248.67148559273244,-554.94384551065,1.3641306217693807,11.50413223140496,45,71,63.38028169014085,2.5639234298887814,-2.976926944167957,0.3016218565120313,,0.536533291026821,43
21,0.35,15,0.8,0.5,5,150000,199600.34526861558,49600.34526861558,33.06689684574372,4.913138275335482,0.3446038980092072,0.34055181674929025,-20.41568731291652,0.24065505118836025,9.418354766609525,1400,1053,347,75.21428571428571,223.5996334873429,-530.346019578066,322.1905491086736,-1379.0567471380186,1.2794127373079291,17.09,46,71,64.7887323943662,4.869681586171004,-8.018358531812575,0.44926090152842085,,0.43427390582521785,13
27,0.31,15,0.7,0.4,9,150000,192629.8207321512,42629.820732151216,28.41988048810081,4.288893877074451,0.3439653985235618,0.374943358260618,-16.44496388455316,0.2608028760162271,7.147938242473371,1296,993,303,76.62037037037037,162.5463131036946,-387.5398361171162,258.64963304615145,-1167.1393835116612,1.3745716798436842,14.030864197530864,46,71,64.7887323943662,3.72646048354639,-5.946331055087695,0.3751651588446802,,0.3965742592546421,4
27,0.32999999999999996,20,0.6000000000000001,0.30000000000000004,7,150000,198186.1409673743,48186.14096737429,32.124093978249526,4.787972819005515,0.3435564598392711,0.33760327491546227,-16.67708146225607,0.2870989645185675,8.981028851385197,1357,1049,308,77.30287398673545,205.2427293616548,-536.8486432890691,345.12834421636967,-1881.724857487968,1.3020890693571185,15.05674281503316,43,71,60.56338028169014,5.118566579801542,-7.280536190774067,0.43381834653063894,,0.40734944860110467,11
24,0.35,20,0.7,0.2,7,150000,194354.09388549495,44354.09388549495,29.5693959236633,4.445039153454089,0.3375410364457534,0.3141190934576549,-14.52664329308405,0.30599217339977747,7.898005553771484,1319,902,417,68.38514025777104,246.87623887673314,-423.53374959556174,366.5557585860656,-1113.1468826277226,1.2608451488256902,13.962092494313874,43,71,60.56338028169014,4.070150633935743,-6.641874845010431,0.4002961208308213,,0.44052864705239875,15
27,0.35,15,0.9,0.5,5,150000,201764.58736218285,51764.58736218285,34.5097249081219,5.103265176696858,0.33160681136563624,0.340290602785983,-24.236166601446815,0.2105640409482996,10.736797647398816,1401,1051,350,75.01784439685939,238.25966650473217,-562.357206098066,318.20837003209436,-1379.5451990706026,1.2722513976174268,22.927194860813703,45,71,63.38028169014085,5.5600881957779125,-9.26689260345357,0.4815305838586332,,0.40278282794772163,13
30,0.35,10,0.7,0.4,7,150000,188607.82924458568,38607.82924458568,25.738552829723787,3.9201028362535695,0.3314822348681985,0.3817371484873199,-14.530465638601491,0.2697850801036591,6.145439859260331,1272,952,320,74.84276729559748,156.78277549339617,-341.5268067413107,229.3216131020516,-758.3045482269254,1.3657163885415,15.775943396226417,46,71,64.7887323943662,3.5159190607988444,-4.305430064538274,0.345551889293418,,0.5190993207419273,18
24,0.35,20,0.7,0.4,7,150000,198921.76491120082,48921.76491120082,32.614509940800545,4.8531723058909515,0.331250771759141,0.31832560419287337,-19.045485733586236,0.2548200856506644,9.71053753224339,1319,978,341,74.14708112206216,244.67854409989963,-553.2526428695942,375.6805627039144,-1837.7913052391057,1.2684018484346722,15.658074298711146,43,71,60.56338028169014,5.048551764156017,-8.94775259226568,0.4492215931339628,,0.4608454595567294,19
21,0.27,20,0.9,0.4,5,150000,193436.7121884998,43436.712188499805,28.957808125666535,4.3621078372629185,0.3236964806749764,0.2862497388836345,-21.47416220288995,0.20313285314925464,8.019708802586626,1211,958,253,79.10817506193229,195.75776406683534,-563.3396276187995,266.1754464084408,-1902.5497450393752,1.3158115111427187,18.40132122213047,45,71,63.38028169014085,4.6445801705363055,-6.645666560996788,0.3906007102176286,,0.33945769570140827,2
30,0.31,20,0.9,0.30000000000000004,7,150000,198573.23197516776,48573.23197516776,32.382154650111836,4.822306348106031,0.3183399751080946,0.30063827665015724,-22.455098289536117,0.21475329503915752,10.151779252465635,1368,1025,343,74.92690058479532,226.56663191351362,-530.2599584146226,319.74443722646777,-1704.9926537229046,1.2768411201542584,22.22953216374269,43,71,60.56338028169014,5.513603191919936,-8.083601350110591,0.45027948822370256,,0.4187883202079144,9
33,0.35,20,0.9,0.4,7,150000,205418.4484217657,55418.4484217657,36.94563228117713,5.420436949056651,0.3181514987806318,0.31496651367707096,-28.15812900309475,0.19249989757703403,12.989969929076539,1394,1045,349,74.96413199426112,272.24498490774783,-651.1901455784032,386.39076480796405,-1836.4674792924227,1.25182301525647,26.182209469153516,44,71,61.97183098591549,7.611865029879361,-11.175268344793455,0.5418989239718858,,0.4562519541578255,10
21,0.29,10,0.9,0.3,11,150000,179877.0240462405,29877.02404624049,19.918016030826998,3.096460617885999,0.3180181395431974,0.3592850136874296,-8.966267998600099,0.3453455348835712,3.4997457148207114,1244,885,359,71.14147909967846,108.40731061491375,-180.51887804037972,195.6211010398812,-540.5477824078449,1.48041939785699,11.336816720257234,45,71,63.38028169014085,1.9509212944610168,-2.2247844486511736,0.2617003864196615,,0.42499650528584,2
24,0.35,5,0.8,0.3,5,150000,178489.69879147896,28489.698791478964,18.99313252765264,2.962534847814635,0.3112550631190071,0.3640257455001242,-7.225307300261958,0.4100219858755664,3.1170610024866687,1224,862,362,70.42483660130719,100.73765793009832,-157.54870289164523,148.30666904733593,-351.904729069622,1.5225645469181432,14.205065359477125,46,71,64.7887323943662,1.8245523894471205,-2.31038805082755,0.2506950074163271,,0.5512794281365238,65
27,0.31,20,0.9,0.8,7,150000,201303.8477897533,51303.84778975326,34.20256519316884,5.062932260446074,0.310025874334802,0.3329785825418987,-26.58037747636001,0.1904763115177326,11.71051667921785,1294,991,303,76.58423493044822,219.43507406463704,-545.6887347620086,333.36887472662943,-1824.5857510625428,1.3152008572355145,18.666151468315302,45,71,63.38028169014085,5.670694277820854,-8.988021833607263,0.471381491417736,,0.3822655723572458,2
27,0.31,15,0.9,0.4,9,150000,192806.96358916405,42806.96358916405,28.537975726109366,4.304988912313967,0.30975606428107694,0.31364494965234063,-16.968763390201623,0.25370080384289073,8.26888624993371,1400,1019,381,72.78571428571429,183.18269080957342,-372.79842085517936,267.00609697028636,-1336.2487246275882,1.3141942977132932,20.105714285714285,43,71,60.56338028169014,4.662009829583491,-6.960196346969272,0.3868793676279153,,0.3769262057017919,4
21,0.35,15,0.6000000000000001,0.2,7,150000,184731.9513733186,34731.95137331859,23.15463424887906,3.558464827564656,0.3062693143819242,0.3262702697812175,-10.494823309003836,0.3390685791262191,5.365710464661267,1211,861,350,71.09826589595376,176.4089699861617,-330.9216958889855,317.41863000983784,-845.8993445607588,1.3113859609602043,8.947976878612717,44,71,61.97183098591549,3.039511047773225,-4.2535450379981405,0.3086055123625927,,0.2624779301301537,5
21,0.35,10,0.9,0.2,7,150000,182239.6076684111,32239.607668411103,21.493071778940735,3.322567761525086,0.3054247968855076,0.3247388366299759,-8.134248437646727,0.4084664719788567,4.492124039867068,1209,745,464,61.62117452440034,175.65754512419045,-210.2363849951846,253.80620645762832,-554.94384551065,1.3415202138941509,12.284532671629446,45,71,63.38028169014085,2.706258331478706,-2.6869870298332987,0.2859878488277003,,0.5733007172437011,42
30,0.35,10,0.4,0.3,15,150000,179391.45050415525,29391.450504155247,19.594300336103498,3.0496837405034505,0.2985319194884821,0.3548458158849455,-6.784268702010634,0.4495228409216198,3.5862068276720995,1273,973,300,76.43362136684996,99.3519024455166,-219.23057233119005,189.31200775906265,-555.2906641272249,1.4698284710256235,9.07619795758052,48,71,67.6056338028169,1.829869661130501,-2.503087814666294,0.2572916256616065,,0.2985319194884821,1
27,0.35,20,0.9,0.5,7,150000,199984.3965694023,49984.396569402306,33.32293104626821,4.94700165351043,0.2956230371566236,0.2911328369040248,-27.434621344385878,0.1803196622038586,12.0519739003079,1368,1001,367,73.17251461988305,271.1054348318138,-598.4025713822222,377.5135091886779,-1908.647396150239,1.235699258607066,22.40497076023392,44,71,61.97183098591549,6.3352559778115936,-10.796216468554821,0.4837316377024872,,0.40278282794772163,13
30,0.29000000000000004,20,0.9,0.4,5,150000,196854.61517183215,46854.61517183215,31.236410114554765,4.669443750856139,0.29122973024137583,0.2727248209767986,-27.928227496016262,0.16719441831824802,10.846821622183521,1364,1079,285,79.10557184750732,211.03457287716003,-628.3455753075615,289.1624754081338,-1837.589588760514,1.2715447034062337,23.635630498533725,43,71,60.56338028169014,5.866834709266278,-9.039122398099565,0.4406875947067078,,0.34320773617110856,3
27,0.35,10,0.9,0.5,7,150000,187628.876007775,37628.87600777499,25.085917338516666,3.829349735353982,0.2893849832558328,0.3248445607425928,-17.505441781005203,0.2187519620047025,6.9106140544742525,1256,899,357,71.57643312101911,178.0625675618222,-340.84200697216136,256.8054921549445,-808.6924226651863,1.3155610085496932,18.75796178343949,45,71,63.38028169014085,3.695696836420237,-5.537667797424295,0.34496462909395,,0.4866441717175805,15
24,0.31,5,0.8,0.4,5,150000,178113.94177576737,28113.941775767365,18.74262785051157,2.926112014233029,0.2889331382093884,0.3285115888521865,-8.576730523784331,0.3411687013039012,3.249998909528342,1252,966,286,77.15654952076677,85.06834496522075,-183.9785012944348,125.17996785786733,-354.0724665514992,1.5617517457759669,14.708466453674122,46,71,64.7887323943662,1.8853969304996945,-2.322704456189684,0.2473930324880892,,0.5706420822426949,39
21,0.35,20,0.8,0.8,7,150000,194186.0674368353,44186.06743683529,29.45737829122353,4.429873962283359,0.2858153912134394,0.3079957863228443,-24.1711465384939,0.1832711557653476,9.89749752446817,1210,914,296,75.53719008264463,233.73922920495664,-568.8715605128901,409.4242402430149,-1792.9727474645974,1.2687377718010602,13.258677685950412,45,71,63.38028169014085,5.079916132445872,-7.105975827122157,0.4096917423892291,,0.2858153912134394,1
33,0.3299999999999999,20,0.8,0.8,11,150000,196997.7255429184,46997.7255429184,31.331817028612267,4.682215016853619,0.2849347560236617,0.3221993418724273,-25.630974486410008,0.1826779945232364,11.297747999839071,1328,998,330,75.15060240963855,210.12678327097095,-490.5677279398879,354.49274161837224,-1822.4421518106649,1.2953855222117916,19.24096385542169,44,71,61.97183098591549,5.343362524320061,-8.364895836319452,0.4382476149141472,,0.2849347560236617,1
30,0.35,15,0.6000000000000001,0.2,7,150000,185402.16755217809,35402.167552178056,23.60144503478537,3.6214478855360666,0.2833930356870944,0.3099548094092181,-12.265837171688116,0.2952466949337185,6.179745396689694,1273,901,372,70.77769049489395,180.11633076648866,-337.1665997214257,286.8299937830992,-746.4162765638556,1.2938692634911997,11.713275726630007,45,71,63.38028169014085,3.165359828701142,-4.378709642697388,0.3205576103243098,,0.4831580176879951,6
21,0.29,10,0.9,0.2,5,150000,180759.8281808302,30759.8281808302,20.506552120553465,3.181235504691271,0.2822641138785626,0.2857458419382726,-9.501566720335026,0.3348116787816547,4.353800044523498,1244,851,393,68.40836012861736,141.28583269416433,-224.4713659298784,206.7665314829648,-564.1383025064662,1.3629335302323424,12.960610932475884,43,71,60.56338028169014,2.4407240364908267,-3.499326188760299,0.2718579496733218,,0.4385457165531462,17
24,0.35,15,0.7,0.5,7,150000,191221.0234978657,41221.02349786571,27.480682331910472,4.160451519213604,0.2818136456511075,0.2934550756273864,-17.882599192262514,0.23265362459243386,8.737314344453116,1401,1039,362,74.16131334760885,203.7375559735313,-465.85910817310906,322.1905491086736,-1379.0567471380186,1.2552304850127118,15.042826552462527,43,71,60.56338028169014,4.503352716454989,-8.920547939230083,0.38161722450834185,,0.3898050512925519,10
21,0.3299999999999999,20,0.9,0.6,13,150000,185404.6734458744,35404.67344587436,23.60311563058291,3.6216830192475458,0.2678021621183996,0.2860730785374092,-17.31263651553781,0.2091930374670053,6.654974389449228,1214,870,344,71.66392092257001,185.1775961951788,-362.9256951469484,349.38221917694216,-1713.5057210294044,1.2904213352960812,11.66309719934102,47,71,66.19718309859155,3.765777656454583,-5.961869245409668,0.3219631702681553,,0.2678021621183996,1
24,0.29000000000000004,20,0.6000000000000001,0.7000000000000001,15,150000,180887.04627472325,30887.046274723252,20.591364183148837,3.19342372801954,0.2654597945685291,0.27503282663679096,-9.790205468867049,0.32618556762415857,4.7399206736714845,1261,890,371,70.57890563045203,141.1108368459557,-250.84177498168833,273.31085568671926,-1841.3904895753356,1.3495115292937974,9.647898493259317,47,71,66.19718309859155,2.4312315119460415,-3.254928223378717,0.2745843965952078,,0.2654597945685291,1
33,0.29,20,0.9,0.3,7,150000,193927.6411090608,43927.64110906076,29.28509407270717,4.406528424238876,0.2644857993220655,0.27967108293945,-24.71785401450837,0.1782730985324382,11.087962385523252,1351,1051,300,77.79422649888971,196.76453379476467,-541.0094794011887,310.57649202769807,-1477.5685393282008,1.274158358230567,21.34715025906736,44,71,61.97183098591549,6.338191242966063,-8.805743383151633,0.4204435731235974,,0.2644857993220655,1
27,0.31,10,0.8,0.2,5,150000,180922.12830508995,30922.12830508995,20.614752203393294,3.196783533095493,0.2623896033684256,0.2780941903258251,-9.640775649501329,0.3315898688360046,4.823249542117582,1296,872,424,67.28395061728395,146.30453098463917,-224.57700801362444,215.6763831537999,-555.2906641272249,1.3398096856706032,14.005401234567902,44,71,61.97183098591549,2.48308941896187,-3.9556388192546033,0.2741620320563525,,0.5100859315141728,49
27,0.27,20,0.7,0.2,5,150000,186299.0656794643,36299.065679464285,24.199377119642858,3.705437464901795,0.2549173834070212,0.2593005181221404,-16.230740065510293,0.2282975052244049,7.56325997701034,1336,1055,281,78.96706586826348,153.4171179938269,-441.7862964716023,263.5563372162773,-793.3547293041911,1.3037902206710297,12.850299401197605,45,71,63.38028169014085,4.0626028996151975,-4.798276292340498,0.3282252274593961,,0.23294165051837,2
21,0.29,15,0.6000000000000001,0.2,5,150000,180236.6240916902,30236.6240916902,20.157749394460133,3.13103438577782,0.2435202128607876,0.2426190054108649,-11.949173496372948,0.2620293685356744,4.963695212093548,1246,961,285,77.12680577849117,137.24623886492915,-351.4760717866773,234.26430878655327,-704.9680998313424,1.3166890246184744,8.804975922953451,45,71,63.38028169014085,2.63600380742286,-4.212290849421718,0.270783628067019,,0.2435202128607876,1
21,0.31,15,0.7,0.7000000000000001,5,150000,186097.9558098463,36097.95580984629,24.06530387323086,3.686633941948392,0.2404310709147762,0.2547289479915546,-22.772618716159243,0.1618888889283686,8.126656704130756,1235,1003,232,81.21457489878543,168.1634808218871,-565.5398156503697,297.420139412716,-1357.076763811982,1.2855277336798887,12.500404858299596,48,71,67.6056338028169,4.570765913962549,-6.539301124697861,0.3375206076921445,,0.2404310709147762,1
21,0.29,15,0.6000000000000001,0.5,7,150000,182879.8660306942,32879.86603069419,21.91991068712946,3.383422388702706,0.2397705965847431,0.2511564273943387,-16.3825745271308,0.2065256827063108,6.403208555227239,1246,1022,224,82.02247191011236,135.41143979018295,-464.3941715918275,234.26430878655327,-1310.9213415855047,1.3303670283479117,10.032102728731942,47,71,66.19718309859155,3.1017010362387243,-5.238310686250792,0.2993830647227266,,0.3375600480763959,4
27,0.35,5,0.8,0.4,5,150000,177101.63778599305,27101.63778599305,18.06775852399537,2.827668352927648,0.236586358746184,0.2796167465091053,-9.687230168305383,0.2918964764746887,3.6176930468891526,1258,913,345,72.57551669316375,100.67465468834072,-183.8480125428501,147.19059652552482,-318.11972110651897,1.4491485004244054,17.36168521462639,46,71,64.7887323943662,2.0396991264224784,-2.362891630589503,0.2425520851785365,,0.5795732588834974,51
30,0.32999999999999996,20,0.9,0.6,7,150000,192012.45804369904,42012.458043699036,28.008305362466025,4.232704448479296,0.2328546840792472,0.22948306155580295,-31.6314466021736,0.13381317970416315,12.724742334753824,1370,1034,336,75.47445255474453,248.50771721003406,-634.415242712822,345.12834421636967,-1911.3608677096233,1.205445367598156,23.675912408759125,43,71,60.56338028169014,6.384363417922567,-11.277167585665104,0.43147497287805747,,0.28669484420050234,3
21,0.32999999999999996,15,0.9,0.5,11,150000,181326.83465783906,31326.834657839063,20.884556438559375,3.2355031024315917,0.2280424357679213,0.23570506404793082,-14.590412143025322,0.22175542888815958,5.9931247355477915,1400,967,433,69.07142857142857,161.7893625543072,-284.76554025914237,293.8508520483655,-1286.5285516881006,1.268823190917673,13.286428571428571,44,71,61.97183098591549,2.9336607263562353,-4.474017289787757,0.28628710020570824,,0.36234166462554607,2
42,0.3299999999999999,10,0.8,0.5,5,150000,186346.1781359238,36346.17813592381,24.230785423949204,3.7098399790373326,0.2240138528086694,0.2559613485638259,-23.13207526853084,0.1603764442217705,9.26522541491061,1369,1062,307,77.57487216946677,152.24296525935523,-405.7579703890881,225.76406019588205,-853.6442102562777,1.2979450781928168,27.32359386413441,47,71,66.19718309859155,4.951580053813487,-8.405359253024326,0.346878333335498,,0.2240138528086694,1
27,0.29,15,0.8,0.2,5,150000,181204.7828832643,31204.7828832643,20.803188588842865,3.2238335929376083,0.2109659176297188,0.2147592710173194,-14.955321086325808,0.2155643181666809,6.609378618610171,1307,943,364,72.14996174445295,165.8689710242135,-340.16461376706053,256.1694070207424,-679.5765227420468,1.2632413299864609,14.181331293037491,41,71,57.74647887323944,3.46371789792006,-4.0395533850625,0.284071852583888,,0.4332804230193801,22
30,0.3299999999999999,10,0.9,0.6,13,150000,179992.3724951911,29992.372495191117,19.99491499679408,3.107557061976207,0.2108230741178772,0.2447084235367288,-15.996903281202268,0.1942599143940473,5.8531457243371605,1289,935,354,72.53685027152832,139.4141788183207,-280.53018211679847,233.73700528539436,-890.5743928576344,1.312609974662794,17.7866563227308,46,71,64.7887323943662,2.8692440711781675,-4.726219370707541,0.2772178095951992,,0.2108230741178772,1
39,0.35,15,0.6000000000000001,0.5,7,150000,186917.31786460415,36917.31786460415,24.611545243069433,3.763137691495033,0.2104783097015476,0.23816966604329579,-22.591945707518498,0.16656988026678365,10.883656124926977,1401,1130,271,80.65667380442541,179.7926040627871,-606.7417886582203,306.519361047173,-1394.1194391439412,1.2355976332299174,19.981441827266238,43,71,60.56338028169014,6.162349805552747,-7.98824838124681,0.3621232163707254,,0.2104783097015476,2
24,0.29,5,0.8,0.3,5,150000,174670.99688653482,24670.99688653482,16.44733125768988,2.5893695954694484,0.2004316230252617,0.2222592028923627,-7.221575051931422,0.3585602277687216,3.0115395240693767,1258,955,303,75.9141494435612,78.38841373321819,-160.917669944259,121.73167985867924,-354.0724665514992,1.5353552692197527,14.042130365659778,46,71,64.7887323943662,1.6926458272106704,-2.1074494583762093,0.2180702243540382,,0.461872155557108,22
30,0.35,15,0.6000000000000001,0.2,7,150000,180813.7613071212,30813.761307121196,20.542507538080798,3.186403478950628,0.19922903567672315,0.20435473784214672,-12.565406192872345,0.2535853939014003,6.92463532461431,1401,964,437,68.807994289793,185.76609656785962,-335.11088280166615,308.73037196872826,-769.5970256583735,1.2228509367817109,13.126338329764454,42,71,59.154929577464785,3.1521428435026477,-6.738018160814496,0.28799803797130835,,0.3820574148547277,6
27,0.35,5,0.9,0.30000000000000004,9,150000,175395.6370108322,25395.6370108322,16.930424673888133,2.6607001210343872,0.1986028242861061,0.2319459482100757,-6.494159994757524,0.40970658609924365,3.463266496563999,1401,959,442,68.45110635260528,92.78661686837596,-139.74078861079883,136.2341108756925,-314.3349874847662,1.4406500147850252,17.891506067094934,44,71,61.97183098591549,1.7065887426726212,-2.9269226880327848,0.22585514277789157,,0.1986028242861061,1
33,0.25,10,0.9,0.3,5,150000,179807.22547046558,29807.22547046558,19.87148364697705,3.089743165497949,0.1967606574274627,0.2065821296216589,-14.665907579438336,0.2106752104336033,6.333342081670122,1363,1075,288,78.87013939838592,108.98292388830524,-299.5740553582956,172.99158048090342,-788.1892551759477,1.3579076447183442,21.59501100513573,44,71,61.97183098591549,3.4652606065547653,-4.718095992643601,0.2726504093157203,,0.1967606574274627,1
21,0.31,15,0.5,0.6,5,150000,179787.20015477913,29787.20015477913,19.85813343651942,3.0878155178074573,0.1905268705675833,0.1991616173379215,-20.26344018470051,0.1523835779937726,6.632701980567527,1235,1050,185,85.02024291497976,133.92380991808062,-591.7190380301868,237.45972071598297,-1313.8203841990817,1.284576059739835,9.391902834008096,48,71,67.6056338028169,3.494114655402392,-5.5198640095658895,0.2736165000697967,,0.2151487335761632,2
30,0.31,5,0.8,0.3,7,150000,174288.0629683925,24288.062968392507,16.192041978928337,2.5515756939046508,0.1760166127157758,0.2028782601763601,-7.7779899831004835,0.3280507816863419,3.2649750478356485,1301,939,362,72.17524980784013,83.8743376918777,-146.40186411655225,121.0349742175613,-316.1767110842145,1.4860708623333738,16.866256725595697,45,71,63.38028169014085,1.7806092967676213,-2.0974113507751917,0.2162038455343762,,0.4965865046307369,26
21,0.29,5,0.9,0.3,7,150000,173114.99877325082,23114.998773250816,15.409999182167212,2.4353677572891863,0.1607347062883616,0.1790702329035613,-6.314338064177655,0.3856885286369848,2.7778827929498293,1244,895,349,71.94533762057877,79.59995216512282,-133.8609738337243,122.94496060357898,-311.9857871634017,1.5249529167481803,13.79823151125402,45,71,63.38028169014085,1.4052554668521289,-2.050774663316046,0.2057771795471023,,0.4743299808387106,16
21,0.22999999999999998,20,0.9,0.5,5,150000,178408.4798636248,28408.479863624787,18.93898657574986,2.954667553350321,0.15591535301833542,0.13295040676001724,-21.82434958926859,0.13538399122799893,7.845387324979633,1176,964,212,81.97278911564626,155.3487623873307,-565.1836182914583,208.67035634807618,-1973.4301927658719,1.2498543476704786,18.56122448979592,47,71,66.19718309859155,4.638394964666559,-6.857344867635096,0.2757130204362477,,0.15591535301833542,1
24,0.29,20,0.6000000000000001,0.7000000000000001,15,150000,175521.18025982293,25521.18025982293,17.014120173215282,2.673033138651393,0.1537367981792485,0.16299354362519,-10.740184246175737,0.2488814975034698,4.964703968293494,1260,893,367,70.87301587301587,132.34903683854324,-248.4446903123849,275.2667550717751,-1677.1159449974248,1.29621326085195,7.90952380952381,47,71,66.19718309859155,2.606683915316688,-3.9352807039721114,0.2311777838763888,,0.1537367981792485,1
24,0.35,15,0.4,0.2,5,150000,175374.51577260348,25374.51577260348,16.91634384840232,2.658624507857077,0.14716581995877664,0.14831981741938716,-8.649561021274312,0.3073710332024908,5.159767962858103,1401,1063,338,75.87437544610992,139.10168138277038,-357.00967910448094,309.09979448530345,-1033.304695234423,1.2253748234832147,7.967880085653105,40,71,56.33802816901409,2.3617399001303108,-4.722635482537374,0.2317201404871443,,0.14716581995877664,1
24,0.29,10,0.7,0.4,11,150000,173904.78118413925,23904.78118413925,15.93652078942617,2.5136782047674666,0.1429759160533808,0.1597020062113986,-10.69780126487689,0.2349714808238582,3.927774355851484,1260,913,347,72.46031746031746,105.40524343010289,-204.0002527716521,177.78912164528964,-868.885466144035,1.3594799684875791,10.897619047619049,47,71,66.19718309859155,1.984567713294649,-2.611248660733312,0.2152819355121206,,0.2434706572884713,2
21,0.35,10,0.7,0.3,15,150000,172663.98545544376,22663.98545544376,15.109323636962507,2.3905143237762383,0.1406813145559643,0.1668455467357434,-6.070690441773025,0.3937796444580457,2.8834764247423967,1211,790,421,65.2353426919901,106.996992674237,-143.63825452132272,215.28149805270988,-554.94384551065,1.3978045434326114,7.5334434351775394,47,71,66.19718309859155,1.8444404153630467,-1.7140951869153764,0.2027524170766476,,0.1406813145559643,1
33,0.29,10,0.8,0.6,5,150000,176602.0851777615,26602.085177761503,17.734723451841003,2.778915644623714,0.1326728456279905,0.1464350288130811,-22.11308187640705,0.125668401182406,8.042044969285493,1353,1085,268,80.19216555801921,127.99015562736176,-414.10420090821873,193.71217240351885,-911.4407902476652,1.251301240294916,20.800443458980045,44,71,61.97183098591549,4.286352857603526,-7.4873843954132,0.2583426577490356,,0.1326728456279905,1
24,0.27,20,0.6000000000000001,0.6,11,150000,174853.7641270548,24853.764127054805,16.5691760847032,2.607383621214243,0.12627901828252006,0.12426023290628446,-16.740770276042216,0.1557505167456769,5.977587125251683,1240,924,316,74.51612903225806,143.23099906762113,-335.0622753527077,266.1754464084408,-1930.3417741930934,1.2499607514314701,11.84758064516129,47,71,66.19718309859155,2.9823592480485717,-4.804675257530933,0.23446491950372092,,0.12627901828252006,1
21,0.31,15,0.7,0.7000000000000001,5,150000,176078.812416042,26078.812416041997,17.385874944028,2.727724810151577,0.12098607805957999,0.118500561840296,-22.268019684782413,0.12249516790285837,9.387325308300221,1393,1081,312,77.60229720028715,178.45506181230465,-528.910927574012,272.18399993186136,-1420.7182486951153,1.1690078598063338,15.515434314429289,46,71,64.7887323943662,4.629581278296135,-7.982761295200302,0.2730286216166508,,0.12098607805957999,1
24,0.35,20,0.7,0.2,17,150000,172544.46508019697,22544.46508019697,15.02964338679798,2.378611640663575,0.10807601642345244,0.11793636718250357,-9.128364646226956,0.2605736879328907,4.003146003524229,1319,862,457,65.35253980288097,141.45202709543597,-213.7253441490145,331.5733767111552,-930.0936850836006,1.2483725663036864,7.7596664139499625,41,71,57.74647887323944,2.268615847321187,-3.0999208499862374,0.2053814901472938,,0.10807601642345244,1
21,0.35,5,0.9,0.7000000000000001,5,150000,172593.33119858368,22593.331198583677,15.062220799055783,2.383478902694325,0.10500696378355512,0.11845532537093226,-11.461754078322524,0.2079506231251436,4.271205180113548,1401,1018,383,72.66238401142041,104.76744697758583,-214.7222710825889,137.8200989822739,-525.6800339889303,1.2968754616974216,17.948608137044967,47,71,66.19718309859155,2.0137404696422667,-3.644002316490813,0.20741751205721234,,0.10500696378355512,1
24,0.3299999999999999,10,0.6000000000000001,0.2,7,150000,172017.9148549228,22017.9148549228,14.678609903281863,2.3260922179400456,0.0967242607539405,0.1035842606875248,-7.850869654778922,0.2962846563786885,3.899948385066773,1233,840,393,68.1265206812652,130.57465103586114,-219.4404314035324,217.03556900873656,-554.94384551065,1.2718296960629922,9.303325223033251,43,71,60.56338028169014,2.22207333237161,-2.9323150242986373,0.2014557520211136,,0.2543346299771266,11
24,0.22999999999999998,20,0.9,0.30000000000000004,9,150000,173030.41449514736,23030.414495147357,15.353609663431572,2.426963235009416,0.09470740031819841,0.08334611612938224,-13.44564625383702,0.1805017913747974,6.373560123538259,1203,907,296,75.39484621778885,137.97940752825286,-339.70610855745235,208.67035634807618,-1233.164550880714,1.2445905393758827,16.909393183707397,43,71,60.56338028169014,3.112086861418839,-5.906970464773764,0.21893662806598196,,0.09470740031819841,1
21,0.35,10,0.7,0.30000000000000004,15,150000,171254.00012569406,21254.00012569406,14.169333417129373,2.249659146620231,0.08674775956858362,0.10290849909067078,-5.840795088983994,0.3851631691142856,3.198856871889635,1401,904,497,64.52533904354033,104.32572105813571,-143.33028513258154,204.1532938905982,-559.2290587067055,1.3239313677510294,7.783012134189865,44,71,61.97183098591549,1.7855629399027961,-2.11324001750951,0.19009250039725895,,0.08674775956858362,1
21,0.32999999999999996,10,0.7,0.5,11,150000,170759.40946077238,20759.409460772382,13.839606307181587,2.200021708271249,0.062477195342802945,0.0698705767140926,-11.207856836566314,0.19629280962026072,4.385412582989116,1401,956,445,68.23697359029265,119.39720264030719,-205.7595871087497,199.19280249369783,-895.2263163871572,1.2466138664085018,11.066381156316917,46,71,64.7887323943662,2.0588261542453523,-3.064115785188426,0.19130015437446055,,0.062477195342802945,1
45,0.3299999999999999,15,0.6000000000000001,0.6,23,150000,169888.4384697577,19888.438469757704,13.25895897983847,2.11231891850141,0.051007653518799,0.0599812847803726,-17.729516191736323,0.1191413739471332,7.850297162275592,1373,994,379,72.39621267297888,137.51180481444973,-304.6118287942795,250.9526716554008,-1285.7058777261211,1.1839691668641226,17.609613983976693,44,71,61.97183098591549,3.9649861877348425,-5.495086087110135,0.1992985035416727,,0.051007653518799,1
36,0.3299999999999999,20,0.3,0.9,15,150000,169767.5179455941,19767.517945594096,13.17834529706273,2.100113214601662,0.0499994540195962,0.0560263271018421,-19.57462267065733,0.1072875452025833,7.996359720757653,1341,1149,192,85.68232662192393,110.36149220836992,-549.4751299281648,222.46286480176687,-1804.0625996361607,1.201955318743555,9.697986577181208,45,71,63.38028169014085,4.321812465219832,-5.827323178875021,0.1943727669310541,,0.0499994540195962,1
42,0.25,20,0.6000000000000001,0.4,7,150000,168297.56611688537,18297.56611688537,12.198377411256912,1.9511549544471096,0.0487230696578316,0.051635284840164,-26.77268466089326,0.0728785693015371,10.924160967107278,1368,1192,176,87.13450292397661,107.9633130163711,-618.477115684457,238.32692414832584,-1578.2708477462882,1.1822686013382335,18.55482456140351,44,71,61.97183098591549,6.866182746982896,-7.596778140608828,0.203224932333695,,0.0487230696578316,1
24,0.31,5,0.9,0.7000000000000001,9,150000,169899.74952256025,19899.749522560247,13.266499681706833,2.1134602851097477,0.0465625301762945,0.0540260936754618,-6.820545902812629,0.3098667343090832,2.897209844600356,1251,904,347,72.26219024780175,77.27482083744812,-140.12200717769613,129.3084393627304,-480.3753718263633,1.4367149561081092,14.541966426858512,47,71,66.19718309859155,1.43161230135036,-2.553969260187328,0.1796302994646998,,0.0465625301762945,1
30,0.27,15,0.7,0.2,7,150000,169817.61858830703,19817.61858830703,13.211745725538018,2.105171245200732,0.04643045513398266,0.04358691399223277,-14.981382289291886,0.14051915935056455,6.736958955920444,1400,1026,374,73.28571428571429,141.84021163106598,-331.25785707272485,221.66730905754852,-631.0560356877759,1.1746512389685386,15.385714285714286,43,71,60.56338028169014,3.514409679668251,-5.493444483054056,0.19856700093452181,,0.23324197914891898,2
42,0.25,15,0.9,0.30000000000000004,5,150000,167283.49899398664,17283.498993986635,11.522332662657757,1.8477616873330716,0.03634152224678003,0.035605221666080426,-23.73005676056196,0.07786587727021155,10.430197253054956,1372,1085,287,79.08163265306123,133.61908302320248,-438.7094288718462,205.84202428727895,-1462.2648812228958,1.1514348236535514,31.54737609329446,42,71,59.154929577464785,5.722861669199553,-9.104752581873266,0.20305661196199634,,0.03634152224678003,1
21,0.27,10,0.9,0.2,7,150000,169382.68157422487,19382.681574224873,12.921787716149916,2.0612196671904837,0.03183925130535273,0.029859680879881032,-9.377862698055184,0.219796315381963,4.501645470356937,1401,932,469,66.52391149179158,126.21833547963632,-205.61088932372897,171.53050806954917,-433.5121183515533,1.2198864480442098,14.990720913633119,38,71,53.52112676056338,2.25583532698852,-3.9676528830830837,0.18110114412853243,,0.03183925130535273,1
24,0.31,5,0.8,0.4,7,150000,169355.8720906905,19355.872090690507,12.903914727127006,2.0585074238766543,0.028588524942099854,0.03206953002878756,-7.6260196710111545,0.26993208943607555,3.455463574577694,1401,997,404,71.16345467523197,83.25012728144488,-153.0277346756,117.16493500866102,-504.74194042931225,1.3425440683009524,14.554603854389722,43,71,60.56338028169014,1.7502447635182827,-2.3883247159335985,0.17625342090824328,,0.3536018037201722,4
30,0.3299999999999999,5,0.9,0.2,5,150000,169343.98944067105,19343.98944067105,12.895992960447366,2.057305173876234,0.0276552976172711,0.0305311906245198,-6.726424336767598,0.3058542058714181,3.028098003500123,1288,768,520,59.62732919254658,101.7412206290768,-110.70277792223274,142.055578511111,-309.85954710281595,1.357363920234813,16.501552795031056,39,71,54.929577464788736,1.6875886712738095,-2.042400017747148,0.1765674451369796,,0.525651487456044,29
45,0.32999999999999996,15,0.6000000000000001,0.6,23,150000,167493.19503194807,17493.195031948067,11.662130021298712,1.869184775254884,0.02062653517050589,0.02457484746587731,-16.088696056251845,0.11618000419173465,7.851110878790599,1401,1002,399,71.5203426124197,137.4615291629389,-296.7968851863398,225.24759356636247,-1411.710299743583,1.1630989344402785,18.37330478229836,42,71,59.154929577464785,3.8103092486759804,-6.148542621573039,0.17857359197349504,,0.02062653517050589,1
24,0.31,15,0.9,0.1,7,150000,168434.76696864737,18434.766968647367,12.289844645764912,1.9651039750247623,0.0152484610589184,0.0144715123717881,-11.266011590493084,0.1744276542980864,5.094455450515932,1251,714,537,57.07434052757794,192.5227080562844,-219.85970979224868,285.6350601577072,-552.8002391557761,1.1642875074604893,11.359712230215829,38,71,53.52112676056338,2.982514482405829,-4.3171923613802505,0.1759842377514914,,0.3187314060339549,13
36,0.29,20,0.5,0.2,17,150000,165976.92029083456,15976.92029083456,10.651280193889708,1.7137725579665863,-0.0131631219341309,-0.0142396820698795,-15.574417254289516,0.1100376681827102,6.5297234374931055,1368,1033,335,75.51169590643275,123.15334271189042,-327.2177618235796,233.9653227207764,-635.5155567008927,1.1605526538000686,11.353070175438596,43,71,60.56338028169014,3.2193323868559,-4.231230525674034,0.1606956972217181,,-0.0131631219341309,1
33,0.3299999999999999,20,0.2,0.6,23,150000,167367.45190244872,17367.451902448724,11.578301268299148,1.8563412137710067,-0.0188256644117418,-0.0219393262207024,-7.152557674102016,0.2595353016855002,4.069103663611475,1332,1088,244,81.68168168168168,82.11540426820495,-288.358764659774,222.46286480176687,-1670.0018604511963,1.2697860396860432,5.703453453453453,45,71,63.38028169014085,1.7455381239442014,-2.3119378477247765,0.1563171457722992,,-0.0188256644117418,1
36,0.31,10,0.9,0.9,17,150000,165113.04684676198,15113.04684676198,10.075364564507987,1.6246998889367426,-0.03493616415240234,-0.04193609641423511,-14.744851372812533,0.11018760704041171,5.972969696740915,1401,972,429,69.37901498929337,112.18928283402403,-214.71710039147302,199.9114158894044,-975.6760399463399,1.1838419105965903,20.482512491077802,43,71,60.56338028169014,2.895014875947055,-4.236990263470819,0.15220217938394798,,-0.03493616415240234,1
24,0.35,5,0.6000000000000001,0.5,5,150000,167284.7972847911,17284.7972847911,11.523198189860734,1.8478943927993765,-0.0352699802685274,-0.0407025348458381,-9.384667717411595,0.1969056815267879,3.2535061668980645,1226,947,279,77.24306688417619,82.70268335829515,-213.38575695381343,147.388118673129,-427.8243363052755,1.3155275534981166,12.442088091353996,44,71,61.97183098591549,1.722342589867143,-2.7922599301318907,0.159719952094561,,0.2518853304569479,3
30,0.29,10,0.7,0.2,5,150000,165391.39472129216,15391.394721292165,10.260929814194776,1.653442170542263,-0.0531779257327209,-0.05536552038796,-10.904000910012748,0.1516362832493866,4.683549155759583,1322,916,406,69.28895612708018,118.84653132104349,-226.5732012735725,182.2568103030944,-428.8860849288936,1.1834431767819673,12.699697428139183,42,71,59.15492957746479,2.159028508483374,-3.2629373687254604,0.1462243425763136,,0.1991840842833925,5
24,0.31,20,0.8,0.1,7,150000,164086.8327757771,14086.83277577709,9.39122185051806,1.5183831731310882,-0.05402488266997574,-0.045791480086011235,-13.496238729510642,0.11250417272265774,5.884256965480067,1285,755,530,58.754863813229576,222.13596331473263,-286.70815005070983,309.3224715233156,-933.5883373908778,1.1036971448239425,13.09727626459144,37,71,52.112676056338024,3.3913546894190683,-3.6696508432816133,0.14589396815468703,,0.23344333648647936,5
27,0.21,10,0.9,0.9,7,150000,163232.2844367322,13232.28443673221,8.821522957821474,1.4294281570122802,-0.0590224991894736,-0.0608331882094154,-14.022906770465568,0.101935225015036,6.374103890457518,1376,1099,277,79.86918604651163,82.35166544585266,-273.9093658292475,143.7624735921605,-997.8819659669566,1.1928433878605649,17.89389534883721,43,71,60.56338028169014,2.8401567631002544,-4.233174625691993,0.1331936471145175,,-0.0590224991894736,1
42,0.27,10,0.7,0.8,11,150000,161148.76427327332,11148.764273273322,7.432509515515548,1.210906853910565,-0.0614422589992115,-0.0687943086255642,-19.93065334537996,0.0607560039767216,7.88279674727008,1404,1103,301,78.56125356125357,92.5155730122264,-297.1801303655913,156.8190655412747,-956.7622008588664,1.1407857589805244,22.553418803418804,44,71,61.97183098591549,3.811126535922616,-6.635607037931601,0.1227862580598794,,-0.0614422589992115,1
24,0.31,5,0.9,0.7000000000000001,9,150000,166368.97723601628,16368.977236016275,10.912651490677517,1.7540697377899983,-0.06339066659058087,-0.07318016253651709,-6.845160692603272,0.2562496070669907,3.261011529518905,1401,999,402,71.30620985010707,76.4632189417686,-144.7673594200076,118.21187752557269,-504.74194042931225,1.3125666313314162,15.533190578158457,46,71,64.7887323943662,1.652378988104286,-2.644259579113961,0.1500706410002367,,-0.06339066659058087,1
36,0.32999999999999996,20,0.30000000000000004,0.9,15,150000,160262.671996593,10262.67199659301,6.841781331062006,1.1172596339255492,-0.06452613664390706,-0.07252934613349359,-19.019193124584593,0.05874379773142725,8.352173076523187,1399,1172,227,83.77412437455325,113.54977199213926,-533.0350695076064,258.30473408147253,-1919.2393738902185,1.0998469071044663,10.694067190850607,42,71,59.154929577464785,4.558749317767297,-9.023265396430757,0.12371546581106423,,-0.06452613664390706,1
30,0.25,20,0.9,0.6,17,150000,162731.5275881439,12731.527588143888,8.48768505876259,1.3771211746528955,-0.0765994795200683,-0.082160247351457,-16.111069769645393,0.0854767060377025,5.937222061832643,1337,940,397,70.30665669409125,113.03348573603532,-232.81647050156172,237.61605741066816,-1511.3610206171552,1.149557677822464,12.664173522812266,43,71,60.56338028169014,2.5881465955752025,-4.468397703429416,0.1280470651265455,,-0.0765994795200683,1
24,0.2299999999999999,20,0.2,0.7000000000000001,9,150000,164112.1511712244,14112.151171224396,9.408100780816264,1.5210128301549108,-0.0837699927166838,-0.0852302455482007,-8.258418644782983,0.1841772493715569,4.585867842729253,1341,1224,117,91.2751677852349,57.59865283588225,-467.0427341874044,130.33703836033106,-1791.9275833409054,1.2901828416703247,5.129753914988815,45,71,63.38028169014085,2.429344273703893,-3.3081924555239395,0.1328797928165354,,-0.0837699927166838,1
30,0.16999999999999998,20,0.6000000000000001,0.30000000000000004,5,150000,162378.9546496629,12378.95464966289,8.252636433108593,1.3402124616092248,-0.08988955628333048,-0.07444052333681975,-18.81415116633692,0.07123427731393962,5.64741381950684,1101,974,127,88.46503178928246,80.76579826783103,-510.6742745136267,142.98230387590746,-1691.8209808069116,1.212938399333182,16.723887375113534,46,71,64.7887323943662,3.133552989971422,-5.2397910265258645,0.12673398285216741,,-0.08988955628333048,1
24,0.35,5,0.8,0.4,11,150000,166095.61231501607,16095.612315016073,10.730408210010712,1.725980550883155,-0.107018958783251,-0.1274233292862062,-6.896893833942448,0.2502547657597534,2.4144814194557407,1224,824,400,67.3202614379085,77.98584179938307,-117.12797357546332,139.6016092476217,-351.904729069622,1.371583825816169,12.17156862745098,44,71,61.97183098591549,1.3827644667155026,-1.923328417259118,0.1469241073121692,,0.4541724699953027,6
27,0.29,5,0.9,0.4,11,150000,165477.21884481347,15477.21884481347,10.318145896542314,1.6622962754103243,-0.1090862025782806,-0.1250560677943207,-7.962232752459664,0.2087726303776806,2.8405081604232483,1304,926,378,71.0122699386503,68.73395566021455,-123.9799258326976,118.08637416902506,-425.0066483793945,1.3581231530061522,16.315184049079754,43,71,60.56338028169014,1.4387274080252863,-1.8712290088023,0.1418405023158681,,0.211444334225101,2
24,0.32999999999999996,20,0.6000000000000001,0.7000000000000001,19,150000,163202.9758190581,13202.975819058105,8.80198387937207,1.4263703818528706,-0.14381430399968387,-0.14944430030055864,-10.115877544627132,0.1410031285531389,3.6006829206987154,1299,839,460,64.58814472671286,123.94202074338824,-193.68625996668396,289.0897768335662,-1054.039457372702,1.1671425134018467,6.969976905311778,41,71,57.74647887323944,2.3514931771125847,-3.148423460742855,0.12529910694503954,,-0.14381430399968387,1
27,0.31,20,0.9,0.1,5,150000,156194.50699671215,6194.506996712153,4.129671331141435,0.6817019962893411,-0.15276285721088664,-0.12946845265337786,-17.695992235741592,0.03852295973053544,7.018076415876232,1350,760,590,56.2962962962963,235.7265183638468,-290.1739778980386,316.6074014956789,-1149.8148108206674,1.0464333182800931,16.52148148148148,38,71,53.52112676056338,3.8121829605787028,-5.051151881735305,0.08376802102231048,,0.11037776523788456,3
21,0.1699999999999999,15,0.4,0.6,5,150000,161456.0487475037,11456.048747503692,7.637365831669129,1.2432823565115658,-0.153254478970028,-0.1484872262222578,-9.518592780273297,0.1306161935079513,4.360940177056653,1365,1252,113,91.72161172161172,48.0593676456835,-416.2070489086426,120.27459046525988,-1458.4987777689892,1.2793651206650138,6.885714285714286,49,71,69.01408450704226,1.894130628247681,-2.9711978962328023,0.1088779076688331,,-0.153254478970028,1
21,0.29000000000000004,15,0.2,0.30000000000000004,11,150000,162841.57837055836,12841.57837055836,8.561052247038907,1.3886280941106222,-0.15349990369072786,-0.15484419336746003,-7.366362909515392,0.18850932423067046,3.613013282907821,1387,1155,232,83.2732516222062,73.39448879762467,-302.26705254625364,167.27193443670092,-1329.6186572484055,1.2088339206483631,5.457101658255227,45,71,63.38028169014085,1.4118314298888768,-3.1237549328908987,0.12200270253742658,,-0.15349990369072786,1
21,0.31,10,0.8,0.1,5,150000,162904.74122950382,12904.741229503825,8.603160819669215,1.395229485706451,-0.1563457237036238,-0.1516421617327312,-8.71724408417147,0.1600539657068762,3.5253988739097317,1235,683,552,55.30364372469636,147.96633582948343,-157.1252401056295,216.20807831398048,-426.2011161707123,1.1651949423929948,9.285829959514173,38,71,53.52112676056338,2.216477749357426,-2.683319785412641,0.1231668575789243,,0.3235727888159562,10
24,0.21,20,0.9,0.2,15,150000,162012.82300478758,12012.823004787584,8.00854866985839,1.301813721411893,-0.1575437484662587,-0.1578795396525534,-9.554826995603932,0.1362467077646557,3.976565126217032,1347,956,391,70.97253155159613,88.71485613587772,-183.38130484558693,192.01838173595587,-682.5507060305637,1.18283026667272,9.034892353377876,45,71,63.38028169014085,2.1075952314434376,-3.038454062291629,0.1145972697954359,,-0.1575437484662587,1
27,0.21,10,0.9,0.9,7,150000,156332.76851252574,6332.768512525741,4.2218456750171605,0.6966590504398518,-0.15991324607792876,-0.1558383352242414,-14.0622686837875,0.04954101405010384,6.738597522047493,1401,1096,305,78.22983583154888,85.67982114994139,-281.1508703863685,124.51172385525315,-1045.031494532751,1.0950900519137436,22.019271948608136,42,71,59.154929577464785,2.9217462747094247,-5.761896593173099,0.07643508709647451,,-0.15991324607792876,1
36,0.27,15,0.2,0.7000000000000001,9,150000,157685.4748735504,7685.474873550411,5.123649915700274,0.8424163701167942,-0.1661092928515299,-0.1789127662172185,-14.474471596508396,0.0582001466858386,5.927893495604288,1370,1257,113,91.75182481751824,55.25107057182812,-531.1395285789591,151.29588277441263,-1395.608093793696,1.157147997090415,8.213138686131387,48,71,67.6056338028169,2.919930391572745,-4.469502724242236,0.0822283030932578,,-0.1661092928515299,1
33,0.31,5,0.6000000000000001,0.6,5,150000,161317.75564775043,11317.755647750426,7.5451704318336175,1.2287181416172466,-0.1775240255060343,-0.2062009530655429,-11.944809487056714,0.1028662820406365,3.943874859671656,1337,1084,253,81.07703814510097,67.81188478770649,-239.16607373715425,118.04934740326088,-490.105383850016,1.2148285854384686,16.911742707554225,44,71,61.97183098591549,2.0937838572297585,-3.2844546118326656,0.109203879752724,,-0.1775240255060343,1
30,0.1699999999999999,20,0.6000000000000001,0.3,5,150000,155879.01885994308,5879.018859943084,3.9193459066287226,0.6475313700887275,-0.179381904666253,-0.163668526729748,-19.681608386528897,0.0329003279290899,6.401976914031829,1306,1163,143,89.05053598774884,66.03414554815049,-484.8882757190011,134.6610470727793,-1063.0541308538598,1.107568400533452,11.67457886676876,47,71,66.19718309859155,2.5590041670839447,-5.807793989308941,0.0706707261611553,,-0.179381904666253,1
21,0.35,5,0.7,0.2,5,150000,164462.76458014688,14462.764580146875,9.64184305343125,1.5573941016067794,-0.1802887686382707,-0.1989192998633105,-5.661012275164222,0.2751087660486658,2.3609420720033345,1210,741,469,61.239669421487605,93.70012648012224,-114.26079607286933,134.72681881426354,-285.5556380248369,1.2956517824642029,10.241322314049588,40,71,56.33802816901409,1.404018417747821,-1.454090669700292,0.133077120668987,,0.4448074553240656,17
39,0.31,15,0.9,0.2,25,150000,157960.41759616122,7960.41759616122,5.30694506410748,0.8719147929525883,-0.1866833039183587,-0.2086274486463792,-14.75142509172428,0.0591071565988388,5.304773203467823,1367,907,460,66.34967081199707,117.48218031741558,-212.2488178719124,250.0090223392749,-689.8256608998987,1.0913804580077124,13.88807607900512,42,71,59.15492957746479,3.161734578512365,-3.835031657195476,0.0858976257233162,,-0.1866833039183587,1
24,0.35,10,0.7,0.1,5,150000,161523.90552603174,11523.90552603174,7.682603684021159,1.250424836878361,-0.2008418059388226,-0.2037385682843723,-8.978821617684464,0.1392638021024446,3.466806924341904,1226,642,584,52.36541598694943,158.5534011945881,-152.14122528643986,236.35113862967395,-414.1675261848004,1.1456470313413845,8.398042414355627,39,71,54.929577464788736,2.245584592055061,-2.3070451393492952,0.1104550494662488,,0.2416748883180869,10
30,0.35,10,0.9,0.1,7,150000,159011.45725495584,9011.457254955836,6.007638169970558,0.9842877654591132,-0.2050356489659827,-0.205196184726949,-11.426296106413266,0.0861423296134133,4.482715684084531,1269,593,676,46.729708431836094,181.88028579756653,-145.04481096447668,256.8054921549445,-384.3161541723799,1.0999968184161324,12.868400315208826,39,71,54.929577464788736,2.702654086435796,-3.1422788752663244,0.0942611234582331,,0.3222567000593915,8
33,0.35,20,0.9,0.1,11,150000,149413.1937056544,-586.806294345588,-0.39120419623039193,-0.06578567561424942,-0.2114101961556054,-0.1914151771925191,-20.61183040308581,0.0031916464635960034,8.177999763485518,1394,734,660,52.65423242467718,249.28981786977786,-275.3838372890828,368.9639143569053,-732.2393365137177,1.0067420700793772,17.48134863701578,37,71,52.112676056338024,4.371161758050457,-6.91004073205429,0.034676787229112244,,-0.2114101961556054,1
42,0.21,15,0.9,0.4,13,150000,146491.2944654939,-3508.7055345060653,-2.339137023004044,-0.3965906605981728,-0.2140055944573818,-0.2133490133065549,-22.916683714353628,0.0173057614069077,9.212361736432218,1277,982,295,76.89898198903681,91.7864424461076,-315.44778823563377,172.78349349354653,-1124.4256578177242,0.9685912077097896,26.719655442443223,45,71,63.38028169014085,4.157947155012076,-8.215161709877561,0.0010374559319121,,-0.2140055944573818,1
27,0.35,15,0.8,0.1,5,150000,152597.4095002576,2597.409500257607,1.7316063335050713,0.2886434844352248,-0.23009729201904794,-0.20966134274720866,-14.530222211097794,0.019865042684258927,6.511816889646744,1401,702,699,50.107066381156315,231.4954162857317,-226.16748602626416,314.9038588819008,-757.9860939549857,1.0279504049397254,13.624553890078515,37,71,52.112676056338024,3.4822410369846013,-6.524654868251368,0.04878684110453381,,0.41467903247168864,13
27,0.21,15,0.7,0.8,15,150000,156603.1827577472,6603.182757747214,4.402121838498143,0.7258805250258238,-0.2345624996342328,-0.2367955722042052,-11.762657543831592,0.0617105889822049,4.9233127352383255,1370,1015,355,74.08759124087592,79.88082079507154,-205.3808525390488,160.76245524422163,-1355.201226293511,1.1120396070587886,11.073722627737226,42,71,59.15492957746479,2.062133182860526,-3.631610982102506,0.0681075605713867,,-0.2345624996342328,1
33,0.31,5,0.6000000000000001,0.6,5,150000,158098.68677531605,8098.686775316048,5.3991245168773645,0.8867334591239562,-0.24718455133172512,-0.2851563455368081,-12.182602902270272,0.07278686387772766,4.165917195912641,1401,1130,271,80.65667380442541,67.91301774056062,-246.57462461826563,115.14675649068779,-527.9218233869659,1.1484545188242257,17.2441113490364,42,71,59.154929577464785,2.2125670170388467,-3.206424232276317,0.08135953276844603,,-0.24718455133172512,1
21,0.35,10,0.8,0.1,9,150000,158482.80661245782,8482.806612457818,5.655204408305212,0.9278440578098124,-0.27210120649910474,-0.273058610412431,-8.786628913435374,0.10559727364735678,3.701451146687778,1401,724,677,51.67737330478231,152.84851584872084,-148.23961427185927,234.49428564124125,-432.0011271337705,1.1026732711008858,9.657387580299785,37,71,52.112676056338024,2.291750986415053,-3.1276033816186377,0.08207397331473183,,-0.27210120649910474,1
27,0.21,15,0.7,0.8,15,150000,154218.2644728787,4218.264472878713,2.8121763152524752,0.4666998497070862,-0.2783981174533334,-0.2684287106409247,-11.602108179043661,0.040225435111014056,5.051055656270501,1390,1000,390,71.94244604316546,85.47549084938912,-203.71852917062225,158.09755233523325,-1543.0774544445148,1.0758369704862838,13.614388489208633,42,71,59.154929577464785,1.975346234169284,-3.726196531017001,0.04919038406978588,,-0.2783981174533334,1
36,0.21,10,0.5,0.7000000000000001,7,150000,149515.74801641423,-484.25198358576745,-0.3228346557238449,-0.054273032714891,-0.3096245524979133,-0.317748069340279,-16.070457473695146,0.0033771927652792,6.043966701170147,1373,1203,170,87.61835396941005,51.83815988573946,-359.5941933465185,108.03477643700032,-950.9049045131288,1.0201255208428284,14.184996358339404,45,71,63.38028169014085,2.779903620548429,-5.19612264535827,0.008970097521352,,-0.3096245524979133,1
39,0.29000000000000004,10,0.4,0.4,17,150000,153041.63110631375,3041.6311063137546,2.0277540708758366,0.3375986737701675,-0.322567238328413,-0.36712608608949354,-12.007222864790904,0.028116299461727907,4.797668060325717,1401,1115,286,79.58600999286224,71.0533033722714,-260.0052522860178,120.56358689824954,-979.5501026628805,1.065395815918613,12.419700214132762,41,71,57.74647887323944,2.4468691230423945,-3.8529652008787663,0.03674341333616413,,-0.322567238328413,1
33,0.27,10,0.6000000000000001,0.2,19,150000,156846.12881815093,6846.12881815093,4.564085878767286,0.7520979514812787,-0.335339492379168,-0.3635755564611809,-10.297702849307433,0.0730355072861575,3.541040722185931,1357,954,403,70.30213706705969,81.98689069206058,-172.95742225600523,138.95443071074646,-330.2159065102276,1.1221438689172156,11.263817243920412,42,71,59.15492957746479,1.7396857775970442,-2.5774156839009854,0.0674687783459621,,-0.335339492379168,1
45,0.25,10,0.8,0.4,19,150000,145453.09606559388,-4546.903934406117,-3.031269289604078,-0.5154537009783189,-0.3750334187539193,-0.41114789527808854,-18.08448494754756,0.028502536979811508,6.198550496335739,1384,1001,383,72.32658959537572,80.30845786068332,-217.06650196601183,136.96933573782883,-1009.1491043552911,0.9669494756503696,24.535404624277458,41,71,57.74647887323944,2.7263478969724586,-4.82071783902761,-0.025751504997602457,,-0.3750334187539193,1
45,0.27,20,0.4,0.9,25,150000,139323.1455664868,-10676.854433513188,-7.11790295567546,-1.232021005847872,-0.3910538738721323,-0.414785115212924,-19.526874076831977,0.0630936114505714,7.554828379048502,1391,1091,300,78.43278217109993,84.37282794137974,-336.86648443951,180.367402302043,-1948.3564974062365,0.9108530088926527,11.968368080517614,40,71,56.33802816901409,3.3022128472935286,-5.877348858115161,-0.0850636217990984,,-0.3910538738721323,1
36,0.19,10,0.7,0.4,11,150000,147111.44124439816,-2888.5587556018436,-1.9257058370678957,-0.3259242383167549,-0.4312918313247437,-0.42061257878479813,-12.875301509778964,0.025313911139806012,5.0932127934913325,1299,1018,281,78.3679753656659,58.20062174084277,-215.11776401355732,103.32252131050801,-961.3989023520779,0.9801505933085786,19.86220169361047,43,71,60.56338028169014,2.0547960589567538,-4.38463647104107,-0.017714849534312505,,-0.4312918313247437,1
42,0.29000000000000004,5,0.5,0.9,11,150000,151466.61101310342,1466.611013103422,0.9777406754022814,0.16348720152774554,-0.43756017783226564,-0.5237310502708208,-11.566034138174928,0.01413511317489014,4.013150050789828,1401,1138,263,81.22769450392576,47.903691235669754,-194.77752704608895,81.94382629871099,-546.3245172690306,1.0641838048615497,19.13990007137759,41,71,57.74647887323944,1.9649825955667666,-3.1305523858420448,0.01924139394876848,,-0.43756017783226564,1
24,0.27,10,0.9,0.1,9,150000,153410.71434002765,3410.7143400276545,2.2738095600184365,0.3781834300282893,-0.4568818653206634,-0.4360744725355839,-8.056625851185757,0.0469406718164315,3.4223086245531205,1287,739,548,57.42035742035741,117.42245182577769,-150.03350585652294,188.0596066767125,-428.8860849288936,1.0554235163879129,10.616938616938617,39,71,54.929577464788736,1.9454339598727224,-2.487567117867795,0.0350856330078811,,-0.4568818653206634,1
30,0.29,10,0.9,0.1,7,150000,149242.9468585293,-757.0531414707075,-0.504702094313805,-0.084911940231902,-0.4586121251349197,-0.4355269621835747,-10.96865790270312,0.0077413245070735,4.340320748308173,1320,692,628,52.42424242424243,137.71968507895488,-151.03133320916712,208.3979403465292,-428.8860849288936,1.0047902577314214,13.35378787878788,37,71,52.11267605633802,2.197936686601176,-3.003044868374982,0.0010956221762194,,0.0049144652877415,3
30,0.19,20,0.4,0.3,15,150000,148866.5313055296,-1133.4686944703865,-0.7556457963135909,-0.1272646169935942,-0.4594615561272678,-0.4456706160967228,-11.983839346481128,0.0106196865056409,4.41750256929748,1340,1121,219,83.65671641791045,57.93528100320087,-294.31529549918133,124.07202576374642,-1397.6816327368203,1.0076084076025231,7.744029850746268,43,71,60.56338028169014,1.7952233204023615,-3.707661852740329,-0.0039916799482025,,-0.5395891231223013,3
36,0.3299999999999999,15,0.6000000000000001,0.1,7,150000,145200.9627312341,-4799.037268765911,-3.1993581791772736,-0.5444268836069743,-0.4598759809357601,-0.4621060854686658,-14.752694503575407,0.0369035557182472,5.237656293889234,1340,756,584,56.4179104477612,160.4089286683152,-213.40224119196063,252.90660567862332,-488.294145019125,0.9730575137129044,10.555970149253731,38,71,53.52112676056338,2.584112779371983,-4.283254990235097,-0.0323077697316264,,-0.4598759809357601,1
27,0.3299999999999999,5,0.5,0.2,9,150000,159046.5028776665,9046.5028776665,6.031001918444332,0.9880240435965026,-0.4838781259289355,-0.5534577882281491,-5.2074038041673525,0.1897344782069353,2.056317711068652,1283,863,420,67.26422447388933,65.59027404074807,-109.4457890009893,112.36559777017276,-309.85954710281595,1.2314077832688892,9.319563522992985,44,71,61.97183098591549,1.0430578491675613,-1.4751688350519765,0.0847203924562172,,-0.1935769325874974,2
45,0.27,20,0.4,0.9,25,150000,133870.67041571406,-16129.329584285937,-10.752886389523958,-1.8917900299187274,-0.491216077004728,-0.5235793452465678,-18.71805671319758,0.10106765135426045,7.402840281380514,1383,1062,321,76.78958785249458,87.46757311167308,-334.0248979093764,202.19478040074608,-1919.6449952353184,0.8663387119900119,13.083875632682574,40,71,56.33802816901409,2.577549952476099,-6.349879298468631,-0.13598119934231528,,-0.491216077004728,1
30,0.21,15,0.3,0.3,13,150000,149010.85829584865,-989.1417041513488,-0.6594278027675659,-0.1110150359945771,-0.5193983342959939,-0.5168358932434718,-11.222356850101152,0.0098923102764796,3.91672205012016,1374,1199,175,87.26346433770014,49.92156814866672,-337.95721760038,131.49448560771592,-1140.0280371367237,1.0120631859051887,6.995633187772926,42,71,59.15492957746479,1.6496854313864384,-2.768449972154552,-0.0037781804113038,,-0.4894299452116308,2
33,0.19,20,0.8,0.9,23,150000,149304.57207930426,-695.4279206957435,-0.4636186137971623,-0.077986601855029,-0.5419445840000182,-0.5339361160190293,-9.347351943989118,0.008343175941415,3.707420225518396,1301,921,380,70.79169869331284,63.81096860660289,-152.84833529329023,162.82653006662022,-695.6364607574293,1.01183723573732,10.62336664104535,40,71,56.33802816901409,1.8622847796196496,-2.6090300356341745,-0.0008146093665845,,-0.5419445840000182,1
30,0.19,20,0.4,0.30000000000000004,15,150000,145218.6165141849,-4781.383485815109,-3.1875889905434067,-0.5423968870929663,-0.5486119086919421,-0.5000884230944628,-12.292524292035544,0.044124125704953124,4.4561498420207,1188,957,231,80.55555555555556,66.70247554295828,-290.351742772528,158.04502398599442,-1783.2979493632033,0.9517381387508751,9.935185185185185,42,71,59.154929577464785,1.7858574166693897,-3.862256451766022,-0.03482843744191277,,-0.5612673404447678,3
42,0.1699999999999999,20,0.7,0.1,5,150000,144396.49137944583,-5603.508620554174,-3.735672413702783,-0.637151148711046,-0.5512748934146436,-0.4621706222571455,-11.604910080703204,0.0549035834211683,4.59578881081841,1083,862,221,79.59372114496767,64.37555828134226,-271.13366641362234,143.88833302618067,-477.32345876432,0.9260886330732382,16.84302862419206,37,71,52.11267605633802,2.492502716519951,-4.007655402443133,-0.045058193961644,,-0.5512748934146436,1
30,0.21,15,0.30000000000000004,0.30000000000000004,13,150000,145258.81004723287,-4741.189952767134,-3.1607933018447563,-0.5377758259049181,-0.565638368807778,-0.5195424921116595,-11.237799720438476,0.047854192037864084,4.3239613540671,1387,1181,206,85.14780100937274,54.58447813275301,-327.19591566786886,132.6772959561669,-645.746271295818,0.9564096863578093,8.356164383561644,41,71,57.74647887323944,1.746169313194157,-4.48358292019334,-0.03633498642992318,,-0.55712513874986,2
36,0.27,20,0.5,0.5,25,150000,141068.2756989333,-8931.724301066686,-5.9544828673777905,-1.0253932768659935,-0.5676983680813363,-0.5917503158280031,-15.666086157341555,0.06545305997729792,5.109314575800427,1397,945,452,67.64495347172512,98.12032467979598,-220.88347593696068,191.00565380005173,-1831.6568110283556,0.92872924707101,10.841088045812455,43,71,60.56338028169014,2.15982482963748,-3.592281525573282,-0.07270596671275234,,-0.5676983680813363,1
27,0.16999999999999998,15,0.5,0.2,15,150000,151474.7460000439,1474.7460000439023,0.9831640000292682,0.1643903507910105,-0.5695517438345833,-0.5055213307350502,-8.535955020490938,0.019258577440530576,3.1363911794851735,1283,1001,282,78.02026500389712,55.84558031444478,-187.08787196718254,120.17625373175206,-549.3992084279638,1.059566313062648,10.287607170693686,41,71,57.74647887323944,1.4266852924701867,-2.466773652513221,0.017988382019543003,,-0.5590818262632626,2
33,0.21,15,0.6000000000000001,0.5,23,150000,149902.50135817876,-97.49864182123564,-0.0649990945474904,-0.0109155251229453,-0.575667234947977,-0.5890192292415667,-8.353862829985797,0.0013066440454067,3.393069005753308,1365,968,397,70.91575091575092,60.40823146614995,-143.30784434657477,134.63533268288288,-847.7314238755047,1.0278056684919648,9.498168498168498,42,71,59.15492957746479,1.504613196843918,-2.219967164508363,0.0039482509614431,,-0.575667234947977,1
42,0.15,15,0.4,0.5,13,150000,143982.3474407373,-6017.6525592627,-4.0117683728418,-0.6850535617856868,-0.5923683348303416,-0.5147573932185006,-11.57977857480778,0.0591594698776058,4.3753169198842174,1010,900,110,89.10891089108911,30.619179380395767,-293.8668414575314,75.62762670921394,-1340.193161976557,0.852496856482118,13.20891089108911,38,71,53.52112676056338,1.4676293188649714,-3.5879320852292063,-0.0534801055416666,,-0.5923683348303416,1
42,0.15,15,0.4,0.5,13,150000,141322.43245639082,-8677.567543609184,-5.78504502907279,-0.9954781651240641,-0.6092181131254661,-0.5209152693438626,-13.485718366742343,0.0738172144821778,4.7411835593029865,982,849,133,86.45621181262729,35.863857811783866,-284.58182575816727,98.60820773670255,-1528.7899360155916,0.8044626625039762,17.013238289205702,39,71,54.929577464788736,1.56110261291027,-5.401473389184252,-0.07748572742423449,,-0.6092181131254661,1
27,0.25,20,0.30000000000000004,0.4,21,150000,148558.1969439809,-1441.8030560190964,-0.9612020373460644,-0.16202353205440057,-0.6282851264640479,-0.6244250541042997,-9.532537689943045,0.01699689393573944,3.3520056250628274,1303,967,336,74.21335379892555,77.27676945714585,-221.6504140509212,211.56221559924865,-1425.6474554305166,1.0033850084461826,5.892555640828856,42,71,59.154929577464785,1.7534996678321146,-2.9068835566254836,-0.0077472672885426745,,-0.6282851264640479,1
27,0.1699999999999999,15,0.5,0.2,15,150000,149330.94245737616,-669.0575426238356,-0.4460383617492237,-0.0750238698942529,-0.6399074789436423,-0.5940346721958912,-8.88732783436125,0.0084416678772877,3.1644148181250253,1337,1068,269,79.88032909498878,49.92022846112336,-194.6011927654741,98.10743716676866,-572.1367567236604,1.018474216771845,8.139117427075542,42,71,59.15492957746479,1.3349537640633624,-2.564623003167344,-0.0027079081723908,,-0.549684517535455,2
24,0.15,10,0.8,0.5,11,150000,150032.22007929764,32.2200792976364,0.0214800528650909,0.0036059224738371,-0.664116561355986,-0.6099656132795143,-7.9947842981755,0.0004510343668258,2.940863048948766,1350,1031,319,76.37037037037037,45.70053659799184,-142.5751603031036,86.65403230279264,-927.5776550579358,1.035965787278394,10.965185185185184,43,71,60.56338028169014,1.090700442991932,-2.4127289105168925,0.0047981035946707,,-0.664116561355986,1
33,0.19,20,0.8,0.9,23,150000,147029.50967553363,-2970.490324466373,-1.980326882977582,-0.33524620491098833,-0.6719145784104791,-0.6242605286885314,-9.332079111368973,0.03592406374937056,3.390950297040386,1173,800,373,68.20119352088662,67.00958131835482,-147.59585892540895,159.3275402942932,-718.5692586462382,0.9737419646751636,12.636828644501279,41,71,57.74647887323944,1.5845115940286592,-3.0004481263505522,-0.0227643793295984,,-0.6719145784104791,1
27,0.25,20,0.3,0.4,21,150000,146300.85975804384,-3699.140241956164,-2.4660934946374424,-0.4183408656361465,-0.6853252412729773,-0.6901825833880366,-9.906237650420506,0.0422300453914901,3.443797947617777,1328,999,329,75.22590361445783,71.67550732932102,-223.93409679136656,158.27830957264663,-1511.3610206171552,0.971896773761219,4.984939759036145,43,71,60.56338028169014,1.7692622874893038,-3.048695434311799,-0.0310888445174468,,-0.6853252412729773,1
33,0.29,5,0.5,0.7000000000000001,17,150000,151513.37395788598,1513.3739578859822,1.0089159719239882,0.1686782902278194,-0.6899827254844603,-0.7966626110665536,-7.818277853212195,0.0215748651294756,2.605015732950981,1356,969,387,71.46017699115043,48.20351069758538,-112.3582632659471,82.09877798360004,-490.105383850016,1.0742032543798186,12.430678466076696,42,71,59.15492957746479,1.111091442836032,-1.9523662003693043,0.0165475910596679,,-0.6899827254844603,1
42,0.15,20,0.6000000000000001,0.6,23,150000,141146.24282353828,-8853.757176461717,-5.902504784307811,-1.0162115165969876,-0.6994640555971982,-0.5887096279170058,-10.84614353307193,0.0936933494839311,4.194388804201289,965,733,232,75.95854922279793,44.93716825857278,-175.28862365859575,101.99609879935863,-1640.809596361795,0.8099681848761858,14.653886010362694,36,71,50.70422535211267,1.6578111120723271,-3.797464099012193,-0.081884879332573,,-0.6994640555971982,1
45,0.2299999999999999,5,0.6000000000000001,0.8,19,150000,146870.66424103497,-3129.335758965055,-2.0862238393100365,-0.3533315571491391,-0.7251320173718412,-0.7845468034803598,-8.441097278642724,0.0418584865788861,3.176935190283236,1374,1046,328,76.12809315866085,34.75775004269726,-115.2776767778736,67.03570631130425,-528.0509749258824,0.9615331930200548,19.13755458515284,42,71,59.15492957746479,1.5055358990955223,-2.650325807174048,-0.0253840157466433,,-0.7251320173718412,1
21,0.2299999999999999,10,0.3,0.5,15,150000,153487.9196073606,3487.9196073605854,2.3252797382403902,0.3866627203160444,-0.7275246403522492,-0.7407099164910816,-4.272425161235487,0.090501929401668,2.185395891426701,1325,1017,308,76.75471698113208,47.62788908109695,-140.34364801346052,101.30538737325978,-891.5579786758956,1.1205695291221338,4.81811320754717,45,71,63.38028169014085,0.9635396693882026,-2.029108734349649,0.0335774165674221,,-0.7275246403522492,1
45,0.19,15,0.6000000000000001,0.2,21,150000,136875.97777062736,-13124.02222937264,-8.749348152915093,-1.5254296827883818,-0.7485009090027589,-0.6834635319669524,-15.163014936668976,0.1006020035698447,4.586058017418257,1182,924,258,78.1725888324873,56.39676325762969,-247.4154830434589,125.58106774250425,-453.6740074395611,0.8163559658264,15.571912013536378,42,71,59.15492957746479,2.143388955987291,-4.191740607837269,-0.1201719002216901,,-0.7485009090027589,1
39,0.3299999999999999,5,0.2,0.5,13,150000,152444.52418264296,2444.524182642956,1.629682788428637,0.2717674140080062,-0.76907424853867,-0.8899454567899491,-6.660475640527618,0.0408030039708211,2.2154931457568816,1359,1197,162,88.0794701986755,31.292779781207503,-205.4011911356208,72.48224250925055,-395.2085590797308,1.125693923922493,9.13980868285504,44,71,61.97183098591549,1.1278023160403272,-1.90399577384317,0.0233099626690096,,-0.76907424853867,1
36,0.31,20,0.5,0.1,7,150000,123345.61978584695,-26654.380214153047,-17.769586809435364,-3.231286927684396,-0.7979399659463429,-0.7241100420653419,-21.183264642688073,0.15253961002652885,6.369373143302967,1399,851,548,60.82916368834882,150.15730700710574,-278.5028256883668,309.3136405144975,-626.6613916418759,0.8372706480789768,10.385275196568978,35,71,49.29577464788733,2.718643131038956,-6.439679322749569,-0.251148883246785,,-0.7979399659463429,1
42,0.15,20,0.6000000000000001,0.6,23,150000,139442.96975114278,-10557.03024885722,-7.038020165904813,-1.2177648682421882,-0.8077690763194676,-0.6482347362010544,-11.560039109219046,0.10534262529190146,3.899322716133248,906,655,251,72.29580573951435,51.06421121651824,-170.62266372787923,114.8201356445477,-2013.8219923925658,0.7809936243268001,19.142384105960264,34,71,47.88732394366197,1.6245024225742366,-3.292786754599075,-0.0979651205103055,,-0.8077690763194676,1
45,0.22999999999999998,5,0.6000000000000001,0.8,19,150000,144850.01383656616,-5149.986163433845,-3.4333241089558966,-0.5848249435250197,-0.8375283657322068,-0.9389010940195375,-8.59052454994568,0.06807790841232363,3.033794434345128,1351,1017,334,75.27757216876387,34.83074683467164,-116.21723261774304,64.15963359476042,-575.7213694400664,0.9125711670507343,19.395262768319764,41,71,57.74647887323944,1.3213303014324662,-2.7236115141747397,-0.04606106392537414,,-0.8375283657322068,1
24,0.21,5,0.6000000000000001,0.8,13,150000,152613.7365052943,2613.736505294306,1.7424910035295371,0.2904448905774792,-0.8459654038697971,-0.8879976010141565,-5.898588970698708,0.0492397236051311,1.9975113629138963,1354,1023,331,75.55391432791728,37.92397029274355,-104.21208548641071,73.41012170004564,-494.8623521416095,1.1247172358413344,9.71861152141802,41,71,57.74647887323944,0.8204537349212337,-1.6408427623725186,0.025559974973506,,-0.8459654038697971,1
24,0.31,5,0.2,0.7000000000000001,9,150000,150750.63002902083,750.630029020831,0.5004200193472207,0.08384016563682817,-0.9019330222681229,-1.0098992717468855,-4.789105316641416,0.017506435981997782,2.1000328878684327,1401,1192,209,85.08208422555317,34.223349348611535,-182.8818296390272,89.32149543841585,-504.74194042931225,1.0672887258972275,6.242683797287651,43,71,60.56338028169014,1.0477331337097606,-1.4823333705761055,0.006894528716475933,,-0.9019330222681229,1
30,0.25,5,0.5,0.7000000000000001,17,150000,151350.80383901924,1350.8038390192378,0.9005358926794919,0.1506258670117333,-0.9306250549898325,-1.0640202296300525,-5.449052321590792,0.027642580419884773,1.9664767462496198,1401,989,412,70.59243397573162,38.50185043164972,-84.72385009202765,66.35926561624538,-536.547115987929,1.090875015172526,9.794432548179872,42,71,59.154929577464785,0.8187208314039296,-1.3600769414797265,0.013628745381427275,,-0.9306250549898325,1
45,0.15,5,0.8,0.5,13,150000,146279.35451424014,-3720.645485759858,-2.480430323839905,-0.420798533894251,-0.9467917372480874,-0.856453071048282,-6.977208719993942,0.0603104408627489,2.524385514898944,1048,830,218,79.19847328244275,22.526339706706327,-97.32182559041024,50.77345738497815,-473.964394095046,0.8812557851109841,25.26431297709924,39,71,54.929577464788736,1.0350232541941118,-2.5781048073716395,-0.0333721807564871,,-0.9467917372480874,1
42,0.1699999999999999,15,0.2,0.9,23,150000,142167.0400098834,-7832.959990116593,-5.221973326744395,-0.8963855168821699,-0.961475338559398,-0.8860788204719773,-8.995845589991536,0.0996443867244072,2.971292757845163,1123,970,153,86.37577916295636,23.485255570897262,-190.78022651561508,65.53514211120965,-1311.9706762662586,0.7804448766563,7.845948352626892,39,71,54.929577464788736,1.145216983020836,-2.422348492126936,-0.0750824416215612,,-0.961475338559398,1
36,0.29,5,0.3,0.9,23,150000,151309.78752168553,1309.7875216855318,0.873191681123688,0.1460687054912979,-0.984296597974551,-1.1597276364868834,-4.270412155432807,0.0342048261794753,1.8658385174032672,1368,1039,329,75.95029239766082,32.216379204742424,-92.5053205103014,69.51635814676726,-490.105383850016,1.0998403936722867,8.727339181286549,43,71,60.56338028169014,0.6969705925500946,-1.1659561149303663,0.0113999323254732,,-0.984296597974551,1
45,0.19,5,0.4,0.6,13,150000,144605.82484645705,-5394.17515354295,-3.596116769028633,-0.6129818465086867,-1.0205958126019896,-1.0419991884459083,-8.024827428445779,0.0763856733337139,2.5310918435445084,1244,1064,180,85.53054662379421,19.807899570010655,-138.20199052882984,42.54692246988197,-502.865088717388,0.8472142462494994,15.229099678456592,43,71,60.56338028169014,1.1070313662713938,-2.3182478844432475,-0.0494804553159389,,-1.0205958126019896,1
24,0.27,5,0.2,0.6,7,150000,150206.11122025346,206.11122025345685,0.1374074801689712,0.0230558999326113,-1.021406742081573,-1.1005529098076452,-5.519821055403782,0.0041769288716416,1.9174994411273103,1293,1155,138,89.32714617169374,28.93273528209215,-228.47100022168848,75.00220622143537,-478.8767204190757,1.0598912537084486,6.010827532869296,43,71,60.56338028169014,0.8966256800960304,-1.622965245144392,0.0013965441802442,,-1.021406742081573,1
21,0.19,10,0.5,0.1,5,150000,145162.44735912606,-4837.552640873939,-3.2250350939159595,-0.5488564529977702,-1.046677065881855,-0.8714352773753996,-5.798451747111672,0.09465569033512555,2.409171721852688,1400,1019,381,72.78571428571429,55.085667989324946,-155.24894572710963,108.30290926541402,-367.0497775232872,0.9489846089802594,7.402142857142858,38,71,53.52112676056338,1.0283632527395392,-2.643108633615132,-0.043177637031799006,,-1.046677065881855,1
36,0.25,10,0.2,0.2,9,150000,144103.82571462513,-5896.174285374873,-3.9307828569165824,-0.6709907739012033,-1.0612077141745713,-1.071782935253489,-7.625734142521062,0.0879903182252003,2.4902339694765985,1395,1186,209,85.0179211469534,36.34248529560432,-226.02583655171856,89.72213092697869,-330.5214613932793,0.912420303966695,6.138351254480287,43,71,60.56338028169014,0.9356735459524534,-1.7260468141796823,-0.0544161838591923,,-1.0612077141745713,1
21,0.15,5,0.6000000000000001,0.8,9,150000,150568.8443598747,568.8443598746962,0.3792295732497975,0.06356789889496728,-1.071985224395028,-1.0269009297159883,-3.769283436059628,0.01686471712019103,1.7914030282675797,1362,1112,250,81.64464023494861,25.116435876927373,-102.36012934120066,48.23127643569428,-423.55199227493216,1.0914201408263142,9.724669603524228,41,71,57.74647887323944,0.7589693946023823,-1.3525330907367517,0.006075457778607261,,-1.071985224395028,1
36,0.25,10,0.2,0.2,9,150000,143196.33063532866,-6803.669364671339,-4.53577957644756,-0.776285233096885,-1.083989171926957,-1.0847124609966765,-7.871645218849623,0.0986179142370358,2.53476898349182,1401,1189,212,84.86795146324054,36.498904071878734,-228.2055014441877,103.50178705394758,-349.8815964848345,0.8970150056084982,6.198429693076374,42,71,59.154929577464785,1.0732574244849191,-1.8335827745284972,-0.0647796423124201,,-1.083989171926957,1
42,0.16999999999999998,15,0.2,0.9,23,150000,138961.1206504551,-11038.879349544906,-7.359252899696604,-1.2751551529458283,-1.0861099295238512,-0.9814479148052523,-9.813951172027318,0.12993290170226238,2.982779737642926,1086,929,157,85.54327808471454,23.946474378249153,-203.01499392970368,88.39682555669162,-1533.7430546909018,0.6979583844428456,8.468692449355434,37,71,52.112676056338024,1.08563674208082,-2.6264257985371464,-0.10399251439607989,,-1.0861099295238512,1
21,0.35,5,0.8,0.1,11,150000,151593.1275449579,1593.1275449579116,1.062085029971941,0.1775285487336075,-1.0985547463363374,-1.1913457432166703,-5.887328923141459,0.030154345213462,1.6466638460980658,1209,600,609,49.62779156327544,80.55034544026559,-74.62603203731527,139.6016092476217,-166.64542224422735,1.0634351590191036,7.711331679073615,38,71,53.52112676056338,1.1447138936979684,-1.0242122863561631,0.016141787865787,,-1.0985547463363374,1
33,0.16999999999999998,10,0.9,0.4,23,150000,145934.63157781365,-4065.3684221863514,-2.710245614790901,-0.4602353508731505,-1.1518215991183238,-1.092874123100199,-5.499277093342257,0.08369015473512656,2.117649534754701,1261,870,391,68.9928628072958,37.31268762676011,-89.22789426469835,89.64613745965609,-422.1819005896601,0.9304614479073651,12.053925455987311,39,71,54.929577464788736,0.9728321207910229,-1.627437200442261,-0.0363889399553266,,-1.1518215991183238,1
39,0.19,15,0.6000000000000001,0.1,25,150000,137213.05398671638,-12786.946013283625,-8.524630675522417,-1.4847572375820572,-1.2054021008959872,-1.080311756539291,-10.52300979731258,0.14109625156495076,2.8668024405657326,1231,831,400,67.50609260763608,55.49383479705104,-143.25505682415496,127.13774821856869,-401.51086221544796,0.8047774671744375,12.577579203899269,36,71,50.70422535211267,1.5130947042972576,-2.7273303513436042,-0.12062561765962221,,-1.2054021008959872,1
36,0.15,10,0.5,0.8,23,150000,145278.07149532478,-4721.928504675219,-3.147952336450146,-0.5355617091964637,-1.232709258002068,-1.1121413669144713,-5.160627267559189,0.1037784132489318,2.041433278707211,1167,893,274,76.52099400171379,28.040390556469013,-103.2590820616237,66.32606836745718,-388.9399150325801,0.8850273551096983,10.020565552699228,40,71,56.33802816901409,0.8072486479455687,-1.668687827570181,-0.0437897012295231,,-1.232709258002068,1
24,0.27,5,0.7,0.1,5,150000,147600.8870118238,-2399.112988176202,-1.599408658784135,-0.2703261536019075,-1.265959427886507,-1.2461365475213837,-5.406151925265858,0.0500034326335758,1.7812551416117646,1290,698,592,54.10852713178295,66.1928725026425,-79.39564218671335,99.75770192037926,-178.88459809934915,0.982988140459734,8.34031007751938,35,71,49.29577464788733,1.0088575245173814,-1.1187765876967235,-0.0220284645762806,,-1.265959427886507,1
39,0.15,5,0.7,0.2,7,150000,146480.9336607383,-3519.066339261713,-2.346044226174476,-0.3977733984766307,-1.293993384331566,-1.1550231971706912,-5.269983609605624,0.0754790579901628,1.8407140450043613,1146,935,211,81.58813263525305,22.95447992407842,-111.70020501671188,47.22584857717118,-173.14803314984815,0.9106314449434671,17.658813263525307,39,71,54.929577464788736,1.0983757193301136,-1.5267627861320077,-0.0323588724146226,,-1.293993384331566,1
36,0.1699999999999999,5,0.9,0.9,21,150000,145203.5707218928,-4796.429278107215,-3.1976195187381427,-0.5441269796036208,-1.4045838873659977,-1.407066008262707,-5.402505940616189,0.1007175162016684,1.801063294922297,1268,868,400,68.45425867507886,26.82342729557412,-66.90244331921616,59.85089641287238,-505.5966998056997,0.8700255826781932,15.69242902208202,38,71,53.52112676056338,0.8076051141969076,-1.5962822330902626,-0.0448580679643231,,-1.4045838873659977,1
27,0.27,15,0.2,0.9,25,150000,144814.08416745014,-5185.915832549857,-3.457277221699905,-0.5889654363002039,-1.4947224789502078,-1.4995451676412932,-6.990530643053024,0.0842518925062577,1.72355253587978,1345,903,442,67.13754646840148,48.9334980891386,-107.74449006125124,140.88353042809973,-624.9808653818724,0.9278476540531044,3.4646840148698885,40,71,56.33802816901409,0.8183999026804889,-1.7342328976205246,-0.0497938287617284,,-1.4947224789502078,1
36,0.16999999999999998,5,0.9,0.9,21,150000,142749.45399334363,-7250.546006656368,-4.833697337770912,-0.8283394230826469,-1.5543324258298608,-1.5328151733779734,-5.995299327083895,0.13816481511450238,1.811653098468542,1249,843,406,67.49399519615693,26.62670683470261,-69.14571396142833,51.241901514926305,-571.0389178280409,0.799564921331446,17.038430744595676,37,71,52.112676056338024,0.7547305109257385,-1.590168515027801,-0.06814676582772838,,-1.5543324258298608,1
27,0.27,15,0.2,0.9,25,150000,143341.85543348594,-6658.144566514064,-4.438763044342709,-0.7593630303890708,-1.5773090760734136,-1.5729733444918728,-6.73400693965798,0.11276540656901059,1.7419398897590765,1400,935,465,66.78571428571428,48.327216106262895,-107.5786916686077,133.56795319966835,-691.5167548270778,0.9032837097227454,3.512142857142857,39,71,54.929577464788736,0.636319879288072,-1.7671181546553782,-0.06294073497285275,,-1.5773090760734136,1
33,0.15,20,0.3,0.4,25,150000,139079.77208782235,-10920.227912177652,-7.280151941451768,-1.261007911186418,-1.697370843368894,-1.430278435340686,-10.105191804640455,0.1247881223399781,1.9155828282477536,1178,880,298,74.70288624787777,30.21035560131604,-120.86472912659023,75.04045790700552,-830.6279526662464,0.7381126735446677,5.567062818336163,39,71,54.929577464788736,0.6646698486624691,-2.254401921525462,-0.1065986526509278,,-1.697370843368894,1
33,0.22999999999999998,5,0.7,0.2,23,150000,144754.7109621927,-5245.289037807292,-3.4968593585381944,-0.5958094083878152,-1.7145569198424502,-1.819647145222601,-4.652518827365813,0.12806168668964926,1.5086114084460247,1401,908,493,64.81084939329051,31.9494353479016,-65.78920148830578,62.32566253795377,-181.13193907271008,0.8944323555692322,10.037830121341898,37,71,52.112676056338024,0.670396358696701,-1.421762536793847,-0.049549481362844636,,-1.7145569198424502,1
36,0.2299999999999999,5,0.6000000000000001,0.4,25,150000,144256.99186358627,-5743.0081364137295,-3.8286720909424874,-0.6532737299490776,-1.7157487211606697,-1.863734752277693,-6.060718058661952,0.1077881735507266,1.5410008852872163,1399,919,480,65.68977841315225,29.919892996037635,-65.63475508524373,69.0964173732034,-453.2055084951379,0.8727712686812363,10.623302358827734,39,71,54.929577464788736,0.6469929029743193,-1.243596799322877,-0.0543233028441242,,-1.7157487211606697,1
27,0.15,20,0.8,0.1,23,150000,143553.30446652495,-6446.695533475053,-4.2977970223167015,-0.7348003539335402,-1.729478159150387,-1.4913031685719291,-6.647882682385307,0.1105314863453469,1.5759424878510149,1264,849,415,67.16772151898735,37.7143733351632,-89.16364514458282,106.31011026752854,-487.69444592922713,0.8653238514184752,5.450158227848101,37,71,52.11267605633802,0.9789140233268157,-2.0619005945287205,-0.0600235352977422,,-1.729478159150387,1
42,0.19,5,0.3,0.3,15,150000,142142.09099914084,-7857.909000859159,-5.238606000572773,-0.8993056016801448,-1.7314688804643938,-1.7275091922668206,-7.2457249693419,0.1241153377315983,1.6691176238502043,1262,1077,185,85.34072900158478,16.26652474231296,-128.45320556727967,40.79784102107521,-406.1713338667544,0.7372143943803152,10.870839936608558,41,71,57.74647887323944,0.8245939287039095,-1.615972928650855,-0.0760290770585722,,-1.7314688804643938,1
33,0.15,20,0.30000000000000004,0.4,25,150000,141093.21659164695,-8906.783408353047,-5.937855605568698,-1.022455665595956,-1.7491164330986195,-1.4156308508745117,-7.603640112165509,0.1344692345393977,1.7228733302988228,991,699,292,70.53481331987891,34.766040460756265,-109.31488250152331,97.83473041874277,-889.6872623634841,0.7613253016700224,7.437941473259334,36,71,50.70422535211267,0.5732820015923235,-2.7103348867782318,-0.08520949020663802,,-1.7491164330986195,1
21,0.3299999999999999,10,0.2,0.5,21,150000,152651.54323297233,2651.543232972326,1.7676954886482177,0.2946156017196388,-1.768592574077526,-1.9832022476799172,-1.8817894267020945,0.1565614077426099,0.9617798065766704,747,510,237,68.27309236947792,55.902792997057055,-105.01173500229598,137.47945178500837,-362.05955410619134,1.1455591080816616,2.319946452476573,47,71,66.19718309859155,0.6747756647663472,-0.7954913509815253,0.0233409159878239,,-1.768592574077526,1
42,0.19,5,0.30000000000000004,0.30000000000000004,15,150000,140971.99163861893,-9028.008361381071,-6.018672240920714,-1.0367379512012387,-1.8177600913889342,-1.807373194428854,-7.156916770375488,0.144858181876949,1.6663006886047886,1229,1037,192,84.37754271765662,16.22014770465326,-126.3052163079956,38.51202828493198,-341.2047112566914,0.693603131787473,11.056143205858422,39,71,54.929577464788736,0.8277870093862827,-1.587849787792539,-0.08723512566935887,,-1.8177600913889342,1
27,0.15,10,0.3,0.9,21,150000,143275.3387878536,-6724.661212146399,-4.483107474764266,-0.7670960760363776,-2.0114858523831747,-1.8182002637721733,-5.825367521535483,0.1316820051611408,1.372680412068232,1308,1007,301,76.98776758409785,23.25623206656152,-94.63925027319124,53.776152408448,-670.8880937024741,0.8221120923783768,4.853975535168196,40,71,56.33802816901409,0.5532397458881011,-1.4974269543298837,-0.0645512916444161,,-2.0114858523831747,1
27,0.15,10,0.30000000000000004,0.9,21,150000,143005.7949661376,-6994.20503386241,-4.662803355908274,-0.7984631261747643,-2.0722493390293306,-1.876576566179898,-5.153192880246099,0.1549453212270666,1.347859283046063,1282,973,309,75.89703588143526,23.665019044173345,-91.75944519052753,65.4251631404788,-646.3779820327079,0.8121017383732649,5.172386895475819,38,71,53.52112676056338,0.5590346657289746,-1.3684805735940109,-0.06741275393816325,,-2.0722493390293306,1
33,0.15,5,0.5,0.2,19,150000,144707.8595930837,-5292.140406916296,-3.528093604610864,-0.60121163268686,-2.132495346974483,-1.9644347149871424,-4.91425744264367,0.1223402802364038,1.2173568568847466,1235,929,306,75.22267206477733,18.34901830240089,-67.83096948161223,40.5249434983976,-190.85653690954257,0.8212570241296139,10.235627530364372,38,71,53.52112676056338,0.455241878166035,-1.138469869751646,-0.0503005793935666,,-2.132495346974483,1
36,0.35,5,0.3,0.1,11,150000,141739.22167202702,-8260.778327972977,-5.507185551981985,-0.9465174237544228,-2.2783878335607706,-2.4409001204396485,-7.289653007552877,0.1298439614030636,1.2918328263446142,1323,755,568,57.06727135298564,45.70796793608629,-72.38141884738795,84.14550235607113,-123.1609182204887,0.8393893176134075,5.72562358276644,34,71,47.88732394366197,0.6599766767034554,-0.9969383710745516,-0.0798422859306085,,-2.2783878335607706,1
36,0.35,5,0.30000000000000004,0.1,11,150000,139195.80185833128,-10804.19814166872,-7.202798761112479,-1.2471829695269387,-2.3535094197284616,-2.4787462214178957,-7.471567867209681,0.16692386279463853,1.379350960556365,1401,785,616,56.03140613847252,45.33041113169931,-72.34946571442418,79.98582133134506,-118.34360440039325,0.7984418169586571,5.790863668807995,28,71,39.436619718309856,0.6462492817038257,-1.2154412312463059,-0.1074015509008216,,-2.3535094197284616,1
24,0.21,20,0.6000000000000001,0.5,25,150000,145930.2266312596,-4069.773368740396,-2.7131822458269306,-0.4607397846852823,-2.6052313250520016,-2.2248598043270866,-4.93382084865348,0.0933839713314734,0.9433542318927041,760,456,304,60.0,47.965324462084624,-82.08539909035824,137.80485274414283,-574.1315446809322,0.8765016372025894,4.735526315789474,38,71,53.52112676056338,0.6512740509999615,-0.9249346548160897,-0.03664584570493403,,-2.6052313250520016,1
21,0.19,10,0.8,0.8,21,150000,148176.8710319522,-1823.128968047793,-1.215419312031862,-0.205094001167605,-2.7513295042850117,-2.7448287940376583,-2.7656350874165,0.07415801242209154,0.8004266002544946,836,522,314,62.44019138755981,38.05380006797063,-65.60640956543921,88.70750919964935,-292.749159744122,0.9642565912519427,3.5645933014354068,35,71,49.29577464788733,0.5099047629703923,-0.6976108534283654,-0.0171796008117564,,-2.7513295042850117,1
33,0.2299999999999999,5,0.2,0.1,19,150000,140546.67958907696,-9453.320410923045,-6.302213607282028,-1.0869276407352355,-3.4857848948539023,-3.336770172330201,-6.960396110678063,0.1561588770885842,0.8863581680796028,1396,1033,363,73.99713467048711,18.65211061157632,-74.1968423851719,43.16589876486903,-144.75155487048747,0.7153791123477925,4.53080229226361,32,71,45.07042253521127,0.3380945541687774,-0.6268069542744614,-0.0913554431065234,,-3.4857848948539023,1
33,0.22999999999999998,5,0.2,0.1,19,150000,138958.36879020339,-11041.631209796615,-7.361087473197743,-1.2754833864839221,-3.496859476279176,-3.2598494939139986,-7.4980303961040935,0.17010912454378038,0.9380158539395331,1401,1019,382,72.73376159885797,18.930737742500888,-74.63547897758396,40.74457840906988,-136.58155957646088,0.6766016239657835,4.5610278372591,31,71,43.66197183098591,0.3345295716683294,-0.6672934413507137,-0.10835959551470246,,-3.496859476279176,1
27,0.2299999999999999,5,0.9,0.4,25,150000,145043.51516467874,-4956.484835321258,-3.304323223547505,-0.5625407619287204,-3.553316246729916,-3.6927820090882286,-4.692623058403735,0.1198776792696571,0.72098849940123,1376,832,544,60.46511627906976,20.89415595155779,-37.7763282850174,68.47437856988667,-231.19029855629304,0.8459204315678822,5.090116279069767,37,71,52.11267605633802,0.3865658170329578,-0.6541207851568753,-0.0474921249469441,,-3.553316246729916,1
21,0.29000000000000004,10,0.6000000000000001,0.7000000000000001,23,150000,149398.5181281493,-601.4818718507013,-0.40098791456713423,-0.06743367881502094,-6.69799855164352,-5.549978060656702,-0.7071599873201632,0.09535844791016247,0.3086034315199282,260,161,99,61.92307692307693,44.21822657618054,-74.57188232951358,117.54755587557462,-217.17609384641946,0.9643105019490028,2.0153846153846153,39,71,54.929577464788736,0.14393207344565173,-0.19926395550181608,-0.005224305307147556,,-6.69799855164352,1
21,0.29,10,0.6000000000000001,0.7000000000000001,23,150000,150198.50984860663,198.5098486066272,0.1323398990710848,0.0222060671584145,-6.872064752033228,-5.567361867567049,-0.6879270034313149,0.0322796852684264,0.2877399858207521,235,147,88,62.5531914893617,46.248587725989935,-71.51400621726596,135.83050692053442,-217.1745104862136,1.080294164377004,2.008510638297872,40,71,56.33802816901409,0.1517099741716432,-0.1972374315827973,0.0022935519664102,,-6.872064752033228,1
21,0.3299999999999999,15,0.7,0.1,25,150000,150000.0,0.0,0.0,0.0,,,0.0,,0.0,0,0,0,0.0,0.0,0.0,0.0,0.0,0.0,,0,71,0.0,0.0,0.0,0.0,True,,0
21,0.21,5,0.4,0.3,25,150000,150000.0,0.0,0.0,0.0,,,0.0,,0.0,0,0,0,0.0,0.0,0.0,0.0,0.0,0.0,,0,71,0.0,0.0,0.0,0.0,True,,0
21,0.35,10,0.3,0.1,25,150000,150000.0,0.0,0.0,0.0,,,0.0,,0.0,0,0,0,0.0,0.0,0.0,0.0,0.0,0.0,,0,71,0.0,0.0,0.0,0.0,True,,0
21,0.1699999999999999,20,0.4,0.3,25,150000,150000.0,0.0,0.0,0.0,,,0.0,,0.0,0,0,0,0.0,0.0,0.0,0.0,0.0,0.0,,0,71,0.0,0.0,0.0,0.0,True,,0
21,0.32999999999999996,15,0.7,0.1,25,150000,150000.0,0.0,0.0,0.0,,,0.0,,0.0,0,0,0,0.0,0.0,0.0,0.0,0.0,0.0,,0,71,0.0,0.0,0.0,0.0,True,,0
21,0.21,5,0.4,0.30000000000000004,25,150000,150000.0,0.0,0.0,0.0,,,0.0,,0.0,0,0,0,0.0,0.0,0.0,0.0,0.0,0.0,,0,71,0.0,0.0,0.0,0.0,True,,0
