near_dte,far_dte,target_delta,profit_target,stop_loss,vix_min,vix_max,dte_exit,initial_capital,final_value,total_pnl,total_return_pct,annualized_return_pct,sharpe_ratio,sortino_ratio,max_drawdown_pct,calmar_ratio,volatility_pct,total_trades,winning_trades,losing_trades,win_rate_pct,avg_win,avg_loss,largest_win,largest_loss,profit_factor,avg_days_in_trade,positive_months,total_months,positive_months_pct,best_month_pct,worst_month_pct,avg_monthly_return_pct,stability_score,stability_n,below_min_trades
14,42,0.45,0.30000000000000004,-0.5,5,30,5,10000,18986.80560210475,8986.805602104749,89.86805602104748,18.371246530956565,1.9396065477698903,2.317802457980168,-14.071188407940083,1.3058807957367602,7.835890423877502,90,63,27,70.0,224.93925734801087,-182.35082856114943,690.5331386685147,-566.9336698550652,2.8782883592401833,13.011111111111111,28,45,62.22222222222222,7.5011215804619225,-4.521337076573406,1.4060357592130819,1.192149833391872,443,
14,42,0.45,0.30000000000000004,-0.5,10,30,5,10000,18986.80560210475,8986.805602104749,89.86805602104748,18.371246530956565,1.9396065477698903,2.317802457980168,-14.071188407940083,1.3058807957367602,7.835890423877502,90,63,27,70.0,224.93925734801087,-182.35082856114943,690.5331386685147,-566.9336698550652,2.8782883592401833,13.011111111111111,28,45,62.22222222222222,7.5011215804619225,-4.521337076573406,1.4060357592130819,1.1097840325244597,498,
14,42,0.45,0.30000000000000004,-0.4,10,30,5,10000,18998.245501583584,8998.245501583584,89.98245501583584,18.390003176050506,1.9363488032661227,2.2851340746101996,-13.984839250054659,1.315285193686024,7.8582011887384065,90,63,27,70.0,224.93925734801087,-181.92712858045178,690.5331386685147,-566.9336698550652,2.884991761485731,12.977777777777778,28,45,62.22222222222222,7.494735300510724,-4.521337076573406,1.4072951628067463,1.101456185274885,510,
14,42,0.45,0.30000000000000004,-0.5,10,35,5,10000,18987.200252510713,8987.200252510713,89.87200252510713,18.371893731057853,1.9275070154510892,2.3122459619437783,-14.070769261006433,1.3059656935944381,7.887468487662806,92,63,29,68.47826086956522,222.3959699496552,-164.19140050512644,690.5331386685147,-566.9336698550652,2.942517520180153,13.0,28,45,62.22222222222222,7.500901087141498,-4.521195427637748,1.407039625757866,1.1234144083928066,424,
14,42,0.45,0.30000000000000004,-0.5,10,40,5,10000,18987.200252510713,8987.200252510713,89.87200252510713,18.371893731057853,1.9275070154510892,2.3122459619437783,-14.070769261006433,1.3059656935944381,7.887468487662806,92,63,29,68.47826086956522,222.3959699496552,-164.19140050512644,690.5331386685147,-566.9336698550652,2.942517520180153,13.0,28,45,62.22222222222222,7.500901087141498,-4.521195427637748,1.407039625757866,1.0942034047867502,256,
14,42,0.45,0.30000000000000004,-0.5,5,35,5,10000,18987.200252510713,8987.200252510713,89.87200252510713,18.371893731057853,1.9275070154510892,2.3122459619437783,-14.070769261006433,1.3059656935944381,7.887468487662806,92,63,29,68.47826086956522,222.3959699496552,-164.19140050512644,690.5331386685147,-566.9336698550652,2.942517520180153,13.0,28,45,62.22222222222222,7.500901087141498,-4.521195427637748,1.407039625757866,1.2036441169614298,379,
14,42,0.45,0.30000000000000004,-0.5,10,45,5,10000,18987.200252510713,8987.200252510713,89.87200252510713,18.371893731057853,1.9275070154510892,2.3122459619437783,-14.070769261006433,1.3059656935944381,7.887468487662806,92,63,29,68.47826086956522,222.3959699496552,-164.19140050512644,690.5331386685147,-566.9336698550652,2.942517520180153,13.0,28,45,62.22222222222222,7.500901087141498,-4.521195427637748,1.407039625757866,1.0886335193068888,136,
14,42,0.45,0.30000000000000004,-0.5,5,40,5,10000,18987.200252510713,8987.200252510713,89.87200252510713,18.371893731057853,1.9275070154510892,2.3122459619437783,-14.070769261006433,1.3059656935944381,7.887468487662806,92,63,29,68.47826086956522,222.3959699496552,-164.19140050512644,690.5331386685147,-566.9336698550652,2.942517520180153,13.0,28,45,62.22222222222222,7.500901087141498,-4.521195427637748,1.407039625757866,1.1585506809447328,232,
14,42,0.45,0.30000000000000004,-0.5,5,45,5,10000,18987.200252510713,8987.200252510713,89.87200252510713,18.371893731057853,1.9275070154510892,2.3122459619437783,-14.070769261006433,1.3059656935944381,7.887468487662806,92,63,29,68.47826086956522,222.3959699496552,-164.19140050512644,690.5331386685147,-566.9336698550652,2.942517520180153,13.0,28,45,62.22222222222222,7.500901087141498,-4.521195427637748,1.407039625757866,1.136481101188728,128,
14,42,0.45,0.30000000000000004,-0.5,10,50,5,10000,18987.200252510713,8987.200252510713,89.87200252510713,18.371893731057853,1.9275070154510892,2.3122459619437783,-14.070769261006433,1.3059656935944381,7.887468487662806,92,63,29,68.47826086956522,222.3959699496552,-164.19140050512644,690.5331386685147,-566.9336698550652,2.942517520180153,13.0,28,45,62.22222222222222,7.500901087141498,-4.521195427637748,1.407039625757866,0.9569696509060311,59,
14,42,0.45,0.30000000000000004,-0.4,10,35,5,10000,18998.640151989548,8998.640151989548,89.98640151989548,18.390650088930684,1.9243403363714773,2.2802610254493905,-13.984422675255198,1.3153706351588335,7.909632305059022,92,63,29,68.47826086956522,222.3959699496552,-163.79692121275278,690.5331386685147,-566.9336698550652,2.9496041138753424,12.967391304347826,28,45,62.22222222222222,7.494515182470729,-4.521195427637748,1.4082990076959023,1.1163601335493432,432,
14,42,0.45,0.30000000000000004,-0.4,5,35,5,10000,18998.640151989548,8998.640151989548,89.98640151989548,18.390650088930684,1.9243403363714773,2.2802610254493905,-13.984422675255198,1.3153706351588335,7.909632305059022,92,63,29,68.47826086956522,222.3959699496552,-163.79692121275278,690.5331386685147,-566.9336698550652,2.9496041138753424,12.967391304347826,28,45,62.22222222222222,7.494515182470729,-4.521195427637748,1.4082990076959023,1.2006899555793507,384,
14,42,0.45,0.30000000000000004,-0.4,10,45,5,10000,18998.640151989548,8998.640151989548,89.98640151989548,18.390650088930684,1.9243403363714773,2.2802610254493905,-13.984422675255198,1.3153706351588335,7.909632305059022,92,63,29,68.47826086956522,222.3959699496552,-163.79692121275278,690.5331386685147,-566.9336698550652,2.9496041138753424,12.967391304347826,28,45,62.22222222222222,7.494515182470729,-4.521195427637748,1.4082990076959023,1.0838235865397172,138,
14,42,0.45,0.30000000000000004,-0.4,5,40,5,10000,18998.640151989548,8998.640151989548,89.98640151989548,18.390650088930684,1.9243403363714773,2.2802610254493905,-13.984422675255198,1.3153706351588335,7.909632305059022,92,63,29,68.47826086956522,222.3959699496552,-163.79692121275278,690.5331386685147,-566.9336698550652,2.9496041138753424,12.967391304347826,28,45,62.22222222222222,7.494515182470729,-4.521195427637748,1.4082990076959023,1.1540163788364972,236,
14,42,0.45,0.30000000000000004,-0.4,5,50,5,10000,18998.640151989548,8998.640151989548,89.98640151989548,18.390650088930684,1.9243403363714773,2.2802610254493905,-13.984422675255198,1.3153706351588335,7.909632305059022,92,63,29,68.47826086956522,222.3959699496552,-163.79692121275278,690.5331386685147,-566.9336698550652,2.9496041138753424,12.967391304347826,28,45,62.22222222222222,7.494515182470729,-4.521195427637748,1.4082990076959023,1.0277953986358632,56,
14,42,0.45,0.30000000000000004,-0.4,10,40,5,10000,18998.640151989548,8998.640151989548,89.98640151989548,18.390650088930684,1.9243403363714773,2.2802610254493905,-13.984422675255198,1.3153706351588335,7.909632305059022,92,63,29,68.47826086956522,222.3959699496552,-163.79692121275278,690.5331386685147,-566.9336698550652,2.9496041138753424,12.967391304347826,28,45,62.22222222222222,7.494515182470729,-4.521195427637748,1.4082990076959023,1.0884766160688575,261,
14,42,0.45,0.4,-0.5,10,25,5,10000,18918.001645045755,8918.001645045755,89.18001645045756,18.258260826209337,1.9148348629869412,2.324025044116105,-15.024317112843057,1.2152473013633243,7.887608350964394,90,61,29,67.77777777777779,233.5603462457435,-174.7235943543346,690.5331386685147,-566.9336698550652,2.8117674057463042,13.21111111111111,28,45,62.22222222222222,8.19797842050849,-4.529041934217659,1.4008028856955181,1.2166374108047455,324,
14,42,0.45,0.4,-0.5,5,25,5,10000,18918.001645045755,8918.001645045755,89.18001645045756,18.258260826209337,1.9148348629869412,2.324025044116105,-15.024317112843057,1.2152473013633243,7.887608350964394,90,61,29,67.77777777777779,233.5603462457435,-174.7235943543346,690.5331386685147,-566.9336698550652,2.8117674057463042,13.21111111111111,28,45,62.22222222222222,8.19797842050849,-4.529041934217659,1.4008028856955181,1.2976805511964893,292,
14,42,0.45,0.4,-0.5,10,30,5,10000,18870.710529406388,8870.710529406388,88.70710529406388,18.18042648565963,1.9141106850968566,2.3200194165389862,-14.730047036910815,1.2345152801205943,7.856681663112031,93,64,29,68.81720430107528,221.80469703108247,-174.57223589358642,690.5331386685147,-566.9336698550652,2.8039969731068597,13.24731182795699,28,45,62.22222222222222,8.227004239937784,-4.537328074204117,1.3998859130990495,1.1781117905881422,436,
14,42,0.45,0.4,-0.5,5,30,5,10000,18870.710529406388,8870.710529406388,88.70710529406388,18.18042648565963,1.9141106850968566,2.3200194165389862,-14.730047036910815,1.2345152801205943,7.856681663112031,93,64,29,68.81720430107528,221.80469703108247,-174.57223589358642,690.5331386685147,-566.9336698550652,2.8039969731068597,13.24731182795699,28,45,62.22222222222222,8.227004239937784,-4.537328074204117,1.3998859130990495,1.2619991422554677,390,
14,42,0.45,0.4,-0.4,5,25,5,10000,18929.44154452459,8929.44154452459,89.2944154452459,18.27706770484845,1.9116915371142587,2.290759890829085,-14.938764703812831,1.2234657996978546,7.909856667979414,90,61,29,67.77777777777779,233.5603462457435,-174.32911506196092,690.5331386685147,-566.9336698550652,2.8181299919163996,13.177777777777777,28,45,62.22222222222222,8.190987703997642,-4.529041934217659,1.402066359685876,1.293320318371911,299,
14,42,0.45,0.4,-0.4,10,30,5,10000,18882.150428885223,8882.150428885223,88.82150428885222,18.199268075740104,1.910911180049165,2.2868606943567262,-14.64431925693771,1.2430287853621234,7.879145441199477,93,64,29,68.81720430107528,221.80469703108247,-174.17775660121274,690.5331386685147,-566.9336698550652,2.8103474897477514,13.21505376344086,28,45,62.22222222222222,8.219963954289057,-4.537328074204117,1.401152700401311,1.1691835006833369,447,
14,42,0.45,0.4,-0.4,5,30,5,10000,18882.150428885223,8882.150428885223,88.82150428885222,18.199268075740104,1.910911180049165,2.2868606943567262,-14.64431925693771,1.2430287853621234,7.879145441199477,93,64,29,68.81720430107528,221.80469703108247,-174.17775660121274,690.5331386685147,-566.9336698550652,2.8103474897477514,13.21505376344086,28,45,62.22222222222222,8.219963954289057,-4.537328074204117,1.401152700401311,1.2590243972463855,398,
14,42,0.45,0.5,-0.5,5,25,5,10000,18920.83763212261,8920.83763212261,89.2083763212261,18.26292389175279,1.9089411788452633,2.3259942730817436,-15.024317112843057,1.2155576692494938,7.915137012044858,89,60,29,67.41573033707866,237.4569518011202,-174.7235943543346,893.4242968500167,-566.9336698550652,2.8118139792239103,13.280898876404494,28,45,62.22222222222222,8.19797842050849,-4.529041934217659,1.401150301512806,1.3623214467862983,147,
14,42,0.45,0.6,-0.5,10,25,5,10000,18920.83763212261,8920.83763212261,89.2083763212261,18.26292389175279,1.9089411788452633,2.3259942730817436,-15.024317112843057,1.2155576692494938,7.915137012044858,89,60,29,67.41573033707866,237.4569518011202,-174.7235943543346,893.4242968500167,-566.9336698550652,2.8118139792239103,13.280898876404494,28,45,62.22222222222222,8.19797842050849,-4.529041934217659,1.401150301512806,1.3605893368679514,45,
14,42,0.45,0.6,-0.5,5,25,5,10000,18920.83763212261,8920.83763212261,89.2083763212261,18.26292389175279,1.9089411788452633,2.3259942730817436,-15.024317112843057,1.2155576692494938,7.915137012044858,89,60,29,67.41573033707866,237.4569518011202,-174.7235943543346,893.4242968500167,-566.9336698550652,2.8118139792239103,13.280898876404494,28,45,62.22222222222222,8.19797842050849,-4.529041934217659,1.401150301512806,1.4351100138883222,42,
14,42,0.45,0.5,-0.5,5,30,5,10000,18873.546516483242,8873.546516483242,88.73546516483242,18.18509815968119,1.9081381678951084,2.3220744502864465,-14.730047036910815,1.234832443655555,7.884461842832691,92,63,29,68.47826086956522,225.32915233438308,-174.57223589358642,893.4242968500167,-566.9336698550652,2.804043586964826,13.315217391304348,28,45,62.22222222222222,8.227004239937784,-4.537328074204117,1.4002342369891538,1.2957778659753847,169,
14,42,0.45,0.5,-0.4,5,25,5,10000,18932.277531601445,8932.277531601445,89.32277531601444,18.281728693580224,1.9058514159817344,2.2926440944132973,-14.938764703812831,1.2237778059998605,7.937273835842233,89,60,29,67.41573033707866,237.4569518011202,-174.32911506196092,893.4242968500167,-566.9336698550652,2.81817667078244,13.247191011235955,28,45,62.22222222222222,8.190987703997642,-4.529041934217659,1.4024135565476665,1.3543997948778232,152,
14,42,0.45,0.5,-0.4,5,30,5,10000,18884.986415962077,8884.986415962077,88.84986415962078,18.203937663904913,1.9049936190847405,2.2888276680411948,-14.64431925693771,1.2433476631316087,7.906811964812163,92,63,29,68.47826086956522,225.32915233438308,-174.17775660121274,893.4242968500167,-566.9336698550652,2.810394209177187,13.282608695652174,28,45,62.22222222222222,8.219963954289057,-4.537328074204117,1.401500804190176,1.289862662138776,175,
14,45,0.45,0.6,-0.5,5,30,5,10000,18606.90419337026,8606.904193370261,86.06904193370261,17.743581730134196,1.8137147848764203,2.288015890491753,-14.71381275335228,1.2061869174403466,8.097414240286431,84,57,27,67.85714285714286,244.96211124414341,-188.945959551001,893.4242968500167,-566.9336698550652,2.7369848822258525,13.273809523809524,28,45,62.22222222222222,7.99767317948632,-4.537328074204117,1.3668891487681267,1.5546395089550398,32,
14,45,0.45,0.4,-0.4,10,30,5,10000,18442.57591142536,8442.57591142536,84.4257591142536,17.46915354629848,1.7917443725645728,2.21876252282257,-14.628084973379174,1.1944947620648925,8.06485051297393,85,58,27,68.23529411764706,237.73055447400756,-188.52225957030333,741.9641167222933,-566.9336698550652,2.708860224334039,13.16470588235294,28,45,62.22222222222222,7.990838613814355,-4.537328074204117,1.3462802353717798,1.2477797432234754,359,
14,45,0.45,0.30000000000000004,-0.4,10,30,5,10000,18377.188093018907,8377.188093018907,83.77188093018907,17.359454637388016,1.7622398314211294,2.1478015410112343,-13.964174518113914,1.2434296203265929,8.150722016546007,81,56,25,69.1358024691358,242.56896198791128,-198.03914154540874,741.9641167222933,-566.9336698550652,2.7436721378048112,12.925925925925926,29,45,64.44444444444444,6.924805771503606,-4.519868896748114,1.3282247371195495,1.1781994044598092,405,
14,45,0.45,0.30000000000000004,-0.4,5,35,5,10000,18377.58274342487,8377.582743424871,83.77582743424871,17.360117591046077,1.752148984398887,2.1435661393287164,-13.963758687291039,1.2435141271359034,8.200301518376166,83,56,27,67.46987951807229,239.70776366476113,-177.37247341232782,741.9641167222933,-566.9336698550652,2.8029809158471246,12.91566265060241,29,45,64.44444444444444,6.924602726250839,-4.5197273397892594,1.3292304102657966,1.280781741307132,307,
14,45,0.45,0.30000000000000004,-0.4,10,35,5,10000,18377.58274342487,8377.582743424871,83.77582743424871,17.360117591046077,1.752148984398887,2.1435661393287164,-13.963758687291039,1.2435141271359034,8.200301518376166,83,56,27,67.46987951807229,239.70776366476113,-177.37247341232782,741.9641167222933,-566.9336698550652,2.8029809158471246,12.91566265060241,29,45,64.44444444444444,6.924602726250839,-4.5197273397892594,1.3292304102657966,1.1952824874742873,342,
14,45,0.45,0.30000000000000004,-0.4,5,45,5,10000,18377.58274342487,8377.582743424871,83.77582743424871,17.360117591046077,1.752148984398887,2.1435661393287164,-13.963758687291039,1.2435141271359034,8.200301518376166,83,56,27,67.46987951807229,239.70776366476113,-177.37247341232782,741.9641167222933,-566.9336698550652,2.8029809158471246,12.91566265060241,29,45,64.44444444444444,6.924602726250839,-4.5197273397892594,1.3292304102657966,1.1723405736811585,106,
14,45,0.45,0.5,-0.5,5,25,5,10000,18371.741862951847,8371.741862951847,83.71741862951848,17.350304713777277,1.7255006887290285,2.1294455196690114,-15.008116039308335,1.1560614715620818,8.326063446278878,80,53,27,66.25,259.7861879789856,-190.3678096394625,893.4242968500167,-566.9336698550652,2.6787652085606184,13.2125,28,45,62.22222222222222,7.969792556964683,-4.529041934217659,1.3338936898374223,1.4415852397698192,118,
14,45,0.45,0.6,-0.5,5,25,5,10000,18371.741862951847,8371.741862951847,83.71741862951848,17.350304713777277,1.7255006887290285,2.1294455196690114,-15.008116039308335,1.1560614715620818,8.326063446278878,80,53,27,66.25,259.7861879789856,-190.3678096394625,893.4242968500167,-566.9336698550652,2.6787652085606184,13.2125,28,45,62.22222222222222,7.969792556964683,-4.529041934217659,1.3338936898374223,1.5668321803435512,30,
14,45,0.45,0.30000000000000004,-0.5,5,30,5,10000,18165.05971365916,8165.0597136591605,81.65059713659161,17.00158199623707,1.7244999349560428,2.1022336061036357,-14.050497015650517,1.210318988732946,8.151756961792165,81,56,25,69.1358024691358,238.22414173986206,-196.79187936416852,741.9641167222933,-566.9336698550652,2.711606186299026,12.925925925925926,29,45,64.44444444444444,6.93069671051485,-4.519868896748114,1.3020810869767037,1.2696144743415778,355,
14,45,0.45,0.30000000000000004,-0.5,10,30,5,10000,18165.05971365916,8165.0597136591605,81.65059713659161,17.00158199623707,1.7244999349560428,2.1022336061036357,-14.050497015650517,1.210318988732946,8.151756961792165,81,56,25,69.1358024691358,238.22414173986206,-196.79187936416852,741.9641167222933,-566.9336698550652,2.711606186299026,12.925925925925926,29,45,64.44444444444444,6.93069671051485,-4.519868896748114,1.3020810869767037,1.1893345748412034,395,
14,45,0.45,0.6,-0.4,10,25,5,10000,18383.181762430682,8383.181762430682,83.83181762430682,17.3695219754739,1.7234660030373163,2.1020776934073466,-14.92256363027811,1.1639770756434151,8.346425531793992,80,53,27,66.25,259.7861879789856,-189.94410965876483,893.4242968500167,-566.9336698550652,2.6847406124265225,13.175,28,45,62.22222222222222,7.96300553986018,-4.529041934217659,1.3351995700981358,1.5082619746952726,33,
14,45,0.45,0.5,-0.4,10,25,5,10000,18383.181762430682,8383.181762430682,83.83181762430682,17.3695219754739,1.7234660030373163,2.1020776934073466,-14.92256363027811,1.1639770756434151,8.346425531793992,80,53,27,66.25,259.7861879789856,-189.94410965876483,893.4242968500167,-566.9336698550652,2.6847406124265225,13.175,28,45,62.22222222222222,7.96300553986018,-4.529041934217659,1.3351995700981358,1.3514947120102934,132,
14,45,0.45,0.30000000000000004,-0.5,5,40,5,10000,18165.454364065125,8165.4543640651245,81.65454364065124,17.00225064648968,1.7146402168797983,2.0981257758798373,-14.05007861428148,1.2104026232999776,8.201332217761344,83,56,27,67.46987951807229,235.36294341671194,-176.21760102229058,741.9641167222933,-566.9336698550652,2.770212374396221,12.91566265060241,29,45,64.44444444444444,6.930493319658648,-4.5197273397892594,1.303087334253894,1.230441730917941,183,
14,45,0.45,0.30000000000000004,-0.5,10,45,5,10000,18165.454364065125,8165.4543640651245,81.65454364065124,17.00225064648968,1.7146402168797983,2.0981257758798373,-14.05007861428148,1.2104026232999776,8.201332217761344,83,56,27,67.46987951807229,235.36294341671194,-176.21760102229058,741.9641167222933,-566.9336698550652,2.770212374396221,12.91566265060241,29,45,64.44444444444444,6.930493319658648,-4.5197273397892594,1.303087334253894,1.1398093493899164,109,
14,45,0.45,0.30000000000000004,-0.5,10,40,5,10000,18165.454364065125,8165.4543640651245,81.65454364065124,17.00225064648968,1.7146402168797983,2.0981257758798373,-14.05007861428148,1.2104026232999776,8.201332217761344,83,56,27,67.46987951807229,235.36294341671194,-176.21760102229058,741.9641167222933,-566.9336698550652,2.770212374396221,12.91566265060241,29,45,64.44444444444444,6.930493319658648,-4.5197273397892594,1.303087334253894,1.1693797336262866,200,
14,45,0.45,0.30000000000000004,-0.5,5,35,5,10000,18165.454364065125,8165.4543640651245,81.65454364065124,17.00225064648968,1.7146402168797983,2.0981257758798373,-14.05007861428148,1.2104026232999776,8.201332217761344,83,56,27,67.46987951807229,235.36294341671194,-176.21760102229058,741.9641167222933,-566.9336698550652,2.770212374396221,12.91566265060241,29,45,64.44444444444444,6.930493319658648,-4.5197273397892594,1.303087334253894,1.2847679081174856,303,
14,45,0.45,0.30000000000000004,-0.5,5,45,5,10000,18165.454364065125,8165.4543640651245,81.65454364065124,17.00225064648968,1.7146402168797983,2.0981257758798373,-14.05007861428148,1.2104026232999776,8.201332217761344,83,56,27,67.46987951807229,235.36294341671194,-176.21760102229058,741.9641167222933,-566.9336698550652,2.770212374396221,12.91566265060241,29,45,64.44444444444444,6.930493319658648,-4.5197273397892594,1.303087334253894,1.180332735514026,104,
14,45,0.45,0.30000000000000004,-0.5,10,35,5,10000,18165.454364065125,8165.4543640651245,81.65454364065124,17.00225064648968,1.7146402168797983,2.0981257758798373,-14.05007861428148,1.2104026232999776,8.201332217761344,83,56,27,67.46987951807229,235.36294341671194,-176.21760102229058,741.9641167222933,-566.9336698550652,2.770212374396221,12.91566265060241,29,45,64.44444444444444,6.930493319658648,-4.5197273397892594,1.303087334253894,1.2039682938407832,336,
14,45,0.45,0.4,-0.5,10,25,5,10000,18195.97368152811,8195.97368152811,81.9597368152811,17.05392667390029,1.7056255591436538,2.0934360546145303,-15.008116039308335,1.136313620525967,8.271985156296989,81,54,27,66.66666666666666,251.74444039745373,-190.3678096394625,741.9641167222933,-566.9336698550652,2.6448215260156895,13.135802469135802,28,45,62.22222222222222,7.969792556964683,-4.529041934217659,1.3116895187071191,1.28563677459503,263,
14,45,0.45,0.4,-0.5,5,25,5,10000,18195.97368152811,8195.97368152811,81.9597368152811,17.05392667390029,1.7056255591436538,2.0934360546145303,-15.008116039308335,1.136313620525967,8.271985156296989,81,54,27,66.66666666666666,251.74444039745373,-190.3678096394625,741.9641167222933,-566.9336698550652,2.6448215260156895,13.135802469135802,28,45,62.22222222222222,7.969792556964683,-4.529041934217659,1.3116895187071191,1.356367470553173,241,
14,45,0.45,0.4,-0.4,5,25,5,10000,18207.413581006946,8207.413581006946,82.07413581006946,17.073280522629865,1.7036041058043103,2.0665573047158543,-14.92256363027811,1.1441251614426302,8.292552090555695,81,54,27,66.66666666666666,251.74444039745373,-189.94410965876483,741.9641167222933,-566.9336698550652,2.650721213200171,13.098765432098766,28,45,62.22222222222222,7.96300553986018,-4.529041934217659,1.313009829463695,1.3509963986022024,247,
14,39,0.45,0.30000000000000004,-0.5,10,25,5,10000,18773.564192193116,8773.564192193116,87.73564192193116,18.020085606527992,1.7017907662168619,2.079407972233585,-15.731948770566259,1.1454452254664553,8.800771801570768,95,68,27,71.57894736842105,216.33130998556632,-206.98605169733403,776.6090733459314,-528.5620936725428,2.6322276591405522,12.536842105263158,27,45,60.0,7.072224594070908,-6.000134939593527,1.3503744874122041,1.1651012222783932,306,
14,39,0.45,0.30000000000000004,-0.5,5,25,5,10000,18773.564192193116,8773.564192193116,87.73564192193116,18.020085606527992,1.7017907662168619,2.079407972233585,-15.731948770566259,1.1454452254664553,8.800771801570768,95,68,27,71.57894736842105,216.33130998556632,-206.98605169733403,776.6090733459314,-528.5620936725428,2.6322276591405522,12.536842105263158,27,45,60.0,7.072224594070908,-6.000134939593527,1.3503744874122041,1.2359378421736553,278,
14,39,0.45,0.30000000000000004,-0.5,10,40,5,10000,18529.982089607467,8529.982089607467,85.29982089607468,17.615345143200468,1.6277568963996905,1.93379864776464,-15.830503065473806,1.1127470220210114,9.000714224335397,94,66,28,70.2127659574468,219.43029847288528,-200.05271852162804,776.6090733459314,-528.5620936725428,2.585461294944454,12.553191489361701,26,45,57.77777777777777,7.11067047534788,-6.041318073061463,1.278528512489807,1.0985786621286233,212,
14,39,0.45,0.30000000000000004,-0.5,5,35,5,10000,18529.982089607467,8529.982089607467,85.29982089607468,17.615345143200468,1.6277568963996905,1.93379864776464,-15.830503065473806,1.1127470220210114,9.000714224335397,94,66,28,70.2127659574468,219.43029847288528,-200.05271852162804,776.6090733459314,-528.5620936725428,2.585461294944454,12.553191489361701,26,45,57.77777777777777,7.11067047534788,-6.041318073061463,1.278528512489807,1.2288319105237757,317,
14,39,0.45,0.30000000000000004,-0.5,5,45,5,10000,18529.982089607467,8529.982089607467,85.29982089607468,17.615345143200468,1.6277568963996905,1.93379864776464,-15.830503065473806,1.1127470220210114,9.000714224335397,94,66,28,70.2127659574468,219.43029847288528,-200.05271852162804,776.6090733459314,-528.5620936725428,2.585461294944454,12.553191489361701,26,45,57.77777777777777,7.11067047534788,-6.041318073061463,1.278528512489807,1.142171156126086,107,
14,39,0.45,0.30000000000000004,-0.5,10,45,5,10000,18529.982089607467,8529.982089607467,85.29982089607468,17.615345143200468,1.6277568963996905,1.93379864776464,-15.830503065473806,1.1127470220210114,9.000714224335397,94,66,28,70.2127659574468,219.43029847288528,-200.05271852162804,776.6090733459314,-528.5620936725428,2.585461294944454,12.553191489361701,26,45,57.77777777777777,7.11067047534788,-6.041318073061463,1.278528512489807,1.1016918554846704,113,
14,39,0.45,0.30000000000000004,-0.5,10,35,5,10000,18529.982089607467,8529.982089607467,85.29982089607468,17.615345143200468,1.6277568963996905,1.93379864776464,-15.830503065473806,1.1127470220210114,9.000714224335397,94,66,28,70.2127659574468,219.43029847288528,-200.05271852162804,776.6090733459314,-528.5620936725428,2.585461294944454,12.553191489361701,26,45,57.77777777777777,7.11067047534788,-6.041318073061463,1.278528512489807,1.1453779594019742,354,
14,39,0.45,0.30000000000000004,-0.5,5,40,5,10000,18529.982089607467,8529.982089607467,85.29982089607468,17.615345143200468,1.6277568963996905,1.93379864776464,-15.830503065473806,1.1127470220210114,9.000714224335397,94,66,28,70.2127659574468,219.43029847288528,-200.05271852162804,776.6090733459314,-528.5620936725428,2.585461294944454,12.553191489361701,26,45,57.77777777777777,7.11067047534788,-6.041318073061463,1.278528512489807,1.1733787581470785,191,
14,45,0.45,0.4,-0.19999999999999996,10,50,5,10000,17193.19227113262,7193.192271132619,71.9319227113262,15.321442407381113,1.6227345221411724,1.815471183299165,-13.633630907442178,1.1240869285069293,7.7509014191151016,84,55,29,65.47619047619048,237.31218200721074,-193.3959482618991,690.5331386685147,-480.4127262190464,2.3272195306553853,12.607142857142858,26,45,57.77777777777777,6.088794152670429,-4.649042233951195,1.1895923970693072,0.8417312612004156,9,
14,45,0.45,0.4,-0.1999999999999999,10,50,5,10000,17193.19227113262,7193.192271132619,71.9319227113262,15.321442407381111,1.6227345221411704,1.815471183299165,-13.633630907442178,1.1240869285069293,7.750901419115112,84,55,29,65.47619047619048,237.3121820072108,-193.3959482618991,690.5331386685147,-480.4127262190464,2.3272195306553853,12.607142857142858,26,45,57.77777777777777,6.088794152670429,-4.649042233951195,1.1895923970693072,0.9301070449879946,6,
14,39,0.45,0.30000000000000004,-0.5,5,30,5,10000,18628.87957942282,8628.87957942282,86.28879579422821,17.780145061378526,1.6219451177515192,1.913227031970691,-18.9064430716783,0.9404278210327696,9.12650367440645,91,64,27,70.32967032967034,233.25471875241962,-220.16966406424612,776.6090733459314,-538.4934078233294,2.5112454816594156,12.56043956043956,28,45,62.22222222222222,7.059488089881238,-5.739458766413453,1.2924250734563592,1.215775141714939,372,
14,39,0.45,0.30000000000000004,-0.5,10,30,5,10000,18628.87957942282,8628.87957942282,86.28879579422821,17.780145061378526,1.6219451177515192,1.913227031970691,-18.9064430716783,0.9404278210327696,9.12650367440645,91,64,27,70.32967032967034,233.25471875241962,-220.16966406424612,776.6090733459314,-538.4934078233294,2.5112454816594156,12.56043956043956,28,45,62.22222222222222,7.059488089881238,-5.739458766413453,1.2924250734563592,1.1325734645695409,416,
14,39,0.45,0.4,-0.5,10,25,5,10000,18221.760952655943,8221.760952655943,82.21760952655943,17.097540525564202,1.5786783830106725,1.941089660125906,-15.567155120901157,1.0983086114821508,9.000557855111525,91,60,31,65.93406593406593,244.57183349383487,-197.11959890247664,776.6090733459314,-528.5620936725428,2.401409305091571,13.065934065934066,27,45,60.0,6.354384000033253,-5.931381579178163,1.2932834200722345,1.2525255327964586,276,
14,39,0.45,0.4,-0.5,5,25,5,10000,18221.760952655943,8221.760952655943,82.21760952655943,17.097540525564202,1.5786783830106725,1.941089660125906,-15.567155120901157,1.0983086114821508,9.000557855111525,91,60,31,65.93406593406593,244.57183349383487,-197.11959890247664,776.6090733459314,-528.5620936725428,2.401409305091571,13.065934065934066,27,45,60.0,6.354384000033253,-5.931381579178163,1.2932834200722345,1.3287113273356645,251,
14,39,0.45,0.4,-0.5,10,30,5,10000,18797.7361107925,8797.736110792499,87.97736110792499,18.060038607858473,1.573475275377715,1.9725101195210617,-15.466791245764238,1.1676655048153202,9.585718028977258,86,57,29,66.27906976744185,271.3949080051543,-217.82524670703128,878.154961819893,-528.5620936725428,2.448895979556183,13.05813953488372,26,45,57.77777777777777,8.612130748871238,-5.889575813905368,1.3208450120516833,1.210410113076373,366,
14,39,0.45,0.4,-0.5,5,30,5,10000,18797.7361107925,8797.736110792499,87.97736110792499,18.060038607858473,1.573475275377715,1.9725101195210617,-15.466791245764238,1.1676655048153202,9.585718028977258,86,57,29,66.27906976744185,271.3949080051543,-217.82524670703128,878.154961819893,-528.5620936725428,2.448895979556183,13.05813953488372,26,45,57.77777777777777,8.612130748871238,-5.889575813905368,1.3208450120516833,1.2977248116361995,329,
14,39,0.45,0.6,-0.5,10,25,5,10000,18238.06422122105,8238.064221221051,82.3806422122105,17.12509067856025,1.5707488434041401,1.9422454023901217,-15.567155120901157,1.100078373059143,9.064605125624265,90,59,31,65.55555555555556,248.94937759652896,-197.11959890247664,1080.3241664003092,-528.5620936725428,2.4036518062122942,13.166666666666666,27,45,60.0,6.354384000033253,-5.931381579178163,1.2957235835605208,1.3583425471943484,36,
14,39,0.45,0.6,-0.5,5,25,5,10000,18238.06422122105,8238.064221221051,82.3806422122105,17.12509067856025,1.5707488434041401,1.9422454023901217,-15.567155120901157,1.100078373059143,9.064605125624265,90,59,31,65.55555555555556,248.94937759652896,-197.11959890247664,1080.3241664003092,-528.5620936725428,2.4036518062122942,13.166666666666666,27,45,60.0,6.354384000033253,-5.931381579178163,1.2957235835605208,1.4317985974165675,34,
14,39,0.45,0.5,-0.5,10,25,5,10000,18238.06422122105,8238.064221221051,82.3806422122105,17.12509067856025,1.5707488434041401,1.9422454023901217,-15.567155120901157,1.100078373059143,9.064605125624265,90,59,31,65.55555555555556,248.94937759652896,-197.11959890247664,1080.3241664003092,-528.5620936725428,2.4036518062122942,13.166666666666666,27,45,60.0,6.354384000033253,-5.931381579178163,1.2957235835605208,1.3231943332579477,136,
14,39,0.45,0.4,-0.5,10,40,5,10000,18220.60312910099,8220.60312910099,82.2060312910099,17.095583281388627,1.56993597240426,1.941465089147728,-15.568502146740165,1.0980878648604107,9.05260638455541,91,59,32,64.83516483516483,251.29641923055922,-195.67012857826944,776.6090733459314,-528.5620936725428,2.3679024300891647,13.12087912087912,27,45,60.0,6.355070903745608,-5.931943016177477,1.247951006836868,1.1396916371560835,175,
14,39,0.45,0.4,-0.5,5,45,5,10000,18220.60312910099,8220.60312910099,82.2060312910099,17.095583281388627,1.56993597240426,1.941465089147728,-15.568502146740165,1.0980878648604107,9.05260638455541,91,59,32,64.83516483516483,251.29641923055922,-195.67012857826944,776.6090733459314,-528.5620936725428,2.3679024300891647,13.12087912087912,27,45,60.0,6.355070903745608,-5.931943016177477,1.247951006836868,1.2007894672546822,93,
14,39,0.45,0.5,-0.5,10,50,5,10000,18236.9063976661,8236.906397666098,82.36906397666098,17.123134723954927,1.5621743978868634,1.9426466484910856,-15.568502146740164,1.0998575561451993,9.116297560650567,90,58,32,64.44444444444444,255.8653793649674,-195.67012857826944,1080.3241664003092,-528.5620936725428,2.3700909457597548,13.22222222222222,27,45,60.0,6.355070903745608,-5.931943016177477,1.2503913649282854,1.1882885975520103,7,
14,39,0.45,0.5,-0.5,10,50,5,10000,18236.9063976661,8236.906397666098,82.36906397666098,17.123134723954927,1.562174397886863,1.9426466484910858,-15.568502146740165,1.0998575561451993,9.11629756065057,90,58,32,64.44444444444444,255.8653793649674,-195.67012857826944,1080.3241664003092,-528.5620936725428,2.3700909457597548,13.222222222222221,27,45,60.0,6.355070903745608,-5.931943016177477,1.2503913649282854,0.8648166162615337,21,
14,39,0.45,0.5,-0.5,10,35,5,10000,18236.9063976661,8236.906397666098,82.36906397666098,17.123134723954927,1.562174397886863,1.9426466484910858,-15.568502146740165,1.0998575561451993,9.11629756065057,90,58,32,64.44444444444444,255.8653793649674,-195.67012857826944,1080.3241664003092,-528.5620936725428,2.3700909457597548,13.222222222222221,27,45,60.0,6.355070903745608,-5.931943016177477,1.2503913649282854,1.0576204802030067,83,
14,45,0.45,0.6,-0.5,10,50,5,10000,16439.391203618718,6439.391203618718,64.39391203618717,13.969413462759528,1.4295480525018132,1.6379603247607464,-18.05355297489014,0.773992306547733,7.984968655866815,78,52,26,66.66666666666666,224.49729829917356,-191.82058529090335,893.4242968500167,-605.1741481434069,2.3407007955763945,13.23076923076923,28,45,62.22222222222222,6.5173180534596975,-5.831950463095803,1.086625329724799,0.9958855650113684,30,
14,45,0.45,0.5,-0.5,5,45,5,10000,16439.391203618718,6439.391203618718,64.39391203618717,13.969413462759528,1.4295480525018132,1.6379603247607464,-18.05355297489014,0.773992306547733,7.984968655866815,78,52,26,66.66666666666666,224.49729829917356,-191.82058529090335,893.4242968500167,-605.1741481434069,2.3407007955763945,13.23076923076923,28,45,62.22222222222222,6.5173180534596975,-5.831950463095803,1.086625329724799,1.0564374113096164,57,
14,45,0.45,0.5,-0.5,10,40,5,10000,16439.391203618718,6439.391203618718,64.39391203618717,13.969413462759528,1.4295480525018132,1.6379603247607464,-18.05355297489014,0.773992306547733,7.984968655866815,78,52,26,66.66666666666666,224.49729829917356,-191.82058529090335,893.4242968500167,-605.1741481434069,2.3407007955763945,13.23076923076923,28,45,62.22222222222222,6.5173180534596975,-5.831950463095803,1.086625329724799,1.0048186293258907,69,
14,45,0.45,0.5,-0.5,5,35,5,10000,16439.391203618718,6439.391203618718,64.39391203618717,13.969413462759528,1.4295480525018132,1.6379603247607464,-18.05355297489014,0.773992306547733,7.984968655866815,78,52,26,66.66666666666666,224.49729829917356,-191.82058529090335,893.4242968500167,-605.1741481434069,2.3407007955763945,13.23076923076923,28,45,62.22222222222222,6.5173180534596975,-5.831950463095803,1.086625329724799,1.1765565574780448,82,
14,45,0.45,0.6,-0.5,10,45,5,10000,16439.391203618718,6439.391203618718,64.39391203618717,13.969413462759528,1.4295480525018132,1.6379603247607464,-18.05355297489014,0.773992306547733,7.984968655866815,78,52,26,66.66666666666666,224.49729829917356,-191.82058529090335,893.4242968500167,-605.1741481434069,2.3407007955763945,13.23076923076923,28,45,62.22222222222222,6.5173180534596975,-5.831950463095803,1.086625329724799,1.0277956047373955,39,
14,45,0.45,0.6,-0.5,10,40,5,10000,16439.391203618718,6439.391203618718,64.39391203618717,13.969413462759528,1.4295480525018132,1.6379603247607464,-18.05355297489014,0.773992306547733,7.984968655866815,78,52,26,66.66666666666666,224.49729829917356,-191.82058529090335,893.4242968500167,-605.1741481434069,2.3407007955763945,13.23076923076923,28,45,62.22222222222222,6.5173180534596975,-5.831950463095803,1.086625329724799,1.0285879864246332,32,
14,45,0.45,0.5,-0.5,10,45,5,10000,16439.391203618718,6439.391203618718,64.39391203618717,13.969413462759528,1.4295480525018132,1.6379603247607464,-18.05355297489014,0.773992306547733,7.984968655866815,78,52,26,66.66666666666666,224.49729829917356,-191.82058529090335,893.4242968500167,-605.1741481434069,2.3407007955763945,13.23076923076923,28,45,62.22222222222222,6.5173180534596975,-5.831950463095803,1.086625329724799,0.9976276896688159,63,
14,45,0.45,0.5,-0.5,10,50,5,10000,16439.391203618718,6439.391203618718,64.39391203618717,13.969413462759528,1.4295480525018132,1.6379603247607464,-18.05355297489014,0.773992306547733,7.984968655866815,78,52,26,66.66666666666666,224.49729829917356,-191.82058529090335,893.4242968500167,-605.1741481434069,2.3407007955763945,13.23076923076923,28,45,62.22222222222222,6.5173180534596975,-5.831950463095803,1.086625329724799,0.9871263885505301,40,
14,45,0.45,0.6,-0.5,10,40,5,10000,16439.391203618718,6439.391203618718,64.39391203618717,13.969413462759528,1.4295480525018105,1.6379603247607464,-18.05355297489014,0.773992306547733,7.984968655866828,78,52,26,66.66666666666666,224.4972982991736,-191.82058529090327,893.4242968500167,-605.1741481434069,2.3407007955763945,13.23076923076923,28,45,62.22222222222222,6.5173180534596975,-5.831950463095803,1.086625329724799,1.1944083384345503,10,
14,45,0.45,0.5,-0.5,10,45,5,10000,16439.391203618718,6439.391203618718,64.39391203618717,13.969413462759528,1.4295480525018105,1.6379603247607464,-18.05355297489014,0.773992306547733,7.984968655866828,78,52,26,66.66666666666666,224.4972982991736,-191.82058529090327,893.4242968500167,-605.1741481434069,2.3407007955763945,13.23076923076923,28,45,62.22222222222222,6.5173180534596975,-5.831950463095803,1.086625329724799,0.9830343906070332,16,
14,45,0.45,0.5,-0.5,10,50,5,10000,16439.391203618718,6439.391203618718,64.39391203618717,13.969413462759528,1.4295480525018105,1.6379603247607464,-18.05355297489014,0.773992306547733,7.984968655866828,78,52,26,66.66666666666666,224.4972982991736,-191.82058529090327,893.4242968500167,-605.1741481434069,2.3407007955763945,13.23076923076923,28,45,62.22222222222222,6.5173180534596975,-5.831950463095803,1.086625329724799,0.9483548759381298,12,
14,45,0.45,0.5,-0.5,10,40,5,10000,16439.391203618718,6439.391203618718,64.39391203618717,13.969413462759528,1.4295480525018105,1.6379603247607464,-18.05355297489014,0.773992306547733,7.984968655866828,78,52,26,66.66666666666666,224.4972982991736,-191.82058529090327,893.4242968500167,-605.1741481434069,2.3407007955763945,13.23076923076923,28,45,62.22222222222222,6.5173180534596975,-5.831950463095803,1.086625329724799,1.127740025406761,14,
14,45,0.45,0.6,-0.5,10,45,5,10000,16439.391203618718,6439.391203618718,64.39391203618717,13.969413462759528,1.4295480525018105,1.6379603247607464,-18.05355297489014,0.773992306547733,7.984968655866828,78,52,26,66.66666666666666,224.4972982991736,-191.82058529090327,893.4242968500167,-605.1741481434069,2.3407007955763945,13.23076923076923,28,45,62.22222222222222,6.5173180534596975,-5.831950463095803,1.086625329724799,0.9903561065302812,12,
14,42,0.45,0.4,-0.3,5,25,5,10000,16445.582788483563,6445.5827884835635,64.45582788483564,13.980703079071644,1.4266944468410225,1.6415198843582683,-14.847843123811256,0.9415982484790001,8.006717102654543,82,54,28,65.85365853658537,232.32859674920473,-208.38672662852397,522.9386819610947,-622.2403912643471,2.1501479531819583,12.865853658536585,27,45,60.0,6.5126661145631815,-4.529041934217659,1.0843699150640984,1.2050865631214676,69,
14,39,0.45,0.30000000000000004,-0.4,10,30,5,10000,17131.60247162067,7131.60247162067,71.3160247162067,15.212631750400686,1.4235708963346059,1.5742999531059665,-15.464554457528406,0.9837096692426803,8.829525178413938,97,66,31,68.04123711340206,216.09204878760934,-218.73649217303776,582.4568050094487,-720.6361003691791,2.103293044564884,12.29896907216495,27,45,60.0,6.334120544720689,-6.42894568684147,1.1013563408016924,1.1206954397586049,429,
14,45,0.45,0.5,-0.4,10,45,5,10000,16462.27100257639,6462.271002576392,64.62271002576392,14.011116455307503,1.4170580637080628,1.5607491991234426,-17.878758185408675,0.7838920008776472,8.087334902634687,78,52,26,66.66666666666666,224.4972982991736,-190.9405930233005,893.4242968500167,-582.2943491857332,2.351488436738836,13.192307692307692,28,45,62.22222222222222,6.50554091322606,-5.631534211780743,1.0893595029738667,0.9812781747164484,19,
14,45,0.45,0.6,-0.4,10,50,5,10000,16462.27100257639,6462.271002576392,64.62271002576392,14.011116455307505,1.4170580637080628,1.5607491991234432,-17.878758185408675,0.7838920008776472,8.087334902634687,78,52,26,66.66666666666666,224.49729829917356,-190.9405930233005,893.4242968500167,-582.2943491857332,2.351488436738836,13.192307692307692,28,45,62.22222222222222,6.50554091322606,-5.6315342117807425,1.0893595029738667,1.004042762504268,31,
14,45,0.45,0.5,-0.4,10,45,5,10000,16462.27100257639,6462.271002576392,64.62271002576392,14.011116455307505,1.4170580637080628,1.5607491991234432,-17.878758185408675,0.7838920008776472,8.087334902634687,78,52,26,66.66666666666666,224.49729829917356,-190.9405930233005,893.4242968500167,-582.2943491857332,2.351488436738836,13.192307692307692,28,45,62.22222222222222,6.50554091322606,-5.6315342117807425,1.0893595029738667,0.9964587805914451,66,
14,45,0.45,0.4,-0.5,10,35,5,10000,16263.62302219498,6263.623022194981,62.63623022194981,13.647605984288358,1.4059846956730495,1.5979297950642481,-18.05355297489014,0.7561665364941148,7.913388930373308,79,53,26,67.08860759493672,216.96964773836396,-191.82058529090335,522.9386819610947,-605.1741481434069,2.3057185507877698,13.151898734177216,28,45,62.22222222222222,6.5173180534596975,-5.831950463095803,1.0617046928633356,1.279693731192597,292,
14,45,0.45,0.4,-0.5,5,55,5,10000,16263.62302219498,6263.623022194981,62.63623022194981,13.647605984288358,1.4059846956730495,1.5979297950642481,-18.05355297489014,0.7561665364941148,7.913388930373308,79,53,26,67.08860759493672,216.96964773836396,-191.82058529090335,522.9386819610947,-605.1741481434069,2.3057185507877698,13.151898734177216,28,45,62.22222222222222,6.5173180534596975,-5.831950463095803,1.0617046928633356,1.0476347427477894,16,
14,45,0.45,0.4,-0.5,10,40,5,10000,16263.62302219498,6263.623022194981,62.63623022194981,13.647605984288358,1.4059846956730495,1.5979297950642481,-18.05355297489014,0.7561665364941148,7.913388930373308,79,53,26,67.08860759493672,216.96964773836396,-191.82058529090335,522.9386819610947,-605.1741481434069,2.3057185507877698,13.151898734177216,28,45,62.22222222222222,6.5173180534596975,-5.831950463095803,1.0617046928633356,1.2058617393257327,178,
14,45,0.45,0.30000000000000004,-0.4,10,25,5,10000,16334.010198625949,6334.010198625949,63.34010198625949,13.776781489471057,1.4054141954291013,1.4758646870774608,-20.29285167831245,0.6788982498795227,8.000481464915115,87,62,25,71.26436781609196,188.51751066934307,-204.06969489994063,522.9386819610947,-582.2943491857332,2.2909988016065133,12.885057471264368,29,45,64.44444444444444,5.903926680238802,-6.138918952970052,1.0628826204243085,1.1983198733685938,299,
14,45,0.45,0.4,-0.4,10,40,5,10000,16286.502821152655,6286.502821152655,62.86502821152655,13.689640420395065,1.3935399879844423,1.522689295156421,-17.878758185408675,0.7659104931155586,8.016879454098598,79,53,26,67.08860759493672,216.96964773836396,-190.9405930233005,522.9386819610947,-582.2943491857332,2.316344968480492,13.113924050632912,28,45,62.22222222222222,6.50554091322606,-5.6315342117807425,1.0644751914137227,1.2015184500225082,181,
14,45,0.45,0.4,-0.4,10,40,5,10000,16286.502821152657,6286.502821152655,62.86502821152655,13.689640420395063,1.393539987984441,1.522689295156421,-17.878758185408675,0.7659104931155586,8.016879454098607,79,53,26,67.08860759493672,216.969647738364,-190.9405930233005,522.9386819610947,-582.2943491857332,2.316344968480492,13.113924050632912,28,45,62.22222222222222,6.50554091322606,-5.631534211780743,1.0644751914137227,0.9947634170099738,11,
14,42,0.45,0.2,-0.5,10,25,5,10000,15764.224875986367,5764.224875986367,57.64224875986367,12.719068468009986,1.3925499121628424,1.5693164478173656,-14.804677447974013,0.8591249969954977,7.36720855440218,90,64,26,71.11111111111111,172.28314974004348,-193.6634264439223,385.87989058596577,-566.9336698550652,2.189786719914848,11.922222222222222,26,45,57.77777777777777,6.3657003298255965,-4.662279507962486,0.9777736476386328,1.081187051320041,250,
14,42,0.45,0.2,-0.5,5,25,5,10000,15764.224875986367,5764.224875986367,57.64224875986367,12.719068468009986,1.3925499121628424,1.5693164478173656,-14.804677447974013,0.8591249969954977,7.36720855440218,90,64,26,71.11111111111111,172.28314974004348,-193.6634264439223,385.87989058596577,-566.9336698550652,2.189786719914848,11.922222222222222,26,45,57.77777777777777,6.3657003298255965,-4.662279507962486,0.9777736476386328,1.1626854708504581,222,
14,42,0.45,0.2,-0.4,10,25,5,10000,15775.664775465202,5775.664775465202,57.75664775465202,12.740579731169777,1.3902736148804404,1.5462815393148248,-14.714486238041241,0.8658528422305131,7.394509438142537,90,64,26,71.11111111111111,172.28314974004348,-193.2234303101209,385.87989058596577,-566.9336698550652,2.1947731632724974,11.88888888888889,26,45,57.77777777777777,6.360603383327312,-4.662279507962486,0.979271501266886,1.0801397004288043,253,
14,42,0.45,0.30000000000000004,-0.5,5,25,5,10000,16237.310986375967,6237.310986375967,62.373109863759666,13.599211982015413,1.358718928812808,1.4660758584305797,-20.290864549782857,0.6702135312495073,8.17014947793943,84,59,25,70.23809523809523,199.1180349018919,-210.22879929843356,522.9386819610947,-605.1741481434069,2.235272065181634,12.833333333333334,28,45,62.22222222222222,5.566495361793389,-5.858598224899936,1.0509554222128232,1.2206402018027362,325,
14,42,0.45,0.30000000000000004,-0.5,10,25,5,10000,16237.310986375967,6237.310986375967,62.373109863759666,13.599211982015413,1.358718928812808,1.4660758584305797,-20.290864549782857,0.6702135312495073,8.17014947793943,84,59,25,70.23809523809523,199.1180349018919,-210.22879929843356,522.9386819610947,-605.1741481434069,2.235272065181634,12.833333333333334,28,45,62.22222222222222,5.566495361793389,-5.858598224899936,1.0509554222128232,1.1428214742113985,362,
14,36,0.45,0.30000000000000004,-0.3,10,30,5,10000,16925.576158897977,6925.576158897977,69.25576158897977,14.846536974258084,1.3556135660042976,1.4612916970440972,-18.512378371822702,0.8019789070893064,9.051672553650121,84,59,25,70.23809523809523,230.06966304624183,-252.0596987933165,582.4568050094487,-587.5130912594274,2.1541103452414654,11.988095238095237,26,45,57.77777777777777,6.74153525674257,-6.36722920215862,1.0776695221094055,0.6433081627507904,30,
14,36,0.45,0.5,-0.5,5,30,5,10000,17266.39597375318,7266.39597375318,72.6639597375318,15.450398367231388,1.3465867644552514,1.5846492475942897,-20.1778436112856,0.7657110772030109,9.535033503509704,80,54,26,67.5,255.56614780079423,-238.4667121727816,1080.3241664003092,-538.4934078233294,2.2258504141375397,13.1625,26,45,57.77777777777777,7.2935226726985825,-6.7169789111907185,1.1318640534452846,0.9164531835160366,39,
14,42,0.45,0.30000000000000004,-0.4,5,25,5,10000,16238.337329347376,6238.337329347376,62.38337329347377,13.601100750116668,1.341751226150886,1.4002303899092179,-20.120014950407334,0.675998540937531,8.281904744907632,83,58,25,69.87951807228916,202.49625100839276,-210.0604855505835,522.9386819610947,-582.2943491857332,2.2364572809022825,12.819277108433734,28,45,62.22222222222222,5.566495361793389,-5.794238241043825,1.0506666231240556,1.2183057508836475,331,
14,42,0.45,0.30000000000000004,-0.4,10,25,5,10000,16238.337329347376,6238.337329347376,62.38337329347377,13.601100750116668,1.341751226150886,1.4002303899092179,-20.120014950407334,0.675998540937531,8.281904744907632,83,58,25,69.87951807228916,202.49625100839276,-210.0604855505835,522.9386819610947,-582.2943491857332,2.2364572809022825,12.819277108433734,28,45,62.22222222222222,5.566495361793389,-5.794238241043825,1.0506666231240556,1.1329076849210702,371,
14,36,0.45,0.5,-0.5,10,50,5,10000,17260.3189031826,7260.3189031826,72.603189031826,15.43970832596775,1.339611583737314,1.5828323214355309,-20.1870471026145,0.7648324317808768,9.581026904917737,76,50,26,65.78947368421053,274.4309960764829,-235.71113114015984,1080.3241664003092,-538.4934078233294,2.2389774847666537,13.171052631578949,26,45,57.77777777777777,7.296953215152868,-6.720326184689595,1.1321957086966654,0.9800686446112112,4,
14,36,0.45,0.5,-0.5,10,50,5,10000,17260.3189031826,7260.3189031826005,72.603189031826,15.43970832596775,1.3396115837373137,1.582832321435531,-20.1870471026145,0.7648324317808768,9.581026904917737,76,50,26,65.78947368421053,274.4309960764829,-235.71113114015984,1080.3241664003092,-538.4934078233294,2.2389774847666537,13.171052631578947,26,45,57.77777777777777,7.296953215152868,-6.720326184689595,1.1321957086966654,0.6708871539864995,9,
14,39,0.45,0.4,-0.4,10,30,5,10000,16850.239684068503,6850.239684068503,68.50239684068504,14.711849158007851,1.3371416827019431,1.5154871085121062,-15.834539648138005,0.9290986340570898,9.091444579697445,101,66,35,65.34653465346535,216.78048736231005,-203.29802830990292,649.7757144358192,-720.6361003691791,2.01077238811224,12.94059405940594,26,45,57.77777777777777,6.231646675990765,-6.597096445348893,1.0753662912338426,1.1971009159423018,377,
14,42,0.45,0.5,-0.5,10,50,5,10000,15954.883753245256,5954.883753245256,59.54883753245256,13.076086849370917,1.3364824163957898,1.5472240074939116,-18.070103433667253,0.7238449958032329,7.949148566089797,88,57,31,64.77272727272727,201.96628365358316,-172.54021919917903,893.4242968500167,-605.1741481434069,2.15229447365877,13.238636363636363,27,45,60.0,6.204963433768795,-5.8330573690838055,1.0183862789308062,0.9607466755409642,45,
14,42,0.45,0.6,-0.5,10,55,5,10000,15954.883753245256,5954.883753245256,59.54883753245256,13.076086849370917,1.3364824163957898,1.5472240074939116,-18.070103433667253,0.7238449958032329,7.949148566089797,88,57,31,64.77272727272727,201.96628365358316,-172.54021919917903,893.4242968500167,-605.1741481434069,2.15229447365877,13.238636363636363,27,45,60.0,6.204963433768795,-5.8330573690838055,1.0183862789308062,0.9447060751147973,15,
14,42,0.45,0.6,-0.5,10,40,5,10000,15954.883753245256,5954.883753245256,59.54883753245256,13.076086849370917,1.3364824163957898,1.5472240074939116,-18.070103433667253,0.7238449958032329,7.949148566089797,88,57,31,64.77272727272727,201.96628365358316,-172.54021919917903,893.4242968500167,-605.1741481434069,2.15229447365877,13.238636363636363,27,45,60.0,6.204963433768795,-5.8330573690838055,1.0183862789308062,1.0503204287371717,34,
14,42,0.45,0.6,-0.5,10,55,5,10000,15954.883753245256,5954.883753245256,59.54883753245256,13.076086849370917,1.3364824163957882,1.5472240074939116,-18.070103433667253,0.7238449958032329,7.949148566089809,88,57,31,64.77272727272727,201.9662836535832,-172.54021919917903,893.4242968500167,-605.1741481434069,2.15229447365877,13.238636363636363,27,45,60.0,6.204963433768795,-5.8330573690838055,1.0183862789308062,0.7122481990092018,6,
14,45,0.45,0.2,-0.5,5,25,5,10000,15426.463761685272,5426.463761685272,54.26463761685273,12.07870356415841,1.3364698389315444,1.520043613559108,-15.115369906292099,0.799100758965243,7.242561271468624,96,68,28,70.83333333333334,153.56497856046818,-171.4181128782912,385.87989058596577,-566.9336698550652,2.1756365946341454,12.041666666666666,26,45,57.77777777777777,6.523609378547124,-4.705976156117353,0.9272877329278104,1.2293858112487182,178,
14,45,0.45,0.2,-0.5,10,25,5,10000,15426.463761685272,5426.463761685272,54.26463761685273,12.07870356415841,1.3364698389315444,1.520043613559108,-15.115369906292099,0.799100758965243,7.242561271468624,96,68,28,70.83333333333334,153.56497856046818,-171.4181128782912,385.87989058596577,-566.9336698550652,2.1756365946341454,12.041666666666666,26,45,57.77777777777777,6.523609378547124,-4.705976156117353,0.9272877329278104,1.146517851288725,199,
14,45,0.45,0.2,-0.4,10,25,5,10000,15437.903661164108,5437.903661164108,54.37903661164108,12.100560804004923,1.3342319423503235,1.4962367635832485,-15.024572755474686,0.80538468553761,7.270935276508478,96,68,28,70.83333333333334,153.56497856046818,-171.00954503976132,385.87989058596577,-566.9336698550652,2.1808345216895595,12.010416666666666,26,45,57.77777777777777,6.5182565298756545,-4.705976156117353,0.9288204222729618,1.1442358108165023,202,
14,45,0.45,0.6,-0.5,5,45,8,10000,13911.237991087513,3911.2379910875134,39.112379910875134,9.07170052526245,1.3139508237529172,1.5300143888958975,-10.498530830871669,0.8644476851088311,5.199995191278204,140,99,41,70.71428571428572,82.50184496523748,-96.55474781636616,319.92556781093026,-412.0224728608678,2.0632001687592343,7.0,27,45,60.0,5.947126384103707,-3.348555606056214,0.7067175726288778,1.2038491974063814,29,
14,45,0.45,0.4,-0.4,10,40,8,10000,13911.237991087513,3911.2379910875134,39.112379910875134,9.07170052526245,1.3139508237529172,1.5300143888958975,-10.498530830871669,0.8644476851088311,5.199995191278204,140,99,41,70.71428571428572,82.50184496523748,-96.55474781636616,319.92556781093026,-412.0224728608678,2.0632001687592343,7.0,27,45,60.0,5.947126384103707,-3.348555606056214,0.7067175726288778,1.26673959933165,157,
14,45,0.45,0.6,-0.5,10,35,8,10000,13911.237991087513,3911.2379910875134,39.112379910875134,9.07170052526245,1.3139508237529172,1.5300143888958975,-10.498530830871669,0.8644476851088311,5.199995191278204,140,99,41,70.71428571428572,82.50184496523748,-96.55474781636616,319.92556781093026,-412.0224728608678,2.0632001687592343,7.0,27,45,60.0,5.947126384103707,-3.348555606056214,0.7067175726288778,1.3914055515171284,27,
14,45,0.45,0.4,-0.5,5,35,8,10000,13911.237991087513,3911.2379910875134,39.112379910875134,9.07170052526245,1.3139508237529172,1.5300143888958975,-10.498530830871669,0.8644476851088311,5.199995191278204,140,99,41,70.71428571428572,82.50184496523748,-96.55474781636616,319.92556781093026,-412.0224728608678,2.0632001687592343,7.0,27,45,60.0,5.947126384103707,-3.348555606056214,0.7067175726288778,1.4606702216073892,230,
14,45,0.45,0.4,-0.5,5,45,8,10000,13911.237991087513,3911.2379910875134,39.112379910875134,9.07170052526245,1.3139508237529172,1.5300143888958975,-10.498530830871669,0.8644476851088311,5.199995191278204,140,99,41,70.71428571428572,82.50184496523748,-96.55474781636616,319.92556781093026,-412.0224728608678,2.0632001687592343,7.0,27,45,60.0,5.947126384103707,-3.348555606056214,0.7067175726288778,1.3214435661851662,87,
14,45,0.45,0.5,-0.5,10,50,8,10000,13911.237991087513,3911.2379910875134,39.112379910875134,9.07170052526245,1.3139508237529172,1.5300143888958975,-10.498530830871669,0.8644476851088311,5.199995191278204,140,99,41,70.71428571428572,82.50184496523748,-96.55474781636616,319.92556781093026,-412.0224728608678,2.0632001687592343,7.0,27,45,60.0,5.947126384103707,-3.348555606056214,0.7067175726288778,1.0537630073051343,34,
14,45,0.45,0.6,-0.5,5,45,8,10000,13911.237991087512,3911.237991087514,39.112379910875134,9.07170052526245,1.3139508237529156,1.5300143888958977,-10.498530830871667,0.8644476851088311,5.199995191278208,140,99,41,70.71428571428572,82.50184496523748,-96.55474781636616,319.92556781093026,-412.0224728608678,2.0632001687592343,7.0,27,45,60.0,5.947126384103707,-3.348555606056214,0.7067175726288778,1.196477755712268,8,
14,45,0.45,0.6,-0.5,10,35,8,10000,13911.237991087512,3911.237991087514,39.112379910875134,9.07170052526245,1.3139508237529156,1.5300143888958977,-10.498530830871667,0.8644476851088311,5.199995191278208,140,99,41,70.71428571428572,82.50184496523748,-96.55474781636616,319.92556781093026,-412.0224728608678,2.0632001687592343,7.0,27,45,60.0,5.947126384103707,-3.348555606056214,0.7067175726288778,1.146160166154563,4,
14,45,0.45,0.4,-0.4,10,40,8,10000,13911.237991087512,3911.237991087514,39.112379910875134,9.07170052526245,1.3139508237529156,1.5300143888958977,-10.498530830871667,0.8644476851088311,5.199995191278208,140,99,41,70.71428571428572,82.50184496523748,-96.55474781636616,319.92556781093026,-412.0224728608678,2.0632001687592343,7.0,27,45,60.0,5.947126384103707,-3.348555606056214,0.7067175726288778,1.1830778696866673,9,
14,45,0.45,0.6,-0.4,5,25,8,10000,13893.851524054426,3893.8515240544257,38.938515240544255,9.035825453395297,1.311221131343063,1.507898651732569,-10.51326718332621,0.8594688307480571,5.1823923748384795,139,98,41,70.50359712230215,83.15302229107577,-96.55474781636616,319.92556781093026,-412.0224728608678,2.058479867594152,6.985611510791367,27,45,60.0,5.956454844840509,-3.3533265733561746,0.6992024130103811,1.6088750407521024,29,
14,45,0.45,0.4,-0.5,10,25,8,10000,13893.851524054426,3893.8515240544257,38.938515240544255,9.035825453395297,1.311221131343063,1.507898651732569,-10.51326718332621,0.8594688307480571,5.1823923748384795,139,98,41,70.50359712230215,83.15302229107577,-96.55474781636616,319.92556781093026,-412.0224728608678,2.058479867594152,6.985611510791367,27,45,60.0,5.956454844840509,-3.3533265733561746,0.6992024130103811,1.3819768461244755,231,
14,36,0.45,0.4,-0.5,10,30,5,10000,17005.66125145219,7005.661251452191,70.05661251452192,14.989230865848558,1.3105464692026665,1.5321579693443823,-20.1778436112856,0.7428559341923427,9.488046232542189,81,55,26,67.90123456790124,246.22613198076178,-238.4667121727816,658.6162213649197,-538.4934078233294,2.1842166848024176,13.08641975308642,26,45,57.77777777777777,7.2935226726985825,-6.7169789111907185,1.0963851823546202,0.8378355936139761,90,
14,42,0.45,0.4,-0.5,5,40,5,10000,15768.222952262367,5768.2229522623675,57.68222952262367,12.726587644785115,1.3095009953619634,1.5024703087601476,-18.070103433667253,0.7045030391614494,7.871577017407519,89,58,31,65.1685393258427,195.2882304701957,-172.54021919917903,522.9386819610947,-605.1741481434069,2.117639477249122,13.168539325842696,27,45,60.0,6.204963433768795,-5.8330573690838055,0.9910073493531958,1.193600764708529,203,
14,42,0.45,0.4,-0.5,10,40,5,10000,15768.222952262367,5768.2229522623675,57.68222952262367,12.726587644785115,1.3095009953619634,1.5024703087601476,-18.070103433667253,0.7045030391614494,7.871577017407519,89,58,31,65.1685393258427,195.2882304701957,-172.54021919917903,522.9386819610947,-605.1741481434069,2.117639477249122,13.168539325842696,27,45,60.0,6.204963433768795,-5.8330573690838055,0.9910073493531958,1.1310473132990198,222,
14,42,0.45,0.4,-0.5,5,45,5,10000,15768.222952262367,5768.2229522623675,57.68222952262367,12.726587644785115,1.3095009953619634,1.5024703087601476,-18.070103433667253,0.7045030391614494,7.871577017407519,89,58,31,65.1685393258427,195.2882304701957,-172.54021919917903,522.9386819610947,-605.1741481434069,2.117639477249122,13.168539325842696,27,45,60.0,6.204963433768795,-5.8330573690838055,0.9910073493531958,1.1842553543955783,123,
14,42,0.45,0.4,-0.5,10,45,5,10000,15768.222952262367,5768.2229522623675,57.68222952262367,12.726587644785115,1.3095009953619634,1.5024703087601476,-18.070103433667253,0.7045030391614494,7.871577017407519,89,58,31,65.1685393258427,195.2882304701957,-172.54021919917903,522.9386819610947,-605.1741481434069,2.117639477249122,13.168539325842696,27,45,60.0,6.204963433768795,-5.8330573690838055,0.9910073493531958,1.131190075346665,130,
14,42,0.45,0.4,-0.5,5,35,5,10000,15768.222952262367,5768.2229522623675,57.68222952262367,12.726587644785115,1.3095009953619634,1.5024703087601476,-18.070103433667253,0.7045030391614494,7.871577017407519,89,58,31,65.1685393258427,195.2882304701957,-172.54021919917903,522.9386819610947,-605.1741481434069,2.117639477249122,13.168539325842696,27,45,60.0,6.204963433768795,-5.8330573690838055,0.9910073493531958,1.276016796277886,325,
14,42,0.45,0.4,-0.5,10,35,5,10000,15768.222952262367,5768.2229522623675,57.68222952262367,12.726587644785115,1.3095009953619634,1.5024703087601476,-18.070103433667253,0.7045030391614494,7.871577017407519,89,58,31,65.1685393258427,195.2882304701957,-172.54021919917903,522.9386819610947,-605.1741481434069,2.117639477249122,13.168539325842696,27,45,60.0,6.204963433768795,-5.8330573690838055,0.9910073493531958,1.1932431212571377,362,
14,42,0.45,0.4,-0.5,10,45,5,10000,15768.222952262367,5768.222952262368,57.68222952262367,12.726587644785116,1.3095009953619623,1.5024703087601476,-18.070103433667253,0.7045030391614494,7.871577017407523,89,58,31,65.1685393258427,195.2882304701957,-172.54021919917903,522.9386819610947,-605.1741481434069,2.117639477249122,13.168539325842696,27,45,60.0,6.204963433768795,-5.8330573690838055,0.9910073493531958,1.021039855532449,13,
14,39,0.45,0.2,-0.5,10,30,5,10000,16151.7664243724,6151.766424372399,61.51766424372399,13.441475012269354,1.308809184650804,1.5031189974505794,-16.67123239230449,0.8062676289291003,8.38880276650258,101,72,29,71.28712871287128,172.94733009824256,-205.37930523116245,568.4996149245552,-504.44939078645007,2.0906998114701962,11.326732673267326,27,45,60.0,6.106160502910818,-6.394639431051008,1.0155652431965938,1.0792145877314474,308,
14,39,0.45,0.2,-0.5,5,30,5,10000,16151.7664243724,6151.766424372399,61.51766424372399,13.441475012269354,1.308809184650804,1.5031189974505794,-16.67123239230449,0.8062676289291003,8.38880276650258,101,72,29,71.28712871287128,172.94733009824256,-205.37930523116245,568.4996149245552,-504.44939078645007,2.0906998114701962,11.326732673267326,27,45,60.0,6.106160502910818,-6.394639431051008,1.0155652431965938,1.1740145755308158,271,
14,39,0.45,0.2,-0.5,10,40,5,10000,16151.7664243724,6151.766424372399,61.51766424372399,13.441475012269354,1.308809184650804,1.5031189974505794,-16.67123239230449,0.8062676289291003,8.38880276650258,101,72,29,71.28712871287128,172.94733009824256,-205.37930523116245,568.4996149245552,-504.44939078645007,2.0906998114701962,11.326732673267326,27,45,60.0,6.106160502910818,-6.394639431051008,1.0155652431965938,1.1244407873378517,178,
14,39,0.45,0.2,-0.5,5,35,5,10000,16151.7664243724,6151.766424372399,61.51766424372399,13.441475012269354,1.308809184650804,1.5031189974505794,-16.67123239230449,0.8062676289291003,8.38880276650258,101,72,29,71.28712871287128,172.94733009824256,-205.37930523116245,568.4996149245552,-504.44939078645007,2.0906998114701962,11.326732673267326,27,45,60.0,6.106160502910818,-6.394639431051008,1.0155652431965938,1.2602668369573742,264,
14,39,0.45,0.2,-0.5,10,35,5,10000,16151.7664243724,6151.766424372399,61.51766424372399,13.441475012269354,1.308809184650804,1.5031189974505794,-16.67123239230449,0.8062676289291003,8.38880276650258,101,72,29,71.28712871287128,172.94733009824256,-205.37930523116245,568.4996149245552,-504.44939078645007,2.0906998114701962,11.326732673267326,27,45,60.0,6.106160502910818,-6.394639431051008,1.0155652431965938,1.173849839417381,294,
14,39,0.45,0.2,-0.5,5,40,5,10000,16151.7664243724,6151.766424372399,61.51766424372399,13.441475012269354,1.308809184650804,1.5031189974505794,-16.67123239230449,0.8062676289291003,8.38880276650258,101,72,29,71.28712871287128,172.94733009824256,-205.37930523116245,568.4996149245552,-504.44939078645007,2.0906998114701962,11.326732673267326,27,45,60.0,6.106160502910818,-6.394639431051008,1.0155652431965938,1.2142559605978156,159,
14,45,0.45,0.30000000000000004,-0.5,10,25,5,10000,15843.133156822716,5843.133156822716,58.431331568227165,12.86721208395003,1.302401988042054,1.4240547185246055,-20.463649092291938,0.628783851106826,8.016677788255624,82,57,25,69.51219512195121,198.99633747447967,-211.49241837552657,522.9386819610947,-605.1741481434069,2.1452856462977405,12.878048780487806,29,45,64.44444444444444,5.637782790707813,-6.138918952970052,0.993606639845668,1.2101947576886365,292,
14,42,0.45,0.4,-0.4,5,45,5,10000,15791.102751220042,5791.102751220042,57.91102751220042,12.769590647040863,1.298282872775217,1.4315431961977358,-17.89530864418579,0.7137874799408948,7.975724854467822,89,58,31,65.1685393258427,195.2882304701957,-171.80216116828632,522.9386819610947,-582.2943491857332,2.12673680647997,13.134831460674157,27,45,60.0,6.204963433768795,-5.632603078702725,0.9938814717146346,1.1789029445131778,125,
14,42,0.45,0.4,-0.4,10,35,5,10000,15791.102751220042,5791.102751220042,57.91102751220042,12.769590647040863,1.298282872775217,1.4315431961977358,-17.89530864418579,0.7137874799408948,7.975724854467822,89,58,31,65.1685393258427,195.2882304701957,-171.80216116828632,522.9386819610947,-582.2943491857332,2.12673680647997,13.134831460674157,27,45,60.0,6.204963433768795,-5.632603078702725,0.9938814717146346,1.1864365524022875,369,
14,42,0.45,0.4,-0.4,5,40,5,10000,15791.102751220042,5791.102751220042,57.91102751220042,12.769590647040863,1.298282872775217,1.4315431961977358,-17.89530864418579,0.7137874799408948,7.975724854467822,89,58,31,65.1685393258427,195.2882304701957,-171.80216116828632,522.9386819610947,-582.2943491857332,2.12673680647997,13.134831460674157,27,45,60.0,6.204963433768795,-5.632603078702725,0.9938814717146346,1.1899631315044898,206,
14,42,0.45,0.4,-0.4,10,40,5,10000,15791.102751220042,5791.102751220042,57.91102751220042,12.769590647040863,1.298282872775217,1.4315431961977358,-17.89530864418579,0.7137874799408948,7.975724854467822,89,58,31,65.1685393258427,195.2882304701957,-171.80216116828632,522.9386819610947,-582.2943491857332,2.12673680647997,13.134831460674157,27,45,60.0,6.204963433768795,-5.632603078702725,0.9938814717146346,1.128550904028782,225,
14,42,0.45,0.4,-0.5,10,35,8,10000,13882.940207540232,3882.940207540232,38.82940207540232,9.013294246186444,1.2979087881001905,1.5086404602223646,-10.170657914635163,0.8865721837227772,5.223901279382237,139,98,41,70.50359712230215,83.67228012334124,-97.93520108651744,319.92556781093026,-412.0224728608678,2.0421376088389898,6.9928057553956835,26,45,57.77777777777777,5.930519230209463,-3.3433818849799346,0.7021209591302335,1.2814749913216297,312,
14,42,0.45,0.4,-0.5,5,40,8,10000,13882.940207540232,3882.940207540232,38.82940207540232,9.013294246186444,1.2979087881001905,1.5086404602223646,-10.170657914635163,0.8865721837227772,5.223901279382237,139,98,41,70.50359712230215,83.67228012334124,-97.93520108651744,319.92556781093026,-412.0224728608678,2.0421376088389898,6.9928057553956835,26,45,57.77777777777777,5.930519230209463,-3.3433818849799346,0.7021209591302335,1.2485419019310589,178,
14,42,0.45,0.5,-0.5,10,25,8,10000,13869.561914729398,3869.5619147293983,38.69561914729398,8.98565106577962,1.2974283260034194,1.4878617929137534,-10.181648817576985,0.8825339811629855,5.202777848758763,139,98,41,70.50359712230215,83.52250162527147,-97.93520108651744,319.92556781093026,-412.0224728608678,2.03848205764028,6.9640287769784175,26,45,57.77777777777777,5.93765452574182,-3.3470496854737575,0.6952551984802563,1.4023867620427601,138,
14,42,0.45,0.4,-0.4,5,25,8,10000,13869.561914729398,3869.5619147293983,38.69561914729398,8.98565106577962,1.2974283260034194,1.4878617929137534,-10.181648817576985,0.8825339811629855,5.202777848758763,139,98,41,70.50359712230215,83.52250162527147,-97.93520108651744,319.92556781093026,-412.0224728608678,2.03848205764028,6.9640287769784175,26,45,57.77777777777777,5.93765452574182,-3.3470496854737575,0.6952551984802563,1.3896775457305166,259,
14,42,0.45,0.4,-0.5,5,25,8,10000,13869.561914729398,3869.5619147293983,38.69561914729398,8.98565106577962,1.2974283260034194,1.4878617929137534,-10.181648817576985,0.8825339811629855,5.202777848758763,139,98,41,70.50359712230215,83.52250162527147,-97.93520108651744,319.92556781093026,-412.0224728608678,2.03848205764028,6.9640287769784175,26,45,57.77777777777777,5.93765452574182,-3.3470496854737575,0.6952551984802563,1.3943931953434963,254,
14,45,0.45,0.30000000000000004,-0.4,10,50,8,10000,13863.805960240325,3863.8059602403246,38.638059602403246,8.973751656958818,1.2969593752599884,1.5098473123718328,-10.498530830871669,0.8551175969622286,5.1987003076899425,140,99,41,70.71428571428572,82.0227335425386,-96.55474781636616,319.92556781093026,-412.0224728608678,2.0512185849706133,6.985714285714286,27,45,60.0,5.947126384103707,-3.348555606056214,0.6988990018218273,1.0834722528070744,41,
14,45,0.45,0.30000000000000004,-0.5,10,35,8,10000,13863.805960240325,3863.8059602403246,38.638059602403246,8.973751656958818,1.2969593752599884,1.5098473123718328,-10.498530830871669,0.8551175969622286,5.1987003076899425,140,99,41,70.71428571428572,82.0227335425386,-96.55474781636616,319.92556781093026,-412.0224728608678,2.0512185849706133,6.985714285714286,27,45,60.0,5.947126384103707,-3.348555606056214,0.6988990018218273,1.287380889769911,290,
14,45,0.45,0.3,-0.4,10,50,8,10000,13863.805960240325,3863.805960240325,38.638059602403246,8.973751656958818,1.296959375259988,1.5098473123718326,-10.498530830871667,0.8551175969622286,5.198700307689943,140,99,41,70.71428571428572,82.0227335425386,-96.55474781636616,319.92556781093026,-412.0224728608678,2.0512185849706133,6.985714285714286,27,45,60.0,5.947126384103707,-3.348555606056214,0.6988990018218273,1.0211654246196835,5,
14,45,0.45,0.30000000000000004,-0.4,5,25,8,10000,13846.419493207237,3846.419493207237,38.464194932072374,8.93778611637761,1.2941522043068951,1.4878891707060549,-10.51326718332621,0.8501435339294644,5.181086526619862,139,98,41,70.50359712230215,82.66902197630854,-96.55474781636616,319.92556781093026,-412.0224728608678,2.0464982838055312,6.971223021582734,27,45,60.0,5.956454844840509,-3.3533265733561746,0.6913737457848786,1.3659824845630733,235,
14,45,0.45,0.2,-0.5,5,25,8,10000,13858.44058695762,3858.4405869576203,38.5844058695762,8.962656426017146,1.287829099975966,1.4790020861027307,-11.1852989252489,0.8012889495322724,5.226096368998349,138,98,40,71.01449275362319,84.01369459404765,-101.89753708147629,253.42591929007997,-412.0224728608678,2.0200051703981248,6.971014492753623,27,45,60.0,5.950001979934694,-3.3500264528112944,0.694097863524335,1.2974391802166352,155,
14,42,0.45,0.30000000000000004,-0.4,5,40,8,10000,13835.508176693043,3835.5081766930434,38.35508176693043,8.9151980325763,1.2809569114675168,1.4885607978442004,-10.170657914635163,0.876926832435692,5.222602279286272,139,98,41,70.50359712230215,83.188279808574,-97.93520108651744,319.92556781093026,-412.0224728608678,2.0303249123997498,6.9784172661870505,26,45,57.77777777777777,5.930519230209463,-3.3433818849799346,0.6942859423142881,1.2137381821575393,205,
14,42,0.45,0.30000000000000004,-0.5,10,40,8,10000,13835.508176693043,3835.5081766930434,38.35508176693043,8.9151980325763,1.2809569114675168,1.4885607978442004,-10.170657914635163,0.876926832435692,5.222602279286272,139,98,41,70.50359712230215,83.188279808574,-97.93520108651744,319.92556781093026,-412.0224728608678,2.0303249123997498,6.9784172661870505,26,45,57.77777777777777,5.930519230209463,-3.3433818849799346,0.6942859423142881,1.153697872478572,222,
14,42,0.45,0.30000000000000004,-0.4,5,35,8,10000,13835.508176693043,3835.5081766930434,38.35508176693043,8.9151980325763,1.2809569114675168,1.4885607978442004,-10.170657914635163,0.876926832435692,5.222602279286272,139,98,41,70.50359712230215,83.188279808574,-97.93520108651744,319.92556781093026,-412.0224728608678,2.0303249123997498,6.9784172661870505,26,45,57.77777777777777,5.930519230209463,-3.3433818849799346,0.6942859423142881,1.2868840119691036,328,
14,42,0.45,0.30000000000000004,-0.5,10,50,8,10000,13835.508176693043,3835.5081766930434,38.35508176693043,8.9151980325763,1.2809569114675168,1.4885607978442004,-10.170657914635163,0.876926832435692,5.222602279286272,139,98,41,70.50359712230215,83.188279808574,-97.93520108651744,319.92556781093026,-412.0224728608678,2.0303249123997498,6.9784172661870505,26,45,57.77777777777777,5.930519230209463,-3.3433818849799346,0.6942859423142881,1.0531264772509386,49,
14,42,0.45,0.30000000000000004,-0.5,5,40,8,10000,13835.508176693043,3835.5081766930434,38.35508176693043,8.9151980325763,1.2809569114675168,1.4885607978442004,-10.170657914635163,0.876926832435692,5.222602279286272,139,98,41,70.50359712230215,83.188279808574,-97.93520108651744,319.92556781093026,-412.0224728608678,2.0303249123997498,6.9784172661870505,26,45,57.77777777777777,5.930519230209463,-3.3433818849799346,0.6942859423142881,1.21643381936505,202,
14,42,0.45,0.30000000000000004,-0.5,5,35,8,10000,13835.508176693043,3835.5081766930434,38.35508176693043,8.9151980325763,1.2809569114675168,1.4885607978442004,-10.170657914635163,0.876926832435692,5.222602279286272,139,98,41,70.50359712230215,83.188279808574,-97.93520108651744,319.92556781093026,-412.0224728608678,2.0303249123997498,6.9784172661870505,26,45,57.77777777777777,5.930519230209463,-3.3433818849799346,0.6942859423142881,1.2906871527906623,324,
14,42,0.45,0.30000000000000004,-0.5,10,35,8,10000,13835.508176693043,3835.5081766930434,38.35508176693043,8.9151980325763,1.2809569114675168,1.4885607978442004,-10.170657914635163,0.876926832435692,5.222602279286272,139,98,41,70.50359712230215,83.188279808574,-97.93520108651744,319.92556781093026,-412.0224728608678,2.0303249123997498,6.9784172661870505,26,45,57.77777777777777,5.930519230209463,-3.3433818849799346,0.6942859423142881,1.2105797426308433,361,
14,42,0.45,0.30000000000000004,-0.4,10,25,8,10000,13822.12988388221,3822.1298838822095,38.221298838822094,8.887485009922248,1.2803932742779947,1.4679519333560127,-10.181648817576985,0.8728925117294783,5.20146843097126,139,98,41,70.50359712230215,83.03850131050423,-97.93520108651744,319.92556781093026,-412.0224728608678,2.02666936120104,6.9496402877697845,26,45,57.77777777777777,5.93765452574182,-3.3470496854737575,0.6874123824033044,1.2252635128936809,316,
14,42,0.45,0.30000000000000004,-0.5,10,25,8,10000,13822.12988388221,3822.1298838822095,38.221298838822094,8.887485009922248,1.2803932742779947,1.4679519333560127,-10.181648817576985,0.8728925117294783,5.20146843097126,139,98,41,70.50359712230215,83.03850131050423,-97.93520108651744,319.92556781093026,-412.0224728608678,2.02666936120104,6.9496402877697845,26,45,57.77777777777777,5.93765452574182,-3.3470496854737575,0.6874123824033044,1.2382049648870006,309,
14,42,0.45,0.2,-0.5,10,30,8,10000,13828.458426252999,3828.458426252999,38.28458426252999,8.900596995566357,1.2784747726627557,1.4788514308839533,-10.176446660264544,0.8749931670437298,5.2222255862576965,140,98,42,70.0,82.98366235735655,-95.32477344685614,253.42591929007997,-412.0224728608678,2.031251043134628,6.978571428571429,26,45,57.77777777777777,5.934277066930327,-3.3453136461565225,0.691716369150789,1.153920981990517,315,
14,42,0.45,0.2,-0.4,10,30,8,10000,13828.458426252999,3828.458426252999,38.28458426252999,8.900596995566357,1.2784747726627557,1.4788514308839533,-10.176446660264544,0.8749931670437298,5.2222255862576965,140,98,42,70.0,82.98366235735655,-95.32477344685614,253.42591929007997,-412.0224728608678,2.031251043134628,6.978571428571429,26,45,57.77777777777777,5.934277066930327,-3.3453136461565225,0.691716369150789,1.1496350841762812,319,
14,42,0.45,0.2,-0.5,5,30,8,10000,13828.458426252999,3828.458426252999,38.28458426252999,8.900596995566357,1.2784747726627557,1.4788514308839533,-10.176446660264544,0.8749931670437298,5.2222255862576965,140,98,42,70.0,82.98366235735655,-95.32477344685614,253.42591929007997,-412.0224728608678,2.031251043134628,6.978571428571429,26,45,57.77777777777777,5.934277066930327,-3.3453136461565225,0.691716369150789,1.2380571335782153,280,
14,42,0.45,0.2,-0.5,5,45,8,10000,13853.637352233794,3853.6373522337944,38.536373522337946,8.95272097396318,1.2774530722606887,1.4830901056167647,-10.839971402358529,0.8262426828501716,5.265700630062469,138,98,40,71.01449275362319,84.59527979152091,-103.31250168338133,253.42591929007997,-412.0224728608678,2.0061312243159577,6.978260869565218,26,45,57.77777777777777,5.9208773781323165,-3.3384243881322218,0.6980157812377799,1.2913137090091726,83,
14,42,0.45,0.2,-0.5,10,45,8,10000,13853.637352233794,3853.6373522337944,38.536373522337946,8.95272097396318,1.2774530722606887,1.4830901056167647,-10.839971402358529,0.8262426828501716,5.265700630062469,138,98,40,71.01449275362319,84.59527979152091,-103.31250168338133,253.42591929007997,-412.0224728608678,2.0061312243159577,6.978260869565218,26,45,57.77777777777777,5.9208773781323165,-3.3384243881322218,0.6980157812377799,1.2661561236799406,87,
14,42,0.45,0.2,-0.5,10,25,8,10000,13840.25905942296,3840.2590594229605,38.40259059422961,8.92503469503756,1.2768238086995902,1.46266968065788,-10.851579299105401,0.8224641270209706,5.24482703567648,138,98,40,71.01449275362319,84.44550129345114,-103.31250168338133,253.42591929007997,-412.0224728608678,2.002579308388149,6.949275362318841,26,45,57.77777777777777,5.927989477452633,-3.342081313665657,0.6911467890885059,1.1632985816674906,213,
14,42,0.45,0.2,-0.5,5,40,5,10000,14946.75471682452,4946.75471682452,49.467547168245204,11.151215898164878,1.2669436254181523,1.4204658660280554,-12.613684593347168,0.8843583396739283,6.970738456119384,87,61,26,70.11494252873564,157.97174872094305,-172.34901289686786,385.87989058596577,-338.7813757945786,2.150438923993541,11.816091954022989,26,45,57.77777777777777,5.659814767058613,-4.136056415486022,0.8850239940543446,1.2102943937823418,188,
14,42,0.45,0.2,-0.5,5,35,5,10000,14946.75471682452,4946.75471682452,49.467547168245204,11.151215898164878,1.2669436254181523,1.4204658660280554,-12.613684593347168,0.8843583396739283,6.970738456119384,87,61,26,70.11494252873564,157.97174872094305,-172.34901289686786,385.87989058596577,-338.7813757945786,2.150438923993541,11.816091954022989,26,45,57.77777777777777,5.659814767058613,-4.136056415486022,0.8850239940543446,1.2534801964260565,309,
14,42,0.45,0.2,-0.5,10,35,5,10000,14946.75471682452,4946.75471682452,49.467547168245204,11.151215898164878,1.2669436254181523,1.4204658660280554,-12.613684593347168,0.8843583396739283,6.970738456119384,87,61,26,70.11494252873564,157.97174872094305,-172.34901289686786,385.87989058596577,-338.7813757945786,2.150438923993541,11.816091954022989,26,45,57.77777777777777,5.659814767058613,-4.136056415486022,0.8850239940543446,1.1740519649321663,343,
14,42,0.45,0.2,-0.5,10,30,5,10000,14946.75471682452,4946.75471682452,49.467547168245204,11.151215898164878,1.2669436254181523,1.4204658660280554,-12.613684593347168,0.8843583396739283,6.970738456119384,87,61,26,70.11494252873564,157.97174872094305,-172.34901289686786,385.87989058596577,-338.7813757945786,2.150438923993541,11.816091954022989,26,45,57.77777777777777,5.659814767058613,-4.136056415486022,0.8850239940543446,1.0792442389924723,366,
14,42,0.45,0.2,-0.5,10,40,5,10000,14946.75471682452,4946.75471682452,49.467547168245204,11.151215898164878,1.2669436254181523,1.4204658660280554,-12.613684593347168,0.8843583396739283,6.970738456119384,87,61,26,70.11494252873564,157.97174872094305,-172.34901289686786,385.87989058596577,-338.7813757945786,2.150438923993541,11.816091954022989,26,45,57.77777777777777,5.659814767058613,-4.136056415486022,0.8850239940543446,1.139374220012125,208,
14,42,0.45,0.2,-0.5,10,45,5,10000,14946.75471682452,4946.75471682452,49.467547168245204,11.151215898164878,1.2669436254181523,1.4204658660280554,-12.613684593347168,0.8843583396739283,6.970738456119384,87,61,26,70.11494252873564,157.97174872094305,-172.34901289686786,385.87989058596577,-338.7813757945786,2.150438923993541,11.816091954022989,26,45,57.77777777777777,5.659814767058613,-4.136056415486022,0.8850239940543446,1.141422026205985,105,
14,42,0.45,0.2,-0.5,5,30,5,10000,14946.75471682452,4946.75471682452,49.467547168245204,11.151215898164878,1.2669436254181523,1.4204658660280554,-12.613684593347168,0.8843583396739283,6.970738456119384,87,61,26,70.11494252873564,157.97174872094305,-172.34901289686786,385.87989058596577,-338.7813757945786,2.150438923993541,11.816091954022989,26,45,57.77777777777777,5.659814767058613,-4.136056415486022,0.8850239940543446,1.1687728458105218,322,
14,42,0.45,0.2,-0.5,5,55,5,10000,14946.75471682452,4946.75471682452,49.467547168245204,11.151215898164878,1.2669436254181523,1.4204658660280554,-12.613684593347168,0.8843583396739283,6.970738456119384,87,61,26,70.11494252873564,157.97174872094305,-172.34901289686786,385.87989058596577,-338.7813757945786,2.150438923993541,11.816091954022989,26,45,57.77777777777777,5.659814767058613,-4.136056415486022,0.8850239940543446,0.7655495150008144,15,
14,42,0.45,0.2,-0.5,5,45,5,10000,14946.75471682452,4946.75471682452,49.467547168245204,11.151215898164878,1.2669436254181523,1.4204658660280554,-12.613684593347168,0.8843583396739283,6.970738456119384,87,61,26,70.11494252873564,157.97174872094305,-172.34901289686786,385.87989058596577,-338.7813757945786,2.150438923993541,11.816091954022989,26,45,57.77777777777777,5.659814767058613,-4.136056415486022,0.8850239940543446,1.1925630291509166,99,
14,42,0.45,0.2,-0.4,5,35,5,10000,14958.194616303355,4958.194616303355,49.58194616303355,11.173587758854842,1.2644275723038192,1.3966814053510068,-12.517534265529608,0.8929386213632684,7.002348123246079,87,61,26,70.11494252873564,157.97174872094305,-171.90901676306643,385.87989058596577,-338.7813757945786,2.155942909941162,11.781609195402298,26,45,57.77777777777777,5.655037058393719,-4.136056415486022,0.8866055328043668,1.2505831215365204,311,
14,42,0.45,0.2,-0.4,10,30,5,10000,14958.194616303355,4958.194616303355,49.58194616303355,11.173587758854842,1.2644275723038192,1.3966814053510068,-12.517534265529608,0.8929386213632684,7.002348123246079,87,61,26,70.11494252873564,157.97174872094305,-171.90901676306643,385.87989058596577,-338.7813757945786,2.155942909941162,11.781609195402298,26,45,57.77777777777777,5.655037058393719,-4.136056415486022,0.8866055328043668,1.0763148553125048,371,
14,42,0.45,0.2,-0.4,5,40,5,10000,14958.194616303355,4958.194616303355,49.58194616303355,11.173587758854842,1.2644275723038192,1.3966814053510068,-12.517534265529608,0.8929386213632684,7.002348123246079,87,61,26,70.11494252873564,157.97174872094305,-171.90901676306643,385.87989058596577,-338.7813757945786,2.155942909941162,11.781609195402298,26,45,57.77777777777777,5.655037058393719,-4.136056415486022,0.8866055328043668,1.207895007794912,190,
14,42,0.45,0.2,-0.4,5,30,5,10000,14958.194616303355,4958.194616303355,49.58194616303355,11.173587758854842,1.2644275723038192,1.3966814053510068,-12.517534265529608,0.8929386213632684,7.002348123246079,87,61,26,70.11494252873564,157.97174872094305,-171.90901676306643,385.87989058596577,-338.7813757945786,2.155942909941162,11.781609195402298,26,45,57.77777777777777,5.655037058393719,-4.136056415486022,0.8866055328043668,1.166386682387589,326,
14,42,0.45,0.2,-0.4,10,35,5,10000,14958.194616303355,4958.194616303355,49.58194616303355,11.173587758854842,1.2644275723038192,1.3966814053510068,-12.517534265529608,0.8929386213632684,7.002348123246079,87,61,26,70.11494252873564,157.97174872094305,-171.90901676306643,385.87989058596577,-338.7813757945786,2.155942909941162,11.781609195402298,26,45,57.77777777777777,5.655037058393719,-4.136056415486022,0.8866055328043668,1.1697052364632017,346,
14,45,0.45,0.4,-0.5,10,30,8,10000,13717.574265076926,3717.574265076926,37.17574265076926,8.670215122512248,1.2641571135489988,1.4378984649499744,-10.58779660312243,0.8192385881367592,5.1090519669514975,141,99,42,70.2127659574468,80.37491076533995,-93.97718811170846,319.92556781093026,-412.0224728608678,2.015969519952169,7.00709219858156,27,45,60.0,6.003680837473935,-3.377458926912813,0.6734841418675318,1.3480631341282485,306,
14,45,0.45,0.2,-0.5,5,40,8,10000,13804.593186511842,3804.593186511842,38.04593186511842,8.851127931990632,1.2577986951428488,1.4585346972208246,-11.169755004176782,0.7927524403028188,5.27406197265817,139,99,40,71.22302158273382,83.35382360858338,-103.64588376844794,253.42591929007997,-412.0224728608678,1.9904380755933722,6.985611510791367,26,45,57.77777777777777,5.940693704243638,-3.345264864759634,0.6902436340229716,1.3523748936703543,130,
14,45,0.45,0.2,-0.5,5,35,8,10000,13804.593186511842,3804.593186511842,38.04593186511842,8.851127931990632,1.2577986951428488,1.4585346972208246,-11.169755004176782,0.7927524403028188,5.27406197265817,139,99,40,71.22302158273382,83.35382360858338,-103.64588376844794,253.42591929007997,-412.0224728608678,1.9904380755933722,6.985611510791367,26,45,57.77777777777777,5.940693704243638,-3.345264864759634,0.6902436340229716,1.4159878181947403,217,
14,39,0.45,0.4,-0.4,5,25,5,10000,16494.590549669145,6494.590549669145,64.94590549669145,14.069952547488839,1.257584052502589,1.4324587177750392,-15.937289839489525,0.8828321935029515,9.229571192651685,99,65,34,65.65656565656566,211.73812196748196,-203.91311432999487,649.7757144358192,-720.6361003691791,1.9851271939879414,12.909090909090908,26,45,57.77777777777777,6.513666733092971,-6.643924379005028,1.0746801049341093,1.3233073437358687,258,
14,45,0.45,0.2,-0.5,10,30,2,10000,16047.369842249434,6047.369842249434,60.47369842249435,13.248140168514876,1.2536743203486045,1.3692059120176217,-13.500647068035118,0.9815835552569225,8.6415530819344,83,62,21,74.69879518072288,207.86309266569188,-314.8663944375706,460.3554257790097,-629.3630000044051,1.9490521895338813,12.289156626506024,27,45,60.0,5.433115270879041,-4.437073155402804,1.0444513545030925,1.1970890587674015,240,
14,45,0.45,0.2,-0.5,5,30,2,10000,16047.369842249434,6047.369842249434,60.47369842249435,13.248140168514876,1.2536743203486045,1.3692059120176217,-13.500647068035118,0.9815835552569225,8.6415530819344,83,62,21,74.69879518072288,207.86309266569188,-314.8663944375706,460.3554257790097,-629.3630000044051,1.9490521895338813,12.289156626506024,27,45,60.0,5.433115270879041,-4.437073155402804,1.0444513545030925,1.2920337989423236,213,
14,45,0.45,0.2,-0.5,5,40,2,10000,16047.369842249434,6047.369842249434,60.47369842249435,13.248140168514876,1.2536743203486045,1.3692059120176217,-13.500647068035118,0.9815835552569225,8.6415530819344,83,62,21,74.69879518072288,207.86309266569188,-314.8663944375706,460.3554257790097,-629.3630000044051,1.9490521895338813,12.289156626506024,27,45,60.0,5.433115270879041,-4.437073155402804,1.0444513545030925,1.3289142192874057,127,
14,42,0.45,0.4,-0.5,10,30,8,10000,13697.878720664636,3697.8787206646357,36.97878720664636,8.62915066180221,1.251690802162548,1.4211185986676753,-10.250035781493368,0.8422278575000098,5.1305810198675745,140,98,42,70.0,81.62468576972019,-95.32477344685614,319.92556781093026,-412.0224728608678,1.997986391601841,6.9714285714285715,26,45,57.77777777777777,5.982090617105285,-3.3698739606059958,0.6702371573708124,1.265249524050456,378,
14,42,0.45,0.4,-0.4,10,30,8,10000,13697.878720664636,3697.8787206646357,36.97878720664636,8.62915066180221,1.251690802162548,1.4211185986676753,-10.250035781493368,0.8422278575000098,5.1305810198675745,140,98,42,70.0,81.62468576972019,-95.32477344685614,319.92556781093026,-412.0224728608678,1.997986391601841,6.9714285714285715,26,45,57.77777777777777,5.982090617105285,-3.3698739606059958,0.6702371573708124,1.2537549423339103,387,
14,42,0.45,0.6,-0.3,5,55,5,10000,15676.197373839555,5676.197373839557,56.761973738395575,12.553158015460442,1.2487586872912575,1.3468799302636183,-17.80242628928869,0.705353698561997,8.149264723367592,84,55,29,65.47619047619048,208.48353976612657,-192.48102391251564,893.4242968500167,-582.2943491857332,2.054227522072716,12.976190476190476,27,45,60.0,6.204963433768795,-5.626609766699165,0.9810023275795884,0.8199839275243961,4,
14,42,0.45,0.6,-0.3,5,55,5,10000,15676.197373839557,5676.197373839557,56.761973738395575,12.553158015460442,1.2487586872912566,1.3468799302636187,-17.80242628928869,0.705353698561997,8.149264723367597,84,55,29,65.47619047619048,208.48353976612657,-192.48102391251564,893.4242968500167,-582.2943491857332,2.054227522072716,12.976190476190476,27,45,60.0,6.204963433768795,-5.626609766699165,0.9810023275795884,0.714767565405405,6,
14,45,0.45,0.30000000000000004,-0.4,10,30,8,10000,13670.142234229737,3670.1422342297374,36.70142234229738,8.57124729210852,1.2466242820546283,1.4175643337226413,-10.58779660312243,0.8098909194272644,5.107661484269401,141,99,42,70.2127659574468,79.89579934264107,-93.97718811170846,319.92556781093026,-412.0224728608678,2.003952411433793,6.99290780141844,27,45,60.0,6.003680837473935,-3.377458926912813,0.6655705711342407,1.2527522382076177,352,
14,45,0.45,0.30000000000000004,-0.5,5,30,8,10000,13670.142234229737,3670.1422342297374,36.70142234229738,8.57124729210852,1.2466242820546283,1.4175643337226413,-10.58779660312243,0.8098909194272644,5.107661484269401,141,99,42,70.2127659574468,79.89579934264107,-93.97718811170846,319.92556781093026,-412.0224728608678,2.003952411433793,6.99290780141844,27,45,60.0,6.003680837473935,-3.377458926912813,0.6655705711342407,1.3443283195181726,311,
14,45,0.45,0.30000000000000004,-0.5,10,30,8,10000,13670.142234229737,3670.1422342297374,36.70142234229738,8.57124729210852,1.2466242820546283,1.4175643337226413,-10.58779660312243,0.8098909194272644,5.107661484269401,141,99,42,70.2127659574468,79.89579934264107,-93.97718811170846,319.92556781093026,-412.0224728608678,2.003952411433793,6.99290780141844,27,45,60.0,6.003680837473935,-3.377458926912813,0.6655705711342407,1.2671898642262611,343,
14,39,0.45,0.6,-0.4,10,25,5,10000,16464.298262646942,6464.298262646942,64.64298262646942,14.014809480278533,1.24025710157182,1.4221066748309346,-15.937289839489525,0.8793721907191864,9.326599630008518,98,64,34,65.3061224489796,214.532588138502,-203.91311432999487,1080.3241664003092,-720.6361003691791,1.9803829174380294,13.0,26,45,57.77777777777777,6.513666733092971,-6.643924379005028,1.0715727941654827,1.3583425471943484,36,
14,42,0.45,0.30000000000000004,-0.4,10,30,8,10000,13650.446689817447,3650.446689817447,36.50446689817447,8.530077800032632,1.2342028932289404,1.400877987733189,-10.250035781493368,0.8325619156360597,5.129188960223079,140,98,42,70.0,81.14068545495294,-95.32477344685614,319.92556781093026,-412.0224728608678,1.9861391663008565,6.957142857142857,26,45,57.77777777777777,5.982090617105285,-3.3698739606059958,0.6623118674789917,1.1807364679231056,439,
14,42,0.45,0.30000000000000004,-0.5,10,30,8,10000,13650.446689817447,3650.446689817447,36.50446689817447,8.530077800032632,1.2342028932289404,1.400877987733189,-10.250035781493368,0.8325619156360597,5.129188960223079,140,98,42,70.0,81.14068545495294,-95.32477344685614,319.92556781093026,-412.0224728608678,1.9861391663008565,6.957142857142857,26,45,57.77777777777777,5.982090617105285,-3.3698739606059958,0.6623118674789917,1.1918474234081673,429,
14,42,0.45,0.30000000000000004,-0.5,5,30,8,10000,13650.446689817447,3650.446689817447,36.50446689817447,8.530077800032632,1.2342028932289404,1.400877987733189,-10.250035781493368,0.8325619156360597,5.129188960223079,140,98,42,70.0,81.14068545495294,-95.32477344685614,319.92556781093026,-412.0224728608678,1.9861391663008565,6.957142857142857,26,45,57.77777777777777,5.982090617105285,-3.3698739606059958,0.6623118674789917,1.2700098937284476,385,
14,39,0.45,0.6,-0.4,5,35,5,10000,16463.14043909199,6463.140439091989,64.63140439091988,14.012700333970152,1.2339046135887197,1.4241201992896482,-15.938668893083507,0.8791637763458956,9.376930223794883,98,63,35,64.28571428571429,220.35340263233383,-202.39378387850493,1080.3241664003092,-720.6361003691791,1.9597248351080672,13.051020408163266,26,45,57.77777777777777,6.514268573124404,-6.644553261992437,1.0262262912395168,1.4241223261572928,19,
14,39,0.45,0.2,-0.4,5,35,5,10000,15974.631713606013,5974.631713606013,59.746317136060135,13.112885884371961,1.2334113217968476,1.3175578016738834,-17.0676183640587,0.7682903147158079,8.68734756135949,101,72,29,71.28712871287128,172.94733009824256,-211.48739870586542,568.4996149245552,-587.5130912594274,2.0303170654808502,11.198019801980198,27,45,60.0,6.131939521720287,-7.162833859829554,0.9936610031086096,1.2571986090822376,267,
14,42,0.45,0.2,-0.5,10,45,2,10000,15901.119339352084,5901.119339352084,59.01119339352084,12.975729993099549,1.2324579753904266,1.3406716709362334,-13.563561807798822,0.9569458111116016,8.591121259770578,85,64,21,75.29411764705883,199.881115169304,-317.239257697566,460.3554257790097,-629.3630000044051,1.9201958114214221,12.141176470588235,28,45,62.22222222222222,5.443785616686636,-4.440657380406243,1.0257853008508553,1.203556799120747,86,
14,42,0.45,0.2,-0.5,10,30,2,10000,15901.119339352084,5901.119339352084,59.01119339352084,12.975729993099549,1.2324579753904266,1.3406716709362334,-13.563561807798822,0.9569458111116016,8.591121259770578,85,64,21,75.29411764705883,199.881115169304,-317.239257697566,460.3554257790097,-629.3630000044051,1.9201958114214221,12.141176470588235,28,45,62.22222222222222,5.443785616686636,-4.440657380406243,1.0257853008508553,1.1157237484225997,304,
14,45,0.45,0.5,-0.3,5,40,8,10000,13696.62916088964,3696.629160889641,36.966291608896405,8.626543909691708,1.2320478778111872,1.3609516549360696,-11.510490104770534,0.7497733594080286,5.213985677693297,140,99,41,70.71428571428572,81.58885318275715,-99.61627571227633,319.92556781093026,-537.5451165931846,1.9776610744307053,6.985714285714286,27,45,60.0,6.015137267027204,-4.187342737292932,0.6731227855448779,1.2006269562101035,11,
14,45,0.45,0.5,-0.3,5,40,8,10000,13696.62916088964,3696.629160889641,36.966291608896405,8.626543909691708,1.232047877811186,1.3609516549360696,-11.510490104770534,0.7497733594080286,5.213985677693303,140,99,41,70.71428571428572,81.58885318275715,-99.61627571227632,319.92556781093026,-537.5451165931846,1.9776610744307053,6.985714285714286,27,45,60.0,6.015137267027204,-4.187342737292932,0.6731227855448779,1.3145744699331086,5,
14,42,0.45,0.30000000000000004,-0.3,10,25,5,10000,15547.199554951227,5547.199554951227,55.471995549512265,12.30878372966069,1.2302946806860486,1.2829494323208135,-19.96900697479357,0.6163943828152192,8.08795984878758,89,61,28,68.53932584269663,190.32565079695934,-208.84705442245897,522.9386819610947,-582.2943491857332,1.9853668805487796,12.606741573033707,27,45,60.0,5.7858920010820825,-5.9053116171090885,0.9538802376833407,1.066045434909061,85,
14,45,0.45,0.5,-0.3,10,25,8,10000,13679.242693856553,3679.242693856553,36.792426938565534,8.590255170636564,1.2289162872284938,1.3404875663051896,-11.526646902501662,0.7452518710165569,5.1965249164193485,139,98,41,70.50359712230215,82.23071426591707,-99.61627571227633,319.92556781093026,-537.5451165931846,1.9730858432714093,6.971223021582734,27,45,60.0,6.024680478057909,-4.193482014783623,0.6655673819202653,1.2944661501525112,31,
14,45,0.45,0.2,-0.5,10,30,5,10000,14626.625099824987,4626.625099824987,46.266250998249866,10.51998972317958,1.2254853013815183,1.3900246500661053,-12.470556845438049,0.8438892931771658,6.727582784792677,92,64,28,69.56521739130434,145.07192711219773,-159.1903791257589,385.5027381918493,-338.7813757945786,2.0829963348130267,11.847826086956522,27,45,60.0,5.537040387579806,-4.084024264724384,0.8313992996641608,1.150325150314574,288,
14,45,0.45,0.2,-0.5,10,35,5,10000,14626.625099824987,4626.625099824987,46.266250998249866,10.51998972317958,1.2254853013815183,1.3900246500661053,-12.470556845438049,0.8438892931771658,6.727582784792677,92,64,28,69.56521739130434,145.07192711219773,-159.1903791257589,385.5027381918493,-338.7813757945786,2.0829963348130267,11.847826086956522,27,45,60.0,5.537040387579806,-4.084024264724384,0.8313992996641608,1.2529100022343065,275,
14,45,0.45,0.2,-0.4,10,40,5,10000,14638.064999303822,4638.064999303822,46.380649993038226,10.54272126128768,1.2230469235753385,1.3654495299773657,-12.375360119838351,0.8522177629740955,6.759655308709762,92,64,28,69.56521739130434,145.07192711219773,-158.781811287229,385.5027381918493,-338.7813757945786,2.088356176115257,11.815217391304348,27,45,60.0,5.53201599646258,-4.084024264724384,0.8330251485729394,1.203895954390151,167,
14,45,0.45,0.2,-0.4,5,30,5,10000,14638.064999303822,4638.064999303822,46.380649993038226,10.54272126128768,1.2230469235753385,1.3654495299773657,-12.375360119838351,0.8522177629740955,6.759655308709762,92,64,28,69.56521739130434,145.07192711219773,-158.781811287229,385.5027381918493,-338.7813757945786,2.088356176115257,11.815217391304348,27,45,60.0,5.53201599646258,-4.084024264724384,0.8330251485729394,1.2343525132373354,259,
14,42,0.45,0.6,-0.3,5,40,8,10000,13668.331377342363,3668.3313773423633,36.68331377342364,8.56746389302472,1.2162755964089382,1.341558490526635,-11.183488108755748,0.7664135477041988,5.2378345991923485,139,98,41,70.50359712230215,82.74997209818252,-100.9967289824276,319.92556781093026,-537.5451165931846,1.9584061605509429,6.9784172661870505,26,45,57.77777777777777,5.998148647479606,-4.191183484341421,0.6684534970252748,1.2198068126195756,4,
14,42,0.45,0.6,-0.3,5,40,8,10000,13668.331377342363,3668.3313773423633,36.683313773423635,8.56746389302472,1.2162755964089362,1.3415584905266342,-11.183488108755748,0.7664135477041988,5.237834599192359,139,98,41,70.50359712230215,82.74997209818252,-100.9967289824276,319.92556781093026,-537.5451165931846,1.9584061605509429,6.9784172661870505,26,45,57.77777777777777,5.998148647479606,-4.191183484341421,0.6684534970252748,1.2226263728134044,5,
14,45,0.45,0.1,-0.5,5,45,5,10000,14673.009987995176,4673.009987995176,46.73009987995176,10.612077374705486,1.215424323514716,1.4832754644255683,-12.358357700426517,0.8590025034064275,6.858801872972954,115,87,28,75.65217391304347,112.46576198401368,-173.34513159927081,568.4996149245552,-591.4046076803031,2.015904258733891,9.2,28,45,62.22222222222222,5.50604728355879,-4.045263141583588,0.842570418389186,0.8466999199576405,21,
14,42,0.45,0.4,-0.19999999999999996,10,45,2,10000,15257.522185825186,5257.522185825186,52.575221858251865,11.754521908997372,1.1904089636586503,1.2416003711666173,-13.218252211823748,0.8895535974831928,7.934982155048274,79,53,26,67.08860759493672,214.26556436860952,-225.61792195803906,605.1503920983636,-415.4916487462241,1.935892805817959,12.860759493670885,26,45,57.77777777777777,7.042630941335415,-5.71772721747188,0.9175393220570153,0.6592280422820269,6,
14,42,0.45,0.4,-0.3,10,30,8,10000,13572.356076932321,3572.3560769323212,35.723560769323214,8.366413234764124,1.1773579388825632,1.2881602993168775,-11.270770705177533,0.7426394771115444,5.254048539627795,140,98,42,70.0,81.62468576972019,-98.31340782143512,319.92556781093026,-537.5451165931846,1.9372494998370091,6.964285714285714,26,45,57.77777777777777,6.050908174273917,-4.225361960843522,0.6509438349497776,1.1720645991610767,86,
14,39,0.45,0.30000000000000004,-0.4,10,25,5,10000,15807.22455821819,5807.2245582181895,58.07224558218189,12.79986431067568,1.135741324187634,1.244398383923192,-16.10600172923576,0.7947263713154364,9.232734129785383,98,68,30,69.38775510204081,190.26347570200778,-226.51167661736628,582.4568050094487,-739.940839012405,1.9039366301031566,12.408163265306122,25,45,55.55555555555556,6.587347620311235,-6.720937149352779,0.9669266891471083,1.1534302690645046,316,
14,45,0.45,0.4,-0.3,10,35,5,10000,15124.076602725949,5124.076602725949,51.24076602725949,11.496578272318958,1.1319903806024987,1.1996783610852186,-17.78587583051158,0.6466024759732893,8.156061673875424,80,53,27,66.25,205.964516044506,-206.84796769623722,522.9386819610947,-582.2943491857332,1.9545791103622763,12.875,27,45,60.0,6.204963433768795,-5.625543172984859,0.9000298137800297,1.1901231894676105,59,
14,45,0.45,0.4,-0.3,10,55,5,10000,15124.076602725949,5124.076602725949,51.24076602725949,11.496578272318958,1.1319903806024987,1.1996783610852186,-17.78587583051158,0.6466024759732893,8.156061673875424,80,53,27,66.25,205.964516044506,-206.84796769623722,522.9386819610947,-582.2943491857332,1.9545791103622763,12.875,27,45,60.0,6.204963433768795,-5.625543172984859,0.9000298137800297,0.9303521047098879,10,
14,45,0.45,0.4,-0.3,10,55,5,10000,15124.076602725949,5124.076602725949,51.24076602725949,11.496578272318958,1.1319903806024971,1.1996783610852186,-17.78587583051158,0.6466024759732893,8.156061673875433,80,53,27,66.25,205.964516044506,-206.8479676962372,522.9386819610947,-582.2943491857332,1.9545791103622765,12.875,27,45,60.0,6.204963433768795,-5.625543172984859,0.9000298137800297,1.05279909140032,7,
14,42,0.45,0.2,-0.4,10,30,2,10000,15377.777841578409,5377.777841578409,53.777778415784084,11.985549714953203,1.1219346972216147,1.2169786802532172,-13.036746927979168,0.9196603708417435,8.656734507990617,86,63,23,73.25581395348837,200.63142692118342,-305.8284536792029,460.3554257790097,-629.3630000044051,1.7969408700935647,12.116279069767442,27,45,60.0,5.646223346121948,-4.440657380406243,0.9501730472484018,1.112993798691062,308,
14,39,0.45,0.30000000000000004,-0.4,10,45,5,10000,15604.243466963977,5604.243466963977,56.042434669639775,12.417031654766596,1.0663712538761527,1.1379921762255911,-16.206899314611473,0.7661571417039601,9.541554245805003,89,61,28,68.53932584269663,206.95289271384186,-238.64076777082172,582.4568050094487,-739.940839012405,1.889290180123659,12.213483146067416,24,45,53.333333333333336,6.370722140987772,-6.767067653822756,0.8980600624801927,1.0946330871985097,115,
14,39,0.45,0.30000000000000004,-0.4,5,35,5,10000,15604.243466963977,5604.243466963977,56.042434669639775,12.417031654766596,1.0663712538761527,1.1379921762255911,-16.206899314611473,0.7661571417039601,9.541554245805003,89,61,28,68.53932584269663,206.95289271384186,-238.64076777082172,582.4568050094487,-739.940839012405,1.889290180123659,12.213483146067416,24,45,53.333333333333336,6.370722140987772,-6.767067653822756,0.8980600624801927,1.2228517472217573,323,
14,39,0.45,0.30000000000000004,-0.4,5,45,5,10000,15604.243466963977,5604.243466963977,56.042434669639775,12.417031654766596,1.0663712538761527,1.1379921762255911,-16.206899314611473,0.7661571417039601,9.541554245805003,89,61,28,68.53932584269663,206.95289271384186,-238.64076777082172,582.4568050094487,-739.940839012405,1.889290180123659,12.213483146067416,24,45,53.333333333333336,6.370722140987772,-6.767067653822756,0.8980600624801927,1.1339810923261655,109,
14,39,0.45,0.30000000000000004,-0.4,5,40,5,10000,15604.243466963977,5604.243466963977,56.042434669639775,12.417031654766596,1.0663712538761527,1.1379921762255911,-16.206899314611473,0.7661571417039601,9.541554245805003,89,61,28,68.53932584269663,206.95289271384186,-238.64076777082172,582.4568050094487,-739.940839012405,1.889290180123659,12.213483146067416,24,45,53.333333333333336,6.370722140987772,-6.767067653822756,0.8980600624801927,1.1640996291121692,194,
14,42,0.45,0.4,-0.19999999999999996,10,50,8,10000,13407.827005148929,3407.827005148929,34.07827005148929,8.019303823584778,1.0644515280298736,1.0664196766469975,-11.790451293365317,0.6804657244681054,5.523413850799168,140,99,41,70.71428571428572,81.69624296611958,-106.85612313407134,319.92556781093026,-445.08498640114493,1.846094843309003,6.942857142857143,26,45,57.77777777777777,6.039856634731233,-4.0096789753276685,0.6265726862869263,0.6981591444312141,7,
14,42,0.45,0.4,-0.1999999999999999,10,50,8,10000,13407.827005148927,3407.827005148929,34.07827005148929,8.019303823584778,1.0644515280298736,1.0664196766469978,-11.790451293365315,0.6804657244681054,5.523413850799169,140,99,41,70.71428571428572,81.69624296611958,-106.85612313407134,319.92556781093026,-445.0849864011449,1.846094843309003,6.942857142857143,26,45,57.77777777777777,6.039856634731233,-4.0096789753276685,0.6265726862869263,1.0420316251929151,4,
14,42,0.45,0.30000000000000004,-0.3,10,25,2,10000,15050.563656582903,5050.563656582903,50.50563656582903,11.353764245647158,1.0609373244735603,1.1923989078904331,-13.504321805284997,0.8407504211876671,8.61341706088989,80,53,27,66.25,223.17080956746196,-243.0089492836338,539.9859355147352,-622.2403912643471,1.8027156402543727,12.9,25,45,55.55555555555556,6.589639933377112,-5.142948954047988,0.8800326854087541,1.1061231559989635,70,
14,42,0.45,0.30000000000000004,-0.4,5,40,2,10000,15258.627993843766,5258.627993843766,52.586279938437656,11.756652422365299,1.0602865820315694,1.1688417676422465,-12.98913743316036,0.9054084194747051,8.994870847026313,79,55,24,69.62025316455697,221.68267525378738,-279.79464688666917,539.9859355147352,-680.6708531012124,1.8156987744743047,13.10126582278481,24,45,53.333333333333336,6.536832617712429,-4.7653347885604935,0.9164323797022361,1.2006776369152892,197,
14,39,0.45,0.30000000000000004,-0.4,10,30,2,10000,15531.558399437814,5531.558399437814,55.31558399437814,12.279051568722421,1.056943441170131,1.2319728327112742,-13.398749993876066,0.9164326205306161,9.506486774464085,103,68,35,66.01941747572816,202.70605954531044,-226.31463310416987,677.3252842405595,-587.5130912594274,1.740183170156554,12.78640776699029,22,45,48.888888888888886,6.3388287152740475,-4.840496336459077,0.8802549700366408,1.1825165817702812,356,
14,42,0.45,0.1,-0.5,5,30,2,10000,14387.573347241088,4387.573347241088,43.875733472410886,10.041958654632888,1.0478804293711292,1.1834427764581656,-13.38092796293085,0.7507492763504117,7.50620835533619,117,90,27,76.92307692307693,118.41654440389458,-222.57288997314797,464.0658640626467,-637.7237386637088,1.7734496538516857,9.282051282051283,25,45,55.55555555555556,5.8512990807072285,-5.048210357708182,0.806243515359055,0.9470602604853792,66,
14,39,0.45,0.2,-0.5,10,25,5,10000,15223.869956894036,5223.869956894036,52.23869956894036,11.689631094231846,1.0475719007141393,1.1194031695656708,-21.77707979557314,0.5367859788348721,9.0480918421156,90,65,25,72.22222222222221,179.63636075941454,-244.73808005882097,568.4996149245552,-538.4934078233294,1.9083852331530293,11.11111111111111,26,45,57.77777777777777,6.344073452738352,-7.576477990879571,0.9185753508385789,1.0874468204261256,209,
14,39,0.45,0.2,-0.5,5,25,5,10000,15223.869956894036,5223.869956894036,52.23869956894036,11.689631094231846,1.0475719007141393,1.1194031695656708,-21.77707979557314,0.5367859788348721,9.0480918421156,90,65,25,72.22222222222221,179.63636075941454,-244.73808005882097,568.4996149245552,-538.4934078233294,1.9083852331530293,11.11111111111111,26,45,57.77777777777777,6.344073452738352,-7.576477990879571,0.9185753508385789,1.1600405889387544,188,
14,42,0.45,0.4,-0.5,10,40,2,10000,14860.424457252613,4860.424457252613,48.604244572526135,10.981980270645852,1.0462219435584397,1.2335181243921822,-14.675268434275864,0.7485911278643356,8.400200640938914,82,56,26,68.29268292682927,193.71940983143182,-221.41060532713365,539.9859355147352,-608.3169050094338,1.8844707333431585,13.439024390243903,27,45,60.0,7.184219689712479,-4.771350481245918,0.8597577723342497,1.1895313925014093,184,
14,42,0.45,0.4,-0.5,5,45,2,10000,14860.424457252613,4860.424457252613,48.604244572526135,10.981980270645852,1.0462219435584397,1.2335181243921822,-14.675268434275864,0.7485911278643356,8.400200640938914,82,56,26,68.29268292682927,193.71940983143182,-221.41060532713365,539.9859355147352,-608.3169050094338,1.8844707333431585,13.439024390243903,27,45,60.0,7.184219689712479,-4.771350481245918,0.8597577723342497,1.265419034951199,101,
14,42,0.45,0.4,-0.5,10,35,2,10000,14860.424457252613,4860.424457252613,48.604244572526135,10.981980270645852,1.0462219435584397,1.2335181243921822,-14.675268434275864,0.7485911278643356,8.400200640938914,82,56,26,68.29268292682927,193.71940983143182,-221.41060532713365,539.9859355147352,-608.3169050094338,1.8844707333431585,13.439024390243903,27,45,60.0,7.184219689712479,-4.771350481245918,0.8597577723342497,1.253204411057654,302,
14,45,0.45,0.2,-0.3,5,45,5,10000,14052.351756163784,4052.3517561637855,40.52351756163786,9.361657716006524,1.046084721064214,1.1059179559686432,-12.274188957031672,0.7630156105287869,6.883208248612116,101,69,32,68.31683168316832,132.6320421115591,-153.04098530310628,366.04979327084834,-451.0164659292315,1.8687009903695684,11.623762376237623,25,45,55.55555555555556,5.338830124440408,-4.125063434692821,0.7431167141224155,0.8881119157113192,3,
14,45,0.45,0.2,-0.3,5,45,5,10000,14052.351756163785,4052.3517561637855,40.52351756163786,9.361657716006523,1.0460847210642132,1.1059179559686434,-12.274188957031672,0.7630156105287869,6.88320824861212,101,69,32,68.31683168316832,132.6320421115591,-153.04098530310628,366.04979327084834,-451.0164659292315,1.8687009903695684,11.623762376237623,25,45,55.55555555555556,5.338830124440408,-4.125063434692821,0.7431167141224155,1.1268235259707144,16,
14,39,0.45,0.2,-0.5,5,25,8,10000,13401.315383924097,3401.3153839240967,34.013153839240964,8.005501733066822,1.0402400802427907,1.1880228199710965,-10.579913711300172,0.7566698511459807,5.64245464615236,148,96,52,64.86486486486487,87.14621688501124,-87.58744921708059,258.5807434552453,-360.44496808095425,1.8368536236427604,6.831081081081081,25,45,55.55555555555556,4.0159607117294716,-3.0771995599887303,0.5947779596401271,1.2488764149641556,161,
14,42,0.45,0.2,-0.5,10,25,2,10000,14635.988959807177,4635.988959807177,46.35988959807177,10.538597060311305,1.0395021273658702,1.1291324236202263,-15.043640636725755,0.7005350177392319,8.03738934383887,85,62,23,72.94117647058823,178.24529398115683,-269.9726803126126,460.3554257790097,-719.5571541874639,1.7797627287831446,12.211764705882352,27,45,60.0,5.960390138504712,-7.2407931764636,0.8139207990607825,1.1078892059050254,209,
14,42,0.45,0.2,-0.5,5,25,2,10000,14635.988959807177,4635.988959807177,46.35988959807177,10.538597060311305,1.0395021273658702,1.1291324236202263,-15.043640636725755,0.7005350177392319,8.03738934383887,85,62,23,72.94117647058823,178.24529398115683,-269.9726803126126,460.3554257790097,-719.5571541874639,1.7797627287831446,12.211764705882352,27,45,60.0,5.960390138504712,-7.2407931764636,0.8139207990607825,1.207404220174906,184,
14,39,0.45,0.6,-0.4,5,25,8,10000,13502.755833969315,3502.755833969315,35.02755833969315,8.219957109271526,1.037663115005727,1.1805823464925826,-11.520811845512346,0.7134876621106707,5.85990074275156,146,94,52,64.38356164383562,90.09836737664165,-87.7214734939657,518.9910852323112,-479.71624289447806,1.8566733908498974,6.965753424657534,25,45,55.55555555555556,4.59390513735467,-3.7723640741616715,0.6133125456265701,1.4984868032343301,31,
14,42,0.45,0.30000000000000004,-0.5,10,45,2,10000,15115.367297340712,5115.367297340712,51.15367297340712,11.479685404046736,1.0284748303080495,1.1465550147500547,-13.51402841352643,0.8497464672988227,9.03491932378951,79,55,24,69.62025316455697,221.68267525378738,-285.76384257429635,539.9859355147352,-754.14156109428,1.7777714384020231,13.20253164556962,24,45,53.333333333333336,6.573351217716272,-5.350263878004402,0.8968061225659801,1.1420059905528037,110,
14,42,0.45,0.30000000000000004,-0.5,5,40,2,10000,15115.367297340712,5115.367297340712,51.15367297340712,11.479685404046736,1.0284748303080495,1.1465550147500547,-13.51402841352643,0.8497464672988227,9.03491932378951,79,55,24,69.62025316455697,221.68267525378738,-285.76384257429635,539.9859355147352,-754.14156109428,1.7777714384020231,13.20253164556962,24,45,53.333333333333336,6.573351217716272,-5.350263878004402,0.8968061225659801,1.2070952696687909,193,
14,42,0.45,0.30000000000000004,-0.5,10,40,2,10000,15115.367297340712,5115.367297340712,51.15367297340712,11.479685404046736,1.0284748303080495,1.1465550147500547,-13.51402841352643,0.8497464672988227,9.03491932378951,79,55,24,69.62025316455697,221.68267525378738,-285.76384257429635,539.9859355147352,-754.14156109428,1.7777714384020231,13.20253164556962,24,45,53.333333333333336,6.573351217716272,-5.350263878004402,0.8968061225659801,1.141800330707059,210,
14,42,0.45,0.30000000000000004,-0.5,10,35,2,10000,15115.367297340712,5115.367297340712,51.15367297340712,11.479685404046736,1.0284748303080495,1.1465550147500547,-13.51402841352643,0.8497464672988227,9.03491932378951,79,55,24,69.62025316455697,221.68267525378738,-285.76384257429635,539.9859355147352,-754.14156109428,1.7777714384020231,13.20253164556962,24,45,53.333333333333336,6.573351217716272,-5.350263878004402,0.8968061225659801,1.1724041274486106,351,
14,42,0.45,0.30000000000000004,-0.5,5,35,2,10000,15115.367297340712,5115.367297340712,51.15367297340712,11.479685404046736,1.0284748303080495,1.1465550147500547,-13.51402841352643,0.8497464672988227,9.03491932378951,79,55,24,69.62025316455697,221.68267525378738,-285.76384257429635,539.9859355147352,-754.14156109428,1.7777714384020231,13.20253164556962,24,45,53.333333333333336,6.573351217716272,-5.350263878004402,0.8968061225659801,1.2576549282704053,317,
14,42,0.45,0.30000000000000004,-0.5,5,50,2,10000,15115.367297340712,5115.367297340712,51.15367297340712,11.479685404046736,1.0284748303080495,1.1465550147500547,-13.51402841352643,0.8497464672988227,9.03491932378951,79,55,24,69.62025316455697,221.68267525378738,-285.76384257429635,539.9859355147352,-754.14156109428,1.7777714384020231,13.20253164556962,24,45,53.333333333333336,6.573351217716272,-5.350263878004402,0.8968061225659801,1.1112182517509208,41,
14,39,0.45,0.2,-0.5,5,35,8,10000,13475.465486037489,3475.4654860374885,34.754654860374885,8.162379618348204,1.0277395251525243,1.1815557949559914,-10.470458593003588,0.7795627618261484,5.864879948428644,148,96,52,64.86486486486487,89.54066117114785,-90.43199824315231,258.5807434552453,-360.44496808095425,1.827957351598058,6.831081081081081,25,45,55.55555555555556,4.049584217411462,-3.7025016605450545,0.5817463919868817,1.3439107068600151,230,
14,39,0.45,0.30000000000000004,-0.5,10,30,8,10000,13497.853602159637,3497.8536021596374,34.978536021596376,8.20962064696673,1.0225347966889051,1.1870336356138746,-10.503802582375544,0.7815855812771797,5.941899519773687,146,94,52,64.38356164383562,90.88391698135783,-89.13577916036974,446.1788608748621,-360.44496808095425,1.8431449095717465,6.97945205479452,25,45,55.55555555555556,4.063876438329439,-3.695508820323179,0.5902806824063971,1.2221184665374991,358,
14,39,0.45,0.30000000000000004,-0.4,10,30,8,10000,13445.730080339865,3445.730080339865,34.45730080339865,8.099545606982206,1.0156488391488956,1.1617235768743963,-11.457018996953819,0.706950526060549,5.878206883262802,147,94,53,63.94557823129252,90.28438838100948,-87.42317640992917,446.1788608748621,-479.71624289447806,1.8316313250676053,6.979591836734694,25,45,55.55555555555556,4.026482718181068,-3.7503779437025764,0.5817965082860862,1.2062784604310741,369,
14,39,0.45,0.6,-0.3,5,45,8,10000,13529.214760195986,3529.214760195986,35.29214760195986,8.275698635531814,1.0138457125501157,1.1338917957572667,-11.052125405616021,0.7487879780414548,6.060236916233615,147,95,52,64.62585034013605,91.02876590406143,-90.52007544117455,518.9910852323112,-375.7029227613193,1.8371897314870433,6.965986394557823,25,45,55.55555555555556,4.5845090075147255,-3.708033802848776,0.5982970008103574,1.1150606544795258,2,
14,39,0.45,0.6,-0.3,5,45,8,10000,13529.214760195986,3529.214760195986,35.29214760195986,8.275698635531814,1.0138457125501152,1.1338917957572667,-11.05212540561602,0.7487879780414548,6.0602369162336185,147,95,52,64.62585034013605,91.02876590406144,-90.52007544117455,518.9910852323112,-375.7029227613193,1.837189731487044,6.965986394557823,25,45,55.55555555555556,4.5845090075147255,-3.708033802848776,0.5982970008103574,1.1150606544795267,2,
14,39,0.45,0.4,-0.5,10,35,8,10000,13468.654489857858,3468.6544898578577,34.686544898578575,8.147996302233619,1.00975174297158,1.1742779745096268,-10.478234165129736,0.7776115873940993,5.961806720122643,147,95,52,64.62585034013605,90.26232143714091,-90.25946094080308,446.1788608748621,-360.44496808095425,1.8269809756377,6.9727891156462585,25,45,55.55555555555556,4.052916179827948,-3.6863370562926545,0.5871045662713494,1.320213978431652,260,
14,39,0.45,0.4,-0.5,5,40,8,10000,13468.654489857858,3468.6544898578577,34.686544898578575,8.147996302233619,1.00975174297158,1.1742779745096268,-10.478234165129736,0.7776115873940993,5.961806720122643,147,95,52,64.62585034013605,90.26232143714091,-90.25946094080308,446.1788608748621,-360.44496808095425,1.8269809756377,6.9727891156462585,25,45,55.55555555555556,4.052916179827948,-3.6863370562926545,0.5871045662713494,1.2732379034751946,139,
14,39,0.45,0.30000000000000004,-0.5,10,35,8,10000,13468.654489857858,3468.6544898578577,34.686544898578575,8.147996302233619,1.00975174297158,1.1742779745096268,-10.478234165129736,0.7776115873940993,5.961806720122643,147,95,52,64.62585034013605,90.26232143714091,-90.25946094080308,446.1788608748621,-360.44496808095425,1.8269809756377,6.9727891156462585,25,45,55.55555555555556,4.052916179827948,-3.6863370562926545,0.5871045662713494,1.2375114879351174,303,
14,39,0.45,0.30000000000000004,-0.5,10,45,8,10000,13468.654489857858,3468.6544898578577,34.686544898578575,8.147996302233619,1.00975174297158,1.1742779745096268,-10.478234165129736,0.7776115873940993,5.961806720122643,147,95,52,64.62585034013605,90.26232143714091,-90.25946094080308,446.1788608748621,-360.44496808095425,1.8269809756377,6.9727891156462585,25,45,55.55555555555556,4.052916179827948,-3.6863370562926545,0.5871045662713494,1.1966015274651047,94,
14,39,0.45,0.30000000000000004,-0.5,10,60,8,10000,13468.654489857858,3468.6544898578577,34.686544898578575,8.147996302233619,1.00975174297158,1.1742779745096268,-10.478234165129736,0.7776115873940993,5.961806720122643,147,95,52,64.62585034013605,90.26232143714091,-90.25946094080308,446.1788608748621,-360.44496808095425,1.8269809756377,6.9727891156462585,25,45,55.55555555555556,4.052916179827948,-3.6863370562926545,0.5871045662713494,0.5473808259176084,4,
14,39,0.45,0.30000000000000004,-0.5,5,35,8,10000,13468.654489857858,3468.6544898578577,34.686544898578575,8.147996302233619,1.00975174297158,1.1742779745096268,-10.478234165129736,0.7776115873940993,5.961806720122643,147,95,52,64.62585034013605,90.26232143714091,-90.25946094080308,446.1788608748621,-360.44496808095425,1.8269809756377,6.9727891156462585,25,45,55.55555555555556,4.052916179827948,-3.6863370562926545,0.5871045662713494,1.3195440210454017,273,
14,39,0.45,0.30000000000000004,-0.5,5,45,8,10000,13468.654489857858,3468.6544898578577,34.686544898578575,8.147996302233619,1.00975174297158,1.1742779745096268,-10.478234165129736,0.7776115873940993,5.961806720122643,147,95,52,64.62585034013605,90.26232143714091,-90.25946094080308,446.1788608748621,-360.44496808095425,1.8269809756377,6.9727891156462585,25,45,55.55555555555556,4.052916179827948,-3.6863370562926545,0.5871045662713494,1.2320130861416099,89,
14,39,0.45,0.2,-0.5,15,35,8,10000,12866.043675374902,2866.043675374902,28.660436753749018,6.853633770505829,1.0076350833746812,1.0417165350549173,-10.470458593003588,0.6545686332292514,4.711660229336346,104,67,37,64.42307692307693,90.60940288091504,-79.86990047692983,258.5807434552453,-360.44496808095425,2.054296866756034,6.913461538461538,20,45,44.44444444444444,4.295366682348134,-3.0446159458022426,0.47387981682536123,1.2389534916099054,172,
14,45,0.45,0.30000000000000004,-0.5,5,35,2,10000,14976.43707085532,4976.43707085532,49.764370708553194,11.209236621408936,1.0009680682655164,1.1333102753680078,-13.942972001273333,0.8042073003242617,9.040614730151692,83,57,26,68.67469879518072,212.26677935629854,-264.3608691404457,539.9859355147352,-629.3630000044051,1.7602986959350877,13.204819277108435,25,45,55.55555555555556,6.640477130887867,-4.497258092974288,0.8759635883688595,1.3365522752811005,255,
14,36,0.45,0.5,-0.5,10,50,8,10000,13466.827683060324,3466.8276830603227,34.668276830603226,8.14413757906831,1.000913062219495,1.1881857937955085,-11.372661533982631,0.7161153574062522,6.013969925241335,136,91,45,66.91176470588235,95.24995259281371,-105.70986500304244,518.9910852323112,-360.4449680809543,1.822124839467512,6.816176470588236,25,45,55.55555555555556,4.606725821326152,-3.639962389967821,0.5887670796305551,0.9800686446112112,4,
14,36,0.45,0.5,-0.5,10,50,8,10000,13466.827683060323,3466.8276830603227,34.668276830603226,8.14413757906831,1.0009130622194928,1.1881857937955083,-11.372661533982633,0.7161153574062522,6.013969925241348,136,91,45,66.91176470588235,95.24995259281373,-105.70986500304245,518.9910852323112,-360.44496808095425,1.822124839467512,6.8161764705882355,25,45,55.55555555555556,4.606725821326152,-3.6399623899678213,0.5887670796305551,0.7443893591372053,7,
14,39,0.45,0.30000000000000004,-0.5,10,25,8,10000,13428.569553166792,3428.5695531667916,34.28569553166791,8.063237009016078,0.998864325407064,1.1513246035031188,-10.562287908061425,0.763398714293898,5.947329093656112,145,94,51,64.82758620689654,89.92329784552777,-90.49698757968713,446.1788608748621,-360.44496808095425,1.8314530104860587,6.951724137931034,25,45,55.55555555555556,4.088968718589148,-3.716491655006715,0.6003747164496035,1.2649325934156985,263,
14,39,0.45,0.4,-0.5,5,25,8,10000,13428.569553166792,3428.5695531667916,34.28569553166791,8.063237009016078,0.998864325407064,1.1513246035031188,-10.562287908061425,0.763398714293898,5.947329093656112,145,94,51,64.82758620689654,89.92329784552777,-90.49698757968713,446.1788608748621,-360.44496808095425,1.8314530104860587,6.951724137931034,25,45,55.55555555555556,4.088968718589148,-3.716491655006715,0.6003747164496035,1.43209091457389,219,
14,45,0.45,0.4,-0.5,10,25,2,10000,14822.129428736473,4822.129428736473,48.22129428736473,10.9066774071374,0.995785027236816,1.0796734652237177,-18.521359102074573,0.5888702522870336,8.788116960374175,79,55,24,69.62025316455697,203.27403693956367,-255.2273270057261,539.9859355147352,-719.5571541874639,1.8251820450351524,13.379746835443038,28,45,62.22222222222222,7.23647874692479,-7.198890278718839,0.8549015321424192,1.3365715564028984,226,
14,39,0.45,0.30000000000000004,-0.5,5,30,2,10000,15262.361889228545,5262.361889228545,52.62361889228545,11.76384551943206,0.9944242234945198,1.197769269724186,-13.360908058154541,0.8804675152488795,9.654536006739251,99,67,32,67.67676767676768,203.5324708336468,-251.50225517588873,594.0296122864004,-785.0156133371844,1.694402742074506,12.93939393939394,22,45,48.888888888888886,6.439030417420333,-5.594357068095346,0.8419466770411672,1.2836796397485055,311,
14,39,0.45,0.30000000000000004,-0.5,10,30,2,10000,15262.361889228545,5262.361889228545,52.62361889228545,11.76384551943206,0.9944242234945198,1.197769269724186,-13.360908058154541,0.8804675152488795,9.654536006739251,99,67,32,67.67676767676768,203.5324708336468,-251.50225517588873,594.0296122864004,-785.0156133371844,1.694402742074506,12.93939393939394,22,45,48.888888888888886,6.439030417420333,-5.594357068095346,0.8419466770411672,1.1925584951825183,346,
14,39,0.45,0.4,-0.5,15,40,8,10000,12868.429233971923,2868.429233971923,28.68429233971923,6.8588449943169705,0.9917766345153124,1.0441933685083946,-10.478234165129736,0.6545802361568093,4.7959163243081315,104,67,37,64.42307692307693,90.60620226296004,-79.86990047692983,446.1788608748621,-360.44496808095425,2.054224302328639,7.038461538461538,20,45,44.44444444444444,4.5380160443798,-3.046930121842406,0.48114452588277806,1.1152727212611468,76,
14,45,0.45,0.4,-0.5,5,30,2,10000,14802.211614140517,4802.211614140517,48.02211614140517,10.867454573365176,0.9898550153260638,1.0785649398915556,-18.550064728820402,0.5860489596074322,8.810418528662503,79,55,24,69.62025316455697,202.9118948560008,-255.2273270057261,539.9859355147352,-719.5571541874639,1.8219303989389661,13.417721518987342,28,45,62.22222222222222,7.249202815992661,-7.21157175652486,0.8563746567330435,1.3923005878780657,271,
14,42,0.45,0.4,-0.5,5,25,2,10000,14786.058397088012,4786.0583970880125,47.86058397088013,10.835616539778803,0.9895079694687826,1.0710355396110938,-18.575246332615748,0.5833363577393238,8.778124930579397,80,56,24,70.0,198.86446565583134,-254.85687186818498,539.9859355147352,-719.5571541874639,1.8206967821933728,13.4,27,45,60.0,7.231267083585191,-7.203301265696815,0.8491417228604193,1.358979312059939,250,
14,42,0.45,0.4,-0.5,10,25,2,10000,14786.058397088012,4786.0583970880125,47.86058397088013,10.835616539778803,0.9895079694687826,1.0710355396110938,-18.575246332615748,0.5833363577393238,8.778124930579397,80,56,24,70.0,198.86446565583134,-254.85687186818498,539.9859355147352,-719.5571541874639,1.8206967821933728,13.4,27,45,60.0,7.231267083585191,-7.203301265696815,0.8491417228604193,1.2691953261876632,276,
14,45,0.45,0.3,-0.4,10,60,2,10000,14945.22721072028,4945.227210720281,49.4522721072028,11.148227753278729,0.987062009482518,1.1028290767392197,-14.622964903441972,0.7626380142949177,9.119663129428524,82,57,25,69.51219512195121,212.70030181016736,-277.12012950628576,539.9859355147352,-629.3630000044051,1.7499872311375402,13.109756097560975,25,45,55.55555555555556,6.603210993754582,-4.508791609911722,0.8713295556689469,1.0595261950425077,2,
14,45,0.45,0.30000000000000004,-0.4,10,60,2,10000,14945.22721072028,4945.227210720281,49.4522721072028,11.148227753278729,0.987062009482515,1.1028290767392201,-14.622964903441972,0.7626380142949177,9.11966312942855,82,57,25,69.51219512195121,212.70030181016736,-277.12012950628576,539.9859355147352,-629.3630000044051,1.7499872311375402,13.109756097560975,25,45,55.55555555555556,6.603210993754582,-4.508791609911722,0.8713295556689469,1.048479795272753,5,
14,45,0.45,0.30000000000000004,-0.4,10,40,2,10000,14945.22721072028,4945.227210720281,49.4522721072028,11.148227753278729,0.987062009482515,1.1028290767392201,-14.622964903441972,0.7626380142949177,9.11966312942855,82,57,25,69.51219512195121,212.70030181016736,-277.12012950628576,539.9859355147352,-629.3630000044051,1.7499872311375402,13.109756097560975,25,45,55.55555555555556,6.603210993754582,-4.508791609911722,0.8713295556689469,1.202745964493107,172,
14,42,0.45,0.6,-0.5,15,45,8,10000,12525.592797919096,2525.5927979190965,25.255927979190968,6.102507084547426,0.985613597207217,0.974473254091376,-10.170657914635164,0.6003678169820835,4.075475903906086,99,70,29,70.70707070707071,76.09046048615738,-89.94273917627446,319.92556781093026,-412.0224728608678,2.0420395291690063,7.08080808080808,22,45,48.888888888888886,5.930519230209463,-3.3433818849799346,0.4678744826506575,1.1217252952901025,10,
14,42,0.45,0.6,-0.5,15,45,8,10000,12525.592797919096,2525.5927979190965,25.255927979190968,6.102507084547426,0.9856135972072128,0.9744732540913762,-10.170657914635163,0.6003678169820835,4.075475903906103,99,70,29,70.70707070707071,76.09046048615738,-89.94273917627446,319.92556781093026,-412.0224728608678,2.0420395291690063,7.08080808080808,22,45,48.888888888888886,5.930519230209463,-3.3433818849799346,0.4678744826506575,1.1588029011109333,31,
14,42,0.45,0.4,-0.5,15,25,8,10000,12512.214505108263,2512.2145051082625,25.122145051082622,6.072685269034439,0.9848262197835238,0.9543166811924038,-10.181648817576985,0.5964343671479733,4.045445444683404,99,70,29,70.70707070707071,75.88077058885972,-89.94273917627446,319.92556781093026,-412.0224728608678,2.0364120818331193,7.040404040404041,22,45,48.888888888888886,5.93765452574182,-3.3470496854737575,0.4607646043262571,1.255731599176979,181,
14,42,0.45,0.4,-0.4,5,25,2,10000,14849.453309871495,4849.453309871495,48.494533098714946,10.960421374745088,0.9836590717757842,1.0394895275094254,-17.507430478872486,0.6260439753264673,8.96183836482551,82,57,25,69.51219512195121,195.40794627042237,-242.1485149096192,539.9859355147352,-621.5842768505491,1.8399043977736353,13.268292682926829,27,45,60.0,7.222099761820089,-6.006888437815993,0.8558873439616697,1.3560285773991445,254,
14,42,0.45,0.4,-0.5,10,30,2,10000,14766.140582492057,4766.140582492057,47.661405824920564,10.796323165640231,0.9835782167796886,1.069900037688057,-18.604035477353843,0.5805252472115996,8.800415232095354,80,56,24,70.0,198.50879039518927,-254.85687186818498,539.9859355147352,-719.5571541874639,1.8174404095658088,13.4375,27,45,60.0,7.243972815585087,-7.2159983026512275,0.8506064593151887,1.2296653980018029,368,
14,39,0.45,0.2,-0.4,5,25,5,10000,15074.679853669753,5074.679853669753,50.74679853669753,11.400671470231337,0.9808409481363697,0.9680000449900575,-21.954018876387885,0.5192976982675849,9.43721089752338,90,65,25,72.22222222222221,179.63636075941454,-250.70568418779226,568.4996149245552,-587.5130912594274,1.862959507629785,10.966666666666667,26,45,57.77777777777777,6.422352410639376,-8.289451548403925,0.8991751664195246,1.1584470086717047,192,
14,39,0.45,0.30000000000000004,-0.5,15,30,8,10000,12837.896893691171,2837.8968936911715,28.378968936911715,6.792093635951391,0.9787999599743803,1.0238090826063129,-10.503802582375544,0.6466318823763811,4.79555984300176,103,66,37,64.07766990291263,91.49671532329654,-79.86990047692983,446.1788608748621,-360.44496808095425,2.043452615924073,7.048543689320389,20,45,44.44444444444444,4.549299792057648,-3.0545403975714036,0.47409205458684206,1.1719663570418073,235,
14,39,0.45,0.30000000000000004,-0.4,10,40,8,10000,13395.5193728934,3395.519372893399,33.95519372893399,7.993212298298613,0.9785452019074222,1.1254482006657922,-11.429130254775936,0.6993718787095333,6.008235259839652,146,94,52,64.38356164383562,91.13322410926364,-91.52941568516545,446.1788608748621,-479.71624289447806,1.7998675831622868,6.9520547945205475,25,45,55.55555555555556,4.040667850640145,-3.7407701634871837,0.5760419378700974,1.1576288717206857,185,
14,42,0.45,0.4,-0.4,10,30,2,10000,14829.535495275539,4829.535495275539,48.29535495275539,10.921251777142448,0.9778701831293183,1.038495176163743,-17.53456465200932,0.6230576803806948,8.984296127159993,82,57,25,69.51219512195121,195.0585109266337,-242.1485149096192,539.9859355147352,-621.5842768505491,1.836614216191743,13.304878048780488,27,45,60.0,7.234773271037986,-6.01747459093569,0.8573546684886114,1.2239443084480348,375,
14,45,0.45,0.4,-0.4,5,40,2,10000,14622.710339778294,4622.710339778294,46.22710339778294,10.51220792935641,0.9709195488344927,1.1329903196752455,-14.070706454547564,0.7473674030397065,8.634815431299451,81,55,26,67.90123456790124,198.11207444234205,-232.3448846057086,539.9859355147352,-637.7237386637088,1.8037119048626793,13.296296296296296,26,45,57.77777777777777,7.149901124451641,-4.771350481245918,0.8255484652301509,1.3275706152866036,140,
14,39,0.45,0.4,-0.3,10,30,2,10000,15098.27281760515,5098.27281760515,50.982728176051495,11.446507495173886,0.968504192397292,1.1507072978681674,-15.23399123792874,0.751379419641191,9.615172016383939,100,63,37,63.0,208.48581668022635,-207.69354657939357,627.0537539101808,-587.5130912594274,1.7091978512721977,12.88,22,45,48.888888888888886,6.402610395678776,-5.830455690377412,0.82027933701603,1.1718597356826252,70,
14,42,0.45,0.30000000000000004,-0.4,5,25,2,10000,14634.097453982551,4634.097453982551,46.34097453982552,10.534839073322155,0.9679489120542254,1.0407661676226774,-14.192025292006397,0.7423069545441032,8.684118683814091,80,55,25,68.75,199.9394273218903,-246.47693715547837,539.9859355147352,-608.3169050094338,1.7846162208299814,13.1125,26,45,57.77777777777777,7.013714988506092,-5.909949976165018,0.8188367464242188,1.2735078882924762,276,
14,39,0.45,0.30000000000000004,-0.5,5,50,2,10000,15214.908470582879,5214.908470582879,52.149084705828784,11.67233304655535,0.9675993452750671,1.1422135105869495,-13.409124417809606,0.8704768993755102,9.85808152553017,101,68,33,67.32673267326733,201.9332344250961,-248.07302967655463,594.0296122864004,-785.0156133371844,1.6773481874940934,12.96039603960396,21,45,46.666666666666664,6.46275082053156,-5.614955060377769,0.838408150487815,1.0110380277202369,36,
14,39,0.45,0.30000000000000004,-0.5,5,40,2,10000,15214.908470582879,5214.908470582879,52.149084705828784,11.67233304655535,0.9675993452750671,1.1422135105869495,-13.409124417809606,0.8704768993755102,9.85808152553017,101,68,33,67.32673267326733,201.9332344250961,-248.07302967655463,594.0296122864004,-785.0156133371844,1.6773481874940934,12.96039603960396,21,45,46.666666666666664,6.46275082053156,-5.614955060377769,0.838408150487815,1.2265786064266184,160,
14,45,0.45,0.6,-0.1999999999999999,5,55,2,10000,14521.27048246785,4521.270482467849,45.2127048246785,10.31002744935614,0.9653811873281188,0.9648944012370306,-14.91943499937814,0.69129963352624,8.482287454372345,80,52,28,65.0,210.88845085574545,-222.87076222130207,770.1552868367966,-450.0048010126905,1.757296364301823,12.7625,24,45,53.333333333333336,6.99066708332019,-5.649384338647423,0.8072012416989408,0.9062125823475676,4,
14,45,0.45,0.6,-0.19999999999999996,5,55,2,10000,14521.27048246785,4521.270482467849,45.2127048246785,10.310027449356141,0.9653811873281185,0.9648944012370309,-14.91943499937814,0.69129963352624,8.482287454372353,80,52,28,65.0,210.88845085574545,-222.87076222130207,770.1552868367966,-450.00480101269045,1.7572963643018227,12.7625,24,45,53.333333333333336,6.99066708332019,-5.6493843386474225,0.8072012416989408,0.9062125823475677,4,
14,42,0.45,0.30000000000000004,-0.4,10,30,2,10000,14621.462117219871,4621.462117219871,46.21462117219871,10.509726378967944,0.9641696546354942,1.041518377679745,-14.20628234487588,0.7400603093325305,8.699494117095883,79,55,24,69.62025316455697,199.57728523832745,-256.4433729605699,539.9859355147352,-608.3169050094338,1.783491640763997,13.126582278481013,26,45,57.77777777777777,7.0212923635522895,-5.916446248219442,0.8213447970137051,1.1484373563454748,422,
14,39,0.45,0.2,-0.4,10,25,8,10000,13202.49835429865,3202.49835429865,32.024983542986504,7.581687838267603,0.9619636103343654,1.0706589690517707,-11.540037184236986,0.6569898967590628,5.6955093058196775,148,95,53,64.1891891891892,86.86984832830555,-87.59553130455815,258.5807434552453,-479.71624289447806,1.777603299793331,6.824324324324325,24,45,53.333333333333336,4.070940179022475,-3.7789925890322706,0.5623784835393744,1.1709609672344123,182,
14,42,0.45,0.30000000000000004,-0.4,15,35,8,10000,12478.160767071908,2478.1607670719077,24.781607670719076,5.996669234672836,0.9616375334071751,0.9501940933930141,-10.170657914635163,0.5899612660670056,4.073071779325936,99,70,29,70.70707070707071,75.41286004548326,-89.94273917627446,319.92556781093026,-412.0224728608678,2.0238547675576526,7.0606060606060606,22,45,48.888888888888886,5.930519230209463,-3.3433818849799346,0.4592215983383157,1.1965290193376805,251,
14,45,0.45,0.6,-0.5,15,40,8,10000,12477.750085126205,2477.750085126205,24.77750085126205,5.995751562523677,0.9612100921134689,0.9484820977271363,-10.498530830871669,0.5714491497113392,4.074021390092478,100,71,29,71.0,74.38595393893374,-90.13284981165974,319.92556781093026,-412.0224728608678,2.020543407716665,7.1,22,45,48.888888888888886,5.947126384103707,-3.348555606056214,0.4595163036347712,1.12580322758352,23,
14,39,0.45,0.30000000000000004,-0.5,10,25,2,10000,14885.784684519493,4885.784684519493,48.85784684519493,11.03176962745913,0.9463616898034062,1.1559218818593218,-16.802641977959283,0.6565497046196638,9.426443214266117,100,67,33,67.0,195.42666604056265,-239.0715287636624,582.4568050094487,-785.0156133371844,1.6596512111503277,12.82,23,45,51.11111111111111,6.658782508388272,-5.899818624938469,0.8314968144468783,1.2230414571989492,256,
14,42,0.45,0.5,-0.19999999999999996,10,55,2,10000,14372.728808558359,4372.728808558359,43.72728808558359,10.01208160726148,0.9451041734764376,0.9269448405932429,-13.218252211823748,0.7577283104773926,8.367508295310223,78,51,27,65.38461538461539,208.41971958787335,-224.3936766884712,770.1552868367966,-415.4916487462241,1.7544241814862969,12.948717948717949,25,45,55.55555555555556,7.042630941335415,-5.71772721747188,0.7835822716004115,0.840610469986263,9,
14,42,0.45,0.5,-0.1999999999999999,10,55,2,10000,14372.72880855836,4372.728808558359,43.72728808558359,10.01208160726148,0.9451041734764368,0.9269448405932428,-13.218252211823748,0.7577283104773926,8.36750829531023,78,51,27,65.38461538461539,208.4197195878733,-224.3936766884712,770.1552868367966,-415.4916487462241,1.7544241814862969,12.948717948717947,25,45,55.55555555555556,7.042630941335415,-5.71772721747188,0.7835822716004115,0.965852016094178,7,
14,45,0.45,0.2,-0.5,15,45,8,10000,12470.792111845714,2470.7921118457143,24.707921118457143,5.980200530360369,0.9441708051689578,0.9301532971285051,-11.169755004176782,0.5357167592564456,4.134621700682876,98,70,28,71.42857142857143,77.0785939881694,-97.53605240450611,251.90701114447813,-412.0224728608678,1.9756436745180497,7.061224489795919,22,45,48.888888888888886,5.940693704243638,-3.345264864759634,0.45894341709687786,1.2572135980552053,31,
14,45,0.45,0.30000000000000004,-0.5,15,35,8,10000,12430.318054279016,2430.318054279016,24.30318054279016,5.889614232716256,0.9371237785870825,0.9241488621049517,-10.498530830871669,0.5613390722811553,4.071585935621267,100,71,29,71.0,73.71789716643812,-90.13284981165974,319.92556781093026,-412.0224728608678,2.002397001894477,7.08,22,45,48.888888888888886,5.947126384103707,-3.348555606056214,0.4508293010179337,1.2754066189672053,196,
14,45,0.45,0.2,-0.5,15,25,8,10000,12424.952680996314,2424.9526809963136,24.249526809963136,5.877589506850178,0.9261439756712687,0.8945045929852382,-11.1852989252489,0.5254745131202998,4.1053824934811605,98,70,28,71.42857142857143,76.38660211889218,-97.53605240450611,251.90701114447813,-412.0224728608678,1.957906851768464,7.061224489795919,22,45,48.888888888888886,5.950001979934694,-3.3500264528112944,0.4459242797664115,1.2464018240694217,140,
14,36,0.45,0.4,-0.3,5,50,8,10000,13271.031034231466,3271.031034231466,32.710310342314656,7.728305399962654,0.9242137623809716,1.0448118133561404,-11.946238597297778,0.6469237439900778,6.101531344700633,137,92,45,67.15328467153284,92.51609291011664,-106.67500968334338,446.1788608748621,-375.7029227613193,1.7730864307699958,6.817518248175182,24,45,53.333333333333336,4.080117662207528,-3.8593767520481936,0.555901695983151,0.6573684539792017,2,
14,36,0.45,0.4,-0.3,5,50,8,10000,13271.031034231466,3271.031034231466,32.710310342314656,7.728305399962654,0.9242137623809715,1.0448118133561404,-11.946238597297778,0.6469237439900778,6.101531344700634,137,92,45,67.15328467153284,92.51609291011665,-106.67500968334338,446.1788608748621,-375.7029227613193,1.7730864307699958,6.817518248175182,24,45,53.333333333333336,4.0801176622075275,-3.8593767520481936,0.555901695983151,0.8618698539276776,4,
14,42,0.45,0.2,-0.3,10,35,5,10000,13749.017774973572,3749.017774973572,37.49017774973572,8.735683680187645,0.9186207288887888,0.9635272542735377,-12.41534965352467,0.7039191469551539,7.240003492986011,88,60,28,68.18181818181817,154.45445148256366,-189.68220336235018,366.04979327084834,-451.0164659292315,1.7448860185013444,11.590909090909092,25,45,55.55555555555556,5.605289521223122,-4.1775341997024595,0.7004716833904644,1.055447074809387,69,
14,39,0.45,0.4,-0.4,15,30,8,10000,12704.541202507617,2704.5412025076166,27.045412025076164,6.499165580838295,0.9111945736927817,0.9292135005370781,-11.457018996953819,0.5672649737742678,4.852579381630111,102,65,37,63.725490196078425,92.74764029912932,-83.23393018745354,446.1788608748621,-479.71624289447806,1.9575555714092796,7.019607843137255,20,45,44.44444444444444,4.599248664726763,-3.7503779437025764,0.4517131817794964,1.2015226350685904,206,
28,45,0.45,0.3,-0.3,5,60,14,10000,14309.06526124435,4309.06526124435,43.09065261244351,9.883689864453116,0.901888402723276,0.9743441478900504,-14.293505840533772,0.6925330531071517,8.679604303158582,86,57,29,66.27906976744185,192.6932161379006,-220.2999725412067,459.57379877088607,-887.8452597658651,1.7192096496745166,13.732558139534884,29,45,64.44444444444444,7.052212674419245,-6.784234647493292,0.7805091135638456,0.6810918239131797,2,
28,45,0.45,0.30000000000000004,-0.3,5,60,14,10000,14309.06526124435,4309.06526124435,43.090652612443506,9.883689864453116,0.9018884027232754,0.9743441478900504,-14.293505840533772,0.6925330531071517,8.67960430315859,86,57,29,66.27906976744185,192.6932161379006,-220.2999725412067,459.57379877088607,-887.8452597658651,1.7192096496745166,13.732558139534884,29,45,64.44444444444444,7.052212674419245,-6.784234647493292,0.7805091135638456,0.6810918239131795,2,
14,39,0.45,0.4,-0.5,5,25,2,10000,14853.453145872667,4853.453145872667,48.53453145872667,10.9682826272963,0.8999561920070845,1.0968621348354126,-14.818998182287338,0.7401500757592594,9.89925215229435,95,61,34,64.21052631578948,210.30851660185496,-223.669501123963,627.0537539101808,-785.0156133371844,1.686945332582616,13.305263157894737,22,45,48.888888888888886,6.569720897030962,-5.97454380480057,0.8331351398645785,1.395911306321571,217,
14,39,0.45,0.4,-0.5,10,40,2,10000,14852.295322317717,4852.295322317717,48.522953223177176,10.966007208605966,0.8959195239197251,1.098485047110089,-14.820311867965211,0.7399309344029054,9.946833715977842,95,60,35,63.1578947368421,216.34997062810092,-221.58570247835968,627.0537539101808,-785.0156133371844,1.6737797600912832,13.357894736842105,22,45,48.888888888888886,6.570337133339588,-5.975114960236338,0.787770503414727,1.2039305727610048,145,
14,39,0.45,0.4,-0.5,10,55,2,10000,14852.295322317717,4852.295322317717,48.522953223177176,10.966007208605966,0.8959195239197251,1.098485047110089,-14.820311867965211,0.7399309344029054,9.946833715977842,95,60,35,63.1578947368421,216.34997062810092,-221.58570247835968,627.0537539101808,-785.0156133371844,1.6737797600912832,13.357894736842105,22,45,48.888888888888886,6.570337133339588,-5.975114960236338,0.787770503414727,0.8799860754853577,12,
14,39,0.45,0.4,-0.5,5,40,2,10000,14852.295322317717,4852.295322317717,48.522953223177176,10.966007208605966,0.8959195239197251,1.098485047110089,-14.820311867965211,0.7399309344029054,9.946833715977842,95,60,35,63.1578947368421,216.34997062810092,-221.58570247835968,627.0537539101808,-785.0156133371844,1.6737797600912832,13.357894736842105,22,45,48.888888888888886,6.570337133339588,-5.975114960236338,0.787770503414727,1.273333880109425,133,
14,39,0.45,0.2,-0.4,10,35,2,10000,14612.430690998153,4612.430690998153,46.124306909981534,10.49176664329563,0.8929900869577077,0.9850280823356263,-15.496564894981155,0.6770382155269508,9.44613700125228,104,73,31,70.1923076923077,171.26660444545863,-243.53193362977314,568.4996149245552,-739.940839012405,1.656067127674095,11.875,24,45,53.333333333333336,7.158638834414055,-5.279813882721928,0.7921391475115971,1.2325598654333616,250,
14,42,0.45,0.30000000000000004,-0.5,5,25,2,10000,14296.631444501141,4296.631444501141,42.96631444501141,9.85856518285486,0.8923802930976474,0.9788010841410332,-15.275169699560283,0.645398079154476,8.735413780665084,82,56,26,68.29268292682927,193.23930512366755,-243.28546240729978,539.9859355147352,-719.5571541874639,1.7107793042549937,13.182926829268293,26,45,57.77777777777777,7.190898000042334,-7.0863749219224115,0.7700396948558411,1.2750064210453143,272,
14,42,0.45,0.30000000000000004,-0.5,10,25,2,10000,14296.631444501141,4296.631444501141,42.96631444501141,9.85856518285486,0.8923802930976474,0.9788010841410332,-15.275169699560283,0.645398079154476,8.735413780665084,82,56,26,68.29268292682927,193.23930512366755,-243.28546240729978,539.9859355147352,-719.5571541874639,1.7107793042549937,13.182926829268293,26,45,57.77777777777777,7.190898000042334,-7.0863749219224115,0.7700396948558411,1.1859410347309232,302,
14,42,0.45,0.30000000000000004,-0.5,15,30,8,10000,12337.160056579798,2337.160056579798,23.37160056579798,5.680285340311486,0.8891768435953809,0.8669898234671956,-10.250035781493368,0.5545248452620063,4.068158791851667,100,70,30,70.0,73.19423904160644,-86.55455587775674,319.92556781093026,-412.0224728608678,1.9731665887692227,7.03,22,45,48.888888888888886,5.982090617105285,-3.3698739606059958,0.4319306405349736,1.145369624278088,281,
14,42,0.45,0.30000000000000004,-0.5,10,30,2,10000,14283.996107738461,4283.996107738461,42.839961077384615,9.833016792969286,0.8886814923300647,0.9791628991356599,-15.290514859783446,0.6433251638676273,8.750940799575934,81,56,25,69.1358024691358,192.8836298630255,-252.72558179026046,539.9859355147352,-719.5571541874639,1.7095987190238127,13.197530864197532,26,45,57.77777777777777,7.198863273056033,-7.094165056012636,0.7725104155489186,1.1545943745840768,413,
14,39,0.45,0.4,-0.5,10,30,2,10000,14794.323785567653,4794.3237855676525,47.94323785567652,10.851910842908264,0.887478118093648,1.0718366974618305,-16.541844175618785,0.6560278725695543,9.92274705804861,97,62,35,63.91752577319587,208.37078041162263,-221.50746489506324,627.0537539101808,-785.0156133371844,1.6663725263023572,13.34020618556701,23,45,51.11111111111111,6.601340218408702,-6.003852661308107,0.7801971171838071,1.2772607156939613,310,
14,45,0.45,0.4,-0.5,15,30,8,10000,12328.147135499104,2328.1471354991045,23.281471354991044,5.659971299541278,0.8839409924998304,0.8607433437084854,-10.58779660312243,0.5349162797952963,4.070592128323407,101,71,30,70.29702970297029,72.0591129613792,-86.73832949196252,319.92556781093026,-412.0224728608678,1.9661423234011781,7.108910891089109,22,45,48.888888888888886,6.003680837473935,-3.377458926912813,0.4306526894380615,1.2663019674553893,188,
14,45,0.45,0.30000000000000004,-0.5,10,25,2,10000,14250.478170634406,4250.478170634406,42.504781706344055,9.76516343257372,0.8752557262819933,0.9714266990551624,-15.220080248818277,0.6415973682748427,8.817116428540714,82,55,27,67.07317073170732,199.80670857887614,-241.0260757926555,539.9859355147352,-719.5571541874639,1.6886706730178571,13.170731707317072,25,45,55.55555555555556,7.199634420177969,-7.0821059314353345,0.7643865370863019,1.2557845014750049,245,
14,36,0.45,0.6,-0.4,15,35,8,10000,12638.87846053957,2638.8784605395704,26.388784605395703,6.354098106841399,0.8728589385920194,0.9076357905980981,-12.323037054882674,0.5156276069399433,4.9126865317972275,96,65,31,67.70833333333334,94.27918605258999,-104.16995589931373,518.9910852323112,-479.71624289447806,1.897688854691356,6.927083333333333,21,45,46.666666666666664,5.258681469109594,-3.759588080406129,0.44411006375250006,0.5798378441541795,3,
14,36,0.45,0.6,-0.4,15,35,8,10000,12638.87846053957,2638.8784605395704,26.388784605395703,6.354098106841399,0.8728589385920124,0.9076357905980978,-12.323037054882674,0.5156276069399433,4.912686531797266,96,65,31,67.70833333333334,94.27918605259,-104.16995589931372,518.9910852323112,-479.71624289447806,1.897688854691356,6.927083333333333,21,45,46.66666666666666,5.258681469109594,-3.759588080406129,0.4441100637525,0.0886695672878329,2,
14,45,0.45,0.30000000000000004,-0.5,10,30,2,10000,14237.842833871726,4237.842833871726,42.37842833871726,9.739554063229372,0.8716080326335366,0.9717026139301019,-15.235370067171928,0.6395188964072678,8.832712020330503,81,55,26,67.90123456790124,199.4445664953133,-250.01621417570828,539.9859355147352,-719.5571541874639,1.6874984247610925,13.185185185185185,25,45,55.55555555555556,7.207619070153615,-7.08988667729844,0.7668544297304413,1.2331062219667113,331,
14,39,0.45,0.2,-0.5,10,30,2,10000,14516.723934282001,4516.723934282001,45.16723934282002,10.300941353427739,0.8693495200401316,0.9693535301309564,-18.546970485745508,0.5553975168798941,9.510606342932949,95,67,28,70.52631578947368,191.0101182096954,-283.8183033846512,568.4996149245552,-785.0156133371844,1.6103962297900711,11.873684210526315,24,45,53.333333333333336,7.1479618276874435,-6.108213037736809,0.7811923869977997,1.1302254673082273,256,
14,39,0.45,0.2,-0.5,5,40,2,10000,14516.723934282001,4516.723934282001,45.16723934282002,10.300941353427739,0.8693495200401316,0.9693535301309564,-18.546970485745508,0.5553975168798941,9.510606342932949,95,67,28,70.52631578947368,191.0101182096954,-283.8183033846512,568.4996149245552,-785.0156133371844,1.6103962297900711,11.873684210526315,24,45,53.333333333333336,7.1479618276874435,-6.108213037736809,0.7811923869977997,1.2679065066557755,134,
14,45,0.45,0.5,-0.5,10,40,2,10000,14038.88957558999,4038.8895755899903,40.3888957558999,9.33408878796309,0.8359020751536149,0.9093252488928047,-14.619844073650903,0.6387091314297972,8.759476373496797,79,52,27,65.82278481012658,196.00898378674248,-220.67148005504325,770.1552868367966,-608.3169050094338,1.710682248087158,13.518987341772151,26,45,57.77777777777777,7.192939880217697,-4.771350481245918,0.7330858046829375,1.0078355165360078,57,
14,45,0.45,0.6,-0.3,10,30,2,10000,14049.3200035325,4049.320003532501,40.493200035325,9.355450749592386,0.80604327849393,0.810592212921105,-16.52599882766661,0.566331312237555,9.153278399671477,79,53,26,67.08860759493672,196.61481346256892,-237.28144192881487,770.1552868367966,-584.2550429358288,1.6890985315888096,13.177215189873417,25,45,55.55555555555556,7.209974628718818,-5.985785876444371,0.7353187839089402,1.3010453849989418,7,
14,45,0.45,0.5,-0.5,5,25,2,10000,13970.20224983285,3970.2022498328497,39.702022498328496,9.193121305428352,0.792693764530366,0.8061981461633311,-18.521359102074573,0.49635241424581167,9.110023629178366,78,53,25,67.94871794871796,197.85413240536684,-252.72076591268532,770.1552868367966,-719.5571541874639,1.6597399868766518,13.448717948717949,27,45,60.0,7.23647874692479,-7.198890278718839,0.7223875144752332,1.4998031750455951,103,
14,45,0.45,0.6,-0.5,10,55,2,10000,13949.968208975415,3949.968208975415,39.49968208975415,9.151497464554282,0.7871165281233087,0.8051142474253079,-18.55052119283507,0.49352954814003563,9.133094186575716,78,53,25,67.94871794871796,197.47235804956617,-252.72076591268532,770.1552868367966,-719.5571541874639,1.6565373943576933,13.5,27,45,60.0,7.249405191220015,-7.211773455009595,0.7236268172473037,0.9126015558607422,12,
14,42,0.45,0.6,-0.5,10,30,2,10000,13931.425872362192,3931.425872362192,39.31425872362191,9.113314574839482,0.7838117511936983,0.8005242793048338,-18.6044932694342,0.4900453892774017,9.126108580160125,79,54,25,68.35443037974683,193.3315132724592,-252.36512898064584,770.1552868367966,-719.5571541874639,1.6547296782058103,13.518987341772153,26,45,57.77777777777777,7.244174898902966,-7.216200248825144,0.720458544723274,0.3711172079032865,2,
14,42,0.45,0.6,-0.5,10,30,2,10000,13931.425872362192,3931.4258723621915,39.31425872362191,9.113314574839482,0.7838117511936976,0.8005242793048335,-18.6044932694342,0.49004538927740177,9.126108580160134,79,54,25,68.35443037974683,193.3315132724592,-252.36512898064584,770.1552868367966,-719.5571541874639,1.6547296782058103,13.518987341772151,26,45,57.77777777777777,7.244174898902966,-7.216200248825144,0.720458544723274,1.3774236876463328,45,
14,42,0.45,0.6,-0.5,5,45,2,10000,13931.425872362192,3931.4258723621915,39.31425872362191,9.113314574839482,0.7838117511936976,0.8005242793048335,-18.6044932694342,0.49004538927740177,9.126108580160134,79,54,25,68.35443037974683,193.3315132724592,-252.36512898064584,770.1552868367966,-719.5571541874639,1.6547296782058103,13.518987341772151,26,45,57.77777777777777,7.244174898902966,-7.216200248825144,0.720458544723274,1.1586433861761531,31,
14,42,0.45,0.6,-0.4,10,45,2,10000,13994.820785145674,3994.8207851456737,39.948207851456736,9.243704706082712,0.7837241300554326,0.7865898403484248,-17.534996127472798,0.527370560550178,9.300710081541322,81,55,26,67.90123456790124,189.84990140727845,-240.24139124693025,770.1552868367966,-621.5842768505491,1.6716751371809022,13.382716049382717,26,45,57.77777777777777,7.23497484139981,-6.01764296347832,0.7277827618079296,1.013353023208191,11,
14,42,0.45,0.6,-0.4,10,45,2,10000,13994.820785145674,3994.8207851456737,39.948207851456736,9.243704706082712,0.7837241300554326,0.7865898403484248,-17.534996127472798,0.527370560550178,9.300710081541318,81,55,26,67.90123456790124,189.84990140727845,-240.24139124693025,770.1552868367966,-621.5842768505491,1.6716751371809022,13.382716049382717,26,45,57.77777777777777,7.2349748413998105,-6.01764296347832,0.7277827618079296,1.104674481166587,33,
14,33,0.45,0.2,-0.4,5,35,8,10000,12760.239927640612,2760.239927640612,27.60239927640612,6.621787224311704,0.7343284238085661,0.8474569023265305,-13.080399133585384,0.5062373981623792,6.286842859778588,149,101,48,67.78523489932886,81.708389185456,-105.59390375188376,308.37087777250974,-479.71624289447806,1.6282007085849075,6.87248322147651,25,45,55.55555555555556,4.159335375770001,-3.916488804825935,0.4741931687368894,0.7343284238085661,2,
14,33,0.45,0.2,-0.4,5,45,8,10000,12760.239927640612,2760.239927640612,27.60239927640612,6.621787224311704,0.7343284238085661,0.8474569023265305,-13.080399133585384,0.5062373981623792,6.286842859778588,149,101,48,67.78523489932886,81.708389185456,-105.59390375188376,308.37087777250974,-479.71624289447806,1.6282007085849075,6.87248322147651,25,45,55.55555555555556,4.159335375770001,-3.916488804825935,0.4741931687368894,0.7343284238085661,1,
14,33,0.45,0.2,-0.4,5,35,8,10000,12760.239927640612,2760.239927640612,27.60239927640612,6.621787224311704,0.7343284238085633,0.8474569023265307,-13.080399133585383,0.5062373981623792,6.286842859778612,149,101,48,67.78523489932886,81.708389185456,-105.59390375188376,308.37087777250974,-479.71624289447806,1.6282007085849077,6.87248322147651,25,45,55.55555555555556,4.159335375770001,-3.916488804825935,0.4741931687368894,0.5962746866503705,5,
14,33,0.45,0.2,-0.4,5,45,8,10000,12760.239927640612,2760.239927640612,27.60239927640612,6.621787224311704,0.7343284238085633,0.8474569023265307,-13.080399133585383,0.5062373981623792,6.286842859778612,149,101,48,67.78523489932886,81.708389185456,-105.59390375188376,308.37087777250974,-479.71624289447806,1.6282007085849077,6.87248322147651,25,45,55.55555555555556,4.159335375770001,-3.916488804825935,0.4741931687368894,0.19074355009664867,2,
14,45,0.45,0.5,-0.4,15,25,5,10000,12801.061300657337,2801.0613006573367,28.010613006573365,6.711405886976052,0.7327201889150372,0.703015963417891,-14.92256363027811,0.4497488536995417,6.428017062722077,62,38,24,61.29032258064516,198.01714358760398,-190.1351056598819,442.5600452960221,-591.4046076803031,1.6489703094311838,12.96774193548387,21,45,46.666666666666664,6.065051433943114,-4.529041934217659,0.5069846803337579,1.0597457148714897,54,
14,39,0.45,0.2,-0.5,15,30,5,10000,13122.512444826512,3122.5124448265124,31.225124448265124,7.4098564162691005,0.7321935750237476,0.7260376955795645,-16.67123239230449,0.4444696253943123,7.418166391375336,73,51,22,69.86301369863014,160.8180876495805,-220.9472399910643,388.4078234947649,-504.44939078645007,1.6873058330083903,11.684931506849315,20,45,44.44444444444444,6.106160502910818,-6.394639431051008,0.543531732192457,1.0772203196921073,225,
14,39,0.45,0.5,-0.4,5,25,2,10000,14070.779552531974,4070.7795525319743,40.707795525319746,9.399364089299977,0.7292266376822975,0.786408772722285,-13.788398415253731,0.6816864298685855,10.32362790970059,98,61,37,62.244897959183675,195.360186483617,-203.59325221544077,627.0537539101808,-587.5130912594274,1.581979284387777,13.214285714285714,21,45,46.666666666666664,6.3479111499262775,-5.0420456361566,0.7095307488572387,1.467851490413031,112,
14,42,0.45,0.4,-0.5,15,30,5,10000,12748.881436100475,2748.881436100475,27.488814361004753,6.596813385405764,0.7222889726418947,0.7009527806949947,-14.730047036910815,0.44809489600445246,6.371668562444674,65,41,24,63.07692307692307,183.93044072398555,-192.88829223952055,442.5600452960221,-591.4046076803031,1.6289972774153496,13.061538461538461,21,45,46.666666666666664,6.078332769515593,-4.537328074204117,0.5027895757293988,1.0938180761650915,280,
14,33,0.45,0.2,-0.4,10,55,5,10000,14044.028264082352,4044.028264082352,40.44028264082352,9.344614502519178,0.721743434744803,0.7722439382762016,-25.89293701842225,0.360894343344314,10.367256579098344,105,73,32,69.52380952380952,156.99437936448027,-215.95851168265887,566.843543263238,-626.2187677618879,1.6583899617325375,11.2,25,45,55.55555555555556,6.524172694357011,-10.027389170534208,0.7227096081481741,0.1427176411722341,3,
14,33,0.45,0.2,-0.4,10,55,5,10000,14044.028264082352,4044.0282640823516,40.44028264082352,9.344614502519178,0.7217434347448018,0.7722439382762017,-25.892937018422252,0.360894343344314,10.367256579098356,105,73,32,69.52380952380952,156.99437936448027,-215.95851168265895,566.843543263238,-626.2187677618879,1.6583899617325377,11.2,25,45,55.55555555555556,6.524172694357011,-10.027389170534207,0.7227096081481741,-0.17352762475308275,4,
14,39,0.45,0.4,-0.3,15,30,5,10000,13075.116618061062,3075.1166180610617,30.751166180610618,7.3076728422469595,0.7181003566657959,0.6487114666982786,-17.40675605731398,0.41981819117735136,7.433927355788573,66,43,23,65.15151515151516,209.69615727210925,-248.7324956148239,492.9197154823635,-587.5130912594274,1.5761536943031713,12.545454545454545,20,45,44.44444444444444,6.584975867131049,-5.499257373447552,0.49233074470248384,0.9391535022222381,55,
14,45,0.45,0.30000000000000004,-0.5,15,30,5,10000,12771.992373120318,2771.992373120318,27.719923731203178,6.647610008148308,0.7161702834626963,0.6645385761763425,-14.050497015650517,0.47338234709244387,6.504880175330509,61,39,22,63.934426229508205,192.568538430186,-208.08331844647628,426.4608904160144,-591.4046076803031,1.6405519793372052,12.754098360655737,22,45,48.888888888888886,4.821477050790546,-4.519868896748114,0.498842243541846,1.1306844362823694,261,
14,39,0.45,0.6,-0.5,5,25,2,10000,14000.466556287178,4000.466556287178,40.00466556287178,9.25529575748718,0.7150230230230608,0.7890233212102725,-14.930729670262005,0.6198823474730266,10.346775248187802,94,60,34,63.829787234042556,200.69901597517455,-227.37743856546882,627.0537539101808,-785.0156133371844,1.557651173785476,13.404255319148936,22,45,48.888888888888886,6.449661935240192,-5.863306954543923,0.7010562386622177,1.499467117615959,31,
14,45,0.45,0.30000000000000004,-0.4,15,35,5,10000,12783.826923005117,2783.8269230051174,27.83826923005117,6.673595505048824,0.7109132376961036,0.6565768615994612,-13.963758687291039,0.47818383217557775,6.595740126072938,63,39,24,61.904761904761905,188.46015109438068,-183.51963957671975,426.4608904160144,-591.4046076803031,1.6687464417144455,12.698412698412698,22,45,48.888888888888886,4.81688668229916,-4.5197273397892594,0.5018163693233858,1.1699455776989334,235,
14,45,0.45,0.3,-0.4,15,35,5,10000,12783.826923005116,2783.8269230051174,27.83826923005117,6.673595505048824,0.7109132376961003,0.656576861599461,-13.96375868729104,0.4781838321755777,6.595740126072968,63,39,24,61.90476190476191,188.46015109438068,-183.51963957671973,426.4608904160144,-591.4046076803031,1.6687464417144455,12.698412698412698,22,45,48.888888888888886,4.81688668229916,-4.5197273397892594,0.5018163693233858,0.8114223034208233,4,
14,30,0.45,0.6,-0.4,15,35,5,10000,13743.780715432218,3743.780715432218,37.437807154322186,8.724787257960731,0.7085639800265526,0.6630048583592224,-24.0839584504006,0.3622655003299762,9.654791528782974,69,46,23,66.66666666666666,225.8790372793396,-269.5333019016431,778.168860549253,-626.2187677618879,1.6760751690844227,12.710144927536232,20,45,44.44444444444444,7.731219054288463,-8.755003510557701,0.5941688972086546,0.7085639800265526,1,
14,30,0.45,0.6,-0.4,15,35,5,10000,13743.780715432218,3743.780715432218,37.437807154322186,8.724787257960731,0.7085639800265507,0.6630048583592224,-24.0839584504006,0.3622655003299762,9.654791528783,69,46,23,66.66666666666666,225.8790372793396,-269.5333019016431,778.168860549253,-626.2187677618879,1.6760751690844229,12.710144927536232,20,45,44.44444444444444,7.731219054288463,-8.755003510557701,0.5941688972086546,0.7085639800265507,1,
14,42,0.45,0.30000000000000004,-0.5,15,30,5,10000,12677.470839043963,2677.4708390439628,26.774708390439628,6.439426628138967,0.6917508968289797,0.6368621231925733,-14.071188407940083,0.457890731657406,6.44625266818187,62,40,22,64.51612903225806,189.77541874193307,-215.99537685449593,354.22055293220336,-887.1069115204547,1.597470376075976,12.774193548387096,21,45,46.666666666666664,5.631468849475252,-4.521337076573406,0.4841679603484955,1.0530453496950822,332,
21,42,0.45,0.30000000000000004,-0.3,10,30,8,10000,13118.993716210718,3118.993716210718,31.189937162107178,7.4022795283636755,0.687349373317583,0.7109619098099703,-11.284854087534017,0.6565992068618182,7.964568863163827,92,63,29,68.47826086956522,147.94771337920048,-204.21641971614346,434.61988477210156,-711.9620093896194,1.5738384486900467,13.326086956521738,28,45,62.22222222222222,5.662911079805677,-5.28091880506405,0.6152571876562767,1.0641176006234225,102,
14,42,0.45,0.30000000000000004,-0.5,15,35,5,10000,12677.865489449927,2677.865489449927,26.778654894499272,6.440298218683527,0.6858373536811773,0.636273232402584,-14.070769261006433,0.45796631699524426,6.508955302129446,64,40,24,62.5,185.76974108952285,-191.249022262356,354.22055293220336,-887.1069115204547,1.6189166955555583,12.765625,21,45,46.666666666666664,5.631287901310178,-4.521195427637748,0.48519604285402285,1.110878689537379,289,
14,42,0.45,0.30000000000000004,-0.5,15,40,5,10000,12677.865489449927,2677.865489449927,26.778654894499272,6.440298218683527,0.6858373536811773,0.636273232402584,-14.070769261006433,0.45796631699524426,6.508955302129446,64,40,24,62.5,185.76974108952285,-191.249022262356,354.22055293220336,-887.1069115204547,1.6189166955555583,12.765625,21,45,46.666666666666664,5.631287901310178,-4.521195427637748,0.48519604285402285,1.0280899610382968,130,
14,42,0.45,0.30000000000000004,-0.5,15,45,5,10000,12677.865489449927,2677.865489449927,26.778654894499272,6.440298218683527,0.6858373536811773,0.636273232402584,-14.070769261006433,0.45796631699524426,6.508955302129446,64,40,24,62.5,185.76974108952285,-191.249022262356,354.22055293220336,-887.1069115204547,1.6189166955555583,12.765625,21,45,46.666666666666664,5.631287901310178,-4.521195427637748,0.48519604285402285,1.0550096656756434,60,
14,42,0.45,0.4,-0.4,15,25,5,10000,12689.929022783106,2689.929022783106,26.899290227831063,6.466931046895841,0.6791966878496748,0.6318072725382806,-14.938764703812831,0.43289597065848967,6.614596802738625,62,38,24,61.29032258064516,200.6080944178963,-198.7054560526041,442.5600452960221,-591.4046076803031,1.5984940179209195,12.951612903225806,21,45,46.666666666666664,6.065051433943114,-4.529041934217659,0.4896727388386787,1.1224639374151597,223,
14,42,0.45,0.30000000000000004,-0.4,15,30,5,10000,12660.19455733479,2660.1945573347894,26.601945573347898,6.4012521235214725,0.6753275400774726,0.6104732902190391,-13.984839250054659,0.45798817067036013,6.5609949999893,63,40,23,63.49206349206349,189.77541874193307,-207.29889445687314,354.22055293220336,-887.1069115204547,1.5921175429923613,12.73015873015873,21,45,46.666666666666664,5.631468849475252,-4.521337076573406,0.48122991599489384,1.0415585071280955,343,
14,39,0.45,0.4,-0.5,15,25,5,10000,12915.233760080357,2915.2337600803567,29.15233760080357,6.960945198621538,0.6691412692644435,0.6405678267171213,-15.567155120901157,0.4471558961518577,7.500078725090775,62,40,22,64.51612903225806,213.71285288790145,-246.30952772440966,492.9197154823635,-986.5877853498735,1.5775631053432462,12.935483870967742,19,45,42.22222222222222,6.354384000033253,-5.931381579178163,0.5109394781140314,1.1665299487177836,180,
14,39,0.45,0.4,-0.5,15,35,5,10000,12914.075936525403,2914.0759365254034,29.14075936525403,6.958422794194696,0.663947290839122,0.6414168965687571,-15.568502146740165,0.4469551873782345,7.562247641992283,62,39,23,62.903225806451616,223.0946882176656,-242.15418080282,492.9197154823635,-986.5877853498735,1.5621906333005668,13.016129032258064,19,45,42.22222222222222,6.355070903745608,-5.931943016177477,0.4655465933627983,1.176152944205544,204,
14,39,0.45,0.2,-0.4,15,45,5,10000,12945.377734060126,2945.3777340601264,29.453777340601263,7.026557510647624,0.6606993998622028,0.6064428531216991,-17.0676183640587,0.41168939688997713,7.714010298233011,73,51,22,69.86301369863014,160.8180876495805,-228.99881775317274,388.4078234947649,-587.5130912594274,1.6279803122209016,11.506849315068493,20,45,44.44444444444444,6.131939521720287,-7.162833859829554,0.5156397778057098,1.1612018312870558,37,
14,39,0.45,0.30000000000000004,-0.5,15,25,5,10000,12755.505553084147,2755.5055530841473,27.55505553084147,6.611379778795778,0.6318311643168164,0.5911268374786444,-15.731948770566259,0.42025179939343316,7.4141641711528985,68,46,22,67.64705882352942,181.81781530047593,-245.22469114723,447.64719442741244,-986.5877853498735,1.5502701670149064,12.720588235294118,19,45,42.22222222222222,6.561122990506485,-6.000134939593527,0.4731322448840694,1.1095449068703547,214,
21,42,0.45,0.2,-0.5,10,30,8,10000,12986.727103874053,2986.727103874053,29.86727103874053,7.116376931464541,0.6237623114505622,0.6878588074465741,-20.956262217410263,0.3399319981694353,8.405521369567502,86,57,29,66.27906976744185,156.57866869883392,-194.77313644995536,399.7382692093535,-711.9620093896194,1.5800848031158126,12.965116279069768,26,45,57.77777777777777,4.943550565480193,-6.859453323176313,0.5055196751484524,1.153920981990517,315,
21,42,0.45,0.2,-0.5,5,30,8,10000,12986.727103874053,2986.727103874053,29.86727103874053,7.116376931464541,0.6237623114505622,0.6878588074465741,-20.956262217410263,0.3399319981694353,8.405521369567502,86,57,29,66.27906976744185,156.57866869883392,-194.77313644995536,399.7382692093535,-711.9620093896194,1.5800848031158126,12.965116279069768,26,45,57.77777777777777,4.943550565480193,-6.859453323176313,0.5055196751484524,1.2380571335782153,280,
14,39,0.45,0.30000000000000004,-0.5,15,30,5,10000,12780.551845480071,2780.5518454800713,27.805518454800715,6.666406088134291,0.6225760655332222,0.5788717308614686,-18.9064430716783,0.3525996964558878,7.634221595985699,65,43,22,66.15384615384615,202.78655711897684,-260.0408802335107,447.64719442741244,-986.5877853498735,1.5242047446689932,12.738461538461538,20,45,44.44444444444444,6.5479412155332595,-5.739458766413453,0.43696610084120685,1.0743921930604916,278,
14,36,0.45,0.6,-0.1,5,35,5,10000,13123.533283972423,3123.5332839724233,31.235332839724233,7.412054311776606,0.6115202673616977,0.5729482021510053,-20.01630682159989,0.3703007941394138,9.117408697057417,96,53,43,55.208333333333336,243.38428791746634,-219.9991448873163,598.2210437994098,-392.42708117689335,1.3635747778075566,10.479166666666666,21,45,46.666666666666664,6.452519720316885,-4.936284901127507,0.5040334347272787,0.6115202673616977,1,
14,39,0.45,0.30000000000000004,-0.4,15,35,5,10000,12769.735256780541,2769.735256780541,27.69735256780541,6.6426519714639864,0.6104117919453586,0.5407790508403774,-16.206899314611473,0.40986569006912044,7.767317770718092,64,42,22,65.625,195.3319514399791,-237.26072537272228,447.64719442741244,-739.940839012405,1.5717158925618113,12.4375,18,45,40.0,6.370722140987772,-6.767067653822756,0.4331898719089309,1.115194576670111,252,
21,42,0.45,0.2,-0.5,5,45,8,10000,12923.498076814094,2923.498076814094,29.23498076814094,6.978944786945607,0.6058445731917245,0.6566059647964264,-21.25425611648036,0.328699461700824,8.447909511979109,85,59,26,69.41176470588235,150.03611572076923,-216.92679599232727,399.7382692093535,-711.9620093896194,1.5694998339508053,12.91764705882353,26,45,57.77777777777777,4.971999538781424,-7.367822071984909,0.4990279198182018,1.277404330319874,84,
14,36,0.45,0.1,-0.4,5,35,5,10000,13035.964402416237,3035.964402416237,30.359644024162368,7.223056093406588,0.599905908094329,0.608074588250393,-20.967956838107806,0.3444806830334172,8.978462907088906,116,91,25,78.44827586206897,114.10050613669065,-279.32843642095554,494.4149604145417,-739.940839012405,1.4868727568848261,8.439655172413794,25,45,55.55555555555556,5.641107027517611,-7.59705633887039,0.5600842906503279,0.7731086116136368,20,
21,42,0.45,0.4,-0.5,10,25,5,10000,13376.246359733746,3376.2463597337464,33.762463597337465,7.952319020310039,0.5800594981520625,0.7988959324447724,-19.435682520720253,0.40916078001542394,10.747279425480748,62,34,28,54.83870967741935,303.4494974133028,-240.7928749074196,764.9517202761348,-585.8015595085134,1.5302545387101885,19.241935483870968,22,45,48.888888888888886,6.360388418989427,-5.751004283846861,0.6145672775992209,1.2166374108047455,324,
14,42,0.45,0.30000000000000004,-0.5,15,25,5,10000,12409.410934489348,2409.4109344893477,24.09410934489348,5.842736165209583,0.5762975566998347,0.49826412123366254,-20.290864549782857,0.2879490990083076,6.795854070880875,65,44,21,67.6923076923077,171.16931808479637,-236.45673530510726,348.77370939487,-605.1741481434069,1.5167276818079545,12.63076923076923,21,45,46.666666666666664,5.566495361793389,-5.858598224899936,0.43954210808722427,1.0943820216663311,252,
21,42,0.45,0.2,-0.5,10,30,5,10000,13253.58002681723,3253.5800268172297,32.5358002681723,7.691024083600695,0.5737402625261185,0.7445353656060844,-16.129586518956323,0.4772838126269578,10.388946261284461,84,59,25,70.23809523809523,182.61225212429142,-290.84027174420663,764.9517202761348,-766.3184653638086,1.4817924368890716,15.607142857142858,26,45,57.77777777777777,5.646822673168983,-6.843950702638879,0.5489371746722159,1.0758047360952891,367,
14,39,0.45,0.30000000000000004,-0.4,15,25,2,10000,12786.772320145494,2786.7723201454937,27.867723201454936,6.68006005174544,0.5706081637675259,0.5329874710959841,-13.851354661833806,0.4822676348149369,8.469482801679945,66,42,24,63.63636363636363,223.98075722980798,-267.1853640836569,594.0296122864004,-739.940839012405,1.467020195872097,12.772727272727273,17,45,37.77777777777778,6.24868886726877,-5.278517285794393,0.4834964609073826,1.1470357970710956,184,
21,42,0.45,0.6,-0.5,10,45,5,10000,13417.399153949682,3417.399153949682,34.17399153949682,8.039584070311667,0.5686567718287077,0.7681297719893732,-19.437441453638023,0.4139934979903015,11.206325773174813,61,35,26,57.377049180327866,299.4485027024173,-264.1677840663122,772.3553679134981,-707.6707706569756,1.5259383541510159,19.80327868852459,24,45,53.333333333333336,8.057898964936161,-5.882131808474112,0.6980701982091626,1.0411550745661322,40,
21,45,0.45,0.4,-0.5,5,45,5,10000,13134.829977714786,3134.829977714786,31.348299777147858,7.43636800476164,0.54258406511593,0.7554358389771735,-17.293742279133397,0.43042835561301296,10.586148939260992,87,51,36,58.620689655172406,196.6166444351987,-186.04674537693322,764.9517202761348,-585.8015595085134,1.4971519427489683,19.517241379310345,25,45,55.55555555555556,6.268907696844783,-5.216597803001866,0.6374455713926687,1.2363685705288376,101,
21,45,0.45,0.4,-0.5,5,30,5,10000,13134.829977714786,3134.829977714786,31.348299777147858,7.43636800476164,0.54258406511593,0.7554358389771735,-17.293742279133397,0.43042835561301296,10.586148939260992,87,51,36,58.620689655172406,196.6166444351987,-186.04674537693322,764.9517202761348,-585.8015595085134,1.4971519427489683,19.517241379310345,25,45,55.55555555555556,6.268907696844783,-5.216597803001866,0.6374455713926687,1.336575075779795,317,
14,42,0.45,0.30000000000000004,-0.4,15,35,2,10000,12524.032254248716,2524.0322542487156,25.240322542487153,6.099029655690136,0.5352005587015871,0.49155604755545257,-12.98913743316036,0.46982782137013607,7.932209782241354,60,39,21,65.0,220.07655934236865,-280.76218763186637,505.30913844853484,-621.5842768505491,1.4557288274985192,13.0,18,45,40.0,6.536832617712429,-4.818481136690433,0.46603907488448615,1.1388755770584087,246,
14,42,0.45,0.30000000000000004,-0.5,15,35,2,10000,12454.24226573873,2454.2422657387306,24.542422657387306,5.943186006238754,0.5165767933135688,0.47961862129624666,-13.51402841352643,0.4400471110886981,7.933347338608833,60,39,21,65.0,220.07655934236865,-284.08552041805615,505.30913844853484,-623.7232097347168,1.4386991973607068,13.066666666666666,18,45,40.0,6.573351217716272,-4.845151473853582,0.4540085357396236,1.15036762805751,240,
21,42,0.45,0.5,-0.5,5,40,5,10000,13089.658503162325,3089.6585031623254,30.896585031623253,7.339053572458942,0.5090769719139269,0.6861139131054342,-19.437441453638023,0.37795076991761795,11.24697109600822,61,35,26,57.377049180327866,290.0844841084927,-264.1677840663122,772.3553679134981,-707.6707706569756,1.4782209169539675,19.721311475409838,24,45,53.333333333333336,8.11105039499287,-5.916501789563389,0.6412588786168923,1.0223078747818597,74,
28,45,0.45,0.1,-0.4,10,55,14,10000,12563.810491558072,2563.8104915580734,25.638104915580733,6.187569787928426,0.5062328114800778,0.557048417786633,-22.20190782087219,0.2793498411534587,8.697883524101822,109,81,28,74.31192660550458,132.90316628498078,-271.4666754185163,356.4430010921686,-742.192752921505,1.4162691361770487,10.458715596330276,25,45,55.55555555555556,6.261243630173041,-5.523150109130737,0.4689286096972925,0.5062328114800778,1,
28,45,0.45,0.1,-0.4,10,55,14,10000,12563.810491558073,2563.8104915580734,25.638104915580733,6.187569787928426,0.5062328114800776,0.5570484177866332,-22.20190782087219,0.2793498411534587,8.697883524101826,109,81,28,74.31192660550458,132.90316628498078,-271.4666754185163,356.4430010921686,-742.192752921505,1.4162691361770487,10.458715596330276,25,45,55.55555555555556,6.261243630173041,-5.523150109130737,0.46892860969729255,0.5062328114800776,1,
21,42,0.45,0.4,-0.5,5,40,8,10000,12445.491683587112,2445.4916835871118,24.454916835871117,5.9236002580313585,0.4994930640802349,0.5447296930152005,-18.066139427215035,0.3282851795664896,8.222365139771368,94,63,31,67.02127659574468,139.13826562492196,-195.03170954426514,455.38479310268974,-711.9620093896194,1.4498404544562409,13.851063829787234,28,45,62.22222222222222,6.5905881693191,-6.814538585921637,0.5036616559644851,1.2485419019310589,178,
21,42,0.45,0.30000000000000004,-0.4,5,45,8,10000,12366.957489597584,2366.957489597584,23.66957489597584,5.7473674207674685,0.4836144708922288,0.517805897257885,-20.342800241105383,0.28288145513338286,8.13240213067901,110,74,36,67.27272727272727,118.55161026504024,-170.35904486401805,388.97025460163263,-711.9620093896194,1.430446039979124,13.836363636363636,28,45,62.22222222222222,6.02803167877386,-5.880174913865477,0.48739514310530374,1.223817532588797,107,
21,42,0.45,0.30000000000000004,-0.5,5,30,8,10000,12348.42240401481,2348.422404014809,23.484224040148092,5.705653951818901,0.4831594776468214,0.5163601268171009,-18.974752916595936,0.30107820831701443,8.043503190586257,103,68,35,66.01941747572816,127.43157078243003,-172.61109583656238,388.97025460163263,-711.9620093896194,1.434330373260438,13.766990291262136,28,45,62.22222222222222,6.037626096897775,-6.772104201431894,0.48479529728365955,1.2700098937284476,385,
21,42,0.45,0.4,-0.5,10,25,8,10000,12351.682302033274,2351.682302033274,23.51682302033274,5.712993740296368,0.48055504204089783,0.5136204859533466,-17.845810099279756,0.3201308154975234,8.096200052216638,93,60,33,64.51612903225806,144.64788541118432,-183.42287174930303,455.38479310268974,-711.9620093896194,1.4338242160580594,13.731182795698924,27,45,60.0,6.6439684228638995,-5.839216221258048,0.44845834335236506,1.3200707323775778,279,
21,42,0.45,0.4,-0.3,5,45,2,10000,12886.15629938301,2886.1562993830103,28.861562993830102,6.897547268779358,0.4674115956798708,0.5828117357424359,-18.119892165050338,0.38106515178923994,11.405407168130205,72,40,32,55.55555555555556,292.00014181151636,-268.0660411927146,764.9517202761348,-711.9620093896194,1.3616054299171534,18.305555555555557,21,45,46.666666666666664,7.226176218386482,-5.8594156304693445,0.6183113960329802,1.0355348114426368,24,
21,42,0.45,0.4,-0.3,5,45,2,10000,12886.15629938301,2886.1562993830103,28.861562993830105,6.897547268779358,0.4674115956798702,0.582811735742436,-18.11989216505033,0.3810651517892399,11.40540716813022,72,40,32,55.55555555555556,292.0001418115164,-268.0660411927146,764.9517202761348,-711.9620093896194,1.3616054299171534,18.30555555555556,21,45,46.66666666666666,7.226176218386482,-5.8594156304693445,0.6183113960329802,0.945605866752676,5,
14,45,0.45,0.6,-0.1,5,55,2,10000,12314.602214044362,2314.602214044362,23.14602214044362,5.629422081380531,0.46560628129445836,0.4162402811301407,-14.569535567693928,0.3866310275357761,8.215810776718907,90,53,37,58.88888888888889,197.1772814179067,-213.86611030460116,445.76196623062975,-401.6638528941098,1.3206539944060964,11.28888888888889,22,45,48.888888888888886,6.241234220629632,-4.614529643000164,0.4260486942234915,0.7920305473663382,3,
14,45,0.45,0.6,-0.1,5,55,2,10000,12314.602214044362,2314.602214044362,23.14602214044362,5.629422081380531,0.4656062812944583,0.4162402811301408,-14.569535567693928,0.3866310275357761,8.215810776718909,90,53,37,58.88888888888889,197.1772814179067,-213.8661103046012,445.76196623062975,-401.6638528941098,1.3206539944060964,11.28888888888889,22,45,48.888888888888886,6.241234220629632,-4.614529643000164,0.4260486942234915,0.7920305473663379,3,
28,45,0.45,0.4,-0.19999999999999996,5,60,14,10000,12373.730421594671,2373.7304215946715,23.737304215946715,5.762598505047478,0.4602952451030835,0.46637294395610435,-20.466358633746246,0.2822715117420726,8.694638763370197,106,67,39,63.20754716981132,142.4653387401655,-177.2897030532167,487.03089960171644,-543.0572289621869,1.3804983697633673,13.839622641509434,24,45,53.333333333333336,6.002907246231004,-7.072594583381497,0.4529690888942473,0.6810918239131795,2,
28,45,0.45,0.4,-0.1999999999999999,5,60,14,10000,12373.730421594671,2373.7304215946715,23.737304215946715,5.762598505047478,0.4602952451030834,0.4663729439561043,-20.46635863374625,0.2822715117420726,8.6946387633702,106,67,39,63.20754716981132,142.4653387401655,-177.2897030532167,487.0308996017165,-543.0572289621869,1.3804983697633673,13.839622641509434,24,45,53.333333333333336,6.002907246231004,-7.072594583381497,0.4529690888942473,0.6810918239131797,2,
14,36,0.45,0.30000000000000004,-0.5,15,35,2,10000,12388.099098874085,2388.099098874085,23.880990988740848,5.794890698278166,0.4580975564553336,0.4332961996108228,-15.678773799125395,0.36960101424522246,8.787922146571118,62,40,22,64.51612903225806,230.11817845477202,-298.8239261365407,583.5735773998691,-785.0156133371844,1.4001445383205653,12.983870967741936,18,45,40.0,6.5309844119078475,-6.624992122459927,0.3722998676732138,0.8628704293162025,48,
14,42,0.45,0.4,-0.5,15,55,5,10000,11963.600224115251,1963.600224115251,19.636002241152507,4.828993577155183,0.4504182651875488,0.4103197685498573,-18.070103433667253,0.26743502863038615,6.522454014671987,60,37,23,61.66666666666667,185.3859234851788,-206.27962282617023,442.5600452960221,-605.1741481434069,1.4457537055716256,13.016666666666667,21,45,46.666666666666664,6.204963433768795,-5.8330573690838055,0.3651391792171675,0.6344211139778043,21,
14,45,0.45,0.30000000000000004,-0.5,15,25,5,10000,11910.172511657498,1910.172511657498,19.10172511657498,4.705644172757295,0.4241643289204337,0.3732694661554669,-20.463649092291938,0.2299513714066654,6.662085557002406,63,41,22,65.07936507936508,173.08542943544595,-228.69011251642462,426.4608904160144,-605.1741481434069,1.4105039206202932,12.682539682539682,22,45,48.888888888888886,5.228302272254037,-6.138918952970052,0.34648922439391816,1.1621859690884815,201,
21,45,0.45,0.5,-0.5,10,40,8,10000,12136.06611051735,2136.0661105173494,21.360661105173495,5.2244183265763855,0.4197410399976104,0.45369208157832663,-18.223480245511258,0.28708106230848374,8.20061699325541,93,60,33,64.51612903225806,142.26272186662567,-185.81700444149834,539.9232919467293,-711.9620093896194,1.3920119694125774,13.946236559139784,28,45,62.22222222222222,4.40943060113228,-6.843135850851234,0.4454715250040583,1.0687524991394912,59,
14,45,0.45,0.4,-0.1,10,50,5,10000,12103.498970262435,2103.4989702624353,21.03498970262435,5.1500679547612505,0.417485985823119,0.3792748928340532,-20.12963580004687,0.2560237074517552,8.036335861986272,95,56,39,58.94736842105262,191.3443015432645,-214.77011016220297,442.5600452960221,-342.0868542095468,1.2792785353234513,10.736842105263158,23,45,51.11111111111111,5.972427407127667,-4.965719379617994,0.39326991487060625,0.8537399106459101,7,
14,45,0.45,0.4,-0.5,15,35,5,10000,11860.412603564586,1860.4126035645859,18.60412603564586,4.5903953945239495,0.4148698160571475,0.37692844235409173,-18.05355297489014,0.25446361129379835,6.533085960907209,60,37,23,61.66666666666667,182.20452586312703,-205.704662327681,442.5600452960221,-605.1741481434069,1.4249148524183872,13.016666666666667,21,45,46.666666666666664,6.204963433768795,-5.831950463095803,0.3454923634463111,1.226582093831359,196,
14,42,0.45,0.1,-0.5,15,25,5,10000,11794.08403968864,1794.0840396886397,17.940840396886397,4.436216631884671,0.414768038767486,0.35515907478363423,-18.272760721954832,0.24277758021285364,6.105380846327348,79,58,21,73.41772151898735,113.21689572311556,-218.26420440083862,284.2498074622776,-605.1741481434069,1.4326411620454713,9.341772151898734,22,45,48.888888888888886,4.945765597846874,-5.908202405382157,0.34318078640989397,0.8355517367348991,48,
14,42,0.45,0.2,-0.3,15,35,5,10000,11740.188112187716,1740.188112187716,17.401881121877157,4.310465906345273,0.4122177423284179,0.367606181969632,-12.41534965352467,0.34747577358391313,5.816913335950594,67,43,24,64.17910447761194,140.35726437386762,-172.82610983559047,348.77370939487,-451.0164659292315,1.4550662063874853,11.73134328358209,19,45,42.22222222222222,5.362582255246973,-4.1775341997024595,0.3367930555100636,1.0729615947922508,49,
14,45,0.45,0.5,-0.4,15,40,5,10000,11873.817776501535,1873.8177765015353,18.73817776501535,4.621478089798958,0.4115937358617162,0.3596202447763668,-17.878758185408675,0.2586900050319336,6.682351843168241,59,36,23,61.016949152542374,186.96646752541596,-204.70988845995612,446.71214842500837,-591.4046076803031,1.429550710828341,13.067796610169491,21,45,46.666666666666664,6.204963433768795,-5.6315342117807425,0.3476342554200573,1.0129483331067075,49,
14,45,0.45,0.5,-0.4,15,40,5,10000,11873.817776501535,1873.8177765015355,18.73817776501535,4.621478089798958,0.4115937358617156,0.3596202447763668,-17.878758185408675,0.2586900050319336,6.682351843168252,59,36,23,61.01694915254237,186.966467525416,-204.7098884599561,446.7121484250084,-591.4046076803031,1.429550710828341,13.067796610169491,21,45,46.66666666666666,6.204963433768795,-5.631534211780743,0.3476342554200573,1.1134161178416724,13,
14,45,0.45,0.6,-0.5,15,55,5,10000,11850.937977543861,1850.937977543861,18.50937977543861,4.568410874284101,0.41060270842795327,0.37400891640971484,-18.05355297489014,0.25324583038828236,6.5527822802535125,59,36,23,61.016949152542374,186.96646752541596,-205.704662327681,446.71214842500837,-605.1741481434069,1.4226375000453289,13.11864406779661,21,45,46.666666666666664,6.204963433768795,-5.831950463095803,0.3436552269619993,0.9605942359102558,13,
14,45,0.45,0.2,-0.4,15,30,5,10000,11688.810911753537,1688.8109117535369,16.888109117535368,4.190195212216263,0.40519587101998106,0.3754159628429635,-12.375360119838351,0.3388797075228508,5.60186186788695,68,44,24,64.70588235294117,131.40313565316546,-164.61580988130555,348.77370939487,-591.4046076803031,1.4634423563032768,11.955882352941176,21,45,46.666666666666664,4.815010886642024,-4.084024264724384,0.3228988613679881,1.125863324047082,215,
14,33,0.45,0.5,-0.19999999999999996,5,55,8,10000,11835.898802852285,1835.8988028522854,18.358988028522855,4.533487998494601,0.3905231455774333,0.398476705181276,-17.59908759958947,0.2575978994843092,6.844836953657721,148,97,51,65.54054054054053,85.78865511096444,-119.31766162571006,518.9910852323112,-366.78344673918923,1.3674979507385114,6.79054054054054,21,45,46.666666666666664,4.783289155268222,-4.343782345604619,0.31282984472922476,0.6573684539792024,2,
14,33,0.45,0.5,-0.1999999999999999,5,55,8,10000,11835.898802852284,1835.8988028522847,18.35898802852285,4.533487998494601,0.3905231455774319,0.398476705181276,-17.59908759958947,0.2575978994843092,6.844836953657745,148,97,51,65.54054054054053,85.78865511096444,-119.31766162571006,518.9910852323112,-366.7834467391892,1.3674979507385114,6.79054054054054,21,45,46.66666666666666,4.783289155268222,-4.343782345604619,0.3128298447292247,0.6573684539792017,2,
14,45,0.45,0.2,-0.5,15,30,2,10000,11931.991456433843,1931.9914564338433,19.319914564338433,4.756067077943338,0.38713826715670846,0.35711640856053695,-13.924525787032712,0.3418177185136496,7.605585497847916,62,42,20,67.74193548387096,188.88143266141688,-292.03405477556004,395.2297836640653,-623.7232097347168,1.358235459538504,12.596774193548388,20,45,44.44444444444444,5.429943680905258,-5.002033920498095,0.37646112238979107,1.1868171431548684,175,
21,45,0.45,0.4,-0.19999999999999996,10,50,5,10000,12324.994730195174,2324.9947301951743,23.249947301951742,5.652863573420763,0.3870441313939994,0.4478568091422721,-15.708518253572793,0.3603198296976998,10.48522524994423,76,43,33,56.57894736842105,214.6732288803618,-202.68521870800615,764.9517202761348,-449.71927996486914,1.3800992705020683,17.486842105263158,24,45,53.333333333333336,6.344114803697765,-6.105615218945704,0.4952601211460128,0.8417312612004156,9,
14,42,0.45,0.2,-0.5,15,35,5,10000,11667.80010411492,1667.80010411492,16.6780010411492,4.140898023624184,0.3845303937414189,0.3605006424190773,-12.613684593347168,0.32856850928217884,5.810593399428756,67,43,24,64.17910447761194,140.35726437386762,-175.84227683862363,348.77370939487,-591.4046076803031,1.4301079155950938,11.970149253731343,19,45,42.22222222222222,5.373767883848513,-4.136056415486022,0.32290368115192486,1.1563475101086282,230,
14,42,0.45,0.2,-0.5,15,30,5,10000,11667.80010411492,1667.80010411492,16.6780010411492,4.140898023624184,0.3845303937414189,0.3605006424190773,-12.613684593347168,0.32856850928217884,5.810593399428756,67,43,24,64.17910447761194,140.35726437386762,-175.84227683862363,348.77370939487,-591.4046076803031,1.4301079155950938,11.970149253731343,19,45,42.22222222222222,5.373767883848513,-4.136056415486022,0.32290368115192486,1.0661618672227642,266,
14,42,0.45,0.2,-0.5,15,35,2,10000,11922.013048203567,1922.0130482035675,19.220130482035675,4.733015724953726,0.38238470004738834,0.3529956179909148,-13.893666331966703,0.34091775211889175,7.6517453594534475,62,42,20,67.74193548387096,191.4011560071866,-297.69439421319,395.2297836640653,-623.7232097347168,1.3501847378665988,12.596774193548388,20,45,44.44444444444444,5.435181368314468,-5.004012655603818,0.37700718783648984,1.2024843275414028,193,
14,39,0.45,0.5,-0.1,15,55,2,10000,11943.382896203231,1943.382896203233,19.43382896203233,4.782365348034556,0.381388880525308,0.3042330066122107,-16.65020063244068,0.2872256889635768,7.824228652920039,69,39,30,56.52173913043478,218.27087187035173,-212.0836787080601,578.0805689477904,-401.9027959002645,1.3379253658743406,11.173913043478262,17,45,37.77777777777778,5.879699438749553,-4.154623674164782,0.2835869538604053,0.6632465270008724,2,
14,39,0.45,0.5,-0.1,15,55,2,10000,11943.382896203233,1943.382896203233,19.43382896203233,4.782365348034556,0.3813888805253063,0.3042330066122108,-16.65020063244068,0.2872256889635768,7.824228652920076,69,39,30,56.52173913043478,218.27087187035178,-212.08367870806006,578.0805689477904,-401.9027959002645,1.3379253658743406,11.173913043478262,17,45,37.77777777777778,5.879699438749553,-4.154623674164782,0.28358695386040533,0.6632465270008719,2,
28,45,0.45,0.1,-0.19999999999999996,10,30,14,10000,11995.884168469702,1995.8841684697018,19.958841684697017,4.903331388392385,0.3738025428285021,0.37672620302589854,-24.44578756387365,0.20116698177386466,8.468947004886527,117,86,31,73.50427350427351,127.54469783488807,-269.49937998463776,279.4042216275314,-556.6473559132224,1.3129294690202913,9.837606837606838,21,45,46.666666666666664,6.251098261396915,-6.3605678002511485,0.3658374309188885,0.3738025428285021,1,
21,42,0.5,0.4,-0.4,10,45,14,10000,11620.35284421892,1620.35284421892,16.2035284421892,4.0293324234626615,0.3693860366262624,0.4146717016674171,-13.318006743525945,0.3030820222681123,5.759330516258289,147,96,51,65.3061224489796,66.40332958876455,-85.85470468022517,194.48512730081632,-408.04790356903885,1.4558841384508467,7.26530612244898,23,45,51.11111111111111,3.610695877966452,-6.93019442305668,0.30884177471902663,0.3693860366262624,1,
21,45,0.45,0.30000000000000004,-0.5,10,35,8,10000,11914.521163100577,1914.5211631005768,19.14521163100577,4.715699199986467,0.3689966919066112,0.3926715770575112,-19.91164782271297,0.23719092387637428,7.960804934097866,102,65,37,63.725490196078425,128.63673122643448,-166.96838680288968,380.4724063891369,-711.9620093896194,1.3534505008778739,13.764705882352942,27,45,60.0,5.149267715084371,-6.80034568478921,0.40498169107398735,1.287380889769911,290,
28,45,0.5,0.6,-0.3,15,55,5,10000,12179.31210519648,2179.312105196481,21.79312105196481,5.32292146727249,0.3495764598994991,0.4042388941007513,-15.368217410561677,0.3470623125082173,10.827804073762145,65,35,30,53.84615384615385,252.93612194993491,-222.08175680076994,730.634180123177,-739.8710498048875,1.3287545385353374,24.53846153846154,18,45,40.0,6.9263075649546035,-6.356359621949914,0.3230216491644837,0.3495764598994991,1,
21,42,0.45,0.2,-0.5,5,35,5,10000,12152.542227522563,2152.542227522563,21.52542227522563,5.2619770964890344,0.34927048787375825,0.4521429653909268,-18.51902436428451,0.2845278079051065,10.58220540111921,81,53,28,65.4320987654321,189.0766992535002,-272.3852420715053,764.9517202761348,-766.3184653638086,1.3139301454367587,15.419753086419753,23,45,51.11111111111111,5.382321660521616,-7.380047225946185,0.3629369396657432,1.248846217327025,310,
21,42,0.45,0.2,-0.5,10,50,5,10000,12152.542227522563,2152.542227522563,21.52542227522563,5.2619770964890344,0.34927048787375825,0.4521429653909268,-18.51902436428451,0.2845278079051065,10.58220540111921,81,53,28,65.4320987654321,189.0766992535002,-272.3852420715053,764.9517202761348,-766.3184653638086,1.3139301454367587,15.419753086419753,23,45,51.11111111111111,5.382321660521616,-7.380047225946185,0.3629369396657432,0.9974298842577192,46,
14,42,0.45,0.3,-0.1,10,45,8,10000,11569.076994850566,1569.0769948505658,15.69076994850566,3.9083863543092345,0.348950069998119,0.3010493343841958,-11.56042584001268,0.3383906420521845,5.754213373638626,144,96,48,66.66666666666666,75.63820515648713,-112.62897292025532,319.92556781093026,-258.8729913027477,1.343139392916976,6.444444444444445,21,45,46.66666666666666,4.508490702569801,-3.9423100330491456,0.2954145415413939,1.012045373389721,3,
14,42,0.45,0.30000000000000004,-0.1,10,45,8,10000,11569.076994850566,1569.0769948505658,15.69076994850566,3.9083863543092345,0.34895006999811856,0.30104933438419573,-11.56042584001268,0.3383906420521845,5.754213373638634,144,96,48,66.66666666666666,75.63820515648713,-112.62897292025531,319.92556781093026,-258.8729913027477,1.3431393929169761,6.444444444444445,21,45,46.666666666666664,4.508490702569801,-3.9423100330491456,0.29541454154139396,0.618491548730272,6,
21,45,0.45,0.2,-0.5,10,35,5,10000,12155.109985418509,2155.1099854185086,21.551099854185086,5.267827147853232,0.34813924590165246,0.43261841046190785,-20.19961043662417,0.2611450292564239,10.657435755515252,79,53,26,67.08860759493672,192.58798503863014,-300.44681410454234,764.9517202761348,-827.5758374788533,1.306664547071722,15.30379746835443,23,45,51.11111111111111,5.44938332561411,-7.312827579950176,0.3816311277247013,1.2477072365585529,276,
21,39,0.45,0.1,-0.4,10,25,5,10000,12109.998402693633,2109.9984026936327,21.099984026936326,5.1649178425016595,0.346860607817638,0.36865247528523104,-20.410082345834123,0.2530571780645395,10.304281738170008,123,101,22,82.11382113821138,109.85881426626608,-386.34756461513666,294.2044837709673,-921.5896311472685,1.3054355076209903,10.447154471544716,24,45,53.333333333333336,5.615164993895738,-7.509341658629176,0.4183902666995399,0.8326726658137162,55,
21,45,0.45,0.6,-0.5,15,50,8,10000,11685.869624710282,1685.8696247102816,16.858696247102817,4.183298069188757,0.3432472347532755,0.32400822349958736,-15.976099049973977,0.26229335339301685,6.825913804068352,71,45,26,63.38028169014085,143.79497479803675,-176.68723793425426,652.8189846909562,-711.9620093896194,1.4085675956533221,13.95774647887324,23,45,51.11111111111111,5.34618936268183,-6.843135850851234,0.3569981459358423,1.1091584119089248,22,
14,45,0.5,0.30000000000000004,-0.4,10,30,2,10000,11879.00232434839,1879.0023243483902,18.7900232434839,4.633492612672985,0.343018896548139,0.38828582646110715,-15.786083599872713,0.2937442304400816,8.433841308382789,84,50,34,59.523809523809526,174.29957897950422,-196.06503288983387,666.6613935359721,-608.3169050094338,1.3073361755841542,13.392857142857142,22,45,48.888888888888886,8.052527913131492,-5.360580958139128,0.3657436734567678,1.2256350372677076,338,
21,45,0.45,0.2,-0.5,5,25,5,10000,12153.79302365046,2153.79302365046,21.5379302365046,5.264826864281735,0.3403217075374026,0.4097245221272734,-22.195093298003275,0.23720679132064618,10.974872032382136,77,53,24,68.83116883116884,195.06262943264878,-330.84126172371407,764.9517202761348,-878.7023392627701,1.3020241321153496,15.35064935064935,24,45,53.333333333333336,5.450062565246472,-7.313663183525176,0.42541102472611086,1.2214950898212182,179,
21,36,0.45,0.4,-0.3,5,35,5,10000,12374.517661445627,2374.517661445627,23.745176614456266,5.764368464770175,0.33395291710017394,0.43366347785326403,-21.077158733399877,0.27400378973410633,13.571798021348123,65,37,28,56.92307692307692,307.7312356518118,-310.1023705552454,939.0911629613382,-519.0453853870437,1.3113245357757692,17.6,24,45,53.333333333333336,7.166732543165288,-7.845481270330845,0.5555086810616972,0.50885644195663,19,
21,45,0.45,0.30000000000000004,-0.4,10,50,8,10000,11760.372819112452,1760.372819112452,17.603728191124517,4.357610876366991,0.32129165080975636,0.3348394069413849,-21.183269134522817,0.2060470127184185,8.11445622392595,94,59,35,62.76595744680851,140.43432824042435,-178.97189977605237,380.4724063891369,-711.9620093896194,1.3227336448671303,13.77659574468085,27,45,60.0,5.149267715084371,-6.486859907040432,0.3776809474883193,1.0834722528070744,41,
21,45,0.45,0.3,-0.4,10,50,8,10000,11760.372819112452,1760.372819112452,17.603728191124517,4.357610876366991,0.3212916508097559,0.3348394069413848,-21.183269134522817,0.2060470127184185,8.11445622392596,94,59,35,62.76595744680851,140.43432824042435,-178.97189977605237,380.4724063891369,-711.9620093896194,1.3227336448671303,13.77659574468085,27,45,60.0,5.149267715084371,-6.486859907040432,0.3776809474883193,1.0211654246196835,5,
21,45,0.45,0.5,-0.4,10,25,5,10000,12021.645555754281,2021.6455557542813,20.21645555754281,4.962544505614597,0.3107771864425182,0.3896173673145438,-20.437087259002656,0.24282053713053298,11.156390128719291,63,37,26,58.730158730158735,277.21790226750875,-309.04926050895256,764.9517202761348,-766.3184653638086,1.2765032950766682,19.253968253968253,21,45,46.666666666666664,7.141500656881106,-6.277284585680709,0.384103912387687,1.3514947120102934,132,
21,45,0.45,0.4,-0.4,10,35,5,10000,11961.09192570383,1961.0919257038295,19.610919257038294,4.823211720596587,0.3089022969422257,0.39076087335794024,-17.531725103695965,0.2755223453063409,10.63051651480479,77,45,32,58.44155844155844,210.80621080213282,-229.2328595462929,764.9517202761348,-711.9620093896194,1.2932100333575118,18.87012987012987,23,45,51.11111111111111,6.433187970668075,-6.683782700834417,0.4368663027866254,1.2669689899699614,298,
21,42,0.45,0.4,-0.5,5,30,5,10000,11992.700868067102,1992.7008680671024,19.927008680671022,4.896007998729446,0.3062798129359997,0.41166120337848666,-20.571181301199136,0.23835205201460008,11.117822587194528,61,34,27,55.73770491803278,259.60709993575745,-246.03349906806852,764.9517202761348,-585.8015595085134,1.3287322482581998,19.37704918032787,23,45,51.11111111111111,6.242531887429892,-6.128774777108836,0.4406473580543279,1.2619991422554677,390,
21,42,0.45,0.4,-0.5,10,30,5,10000,11992.700868067102,1992.7008680671024,19.927008680671022,4.896007998729446,0.3062798129359997,0.41166120337848666,-20.571181301199136,0.23835205201460008,11.117822587194528,61,34,27,55.73770491803278,259.60709993575745,-246.03349906806852,764.9517202761348,-585.8015595085134,1.3287322482581998,19.37704918032787,23,45,51.11111111111111,6.242531887429892,-6.128774777108836,0.4406473580543279,1.1781117905881422,436,
21,45,0.45,0.2,-0.4,10,35,5,10000,11890.80879557536,1890.80879557536,18.9080879557536,4.660838178361604,0.29729285852350396,0.3719802336939788,-23.95556186115698,0.19486069229779357,10.463669536598491,83,57,26,68.67469879518072,175.2728132253641,-302.43098089844614,764.9517202761348,-766.3184653638086,1.2705442264706466,15.25301204819277,23,45,51.11111111111111,5.443350001874592,-6.378662936811208,0.3322116953537844,1.2415246779021338,279,
21,42,0.45,0.30000000000000004,-0.4,10,25,8,10000,11617.649438510765,1617.6494385107653,16.176494385107652,4.022965641354537,0.27839459372701153,0.2911042424299781,-20.881214345194337,0.19265956351242539,8.214573290837281,82,53,29,64.63414634146342,155.8721542848352,-219.8565063336106,380.4724063891369,-711.9620093896194,1.2957078412678595,13.560975609756097,26,45,57.77777777777777,4.590637994002611,-6.554551664242114,0.3129416400118602,1.2252635128936809,316,
14,39,0.45,0.5,-0.5,15,25,2,10000,11571.08674229792,1571.0867422979209,15.710867422979208,3.913134243876071,0.26075672222037954,0.25213545218444505,-15.510278388824341,0.2522929728131515,8.429629729120116,64,40,24,62.5,206.5206859326021,-270.50708122947816,607.8915587792407,-801.5723942497241,1.2724293266430566,13.40625,16,45,35.55555555555556,5.5917782931444115,-6.623973485454348,0.26680757001448846,1.118097402099634,48,
14,42,0.45,0.30000000000000004,-0.5,15,25,2,10000,11378.70008720765,1378.7000872076496,13.787000872076497,3.455851731520032,0.22574072044219906,0.19991873943853752,-15.275169699560283,0.22623982577552074,7.433127351112508,63,40,23,63.49206349206349,181.3917998956242,-249.2271429905603,445.76196623062975,-719.5571541874639,1.2657690331523213,13.047619047619047,19,45,42.22222222222222,7.190898000042334,-7.0863749219224115,0.251671711794284,1.1217568055292377,210,
21,39,0.45,0.4,-0.4,10,35,2,10000,11735.24699696548,1735.2469969654794,17.352469969654795,4.2989159536710675,0.22352488767845838,0.27941877990353614,-24.10598625812823,0.17877793659163155,14.81068850072485,84,48,36,57.14285714285714,273.03398326619515,-307.0794682714877,939.0911629613382,-921.5896311472685,1.1855084713763493,19.0,20,45,44.44444444444444,10.514012538641015,-8.102276627112136,0.46544584069767614,1.2847252294476241,259,
14,36,0.45,0.1,-0.3,15,50,2,10000,11309.947937648942,1309.9479376489417,13.099479376489418,3.2910533473005765,0.1965269478242004,0.1822611849364619,-25.3156998778016,0.1300004883604414,7.907537771751357,79,58,21,73.41772151898735,129.50000303416024,-283.5276901349345,444.7036345275845,-496.5978252384069,1.261487634158449,8.886075949367088,16,45,35.55555555555556,6.580932052778188,-6.55445967711411,0.2369272071919767,0.4591351912845017,2,
14,36,0.45,0.1,-0.3,15,50,2,10000,11309.947937648942,1309.9479376489417,13.099479376489418,3.2910533473005765,0.19652694782419977,0.18226118493646198,-25.3156998778016,0.13000048836044148,7.907537771751384,79,58,21,73.41772151898735,129.50000303416024,-283.5276901349345,444.70363452758454,-496.5978252384069,1.261487634158449,8.886075949367088,16,45,35.55555555555556,6.580932052778188,-6.55445967711411,0.23692720719197674,0.5263232608104015,3,
14,45,0.45,0.4,-0.5,15,30,2,10000,11267.967556199097,1267.967556199097,12.679675561990972,3.1900633466297457,0.18727964059088326,0.16611394927647474,-18.550064728820402,0.17216071185956303,7.7199580041889995,60,38,22,63.33333333333333,195.3047577605421,-271.6239310863371,445.76196623062975,-719.5571541874639,1.241954566511167,13.316666666666666,19,45,42.22222222222222,7.249202815992661,-7.21157175652486,0.2415189834230065,1.2173778828908957,182,
14,42,0.45,0.4,-0.5,15,30,2,10000,11258.617252154936,1258.617252154936,12.58617252154936,3.1675320652094774,0.18463361219488078,0.1634929419435767,-18.604035477353843,0.17045013167417572,7.70674737465842,61,39,22,63.934426229508205,189.8625530142423,-271.21979820901953,445.76196623062975,-719.5571541874639,1.2409659177557122,13.344262295081966,19,45,42.22222222222222,7.243972815585087,-7.2159983026512275,0.2392499151249739,1.1365441893091963,232,
21,39,0.45,0.4,-0.5,5,25,8,10000,11320.564592544724,1320.5645925447243,13.205645925447243,3.3165495011323376,0.17926723635666067,0.19958787632584818,-22.08139755960304,0.15019653951613196,9.687179969920377,97,65,32,67.0103092783505,128.64592859283098,-208.43741949846782,431.7333945960202,-737.2717049178149,1.2536714524817305,13.8659793814433,24,45,53.333333333333336,5.618431090112996,-6.588138018647238,0.2646378606010393,1.43209091457389,219,
21,42,0.45,0.4,-0.5,10,30,2,10000,11217.531696348888,1217.5316963488876,12.175316963488877,3.068365103546955,0.14697017306573118,0.19433878669761304,-25.475850669780698,0.12071884870971425,11.419775867714574,78,43,35,55.12820512820513,225.77646664455844,-237.06343755589603,764.9517202761348,-585.8015595085134,1.1700771701579329,19.5,20,45,44.44444444444444,8.282861406925512,-6.061655194488136,0.31061755392710677,1.2296653980018029,368,
14,42,0.55,0.5,-0.1999999999999999,5,35,2,10000,11155.09491272874,1155.0949127287386,11.550949127287383,2.917149603354341,0.1428487783790668,0.1478821363541164,-17.913729786868476,0.1630408243753633,9.03836346739028,90,52,38,57.77777777777777,173.29248075831188,-201.89601527186863,480.2513418103693,-503.6652856810273,1.1745505656122202,12.21111111111111,20,45,44.44444444444444,9.342991958688284,-5.764782979499339,0.2265605358573345,-0.4013032570244538,2,
14,42,0.55,0.5,-0.19999999999999996,5,35,2,10000,11155.094912728739,1155.0949127287386,11.550949127287385,2.917149603354341,0.14284877837906673,0.14788213635411648,-17.913729786868476,0.16304082437536335,9.038363467390283,90,52,38,57.77777777777777,173.29248075831188,-201.89601527186866,480.2513418103693,-503.6652856810273,1.1745505656122202,12.21111111111111,20,45,44.44444444444444,9.342991958688284,-5.764782979499339,0.22656053585733452,-0.3107744863511866,3,
21,42,0.45,0.4,-0.5,5,25,2,10000,11179.316029637715,1179.3160296377155,11.793160296377154,2.9758845403242917,0.1377358371310768,0.17508655459946293,-26.405053113658216,0.1127013275646468,11.838064686605803,74,42,32,56.75675675675676,241.2864269093057,-273.6618076763236,764.9517202761348,-766.3184653638086,1.1572255478668414,19.35135135135135,19,45,42.22222222222222,8.14388429458084,-6.552327277064263,0.2337583186284564,1.358979312059939,250,
21,45,0.45,0.5,-0.5,10,50,2,10000,11147.158479361173,1147.1584793611728,11.471584793611727,2.897883726898187,0.13151976954086364,0.16545359469657336,-29.195822012073023,0.09949787758490933,12.288247871268553,62,33,29,53.2258064516129,313.4572714481218,-310.6377732246914,764.9517202761348,-766.3184653638086,1.1482594452771206,19.516129032258064,17,45,37.77777777777778,8.826492748892512,-7.0113398450574405,0.3076629344331589,1.0105914925362192,34,
21,45,0.45,0.5,-0.5,10,50,2,10000,11147.158479361173,1147.1584793611728,11.471584793611727,2.897883726898187,0.1315197695408636,0.1654535946965734,-29.195822012073023,0.0994978775849093,12.28824787126855,62,33,29,53.2258064516129,313.4572714481218,-310.6377732246914,764.9517202761348,-766.3184653638086,1.1482594452771206,19.516129032258064,17,45,37.77777777777778,8.826492748892512,-7.0113398450574405,0.3076629344331589,0.9080694090297424,10,
21,39,0.45,0.6,-0.5,5,30,5,10000,11132.460451546467,1132.460451546467,11.32460451546467,2.8621772109021393,0.12919432994526303,0.17031474370753535,-28.512142276114567,0.10075469891511014,14.440062665275931,64,35,29,54.6875,297.43895314635654,-310.43722643233525,939.0911629613382,-737.2717049178149,1.1563627565749435,19.359375,21,45,46.666666666666664,7.945956405680876,-7.559705156641849,0.32237389336244904,1.429923092323302,36,
21,42,0.45,0.4,-0.4,5,25,5,10000,11131.809201846949,1131.8092018469488,11.318092018469487,2.8605942999609946,0.1287719389408715,0.1604946115500483,-23.4327003858041,0.12207702282977116,11.416936729910699,58,33,25,56.896551724137936,280.6201685258719,-317.71281218384036,764.9517202761348,-711.9620093896194,1.165891359268864,18.79310344827586,22,45,48.888888888888886,5.88584890329682,-6.963484361838512,0.21179146283943243,1.293320318371911,299,
14,45,0.45,0.6,-0.5,15,45,2,10000,11062.362971172017,1062.3629711720168,10.623629711720168,2.6914069888373637,0.12471917117490093,0.10990723501133409,-18.55052119283507,0.14527456718733747,7.678185462976267,59,37,22,62.71186440677966,194.09559661907772,-271.6239310863371,445.76196623062975,-719.5571541874639,1.2017847694761987,13.423728813559322,19,45,42.22222222222222,7.249405191220015,-7.211773455009595,0.1990288683823627,1.1092981622414162,29,
28,39,0.45,0.1,-0.4,10,50,11,10000,11091.869163459329,1091.8691634593288,10.918691634593287,2.763386354506104,0.122925899108122,0.1403134077674926,-31.17750120069033,0.0894234382168829,11.511902780153074,138,114,24,82.6086956521739,105.77417833453558,-415.95108100948136,559.8640352694752,-888.476489933656,1.207900087360493,10.05072463768116,22,45,48.888888888888886,6.339880270615828,-8.875633574839725,0.2052194943773281,0.122925899108122,1,
28,39,0.45,0.1,-0.4,10,50,11,10000,11091.869163459329,1091.8691634593288,10.918691634593287,2.7633863545061033,0.1229258991081218,0.14031340776749257,-31.177501200690326,0.08942343821688292,11.511902780153093,138,114,24,82.6086956521739,105.77417833453558,-415.95108100948136,559.8640352694752,-888.476489933656,1.207900087360493,10.05072463768116,22,45,48.888888888888886,6.3398802706158275,-8.875633574839725,0.2052194943773281,0.36438523614992313,2,
21,45,0.45,0.6,-0.4,5,55,5,10000,11089.882524792893,1089.8825247928926,10.898825247928926,2.75854444967758,0.1206916620017714,0.1520273561172185,-25.121541061887147,0.1100877334392035,11.366170471050417,64,35,29,54.6875,262.8595144869557,-273.0971053948579,764.9517202761348,-711.9620093896194,1.16165362193605,19.25,20,45,44.44444444444444,6.189917057551564,-7.011722816526145,0.273943413388135,0.6600122472432673,6,
21,45,0.45,0.6,-0.4,5,55,5,10000,11089.882524792893,1089.8825247928926,10.898825247928926,2.75854444967758,0.1206916620017713,0.1520273561172186,-25.121541061887147,0.11008773343920357,11.36617047105043,64,35,29,54.6875,262.8595144869557,-273.0971053948579,764.9517202761348,-711.9620093896194,1.16165362193605,19.25,20,45,44.44444444444444,6.189917057551564,-7.011722816526145,0.273943413388135,1.0079481133034711,13,
21,42,0.45,0.2,-0.5,15,35,8,10000,11023.12426348986,1023.1242634898608,10.231242634898608,2.595465965352872,0.11689478614286906,0.10564549089873786,-19.087371863205984,0.13634584662337187,6.985115858037321,64,42,22,65.625,140.69287094780265,-212.49054047809906,376.5062054943104,-711.9620093896194,1.2640350026689027,13.078125,20,45,44.44444444444444,4.759450710930047,-7.367822071984909,0.13133466414631298,1.2440291939103878,198,
21,45,0.45,0.30000000000000004,-0.5,15,25,2,10000,10977.85695774323,977.8569577432299,9.7785695774323,2.4844714869355355,0.09504831911208761,0.10658367633870307,-20.74622520680638,0.11975535125881287,9.948928059005572,49,28,21,57.14285714285714,247.4832294078763,-276.38995427988704,764.9517202761348,-711.9620093896194,1.1938843438439481,18.53061224489796,16,45,35.55555555555556,8.156081292642536,-6.9403220714883584,0.1748717715877041,1.1860591840179346,169,
21,39,0.45,0.30000000000000004,-0.5,10,35,8,10000,10961.188881354265,961.1888813542646,9.611888813542645,2.4435167507512956,0.09264439517614013,0.10206689976985144,-24.54380660175547,0.09998566765529585,9.704461145107276,108,67,41,62.03703703703704,123.98117288104055,-170.10064291797943,431.7333945960202,-737.2717049178149,1.191079449191668,13.703703703703704,25,45,55.55555555555556,5.7378694639398375,-6.82049967096765,0.2435108698853367,1.2375114879351174,303,
14,39,0.55,0.1,-0.5,5,25,2,10000,10949.435439047984,949.4354390479839,9.49435439047984,2.4146100454395247,0.08899389034111645,0.10341369361026502,-12.740528038236773,0.18952197571347246,10.243389877456705,107,75,32,70.09345794392523,136.15426225451526,-281.32853656368786,408.22428049386883,-647.5285918731369,1.1343021083351026,9.738317757009346,23,45,51.11111111111111,7.34454029632432,-6.222221918264925,0.19509123851125476,-0.26352602260882013,5,
14,42,0.5,0.30000000000000004,-0.5,10,30,2,10000,10942.853983000214,942.8539830002137,9.428539830002137,2.398413461839022,0.08672024636095105,0.09355902708676136,-17.480128455838702,0.13740833749352438,8.372217557529178,78,45,33,57.692307692307686,179.8334542192498,-211.511695469501,395.2297836640653,-608.3169050094338,1.1594036775477738,13.397435897435898,20,45,44.44444444444444,7.865435565245393,-5.18464436117444,0.18535163239783214,1.1545943745840768,413,
14,39,0.45,0.5,-0.5,20,55,2,10000,10912.926145575877,912.926145575877,9.129261455758769,2.324672104726666,0.08052791920713064,0.05764840817983559,-12.172785147583944,0.19097290197289543,5.854562435560078,31,17,14,54.83870967741935,202.9083053153719,-176.72250319896116,492.9197154823635,-505.41829135823144,1.394212123495026,13.161290322580646,12,45,26.666666666666668,3.94761793626921,-3.896481977779487,0.06575134306049214,0.06425239898512969,3,
14,39,0.45,0.5,-0.5,20,55,2,10000,10912.926145575875,912.926145575877,9.129261455758767,2.324672104726666,0.0805279192071294,0.0576484081798355,-12.172785147583944,0.1909729019728954,5.854562435560166,31,17,14,54.83870967741935,202.9083053153719,-176.72250319896116,492.9197154823635,-505.4182913582314,1.394212123495026,13.161290322580646,12,45,26.666666666666668,3.94761793626921,-3.896481977779487,0.0657513430604921,0.0805279192071294,1,
21,39,0.45,0.4,-0.5,15,30,8,10000,10871.71949355601,871.7194935560092,8.717194935560093,2.2228958033646107,0.06677954900660908,0.06498735401198319,-18.165847894349266,0.12294418166899414,8.170616570888525,77,48,29,62.33766233766234,127.65846022051964,-171.70218120657353,431.7333945960202,-737.2717049178149,1.2306003351821075,13.896103896103897,21,45,46.666666666666664,5.747218270864951,-6.986316929068382,0.21245122120857285,1.2211397375911883,199,
14,42,0.5,0.30000000000000004,-0.5,5,35,2,10000,10871.19749244893,871.1974924489296,8.711974924489295,2.2216046908796194,0.06574736741923845,0.07407933551867468,-17.427219924122813,0.12767960594556213,8.231891587243222,82,47,35,57.3170731707317,165.3197268905399,-192.25897614382745,395.2297836640653,-608.3169050094338,1.1546965481813265,13.365853658536585,19,45,42.22222222222222,7.839762200628675,-5.167737553252416,0.1666398049641095,1.2576549282704053,317,
21,42,0.45,0.2,-0.5,10,25,2,10000,10798.203124190783,798.2031241907825,7.9820312419078245,2.040609493377543,0.05952964792813866,0.0747500435560096,-27.665627278647147,0.0737597406639149,11.638452914069509,70,46,24,65.71428571428571,198.88586887113243,-339.43661735107816,764.9517202761348,-711.9620093896194,1.1230312106901108,16.2,19,45,42.22222222222222,7.460084692320401,-6.836410835617612,0.16973119961507718,1.1017418605232219,210,
28,42,0.45,0.4,-0.19999999999999996,15,25,8,10000,10836.117117740285,836.1171177402848,8.361171177402849,2.1347323316164513,0.05833119740450563,0.05781732762619207,-23.57200707090125,0.09056217933396506,9.177377587211124,61,37,24,60.65573770491803,191.28922884163921,-255.80823784206646,488.2684350876019,-435.0179371564662,1.1528331936659448,17.950819672131146,20,45,44.44444444444444,6.501255484297785,-7.651013947248131,0.1195772707021275,-0.2540198511557198,4,
21,39,0.45,0.4,-0.5,10,50,5,10000,10716.027246186559,716.0272461865588,7.160272461865588,1.8357658744717176,0.057275202600209074,0.07745202904298813,-28.347995830803008,0.06512684920901139,14.051880129113304,65,38,27,58.46153846153847,267.78449178122156,-340.21704072079837,939.0911629613382,-737.2717049178149,1.1077689598476348,18.8,22,45,48.888888888888886,8.033586723517349,-7.534419864679965,0.22390714836901854,0.9923047091564999,41,
21,39,0.45,0.4,-0.5,10,35,5,10000,10716.027246186559,716.0272461865588,7.160272461865588,1.8357658744717176,0.057275202600209074,0.07745202904298813,-28.347995830803008,0.06512684920901139,14.051880129113304,65,38,27,58.46153846153847,267.78449178122156,-340.21704072079837,939.0911629613382,-737.2717049178149,1.1077689598476348,18.8,22,45,48.888888888888886,8.033586723517349,-7.534419864679965,0.22390714836901854,1.2288740892463668,301,
14,42,0.5,0.2,-0.4,15,30,5,10000,10844.92608457565,844.9260845756507,8.449260845756507,2.1565661514783674,0.05308449380736474,0.04612331730708455,-10.0347282209384,0.21525842667806458,5.82742891041839,59,35,24,59.32203389830508,140.72610390231478,-164.58499717378928,348.77370939487,-489.5872288531056,1.2469275554573973,12.186440677966102,16,45,35.55555555555556,3.872228450941284,-3.093664918075689,0.15730594659307476,1.0367185757655126,274,
14,36,0.5,0.30000000000000004,-0.1,15,50,5,10000,10788.356034088283,788.3560340882832,7.883560340882832,2.016123908676115,0.04182799234884208,0.03212175394527455,-18.103298291642027,0.11136776714367702,8.380619623943224,67,37,30,55.223880597014926,215.1469369007939,-231.79032952474566,642.2641769023238,-427.43856346853323,1.1447754933882357,10.044776119402986,16,45,35.55555555555556,5.532524212590584,-6.083957299032838,0.13202518903420762,0.04182799234884208,1,
14,45,0.5,0.5,-0.5,15,35,5,10000,10815.393425523365,815.3934255233653,8.153934255233652,2.083315157095811,0.040811518461383214,0.038175860313154175,-11.259609851482756,0.1853355788530615,5.853299308974493,62,35,27,56.451612903225815,146.08334879978784,-154.38430231980735,446.71214842500837,-489.5872288531056,1.2265968829360014,13.14516129032258,17,45,37.77777777777778,3.7440228988379065,-3.013001051615505,0.13556475576233187,0.9912548376608715,59,
14,45,0.5,0.30000000000000004,-0.5,15,30,5,10000,10807.564560913486,807.5645609134863,8.075645609134863,2.063872208486406,0.03797250729095564,0.03476585895992759,-11.155893527662757,0.1853157428240117,5.96583961339307,57,32,25,56.14035087719298,164.39645769451926,-172.85497861906796,370.96972590772907,-489.5872288531056,1.2173642178552329,12.947368421052632,17,45,37.77777777777778,4.33753746897465,-3.005773914151222,0.13468196153771828,1.1306844362823694,261,
21,33,0.45,0.5,-0.5,5,50,5,10000,10388.191561751908,388.191561751908,3.88191561751908,1.0068438414823744,0.017575534601172088,0.023208797267538703,-31.067763772314038,0.03240799205444007,16.103865297792442,84,48,36,57.14285714285714,223.8951654763107,-269.2452597767149,939.8044915970685,-762.3442227718592,1.1087544774207576,18.714285714285715,24,45,53.333333333333336,11.082104593668918,-8.27093758322468,0.12189675610031281,0.2917840853470672,5,
21,33,0.45,0.5,-0.5,5,50,5,10000,10388.191561751908,388.191561751908,3.88191561751908,1.0068438414823744,0.017575534601172,0.0232087972675387,-31.06776377231404,0.03240799205444,16.103865297792442,84,48,36,57.14285714285714,223.8951654763107,-269.2452597767149,939.8044915970684,-762.3442227718592,1.1087544774207576,18.714285714285715,24,45,53.333333333333336,11.082104593668918,-8.27093758322468,0.1218967561003128,0.7860333935193271,3,
14,45,0.45,0.1,-0.1,15,25,8,10000,10738.968335037162,738.9683350371615,7.389683350371615,1.8930683366684464,-0.005085686822743513,-0.003691310857264529,-11.13998391709316,0.16993456640127888,4.461590215231284,106,72,34,67.9245283018868,61.793563353144414,-103.96083018792122,154.486836353251,-258.8729913027477,1.2587140507869419,6.235849056603773,16,45,35.55555555555556,3.906955444145943,-3.0253533381119024,0.13093602417559558,-0.005085686822743513,1,
21,39,0.5,0.5,-0.5,10,25,5,10000,10388.608461728229,388.6084617282286,3.8860846172822856,1.0079101216495578,-0.006202094650026719,-0.008004520066569511,-26.49833755885236,0.03803673039529391,13.589163540721497,90,50,40,55.55555555555556,194.09292107610392,-227.43036207844034,660.3906577699248,-737.2717049178149,1.0667711607540422,19.011111111111113,22,45,48.888888888888886,7.737893137070984,-9.364982659456034,0.07542159402910073,1.3231943332579477,136,
21,42,0.45,0.30000000000000004,-0.5,5,40,2,10000,10482.23457884907,482.2345788490693,4.822345788490693,1.2465774273393126,-0.008121944753841906,-0.011238881047014754,-26.445955697411055,0.04739866782822237,11.554201503135188,58,32,26,55.172413793103445,240.52626994752535,-271.1860781544734,764.9517202761348,-585.8015595085134,1.0916206844308642,18.689655172413794,17,45,37.77777777777778,7.792912148632114,-6.748639740812646,0.15505865004987196,1.2070952696687909,193,
28,36,0.45,0.5,-0.5,10,45,14,10000,10513.836205071166,513.8362050711658,5.138362050711658,1.3267801417862213,-0.008370420511303836,-0.009953049689279056,-25.07841119079236,0.05387299242676257,10.64036453202434,111,68,43,61.261261261261254,107.42620929959881,-144.5560670590122,501.1250342053338,-854.743197545023,1.1752070403260664,14.405405405405405,25,45,55.55555555555556,7.702214278680031,-8.519592558961953,0.10900404677071861,-0.25263543935999555,2,
21,45,0.45,0.30000000000000004,-0.4,10,25,5,10000,10485.773389799759,485.77338979975866,4.857733897997587,1.255567534175439,-0.014452253966455657,-0.017790093832809568,-27.13123317600987,0.0462775696935753,10.944168131428714,63,35,28,55.55555555555556,234.30027764372062,-269.30601072410883,764.9517202761348,-619.572222022283,1.0875187904910435,18.19047619047619,18,45,40.0,6.239799010101099,-6.212793378489767,0.08238206121891459,1.1937152960431192,300,
21,42,0.45,0.30000000000000004,-0.5,10,35,5,10000,10395.97093974663,395.9709397466304,3.9597093974663036,1.0267354980965315,-0.038019994666292654,-0.04895793684940214,-26.383639920893735,0.03917753976907382,10.68600637463837,67,37,30,55.223880597014926,205.73307304436304,-234.7761578479797,764.9517202761348,-585.8015595085134,1.0807633069752014,18.223880597014926,17,45,37.77777777777778,6.298966076934076,-6.278365736615566,0.12788444479473696,1.1203403666688854,425,
21,42,0.45,0.30000000000000004,-0.5,10,40,5,10000,10395.97093974663,395.9709397466304,3.9597093974663036,1.0267354980965315,-0.038019994666292654,-0.04895793684940214,-26.383639920893735,0.03917753976907382,10.68600637463837,67,37,30,55.223880597014926,205.73307304436304,-234.7761578479797,764.9517202761348,-585.8015595085134,1.0807633069752014,18.223880597014926,17,45,37.77777777777778,6.298966076934076,-6.278365736615566,0.12788444479473696,1.0942034047867502,256,
21,42,0.45,0.30000000000000004,-0.5,10,30,5,10000,10395.97093974663,395.9709397466304,3.9597093974663036,1.0267354980965315,-0.038019994666292654,-0.04895793684940214,-26.383639920893735,0.03917753976907382,10.68600637463837,67,37,30,55.223880597014926,205.73307304436304,-234.7761578479797,764.9517202761348,-585.8015595085134,1.0807633069752014,18.223880597014926,17,45,37.77777777777778,6.298966076934076,-6.278365736615566,0.12788444479473696,1.1071931760980103,499,
21,42,0.45,0.30000000000000004,-0.5,5,45,5,10000,10395.97093974663,395.9709397466304,3.9597093974663036,1.0267354980965315,-0.038019994666292654,-0.04895793684940214,-26.383639920893735,0.03917753976907382,10.68600637463837,67,37,30,55.223880597014926,205.73307304436304,-234.7761578479797,764.9517202761348,-585.8015595085134,1.0807633069752014,18.223880597014926,17,45,37.77777777777778,6.298966076934076,-6.278365736615566,0.12788444479473696,1.136481101188728,128,
21,42,0.45,0.30000000000000004,-0.5,5,35,5,10000,10395.97093974663,395.9709397466304,3.9597093974663036,1.0267354980965315,-0.038019994666292654,-0.04895793684940214,-26.383639920893735,0.03917753976907382,10.68600637463837,67,37,30,55.223880597014926,205.73307304436304,-234.7761578479797,764.9517202761348,-585.8015595085134,1.0807633069752014,18.223880597014926,17,45,37.77777777777778,6.298966076934076,-6.278365736615566,0.12788444479473696,1.1999949131687058,380,
21,39,0.45,0.6,-0.4,15,25,5,10000,10301.708502176512,301.7085021765124,3.017085021765124,0.7849661827402432,-0.0415773353871252,-0.0485113326367186,-25.04705141331535,0.0313396642897033,12.081766204076809,59,32,27,54.23728813559322,266.4254575545201,-296.0326962048076,939.0911629613382,-737.2717049178149,1.0666507764106683,18.6271186440678,16,45,35.55555555555556,8.508449896611747,-8.413088442095507,0.0533793729875384,0.3711172079032865,2,
21,39,0.45,0.6,-0.4,15,25,5,10000,10301.708502176512,301.7085021765124,3.017085021765124,0.7849661827402432,-0.041577335387125415,-0.048511332636718675,-25.04705141331535,0.03133966428970336,12.081766204076766,59,32,27,54.23728813559322,266.4254575545201,-296.0326962048076,939.0911629613382,-737.2717049178149,1.0666507764106685,18.627118644067796,16,45,35.55555555555556,8.508449896611747,-8.413088442095507,0.053379372987538434,0.9521359049403345,13,
21,42,0.45,0.30000000000000004,-0.5,15,30,5,10000,10446.807439302931,446.807439302931,4.46807439302931,1.1564536952307414,-0.041957184834283144,-0.046090899215479604,-19.797276907251998,0.05876430268894892,9.486762434538713,48,27,21,56.25,223.88421610949501,-260.1380175332388,764.9517202761348,-711.9620093896194,1.1065323620417857,17.9375,16,45,35.55555555555556,6.265334968040404,-6.8587961732683,0.13004533538534832,1.047057547934409,333,
21,42,0.45,0.2,-0.5,5,50,2,10000,10290.831835238168,290.8318352381684,2.9083183523816842,0.756964354451295,-0.046603336309118525,-0.060426291695699456,-29.902432062371066,0.02554496248554065,11.802322463022001,73,47,26,64.38356164383562,182.30548446572763,-310.8176118152156,764.9517202761348,-623.3005281236743,1.0602752527251822,16.136986301369863,19,45,42.22222222222222,7.790747872045434,-6.429643157571019,0.007120478329432562,1.1744555626980189,31,
21,45,0.45,0.30000000000000004,-0.5,5,35,5,10000,10331.696625912627,331.6966259126275,3.316966259126275,0.8620575097129768,-0.04795092194844219,-0.060762118849074405,-27.44625389887263,0.03166030790524228,11.05077981447629,64,36,28,56.25,220.91540515886192,-265.9210690125355,764.9517202761348,-623.3005281236743,1.068114284444753,18.328125,17,45,37.77777777777778,6.342007383449277,-6.014640492975431,0.11533714501889726,1.2799395488004093,304,
21,45,0.45,0.30000000000000004,-0.5,10,25,5,10000,10301.901835262932,301.90183526293185,3.0190183526293186,0.7854637189692815,-0.053464199072388856,-0.06669190923425904,-28.692973578373792,0.027374775807875628,11.183868510217575,64,36,28,56.25,229.83828583243223,-278.36458668747235,764.9517202761348,-651.3290908714891,1.0615803217476605,18.28125,17,45,37.77777777777778,6.362159637417708,-6.031527772680889,0.041458987410502836,1.2054396447809153,293,
21,45,0.45,0.30000000000000004,-0.5,10,35,2,10000,10242.747929978364,242.74792997836448,2.427479299783645,0.6329110129519311,-0.05745476282078683,-0.07875237615335016,-24.381098287850897,0.02624142155111869,11.777509431432877,63,35,28,55.55555555555556,230.42136132247077,-273.36898888759646,764.9517202761348,-589.8952189489652,1.053618783992792,18.793650793650794,17,45,37.77777777777778,7.258772563567839,-4.563069166485645,0.09973757834140778,1.2457006391747396,283,
28,45,0.45,0.30000000000000004,-0.3,15,60,5,10000,10291.494206428486,291.494206428486,2.91494206428486,0.7586702434149384,-0.05784976828183852,-0.05901128981482816,-37.14406356317428,0.020796244908035964,10.937657534516145,52,32,20,61.53846153846154,245.04825545385978,-373.563166345213,488.2684350876019,-597.417893397802,1.0495606742016252,19.903846153846153,19,45,42.22222222222222,7.267239981381346,-8.901559801629178,0.04929861834929133,-1.0535092245061228,2,
14,42,0.5,0.4,-0.5,15,30,5,10000,10562.623216381053,562.6232163810528,5.626232163810528,1.4502500340722868,-0.06179370132859781,-0.05613101239237496,-12.296522335542097,0.11822200591081455,6.035463918111066,58,32,26,55.172413793103445,156.01479468405077,-165.36163821823644,370.96972590772907,-489.5872288531056,1.1612016602574542,13.0,17,45,37.77777777777778,4.388042033601591,-3.042005351803123,0.08733232621033005,1.0938180761650915,280,
14,36,0.5,0.4,-0.5,5,45,2,10000,10273.566132261154,273.56613226115405,2.7356613226115405,0.7124692164877322,-0.06866065200166686,-0.07543538012307838,-18.967683273238176,0.03756226874016644,10.598466224940784,80,44,36,55.00000000000001,217.64450763008145,-251.47837383232542,410.57884024696966,-785.0156133371844,1.057784610725466,13.35,20,45,44.44444444444444,8.555683109554435,-6.897644365767574,0.031071223083579083,0.9203834621123546,20,
21,42,0.45,0.30000000000000004,-0.4,5,35,5,10000,10237.10463770699,237.10463770699062,2.371046377069906,0.6183235652294172,-0.07384991318427839,-0.09301225517443515,-29.3543490646409,0.02129858955876839,10.812298555034497,68,37,31,54.41176470588235,203.59020209027162,-229.72789716702056,764.9517202761348,-515.5660305485139,1.0577503225778624,18.13235294117647,17,45,37.77777777777778,6.4064316193335635,-5.462619133192037,0.09498723082924167,1.1970958171901218,385,
21,45,0.5,0.4,-0.5,10,35,5,10000,10224.883550216393,224.8835502163929,2.248835502163929,0.5867127314895138,-0.07405671441962523,-0.09922031520171877,-22.29724268238992,0.026621822478660843,10.972396386891813,82,48,34,58.536585365853654,164.83914600622538,-222.31344203755881,557.8393432584104,-606.6441685974262,1.0467837047840816,19.158536585365855,21,45,46.666666666666664,5.018277611527,-5.469361191081912,0.08085231262967912,1.279693731192597,292,
21,42,0.45,0.4,-0.3,15,30,5,10000,10264.021389938885,264.0213899388855,2.6402138993888546,0.6878479724868436,-0.07427217831668054,-0.07884464812614009,-21.041423080829766,0.0330175099283478,10.39789530266811,49,25,24,51.02040816326531,280.3341435093417,-275.05684043080174,764.9517202761348,-711.9620093896194,1.0616523201708752,17.693877551020407,20,45,44.44444444444444,6.4441920100878125,-7.503508737453091,0.09760336317043712,0.9067340970691331,70,
21,45,0.45,0.5,-0.19999999999999996,15,55,11,10000,10472.901984746695,472.90198474669523,4.729019847466953,1.2228578791523281,-0.0855426069702835,-0.07517337260160645,-18.67665197643694,0.06584595035345617,6.556538513897775,67,39,28,58.2089552238806,141.45867030780002,-173.272076064361,574.8770936775616,-414.00808786741567,1.1371233255386546,12.656716417910447,17,45,37.77777777777778,5.571547055343928,-5.848424350371473,0.05208921437244067,0.4894544605297951,2,
14,42,0.5,0.30000000000000004,-0.5,5,25,2,10000,10342.307144138247,342.30714413824717,3.423071441382472,0.8892947765873016,-0.0885484296124258,-0.09772691596921318,-17.7812762112437,0.050012989282792346,8.502397473877908,83,47,36,56.62650602409639,159.0124672384371,-193.41148082488382,399.09909146974,-608.3169050094338,1.0733572232648356,13.36144578313253,18,45,40.0,8.011797783501073,-5.281026965881175,0.057079049748446714,1.2750064210453143,272,
14,42,0.5,0.2,-0.5,5,30,5,10000,10440.776854740841,440.7768547408414,4.407768547408414,1.141089958786634,-0.08924690808265918,-0.09273606943226961,-13.099557856355498,0.08737309308597348,6.942629830088645,85,47,38,55.294117647058826,144.1489118574321,-161.8203784927381,360.51299780503905,-489.5872288531056,1.1017737399566192,12.094117647058823,20,45,44.44444444444444,5.263190572998289,-6.385740908535354,0.08307825291355588,1.1654298769081395,323,
14,42,0.5,0.2,-0.5,10,30,5,10000,10440.776854740841,440.7768547408414,4.407768547408414,1.141089958786634,-0.08924690808265918,-0.09273606943226961,-13.099557856355498,0.08737309308597348,6.942629830088645,85,47,38,55.294117647058826,144.1489118574321,-161.8203784927381,360.51299780503905,-489.5872288531056,1.1017737399566192,12.094117647058823,20,45,44.44444444444444,5.263190572998289,-6.385740908535354,0.08307825291355588,1.0765460091596348,367,
14,45,0.5,0.30000000000000004,-0.5,5,50,2,10000,10306.893959475969,306.8939594759686,3.068939594759686,0.7983084014819397,-0.10356104758498272,-0.11059469953020751,-16.6430134975508,0.04817370411783685,8.281755244281355,81,47,34,58.0246913580247,148.4499357515976,-191.57316219048994,360.51299780503905,-608.3169050094338,1.0711845174828254,13.506172839506172,19,45,42.22222222222222,8.09192029538519,-5.639208108124105,0.047848023578117425,1.1115443023344482,33,
21,42,0.45,0.30000000000000004,-0.5,5,25,5,10000,10093.355228137447,93.35522813744683,0.9335522813744683,0.24472887604192195,-0.10416657546160296,-0.12915017233382947,-30.06858051099509,0.00813902325560173,11.05311750425176,59,33,26,55.932203389830505,233.13191290565942,-285.6588411651494,764.9517202761348,-651.3290908714891,1.035844701821855,18.16949152542373,17,45,37.77777777777778,6.506880964639938,-6.365942099099309,-0.0043348120646322505,1.2163343934405384,326,
14,30,0.5,0.4,-0.5,10,60,5,10000,10036.426569418712,36.42656941871246,0.3642656941871246,0.0956910271945554,-0.1119959003568815,-0.1302186385613107,-19.56356734941272,0.0048912872323067,11.306584582173183,78,41,37,52.56410256410257,231.29340084855727,-245.0340091224957,650.0604703085166,-530.7371235095228,1.0459694707278706,12.692307692307692,19,45,42.22222222222222,6.0130170311073705,-5.730548430382676,-0.0138599698778987,-0.1119959003568815,1,
14,30,0.5,0.4,-0.5,10,60,5,10000,10036.426569418712,36.42656941871246,0.3642656941871246,0.09569102719455547,-0.11199590035688163,-0.13021863856131072,-19.56356734941272,0.004891287232306742,11.306584582173171,78,41,37,52.56410256410257,231.29340084855727,-245.03400912249572,650.0604703085166,-530.7371235095228,1.0459694707278706,12.692307692307692,19,45,42.22222222222222,6.0130170311073705,-5.730548430382676,-0.013859969877898731,-0.11286091559364839,2,
14,42,0.5,0.4,-0.5,10,30,2,10000,10267.134154095509,267.1341540955091,2.671341540955091,0.6958793905561755,-0.11203763521035942,-0.12133561620194067,-17.449257141467005,0.04007752813142127,8.445660852611121,81,45,36,55.55555555555556,166.47505604699265,-195.99382949018556,395.2297836640653,-608.3169050094338,1.0617365893611521,13.45679012345679,18,45,40.0,7.850454066714985,-5.1747785336909935,0.04052275692695335,1.2296653980018029,368,
14,30,0.55,0.5,-0.5,5,60,2,10000,9749.788169816009,-250.21183018399097,-2.50211830183991,-0.6643349000980181,-0.11372593083041513,-0.1387071566521829,-29.01358439219699,0.022897374247791546,14.383525500289277,85,47,38,55.294117647058826,258.7837669635826,-317.3716332461564,650.0604703085166,-748.049891285371,1.0085169108069436,13.16470588235294,22,45,48.888888888888886,9.590047362614285,-7.349150639601964,-0.13474814099982296,-0.11286091559364839,2,
21,42,0.5,0.30000000000000004,-0.5,10,30,8,10000,10303.783060613681,303.7830606136813,3.037830606136813,0.7903046302672578,-0.1147615064983597,-0.12321168791673372,-19.418782676267575,0.041052988488754404,7.825725958730015,100,54,46,54.0,103.32501523239371,-110.39411593761115,380.4724063891369,-711.9620093896194,1.0987413782764126,13.77,21,45,46.666666666666664,5.735622785690708,-6.7204072349209,0.06154557253697577,1.1918474234081673,429,
21,42,0.45,0.1,-0.1,15,60,14,10000,10476.7282839796,476.72828397960075,4.767282839796008,1.2325846136250318,-0.11712008482623093,-0.08906827353117193,-17.606858192794732,0.07039923222270011,5.329575100047194,107,69,38,64.48598130841121,76.07044813234069,-117.71485814990686,188.62346476907655,-304.00408942331956,1.1734110812183332,6.5233644859813085,20,45,44.44444444444444,3.1812732273196476,-5.1412342444624,0.06484574956945464,-0.11712008482623093,1,
14,45,0.5,0.2,-0.5,10,25,5,10000,10337.441210944897,337.44121094489674,3.3744121094489676,0.8768064532782338,-0.12698763007076333,-0.12863531570117467,-12.659006966924554,0.06926344661703349,6.959416594625754,85,47,38,55.294117647058826,142.3687765278758,-162.57746489554899,360.51299780503905,-489.5872288531056,1.0831002771362497,12.141176470588235,20,45,44.44444444444444,5.015578305158219,-6.544901949336868,0.03907590131364744,1.146517851288725,199,
14,39,0.5,0.4,-0.19999999999999996,10,40,5,10000,10116.48219304107,116.48219304107079,1.164821930410708,0.30509778411627053,-0.1297169450046508,-0.12442358400743747,-23.148657674913924,0.013179934162960273,9.54693622831464,109,59,50,54.12844036697248,153.0025812605291,-173.32598711663027,642.2641769023238,-478.36737856430454,1.0416386422535573,11.513761467889909,21,45,46.666666666666664,4.659842950780679,-8.461117832299681,0.011898587837192822,0.20627145476826542,7,
14,45,0.5,0.2,-0.5,5,40,5,10000,10334.24789404978,334.24789404978037,3.3424789404978035,0.8686085127707965,-0.1331111688279418,-0.13522361017335283,-11.608649098255576,0.0751214130055042,6.77169025961052,82,46,36,56.09756097560976,135.99926809314763,-159.74918940001663,360.51299780503905,-423.2952277659774,1.087810481017992,12.109756097560975,20,45,44.44444444444444,5.0171359593968345,-6.546759052998952,0.05572799600319818,1.2764475786109633,149,
21,42,0.5,0.30000000000000004,-0.5,5,25,5,10000,9925.546810860096,-74.45318913990377,-0.7445318913990376,-0.19638725796095047,-0.13651260804751414,-0.17661916253155716,-28.066091810326583,0.006997314028905589,11.392230964875958,61,36,25,59.01639344262295,241.2785454334086,-344.4376958374842,557.8393432584104,-624.7540366645175,1.0087197470628804,18.459016393442624,21,45,46.666666666666664,5.788832836328406,-7.832522322139734,-0.048010457655622556,1.2163343934405384,326,
14,42,0.5,0.6,-0.5,5,30,8,10000,10489.213497072573,489.21349707257286,4.892134970725729,1.2643047480660474,-0.1374197749405988,-0.13894930757511773,-13.759774758421933,0.09213580260829517,4.6043010478727915,146,88,58,60.273972602739725,57.628995873800044,-74.94548516934435,286.1351109391929,-295.73307185791583,1.1666759777492208,6.917808219178082,20,45,44.44444444444444,3.3924107336413822,-4.829927905587262,0.0677849444777635,1.4950819832050097,42,
28,33,0.5,0.30000000000000004,-0.5,5,60,2,10000,9068.221377023268,-931.7786229767316,-9.317786229767316,-2.540029347459394,-0.138890068286797,-0.17195368082558607,-39.71880453883027,0.06395029701803302,19.41859598738511,59,36,23,61.016949152542374,299.7353320143846,-493.63739499857036,1020.2116881192829,-861.5102454667668,0.9503958962806219,21.728813559322035,22,45,48.888888888888886,8.307447476196451,-13.943309045584385,-0.2738206363149863,-0.138890068286797,1,
14,42,0.5,0.4,-0.4,10,25,8,10000,10483.275398031443,483.2753980314428,4.832753980314428,1.2492217893356639,-0.14204574270120876,-0.14228701370740576,-13.767280485605445,0.09073845707159112,4.588514875192242,146,88,58,60.273972602739725,57.50230717572944,-74.85564885229117,286.1351109391929,-295.73307185791583,1.1655082975098745,6.86986301369863,20,45,44.44444444444444,3.394397541538674,-4.832760845745387,0.06723226750878825,1.3035072701912633,287,
14,45,0.5,0.5,-0.5,10,45,8,10000,10472.538852784563,472.53885278456255,4.725388527845626,1.2219346349001015,-0.1457685074294809,-0.14848737526266842,-13.873287492945607,0.08832775429155659,4.622358678397425,147,89,58,60.544217687074834,56.83971120624644,-75.01543869950892,286.1351109391929,-295.73307185791583,1.1626880861197355,6.918367346938775,20,45,44.44444444444444,3.397995758970729,-4.927973716760015,0.05599728168920329,1.0335467398020637,55,
14,30,0.45,0.2,-0.19999999999999996,5,35,8,10000,10220.942848486675,220.94284848667485,2.2094284848667485,0.5765138504732592,-0.1603137947243451,-0.15910934419614653,-22.132208025943406,0.026048636891423976,7.2457514238968,141,83,58,58.86524822695035,77.53814290545365,-97.9118181115448,324.30204859587997,-377.2347093181483,1.1332621369604268,6.49645390070922,17,45,37.77777777777778,3.8620774035138083,-5.228924592490802,-0.028596261333546813,-1.8409256443723667,2,
14,30,0.45,0.2,-0.1999999999999999,5,35,8,10000,10220.942848486677,220.94284848667485,2.2094284848667485,0.5765138504732592,-0.1603137947243454,-0.1591093441961465,-22.13220802594341,0.0260486368914239,7.245751423896783,141,83,58,58.86524822695035,77.53814290545365,-97.9118181115448,324.30204859588,-377.2347093181483,1.1332621369604268,6.49645390070922,17,45,37.77777777777778,3.862077403513808,-5.228924592490802,-0.0285962613335468,-0.1603137947243454,1,
14,42,0.5,0.30000000000000004,-0.5,10,35,8,10000,10441.638183463105,441.6381834631047,4.416381834631047,1.1432847114044797,-0.16303026761227515,-0.16561690433161916,-13.85069069942682,0.08279325129195295,4.612880255005371,147,89,58,60.544217687074834,56.35864606501209,-74.78760890212267,238.70308009200406,-295.73307185791583,1.1563596156570297,6.8979591836734695,20,45,44.44444444444444,3.1084514885144854,-4.937649973163493,0.053778594625125305,1.2105797426308433,361,
14,42,0.5,0.30000000000000004,-0.5,5,40,8,10000,10441.638183463105,441.6381834631047,4.416381834631047,1.1432847114044797,-0.16303026761227515,-0.16561690433161916,-13.85069069942682,0.08279325129195295,4.612880255005371,147,89,58,60.544217687074834,56.35864606501209,-74.78760890212267,238.70308009200406,-295.73307185791583,1.1563596156570297,6.8979591836734695,20,45,44.44444444444444,3.1084514885144854,-4.937649973163493,0.053778594625125305,1.21643381936505,202,
14,42,0.5,0.30000000000000004,-0.5,10,25,8,10000,10435.843367184254,435.843367184254,4.3584336718425405,1.1285163624168204,-0.16824100628451122,-0.16839001401771256,-13.767280485605445,0.0819708993070022,4.584871000133331,146,88,58,60.273972602739725,56.9633068251932,-74.85564885229117,238.70308009200406,-295.73307185791583,1.1545833553333653,6.8561643835616435,20,45,44.44444444444444,3.1136662403211446,-4.832760845745387,0.05683643633450198,1.2382049648870006,309,
14,42,0.5,0.30000000000000004,-0.5,5,25,8,10000,10435.843367184254,435.843367184254,4.3584336718425405,1.1285163624168204,-0.16824100628451122,-0.16839001401771256,-13.767280485605445,0.0819708993070022,4.584871000133331,146,88,58,60.273972602739725,56.9633068251932,-74.85564885229117,238.70308009200406,-295.73307185791583,1.1545833553333653,6.8561643835616435,20,45,44.44444444444444,3.1136662403211446,-4.832760845745387,0.05683643633450198,1.3149904840560902,279,
21,42,0.45,0.2,-0.4,15,25,5,10000,9967.373384208362,-32.62661579163796,-0.3262661579163796,-0.08592703938004043,-0.1693017380107649,-0.17707403615777265,-29.62511616084801,0.0029004794078613593,9.623369926254048,61,38,23,62.295081967213115,184.25724055008257,-298.610162140842,764.9517202761348,-766.3184653638086,1.019473027788782,15.163934426229508,18,45,40.0,6.605877414726247,-7.1972747010433435,-0.022633491616166544,1.0911372298995536,206,
14,45,0.5,0.30000000000000004,-0.4,5,40,8,10000,10425.106821937374,425.10682193737375,4.251068219373737,1.1011378164814678,-0.17180077344278014,-0.17486482869007428,-13.873287492945607,0.07962030484120315,4.618731729877313,147,89,58,60.544217687074834,56.306767039424095,-75.01543869950892,238.70308009200406,-295.73307185791583,1.1517864150840944,6.904761904761905,20,45,44.44444444444444,3.1018094272202035,-4.927973716760015,0.04559043045598348,1.2821682215067878,163,
14,45,0.5,0.4,-0.4,10,40,2,10000,10070.951336570395,70.95133657039514,0.7095133657039514,0.1861501395886033,-0.1727148357501631,-0.1847608478950913,-19.36912053870404,0.0097875590353766,8.428172015319614,81,47,34,58.0246913580247,151.33790403066678,-202.39013666171977,399.09909146974,-608.3169050094338,1.033659051764667,13.419753086419751,19,45,42.22222222222222,7.974098744214308,-5.306426512399954,-0.0062163111886929,0.9329332095050678,9,
14,45,0.5,0.4,-0.4,10,40,2,10000,10070.951336570395,70.95133657039514,0.7095133657039514,0.18615013958860338,-0.17271483575016322,-0.1847608478950913,-19.36912053870404,0.009787559035376649,8.42817201531961,81,47,34,58.0246913580247,151.33790403066678,-202.39013666171977,399.09909146974,-608.3169050094338,1.0336590517646673,13.419753086419753,19,45,42.22222222222222,7.9740987442143085,-5.306426512399954,-0.006216311188692991,1.2613570180394644,152,
14,42,0.5,0.2,-0.5,10,30,8,10000,10410.344041208222,410.3440412082218,4.103440412082218,1.0634582872234066,-0.18090063229051612,-0.18265467958938075,-13.759774758421933,0.07753866470981158,4.597922554326719,146,88,58,60.273972602739725,56.73275205715969,-74.94548516934435,238.70308009200406,-295.73307185791583,1.1485318800562754,6.897260273972603,20,45,44.44444444444444,3.111870848995091,-4.829927905587262,0.050578934325926854,1.153920981990517,315,
28,45,0.45,0.2,-0.5,5,30,2,10000,9536.656993698616,-463.34300630138387,-4.633430063013839,-1.2402000757422704,-0.18305332427372778,-0.21516219975709996,-38.48621479100818,0.03187340683712017,13.035464835130972,73,53,20,72.6027397260274,191.29124487622508,-514.527126493411,325.5122900584012,-809.0864246789514,0.9852188015367702,17.73972602739726,19,45,42.22222222222222,7.633704842207734,-6.294727786115207,-0.13225631421814665,0.002044482057069565,22,
28,42,0.55,0.2,-0.4,15,45,2,10000,9538.111229022565,-461.88877097743534,-4.618887709774353,-1.2362388521289347,-0.18528196856689094,-0.1969544617818667,-21.154421666817584,0.05795971767781799,12.95549280079815,61,39,22,63.934426229508205,184.04589593926977,-338.58529903339206,614.8937495928727,-658.3526215590883,0.9636070440639312,18.39344262295082,17,45,37.77777777777778,5.919964898311725,-6.696069064796772,-0.1833758101764083,-0.18528196856689094,1,
14,45,0.5,0.6,-0.4,10,40,2,10000,10024.175913783103,24.17591378310317,0.24175913783103167,0.06353768957365613,-0.18893969708081032,-0.20166378325171225,-19.36912053870404,0.0034570370584377586,8.376342478052186,80,46,34,57.49999999999999,153.68887348078218,-202.39013666171977,452.3651259220455,-608.3169050094338,1.027382108274732,13.4875,19,45,42.22222222222222,7.9740987442143085,-5.306426512399954,-0.017005901059940084,1.0794660652382162,26,
14,45,0.5,0.2,-0.5,10,50,8,10000,10393.669396920212,393.6693969202115,3.936693969202115,1.0208516590188177,-0.18915989187578408,-0.19241580598040703,-13.873287492945607,0.07383300293357659,4.615978371979284,147,89,58,60.544217687074834,55.95353754484925,-75.01543869950892,238.70308009200406,-295.73307185791583,1.1445609081930048,6.8979591836734695,20,45,44.44444444444444,3.1018094272202035,-4.927973716760015,0.038763056971913776,1.1257240302843983,31,
14,33,0.5,0.6,-0.5,5,25,2,10000,9620.528386846592,-379.4716131534078,-3.794716131534078,-1.012464746454489,-0.1925341402837609,-0.21597018133703896,-23.730707794843863,0.042664751309039094,11.963900117373129,95,52,43,54.736842105263165,194.7628622170642,-237.701800904698,534.1981323490131,-748.049891285371,0.9908514841686654,13.357894736842105,22,45,48.888888888888886,9.236020522404353,-7.361055426621366,-0.11052606395318662,0.5770263120857453,2,
21,42,0.45,0.4,-0.5,15,40,5,10000,9808.988802140342,-191.01119785965784,-1.9101119785965786,-0.5060272002538224,-0.19277182662330763,-0.22616441917773586,-20.943422404984414,0.023836669724172834,10.275945183903678,46,22,24,47.82608695652174,265.80600974574685,-246.19897436711094,764.9517202761348,-585.8015595085134,0.9896690656813335,19.0,16,45,35.55555555555556,6.7773279253332985,-6.128774777108836,-0.012162074349039504,1.0538164924175775,117,
14,42,0.5,0.2,-0.5,10,40,2,10000,10040.779661233759,40.779661233758816,0.4077966123375881,0.1071092820748909,-0.1966766944507,-0.22093607713535818,-18.12035218292029,0.006099928355926202,7.988441970869682,85,51,34,60.0,137.6515363785228,-200.33238453636795,395.2297836640653,-608.3169050094338,1.0306736229673377,12.717647058823529,18,45,40.0,5.32599727781915,-5.503832625972738,-0.01209237655686727,1.1993081664303764,172,
14,45,0.5,0.30000000000000004,-0.5,10,25,5,10000,10115.650376825399,115.65037682539878,1.1565037682539878,0.30292823714697104,-0.20212336344878876,-0.22213527080829737,-17.470628799415625,0.017339286446124005,7.136966608055338,79,42,37,53.16455696202531,161.78616770422968,-175.69786613291396,370.96972590772907,-489.5872288531056,1.045255513809185,13.012658227848101,19,45,42.22222222222222,4.502128363147873,-6.639568714984789,-0.008576407361322353,1.2101947576886365,292,
14,45,0.55,0.5,-0.4,5,50,8,10000,10331.816738004278,331.8167380042778,3.318167380042778,0.8623659535372141,-0.2053366841367463,-0.2172021062172265,-13.850625566917223,0.0625109202786408,4.942164922274901,146,84,62,57.53424657534247,60.75529114503582,-73.18754384159452,220.2275973473455,-491.071851821442,1.1246943938872171,6.904109589041096,21,45,46.66666666666666,4.1322276937337366,-3.573524062963307,0.0532470064269554,-0.2561318942043168,2,
14,45,0.55,0.5,-0.4,5,50,8,10000,10331.816738004278,331.8167380042778,3.318167380042778,0.8623659535372141,-0.20533668413674652,-0.21720210621722652,-13.850625566917223,0.06251092027864084,4.942164922274896,146,84,62,57.534246575342465,60.75529114503582,-73.18754384159452,220.22759734734547,-491.071851821442,1.1246943938872171,6.904109589041096,21,45,46.666666666666664,4.1322276937337366,-3.573524062963307,0.05324700642695549,-0.25887233907673857,4,
21,42,0.5,0.30000000000000004,-0.5,5,45,5,10000,9576.703504966179,-423.296495033821,-4.23296495033821,-1.1312787595671447,-0.21141970545530153,-0.27690609757835566,-28.06302609701251,0.040071080279000824,11.646105083548152,61,36,25,59.01639344262295,221.7687536876437,-330.6093279593393,557.8393432584104,-606.6441685974262,0.9659346494587792,18.508196721311474,21,45,46.666666666666664,5.303203167149562,-8.201162454659993,-0.05571700042547945,1.136481101188728,128,
21,42,0.5,0.30000000000000004,-0.5,10,35,5,10000,9576.703504966179,-423.296495033821,-4.23296495033821,-1.1312787595671447,-0.21141970545530153,-0.27690609757835566,-28.06302609701251,0.040071080279000824,11.646105083548152,61,36,25,59.01639344262295,221.7687536876437,-330.6093279593393,557.8393432584104,-606.6441685974262,0.9659346494587792,18.508196721311474,21,45,46.666666666666664,5.303203167149562,-8.201162454659993,-0.05571700042547945,1.1203403666688854,425,
14,42,0.5,0.2,-0.4,5,40,2,10000,9986.789404282716,-13.210595717284377,-0.13210595717284376,-0.034767138642100015,-0.21226335779753244,-0.23163351267148996,-16.414129037873593,0.001909843804901108,8.0475044576009,87,53,34,60.91954022988506,137.18235870435882,-209.17141138864443,395.2297836640653,-608.3169050094338,1.0223342049895856,12.482758620689655,19,45,42.22222222222222,5.359118308344102,-5.338460701400161,-0.02070203167035256,1.264519205961531,160,
21,39,0.45,0.30000000000000004,-0.4,10,35,5,10000,9293.512742106082,-706.4872578939176,-7.064872578939176,-1.9088591863937632,-0.2328174165176277,-0.2733406232028861,-29.851322513906485,0.06360835976664553,13.143438119211922,72,42,30,58.333333333333336,203.50544684793962,-299.5864227823031,626.0607753075587,-596.9706306680546,0.9510031293846247,16.65277777777778,20,45,44.44444444444444,7.423956929966868,-6.542380602246611,-0.08469032313163978,1.1348794552770443,363,
14,45,0.5,0.30000000000000004,-0.5,10,35,5,10000,10040.153065999531,40.153065999531464,0.40153065999531456,0.10546593388893744,-0.23495042427527374,-0.26108459203493706,-16.70505437649519,0.006518353263564883,7.004740074444049,85,46,39,54.11764705882353,142.99582727212064,-163.1207017611182,360.51299780503905,-489.5872288531056,1.0339689761427453,13.105882352941176,20,45,44.44444444444444,4.536960978875881,-6.685050834185935,-0.022624144733565357,1.2039682938407832,336,
21,36,0.45,0.1,-0.5,15,35,8,10000,9919.73979811594,-80.26020188406073,-0.8026020188406073,-0.2117501605886196,-0.2366190553600689,-0.2091181873789809,-23.353996341464704,0.0086285227622726,7.961544844061574,84,61,23,72.61904761904762,97.6793557020285,-243.48371295283312,187.6883332624785,-737.2717049178149,1.0639834422354135,9.833333333333334,20,45,44.44444444444444,5.819620825742078,-7.394868555627287,-0.0470684436391698,-0.2366190553600689,1,
21,36,0.45,0.1,-0.5,15,35,8,10000,9919.73979811594,-80.26020188406073,-0.8026020188406073,-0.21175016058861962,-0.23661905536007033,-0.20911818737898097,-23.353996341464704,0.008628522762272663,7.961544844061527,84,61,23,72.61904761904762,97.6793557020285,-243.48371295283312,187.68833326247852,-737.2717049178149,1.0639834422354135,9.833333333333334,20,45,44.44444444444444,5.819620825742078,-7.394868555627287,-0.0470684436391698,0.705112403220941,10,
14,42,0.5,0.30000000000000004,-0.4,5,25,5,10000,9983.655651701685,-16.3443482983148,-0.16344348298314798,-0.04301940139714855,-0.24503941498575377,-0.2596170767084604,-18.02453660455855,0.0023867133086943604,7.2612243745305225,80,44,36,55.00000000000001,160.07928825098142,-191.07459476408513,370.96972590772907,-489.5872288531056,1.0239585417382842,12.925,21,45,46.666666666666664,4.536471611791404,-7.619227020918085,-0.030046916011657505,1.2183057508836475,331,
14,42,0.5,0.30000000000000004,-0.4,10,25,5,10000,9983.655651701685,-16.3443482983148,-0.16344348298314798,-0.04301940139714855,-0.24503941498575377,-0.2596170767084604,-18.02453660455855,0.0023867133086943604,7.2612243745305225,80,44,36,55.00000000000001,160.07928825098142,-191.07459476408513,370.96972590772907,-489.5872288531056,1.0239585417382842,12.925,21,45,46.666666666666664,4.536471611791404,-7.619227020918085,-0.030046916011657505,1.1329076849210702,371,
14,42,0.5,0.30000000000000004,-0.5,10,25,5,10000,9986.495506974365,-13.504493025635384,-0.13504493025635383,-0.035540991587479365,-0.24816455375284838,-0.26820383576354667,-18.000513448937706,0.0019744432117616514,7.167321710466649,79,42,37,53.16455696202531,159.57786188125743,-176.68181276227077,370.96972590772907,-489.5872288531056,1.025246656569503,13.012658227848101,20,45,44.44444444444444,4.535151903539747,-6.682690634338961,-0.03104321277624132,1.1428214742113985,362,
14,39,0.5,0.4,-0.4,10,30,2,10000,9565.614240773679,-434.38575922632117,-4.343857592263212,-1.1614064627478604,-0.2505709374227351,-0.27794387542011434,-24.285767228353887,0.04782251480166977,10.464685666029732,82,44,38,53.65853658536586,195.47186636079752,-231.78118077796472,428.3631534269342,-583.8022471672753,0.9765065675314241,13.24390243902439,17,45,37.77777777777778,7.281203846193263,-8.162788426633005,-0.11606484250513723,1.2672032929905015,318,
14,42,0.5,0.30000000000000004,-0.5,5,45,5,10000,9989.60756220408,-10.39243779591925,-0.10392437795919249,-0.02734757618321204,-0.25642742115485223,-0.28013630189672195,-17.379580034808143,0.0013768230536661218,6.950805027885243,88,49,39,55.68181818181818,133.1882182637405,-163.0940387919182,360.51299780503905,-423.2952277659774,1.0260279572392534,13.102272727272727,20,45,44.44444444444444,4.533706582807606,-6.680804849829968,-0.030011077876866122,1.136481101188728,128,
14,42,0.5,0.30000000000000004,-0.5,10,40,5,10000,9989.60756220408,-10.39243779591925,-0.10392437795919249,-0.02734757618321204,-0.25642742115485223,-0.28013630189672195,-17.379580034808143,0.0013768230536661218,6.950805027885243,88,49,39,55.68181818181818,133.1882182637405,-163.0940387919182,360.51299780503905,-423.2952277659774,1.0260279572392534,13.102272727272727,20,45,44.44444444444444,4.533706582807606,-6.680804849829968,-0.030011077876866122,1.0942034047867502,256,
14,42,0.5,0.30000000000000004,-0.5,10,35,5,10000,9989.60756220408,-10.39243779591925,-0.10392437795919249,-0.02734757618321204,-0.25642742115485223,-0.28013630189672195,-17.379580034808143,0.0013768230536661218,6.950805027885243,88,49,39,55.68181818181818,133.1882182637405,-163.0940387919182,360.51299780503905,-423.2952277659774,1.0260279572392534,13.102272727272727,20,45,44.44444444444444,4.533706582807606,-6.680804849829968,-0.030011077876866122,1.1234144083928066,424,
14,42,0.5,0.30000000000000004,-0.5,10,45,5,10000,9989.60756220408,-10.39243779591925,-0.10392437795919249,-0.02734757618321204,-0.25642742115485223,-0.28013630189672195,-17.379580034808143,0.0013768230536661218,6.950805027885243,88,49,39,55.68181818181818,133.1882182637405,-163.0940387919182,360.51299780503905,-423.2952277659774,1.0260279572392534,13.102272727272727,20,45,44.44444444444444,4.533706582807606,-6.680804849829968,-0.030011077876866122,1.0886335193068888,136,
14,42,0.5,0.30000000000000004,-0.5,5,35,5,10000,9989.60756220408,-10.39243779591925,-0.10392437795919249,-0.02734757618321204,-0.25642742115485223,-0.28013630189672195,-17.379580034808143,0.0013768230536661218,6.950805027885243,88,49,39,55.68181818181818,133.1882182637405,-163.0940387919182,360.51299780503905,-423.2952277659774,1.0260279572392534,13.102272727272727,20,45,44.44444444444444,4.533706582807606,-6.680804849829968,-0.030011077876866122,1.2036441169614298,379,
21,45,0.55,0.5,-0.3,10,25,2,10000,9455.19449478425,-544.8055052157506,-5.448055052157506,-1.4628119820239927,-0.2628788323409633,-0.27096742455245193,-24.194845799173404,0.06045965302552035,10.938717755986714,64,35,29,54.6875,235.49548165534074,-298.9774035829329,558.1526420818781,-562.8427950744023,0.9506360057662577,18.546875,18,45,40.0,7.1055003670595696,-5.562940802771443,-0.13775810703302832,-0.32773410554233007,2,
28,42,0.5,0.5,-0.3,15,40,8,10000,9572.90630177363,-427.0936982263702,-4.270936982263702,-1.141592238970246,-0.2682838894870556,-0.28825750988402177,-28.32467295065356,0.039945668011457346,9.889709980990666,64,35,29,54.6875,181.6694463245613,-232.66292622613332,664.2628849150593,-591.8968398439101,0.9423771628731409,19.5625,17,45,37.77777777777778,6.256474008727642,-6.28288617631112,-0.2188160053503378,0.020309203727585046,2,
14,45,0.5,0.30000000000000004,-0.5,5,30,8,10000,10249.259598662851,249.2595986628512,2.492595986628512,0.6497357842148777,-0.27192433249827824,-0.2725236195398812,-14.09727138171517,0.04633364087733697,4.57315828288151,145,87,58,60.0,55.530653713611876,-75.03115990381944,238.70308009200406,-295.73307185791583,1.1101518446095306,6.896551724137931,19,45,42.22222222222222,3.1052141825024027,-4.836823410361357,0.010968589607637608,1.3443283195181726,311,
14,45,0.5,0.4,-0.5,5,25,5,10000,9895.63823841928,-104.36176158071976,-1.0436176158071975,-0.2755836358874997,-0.28078414139941504,-0.30709482530957655,-19.310664778798174,0.014271058974110108,7.186965755429736,79,42,37,53.16455696202531,156.5168310755125,-175.69786613291396,370.96972590772907,-489.5872288531056,1.0112117927455126,13.050632911392405,18,45,40.0,4.558484154878495,-6.71311438117792,-0.05771651545345894,1.356367470553173,241,
21,42,0.5,0.30000000000000004,-0.4,10,30,5,10000,9229.421400144884,-770.5785998551164,-7.705785998551164,-2.0872575650843217,-0.28199610407861664,-0.3502691487738647,-32.945177725998285,0.06315218533434855,12.021864745212756,67,39,28,58.2089552238806,204.93744716914688,-307.582164665941,557.8393432584104,-594.2473805507763,0.928040113894363,17.65671641791045,20,45,44.44444444444444,5.73572890730174,-6.716770592029575,-0.1385599449460888,1.0989424680350637,511,
28,36,0.5,0.3,-0.4,5,60,14,10000,9417.662514735564,-582.3374852644356,-5.823374852644355,-1.565851169272814,-0.2908564982815376,-0.3428749513681146,-27.12708107312544,0.0568537052987202,10.37150670414483,107,62,45,57.943925233644855,107.11240435619216,-144.18385952607986,323.8115059781521,-759.7717311511315,1.023534055277634,13.83177570093458,19,45,42.22222222222222,10.91968488293398,-7.847055758112553,-0.0813490954464556,-0.2908564982815376,1,
28,36,0.5,0.30000000000000004,-0.4,5,60,14,10000,9417.662514735564,-582.3374852644356,-5.823374852644355,-1.5658511692728139,-0.2908564982815377,-0.3428749513681146,-27.127081073125442,0.0568537052987202,10.371506704144826,107,62,45,57.943925233644855,107.11240435619217,-144.18385952607986,323.8115059781521,-759.7717311511315,1.023534055277634,13.83177570093458,19,45,42.22222222222222,10.919684882933979,-7.847055758112553,-0.0813490954464556,-0.2908564982815377,1,
28,36,0.45,0.5,-0.19999999999999996,15,55,8,10000,9189.337876823618,-810.662123176382,-8.106621231763821,-2.199294663939466,-0.29858195225473216,-0.31400438907834216,-32.83761819616377,0.0662615135946821,11.768027113015735,77,35,42,45.45454545454545,193.3029707426674,-173.67349554046936,1056.3852086294955,-441.783371377153,0.9275209694543555,17.09090909090909,18,45,40.0,7.317400932580842,-9.667498796415064,-0.3395725441496401,-1.2136515549236826,2,
28,36,0.45,0.5,-0.1999999999999999,15,55,8,10000,9189.337876823618,-810.662123176382,-8.106621231763821,-2.199294663939466,-0.2985819522547335,-0.3140043890783421,-32.83761819616377,0.0662615135946821,11.768027113015677,77,35,42,45.45454545454545,193.3029707426674,-173.67349554046936,1056.3852086294955,-441.783371377153,0.9275209694543556,17.09090909090909,18,45,40.0,7.317400932580842,-9.667498796415064,-0.3395725441496401,-0.2985819522547335,1,
14,39,0.5,0.30000000000000004,-0.5,15,25,5,10000,9721.389099428206,-278.61090057179354,-2.786109005717935,-0.7405280348295906,-0.3016688885302422,-0.2664471669406927,-17.244188252678157,0.04294362970171013,8.02692850764302,63,35,28,55.55555555555556,158.54900474631853,-201.73054718550924,368.6295463413033,-467.0906670624822,0.9824305673976496,12.80952380952381,17,45,37.77777777777778,4.422792222375116,-5.156795988265328,-0.089953644997162,1.1095449068703547,214,
14,45,0.5,0.6,-0.5,10,50,5,10000,9844.921816432889,-155.0781835671114,-1.550781835671114,-0.4102822586602772,-0.3069271042718873,-0.3400902017483752,-19.558269442629435,0.0208032917292522,7.039028749565114,84,45,39,53.57142857142857,141.74837344335333,-163.1207017611182,446.7121484250084,-489.5872288531056,1.0026674342725703,13.214285714285714,19,45,42.22222222222222,4.5941977280276936,-6.759613208569504,-0.0654521184034802,0.8221184026465709,12,
14,45,0.5,0.6,-0.5,10,50,5,10000,9844.921816432889,-155.0781835671114,-1.550781835671114,-0.41028225866027723,-0.3069271042718874,-0.3400902017483752,-19.558269442629435,0.020803291729252275,7.039028749565112,84,45,39,53.57142857142857,141.74837344335333,-163.1207017611182,446.71214842500837,-489.5872288531056,1.0026674342725705,13.214285714285714,19,45,42.22222222222222,4.5941977280276936,-6.759613208569504,-0.06545211840348027,0.9135149684549398,32,
21,33,0.45,0.1,-0.4,5,50,14,10000,9687.883952073007,-312.1160479269929,-3.1211604792699292,-0.8306317067680702,-0.30810081027712843,-0.34539044884905123,-28.18078734873745,0.02947510644358501,8.128233649437496,192,125,67,65.10416666666666,57.23442836009356,-97.76581076234052,226.25411951997887,-697.2991588661145,1.092208504107038,6.90625,24,45,53.333333333333336,4.227022563632032,-11.398197398545285,-0.08032468158448416,-0.30810081027712843,1,
21,45,0.55,0.4,-0.5,5,25,14,10000,10035.138505781451,35.138505781453205,0.351385057814532,0.092311708420012,-0.3144655301249006,-0.3507340109886764,-13.810339702108148,0.0066842460367517,5.572377006962977,145,86,59,59.310344827586206,55.11205387672598,-74.43043166727652,191.83688255904377,-332.59691853724013,1.0793007980122624,7.36551724137931,21,45,46.66666666666666,4.151701751754389,-4.4920973716407016,-0.0327560709834963,-0.3144655301249006,1,
21,45,0.55,0.4,-0.5,5,25,14,10000,10035.138505781453,35.138505781453205,0.35138505781453205,0.09231170842001202,-0.3144655301249012,-0.35073401098867657,-13.810339702108148,0.0066842460367517705,5.572377006962967,145,86,59,59.310344827586206,55.11205387672598,-74.43043166727652,191.83688255904377,-332.59691853724013,1.0793007980122624,7.36551724137931,21,45,46.666666666666664,4.151701751754389,-4.4920973716407016,-0.032756070983496303,-0.3144655301249012,1,
14,42,0.5,0.5,-0.5,5,25,5,10000,9796.4188923419,-203.58110765809943,-2.0358110765809942,-0.539581246615084,-0.31664554674548817,-0.341323109847692,-20.832828605942755,0.025900527327391516,7.206519168817516,78,41,37,52.56410256410257,158.7388679117157,-176.68181276227077,446.71214842500837,-489.5872288531056,0.9955740427089188,13.128205128205128,18,45,40.0,4.592342728747489,-6.757200075165748,-0.07278055909738858,1.3623214467862983,147,
14,39,0.5,0.4,-0.5,10,25,5,10000,9454.907075338606,-545.0929246613941,-5.450929246613941,-1.4635999085861773,-0.3361927710250536,-0.3708186462099164,-20.749717831679824,0.0705358945340265,9.106113322595336,84,44,40,52.38095238095239,168.5288284133032,-193.19226573370142,368.6295463413033,-467.0906670624822,0.959571080915661,13.095238095238095,19,45,42.22222222222222,4.422792222375116,-6.477090401510077,-0.14668284733516054,1.2525255327964586,276,
14,39,0.5,0.4,-0.5,5,50,8,10000,9919.533116920647,-80.46688307935256,-0.8046688307935255,-0.21229707385200802,-0.3367602394888738,-0.34768478333943087,-19.308755550420475,0.010994860507589002,6.030055272971426,154,92,62,59.74025974025974,63.70786055837561,-90.61112991048282,246.25432870277757,-360.44496808095425,1.0432961689465523,6.98051948051948,21,45,46.666666666666664,2.825732271037973,-5.827417522973011,-0.056926150166033807,1.1000850183131283,32,
14,36,0.5,0.6,-0.4,15,60,5,10000,9610.14131889728,-389.85868110271986,-3.8985868110271986,-1.0405890930210937,-0.3381889874392904,-0.29426638511302416,-17.202828880711,0.06048941719044093,8.050247006133498,77,46,31,59.74025974025974,123.72346596423161,-190.33765709544292,370.2261384847354,-555.0072165548505,0.9645472260944747,13.03896103896104,17,45,37.77777777777778,4.199023679100455,-5.306305822117208,-0.13559138387678057,-0.5815020291123926,3,
28,45,0.55,0.1,-0.4,15,30,8,10000,9477.34176377541,-522.6582362245899,-5.226582362245899,-1.402150862885665,-0.3414429472154813,-0.3955864339961774,-16.12630817853291,0.0863206462190319,8.832734381658637,68,48,20,70.58823529411765,112.26518628614069,-283.78260995741664,389.84882031783155,-651.4581277620899,0.9494466455402898,13.661764705882353,16,45,35.55555555555556,4.619416516026442,-5.118416634430667,-0.16083282471652385,-0.3414429472154813,1,
14,45,0.5,0.4,-0.5,10,30,5,10000,9715.522356379786,-284.4776436202137,-2.844776436202137,-0.756288619735157,-0.34873142487138786,-0.37982865052012726,-20.387825574395897,0.036928635491347034,7.167732970622659,79,42,37,53.16455696202531,152.49703923189804,-176.0731262574462,370.96972590772907,-489.5872288531056,0.9831412147649529,13.113924050632912,19,45,42.22222222222222,4.589346454212229,-6.753301801353883,-0.0948473583212397,1.2590607093064827,350,
21,42,0.5,0.4,-0.5,10,25,2,10000,9044.900276623215,-955.0997233767848,-9.550997233767848,-2.606022701158328,-0.3509614141248826,-0.4230603742860082,-35.213858606546836,0.07400559905337456,11.38700416964247,56,28,28,50.0,264.0761192477656,-293.77473691102534,445.27740820684863,-696.0468243815865,0.8989068359807448,19.392857142857142,18,45,40.0,8.895514368939072,-9.007592231761919,-0.2468381132374786,1.2691953261876632,276,
14,36,0.5,0.2,-0.5,5,45,5,10000,9406.420534612851,-593.579465387149,-5.935794653871489,-1.596773457800238,-0.352841323615266,-0.3527384109696769,-19.129287954446625,0.08347270748407894,9.068077487048605,91,53,38,58.24175824175825,132.70706461818514,-194.2127143329541,332.75994033251055,-467.0906670624822,0.9530345779180546,11.76923076923077,20,45,44.44444444444444,5.139690140030639,-6.452627513356357,-0.14744026677084038,0.9176045189558345,19,
14,42,0.5,0.30000000000000004,-0.4,10,30,5,10000,9658.48692820565,-341.51307179435025,-3.415130717943503,-0.9098769469911283,-0.36131956531703413,-0.3813729722585968,-20.017977548494954,0.0452837034477051,7.316786444591313,81,44,37,54.32098765432099,152.7505024163987,-186.08885292652639,370.96972590772907,-489.5872288531056,0.9761425429846632,12.987654320987655,19,45,42.22222222222222,4.589101637001081,-7.69736716368431,-0.1017051714442347,1.101456185274885,510,
14,42,0.5,0.30000000000000004,-0.5,10,30,5,10000,9661.32678347833,-338.67321652167084,-3.386732165216708,-0.9022138298578675,-0.36599164037880005,-0.39391781906078893,-19.993724772020833,0.044955344237912344,7.221459151938273,80,42,38,52.5,151.90008624502795,-172.20603207837968,370.96972590772907,-489.5872288531056,0.9749343096834577,13.075,18,45,40.0,4.587751134402773,-6.751225985601783,-0.10271528483156145,1.1097840325244597,498,
28,39,0.45,0.2,-0.19999999999999996,15,35,11,10000,9076.359420154247,-923.6405798457527,-9.236405798457527,-2.5170299943985563,-0.36791299372435887,-0.36230910696137647,-44.405513064557226,0.0561570297042903,10.741079268948452,90,61,29,67.77777777777779,141.4993289486954,-307.8944664967123,466.55336272456253,-568.0071917706254,0.9666835617390065,12.422222222222222,19,45,42.22222222222222,8.52640523865189,-9.797476404836603,-0.23815963806373505,0.15971818979661204,2,
14,42,0.5,0.4,-0.5,5,25,5,10000,9651.678330602535,-348.3216693974646,-3.483216693974646,-0.9282561557462432,-0.37077510655924634,-0.3969848224809251,-20.832828605942755,0.0445573749635443,7.210564486755104,79,42,37,53.16455696202531,151.54411958668993,-176.68181276227077,370.96972590772907,-489.5872288531056,0.9736319317565136,13.050632911392405,18,45,40.0,4.592342728747489,-6.757200075165748,-0.10697598932231273,1.2976805511964893,292,
28,33,0.5,0.4,-0.5,15,55,8,10000,8740.73909011405,-1259.2609098859502,-12.592609098859503,-3.478434192909219,-0.3708202073634277,-0.4406377008221979,-33.48968586826106,0.10386583518855308,12.768855528658921,63,31,32,49.2063492063492,209.2692492508178,-233.24428581668337,1020.2116881192829,-780.7057578206277,0.869172783812863,19.444444444444443,16,45,35.55555555555556,8.871535362461858,-8.420502768946037,-0.4405160859752415,-0.9288326132342228,2,
14,39,0.5,0.30000000000000004,-0.5,10,30,5,10000,9312.337931086831,-687.6620689131687,-6.876620689131687,-1.8566315506122533,-0.37705237211912923,-0.41933798860699356,-20.896024697112423,0.08885094545609037,9.16590683723555,84,44,40,52.38095238095239,165.76661570302784,-193.68556035869275,368.6295463413033,-467.0906670624822,0.9414397074084563,13.035714285714286,19,45,42.22222222222222,4.4161973572152124,-6.50003004383608,-0.18849834897322928,1.1325734645695409,416,
14,42,0.5,0.4,-0.4,10,50,5,10000,9651.950530559572,-348.04946944042786,-3.4804946944042783,-0.927521192639813,-0.3774570604688395,-0.39941033771375956,-20.25662403185666,0.04562127462802466,7.0938360121059985,89,51,38,57.30337078651685,128.0396863251337,-176.37173295231204,360.51299780503905,-472.9695185171513,0.9743213044037576,13.0561797752809,19,45,42.22222222222222,4.5922130657482185,-7.701980213393811,-0.10490813444058446,0.9782784701500934,64,
14,39,0.5,0.2,-0.4,5,35,8,10000,9804.937235271138,-195.06276472886202,-1.9506276472886201,-0.5168389674593876,-0.3795409304671116,-0.38510464362755525,-20.79311507520847,0.02485625485118448,6.1388867828529525,155,94,61,60.64516129032258,62.358992658663446,-94.00668974825004,216.40347994650088,-479.71624289447806,1.0222058203067512,6.935483870967742,20,45,44.44444444444444,3.2172795940694554,-6.917818832202216,-0.08080816608184047,1.339317795047271,233,
14,39,0.5,0.30000000000000004,-0.5,15,30,2,10000,9349.05054658284,-650.9494534171608,-6.509494534171608,-1.755001373050813,-0.38012974306135283,-0.3692945613927806,-22.91254808076391,0.0765956438744678,8.885531145069661,59,32,27,54.23728813559322,187.10431400814142,-239.55646267181197,396.0197415242669,-571.1026535787523,0.9256826493989606,13.35593220338983,14,45,31.11111111111111,7.3314914791913655,-5.255714410606538,-0.1738736313274466,1.1175683793309892,230,
14,39,0.5,0.4,-0.5,5,30,8,10000,9818.880143634336,-181.1198563656635,-1.8111985636566352,-0.47964558058174456,-0.3817120975554563,-0.3898451246690482,-20.47139587539169,0.023430037868512825,6.024325264445447,153,92,61,60.130718954248366,62.958317769997954,-92.68008346238526,246.25432870277757,-360.44496808095425,1.0245300273012201,6.993464052287582,19,45,42.22222222222222,2.830438269028046,-5.836732545009626,-0.0759773955827546,1.3873836353410947,288,
14,45,0.5,0.4,-0.5,5,35,5,10000,9659.679008988427,-340.3209910115729,-3.4032099101157294,-0.9066600123315838,-0.3823562665080751,-0.4195641737742417,-19.558269442629435,0.046183590879693114,6.970882414133499,84,45,39,53.57142857142857,137.63186661125422,-163.1207017611182,360.51299780503905,-489.5872288531056,0.9735490236464633,13.178571428571429,19,45,42.22222222222222,4.5941977280276936,-6.759613208569504,-0.10899182224466865,1.3639517143510127,264,
14,42,0.5,0.4,-0.5,5,40,5,10000,9654.790385832252,-345.20961416774844,-3.4520961416774845,-0.9198542519678776,-0.38267168305116783,-0.4136526850319899,-20.232426731640647,0.04529687996777651,6.995339320483756,88,49,39,55.68181818181818,126.3021534398255,-163.0940387919182,360.51299780503905,-423.2952277659774,0.972980509673675,13.136363636363637,18,45,40.0,4.590860731506918,-6.755272010743807,-0.10591988409183606,1.193600764708529,203,
28,45,0.55,0.6,-0.4,5,60,5,10000,8510.168818529964,-1489.8311814700355,-14.898311814700355,-4.154798228688017,-0.38287815243363094,-0.4680915916870828,-31.972733691705102,0.12964056214359335,13.809815589982271,58,29,29,50.0,261.56420892995834,-310.8606611726716,614.8937495928727,-608.4516489028755,0.841419457654274,24.06896551724138,19,45,42.22222222222222,7.782747435823767,-7.804157418052737,-0.4180817266934617,-0.38287815243363094,1,
21,39,0.55,0.6,-0.5,5,25,14,10000,9766.632414043874,-233.36758595612628,-2.3336758595612626,-0.6192199685771227,-0.3830327960569214,-0.42785610096761745,-18.071533282705012,0.034264938059779045,6.322655881385241,184,111,73,60.32608695652174,44.09486140331152,-65.36857793523112,179.38364747895255,-397.0936131774639,1.0256969482701457,7.831521739130435,20,45,44.44444444444444,4.255537816407795,-4.722850742041873,-0.09205430275236459,-0.3830327960569214,1,
14,42,0.55,0.6,-0.1,10,60,2,10000,9445.546889863966,-554.4531101360335,-5.544531101360335,-1.489269407969207,-0.38330986443192233,-0.35656910864167723,-25.33799062499762,0.05864318353297851,8.2393777813469,96,45,51,46.875,153.3376201706078,-142.99373551845042,421.66741247878645,-333.73088351978083,0.9461806117588898,10.458333333333334,17,45,37.77777777777778,5.374979755998854,-4.978034387274278,-0.10489115405310959,-0.38330986443192233,1,
14,42,0.5,0.2,-0.5,5,35,5,10000,9694.695205398977,-305.3047946010229,-3.0530479460102287,-0.8122959767904225,-0.3859278178724756,-0.3872887476992566,-16.04297777186294,0.05042105418673522,6.705792789247804,86,48,38,55.81395348837209,118.72289083481826,-153.60936670626083,360.51299780503905,-423.2952277659774,0.976280028097197,12.127906976744185,17,45,37.77777777777778,4.5305964259407805,-6.79350728153244,-0.08724253135293294,1.2534801964260565,309,
14,45,0.5,0.4,-0.4,5,30,5,10000,9595.477052115915,-404.5229478840847,-4.045229478840847,-1.0803326787249268,-0.39258937874369687,-0.41524081161102994,-21.016692177824567,0.05124258903230524,7.195514967898128,78,42,36,53.84615384615385,154.7050786531393,-186.91079531893084,370.96972590772907,-489.5872288531056,0.9656438416020269,13.102564102564102,20,45,44.44444444444444,4.401742573150713,-7.5625323166306995,-0.12130413706926887,1.3273075711442641,325,
21,39,0.45,0.2,-0.5,10,25,5,10000,8730.921038409517,-1269.0789615904832,-12.690789615904832,-3.506965152511776,-0.40226336259510015,-0.4495741688031044,-41.911964468582106,0.08367455920947477,12.048988842359453,88,60,28,68.18181818181817,154.13419875124828,-364.06455516525256,358.8074941959112,-890.7009288864693,0.9072225353076572,15.056818181818182,16,45,35.55555555555556,6.616119577644053,-8.073250700762635,-0.28403412926061267,1.0874468204261256,209,
14,39,0.5,0.2,-0.19999999999999996,5,35,5,10000,9300.496613032252,-699.5033869677482,-6.995033869677482,-1.8894744052773915,-0.4032037885995207,-0.3628918320624048,-23.653053734727454,0.07988289488825123,8.744048506205639,113,65,48,57.52212389380531,119.52195440676263,-171.19915995643086,388.4078234947649,-398.3178129185364,0.9454056119999746,10.451327433628318,20,45,44.44444444444444,4.617938520498899,-5.7853515448954,-0.17421058335301187,0.37692012019986565,5,
14,39,0.5,0.2,-0.1999999999999999,5,35,5,10000,9300.496613032252,-699.5033869677482,-6.995033869677482,-1.8894744052773915,-0.403203788599521,-0.3628918320624047,-23.65305373472745,0.0798828948882512,8.744048506205633,113,65,48,57.52212389380531,119.52195440676265,-171.19915995643086,388.4078234947649,-398.3178129185364,0.9454056119999746,10.451327433628318,20,45,44.44444444444444,4.617938520498899,-5.7853515448954,-0.1742105833530118,-0.403203788599521,1,
28,45,0.55,0.30000000000000004,-0.4,10,55,14,10000,9305.069063017334,-694.930936982666,-6.94930936982666,-1.876788694690379,-0.4082902816071932,-0.4732376174876594,-23.343207137717574,0.0799684408563407,8.60954256253253,103,61,42,59.22330097087378,94.5549730470465,-149.12976729574177,297.9460974315692,-538.2004493126083,0.9208747810494704,14.184466019417476,20,45,44.44444444444444,5.738393130091879,-7.506940646130234,-0.12943310522879775,-0.4082902816071932,1,
21,39,0.5,0.6,-0.3,5,60,8,10000,9202.50131655787,-797.4986834421306,-7.974986834421307,-2.1624620039747855,-0.4083883813732169,-0.45376197610848673,-22.909724692125234,0.0939523513128631,9.194024994111672,98,54,44,55.10204081632652,105.41042600360876,-140.98269497040081,408.44999090233836,-419.70604213066446,0.9176114914783654,13.642857142857142,22,45,48.888888888888886,4.768957895158787,-8.202865911121137,-0.17590613872630645,0.4201851529590198,2,
21,45,0.55,0.6,-0.4,5,60,14,10000,9826.311704332198,-173.68829566780187,-1.7368829566780188,-0.45983742978435993,-0.41154234754936364,-0.46112204514755223,-15.030618478901886,0.030140377348805987,5.585103182339938,144,85,59,59.02777777777778,54.09513237223591,-75.65884556034216,191.83688255904377,-332.59691853724013,1.0300668045467114,7.347222222222222,20,45,44.44444444444444,4.243677127308776,-4.0321951405347445,-0.068203680512964,-0.41154234754936364,1,
21,39,0.45,0.30000000000000004,-0.5,10,25,5,10000,8385.349806054246,-1614.650193945754,-16.14650193945754,-4.5265977312547445,-0.41604038559556844,-0.5070522991340298,-41.33541063284882,0.10950895762137426,13.71093263200126,82,47,35,57.3170731707317,183.3701702807025,-284.84356728858495,708.4969217928899,-719.1892783055885,0.8644742982694695,17.695121951219512,17,45,37.77777777777778,6.780503459307186,-7.486538064118353,-0.3963893365749948,1.1651012222783932,306,
14,39,0.5,0.4,-0.4,10,35,8,10000,9716.784235947476,-283.2157640525238,-2.832157640525238,-0.7528980787548489,-0.4192741915694696,-0.4241177984959708,-21.49256033070226,0.03503063698182711,6.126155285476469,154,92,62,59.74025974025974,62.958317769997954,-92.81098385310263,246.25432870277757,-479.71624289447806,1.0065836610959287,6.974025974025974,19,45,42.22222222222222,2.825732271037973,-6.935683307954966,-0.10110027655875208,1.2979167834061793,267,
14,39,0.5,0.30000000000000004,-0.5,5,35,5,10000,9187.05205207227,-812.9479479277306,-8.129479479277306,-2.2056945985950205,-0.4196914938090661,-0.45293912974650063,-20.190880125360476,0.10924212242856061,9.098619926554225,96,50,46,52.083333333333336,144.7370431329209,-169.99411650163293,368.6295463413033,-467.0906670624822,0.9254606936296821,12.96875,19,45,42.22222222222222,4.530846806224598,-6.578745351030301,-0.2160783570552451,1.2288319105237757,317,
14,39,0.5,0.30000000000000004,-0.5,10,35,5,10000,9187.05205207227,-812.9479479277306,-8.129479479277306,-2.2056945985950205,-0.4196914938090661,-0.45293912974650063,-20.190880125360476,0.10924212242856061,9.098619926554225,96,50,46,52.083333333333336,144.7370431329209,-169.99411650163293,368.6295463413033,-467.0906670624822,0.9254606936296821,12.96875,19,45,42.22222222222222,4.530846806224598,-6.578745351030301,-0.2160783570552451,1.1453779594019742,354,
14,42,0.5,0.4,-0.5,10,30,5,10000,9496.594223598462,-503.4057764015379,-5.034057764015379,-1.349503413625841,-0.4333513968032464,-0.46529252973734847,-21.40056475827377,0.06290159514835277,7.154897390660225,78,40,38,51.28205128205128,153.83282508349603,-170.64924105018315,370.96972590772907,-489.5872288531056,0.9489013169062728,13.102564102564102,18,45,40.0,4.388042033601591,-6.82728024558762,-0.14211176979714168,1.1781117905881422,436,
14,42,0.5,0.30000000000000004,-0.5,15,35,8,10000,10099.3469914184,99.34699141840065,0.9934699141840065,0.2603791048344295,-0.43560737737174116,-0.394943208962669,-12.845840553779981,0.020536446286824443,3.8183878045840323,105,60,45,57.14285714285714,55.42208213282751,-68.25062081225285,238.70308009200406,-295.73307185791583,1.082717030717035,6.876190476190477,15,45,33.33333333333333,3.1084514885144854,-4.660990235340334,-0.02108784831083058,1.1874957811585527,246,
14,30,0.55,0.6,-0.1,15,45,2,10000,8767.838281513905,-1232.1617184860952,-12.321617184860951,-3.3998071332876023,-0.4356293078813665,-0.3582121237187224,-30.38203054191515,0.11190190624676047,11.11540415791748,77,36,41,46.75324675324675,226.22366119689346,-222.75886637986054,685.1575242245622,-470.1032509721694,0.8917059646581913,9.545454545454545,10,45,22.22222222222222,10.978741718463336,-5.531203665036532,-0.38547295691141437,-0.4356293078813665,1,
14,42,0.55,0.6,-0.4,15,45,8,10000,10035.539868976057,35.53986897605682,0.3553986897605682,0.09336474516254967,-0.4387512756462341,-0.38774876944425735,-13.209235145990322,0.007327285953181884,4.142010338576338,102,59,43,57.84313725490197,59.64143293338845,-77.46987614172032,220.22759734734547,-491.071851821442,1.0563279315843839,6.96078431372549,15,45,33.33333333333333,4.130760672488476,-3.5197606722601082,-0.013113381480372352,-0.2971489624492008,3,
14,36,0.5,0.2,-0.5,10,30,8,10000,9635.404618585064,-364.5953814149361,-3.6459538141493617,-0.9722243498044292,-0.4428028884639011,-0.45992542626473326,-21.173142902234886,0.045917809854379626,6.279472261963378,139,84,55,60.431654676258994,71.37978174093107,-109.2399463209647,216.40347994650088,-360.44496808095425,0.9979535655509748,6.776978417266187,20,45,44.44444444444444,3.032957695499028,-5.866513348860858,-0.1344969731902072,0.8661486761497449,70,
14,39,0.5,0.30000000000000004,-0.5,5,25,5,10000,9055.037158893929,-944.9628411060712,-9.449628411060711,-2.577322265758475,-0.48303011044112926,-0.5116968526113288,-23.022548056950644,0.1119477418130686,8.757450856996709,93,48,45,51.61290322580645,143.39075265270034,-168.83662717637822,368.6295463413033,-467.0906670624822,0.9059061337626596,12.924731182795698,19,45,42.22222222222222,4.422792222375116,-6.3974397455837995,-0.24206883111739022,1.2359378421736553,278,
14,42,0.5,0.1,-0.19999999999999996,5,55,2,10000,9255.712038952668,-744.2879610473319,-7.442879610473319,-2.013967421373819,-0.4869433919114599,-0.41801689086362503,-19.735558851856037,0.10187785444787052,7.674544189119958,121,82,39,67.76859504132231,88.23395924383688,-199.05705126173373,284.2498074622776,-585.4729268879418,0.9319818321294452,8.479338842975206,18,45,40.0,4.821355351662815,-5.6630238558576735,-0.20995290191567068,-0.7085591169624976,2,
21,30,0.45,0.2,-0.3,5,55,5,10000,7988.744259893993,-2011.2557401060067,-20.112557401060066,-5.735717174923927,-0.49011745905230014,-0.5066212308561232,-34.24835661193984,0.1674742306591234,14.107698804501286,77,47,30,61.038961038961034,189.92078246048146,-339.9840747962232,662.1925622301129,-586.5145594973395,0.8751661658459333,13.792207792207792,18,45,40.0,8.357129413824893,-8.749555172368561,-0.5864388759668531,-0.379265842122746,4,
21,30,0.45,0.2,-0.3,5,55,5,10000,7988.744259893993,-2011.255740106007,-20.112557401060062,-5.735717174923927,-0.4901174590523011,-0.5066212308561232,-34.24835661193984,0.1674742306591234,14.10769880450126,77,47,30,61.03896103896104,189.92078246048143,-339.9840747962232,662.1925622301129,-586.5145594973395,0.8751661658459333,13.792207792207792,18,45,40.0,8.357129413824893,-8.749555172368561,-0.5864388759668531,0.1158129878462509,2,
21,33,0.5,0.6,-0.4,5,40,14,10000,9223.921309121204,-776.0786908787959,-7.760786908787959,-2.102609567684899,-0.4969004582086873,-0.577381964297001,-26.103301219905482,0.0805495653584812,7.707781321773558,185,99,86,53.51351351351351,56.30437789507978,-64.90937316348041,209.5230921289518,-522.9743691495858,0.9985538548177395,7.735135135135135,21,45,46.666666666666664,4.057561839556878,-7.172813910457398,-0.17318168079378413,-0.25263543935999555,2,
28,33,0.5,0.5,-0.4,5,35,2,10000,7020.255704064866,-2979.744295935134,-29.79744295935134,-8.88635031904177,-0.49741736778069867,-0.5507598244877017,-53.23447951360848,0.16692847192711122,19.080141562092688,71,29,42,40.845070422535215,347.8315152733393,-303.1176278801525,1020.2116881192829,-780.7057578206277,0.7923306251540574,22.197183098591548,19,45,42.22222222222222,11.70144371052495,-14.428468180790544,-0.8082554095065327,-0.24861195284820406,3,
28,33,0.5,0.5,-0.4,5,35,2,10000,7020.255704064866,-2979.744295935134,-29.79744295935134,-8.88635031904177,-0.4974173677806991,-0.5507598244877018,-53.23447951360848,0.1669284719271112,19.08014156209267,71,29,42,40.845070422535215,347.8315152733393,-303.1176278801525,1020.2116881192828,-780.7057578206277,0.7923306251540574,22.197183098591548,19,45,42.22222222222222,11.70144371052495,-14.428468180790544,-0.8082554095065327,-0.4974173677806991,1,
21,39,0.45,0.2,-0.5,15,35,2,10000,8695.149362668546,-1304.850637331454,-13.048506373314538,-3.6111169899828544,-0.5031445843353166,-0.5132595851590691,-40.26680813669111,0.08943410982124242,10.232223356399427,64,44,20,68.75,152.58847571854528,-389.1260113454573,353.4215119898023,-795.9608408907394,0.8626887866480288,15.171875,13,45,28.888888888888886,6.824855412802244,-7.241399885958188,-0.3687872061284323,1.2202236193191922,166,
14,39,0.5,0.30000000000000004,-0.4,5,40,5,10000,8907.30367314067,-1092.69632685933,-10.9269632685933,-2.997963292620265,-0.5072137989067415,-0.5137083055845437,-21.73968400973055,0.13790279984191098,9.127255607262667,102,55,47,53.92156862745098,125.2506958339018,-165.06199685585744,368.6295463413033,-555.0072165548505,0.887969163113174,12.754901960784315,22,45,48.888888888888886,3.9732630359045285,-8.491285322383268,-0.2799573361246721,1.1640996291121692,194,
28,42,0.45,0.1,-0.19999999999999996,20,60,5,10000,9523.707747189828,-476.2922528101717,-4.762922528101718,-1.275492458168681,-0.507617277526799,-0.32731786265902146,-15.733062026222575,0.08021223020865113,6.079292833259719,35,25,10,71.42857142857143,132.59515013657077,-362.3471006224414,359.6807949474261,-452.380853961159,0.9148351808859395,11.714285714285714,12,45,26.666666666666668,4.915811341228737,-6.360084477435535,-0.1715603193903828,-0.507617277526799,1,
28,33,0.5,0.1,-0.5,15,30,14,10000,8813.652340407594,-1186.3476595924058,-11.863476595924057,-3.267286102978839,-0.5095466211750808,-0.5147398067281089,-31.367404300268486,0.10416182581454064,9.552821403329244,73,47,26,64.38356164383562,120.96680458377053,-237.9316659166475,244.09863934320475,-759.7717311511315,0.9190485902318087,10.342465753424657,18,45,40.0,5.401458278136917,-8.488386515722524,-0.3119376524161441,-0.5095466211750808,1,
28,39,0.45,0.5,-0.3,5,55,2,10000,7538.747324281406,-2461.252675718594,-24.612526757185943,-7.162423544917584,-0.5227058891750704,-0.5891004784957572,-51.86913279372918,0.1376577456888744,15.667228981469625,108,53,55,49.074074074074076,208.63690539814706,-240.45064059353376,1056.3852086294955,-808.2605280226028,0.8361387948143446,22.555555555555557,17,45,37.77777777777778,8.839657998113237,-9.15199466542549,-0.7397600152878754,-0.5764013423695338,2,
28,42,0.45,0.5,-0.1,20,60,2,10000,9108.01192482131,-891.9880751786895,-8.919880751786897,-2.4277194215030273,-0.5235730871680628,-0.33180412827208905,-25.58396116216754,0.09437039871470071,7.896364981273972,24,7,17,29.166666666666668,504.23345329841993,-253.3660146039772,913.2547501177778,-378.2383022752965,0.8194687828120727,17.416666666666668,10,45,22.22222222222222,6.441500993365867,-7.1241206382627436,-0.36516687079005045,-0.5235730871680628,1,
14,39,0.55,0.4,-0.1,15,25,2,10000,8834.571828852433,-1165.428171147567,-11.654281711475669,-3.2069434952068487,-0.5347341219566115,-0.39874642172720903,-29.908816199756956,0.10722401962645746,9.068192912156205,78,39,39,50.0,167.1707518883404,-193.32990858436443,371.3831100170448,-375.1899607036702,0.8646916202072851,10.076923076923077,11,45,24.444444444444443,8.65343640831464,-6.081527856625968,-0.3505430640480294,-1.1111109594924493,2,
14,39,0.5,0.2,-0.5,10,60,5,10000,8887.013648969927,-1112.986351030073,-11.129863510300728,-3.0561357011841483,-0.5375903299068459,-0.5455081240114854,-25.0802211266368,0.1218544161055397,8.781444596687345,109,62,47,56.88073394495413,103.489986090012,-155.1935051726001,268.7482124495604,-467.0906670624822,0.8796676439718192,12.055045871559631,19,45,42.22222222222222,4.497320288146045,-6.904654116928377,-0.2818345149422824,-0.5375903299068459,1,
14,39,0.5,0.2,-0.5,10,60,5,10000,8887.013648969927,-1112.986351030073,-11.129863510300728,-3.0561357011841483,-0.5375903299068475,-0.5455081240114854,-25.080221126636793,0.12185441610553974,8.78144459668732,109,62,47,56.88073394495413,103.48998609001201,-155.1935051726001,268.74821244956036,-467.0906670624822,0.8796676439718192,12.055045871559633,19,45,42.22222222222222,4.497320288146045,-6.904654116928377,-0.28183451494228245,0.579701679494295,3,
21,45,0.45,0.1,-0.3,20,30,8,10000,9827.889825545024,-172.110174454976,-1.7211017445497598,-0.455632512089188,-0.5444083745380547,-0.36791396418322136,-14.874080820939298,0.03017486006806086,4.328507668865527,40,27,13,67.5,89.07475365936612,-191.44065563521983,172.69895156229092,-424.00388789902144,0.9663642805261088,11.375,11,45,24.444444444444443,4.0159032131100725,-3.7154075655957186,-0.08752241127872604,-0.20949854393297063,6,
14,39,0.5,0.4,-0.4,5,35,5,10000,8772.674663807411,-1227.325336192589,-12.27325336192589,-3.385793431729278,-0.544475974152236,-0.5507988200071663,-23.062548081806316,0.1468091652197043,9.222825994953897,102,54,48,52.94117647058824,125.2068062735762,-161.79629436389743,314.07451979698203,-555.0072165548505,0.8705864223377643,12.911764705882353,21,45,46.666666666666664,4.024494897295328,-8.70116636792735,-0.31298669472858215,1.3106645851599863,276,
28,39,0.5,0.30000000000000004,-0.19999999999999996,5,60,11,10000,8268.092773735205,-1731.907226264795,-17.31907226264795,-4.879606380235324,-0.5487971742453158,-0.566254955590873,-41.89171048843971,0.11593759026020627,11.511646542691794,82,48,34,58.536585365853654,146.56830757257788,-240.8280327374626,430.8933531415334,-532.6172674968055,0.8592021505131312,16.0,20,45,44.44444444444444,9.46061709932071,-9.327185551781403,-0.3515244009669842,-0.5487971742453158,1,
21,39,0.45,0.30000000000000004,-0.5,15,50,2,10000,8104.007565264747,-1895.9924347352526,-18.959924347352526,-5.379841021908927,-0.5525129508400006,-0.6114967699646592,-38.923230478450826,0.13796726537887016,12.27242249226493,61,34,27,55.73770491803278,187.91421140158715,-299.60403503027345,626.0607753075587,-684.1511977080017,0.7898181699386657,17.868852459016395,15,45,33.33333333333333,8.083250791250517,-7.5720189717668145,-0.373251180997649,0.9230445377751035,20,
14,39,0.5,0.2,-0.5,10,30,5,10000,8864.359236772734,-1135.6407632272658,-11.356407632272658,-3.1212026820284455,-0.5533286056190668,-0.5815783814878547,-27.181872976043103,0.11482662305056518,8.671026704134668,93,49,44,52.68817204301075,132.74385926056272,-168.29134367036744,268.74821244956036,-467.0906670624822,0.8784075609470563,12.064516129032258,17,45,37.77777777777778,5.32943625560478,-6.920559148702865,-0.2816667836143751,1.0760099900052653,309,
14,36,0.45,0.1,-0.19999999999999996,20,25,5,10000,9791.14576185752,-208.85423814247952,-2.088542381424795,-0.5536667587577648,-0.5558248253467294,-0.3406720072433303,-11.50345192194589,0.04813048835380434,4.422211041966854,33,22,11,66.66666666666666,95.05305968262768,-201.6474137418425,191.56618170089652,-375.7029227613193,0.9427649769346269,9.303030303030303,11,45,24.444444444444443,4.185042213920265,-5.532442347946964,-0.08441703314906533,-0.5558248253467294,1,
21,33,0.45,0.4,-0.5,15,55,14,10000,9171.79750656298,-828.2024934370202,-8.2820249343702,-2.2484349003099147,-0.5681145225468762,-0.5346735807213053,-28.28284233668094,0.07949819447226654,7.084774285398993,127,75,52,59.055118110236215,60.49989158885021,-90.8689248219013,296.66342343007375,-697.2991588661145,0.9602783260988774,7.84251968503937,17,45,37.77777777777778,3.173899118557455,-11.064618584318875,-0.2345830279214272,-0.5681145225468762,1,
21,42,0.45,0.30000000000000004,-0.4,10,30,2,10000,8220.329300567912,-1779.6706994320884,-17.796706994320886,-5.024458813625765,-0.5688952633944657,-0.637539468042985,-36.60712020437667,0.13707612359651883,11.42702295324352,60,30,30,50.0,213.36078899749447,-267.3108780633828,478.5632238617104,-515.5660305485139,0.7981747340147672,18.016666666666666,18,45,40.0,8.352928301420114,-5.8276285355982065,-0.37478549921854515,1.1452896242399921,423,
21,39,0.45,0.30000000000000004,-0.5,5,35,5,10000,7826.760485201103,-2173.2395147988973,-21.732395147988974,-6.242295105266759,-0.5701440560953794,-0.7161612038984911,-43.442496516657876,0.14346952297401774,13.276297448850988,82,45,37,54.87804878048781,152.6855942049831,-238.62512386497218,626.0607753075587,-668.0256966648519,0.7782026160824045,17.634146341463413,15,45,33.33333333333333,7.344784548704486,-7.708366889959062,-0.468162955269308,1.2288319105237757,317,
21,39,0.45,0.30000000000000004,-0.5,5,40,5,10000,7826.760485201103,-2173.2395147988973,-21.732395147988974,-6.242295105266759,-0.5701440560953794,-0.7161612038984911,-43.442496516657876,0.14346952297401774,13.276297448850988,82,45,37,54.87804878048781,152.6855942049831,-238.62512386497218,626.0607753075587,-668.0256966648519,0.7782026160824045,17.634146341463413,15,45,33.33333333333333,7.344784548704486,-7.708366889959062,-0.468162955269308,1.1733787581470785,191,
21,39,0.45,0.30000000000000004,-0.5,10,30,5,10000,7826.760485201103,-2173.2395147988973,-21.732395147988974,-6.242295105266759,-0.5701440560953794,-0.7161612038984911,-43.442496516657876,0.14346952297401774,13.276297448850988,82,45,37,54.87804878048781,152.6855942049831,-238.62512386497218,626.0607753075587,-668.0256966648519,0.7782026160824045,17.634146341463413,15,45,33.33333333333333,7.344784548704486,-7.708366889959062,-0.468162955269308,1.1325734645695409,416,
28,36,0.55,0.6,-0.4,10,40,2,10000,6339.565370127711,-3660.4346298722894,-36.604346298722895,-11.298259840248615,-0.5823714078640875,-0.708660247702221,-53.96187264700609,0.20898116045889112,20.44250759441374,82,33,49,40.243902439024396,293.2321502671001,-267.51052955315566,1051.3944567184597,-742.507631478098,0.7382246861099917,23.25609756097561,19,45,42.22222222222222,9.640595776630478,-12.516694037607955,-1.0239168664835032,-0.5398943878223931,2,
14,42,0.5,0.4,-0.3,15,25,8,10000,9867.243950376263,-132.75604962373654,-1.3275604962373655,-0.3509336619910486,-0.5875886937564325,-0.5042864890043228,-15.275458367185651,0.022973691103431323,3.8747421395363086,104,59,45,56.730769230769226,54.82613770457153,-71.45329275985738,286.1351109391929,-295.73307185791583,1.0060160357530181,6.8076923076923075,15,45,33.33333333333333,3.613975153412019,-4.794080021942859,-0.06718478229458676,1.0201147714089598,45,
28,39,0.55,0.6,-0.4,10,50,14,10000,8512.235400555923,-1487.7645994440772,-14.877645994440773,-4.14867640209825,-0.5921783214591905,-0.6807435550531948,-29.834464301350778,0.1382870119627003,9.70205613743108,143,76,67,53.14685314685315,74.63387169779307,-103.31212712296077,399.68796874488135,-586.6583278639888,0.8194518834074046,14.986013986013987,19,45,42.22222222222222,9.248857874481242,-10.056688638847877,-0.27795661423418644,-0.5921783214591905,1,
21,39,0.45,0.2,-0.5,5,30,2,10000,7848.015097619089,-2151.984902380911,-21.51984902380911,-6.175386953123785,-0.5940315500824132,-0.6530915409347073,-45.29675437973758,0.13611922793627965,12.724175168257828,77,52,25,67.53246753246754,161.4499833587705,-410.6968946407127,353.4215119898023,-795.9608408907394,0.8176734953889105,15.597402597402597,15,45,33.33333333333333,7.9130552087966155,-7.882414862228848,-0.5819515788350252,1.2317676741249293,226,
21,36,0.5,0.4,-0.19999999999999996,10,25,14,10000,8927.010628756867,-1072.989371243133,-10.72989371243133,-2.9415559784318535,-0.6204224767922538,-0.6415856529151717,-27.790246845447914,0.1058485012670438,7.5766456982847465,138,78,60,56.52173913043478,74.4615451840065,-105.96611311093837,296.66342343007375,-395.44330909575154,0.9134996641602422,7.094202898550725,17,45,37.77777777777778,5.2837217638309175,-6.322992210141043,-0.24421483125885304,-0.6204224767922538,1,
28,33,0.45,0.30000000000000004,-0.19999999999999996,10,50,5,10000,7282.245555069872,-2717.7544449301276,-27.177544449301276,-8.003953228784965,-0.6264259216544532,-0.6903616287271226,-45.756463138968016,0.1749250855442208,14.782458062335305,76,35,41,46.05263157894737,261.79708073239397,-278.40815616264194,1020.2116881192829,-552.9556312599163,0.8027254513685278,15.039473684210526,18,45,40.0,8.148051191633577,-12.065983286483695,-0.7756912444959393,-0.5582716903533766,2,
28,36,0.5,0.6,-0.19999999999999996,10,60,2,10000,6668.095097723972,-3331.904902276028,-33.31904902276028,-10.111523736794037,-0.6300967955639971,-0.6878193684886049,-53.78835698245308,0.18758696104756467,17.613883655030136,59,19,40,32.20338983050847,523.2211132914101,-325.5563512570032,1366.1819753058578,-816.7633613333255,0.7634009530264803,18.28813559322034,16,45,35.55555555555556,8.403561309904406,-12.972646079283923,-0.9734128147796304,-0.5764013423695338,2,
14,45,0.5,0.30000000000000004,-0.5,15,50,2,10000,9055.975603363459,-944.0243966365415,-9.440243966365415,-2.5746664566733357,-0.6384590958657972,-0.5520198663951662,-19.625033119797177,0.13102319813344354,6.84861354173387,58,33,25,56.896551724137936,129.8096799569101,-204.51584861520712,339.06228298003936,-608.3169050094338,0.837826401735305,13.5,13,45,28.888888888888886,8.09192029538519,-6.225249797722199,-0.24667206957023044,0.8077878747039816,17,
14,39,0.55,0.2,-0.3,10,55,8,10000,9175.36796976429,-824.6320302357108,-8.246320302357107,-2.2384264562084866,-0.6437766751167479,-0.6594660585470572,-22.665812149305463,0.09875783146279528,6.316433489732636,156,86,70,55.12820512820513,66.9371819388355,-89.61613824250881,279.5116453887463,-462.07335635273574,0.9176595962727183,6.858974358974359,17,45,37.77777777777778,3.7668497025729275,-7.953643143172084,-0.2407383617673394,-0.6437766751167479,1,
21,39,0.45,0.30000000000000004,-0.5,20,25,14,10000,9826.885144730095,-173.1148552699051,-1.7311485526990509,-0.45830943529715507,-0.6526174045104317,-0.4503097563511985,-8.912187042899394,0.05142502430560004,3.6663410291604923,40,25,15,62.5,66.70061954341126,-114.56202292367772,225.94788218421473,-414.24449784568725,0.9703713010818579,7.375,9,45,20.0,2.5338930048373953,-4.747832420080178,-0.09133544752538789,-0.6526174045104317,1,
28,33,0.45,0.30000000000000004,-0.19999999999999996,5,35,14,10000,7873.853693832497,-2126.146306167503,-21.26146306167503,-6.094228321969086,-0.6716240561155473,-0.6701882697555736,-45.28787892554226,0.1345664329298486,11.378721969073565,96,55,41,57.291666666666664,144.6130316064425,-229.72615985352178,472.7064558661254,-552.5182473670801,0.8444536368999862,12.135416666666666,18,45,40.0,8.103639984454158,-7.400137006214191,-0.4968231056080898,-0.6716240561155473,1,
14,42,0.55,0.1,-0.19999999999999996,5,40,5,10000,8879.374247328138,-1120.6257526718618,-11.206257526718618,-3.0780635719848237,-0.67377927861182,-0.6410196523189362,-22.220491130582083,0.13837448127387916,7.220920022018455,111,67,44,60.36036036036037,82.32244834824061,-147.76139952226785,345.31570295457124,-445.62971881229043,0.8483584864710021,8.765765765765765,18,45,40.0,3.5609102699849293,-4.8556457099376615,-0.28258220163066605,-0.5384915336056704,2,
14,39,0.5,0.2,-0.4,10,25,2,10000,8142.825589056702,-1857.1744109432984,-18.571744109432984,-5.260829993459559,-0.6748015816008317,-0.7301660556625054,-29.47738898326336,0.178470012946077,10.208416964482762,99,54,45,54.54545454545454,142.54557819175392,-207.24144195109693,320.1872099531934,-583.8022471672753,0.8253884561875839,12.272727272727273,17,45,37.77777777777778,6.28164714225401,-8.851604041220341,-0.46585934057342293,1.122512888820355,179,
14,36,0.5,0.5,-0.4,15,35,8,10000,9252.68193799776,-747.3180620022395,-7.4731806200223945,-2.022406574457236,-0.6955198040163437,-0.6242287853235293,-21.93022962635116,0.09222003640249764,5.59098956771974,104,60,44,57.692307692307686,72.31560563253852,-109.89441818078421,259.4955426161556,-479.71624289447806,0.8973357439928571,6.846153846153846,15,45,33.33333333333333,3.299965974382846,-7.048286514386604,-0.22673022796996406,0.8189774603905488,16,
14,36,0.5,0.5,-0.4,15,35,8,10000,9252.68193799776,-747.3180620022395,-7.473180620022394,-2.022406574457236,-0.6955198040163464,-0.6242287853235293,-21.93022962635116,0.0922200364024976,5.5909895677197206,104,60,44,57.692307692307686,72.31560563253852,-109.8944181807842,259.4955426161556,-479.71624289447806,0.8973357439928571,6.846153846153846,15,45,33.33333333333333,3.299965974382846,-7.048286514386604,-0.226730227969964,0.0886695672878329,2,
21,39,0.45,0.30000000000000004,-0.5,10,30,2,10000,7049.30639798323,-2950.6936020167695,-29.506936020167696,-8.787321654680358,-0.6989364510896487,-0.8712354856820503,-49.88322067406622,0.17597023283982388,14.52835770385215,82,43,39,52.4390243902439,171.97745309574253,-259.62980549011655,626.0607753075587,-684.1511977080017,0.7303328131984662,17.75609756097561,16,45,35.55555555555556,8.815000556467535,-7.5720189717668145,-0.6698338000606833,1.1925584951825183,346,
14,30,0.5,0.2,-0.3,15,30,5,10000,8354.275314999457,-1645.724685000543,-16.45724685000543,-4.619793065401812,-0.7013937676160443,-0.5713912959466932,-27.931946164592546,0.16539460008189524,9.018827330156004,64,32,32,50.0,165.98066519676195,-208.20504510803497,377.89569550882527,-529.4846367941624,0.7971980943623949,10.921875,14,45,31.11111111111111,5.476689295435255,-5.674923968791878,-0.4443312323388058,-1.3438293402382346,2,
28,36,0.55,0.5,-0.5,5,60,11,10000,7365.169712186639,-2634.830287813361,-26.348302878133612,-7.729539505784578,-0.7250733114592245,-0.9383915373916003,-36.72511678157828,0.2098683505525779,12.71950463972933,78,34,44,43.58974358974359,152.22091316973416,-171.71822306382649,437.86847649852365,-600.8812598436796,0.6849899153800536,19.73076923076923,19,45,42.22222222222222,8.852226890676661,-9.035117908307322,-0.5860276905644078,-0.7250733114592245,1,
28,39,0.55,0.5,-0.19999999999999996,5,40,5,10000,6819.073354253707,-3180.9266457462927,-31.809266457462925,-9.580565548048202,-0.7405151294793518,-0.881817678989466,-45.75817859662552,0.20890055854460948,14.803597749578504,92,31,61,33.69565217391305,228.83257025356528,-165.0847520092254,1024.6364814793935,-391.0193989049168,0.7044379357679321,18.293478260869566,18,45,40.0,10.07720477988192,-8.873291588559617,-0.6958768840831873,-0.8429852109536637,2,
21,42,0.55,0.2,-0.19999999999999996,5,25,14,10000,9128.408332242121,-871.5916677578789,-8.71591667757879,-2.370290120726326,-0.7483182548047426,-0.7451773166955457,-21.312066373272902,0.1112182216032729,5.66634668732123,137,78,59,56.934306569343065,57.33861062213147,-85.33560401756637,180.26733928999084,-298.63461688078144,0.8882996469863811,7.175182481751825,19,45,42.22222222222222,2.867748916408397,-4.923465845924557,-0.2426859832448431,-0.7483182548047426,1,
28,42,0.45,0.1,-0.1,20,35,2,10000,9149.17389182711,-850.8261081728906,-8.508261081728905,-2.311918479706243,-0.7599416309021992,-0.40648270988973184,-17.43925590506826,0.13180332012207305,5.494710092537974,41,26,15,63.41463414634146,108.8605399776375,-233.19334317276378,144.87248229682376,-378.2383022752965,0.8091637611117862,9.073170731707316,10,45,22.22222222222222,3.0641004208606493,-4.793264177087398,-0.2660687733752148,-0.7599416309021992,1,
28,42,0.45,0.5,-0.4,20,60,11,10000,9006.136163156229,-993.8638368437714,-9.938638368437715,-2.7159942152566896,-0.7936171019261891,-0.6137989905792584,-21.09253333350253,0.12813457782469334,5.766243049772521,29,15,14,51.724137931034484,141.57948840249364,-214.69686877722754,340.87218861450145,-495.4744806102438,0.7065417854792742,18.724137931034484,13,45,28.888888888888886,4.758237835018919,-4.988466737798014,-0.28901286378442853,-0.7936171019261891,1,
21,45,0.5,0.2,-0.1,10,60,8,10000,8407.541893747126,-1592.4581062528741,-15.924581062528741,-4.460197234034302,-0.8015026563816054,-0.7490892082919431,-33.786478402238515,0.13181788002422243,7.803461406385635,115,62,53,53.91304347826087,108.6774310363707,-152.90981890004468,268.582539987927,-315.83342938134007,0.8314187411338915,10.521739130434783,20,45,44.44444444444444,3.923494553286022,-9.829362778539908,-0.45498735454773426,-0.8015026563816054,1,
21,39,0.5,0.30000000000000004,-0.5,15,35,5,10000,6985.961963673613,-3014.0380363263866,-30.14038036326387,-9.003641035467268,-0.8041219372454105,-0.8317965850635148,-41.91873968271564,0.2145652183982153,13.152332767480635,48,22,26,45.83333333333333,222.6482111468097,-298.5360433494809,565.2113789341142,-680.78187761863,0.6310616235393817,17.958333333333332,17,45,37.77777777777778,5.764053167863148,-10.144982254487566,-0.7244112801489079,1.1150760142738314,245,
28,36,0.5,0.6,-0.4,10,45,8,10000,6365.7095764908645,-3634.2904235091355,-36.34290423509135,-11.202181769406938,-0.8305191018209759,-1.0122464222556204,-49.46175109056906,0.22605171545993893,15.295864899231034,74,35,39,47.2972972972973,204.15579941466868,-267.55832223081285,1023.8557360721271,-664.80026475724,0.6847731049322092,19.72972972972973,14,45,31.11111111111111,7.641246625526166,-8.58524860020241,-1.1345720739242722,-0.4064717836099019,2,
28,42,0.5,0.1,-0.5,20,40,14,10000,9239.899385336912,-760.100614663088,-7.60100614663088,-2.0580297765182554,-0.836556507414638,-0.6757618741248173,-10.72856086274127,0.1908904265252044,4.732959499199297,38,24,14,63.1578947368421,85.04499011032414,-189.77716980792016,145.67443948706926,-431.78937763565347,0.768224185054814,11.81578947368421,11,45,24.444444444444443,1.693024826445999,-3.7569455450056966,-0.2291423707825086,-0.836556507414638,1,
28,33,0.45,0.5,-0.4,20,55,2,10000,7054.635182917918,-2945.3648170820816,-29.453648170820816,-8.769189429154057,-0.8525094686435585,-0.6406785984172166,-40.395414083360926,0.21708378607179893,12.241280019107498,21,7,14,33.33333333333333,496.8632152927847,-446.7433802951132,1020.2116881192829,-831.0399784980539,0.556094658822435,22.714285714285715,10,45,22.22222222222222,7.1621255142726215,-9.083690810400014,-0.9133730284492803,-0.8525094686435585,1,
21,39,0.5,0.1,-0.3,20,50,14,10000,9517.781953321703,-482.21804667829747,-4.822180466782975,-1.2916546435533416,-0.8631782920946821,-0.5612276087645313,-9.544854437408649,0.13426352321143112,3.7321140453690984,41,26,15,63.41463414634146,56.954599815645025,-122.28917612567051,118.78622850011558,-424.39859608362804,0.807277548796854,7.317073170731708,8,45,17.77777777777778,2.069173915412814,-4.7579140667089455,-0.17616840037575474,-0.8631782920946821,1,
28,45,0.55,0.6,-0.5,20,45,2,10000,7633.505815792363,-2366.494184207637,-23.664941842076367,-6.856877813363315,-0.872541186406892,-0.7631404571599683,-30.95020583766378,0.2212366554473729,9.873617693535934,21,9,12,42.857142857142854,299.87511229985853,-415.93918290886444,614.8937495928727,-616.4679456174728,0.5407192769193199,24.80952380952381,7,45,15.555555555555555,5.762797651329121,-8.441166692695855,-0.6868866311166233,-0.872541186406892,1,
21,36,0.55,0.4,-0.19999999999999996,15,60,5,10000,7285.348457841787,-2714.6515421582126,-27.146515421582123,-7.993643698693054,-0.8776203544286265,-0.7256127867838997,-32.231591889630636,0.24771356579898002,11.065486321539684,49,20,29,40.816326530612244,233.6572535552353,-249.60003817368911,395.88424315721795,-532.5034955756977,0.6456046027294061,15.653061224489797,14,45,31.11111111111111,5.907938655311695,-10.073384111726536,-0.6141536078221715,-0.8776203544286265,1,
28,36,0.55,0.6,-0.5,20,60,2,10000,6448.059064923991,-3551.940935076009,-35.51940935076009,-10.901441400997102,-0.8836010067973017,-0.7963152888979262,-43.85918874691602,0.24806891316013738,14.189079706067698,28,9,19,32.142857142857146,435.556010616803,-384.3655279277502,938.316184783771,-761.4069635954233,0.5367703137722422,22.321428571428573,6,45,13.333333333333334,8.907976036686005,-7.590881999801525,-1.1016148045137402,-0.8836010067973017,1,
21,42,0.45,0.6,-0.1,5,30,2,10000,7628.844191653335,-2371.1558083466653,-23.711558083466652,-6.871843504748954,-0.8946217178150204,-0.801666996559552,-34.786243034419606,0.1973617325089175,9.667641644318756,67,22,45,32.83582089552239,235.48854570672987,-163.80523969865064,506.628454181652,-248.9885046117605,0.7028330331094523,15.223880597014926,17,45,37.77777777777778,5.559474154259236,-5.245579225526198,-0.5706292773263852,-0.8946217178150204,1,
21,42,0.45,0.6,-0.1,5,30,2,10000,7628.844191653335,-2371.1558083466653,-23.71155808346665,-6.871843504748954,-0.8946217178150215,-0.8016669965595521,-34.786243034419606,0.1973617325089175,9.667641644318747,67,22,45,32.83582089552239,235.48854570672987,-163.80523969865064,506.628454181652,-248.9885046117605,0.7028330331094523,15.223880597014926,17,45,37.77777777777778,5.559474154259236,-5.245579225526198,-0.5706292773263852,-0.8946217178150215,1,
21,36,0.55,0.30000000000000004,-0.3,15,40,5,10000,7031.768068591544,-2968.231931408456,-29.68231931408456,-8.847070649875121,-0.9099551964333717,-0.8203440279352625,-35.19696346671965,0.2510931686323004,11.628158830920537,56,25,31,44.642857142857146,213.31810412896755,-263.33835575505464,565.2113789341142,-483.2899521710072,0.6532687904236757,15.875,11,45,24.444444444444443,7.425143679414203,-7.876093557966435,-0.6725560225462712,-0.6315021568390877,4,
28,42,0.5,0.6,-0.1,5,60,8,10000,7272.9008569238995,-2727.0991430761005,-27.270991430761004,-8.035020964977269,-0.9113604508065313,-0.9670949683874374,-45.74778540983127,0.1754310946121612,10.748710327850814,100,34,66,34.0,174.64621016790966,-127.9038615536802,664.2628849150593,-378.2383022752965,0.7034131627504401,15.01,16,45,35.55555555555556,11.123327836702067,-7.313517602543218,-0.8045764235392631,-1.3200493966264493,2,
28,42,0.5,0.6,-0.1,5,60,8,10000,7272.9008569238995,-2727.0991430761005,-27.270991430761004,-8.035020964977269,-0.9113604508065328,-0.9670949683874376,-45.74778540983127,0.1754310946121612,10.748710327850802,100,34,66,34.0,174.64621016790966,-127.9038615536802,664.2628849150593,-378.2383022752965,0.7034131627504401,15.01,16,45,35.55555555555556,11.123327836702067,-7.313517602543218,-0.8045764235392631,-0.9113604508065328,1,
28,36,0.5,0.6,-0.4,20,30,5,10000,6612.423066918969,-3387.576933081031,-33.87576933081031,-10.309546366028343,-0.919393102593778,-0.8016982777310265,-45.97014854799735,0.22379880876914413,13.075552329296405,23,6,17,26.08695652173913,621.4814756315767,-408.0626933453233,1023.8557360721271,-719.3196860657638,0.5375311361248696,21.869565217391305,6,45,13.333333333333334,7.451933920216103,-11.723823379844433,-1.066515129666256,-0.4804852189904517,2,
14,30,0.55,0.1,-0.1,15,30,2,10000,7505.750681733944,-2494.2493182660564,-24.942493182660563,-7.269484480238953,-0.9294654317460511,-0.7097483715083308,-33.38868283677458,0.21772300859476496,9.763715730026167,93,51,42,54.83870967741935,123.06158330452668,-202.44262063802125,505.67645616442087,-413.16413056233927,0.7381445770318334,6.946236559139785,9,45,20.0,4.235942923781977,-5.765999662264298,-0.7578236696689377,-0.9294654317460511,1,
21,42,0.45,0.1,-0.1,10,50,2,10000,8198.487567789582,-1801.5124322104184,-18.015124322104185,-5.090905040920779,-0.9301748420135354,-0.7871935375453382,-30.71583483384356,0.1655306760703603,7.464171292409998,117,73,44,62.39316239316239,92.76275548708941,-187.72558080255646,160.42319857690543,-252.70412301285518,0.8198235087242678,8.273504273504274,19,45,42.22222222222222,4.398182271179518,-5.952841590607627,-0.4602432042178976,-0.7085591169624976,2,
21,33,0.55,0.6,-0.4,5,35,8,10000,7351.260024038983,-2648.739975961017,-26.48739975961017,-7.775410146201123,-0.9370808558017295,-1.0420834990738828,-32.144599789393865,0.24188853484393436,10.22082989579927,118,63,55,53.38983050847458,84.18576257830371,-137.37164541292077,420.9108193879789,-503.8796457893176,0.7019713865843027,14.025423728813559,15,45,33.33333333333333,5.251728782137133,-6.876031017182593,-0.6526630090095857,-0.9370808558017295,1,
28,45,0.5,0.4,-0.4,20,25,5,10000,7951.273273711227,-2048.7267262887726,-20.487267262887727,-5.852223847871418,-0.9408926366091083,-0.7174472266668068,-28.83778252403937,0.202935986599974,8.184760519002072,25,9,16,36.0,270.0745703897781,-275.0061162372994,502.9621821606413,-468.78926149238396,0.5524129714742887,23.2,9,45,20.0,5.981085809379194,-7.495702926858073,-0.5621488203099918,-0.2405184201619961,4,
28,39,0.45,0.30000000000000004,-0.1,15,50,14,10000,7529.558396390334,-2470.4416036096663,-24.704416036096664,-7.192203197871738,-0.9420162745487727,-0.7640642976799105,-47.023534691293634,0.1524763020009279,9.541356992247596,105,51,54,48.57142857142857,135.3821295845554,-163.13891036172848,413.61814888285966,-375.35071195655195,0.7837547760965473,10.371428571428572,15,45,33.33333333333333,9.994141764292053,-11.494308505179518,-0.6097232501687366,-0.9420162745487727,1,
21,42,0.5,0.6,-0.1,10,40,5,10000,7278.254632785558,-2721.745367214442,-27.21745367214442,-8.017218003183835,-0.9454552924279744,-0.8699281011700877,-40.49960317217087,0.197802581052477,10.381115589073834,73,29,44,39.72602739726028,183.0315669448159,-178.82778135928604,489.1858535450198,-358.89086265102645,0.6745844573647286,14.52054794520548,19,45,42.22222222222222,5.771324424411639,-11.241183976658164,-0.6575623159323044,-0.4013032570244538,2,
21,42,0.5,0.6,-0.1,10,40,5,10000,7278.254632785558,-2721.745367214442,-27.21745367214442,-8.017218003183835,-0.9454552924279757,-0.869928101170088,-40.49960317217087,0.19780258105247708,10.381115589073818,73,29,44,39.726027397260275,183.0315669448159,-178.82778135928604,489.1858535450198,-358.89086265102645,0.6745844573647286,14.520547945205479,19,45,42.22222222222222,5.771324424411639,-11.241183976658164,-0.6575623159323044,-0.5143738811760868,3,
21,39,0.45,0.5,-0.1,20,25,2,10000,8177.344494195128,-1822.6555058048716,-18.226555058048717,-5.155350208491683,-0.9516930117978305,-0.5669298953713072,-23.856184350687563,0.21610120598951105,7.381993979982765,28,8,20,28.57142857142857,299.19027732781285,-206.38888622136875,708.4969217928899,-401.88148042905704,0.5798573417502861,13.0,7,45,15.555555555555555,6.538217336068297,-5.6608355474260685,-0.5120067844307381,-0.9516930117978305,1,
21,45,0.5,0.6,-0.1,15,25,14,10000,8858.269617621881,-1141.7303823781185,-11.417303823781186,-3.1387139066852643,-0.9550025630873598,-0.7104485452012089,-25.10746460154984,0.1250111851792282,5.289517738408575,108,64,44,59.25925925925925,60.30594318465677,-108.31755266796928,201.7688006128379,-315.83342938134007,0.8098201388486324,6.722222222222222,14,45,31.11111111111111,3.58227554172339,-4.49394015182889,-0.3065220320666283,-0.9550025630873598,1,
21,45,0.55,0.30000000000000004,-0.3,10,45,8,10000,7967.868502986692,-2032.131497013308,-20.32131497013308,-5.8005753191412435,-0.9552889032852017,-0.9997460884159055,-28.616427543860073,0.20247571851992807,8.010733824096636,87,44,43,50.57471264367817,118.2571200529246,-163.73971314525483,283.7177557636392,-386.8763169189567,0.7390222158762683,13.551724137931034,13,45,28.888888888888886,5.515919720027718,-4.475407441752566,-0.4838077432781783,-0.5015155790656071,3,
28,36,0.55,0.2,-0.5,20,55,8,10000,7101.963609433984,-2898.036390566016,-28.980363905660163,-8.608586557169994,-1.0020361423247723,-0.9877403955976769,-35.37665690939883,0.24272212317650632,10.43398718637902,26,8,18,30.76923076923077,268.24078831318536,-270.4701498373062,938.316184783771,-642.5123959232341,0.4407810925194734,19.26923076923077,8,45,17.77777777777778,2.0275286891691113,-6.666606706145606,-0.9243063801142306,-1.0020361423247723,1,
28,33,0.55,0.4,-0.4,15,30,11,10000,6831.166633239714,-3168.8333667602856,-31.68833366760286,-9.538412214372293,-1.003779375820495,-1.098323589585109,-40.108000646218,0.2378181923977734,11.349563612609726,56,22,34,39.285714285714285,174.7034137534578,-198.34934687183434,381.9066103000832,-574.6137997620467,0.5699206332296557,17.267857142857142,16,45,35.55555555555556,5.237763858447497,-11.71506614697665,-0.7887616731440774,-1.003779375820495,1,
14,42,0.5,0.1,-0.19999999999999996,20,60,8,10000,9883.039142052343,-116.96085794765713,-1.1696085794765714,-0.30899821314908094,-1.0102336038563704,-0.5477990074419484,-7.078731831749013,0.04317000316842318,2.2577538287017607,42,24,18,57.14285714285714,45.20113885756473,-63.732677251626114,132.80902148396467,-202.35650403934505,0.9456402546133729,6.333333333333333,8,45,17.77777777777778,1.1748880196770228,-3.4449688666555955,-0.08056387394389274,-1.0102336038563704,1,
28,36,0.5,0.1,-0.3,5,40,8,10000,6552.356862525614,-3447.643137474386,-34.47643137474386,-10.5245816419259,-1.036051882337585,-1.0246649727443107,-51.478209459236766,0.20403101377461755,11.954840812714776,121,87,34,71.900826446281,95.18047749867733,-318.38818760351387,212.4460105748894,-548.7095243684906,0.7649468631278288,10.59504132231405,17,45,37.77777777777778,5.972748354244328,-12.128424096969626,-0.9213401495414553,-1.036051882337585,1,
14,45,0.55,0.30000000000000004,-0.3,20,50,2,10000,8806.326117777528,-1193.6738822224725,-11.936738822224724,-3.2884436670323702,-1.051405542952935,-0.7043386415146204,-15.816975507855634,0.20769686480581903,4.964989475238168,29,14,15,48.275862068965516,147.32709361801855,-214.57021285831814,213.74079600056396,-327.5545404181906,0.6408405227598519,11.96551724137931,10,45,22.22222222222222,3.833037953681262,-3.607674420089968,-0.31784978135471886,-1.550287111841671,2,
14,33,0.55,0.2,-0.3,10,45,5,10000,6633.882770691297,-3366.117229308703,-33.66117229308703,-10.233070278586098,-1.0670622943488588,-1.0374114644898063,-42.7097813005812,0.23959547361219677,11.38834112980737,106,53,53,50.0,125.58417555900931,-183.3934286758059,505.67645616442087,-529.4846367941624,0.6847801279783639,11.047169811320755,16,45,35.55555555555556,5.130812406339058,-12.544404206691928,-0.9979320757774562,-1.2671414719797172,3,
14,30,0.5,0.2,-0.19999999999999996,20,60,5,10000,8179.087709978351,-1820.912290021649,-18.20912290021649,-5.150032156079565,-1.0677588773269804,-0.6000852455420153,-24.429857492036447,0.21080893156083094,6.623172540873198,31,13,18,41.935483870967744,180.67824147615704,-226.52385717842654,377.89569550882527,-378.8945460257197,0.5760534130554301,9.806451612903226,5,45,11.11111111111111,4.963313808566472,-4.476602616188352,-0.5227105355234476,-1.3929437711685075,2,
28,42,0.5,0.30000000000000004,-0.19999999999999996,10,25,2,10000,6499.1547391202475,-3500.8452608797525,-35.008452608797526,-10.716260283880407,-1.0738245155054236,-0.9944360128949422,-49.8798490693643,0.21484147373778295,11.776109811551578,70,33,37,47.14285714285714,187.78848571489348,-259.236008561779,314.53763693871906,-483.1367885368488,0.6460793341518207,18.757142857142856,13,45,28.888888888888886,6.402058763833418,-9.694764506042619,-0.9752987054958108,-0.574048346911052,2,
28,33,0.45,0.1,-0.19999999999999996,20,55,14,10000,8378.318955111603,-1621.681044888397,-16.21681044888397,-4.547661610643594,-1.0953380645204414,-0.5958797104357846,-21.572465820824032,0.21080861355467806,5.9182417053613126,35,19,16,54.285714285714285,107.35117429521121,-211.2033347810882,184.06825671435797,-429.7364146188401,0.603586679195646,8.8,9,45,20.0,1.9184306112622451,-7.549094435827531,-0.4343166820362993,-1.0953380645204414,1,
14,30,0.5,0.2,-0.4,5,60,8,10000,8028.819258088802,-1971.1807419111983,-19.71180741911198,-5.611558802084926,-1.1222634225290324,-1.1668117702017453,-29.076757864179402,0.19299121409261336,6.730746747725899,144,79,65,54.861111111111114,56.288937012074285,-92.2985656286929,223.3266546164783,-369.97978801034606,0.7412109559323559,6.701388888888889,17,45,37.77777777777778,4.53357597667754,-5.707420728469237,-0.5245258507485399,-0.29687914894551026,3,
28,36,0.55,0.2,-0.4,10,50,14,10000,6497.05025423503,-3502.9497457649704,-35.029497457649704,-10.723866141004256,-1.125209608782202,-1.3059914320581352,-40.67300788269985,0.26313479259057065,11.278841829072798,86,48,38,55.81395348837209,96.26055230844015,-198.383845637203,251.63355622598073,-551.8572325936411,0.6129142028151746,13.011627906976743,16,45,35.55555555555556,7.784992661754719,-10.828232363081835,-0.8560459139223425,-1.125209608782202,1,
28,45,0.5,0.1,-0.1,5,30,8,10000,7466.351324242637,-2533.648675757363,-25.336486757573628,-7.397774973470705,-1.1302700265323273,-0.99447428522282,-41.73012722844483,0.17704888959996928,8.262515975757827,142,84,58,59.154929577464785,89.32216594287955,-164.95417861021863,167.01963289433155,-322.7876885499467,0.7842367981988015,9.612676056338028,15,45,33.33333333333333,4.397818158740763,-8.593170528696902,-0.6708467764651183,-1.1302700265323273,1,
28,36,0.45,0.30000000000000004,-0.5,20,45,14,10000,8134.025311529085,-1865.9746884709148,-18.659746884709147,-5.287773794597661,-1.1788986601151086,-0.8769459469949191,-24.855941620050668,0.21182416749616725,6.129048793620896,31,15,16,48.38709677419355,102.94278406992676,-198.83227809498936,206.84053159523108,-657.702748294285,0.4853782343098768,14.548387096774194,9,45,20.0,2.9681275298364618,-8.016181243727127,-0.4932394397107259,-1.1788986601151086,1,
28,33,0.45,0.6,-0.3,20,25,11,10000,7754.9725946751005,-2245.0274053248995,-22.450274053248993,-6.469273372306617,-1.1928967500096022,-0.7858586084629957,-31.48182373675834,0.20549233190557065,7.077418820728363,27,12,15,44.44444444444444,169.75379799579213,-272.2115320849605,380.01354454096634,-683.666532505494,0.49888789558793545,15.851851851851851,9,45,20.0,6.008634854075368,-9.361023519619248,-0.5986440542149679,-1.1928967500096022,1,
28,33,0.45,0.30000000000000004,-0.5,20,25,5,10000,6470.080541526391,-3529.9194584736088,-35.299194584736085,-10.821498970421416,-1.2514651162323456,-0.8734009569472407,-41.28205432567995,0.26213567001896476,10.329127846491206,21,7,14,33.33333333333333,314.92583817450725,-398.55002326394,599.2490878112897,-678.4729842193675,0.3950894740833417,21.523809523809526,10,45,22.22222222222222,7.768128143384789,-8.535061487959705,-0.9826580565074394,-1.2514651162323456,1,
14,30,0.55,0.30000000000000004,-0.19999999999999996,20,40,5,10000,7371.242986853761,-2628.757013146239,-26.287570131462388,-7.709531400246139,-1.2767014407859683,-0.686408510914861,-32.501888515067286,0.23720256737303555,7.627227866192503,31,12,19,38.70967741935484,194.29454601760835,-256.14166133460685,505.67645616442087,-414.6088707295494,0.4790799911808289,8.870967741935484,4,45,8.88888888888889,3.996021936791938,-5.3420180176542935,-0.8106722719234568,-1.2767014407859683,1,
21,45,0.55,0.30000000000000004,-0.1,10,60,2,10000,6547.532336738683,-3452.4676632613173,-34.52467663261317,-10.541916237819349,-1.29035202726169,-1.2179138974025325,-43.16307357698714,0.2440928344373314,9.810276710997199,86,30,56,34.883720930232556,182.0113645318132,-156.81617749942978,412.26145727817476,-276.84693124251544,0.6217859005165289,13.395348837209303,15,45,33.33333333333333,4.196694587553607,-10.437917131405216,-0.9465374427786231,-1.29035202726169,1,
21,30,0.55,0.4,-0.5,10,45,11,10000,6141.120627234769,-3858.879372765231,-38.58879372765231,-12.037217554251,-1.3271018469459968,-1.6468443623733393,-48.29115915658599,0.2492633799743727,10.744719114445184,81,36,45,44.44444444444444,124.45527651127115,-172.4503734774995,438.40572373362323,-772.101540727706,0.577349988876699,12.876543209876543,15,45,33.33333333333333,4.656780442212183,-8.853630293893266,-1.1258447076539346,-1.3271018469459968,1,
21,36,0.45,0.4,-0.1,20,35,14,10000,8364.80563747137,-1635.1943625286294,-16.351943625286296,-4.5881830599792455,-1.4121151586703764,-0.6937840610855568,-21.154390585193504,0.2164275285201229,4.660730485529116,44,24,20,54.54545454545454,60.86424617695203,-146.5418135387753,169.46091163816104,-301.2377155773992,0.49840447343049055,6.590909090909091,5,45,11.11111111111111,2.136006771704224,-5.447098629565161,-0.4513088209831281,-1.4121151586703764,1,
28,45,0.5,0.2,-0.19999999999999996,20,35,11,10000,7893.298007564961,-2106.701992435039,-21.06701992435039,-6.033283361769371,-1.413779258204768,-0.8575265855767572,-24.851735643019506,0.2423831134993035,5.697479931831134,29,11,18,37.93103448275862,127.30303221769204,-189.34640815720326,221.18280196516068,-332.81065518959423,0.41086756397183744,15.310344827586206,10,45,22.22222222222222,2.302223763293143,-5.107676769262348,-0.5407921286542947,-0.9790938163714114,2,
21,36,0.55,0.30000000000000004,-0.1,5,50,2,10000,5561.101632223316,-4438.898367776684,-44.38898367776684,-14.303109811968573,-1.4295528483305107,-1.365064623704238,-51.206442957196465,0.27915073349546937,11.714592841791209,87,28,59,32.18390804597701,212.0024547809733,-171.8825694138638,552.3261001319133,-424.7955541354326,0.5853492580162184,11.551724137931034,13,45,28.888888888888886,5.543456758506715,-9.073235492953968,-1.3195762372166728,-1.4295528483305107,1,
21,45,0.55,0.6,-0.4,20,55,14,10000,8966.233960614414,-1033.7660393855858,-10.33766039385586,-2.829559367905321,-1.4400530616750162,-1.0398817985262476,-12.609602993883435,0.223870057607488,3.340572666310341,47,27,20,57.446808510638306,39.174428030878204,-99.5037798109648,149.81488294755465,-323.557033056451,0.5314921497671375,7.51063829787234,6,45,13.333333333333334,1.2837546279502066,-3.0710812251090513,-0.28081671149276644,-1.4400530616750162,1,
28,33,0.55,0.4,-0.19999999999999996,5,30,2,10000,4196.745822478845,-5803.254177521155,-58.03254177521154,-20.419268857858896,-1.4422249970225305,-1.5599441764860091,-66.38485364298091,0.3075892728132555,16.31311194612901,73,22,51,30.136986301369863,304.0054890000383,-238.0723101645621,1008.2991836624238,-533.5215940868034,0.550839459722349,15.219178082191782,10,45,22.22222222222222,6.918467975175413,-12.763092504907103,-2.000505623801882,-1.4422249970225305,1,
21,33,0.55,0.5,-0.4,20,60,8,10000,7193.409981273215,-2806.5900187267853,-28.06590018726785,-8.300496050541406,-1.486845019105018,-0.9967311255854228,-28.996553027886257,0.28625802668885303,7.011845799141195,33,13,20,39.39393939393939,96.80530957731024,-197.79295216159113,223.15456839770025,-624.6923322076929,0.31812787330180003,13.545454545454545,7,45,15.555555555555555,2.030201673351839,-5.998366359121188,-0.7144296499409487,-0.731951404635912,3,
28,39,0.55,0.1,-0.19999999999999996,15,35,11,10000,5929.280276118077,-4070.7197238819226,-40.70719723881923,-12.845739753694119,-1.5319839427143174,-1.2972245465603318,-48.33630025821874,0.26532575414853754,9.945990499477709,104,68,36,65.38461538461539,71.93434319632408,-234.60458445138673,174.6050746289066,-502.15687459024,0.5791701893242924,10.057692307692308,14,45,31.11111111111111,6.23247513162295,-9.827392777512511,-1.15388706013239,-1.5319839427143174,1,
21,30,0.55,0.6,-0.3,10,45,5,10000,3867.561351839588,-6132.438648160412,-61.32438648160412,-22.110991263070556,-1.5406341888926385,-1.5977856950070781,-64.74058572553861,0.3415321473427495,16.624342430430367,74,29,45,39.189189189189186,177.60996708286524,-242.3122798671486,343.75670972872337,-588.2119407613466,0.47236465534172456,15.554054054054054,15,45,33.33333333333333,7.517857729087929,-13.756454094697258,-1.9281776999420661,-1.5406341888926385,1,
21,42,0.55,0.5,-0.1,10,30,8,10000,6164.137332988596,-3835.8626670114036,-38.358626670114035,-11.95061501274478,-1.5410132033393784,-1.398048126749103,-43.84075677314435,0.2724540584323953,9.277910126292896,104,44,60,42.30769230769231,112.32555847168868,-143.40307634196714,412.26145727817476,-276.84693124251544,0.5744094081785426,10.798076923076923,12,45,26.666666666666668,5.952350524714323,-11.53593411876197,-1.0780492287916066,-1.5410132033393784,1,
28,39,0.55,0.4,-0.3,5,35,11,10000,5088.705224116319,-4911.294775883681,-49.1129477588368,-16.281077415581933,-1.5431067963944698,-1.63812218139815,-54.269048589309456,0.29963720031439967,12.310565983656538,77,35,42,45.45454545454545,123.5134458936253,-212.13711455501246,387.70200120472776,-449.1893276874145,0.48519502018270977,17.337662337662337,13,45,28.888888888888886,7.229731985315824,-10.79071796500488,-1.3927152330597528,-1.5431067963944698,1,
21,36,0.5,0.1,-0.19999999999999996,5,25,5,10000,5763.960037452789,-4236.039962547211,-42.36039962547211,-13.49163113317573,-1.5469376903967618,-1.400986589126532,-50.7076076366373,0.26606719902572856,10.321659556747935,116,70,46,60.3448275862069,92.31899664742696,-223.52460819501698,244.7039279358124,-444.15013323566563,0.6285009548402776,9.422413793103448,15,45,33.33333333333333,4.976434639178473,-9.189957727067155,-1.2273231764521888,-1.6779373698311901,2,
21,45,0.55,0.4,-0.5,20,35,11,10000,8072.892012502395,-1927.1079874976049,-19.27107987497605,-5.4755409804157935,-1.5615392427736203,-1.1255417062889221,-22.080808083748842,0.24768455644336376,4.811734558029598,34,14,20,41.17647058823529,88.41599893144209,-154.54159862688957,352.20175112255026,-412.6305465414181,0.40048245781016956,12.705882352941176,6,45,13.333333333333334,3.0951804202603794,-3.5090514195563305,-0.5260845544167326,-0.9985733100726808,2,
21,39,0.55,0.4,-0.4,20,45,14,10000,8528.479218786517,-1471.5207812134831,-14.715207812134832,-4.100595512606153,-1.6001797761997387,-1.0762197925591659,-17.076044303656847,0.2395610375726534,3.8170423650700878,43,24,19,55.81395348837209,38.6442867777866,-120.03598230949252,164.08868246793023,-386.1162951882113,0.4066600280237426,7.534883720930233,7,45,15.555555555555555,1.535240694995399,-4.003107938653883,-0.38818696231591804,-1.6001797761997387,1,
14,42,0.55,0.1,-0.5,20,25,8,10000,9371.922045688874,-628.0779543111257,-6.280779543111257,-1.6918356468337392,-1.631260293049858,-1.0107876720451305,-9.808281781153552,0.17249052225279385,2.257490936015528,41,19,22,46.34146341463415,39.41345592099176,-60.16516440045584,119.23963538837023,-169.7349600079327,0.5657575124932183,6.512195121951219,7,45,15.555555555555555,0.8252547666372623,-2.720320991441605,-0.17814720571544723,-0.7890878996212467,2,
28,45,0.55,0.5,-0.1,5,35,14,10000,6021.342547245068,-3978.657452754932,-39.78657452754932,-12.491796405059297,-1.665027657476942,-1.5327265357574715,-50.0924860888593,0.24919539461521215,8.972202650579067,118,57,61,48.30508474576271,83.50547874083968,-138.99840504536283,291.5563143400565,-251.0008352644332,0.5613712590271399,11.466101694915254,14,45,31.11111111111111,4.61277900267929,-8.256754087611185,-1.0898523778162341,-1.665027657476942,1,
21,39,0.55,0.2,-0.5,20,35,5,10000,6889.76564317741,-3110.2343568225897,-31.102343568225898,-9.334929969308991,-1.6719181036112662,-1.2073913846774726,-32.880215182587214,0.2836242528200728,6.9130456619332135,34,14,20,41.17647058823529,132.52180350511043,-244.57198029470715,244.03646080891085,-562.2154169050665,0.37929636232979735,16.38235294117647,9,45,20.0,2.6145564810308164,-6.097249491397139,-0.7491064191258345,-0.6477385334964811,5,
21,42,0.5,0.30000000000000004,-0.1,20,30,5,10000,7195.163995743493,-2804.8360042565073,-28.048360042565072,-8.2946149126779,-1.687487797028287,-0.8856217437214888,-33.49015387741582,0.24748593135367253,6.201863061427176,27,6,21,22.22222222222222,182.8960124591852,-182.72438471483824,269.1061949518182,-315.83342938134007,0.2859826489021622,13.148148148148149,5,45,11.11111111111111,5.105440259676941,-5.746193845084358,-0.7184457486643241,-0.7212969071934644,3,
28,39,0.55,0.5,-0.1,20,50,2,10000,6163.907351131804,-3836.092648868196,-38.36092648868196,-11.951479161680112,-1.7086728403815625,-0.972263056152105,-43.97802735076778,0.2712807112976151,8.403118983281248,39,6,33,15.384615384615385,318.7126499458877,-169.11116813768285,648.419561337971,-393.1614529546247,0.34266071941764037,11.820512820512821,4,45,8.88888888888889,2.570353428897243,-11.73715948424876,-1.1216125406947546,-1.7086728403815625,1,
14,33,0.55,0.1,-0.1,20,55,2,10000,7171.7638034370875,-2828.2361965629125,-28.28236196562913,-8.373161932386653,-1.718128665010035,-0.8536257700882792,-34.232669667826045,0.2445956454356308,6.147566947894297,40,15,25,37.5,121.93258704198651,-182.70100008770845,505.67645616442087,-313.4021673147796,0.40043323348022464,6.1,4,45,8.88888888888889,0.9700890570159659,-5.2866343979504515,-0.8752163956792098,-1.3929437711685075,2,
21,39,0.55,0.6,-0.1,10,60,11,10000,5984.945618803042,-4015.0543811969583,-40.15054381196958,-12.631248430075692,-1.7287383424463671,-1.6268517510827512,-43.455776970712826,0.2904627198686101,8.745719661720132,121,49,72,40.49586776859504,82.9838736771396,-108.52178729376195,286.00408316632394,-272.94266442466534,0.5204036688008371,10.256198347107437,11,45,24.444444444444443,4.277563419421271,-10.901219476375578,-1.0907338650732146,-1.3200493966264493,2,
21,39,0.55,0.30000000000000004,-0.4,20,25,11,10000,7541.044024113553,-2458.955975886447,-24.58955975886447,-7.1549845351185475,-1.7460804356670405,-1.0723025844846175,-28.718691913384024,0.24914033538498484,5.319432143057163,35,15,20,42.857142857142854,80.32295415967842,-178.31501441408173,302.8166660598929,-614.0978517803298,0.33784152062408396,11.8,6,45,13.333333333333334,3.074530241696438,-6.315044604386566,-0.7038991833181282,-1.1668345647117366,2,
21,39,0.55,0.5,-0.4,20,45,2,10000,6312.61039781447,-3687.38960218553,-36.873896021855295,-11.397623627351205,-1.7691491275629025,-1.2375457042237186,-38.33278227674477,0.2970964043464384,7.797573499183079,29,10,19,34.48275862068966,163.92630314376018,-276.7922438749019,418.8702472975272,-562.2154169050665,0.3117031042734134,17.79310344827586,4,45,8.88888888888889,4.890668566597256,-6.299979540512945,-0.9337266040064606,-1.7691491275629025,1,
21,42,0.55,0.6,-0.1,20,50,8,10000,7445.838042986204,-2554.1619570137964,-25.541619570137964,-7.464767029640296,-1.7923712791045285,-0.9521441767477344,-27.740804650825584,0.2688616054830727,5.363559147078711,31,11,20,35.483870967741936,133.58859637877728,-197.21682585901664,412.26145727817476,-276.84693124251544,0.3725530399766767,9.451612903225806,4,45,8.88888888888889,1.6501955599644846,-5.290985311505214,-0.6943847425278622,-1.7923712791045285,1,
28,36,0.45,0.2,-0.1,5,25,2,10000,4384.429800668035,-5615.570199331965,-56.15570199331965,-19.498132255777623,-1.8089370492656187,-1.710242297361087,-69.37316433899471,0.2810615955256016,12.656811181749614,138,64,74,46.3768115942029,134.71053283942524,-180.29546728900746,287.7978522651609,-387.63186826772136,0.6461970926495211,9.108695652173912,13,45,28.888888888888886,5.877019921141202,-12.536688672093044,-1.757192457379804,-1.6779373698311901,2,
21,30,0.5,0.1,-0.3,20,45,2,10000,5936.111154648298,-4063.888845351702,-40.63888845351702,-12.819339143874108,-1.8130586957016952,-1.080553737137584,-46.398143796403254,0.27628991366822425,8.476555528748216,34,18,16,52.94117647058824,134.18973741397443,-391.469007425203,662.1925622301129,-590.6542760702589,0.3856332218574555,11.0,3,45,6.666666666666667,3.1038831694633284,-10.26777837813988,-1.2824866282118599,-1.8130586957016952,1,
21,33,0.55,0.30000000000000004,-0.19999999999999996,5,40,8,10000,5031.745110416494,-4968.254889583506,-49.68254889583506,-16.528603764369485,-1.8244069251569213,-1.7929573461793142,-54.2544546811426,0.30464970777992884,10.690627149332931,120,50,70,41.66666666666667,75.76056552732597,-119.76545579440021,305.230136668198,-382.7161105229242,0.45183888211700773,11.733333333333333,11,45,24.444444444444443,4.782966398338706,-7.544683037946709,-1.478071214355652,-1.44573460975289,2,
21,33,0.5,0.6,-0.1,15,30,5,10000,5060.456389395619,-4939.543610604381,-49.3954361060438,-16.403579143416923,-1.841009087890913,-1.523030771598699,-53.310280971431624,0.3077001067056356,10.522801760113856,77,20,57,25.97402597402597,179.5204897628925,-144.63076150635484,341.3412742325974,-306.78255403251575,0.4355203891260146,10.948051948051948,9,45,20.0,9.294466171484839,-7.172876283433216,-1.3982939098217888,-1.8575394801282106,2,
28,36,0.5,0.5,-0.19999999999999996,20,35,5,10000,4978.841790798797,-5021.158209201203,-50.21158209201203,-16.760357389988346,-1.874069872365508,-1.2425940468317351,-55.092695609856875,0.30385916617654163,10.553280914355222,27,4,23,14.814814814814813,425.60677511328555,-284.4167525936672,1023.8557360721271,-458.1276698637181,0.26024686981313677,15.0,3,45,6.666666666666667,5.0668604343387935,-9.04224631440167,-1.6989341783365774,-1.8575394801282106,2,
21,33,0.55,0.6,-0.19999999999999996,15,50,11,10000,5236.653157081314,-4763.346842918686,-47.63346842918686,-15.647557614544693,-1.8787380484320366,-1.5232310583996762,-53.73454497006094,0.2912010815996112,9.867275505914586,74,28,46,37.83783783783784,98.70485498693004,-155.08193422369035,438.40572373362323,-412.01904092066775,0.3874159577629441,11.067567567567568,10,45,22.22222222222222,3.506339213611076,-7.363325920330688,-1.4781149585601712,-2.123654270793323,2,
28,39,0.5,0.5,-0.1,10,45,14,10000,4723.202392608868,-5276.797607391132,-52.76797607391133,-17.906537770837293,-1.9532898152511957,-1.808764204733271,-64.15901460573767,0.2787897470746709,10.818007327108475,155,67,88,43.225806451612904,95.27438671992864,-126.53525333650565,543.5251647563791,-372.1046183234375,0.5732667506698131,10.748387096774193,16,45,35.55555555555556,6.474793200702456,-11.548490916734277,-1.5556029855722693,-1.9532898152511957,1,
21,30,0.55,0.2,-0.3,20,25,8,10000,6016.090024338116,-3983.9099756618843,-39.83909975661884,-12.511882618045522,-1.9862649128604248,-1.2404006922376922,-41.359787544577216,0.3025132226455546,7.595688261577514,29,10,19,34.48275862068966,122.57828615291501,-264.34172827321277,310.95481267266626,-427.44884713535737,0.24405865797405504,11.172413793103448,4,45,8.88888888888889,2.8413247024285493,-7.805120839798974,-1.1244468965860173,-1.3438293402382346,2,
21,30,0.45,0.5,-0.3,5,55,14,10000,5559.532118805554,-4440.467881194446,-44.40467881194446,-14.30947262943112,-1.9868268043416055,-2.2225187664939297,-49.29376424084715,0.2902897120925006,8.598456929618333,141,62,79,43.97163120567376,48.490333173981846,-82.39740535957864,157.42946410807986,-381.8623343769712,0.4618556173002795,7.319148936170213,13,45,28.888888888888886,2.565088795294268,-9.579420288493345,-1.3078310752036517,-1.9868268043416055,1,
21,45,0.5,0.30000000000000004,-0.4,20,55,5,10000,6923.092544897118,-3076.9074551028816,-30.76907455102882,-9.219772285428773,-2.049168680730407,-1.35928257842882,-36.00509729508433,0.2558960611874617,5.61966068786351,26,8,18,30.76923076923077,151.20494731800517,-235.39705742482934,248.02749908565448,-510.8789769092058,0.2854844471854214,17.192307692307693,5,45,11.11111111111111,5.105440259676941,-6.615973230174587,-0.7982025961813877,-0.6692929645286858,5,
28,36,0.55,0.1,-0.19999999999999996,10,40,2,10000,3924.618275934923,-6075.381724065077,-60.75381724065076,-21.810359298480865,-2.0628510954369044,-2.018546796509367,-64.3588928119888,0.33859550777822284,12.509050561233956,110,64,46,58.18181818181818,84.22163154457235,-235.08462004333904,240.06745459663705,-434.5012078612944,0.4984499714501437,10.39090909090909,13,45,28.888888888888886,5.740848646617613,-11.761993102902558,-2.0325330720860055,-2.0628510954369044,1,
21,30,0.45,0.6,-0.19999999999999996,15,60,14,10000,5851.852150035057,-4148.147849964943,-41.48147849964943,-13.146569658395336,-2.1196761977722023,-1.75372275903458,-45.13164829709052,0.29129380721605175,7.465820004139354,97,39,58,40.20618556701031,60.121985060681965,-101.4794011608893,175.93600602103473,-377.21764881821696,0.3983749565044018,7.051546391752577,9,45,20.0,2.591084418256351,-8.330723230646186,-1.2024388953922873,-2.1196761977722023,1,
28,33,0.45,0.2,-0.1,20,50,8,10000,5907.785816672188,-4092.214183327812,-40.92214183327812,-12.928960029879077,-2.1209335022495477,-1.087454477564625,-44.08227632159075,0.293291569962477,7.346866740747799,32,7,25,21.875,179.4818615728139,-204.63548857350037,286.85692106978,-380.04205159069795,0.24558262885246065,9.125,5,45,11.11111111111111,3.528641580309433,-8.580742965345756,-1.2192829636405527,-2.1209335022495477,1,
21,33,0.45,0.5,-0.1,20,60,5,10000,6264.8850586225635,-3735.1149413774365,-37.351149413774365,-11.57432255803209,-2.1287211575926333,-1.2024373732182898,-38.72848833307503,0.29885810307104993,6.6189774869127636,35,5,30,14.285714285714285,135.49101359912606,-142.7956669791023,341.3412742325974,-440.7516428988891,0.15814090215467902,10.457142857142857,4,45,8.88888888888889,1.426620147221569,-5.860077018927312,-1.0212850987440258,-1.2136515549236826,2,
21,36,0.55,0.1,-0.1,20,25,8,10000,6930.498727635335,-3069.501272364665,-30.695012723646652,-9.194236485650976,-2.1480697915137963,-1.078763993319514,-31.910797141615095,0.28812305893984413,5.35751440257106,40,15,25,37.5,87.05127677810141,-170.17481696144725,143.32986359586906,-263.4204685715984,0.30692417949650924,7.35,3,45,6.666666666666667,2.0768935625264273,-4.428293046904219,-0.801274769609647,-2.1480697915137963,1,
21,39,0.55,0.1,-0.1,15,50,8,10000,5368.264004860704,-4631.735995139296,-46.31735995139296,-15.094986726166749,-2.163642112485129,-1.6184794479099156,-48.35358383721951,0.3119990926389097,8.326644598019696,103,49,54,47.57281553398058,64.73335667602703,-140.15080717458628,161.34884380373612,-272.64817064625925,0.41911658261804136,7.553398058252427,5,45,11.11111111111111,2.880130817678417,-7.718015911444487,-1.3573354994445996,-2.163642112485129,1,
21,30,0.45,0.30000000000000004,-0.1,20,35,2,10000,5459.996796626424,-4540.003203373576,-45.40003203373576,-14.71572166456716,-2.1826667616361393,-1.123303282750289,-46.893079121213326,0.31381436110281175,8.063568820975513,33,6,27,18.181818181818183,202.88967217579872,-205.91634208994026,341.20172194202644,-354.2806462605788,0.21895587965112165,9.636363636363637,1,45,2.2222222222222223,2.0698800382592752,-5.755837735480496,-1.3245097413258393,-2.1826667616361393,1,
21,42,0.55,0.4,-0.1,20,40,14,10000,7544.700256217116,-2455.2997437828844,-24.552997437828843,-7.143145444828103,-2.184177793817492,-1.0567830312612407,-25.248169592496083,0.2826657855233403,4.266646161879183,44,20,24,45.45454545454545,42.159247041206584,-133.1576951919582,149.81488294755465,-276.84693124251544,0.2638428505166401,6.659090909090909,4,45,8.88888888888889,1.3052703273874755,-5.7225537038287255,-0.6207543278460931,-2.184177793817492,1,
28,39,0.55,0.6,-0.1,15,30,14,10000,4689.121868267169,-5310.878131732831,-53.108781317328315,-18.062770242230243,-2.2339656317430823,-1.7717331702356023,-58.72323216727702,0.30725736100391127,9.599966163612507,122,54,68,44.26229508196721,67.55097941682781,-127.47222440961144,223.090826170184,-297.95843649246,0.4208244194330196,10.60655737704918,10,45,22.22222222222222,6.941346264159387,-17.46424778359582,-1.5927932743030428,-2.2339656317430823,1,
21,30,0.55,0.1,-0.3,5,55,2,10000,2965.4897721886528,-7034.510227811347,-70.34510227811347,-27.366660393240096,-2.2729546977599178,-2.2251134753076403,-73.6792624431284,0.37142961921427886,14.488886067380266,93,53,40,56.98924731182796,85.45140529459066,-277.55833620207306,667.4807472577402,-555.1902120785398,0.4079254601558855,11.096774193548388,11,45,24.444444444444443,3.24942815210838,-12.429902222518486,-2.747538730564979,-2.2729546977599178,1,
28,42,0.55,0.1,-0.1,20,40,2,10000,6614.6962601575715,-3385.3037398424285,-33.853037398424284,-10.301436718670399,-2.2889851332478632,-1.177549634252749,-34.521531287221165,0.2981395090669202,5.554692696955789,42,15,27,35.714285714285715,85.5646951447393,-167.7657098893897,136.4674755637736,-263.88510649659827,0.2833471856580138,8.69047619047619,2,45,4.444444444444445,1.5011342023643959,-5.779273518932593,-0.9125411311333674,-2.2889851332478632,1,
21,33,0.55,0.5,-0.1,20,45,14,10000,6665.736582372776,-3334.263417627224,-33.34263417627224,-10.119888094212259,-2.3685704931546097,-1.1183540248403125,-35.08447745095005,0.2884434607401634,5.292872539994255,49,16,33,32.6530612244898,41.14381338462354,-115.70801308427863,153.67514735562256,-455.00327537478773,0.17240392474714408,5.8979591836734695,3,45,6.666666666666667,1.6043911161744973,-5.207511562237144,-0.9266858830892826,-2.123654270793323,2,
21,33,0.55,0.5,-0.1,20,45,14,10000,6665.736582372776,-3334.263417627224,-33.34263417627224,-10.11988809421226,-2.368570493154628,-1.1183540248403123,-35.08447745095005,0.2884434607401634,5.292872539994215,49,16,33,32.6530612244898,41.14381338462354,-115.70801308427863,153.67514735562256,-455.0032753747877,0.172403924747144,5.8979591836734695,3,45,6.666666666666667,1.6043911161744973,-5.207511562237144,-0.9266858830892826,-2.368570493154628,1,
28,33,0.5,0.5,-0.1,5,55,11,10000,3443.017263876808,-6556.982736123192,-65.56982736123192,-24.457252689894517,-2.4484555228659324,-2.195129131595165,-68.67508859187637,0.3561299037448578,11.981618271653389,88,26,62,29.545454545454547,131.5466060083058,-153.39228822108527,414.3664768691432,-293.3351217306522,0.35963154592171753,11.113636363636363,10,45,22.22222222222222,6.932975279316156,-11.279371405710092,-2.3053459195208545,-2.4484555228659324,1,
21,30,0.5,0.2,-0.5,20,55,5,10000,3844.3129257756323,-6155.687074224368,-61.55687074224369,-22.23442440605168,-2.4877000481386466,-1.6508069663695037,-64.02341188405113,0.3472858404722179,10.686233175440599,27,5,22,18.51851851851852,209.91117169190343,-321.1292242129048,344.54748944586316,-711.434949627163,0.14856039525011708,16.333333333333332,4,45,8.88888888888889,5.914177373261409,-11.809594597256169,-1.9772584857929152,-2.4877000481386466,1,
28,33,0.55,0.30000000000000004,-0.1,15,35,11,10000,3039.6054378764434,-6960.394562123556,-69.60394562123557,-26.893482971991833,-2.974060866034183,-2.2059376861003326,-71.70356443096405,0.3750647988759999,11.003736353752304,72,11,61,15.277777777777779,147.7963986889725,-135.162481789141,321.629094182991,-325.36945352955365,0.1971834879536223,9.402777777777779,4,45,8.88888888888889,5.407879617518074,-12.301411786936733,-2.532740300086045,-2.974060866034183,1,
21,30,0.55,0.2,-0.4,5,30,14,10000,4064.8044087809644,-5935.195591219035,-59.35195591219035,-21.08516440126763,-3.1122166162210876,-3.4815156298221632,-61.250293145104315,0.34424593448583274,8.148852789238013,139,39,100,28.05755395683453,42.131257379188696,-68.4941336866568,151.30416559728943,-352.87718197646797,0.23989193662996164,7.179856115107913,3,45,6.666666666666667,2.1634378862138703,-7.803428834225967,-1.9797836132748958,-3.1122166162210876,1,
21,30,0.5,0.1,-0.1,5,40,8,10000,2323.44678060985,-7676.55321939015,-76.76553219390149,-31.881908504345024,-3.5215374940203885,-3.020636367919211,-78.72485643797671,0.4049789348229952,11.290432344594265,144,55,89,38.19444444444444,49.741787410817324,-110.9017025503948,131.07150149821678,-287.3363284031267,0.27717614896796866,6.652777777777778,6,45,13.333333333333334,4.058884343584057,-11.93843880540758,-3.116630778737073,-1.8409256443723667,2,
21,30,0.5,0.30000000000000004,-0.1,10,50,14,10000,2587.4649977809463,-7412.535002219054,-74.12535002219055,-29.925856636212643,-3.8096146006508835,-3.248733504962924,-74.96038981082366,0.39922226540891864,9.73720117492229,156,53,103,33.97435897435898,33.00515319013185,-83.05541865335996,222.1858378130736,-259.2342504409891,0.20448074841061503,6.006410256410256,3,45,6.666666666666667,2.4865986084623426,-10.699159742570108,-2.903649867743922,-3.8096146006508835,1,
28,36,0.55,0.1,-0.1,5,30,11,10000,1535.3969322584476,-8464.603067741553,-84.64603067741552,-38.91466487610763,-3.9268122173102644,-3.4364046989633996,-84.92194822324088,0.4580680855611726,12.843631716281346,147,54,93,36.734693877551024,62.82499037249695,-120.63282309523025,156.87859840253017,-434.5012078612944,0.30239718952033556,6.7687074829931975,5,45,11.11111111111111,5.650775198915414,-13.271492064700752,-3.9808445434333346,-3.9268122173102644,1,
28,30,0.5,0.6,-0.19999999999999996,10,35,8,10000,10000.0,0.0,0.0,0.0,,,0.0,,0.0,0,0,0,0.0,0.0,0.0,0.0,0.0,0.0,,0,45,0.0,0.0,0.0,0.0,-1.841009087890913,1,True
28,30,0.5,0.1,-0.4,10,60,8,10000,10000.0,0.0,0.0,0.0,,,0.0,,0.0,0,0,0,0.0,0.0,0.0,0.0,0.0,0.0,,0,45,0.0,0.0,0.0,0.0,-0.49011745905230014,1,True
28,30,0.45,0.1,-0.3,10,25,2,10000,10000.0,0.0,0.0,0.0,,,0.0,,0.0,0,0,0,0.0,0.0,0.0,0.0,0.0,0.0,,0,45,0.0,0.0,0.0,0.0,,0,True
28,30,0.55,0.1,-0.4,5,25,8,10000,10000.0,0.0,0.0,0.0,,,0.0,,0.0,0,0,0,0.0,0.0,0.0,0.0,0.0,0.0,,0,45,0.0,0.0,0.0,0.0,,0,True
28,30,0.5,0.4,-0.3,20,45,8,10000,10000.0,0.0,0.0,0.0,,,0.0,,0.0,0,0,0,0.0,0.0,0.0,0.0,0.0,0.0,,0,45,0.0,0.0,0.0,0.0,,0,True
28,30,0.45,0.4,-0.5,20,30,14,10000,10000.0,0.0,0.0,0.0,,,0.0,,0.0,0,0,0,0.0,0.0,0.0,0.0,0.0,0.0,,0,45,0.0,0.0,0.0,0.0,,0,True
28,30,0.45,0.6,-0.4,10,30,11,10000,10000.0,0.0,0.0,0.0,,,0.0,,0.0,0,0,0,0.0,0.0,0.0,0.0,0.0,0.0,,0,45,0.0,0.0,0.0,0.0,,0,True
28,30,0.5,0.30000000000000004,-0.5,5,35,5,10000,10000.0,0.0,0.0,0.0,,,0.0,,0.0,0,0,0,0.0,0.0,0.0,0.0,0.0,0.0,,0,45,0.0,0.0,0.0,0.0,,0,True
28,30,0.55,0.5,-0.4,15,55,2,10000,10000.0,0.0,0.0,0.0,,,0.0,,0.0,0,0,0,0.0,0.0,0.0,0.0,0.0,0.0,,0,45,0.0,0.0,0.0,0.0,,0,True
28,30,0.55,0.5,-0.5,20,40,8,10000,10000.0,0.0,0.0,0.0,,,0.0,,0.0,0,0,0,0.0,0.0,0.0,0.0,0.0,0.0,,0,45,0.0,0.0,0.0,0.0,,0,True
28,30,0.5,0.5,-0.1,20,40,14,10000,10000.0,0.0,0.0,0.0,,,0.0,,0.0,0,0,0,0.0,0.0,0.0,0.0,0.0,0.0,,0,45,0.0,0.0,0.0,0.0,-2.3685704931546097,1,True
