near_dte,far_dte,target_delta,profit_target,stop_loss,vix_min,vix_max,dte_exit,initial_capital,final_value,total_pnl,total_return_pct,annualized_return_pct,sharpe_ratio,sortino_ratio,max_drawdown_pct,calmar_ratio,volatility_pct,total_trades,winning_trades,losing_trades,win_rate_pct,avg_win,avg_loss,largest_win,largest_loss,profit_factor,avg_days_in_trade,positive_months,total_months,positive_months_pct,best_month_pct,worst_month_pct,avg_monthly_return_pct,stability_score,stability_n
7,39,0.45,0.4,-0.1999999999999999,10,30,5,10000,17384.44609597815,7384.44609597815,73.8444609597815,15.817172197129617,2.369289271166344,2.871904255187545,-4.150572805462822,3.811804138808727,5.425227565784646,296,209,87,70.6081081081081,63.09267184414108,-60.78646344192619,639.5422523691113,-333.37466906773125,2.493440882535818,2.4695945945945947,28,45,62.22222222222222,8.004040501771815,-1.7349057847768967,1.18709877905855,1.8805221903086031,186
7,39,0.45,0.5,-0.1999999999999999,10,30,5,10000,17384.44609597815,7384.44609597815,73.8444609597815,15.817172197129617,2.369289271166344,2.871904255187545,-4.150572805462822,3.811804138808727,5.425227565784646,296,209,87,70.6081081081081,63.09267184414108,-60.78646344192619,639.5422523691113,-333.37466906773125,2.493440882535818,2.4695945945945947,28,45,62.22222222222222,8.004040501771815,-1.7349057847768967,1.18709877905855,1.8508211968774049,169
7,39,0.45,0.6,-0.1999999999999999,10,30,5,10000,17384.44609597815,7384.44609597815,73.8444609597815,15.817172197129617,2.369289271166344,2.871904255187545,-4.150572805462822,3.811804138808727,5.425227565784646,296,209,87,70.6081081081081,63.09267184414108,-60.78646344192619,639.5422523691113,-333.37466906773125,2.493440882535818,2.4695945945945947,28,45,62.22222222222222,8.004040501771815,-1.7349057847768967,1.18709877905855,1.853924667726239,85
7,39,0.45,0.3,-0.1999999999999999,10,30,5,10000,17384.44609597815,7384.44609597815,73.8444609597815,15.817172197129617,2.369289271166344,2.871904255187545,-4.150572805462822,3.811804138808727,5.425227565784646,296,209,87,70.6081081081081,63.09267184414108,-60.78646344192619,639.5422523691113,-333.37466906773125,2.493440882535818,2.4695945945945947,28,45,62.22222222222222,8.004040501771815,-1.7349057847768967,1.18709877905855,1.849129657546212,163
7,39,0.45,0.4,-0.1999999999999999,5,30,5,10000,17384.44609597815,7384.44609597815,73.8444609597815,15.817172197129617,2.369289271166344,2.871904255187545,-4.150572805462822,3.811804138808727,5.425227565784646,296,209,87,70.6081081081081,63.09267184414108,-60.78646344192619,639.5422523691113,-333.37466906773125,2.493440882535818,2.4695945945945947,28,45,62.22222222222222,8.004040501771815,-1.7349057847768967,1.18709877905855,1.964893868681583,165
7,39,0.45,0.2,-0.1999999999999999,10,30,5,10000,17384.44609597815,7384.44609597815,73.8444609597815,15.817172197129617,2.369289271166344,2.871904255187545,-4.150572805462822,3.811804138808727,5.425227565784646,296,209,87,70.6081081081081,63.09267184414108,-60.78646344192619,639.5422523691113,-333.37466906773125,2.493440882535818,2.4695945945945947,28,45,62.22222222222222,8.004040501771815,-1.7349057847768967,1.18709877905855,1.7978067041600794,86
7,39,0.45,0.3,-0.1999999999999999,5,30,5,10000,17384.44609597815,7384.44609597815,73.8444609597815,15.817172197129617,2.369289271166344,2.871904255187545,-4.150572805462822,3.811804138808727,5.425227565784646,296,209,87,70.6081081081081,63.09267184414108,-60.78646344192619,639.5422523691113,-333.37466906773125,2.493440882535818,2.4695945945945947,28,45,62.22222222222222,8.004040501771815,-1.7349057847768967,1.18709877905855,1.9354730624450456,144
7,39,0.45,0.5,-0.1999999999999999,5,30,5,10000,17384.44609597815,7384.44609597815,73.8444609597815,15.817172197129617,2.369289271166344,2.871904255187545,-4.150572805462822,3.811804138808727,5.425227565784646,296,209,87,70.6081081081081,63.09267184414108,-60.78646344192619,639.5422523691113,-333.37466906773125,2.493440882535818,2.4695945945945947,28,45,62.22222222222222,8.004040501771815,-1.7349057847768967,1.18709877905855,1.9345842570741765,148
7,39,0.45,0.3,-0.3,10,25,5,10000,17225.082756562697,7225.082756562697,72.25082756562698,15.534292245719584,2.363777130175713,2.945784340528194,-4.193225207961152,3.704616727054528,5.330619369129638,290,205,85,70.6896551724138,62.3796039534374,-59.571012398731845,639.5422523691113,-273.0836644471019,2.5254720563557567,2.4827586206896552,29,45,64.44444444444444,8.08718376884563,-1.7457604338653954,1.1885699437123212,1.9073647001026013,112
7,39,0.45,0.4,-0.3,5,25,5,10000,17225.082756562697,7225.082756562697,72.25082756562698,15.534292245719584,2.363777130175713,2.945784340528194,-4.193225207961152,3.704616727054528,5.330619369129638,290,205,85,70.6896551724138,62.3796039534374,-59.571012398731845,639.5422523691113,-273.0836644471019,2.5254720563557567,2.4827586206896552,29,45,64.44444444444444,8.08718376884563,-1.7457604338653954,1.1885699437123212,2.032323402215677,115
7,39,0.45,0.3,-0.3,5,40,5,10000,17263.61204000125,7263.612040001251,72.63612040001252,15.602859763389908,2.330061092186916,2.766674026261216,-4.123252800169162,3.785082196541247,5.437245239713416,296,209,87,70.6081081081081,62.79154996678773,-61.45197589721405,639.5422523691113,-332.98020903604424,2.4546658770309358,2.47972972972973,28,45,62.22222222222222,7.950794645416503,-2.630407638828791,1.1725052133000124,1.9843401514800911,143
7,39,0.45,0.4,-0.4,5,40,5,10000,17263.61204000125,7263.612040001251,72.63612040001252,15.602859763389908,2.330061092186916,2.766674026261216,-4.123252800169162,3.785082196541247,5.437245239713416,296,209,87,70.6081081081081,62.79154996678773,-61.45197589721405,639.5422523691113,-332.98020903604424,2.4546658770309358,2.47972972972973,28,45,62.22222222222222,7.950794645416503,-2.630407638828791,1.1725052133000124,1.9746892206573552,128
7,39,0.45,0.2,-0.5,5,45,5,10000,17263.61204000125,7263.612040001251,72.63612040001252,15.602859763389908,2.330061092186916,2.766674026261216,-4.123252800169162,3.785082196541247,5.437245239713416,296,209,87,70.6081081081081,62.79154996678773,-61.45197589721405,639.5422523691113,-332.98020903604424,2.4546658770309358,2.47972972972973,28,45,62.22222222222222,7.950794645416503,-2.630407638828791,1.1725052133000124,2.005270364168143,100
7,39,0.45,0.3,-0.5,10,50,5,10000,17263.61204000125,7263.612040001251,72.63612040001252,15.602859763389908,2.330061092186916,2.766674026261216,-4.123252800169162,3.785082196541247,5.437245239713416,296,209,87,70.6081081081081,62.79154996678773,-61.45197589721405,639.5422523691113,-332.98020903604424,2.4546658770309358,2.47972972972973,28,45,62.22222222222222,7.950794645416503,-2.630407638828791,1.1725052133000124,1.897967624219787,97
7,39,0.45,0.2,-0.4,5,40,5,10000,17263.61204000125,7263.612040001251,72.63612040001252,15.602859763389908,2.330061092186916,2.766674026261216,-4.123252800169162,3.785082196541247,5.437245239713416,296,209,87,70.6081081081081,62.79154996678773,-61.45197589721405,639.5422523691113,-332.98020903604424,2.4546658770309358,2.47972972972973,28,45,62.22222222222222,7.950794645416503,-2.630407638828791,1.1725052133000124,1.9876640900432436,134
7,39,0.45,0.3,-0.4,5,60,5,10000,17263.61204000125,7263.612040001251,72.63612040001252,15.602859763389908,2.330061092186916,2.766674026261216,-4.123252800169162,3.785082196541247,5.437245239713416,296,209,87,70.6081081081081,62.79154996678773,-61.45197589721405,639.5422523691113,-332.98020903604424,2.4546658770309358,2.47972972972973,28,45,62.22222222222222,7.950794645416503,-2.630407638828791,1.1725052133000124,1.9407242259819049,34
7,39,0.45,0.3,-0.4,5,40,5,10000,17263.61204000125,7263.612040001251,72.63612040001252,15.602859763389908,2.330061092186916,2.766674026261216,-4.123252800169162,3.785082196541247,5.437245239713416,296,209,87,70.6081081081081,62.79154996678773,-61.45197589721405,639.5422523691113,-332.98020903604424,2.4546658770309358,2.47972972972973,28,45,62.22222222222222,7.950794645416503,-2.630407638828791,1.1725052133000124,2.003137270080229,165
7,39,0.45,0.2,-0.4,10,45,5,10000,17263.61204000125,7263.612040001251,72.63612040001252,15.602859763389908,2.330061092186916,2.766674026261216,-4.123252800169162,3.785082196541247,5.437245239713416,296,209,87,70.6081081081081,62.79154996678773,-61.45197589721405,639.5422523691113,-332.98020903604424,2.4546658770309358,2.47972972972973,28,45,62.22222222222222,7.950794645416503,-2.630407638828791,1.1725052133000124,1.92777079689272,160
7,39,0.45,0.2,-0.4,5,50,5,10000,17263.61204000125,7263.612040001251,72.63612040001252,15.602859763389908,2.330061092186916,2.766674026261216,-4.123252800169162,3.785082196541247,5.437245239713416,296,209,87,70.6081081081081,62.79154996678773,-61.45197589721405,639.5422523691113,-332.98020903604424,2.4546658770309358,2.47972972972973,28,45,62.22222222222222,7.950794645416503,-2.630407638828791,1.1725052133000124,1.982366928800677,117
7,39,0.45,0.5,-0.4,10,35,5,10000,17263.61204000125,7263.612040001251,72.63612040001252,15.602859763389908,2.330061092186916,2.766674026261216,-4.123252800169162,3.785082196541247,5.437245239713416,296,209,87,70.6081081081081,62.79154996678773,-61.45197589721405,639.5422523691113,-332.98020903604424,2.4546658770309358,2.47972972972973,28,45,62.22222222222222,7.950794645416503,-2.630407638828791,1.1725052133000124,1.897967058829412,79
7,39,0.45,0.3,-0.3,10,45,5,10000,17263.61204000125,7263.612040001251,72.63612040001252,15.602859763389908,2.330061092186916,2.766674026261216,-4.123252800169162,3.785082196541247,5.437245239713416,296,209,87,70.6081081081081,62.79154996678773,-61.45197589721405,639.5422523691113,-332.98020903604424,2.4546658770309358,2.47972972972973,28,45,62.22222222222222,7.950794645416503,-2.630407638828791,1.1725052133000124,1.9538097606976224,154
7,39,0.45,0.2,-0.5,10,50,5,10000,17263.61204000125,7263.612040001251,72.63612040001252,15.602859763389908,2.330061092186916,2.766674026261216,-4.123252800169162,3.785082196541247,5.437245239713416,296,209,87,70.6081081081081,62.79154996678773,-61.45197589721405,639.5422523691113,-332.98020903604424,2.4546658770309358,2.47972972972973,28,45,62.22222222222222,7.950794645416503,-2.630407638828791,1.1725052133000124,1.895751071660834,83
7,39,0.45,0.2,-0.5,10,45,5,10000,17263.61204000125,7263.612040001251,72.63612040001252,15.602859763389908,2.330061092186916,2.766674026261216,-4.123252800169162,3.785082196541247,5.437245239713416,296,209,87,70.6081081081081,62.79154996678773,-61.45197589721405,639.5422523691113,-332.98020903604424,2.4546658770309358,2.47972972972973,28,45,62.22222222222222,7.950794645416503,-2.630407638828791,1.1725052133000124,1.917032362820929,115
7,39,0.45,0.2,-0.3,5,40,5,10000,17263.61204000125,7263.612040001251,72.63612040001252,15.602859763389908,2.330061092186916,2.766674026261216,-4.123252800169162,3.785082196541247,5.437245239713416,296,209,87,70.6081081081081,62.79154996678773,-61.45197589721405,639.5422523691113,-332.98020903604424,2.4546658770309358,2.47972972972973,28,45,62.22222222222222,7.950794645416503,-2.630407638828791,1.1725052133000124,1.9547073721789423,106
7,39,0.45,0.3,-0.3,10,50,5,10000,17263.61204000125,7263.612040001251,72.63612040001252,15.602859763389908,2.330061092186916,2.766674026261216,-4.123252800169162,3.785082196541247,5.437245239713416,296,209,87,70.6081081081081,62.79154996678773,-61.45197589721405,639.5422523691113,-332.98020903604424,2.4546658770309358,2.47972972972973,28,45,62.22222222222222,7.950794645416503,-2.630407638828791,1.1725052133000124,1.945468412392159,132
7,39,0.45,0.2,-0.3,5,55,5,10000,17263.61204000125,7263.612040001251,72.63612040001252,15.602859763389908,2.330061092186916,2.766674026261216,-4.123252800169162,3.785082196541247,5.437245239713416,296,209,87,70.6081081081081,62.79154996678773,-61.45197589721405,639.5422523691113,-332.98020903604424,2.4546658770309358,2.47972972972973,28,45,62.22222222222222,7.950794645416503,-2.630407638828791,1.1725052133000124,1.97298106957055,73
7,39,0.45,0.3,-0.4,5,35,5,10000,17263.61204000125,7263.612040001251,72.63612040001252,15.602859763389908,2.330061092186916,2.766674026261216,-4.123252800169162,3.785082196541247,5.437245239713416,296,209,87,70.6081081081081,62.79154996678773,-61.45197589721405,639.5422523691113,-332.98020903604424,2.4546658770309358,2.47972972972973,28,45,62.22222222222222,7.950794645416503,-2.630407638828791,1.1725052133000124,2.0348318185567384,105
7,39,0.45,0.3,-0.3,10,35,5,10000,17263.61204000125,7263.612040001251,72.63612040001252,15.602859763389908,2.330061092186916,2.766674026261216,-4.123252800169162,3.785082196541247,5.437245239713416,296,209,87,70.6081081081081,62.79154996678773,-61.45197589721405,639.5422523691113,-332.98020903604424,2.4546658770309358,2.47972972972973,28,45,62.22222222222222,7.950794645416503,-2.630407638828791,1.1725052133000124,1.9211727495970408,169
7,39,0.45,0.3,-0.4,10,50,5,10000,17263.61204000125,7263.612040001251,72.63612040001252,15.602859763389908,2.330061092186916,2.766674026261216,-4.123252800169162,3.785082196541247,5.437245239713416,296,209,87,70.6081081081081,62.79154996678773,-61.45197589721405,639.5422523691113,-332.98020903604424,2.4546658770309358,2.47972972972973,28,45,62.22222222222222,7.950794645416503,-2.630407638828791,1.1725052133000124,1.925200009866198,151
7,39,0.45,0.2,-0.3,10,50,5,10000,17263.61204000125,7263.612040001251,72.63612040001252,15.602859763389908,2.330061092186916,2.766674026261216,-4.123252800169162,3.785082196541247,5.437245239713416,296,209,87,70.6081081081081,62.79154996678773,-61.45197589721405,639.5422523691113,-332.98020903604424,2.4546658770309358,2.47972972972973,28,45,62.22222222222222,7.950794645416503,-2.630407638828791,1.1725052133000124,1.955345228242916,108
7,39,0.45,0.3,-0.4,10,40,5,10000,17263.61204000125,7263.612040001251,72.63612040001252,15.602859763389908,2.330061092186916,2.766674026261216,-4.123252800169162,3.785082196541247,5.437245239713416,296,209,87,70.6081081081081,62.79154996678773,-61.45197589721405,639.5422523691113,-332.98020903604424,2.4546658770309358,2.47972972972973,28,45,62.22222222222222,7.950794645416503,-2.630407638828791,1.1725052133000124,1.9170946906583308,185
7,39,0.45,0.3,-0.4,10,35,5,10000,17263.61204000125,7263.612040001251,72.63612040001252,15.602859763389908,2.330061092186916,2.766674026261216,-4.123252800169162,3.785082196541247,5.437245239713416,296,209,87,70.6081081081081,62.79154996678773,-61.45197589721405,639.5422523691113,-332.98020903604424,2.4546658770309358,2.47972972972973,28,45,62.22222222222222,7.950794645416503,-2.630407638828791,1.1725052133000124,1.9229559296685723,121
7,39,0.45,0.4,-0.5,10,45,5,10000,17263.61204000125,7263.612040001251,72.63612040001252,15.602859763389908,2.330061092186916,2.766674026261216,-4.123252800169162,3.785082196541247,5.437245239713416,296,209,87,70.6081081081081,62.79154996678773,-61.45197589721405,639.5422523691113,-332.98020903604424,2.4546658770309358,2.47972972972973,28,45,62.22222222222222,7.950794645416503,-2.630407638828791,1.1725052133000124,1.9322859578511395,104
7,39,0.45,0.3,-0.4,10,45,5,10000,17263.61204000125,7263.612040001251,72.63612040001252,15.602859763389908,2.330061092186916,2.766674026261216,-4.123252800169162,3.785082196541247,5.437245239713416,296,209,87,70.6081081081081,62.79154996678773,-61.45197589721405,639.5422523691113,-332.98020903604424,2.4546658770309358,2.47972972972973,28,45,62.22222222222222,7.950794645416503,-2.630407638828791,1.1725052133000124,1.955668197279295,188
7,39,0.45,0.6,-0.5,10,40,5,10000,17263.61204000125,7263.612040001251,72.63612040001252,15.602859763389908,2.330061092186916,2.766674026261216,-4.123252800169162,3.785082196541247,5.437245239713416,296,209,87,70.6081081081081,62.79154996678773,-61.45197589721405,639.5422523691113,-332.98020903604424,2.4546658770309358,2.47972972972973,28,45,62.22222222222222,7.950794645416503,-2.630407638828791,1.1725052133000124,1.8720481979771857,27
7,39,0.45,0.4,-0.5,10,40,5,10000,17263.61204000125,7263.612040001251,72.63612040001252,15.602859763389908,2.330061092186916,2.766674026261216,-4.123252800169162,3.785082196541247,5.437245239713416,296,209,87,70.6081081081081,62.79154996678773,-61.45197589721405,639.5422523691113,-332.98020903604424,2.4546658770309358,2.47972972972973,28,45,62.22222222222222,7.950794645416503,-2.630407638828791,1.1725052133000124,1.8979004203984249,110
7,39,0.45,0.3,-0.5,5,35,5,10000,17263.61204000125,7263.612040001251,72.63612040001252,15.602859763389908,2.330061092186916,2.766674026261216,-4.123252800169162,3.785082196541247,5.437245239713416,296,209,87,70.6081081081081,62.79154996678773,-61.45197589721405,639.5422523691113,-332.98020903604424,2.4546658770309358,2.47972972972973,28,45,62.22222222222222,7.950794645416503,-2.630407638828791,1.1725052133000124,2.0365197474043657,83
7,39,0.45,0.4,-0.3,10,60,5,10000,17263.61204000125,7263.612040001251,72.63612040001252,15.602859763389908,2.330061092186916,2.766674026261216,-4.123252800169162,3.785082196541247,5.437245239713416,296,209,87,70.6081081081081,62.79154996678773,-61.45197589721405,639.5422523691113,-332.98020903604424,2.4546658770309358,2.47972972972973,28,45,62.22222222222222,7.950794645416503,-2.630407638828791,1.1725052133000124,1.8410727355409435,38
7,39,0.45,0.2,-0.5,10,40,5,10000,17263.61204000125,7263.612040001251,72.63612040001252,15.602859763389908,2.330061092186916,2.766674026261216,-4.123252800169162,3.785082196541247,5.437245239713416,296,209,87,70.6081081081081,62.79154996678773,-61.45197589721405,639.5422523691113,-332.98020903604424,2.4546658770309358,2.47972972972973,28,45,62.22222222222222,7.950794645416503,-2.630407638828791,1.1725052133000124,1.893203164578036,119
7,39,0.45,0.3,-0.5,10,45,5,10000,17263.61204000125,7263.612040001251,72.63612040001252,15.602859763389908,2.330061092186916,2.766674026261216,-4.123252800169162,3.785082196541247,5.437245239713416,296,209,87,70.6081081081081,62.79154996678773,-61.45197589721405,639.5422523691113,-332.98020903604424,2.4546658770309358,2.47972972972973,28,45,62.22222222222222,7.950794645416503,-2.630407638828791,1.1725052133000124,1.954425151442532,134
7,39,0.45,0.3,-0.3,5,45,5,10000,17263.61204000125,7263.612040001251,72.63612040001252,15.602859763389908,2.330061092186916,2.766674026261216,-4.123252800169162,3.785082196541247,5.437245239713416,296,209,87,70.6081081081081,62.79154996678773,-61.45197589721405,639.5422523691113,-332.98020903604424,2.4546658770309358,2.47972972972973,28,45,62.22222222222222,7.950794645416503,-2.630407638828791,1.1725052133000124,1.9961930329976487,143
7,39,0.45,0.2,-0.3,5,45,5,10000,17263.61204000125,7263.612040001251,72.63612040001252,15.602859763389908,2.330061092186916,2.766674026261216,-4.123252800169162,3.785082196541247,5.437245239713416,296,209,87,70.6081081081081,62.79154996678773,-61.45197589721405,639.5422523691113,-332.98020903604424,2.4546658770309358,2.47972972972973,28,45,62.22222222222222,7.950794645416503,-2.630407638828791,1.1725052133000124,1.9780447418541736,116
7,39,0.45,0.4,-0.3,5,35,5,10000,17263.61204000125,7263.612040001251,72.63612040001252,15.602859763389908,2.330061092186916,2.766674026261216,-4.123252800169162,3.785082196541247,5.437245239713416,296,209,87,70.6081081081081,62.79154996678773,-61.45197589721405,639.5422523691113,-332.98020903604424,2.4546658770309358,2.47972972972973,28,45,62.22222222222222,7.950794645416503,-2.630407638828791,1.1725052133000124,2.024671915596385,161
7,39,0.45,0.2,-0.4,10,35,5,10000,17263.61204000125,7263.612040001251,72.63612040001252,15.602859763389908,2.330061092186916,2.766674026261216,-4.123252800169162,3.785082196541247,5.437245239713416,296,209,87,70.6081081081081,62.79154996678773,-61.45197589721405,639.5422523691113,-332.98020903604424,2.4546658770309358,2.47972972972973,28,45,62.22222222222222,7.950794645416503,-2.630407638828791,1.1725052133000124,1.865328820470328,98
7,39,0.45,0.3,-0.3,10,55,5,10000,17263.61204000125,7263.612040001251,72.63612040001252,15.602859763389908,2.330061092186916,2.766674026261216,-4.123252800169162,3.785082196541247,5.437245239713416,296,209,87,70.6081081081081,62.79154996678773,-61.45197589721405,639.5422523691113,-332.98020903604424,2.4546658770309358,2.47972972972973,28,45,62.22222222222222,7.950794645416503,-2.630407638828791,1.1725052133000124,1.9189246052128903,94
7,39,0.45,0.4,-0.3,10,50,5,10000,17263.61204000125,7263.612040001251,72.63612040001252,15.602859763389908,2.330061092186916,2.766674026261216,-4.123252800169162,3.785082196541247,5.437245239713416,296,209,87,70.6081081081081,62.79154996678773,-61.45197589721405,639.5422523691113,-332.98020903604424,2.4546658770309358,2.47972972972973,28,45,62.22222222222222,7.950794645416503,-2.630407638828791,1.1725052133000124,1.938722079156372,110
7,39,0.45,0.4,-0.4,10,50,5,10000,17263.61204000125,7263.612040001251,72.63612040001252,15.602859763389908,2.330061092186916,2.766674026261216,-4.123252800169162,3.785082196541247,5.437245239713416,296,209,87,70.6081081081081,62.79154996678773,-61.45197589721405,639.5422523691113,-332.98020903604424,2.4546658770309358,2.47972972972973,28,45,62.22222222222222,7.950794645416503,-2.630407638828791,1.1725052133000124,1.9070563694800649,117
7,39,0.45,0.5,-0.5,10,35,5,10000,17263.61204000125,7263.612040001251,72.63612040001252,15.602859763389908,2.330061092186916,2.766674026261216,-4.123252800169162,3.785082196541247,5.437245239713416,296,209,87,70.6081081081081,62.79154996678773,-61.45197589721405,639.5422523691113,-332.98020903604424,2.4546658770309358,2.47972972972973,28,45,62.22222222222222,7.950794645416503,-2.630407638828791,1.1725052133000124,1.8853334674643496,56
7,39,0.45,0.2,-0.5,10,35,5,10000,17263.61204000125,7263.612040001251,72.63612040001252,15.602859763389908,2.330061092186916,2.766674026261216,-4.123252800169162,3.785082196541247,5.437245239713416,296,209,87,70.6081081081081,62.79154996678773,-61.45197589721405,639.5422523691113,-332.98020903604424,2.4546658770309358,2.47972972972973,28,45,62.22222222222222,7.950794645416503,-2.630407638828791,1.1725052133000124,1.8839361188030976,78
7,39,0.45,0.4,-0.4,10,45,5,10000,17263.61204000125,7263.612040001251,72.63612040001252,15.602859763389908,2.330061092186916,2.766674026261216,-4.123252800169162,3.785082196541247,5.437245239713416,296,209,87,70.6081081081081,62.79154996678773,-61.45197589721405,639.5422523691113,-332.98020903604424,2.4546658770309358,2.47972972972973,28,45,62.22222222222222,7.950794645416503,-2.630407638828791,1.1725052133000124,1.929030118864696,144
7,39,0.45,0.4,-0.3,5,55,5,10000,17263.61204000125,7263.612040001251,72.63612040001252,15.602859763389908,2.330061092186916,2.766674026261216,-4.123252800169162,3.785082196541247,5.437245239713416,296,209,87,70.6081081081081,62.79154996678773,-61.45197589721405,639.5422523691113,-332.98020903604424,2.4546658770309358,2.47972972972973,28,45,62.22222222222222,7.950794645416503,-2.630407638828791,1.1725052133000124,2.000257634646672,74
7,39,0.45,0.3,-0.5,10,40,5,10000,17263.61204000125,7263.612040001251,72.63612040001252,15.602859763389908,2.330061092186916,2.766674026261216,-4.123252800169162,3.785082196541247,5.437245239713416,296,209,87,70.6081081081081,62.79154996678773,-61.45197589721405,639.5422523691113,-332.98020903604424,2.4546658770309358,2.47972972972973,28,45,62.22222222222222,7.950794645416503,-2.630407638828791,1.1725052133000124,1.9047204531237611,144
7,39,0.45,0.5,-0.4,5,55,5,10000,17263.61204000125,7263.612040001251,72.63612040001252,15.602859763389908,2.330061092186916,2.766674026261216,-4.123252800169162,3.785082196541247,5.437245239713416,296,209,87,70.6081081081081,62.79154996678773,-61.45197589721405,639.5422523691113,-332.98020903604424,2.4546658770309358,2.47972972972973,28,45,62.22222222222222,7.950794645416503,-2.630407638828791,1.1725052133000124,1.9881853883770653,20
7,39,0.45,0.4,-0.4,10,40,5,10000,17263.61204000125,7263.612040001251,72.63612040001252,15.602859763389908,2.330061092186916,2.766674026261216,-4.123252800169162,3.785082196541247,5.437245239713416,296,209,87,70.6081081081081,62.79154996678773,-61.45197589721405,639.5422523691113,-332.98020903604424,2.4546658770309358,2.47972972972973,28,45,62.22222222222222,7.950794645416503,-2.630407638828791,1.1725052133000124,1.8984516488226244,144
7,39,0.45,0.4,-0.3,5,45,5,10000,17263.61204000125,7263.612040001251,72.63612040001252,15.602859763389908,2.330061092186916,2.766674026261216,-4.123252800169162,3.785082196541247,5.437245239713416,296,209,87,70.6081081081081,62.79154996678773,-61.45197589721405,639.5422523691113,-332.98020903604424,2.4546658770309358,2.47972972972973,28,45,62.22222222222222,7.950794645416503,-2.630407638828791,1.1725052133000124,1.981032470934243,118
7,39,0.45,0.2,-0.4,10,40,5,10000,17263.61204000125,7263.612040001251,72.63612040001252,15.602859763389908,2.330061092186916,2.766674026261216,-4.123252800169162,3.785082196541247,5.437245239713416,296,209,87,70.6081081081081,62.79154996678773,-61.45197589721405,639.5422523691113,-332.98020903604424,2.4546658770309358,2.47972972972973,28,45,62.22222222222222,7.950794645416503,-2.630407638828791,1.1725052133000124,1.897831117772713,152
7,39,0.45,0.3,-0.4,5,50,5,10000,17263.61204000125,7263.612040001251,72.63612040001252,15.602859763389908,2.330061092186916,2.766674026261216,-4.123252800169162,3.785082196541247,5.437245239713416,296,209,87,70.6081081081081,62.79154996678773,-61.45197589721405,639.5422523691113,-332.98020903604424,2.4546658770309358,2.47972972972973,28,45,62.22222222222222,7.950794645416503,-2.630407638828791,1.1725052133000124,1.983058957246967,138
7,39,0.45,0.4,-0.3,10,35,5,10000,17263.61204000125,7263.612040001251,72.63612040001252,15.602859763389908,2.330061092186916,2.766674026261216,-4.123252800169162,3.785082196541247,5.437245239713416,296,209,87,70.6081081081081,62.79154996678773,-61.45197589721405,639.5422523691113,-332.98020903604424,2.4546658770309358,2.47972972972973,28,45,62.22222222222222,7.950794645416503,-2.630407638828791,1.1725052133000124,1.929291873172729,183
7,39,0.45,0.3,-0.3,10,60,5,10000,17263.61204000125,7263.612040001251,72.63612040001252,15.602859763389908,2.330061092186916,2.766674026261216,-4.123252800169162,3.785082196541247,5.437245239713416,296,209,87,70.6081081081081,62.79154996678773,-61.45197589721405,639.5422523691113,-332.98020903604424,2.4546658770309358,2.47972972972973,28,45,62.22222222222222,7.950794645416503,-2.630407638828791,1.1725052133000124,1.815138846169596,44
7,39,0.45,0.3,-0.4,5,45,5,10000,17263.61204000125,7263.612040001251,72.63612040001252,15.602859763389908,2.330061092186916,2.766674026261216,-4.123252800169162,3.785082196541247,5.437245239713416,296,209,87,70.6081081081081,62.79154996678773,-61.45197589721405,639.5422523691113,-332.98020903604424,2.4546658770309358,2.47972972972973,28,45,62.22222222222222,7.950794645416503,-2.630407638828791,1.1725052133000124,2.006929794847102,172
7,39,0.45,0.4,-0.4,10,35,5,10000,17263.61204000125,7263.612040001251,72.63612040001252,15.602859763389908,2.330061092186916,2.766674026261216,-4.123252800169162,3.785082196541247,5.437245239713416,296,209,87,70.6081081081081,62.79154996678773,-61.45197589721405,639.5422523691113,-332.98020903604424,2.4546658770309358,2.47972972972973,28,45,62.22222222222222,7.950794645416503,-2.630407638828791,1.1725052133000124,1.9128122945294148,106
7,39,0.45,0.5,-0.4,10,50,5,10000,17263.61204000125,7263.612040001251,72.63612040001252,15.602859763389908,2.330061092186916,2.766674026261216,-4.123252800169162,3.785082196541247,5.437245239713416,296,209,87,70.6081081081081,62.79154996678773,-61.45197589721405,639.5422523691113,-332.98020903604424,2.4546658770309358,2.47972972972973,28,45,62.22222222222222,7.950794645416503,-2.630407638828791,1.1725052133000124,1.836772364853632,44
7,39,0.45,0.6,-0.4,10,35,5,10000,17263.61204000125,7263.612040001251,72.63612040001252,15.602859763389908,2.330061092186916,2.766674026261216,-4.123252800169162,3.785082196541247,5.437245239713416,296,209,87,70.6081081081081,62.79154996678773,-61.45197589721405,639.5422523691113,-332.98020903604424,2.4546658770309358,2.47972972972973,28,45,62.22222222222222,7.950794645416503,-2.630407638828791,1.1725052133000124,1.817155990030057,47
7,39,0.45,0.3,-0.3,5,50,5,10000,17263.61204000125,7263.612040001251,72.63612040001252,15.602859763389908,2.330061092186916,2.766674026261216,-4.123252800169162,3.785082196541247,5.437245239713416,296,209,87,70.6081081081081,62.79154996678773,-61.45197589721405,639.5422523691113,-332.98020903604424,2.4546658770309358,2.47972972972973,28,45,62.22222222222222,7.950794645416503,-2.630407638828791,1.1725052133000124,1.9943042290239996,123
7,39,0.45,0.4,-0.3,10,30,5,10000,17237.567902114042,7237.567902114042,72.37567902114043,15.556523397483836,2.3211877846780427,2.759112726286164,-4.150572805462822,3.749003698883341,5.440809687743042,295,208,87,70.50847457627118,62.70709230260657,-60.872497664693846,639.5422523691113,-332.98020903604424,2.4628594248153584,2.477966101694915,29,45,64.44444444444444,8.004040501771815,-2.6349875087868124,1.1687512620654985,1.928524840073488,188
7,39,0.45,0.4,-0.4,10,30,5,10000,17237.567902114042,7237.567902114042,72.37567902114043,15.556523397483836,2.3211877846780427,2.759112726286164,-4.150572805462822,3.749003698883341,5.440809687743042,295,208,87,70.50847457627118,62.70709230260657,-60.872497664693846,639.5422523691113,-332.98020903604424,2.4628594248153584,2.477966101694915,29,45,64.44444444444444,8.004040501771815,-2.6349875087868124,1.1687512620654985,1.879696049894975,76
7,39,0.45,0.5,-0.4,5,30,5,10000,17237.567902114042,7237.567902114042,72.37567902114043,15.556523397483836,2.3211877846780427,2.759112726286164,-4.150572805462822,3.749003698883341,5.440809687743042,295,208,87,70.50847457627118,62.70709230260657,-60.872497664693846,639.5422523691113,-332.98020903604424,2.4628594248153584,2.477966101694915,29,45,64.44444444444444,8.004040501771815,-2.6349875087868124,1.1687512620654985,2.001279073448517,52
7,39,0.45,0.5,-0.3,5,30,5,10000,17237.567902114042,7237.567902114042,72.37567902114043,15.556523397483836,2.3211877846780427,2.759112726286164,-4.150572805462822,3.749003698883341,5.440809687743042,295,208,87,70.50847457627118,62.70709230260657,-60.872497664693846,639.5422523691113,-332.98020903604424,2.4628594248153584,2.477966101694915,29,45,64.44444444444444,8.004040501771815,-2.6349875087868124,1.1687512620654985,2.020181506069702,145
7,39,0.45,0.3,-0.5,10,30,5,10000,17237.567902114042,7237.567902114042,72.37567902114043,15.556523397483836,2.3211877846780427,2.759112726286164,-4.150572805462822,3.749003698883341,5.440809687743042,295,208,87,70.50847457627118,62.70709230260657,-60.872497664693846,639.5422523691113,-332.98020903604424,2.4628594248153584,2.477966101694915,29,45,64.44444444444444,8.004040501771815,-2.6349875087868124,1.1687512620654985,1.840977253118978,50
7,39,0.45,0.3,-0.3,5,30,5,10000,17237.567902114042,7237.567902114042,72.37567902114043,15.556523397483836,2.3211877846780427,2.759112726286164,-4.150572805462822,3.749003698883341,5.440809687743042,295,208,87,70.50847457627118,62.70709230260657,-60.872497664693846,639.5422523691113,-332.98020903604424,2.4628594248153584,2.477966101694915,29,45,64.44444444444444,8.004040501771815,-2.6349875087868124,1.1687512620654985,2.0014162816949392,145
7,39,0.45,0.3,-0.4,10,30,5,10000,17237.567902114042,7237.567902114042,72.37567902114043,15.556523397483836,2.3211877846780427,2.759112726286164,-4.150572805462822,3.749003698883341,5.440809687743042,295,208,87,70.50847457627118,62.70709230260657,-60.872497664693846,639.5422523691113,-332.98020903604424,2.4628594248153584,2.477966101694915,29,45,64.44444444444444,8.004040501771815,-2.6349875087868124,1.1687512620654985,1.8344176377777,80
7,39,0.45,0.6,-0.3,10,30,5,10000,17237.567902114042,7237.567902114042,72.37567902114043,15.556523397483836,2.3211877846780427,2.759112726286164,-4.150572805462822,3.749003698883341,5.440809687743042,295,208,87,70.50847457627118,62.70709230260657,-60.872497664693846,639.5422523691113,-332.98020903604424,2.4628594248153584,2.477966101694915,29,45,64.44444444444444,8.004040501771815,-2.6349875087868124,1.1687512620654985,1.917210704068878,86
7,39,0.45,0.5,-0.4,10,30,5,10000,17237.567902114042,7237.567902114042,72.37567902114043,15.556523397483836,2.3211877846780427,2.759112726286164,-4.150572805462822,3.749003698883341,5.440809687743042,295,208,87,70.50847457627118,62.70709230260657,-60.872497664693846,639.5422523691113,-332.98020903604424,2.4628594248153584,2.477966101694915,29,45,64.44444444444444,8.004040501771815,-2.6349875087868124,1.1687512620654985,1.848634471544525,63
7,39,0.45,0.5,-0.1999999999999999,10,35,5,10000,17249.374953139017,7249.374953139017,72.49374953139018,15.577536251054358,2.297364996010642,2.645683108991835,-4.123252800169162,3.7789403498448872,5.50675051871303,297,210,87,70.70707070707071,62.94803512906847,-62.7001428042023,639.5422523691113,-333.37466906773125,2.4233363159099803,2.4713804713804715,28,45,62.22222222222222,7.950794645416503,-2.632909260478145,1.170655402734457,1.844122484349308,142
7,39,0.45,0.4,-0.1999999999999999,5,50,5,10000,17249.374953139017,7249.374953139017,72.49374953139018,15.577536251054358,2.297364996010642,2.645683108991835,-4.123252800169162,3.7789403498448872,5.50675051871303,297,210,87,70.70707070707071,62.94803512906847,-62.7001428042023,639.5422523691113,-333.37466906773125,2.4233363159099803,2.4713804713804715,28,45,62.22222222222222,7.950794645416503,-2.632909260478145,1.170655402734457,1.905840639080506,61
7,39,0.45,0.3,-0.1999999999999999,10,35,5,10000,17249.374953139017,7249.374953139017,72.49374953139018,15.577536251054358,2.297364996010642,2.645683108991835,-4.123252800169162,3.7789403498448872,5.50675051871303,297,210,87,70.70707070707071,62.94803512906847,-62.7001428042023,639.5422523691113,-333.37466906773125,2.4233363159099803,2.4713804713804715,28,45,62.22222222222222,7.950794645416503,-2.632909260478145,1.170655402734457,1.8678493282994608,134
7,39,0.45,0.2,-0.1999999999999999,10,35,5,10000,17249.374953139017,7249.374953139017,72.49374953139018,15.577536251054358,2.297364996010642,2.645683108991835,-4.123252800169162,3.7789403498448872,5.50675051871303,297,210,87,70.70707070707071,62.94803512906847,-62.7001428042023,639.5422523691113,-333.37466906773125,2.4233363159099803,2.4713804713804715,28,45,62.22222222222222,7.950794645416503,-2.632909260478145,1.170655402734457,1.7754228847497366,75
7,39,0.45,0.4,-0.1999999999999999,5,35,5,10000,17249.374953139017,7249.374953139017,72.49374953139018,15.577536251054358,2.297364996010642,2.645683108991835,-4.123252800169162,3.7789403498448872,5.50675051871303,297,210,87,70.70707070707071,62.94803512906847,-62.7001428042023,639.5422523691113,-333.37466906773125,2.4233363159099803,2.4713804713804715,28,45,62.22222222222222,7.950794645416503,-2.632909260478145,1.170655402734457,1.970351589417992,134
7,39,0.45,0.6,-0.1999999999999999,10,35,5,10000,17249.374953139017,7249.374953139017,72.49374953139018,15.577536251054358,2.297364996010642,2.645683108991835,-4.123252800169162,3.7789403498448872,5.50675051871303,297,210,87,70.70707070707071,62.94803512906847,-62.7001428042023,639.5422523691113,-333.37466906773125,2.4233363159099803,2.4713804713804715,28,45,62.22222222222222,7.950794645416503,-2.632909260478145,1.170655402734457,1.7914776493894564,75
7,39,0.45,0.3,-0.1999999999999999,5,45,5,10000,17249.374953139017,7249.374953139017,72.49374953139018,15.577536251054358,2.297364996010642,2.645683108991835,-4.123252800169162,3.7789403498448872,5.50675051871303,297,210,87,70.70707070707071,62.94803512906847,-62.7001428042023,639.5422523691113,-333.37466906773125,2.4233363159099803,2.4713804713804715,28,45,62.22222222222222,7.950794645416503,-2.632909260478145,1.170655402734457,1.919193858992184,75
7,39,0.45,0.5,-0.1999999999999999,5,35,5,10000,17249.374953139017,7249.374953139017,72.49374953139018,15.577536251054358,2.297364996010642,2.645683108991835,-4.123252800169162,3.7789403498448872,5.50675051871303,297,210,87,70.70707070707071,62.94803512906847,-62.7001428042023,639.5422523691113,-333.37466906773125,2.4233363159099803,2.4713804713804715,28,45,62.22222222222222,7.950794645416503,-2.632909260478145,1.170655402734457,1.9571762594548037,121
7,39,0.45,0.3,-0.1999999999999999,5,50,5,10000,17249.374953139017,7249.374953139017,72.49374953139018,15.577536251054358,2.297364996010642,2.645683108991835,-4.123252800169162,3.7789403498448872,5.50675051871303,297,210,87,70.70707070707071,62.94803512906847,-62.7001428042023,639.5422523691113,-333.37466906773125,2.4233363159099803,2.4713804713804715,28,45,62.22222222222222,7.950794645416503,-2.632909260478145,1.170655402734457,1.9535972064122653,74
7,39,0.45,0.3,-0.1999999999999999,5,60,5,10000,17249.374953139017,7249.374953139017,72.49374953139018,15.577536251054358,2.297364996010642,2.645683108991835,-4.123252800169162,3.7789403498448872,5.50675051871303,297,210,87,70.70707070707071,62.94803512906847,-62.7001428042023,639.5422523691113,-333.37466906773125,2.4233363159099803,2.4713804713804715,28,45,62.22222222222222,7.950794645416503,-2.632909260478145,1.170655402734457,1.9498347970878265,34
7,39,0.45,0.4,-0.1999999999999999,10,35,5,10000,17249.374953139017,7249.374953139017,72.49374953139018,15.577536251054358,2.297364996010642,2.645683108991835,-4.123252800169162,3.7789403498448872,5.50675051871303,297,210,87,70.70707070707071,62.94803512906847,-62.7001428042023,639.5422523691113,-333.37466906773125,2.4233363159099803,2.4713804713804715,28,45,62.22222222222222,7.950794645416503,-2.632909260478145,1.170655402734457,1.8759414842617737,152
7,36,0.45,0.6,-0.3,5,30,5,10000,17263.482749031267,7263.482749031267,72.63482749031267,15.602629862513684,2.2922336590114725,2.651303072178815,-4.120820854456166,3.787260210564434,5.52909029652441,297,210,87,70.70707070707071,63.38348120624136,-63.34998050896129,639.5422523691113,-312.37016667493697,2.4150695640155195,2.468013468013468,28,45,62.22222222222222,8.173960138811577,-2.580153870942992,1.1732879956837472,2.005925427426426,64
7,36,0.45,0.4,-0.5,5,30,5,10000,17263.482749031267,7263.482749031267,72.63482749031267,15.602629862513684,2.2922336590114725,2.651303072178815,-4.120820854456166,3.787260210564434,5.52909029652441,297,210,87,70.70707070707071,63.38348120624136,-63.34998050896129,639.5422523691113,-312.37016667493697,2.4150695640155195,2.468013468013468,28,45,62.22222222222222,8.173960138811577,-2.580153870942992,1.1732879956837472,2.112522520252289,30
7,36,0.45,0.6,-0.4,10,30,5,10000,17263.482749031267,7263.482749031267,72.63482749031267,15.602629862513684,2.2922336590114725,2.651303072178815,-4.120820854456166,3.787260210564434,5.52909029652441,297,210,87,70.70707070707071,63.38348120624136,-63.34998050896129,639.5422523691113,-312.37016667493697,2.4150695640155195,2.468013468013468,28,45,62.22222222222222,8.173960138811577,-2.580153870942992,1.1732879956837472,1.8161871649063983,31
7,36,0.45,0.4,-0.3,10,30,5,10000,17263.482749031267,7263.482749031267,72.63482749031267,15.602629862513684,2.2922336590114725,2.651303072178815,-4.120820854456166,3.787260210564434,5.52909029652441,297,210,87,70.70707070707071,63.38348120624136,-63.34998050896129,639.5422523691113,-312.37016667493697,2.4150695640155195,2.468013468013468,28,45,62.22222222222222,8.173960138811577,-2.580153870942992,1.1732879956837472,1.958070155334334,158
7,39,0.45,0.3,-0.1999999999999999,10,25,5,10000,17059.214875108955,7059.214875108955,70.59214875108955,15.237817408595667,2.279335826608548,2.717979696959032,-4.193225207961152,3.633913432473297,5.41725260842844,291,206,85,70.79037800687286,62.03716532105904,-61.44166095328756,639.5422523691113,-333.37466906773125,2.4470187238655905,2.4742268041237114,28,45,62.22222222222222,8.08718376884563,-1.7639911221943303,1.1669250234571131,1.8694327543286928,118
7,39,0.45,0.6,-0.1999999999999999,10,25,5,10000,17059.214875108955,7059.214875108955,70.59214875108955,15.237817408595667,2.279335826608548,2.717979696959032,-4.193225207961152,3.633913432473297,5.41725260842844,291,206,85,70.79037800687286,62.03716532105904,-61.44166095328756,639.5422523691113,-333.37466906773125,2.4470187238655905,2.4742268041237114,28,45,62.22222222222222,8.08718376884563,-1.7639911221943303,1.1669250234571131,1.8590899895939048,65
7,39,0.45,0.5,-0.1999999999999999,5,25,5,10000,17059.214875108955,7059.214875108955,70.59214875108955,15.237817408595667,2.279335826608548,2.717979696959032,-4.193225207961152,3.633913432473297,5.41725260842844,291,206,85,70.79037800687286,62.03716532105904,-61.44166095328756,639.5422523691113,-333.37466906773125,2.4470187238655905,2.4742268041237114,28,45,62.22222222222222,8.08718376884563,-1.7639911221943303,1.1669250234571131,1.9400391468848384,113
7,39,0.45,0.4,-0.1999999999999999,5,25,5,10000,17059.214875108955,7059.214875108955,70.59214875108955,15.237817408595667,2.279335826608548,2.717979696959032,-4.193225207961152,3.633913432473297,5.41725260842844,291,206,85,70.79037800687286,62.03716532105904,-61.44166095328756,639.5422523691113,-333.37466906773125,2.4470187238655905,2.4742268041237114,28,45,62.22222222222222,8.08718376884563,-1.7639911221943303,1.1669250234571131,1.978834687208617,123
7,39,0.45,0.2,-0.1999999999999999,5,25,5,10000,17059.214875108955,7059.214875108955,70.59214875108955,15.237817408595667,2.279335826608548,2.717979696959032,-4.193225207961152,3.633913432473297,5.41725260842844,291,206,85,70.79037800687286,62.03716532105904,-61.44166095328756,639.5422523691113,-333.37466906773125,2.4470187238655905,2.4742268041237114,28,45,62.22222222222222,8.08718376884563,-1.7639911221943303,1.1669250234571131,1.8576394095266835,54
7,39,0.45,0.4,-0.1999999999999999,10,25,5,10000,17059.214875108955,7059.214875108955,70.59214875108955,15.237817408595667,2.279335826608548,2.717979696959032,-4.193225207961152,3.633913432473297,5.41725260842844,291,206,85,70.79037800687286,62.03716532105904,-61.44166095328756,639.5422523691113,-333.37466906773125,2.4470187238655905,2.4742268041237114,28,45,62.22222222222222,8.08718376884563,-1.7639911221943303,1.1669250234571131,1.9027199211156487,137
7,39,0.45,0.2,-0.1999999999999999,10,25,5,10000,17059.214875108955,7059.214875108955,70.59214875108955,15.237817408595667,2.279335826608548,2.717979696959032,-4.193225207961152,3.633913432473297,5.41725260842844,291,206,85,70.79037800687286,62.03716532105904,-61.44166095328756,639.5422523691113,-333.37466906773125,2.4470187238655905,2.4742268041237114,28,45,62.22222222222222,8.08718376884563,-1.7639911221943303,1.1669250234571131,1.7964075959622667,60
7,39,0.45,0.6,-0.1999999999999999,5,25,5,10000,17059.214875108955,7059.214875108955,70.59214875108955,15.237817408595667,2.279335826608548,2.717979696959032,-4.193225207961152,3.633913432473297,5.41725260842844,291,206,85,70.79037800687286,62.03716532105904,-61.44166095328756,639.5422523691113,-333.37466906773125,2.4470187238655905,2.4742268041237114,28,45,62.22222222222222,8.08718376884563,-1.7639911221943303,1.1669250234571131,1.934942299615508,58
7,39,0.45,0.3,-0.1999999999999999,5,25,5,10000,17059.214875108955,7059.214875108955,70.59214875108955,15.237817408595667,2.279335826608548,2.717979696959032,-4.193225207961152,3.633913432473297,5.41725260842844,291,206,85,70.79037800687286,62.03716532105904,-61.44166095328756,639.5422523691113,-333.37466906773125,2.4470187238655905,2.4742268041237114,28,45,62.22222222222222,8.08718376884563,-1.7639911221943303,1.1669250234571131,1.9425751532281192,105
7,36,0.45,0.3,-0.5,5,45,5,10000,17070.237231238934,7070.237231238934,70.70237231238934,15.25758445268468,2.218256021696695,2.545478159038727,-4.145843967654945,3.681171711730628,5.579775895844138,299,211,88,70.5685618729097,62.62292762116376,-63.73750564575949,639.5422523691113,-312.37016667493697,2.3557982060014955,2.4648829431438126,28,45,62.22222222222222,8.224108411175933,-2.607452264493826,1.1486342622404042,2.0647948745688174,97
7,36,0.45,0.2,-0.3,5,50,5,10000,17070.237231238934,7070.237231238934,70.70237231238934,15.25758445268468,2.218256021696695,2.545478159038727,-4.145843967654945,3.681171711730628,5.579775895844138,299,211,88,70.5685618729097,62.62292762116376,-63.73750564575949,639.5422523691113,-312.37016667493697,2.3557982060014955,2.4648829431438126,28,45,62.22222222222222,8.224108411175933,-2.607452264493826,1.1486342622404042,2.020624285850161,86
7,36,0.45,0.2,-0.5,5,60,5,10000,17070.237231238934,7070.237231238934,70.70237231238934,15.25758445268468,2.218256021696695,2.545478159038727,-4.145843967654945,3.681171711730628,5.579775895844138,299,211,88,70.5685618729097,62.62292762116376,-63.73750564575949,639.5422523691113,-312.37016667493697,2.3557982060014955,2.4648829431438126,28,45,62.22222222222222,8.224108411175933,-2.607452264493826,1.1486342622404042,1.80927117608454,11
7,36,0.45,0.2,-0.4,10,40,5,10000,17070.237231238934,7070.237231238934,70.70237231238934,15.25758445268468,2.218256021696695,2.545478159038727,-4.145843967654945,3.681171711730628,5.579775895844138,299,211,88,70.5685618729097,62.62292762116376,-63.73750564575949,639.5422523691113,-312.37016667493697,2.3557982060014955,2.4648829431438126,28,45,62.22222222222222,8.224108411175933,-2.607452264493826,1.1486342622404042,1.9066492203475935,128
7,36,0.45,0.2,-0.5,10,45,5,10000,17070.237231238934,7070.237231238934,70.70237231238934,15.25758445268468,2.218256021696695,2.545478159038727,-4.145843967654945,3.681171711730628,5.579775895844138,299,211,88,70.5685618729097,62.62292762116376,-63.73750564575949,639.5422523691113,-312.37016667493697,2.3557982060014955,2.4648829431438126,28,45,62.22222222222222,8.224108411175933,-2.607452264493826,1.1486342622404042,1.9695480310592075,93
7,36,0.45,0.3,-0.3,10,45,5,10000,17070.237231238934,7070.237231238934,70.70237231238934,15.25758445268468,2.218256021696695,2.545478159038727,-4.145843967654945,3.681171711730628,5.579775895844138,299,211,88,70.5685618729097,62.62292762116376,-63.73750564575949,639.5422523691113,-312.37016667493697,2.3557982060014955,2.4648829431438126,28,45,62.22222222222222,8.224108411175933,-2.607452264493826,1.1486342622404042,2.000580714965281,125
7,36,0.45,0.4,-0.3,5,35,5,10000,17070.237231238934,7070.237231238934,70.70237231238934,15.25758445268468,2.218256021696695,2.545478159038727,-4.145843967654945,3.681171711730628,5.579775895844138,299,211,88,70.5685618729097,62.62292762116376,-63.73750564575949,639.5422523691113,-312.37016667493697,2.3557982060014955,2.4648829431438126,28,45,62.22222222222222,8.224108411175933,-2.607452264493826,1.1486342622404042,2.056245700540796,135
7,36,0.45,0.2,-0.3,10,60,5,10000,17070.237231238934,7070.237231238934,70.70237231238934,15.25758445268468,2.218256021696695,2.545478159038727,-4.145843967654945,3.681171711730628,5.579775895844138,299,211,88,70.5685618729097,62.62292762116376,-63.73750564575949,639.5422523691113,-312.37016667493697,2.3557982060014955,2.4648829431438126,28,45,62.22222222222222,8.224108411175933,-2.607452264493826,1.1486342622404042,1.873513719539776,31
7,36,0.45,0.2,-0.5,5,35,5,10000,17070.237231238934,7070.237231238934,70.70237231238934,15.25758445268468,2.218256021696695,2.545478159038727,-4.145843967654945,3.681171711730628,5.579775895844138,299,211,88,70.5685618729097,62.62292762116376,-63.73750564575949,639.5422523691113,-312.37016667493697,2.3557982060014955,2.4648829431438126,28,45,62.22222222222222,8.224108411175933,-2.607452264493826,1.1486342622404042,2.051672863959675,54
7,36,0.45,0.2,-0.3,10,40,5,10000,17070.237231238934,7070.237231238934,70.70237231238934,15.25758445268468,2.218256021696695,2.545478159038727,-4.145843967654945,3.681171711730628,5.579775895844138,299,211,88,70.5685618729097,62.62292762116376,-63.73750564575949,639.5422523691113,-312.37016667493697,2.3557982060014955,2.4648829431438126,28,45,62.22222222222222,8.224108411175933,-2.607452264493826,1.1486342622404042,1.9124539250316943,96
7,36,0.45,0.3,-0.5,10,35,5,10000,17070.237231238934,7070.237231238934,70.70237231238934,15.25758445268468,2.218256021696695,2.545478159038727,-4.145843967654945,3.681171711730628,5.579775895844138,299,211,88,70.5685618729097,62.62292762116376,-63.73750564575949,639.5422523691113,-312.37016667493697,2.3557982060014955,2.4648829431438126,28,45,62.22222222222222,8.224108411175933,-2.607452264493826,1.1486342622404042,1.9554847867278289,76
7,36,0.45,0.4,-0.5,10,45,5,10000,17070.237231238934,7070.237231238934,70.70237231238934,15.25758445268468,2.218256021696695,2.545478159038727,-4.145843967654945,3.681171711730628,5.579775895844138,299,211,88,70.5685618729097,62.62292762116376,-63.73750564575949,639.5422523691113,-312.37016667493697,2.3557982060014955,2.4648829431438126,28,45,62.22222222222222,8.224108411175933,-2.607452264493826,1.1486342622404042,1.9616099991452416,86
7,36,0.45,0.3,-0.4,10,50,5,10000,17070.237231238934,7070.237231238934,70.70237231238934,15.25758445268468,2.218256021696695,2.545478159038727,-4.145843967654945,3.681171711730628,5.579775895844138,299,211,88,70.5685618729097,62.62292762116376,-63.73750564575949,639.5422523691113,-312.37016667493697,2.3557982060014955,2.4648829431438126,28,45,62.22222222222222,8.224108411175933,-2.607452264493826,1.1486342622404042,1.9680532459682971,121
7,36,0.45,0.4,-0.4,10,55,5,10000,17070.237231238934,7070.237231238934,70.70237231238934,15.25758445268468,2.218256021696695,2.545478159038727,-4.145843967654945,3.681171711730628,5.579775895844138,299,211,88,70.5685618729097,62.62292762116376,-63.73750564575949,639.5422523691113,-312.37016667493697,2.3557982060014955,2.4648829431438126,28,45,62.22222222222222,8.224108411175933,-2.607452264493826,1.1486342622404042,1.988380671329616,54
7,36,0.45,0.3,-0.3,5,45,5,10000,17070.237231238934,7070.237231238934,70.70237231238934,15.25758445268468,2.218256021696695,2.545478159038727,-4.145843967654945,3.681171711730628,5.579775895844138,299,211,88,70.5685618729097,62.62292762116376,-63.73750564575949,639.5422523691113,-312.37016667493697,2.3557982060014955,2.4648829431438126,28,45,62.22222222222222,8.224108411175933,-2.607452264493826,1.1486342622404042,2.0465161803836227,116
7,36,0.45,0.4,-0.4,10,35,5,10000,17070.237231238934,7070.237231238934,70.70237231238934,15.25758445268468,2.218256021696695,2.545478159038727,-4.145843967654945,3.681171711730628,5.579775895844138,299,211,88,70.5685618729097,62.62292762116376,-63.73750564575949,639.5422523691113,-312.37016667493697,2.3557982060014955,2.4648829431438126,28,45,62.22222222222222,8.224108411175933,-2.607452264493826,1.1486342622404042,1.9336229810010443,88
7,36,0.45,0.6,-0.3,10,35,5,10000,17070.237231238934,7070.237231238934,70.70237231238934,15.25758445268468,2.218256021696695,2.545478159038727,-4.145843967654945,3.681171711730628,5.579775895844138,299,211,88,70.5685618729097,62.62292762116376,-63.73750564575949,639.5422523691113,-312.37016667493697,2.3557982060014955,2.4648829431438126,28,45,62.22222222222222,8.224108411175933,-2.607452264493826,1.1486342622404042,1.877796218461128,73
7,36,0.45,0.4,-0.3,10,40,5,10000,17070.237231238934,7070.237231238934,70.70237231238934,15.25758445268468,2.218256021696695,2.545478159038727,-4.145843967654945,3.681171711730628,5.579775895844138,299,211,88,70.5685618729097,62.62292762116376,-63.73750564575949,639.5422523691113,-312.37016667493697,2.3557982060014955,2.4648829431438126,28,45,62.22222222222222,8.224108411175933,-2.607452264493826,1.1486342622404042,1.934584050421173,115
7,36,0.45,0.2,-0.4,10,50,5,10000,17070.237231238934,7070.237231238934,70.70237231238934,15.25758445268468,2.218256021696695,2.545478159038727,-4.145843967654945,3.681171711730628,5.579775895844138,299,211,88,70.5685618729097,62.62292762116376,-63.73750564575949,639.5422523691113,-312.37016667493697,2.3557982060014955,2.4648829431438126,28,45,62.22222222222222,8.224108411175933,-2.607452264493826,1.1486342622404042,1.981984935033844,102
7,36,0.45,0.3,-0.4,5,45,5,10000,17070.237231238934,7070.237231238934,70.70237231238934,15.25758445268468,2.218256021696695,2.545478159038727,-4.145843967654945,3.681171711730628,5.579775895844138,299,211,88,70.5685618729097,62.62292762116376,-63.73750564575949,639.5422523691113,-312.37016667493697,2.3557982060014955,2.4648829431438126,28,45,62.22222222222222,8.224108411175933,-2.607452264493826,1.1486342622404042,2.0511198822872347,138
7,36,0.45,0.3,-0.4,10,45,5,10000,17070.237231238934,7070.237231238934,70.70237231238934,15.25758445268468,2.218256021696695,2.545478159038727,-4.145843967654945,3.681171711730628,5.579775895844138,299,211,88,70.5685618729097,62.62292762116376,-63.73750564575949,639.5422523691113,-312.37016667493697,2.3557982060014955,2.4648829431438126,28,45,62.22222222222222,8.224108411175933,-2.607452264493826,1.1486342622404042,2.0037293007475654,150
7,36,0.45,0.3,-0.3,5,60,5,10000,17070.237231238934,7070.237231238934,70.70237231238934,15.25758445268468,2.218256021696695,2.545478159038727,-4.145843967654945,3.681171711730628,5.579775895844138,299,211,88,70.5685618729097,62.62292762116376,-63.73750564575949,639.5422523691113,-312.37016667493697,2.3557982060014955,2.4648829431438126,28,45,62.22222222222222,8.224108411175933,-2.607452264493826,1.1486342622404042,1.9309958780098735,33
7,36,0.45,0.4,-0.4,5,50,5,10000,17070.237231238934,7070.237231238934,70.70237231238934,15.25758445268468,2.218256021696695,2.545478159038727,-4.145843967654945,3.681171711730628,5.579775895844138,299,211,88,70.5685618729097,62.62292762116376,-63.73750564575949,639.5422523691113,-312.37016667493697,2.3557982060014955,2.4648829431438126,28,45,62.22222222222222,8.224108411175933,-2.607452264493826,1.1486342622404042,1.990274739552538,86
7,36,0.45,0.5,-0.4,10,40,5,10000,17070.237231238934,7070.237231238934,70.70237231238934,15.25758445268468,2.218256021696695,2.545478159038727,-4.145843967654945,3.681171711730628,5.579775895844138,299,211,88,70.5685618729097,62.62292762116376,-63.73750564575949,639.5422523691113,-312.37016667493697,2.3557982060014955,2.4648829431438126,28,45,62.22222222222222,8.224108411175933,-2.607452264493826,1.1486342622404042,1.9134529895203645,59
7,36,0.45,0.2,-0.5,10,35,5,10000,17070.237231238934,7070.237231238934,70.70237231238934,15.25758445268468,2.218256021696695,2.545478159038727,-4.145843967654945,3.681171711730628,5.579775895844138,299,211,88,70.5685618729097,62.62292762116376,-63.73750564575949,639.5422523691113,-312.37016667493697,2.3557982060014955,2.4648829431438126,28,45,62.22222222222222,8.224108411175933,-2.607452264493826,1.1486342622404042,1.8854663705141568,66
7,36,0.45,0.6,-0.4,10,40,5,10000,17070.237231238934,7070.237231238934,70.70237231238934,15.25758445268468,2.218256021696695,2.545478159038727,-4.145843967654945,3.681171711730628,5.579775895844138,299,211,88,70.5685618729097,62.62292762116376,-63.73750564575949,639.5422523691113,-312.37016667493697,2.3557982060014955,2.4648829431438126,28,45,62.22222222222222,8.224108411175933,-2.607452264493826,1.1486342622404042,1.8251122793065655,26
7,36,0.45,0.3,-0.3,10,25,5,10000,17003.535557217347,7003.535557217347,70.03535557217346,15.137820762760112,2.2145357510138486,2.527862250377663,-4.163698697936172,3.6356667138915455,5.539555410260934,292,207,85,70.8904109589041,62.675484320170064,-64.07517290656537,639.5422523691113,-312.37016667493697,2.3820963933747152,2.4726027397260277,28,45,62.22222222222222,8.114553152526561,-2.6193885331516342,1.1613100722868877,1.92767943024736,92
7,36,0.45,0.6,-0.5,10,25,5,10000,17003.535557217347,7003.535557217347,70.03535557217346,15.137820762760112,2.2145357510138486,2.527862250377663,-4.163698697936172,3.6356667138915455,5.539555410260934,292,207,85,70.8904109589041,62.675484320170064,-64.07517290656537,639.5422523691113,-312.37016667493697,2.3820963933747152,2.4726027397260277,28,45,62.22222222222222,8.114553152526561,-2.6193885331516342,1.1613100722868877,1.8162898293015624,11
7,36,0.45,0.3,-0.4,10,25,5,10000,17003.535557217347,7003.535557217347,70.03535557217346,15.137820762760112,2.2145357510138486,2.527862250377663,-4.163698697936172,3.6356667138915455,5.539555410260934,292,207,85,70.8904109589041,62.675484320170064,-64.07517290656537,639.5422523691113,-312.37016667493697,2.3820963933747152,2.4726027397260277,28,45,62.22222222222222,8.114553152526561,-2.6193885331516342,1.1613100722868877,1.867105770589483,32
7,36,0.45,0.5,-0.1999999999999999,10,30,5,10000,17075.08993047557,7075.089930475569,70.7508993047557,15.266284113632311,2.207726401036334,2.4681379575335463,-4.326797544095118,3.529229953712421,5.6106168935078,298,211,87,70.80536912751678,62.93764626489206,-65.17762564846974,639.5422523691113,-333.37466906773125,2.341936764406865,2.459731543624161,27,45,60.0,8.173960138811577,-2.6065881173160443,1.1485450084659845,1.883443306158325,142
7,36,0.45,0.3,-0.1999999999999999,10,30,5,10000,17075.08993047557,7075.089930475569,70.7508993047557,15.266284113632311,2.207726401036334,2.4681379575335463,-4.326797544095118,3.529229953712421,5.6106168935078,298,211,87,70.80536912751678,62.93764626489206,-65.17762564846974,639.5422523691113,-333.37466906773125,2.341936764406865,2.459731543624161,27,45,60.0,8.173960138811577,-2.6065881173160443,1.1485450084659845,1.8975606102496527,134
7,36,0.45,0.3,-0.1999999999999999,5,30,5,10000,17075.08993047557,7075.089930475569,70.7508993047557,15.266284113632311,2.207726401036334,2.4681379575335463,-4.326797544095118,3.529229953712421,5.6106168935078,298,211,87,70.80536912751678,62.93764626489206,-65.17762564846974,639.5422523691113,-333.37466906773125,2.341936764406865,2.459731543624161,27,45,60.0,8.173960138811577,-2.6065881173160443,1.1485450084659845,1.988871655406108,118
7,36,0.45,0.6,-0.1999999999999999,10,30,5,10000,17075.08993047557,7075.089930475569,70.7508993047557,15.266284113632311,2.207726401036334,2.4681379575335463,-4.326797544095118,3.529229953712421,5.6106168935078,298,211,87,70.80536912751678,62.93764626489206,-65.17762564846974,639.5422523691113,-333.37466906773125,2.341936764406865,2.459731543624161,27,45,60.0,8.173960138811577,-2.6065881173160443,1.1485450084659845,1.8647226388513471,69
7,36,0.45,0.4,-0.1999999999999999,10,30,5,10000,17075.08993047557,7075.089930475569,70.7508993047557,15.266284113632311,2.207726401036334,2.4681379575335463,-4.326797544095118,3.529229953712421,5.6106168935078,298,211,87,70.80536912751678,62.93764626489206,-65.17762564846974,639.5422523691113,-333.37466906773125,2.341936764406865,2.459731543624161,27,45,60.0,8.173960138811577,-2.6065881173160443,1.1485450084659845,1.9222355621144265,153
7,36,0.45,0.5,-0.1999999999999999,5,30,5,10000,17075.08993047557,7075.089930475569,70.7508993047557,15.266284113632311,2.207726401036334,2.4681379575335463,-4.326797544095118,3.529229953712421,5.6106168935078,298,211,87,70.80536912751678,62.93764626489206,-65.17762564846974,639.5422523691113,-333.37466906773125,2.341936764406865,2.459731543624161,27,45,60.0,8.173960138811577,-2.6065881173160443,1.1485450084659845,1.9658577333776,125
7,36,0.45,0.4,-0.1999999999999999,5,30,5,10000,17075.08993047557,7075.089930475569,70.7508993047557,15.266284113632311,2.207726401036334,2.4681379575335463,-4.326797544095118,3.529229953712421,5.6106168935078,298,211,87,70.80536912751678,62.93764626489206,-65.17762564846974,639.5422523691113,-333.37466906773125,2.341936764406865,2.459731543624161,27,45,60.0,8.173960138811577,-2.6065881173160443,1.1485450084659845,2.0088601656660265,136
7,39,0.45,0.2,-0.1,5,55,5,10000,17145.729904359425,7145.729904359425,71.45729904359425,15.392718566000152,2.193698897194832,2.3392842215475995,-4.561044488023418,3.375696587483992,5.698861568514821,300,213,87,71.0,62.89477165537298,-65.88685584178464,639.5422523691113,-333.37466906773125,2.3370936331208934,2.4266666666666667,28,45,62.22222222222222,7.948371206759108,-1.902045021964338,1.1562458633337729,1.903251177616448,22
7,39,0.45,0.3,-0.1,5,35,5,10000,17145.729904359425,7145.729904359425,71.45729904359425,15.392718566000152,2.193698897194832,2.3392842215475995,-4.561044488023418,3.375696587483992,5.698861568514821,300,213,87,71.0,62.89477165537298,-65.88685584178464,639.5422523691113,-333.37466906773125,2.3370936331208934,2.4266666666666667,28,45,62.22222222222222,7.948371206759108,-1.902045021964338,1.1562458633337729,1.941803546928884,97
7,39,0.45,0.4,-0.1,5,35,5,10000,17145.729904359425,7145.729904359425,71.45729904359425,15.392718566000152,2.193698897194832,2.3392842215475995,-4.561044488023418,3.375696587483992,5.698861568514821,300,213,87,71.0,62.89477165537298,-65.88685584178464,639.5422523691113,-333.37466906773125,2.3370936331208934,2.4266666666666667,28,45,62.22222222222222,7.948371206759108,-1.902045021964338,1.1562458633337729,1.949067283865478,114
7,39,0.45,0.6,-0.1,10,35,5,10000,17145.729904359425,7145.729904359425,71.45729904359425,15.392718566000152,2.193698897194832,2.3392842215475995,-4.561044488023418,3.375696587483992,5.698861568514821,300,213,87,71.0,62.89477165537298,-65.88685584178464,639.5422523691113,-333.37466906773125,2.3370936331208934,2.4266666666666667,28,45,62.22222222222222,7.948371206759108,-1.902045021964338,1.1562458633337729,1.793577721526314,61
7,39,0.45,0.4,-0.1,10,35,5,10000,17145.729904359425,7145.729904359425,71.45729904359425,15.392718566000152,2.193698897194832,2.3392842215475995,-4.561044488023418,3.375696587483992,5.698861568514821,300,213,87,71.0,62.89477165537298,-65.88685584178464,639.5422523691113,-333.37466906773125,2.3370936331208934,2.4266666666666667,28,45,62.22222222222222,7.948371206759108,-1.902045021964338,1.1562458633337729,1.868111660563501,127
7,36,0.45,0.3,-0.1999999999999999,10,25,5,10000,16953.313551567666,6953.313551567666,69.53313551567666,15.047418612292018,2.1675125454813107,2.398408000973504,-4.371650287122064,3.442045365938456,5.62567655229969,293,208,85,70.98976109215018,62.83403215538916,-65.7760604323939,639.5422523691113,-333.37466906773125,2.337606901249617,2.464163822525597,27,45,60.0,8.114553152526561,-2.6312985275439797,1.1547456294450065,1.9111904742051025,96
7,36,0.45,0.5,-0.1999999999999999,10,25,5,10000,16953.313551567666,6953.313551567666,69.53313551567666,15.047418612292018,2.1675125454813107,2.398408000973504,-4.371650287122064,3.442045365938456,5.62567655229969,293,208,85,70.98976109215018,62.83403215538916,-65.7760604323939,639.5422523691113,-333.37466906773125,2.337606901249617,2.464163822525597,27,45,60.0,8.114553152526561,-2.6312985275439797,1.1547456294450065,1.8835924384545024,109
7,36,0.45,0.4,-0.1999999999999999,5,45,5,10000,17004.285538147436,7004.2855381474365,70.04285538147437,15.139169279326016,2.167162411839844,2.4138883316650586,-4.349777488722214,3.481360670239075,5.666078094963428,300,212,88,70.66666666666667,62.7787318967514,-65.5443820905008,639.5422523691113,-333.37466906773125,2.3074391347208705,2.4566666666666666,27,45,60.0,8.224108411175933,-2.619253716581305,1.1400134236239994,1.8863347320016857,50
7,36,0.45,0.4,-0.1999999999999999,10,60,5,10000,17004.285538147436,7004.2855381474365,70.04285538147437,15.139169279326016,2.167162411839844,2.4138883316650586,-4.349777488722214,3.481360670239075,5.666078094963428,300,212,88,70.66666666666667,62.7787318967514,-65.5443820905008,639.5422523691113,-333.37466906773125,2.3074391347208705,2.4566666666666666,27,45,60.0,8.224108411175933,-2.619253716581305,1.1400134236239994,1.978278193245332,22
7,36,0.45,0.3,-0.1999999999999999,5,50,5,10000,17004.285538147436,7004.2855381474365,70.04285538147437,15.139169279326016,2.167162411839844,2.4138883316650586,-4.349777488722214,3.481360670239075,5.666078094963428,300,212,88,70.66666666666667,62.7787318967514,-65.5443820905008,639.5422523691113,-333.37466906773125,2.3074391347208705,2.4566666666666666,27,45,60.0,8.224108411175933,-2.619253716581305,1.1400134236239994,2.016472779602591,58
7,36,0.45,0.2,-0.1999999999999999,5,35,5,10000,17004.285538147436,7004.2855381474365,70.04285538147437,15.139169279326016,2.167162411839844,2.4138883316650586,-4.349777488722214,3.481360670239075,5.666078094963428,300,212,88,70.66666666666667,62.7787318967514,-65.5443820905008,639.5422523691113,-333.37466906773125,2.3074391347208705,2.4566666666666666,27,45,60.0,8.224108411175933,-2.619253716581305,1.1400134236239994,1.882688628834421,54
7,36,0.45,0.2,-0.1999999999999999,5,40,5,10000,17004.285538147436,7004.2855381474365,70.04285538147437,15.139169279326016,2.167162411839844,2.4138883316650586,-4.349777488722214,3.481360670239075,5.666078094963428,300,212,88,70.66666666666667,62.7787318967514,-65.5443820905008,639.5422523691113,-333.37466906773125,2.3074391347208705,2.4566666666666666,27,45,60.0,8.224108411175933,-2.619253716581305,1.1400134236239994,1.901396721588053,50
7,36,0.45,0.6,-0.1999999999999999,5,40,5,10000,17004.285538147436,7004.2855381474365,70.04285538147437,15.139169279326016,2.167162411839844,2.4138883316650586,-4.349777488722214,3.481360670239075,5.666078094963428,300,212,88,70.66666666666667,62.7787318967514,-65.5443820905008,639.5422523691113,-333.37466906773125,2.3074391347208705,2.4566666666666666,27,45,60.0,8.224108411175933,-2.619253716581305,1.1400134236239994,1.7975937728640698,19
7,36,0.45,0.2,-0.1999999999999999,5,60,5,10000,17004.285538147436,7004.2855381474365,70.04285538147437,15.139169279326016,2.167162411839844,2.4138883316650586,-4.349777488722214,3.481360670239075,5.666078094963428,300,212,88,70.66666666666667,62.7787318967514,-65.5443820905008,639.5422523691113,-333.37466906773125,2.3074391347208705,2.4566666666666666,27,45,60.0,8.224108411175933,-2.619253716581305,1.1400134236239994,1.924536381769738,25
7,39,0.45,0.5,-0.1,10,30,5,10000,17014.721592555503,7014.721592555503,70.14721592555503,15.157929481234667,2.153949382186995,2.2828040119348567,-4.587434274888127,3.305094790371233,5.709601687607243,299,212,87,70.90301003344482,62.54895306976662,-65.88685584178464,639.5422523691113,-333.37466906773125,2.3133314918052577,2.4247491638795986,28,45,62.22222222222222,8.001584500277259,-1.9171270572265755,1.1388596126374833,1.8505897680509813,141
7,39,0.45,0.5,-0.1,5,30,5,10000,17014.721592555503,7014.721592555503,70.14721592555503,15.157929481234667,2.153949382186995,2.2828040119348567,-4.587434274888127,3.305094790371233,5.709601687607243,299,212,87,70.90301003344482,62.54895306976662,-65.88685584178464,639.5422523691113,-333.37466906773125,2.3133314918052577,2.4247491638795986,28,45,62.22222222222222,8.001584500277259,-1.9171270572265755,1.1388596126374833,1.9228046812300432,126
7,39,0.45,0.4,-0.1,10,30,5,10000,17014.721592555503,7014.721592555503,70.14721592555503,15.157929481234667,2.153949382186995,2.2828040119348567,-4.587434274888127,3.305094790371233,5.709601687607243,299,212,87,70.90301003344482,62.54895306976662,-65.88685584178464,639.5422523691113,-333.37466906773125,2.3133314918052577,2.4247491638795986,28,45,62.22222222222222,8.001584500277259,-1.9171270572265755,1.1388596126374833,1.882052329138128,153
7,39,0.45,0.3,-0.1,10,30,5,10000,17014.721592555503,7014.721592555503,70.14721592555503,15.157929481234667,2.153949382186995,2.2828040119348567,-4.587434274888127,3.305094790371233,5.709601687607243,299,212,87,70.90301003344482,62.54895306976662,-65.88685584178464,639.5422523691113,-333.37466906773125,2.3133314918052577,2.4247491638795986,28,45,62.22222222222222,8.001584500277259,-1.9171270572265755,1.1388596126374833,1.8549141790508687,133
7,39,0.45,0.1,-0.3,10,35,5,10000,16103.073202072135,6103.073202072135,61.03073202072136,13.486214004779828,2.128467096099401,2.554495741221712,-4.125875493697445,3.2696410625995846,5.073697672544142,299,212,87,70.90301003344482,54.42131857247266,-56.8143256930155,416.2219642288031,-273.0836644471019,2.334144894407651,2.391304347826087,29,45,64.44444444444444,4.211296228683881,-1.6325447699117257,1.0092133494519715,1.7266366123468224,41
7,39,0.45,0.1,-0.4,10,50,5,10000,16103.073202072135,6103.073202072135,61.03073202072136,13.486214004779828,2.128467096099401,2.554495741221712,-4.125875493697445,3.2696410625995846,5.073697672544142,299,212,87,70.90301003344482,54.42131857247266,-56.8143256930155,416.2219642288031,-273.0836644471019,2.334144894407651,2.391304347826087,29,45,64.44444444444444,4.211296228683881,-1.6325447699117257,1.0092133494519715,1.9080106523566776,52
7,39,0.45,0.1,-0.5,10,50,5,10000,16103.073202072135,6103.073202072135,61.03073202072136,13.486214004779828,2.128467096099401,2.554495741221712,-4.125875493697445,3.2696410625995846,5.073697672544142,299,212,87,70.90301003344482,54.42131857247266,-56.8143256930155,416.2219642288031,-273.0836644471019,2.334144894407651,2.391304347826087,29,45,64.44444444444444,4.211296228683881,-1.6325447699117257,1.0092133494519715,1.838196419225077,38
7,39,0.45,0.1,-0.4,5,45,5,10000,16103.073202072135,6103.073202072135,61.03073202072136,13.486214004779828,2.128467096099401,2.554495741221712,-4.125875493697445,3.2696410625995846,5.073697672544142,299,212,87,70.90301003344482,54.42131857247266,-56.8143256930155,416.2219642288031,-273.0836644471019,2.334144894407651,2.391304347826087,29,45,64.44444444444444,4.211296228683881,-1.6325447699117257,1.0092133494519715,2.012191451310879,62
7,36,0.45,0.2,-0.3,10,50,2,10000,17844.905135307592,7844.905135307592,78.44905135307592,16.62395502779528,2.121381617698367,2.349433361297813,-6.48145298709003,2.565471247720621,6.414613689120309,235,166,69,70.63829787234043,90.1923644132365,-96.88445445347573,639.5422523691113,-384.7623575152636,2.239621723652456,3.2680851063829786,28,45,62.22222222222222,8.0931949911617,-3.1889086535338507,1.2493784923956803,2.017193613271627,87
7,39,0.45,0.6,-0.1,10,25,5,10000,16824.307795247438,6824.307795247438,68.24307795247438,14.814296773044225,2.1084802521138166,2.2182098628138065,-4.6285464729878845,3.200636929865606,5.68855309620237,294,209,85,71.08843537414967,61.7186389269156,-65.5963263585667,639.5422523691113,-333.37466906773125,2.313471653385512,2.4285714285714284,28,45,62.22222222222222,8.08467648610498,-1.9443641127448008,1.1357275164994596,1.8687061922751356,54
7,39,0.45,0.3,-0.1,5,25,5,10000,16824.307795247438,6824.307795247438,68.24307795247438,14.814296773044225,2.1084802521138166,2.2182098628138065,-4.6285464729878845,3.200636929865606,5.68855309620237,294,209,85,71.08843537414967,61.7186389269156,-65.5963263585667,639.5422523691113,-333.37466906773125,2.313471653385512,2.4285714285714284,28,45,62.22222222222222,8.08467648610498,-1.9443641127448008,1.1357275164994596,1.950873060924684,87
7,42,0.45,0.3,-0.1999999999999999,10,35,5,10000,15349.456242509,5349.456242508999,53.49456242508999,12.050972973577936,2.1072610383839376,2.399633454290383,-4.254161299999415,2.833658740862369,4.507116974496947,295,208,87,70.50847457627118,49.36539670814359,-51.69363531937066,335.38477583912857,-291.1547161185109,2.283124734563701,2.477966101694915,28,45,62.22222222222222,5.708980012920928,-1.5209089970708134,0.8970104068993281,1.876480517541124,108
7,42,0.45,0.3,-0.4,10,50,5,10000,15349.456242509,5349.456242508999,53.49456242508999,12.050972973577936,2.1072610383839376,2.399633454290383,-4.254161299999415,2.833658740862369,4.507116974496947,295,208,87,70.50847457627118,49.36539670814359,-51.69363531937066,335.38477583912857,-291.1547161185109,2.283124734563701,2.477966101694915,28,45,62.22222222222222,5.708980012920928,-1.5209089970708134,0.8970104068993281,1.922992671987912,122
7,42,0.45,0.4,-0.3,10,40,5,10000,15349.456242509,5349.456242508999,53.49456242508999,12.050972973577936,2.1072610383839376,2.399633454290383,-4.254161299999415,2.833658740862369,4.507116974496947,295,208,87,70.50847457627118,49.36539670814359,-51.69363531937066,335.38477583912857,-291.1547161185109,2.283124734563701,2.477966101694915,28,45,62.22222222222222,5.708980012920928,-1.5209089970708134,0.8970104068993281,1.912325391552232,117
7,42,0.45,0.2,-0.1999999999999999,5,35,5,10000,15349.456242509,5349.456242508999,53.49456242508999,12.050972973577936,2.1072610383839376,2.399633454290383,-4.254161299999415,2.833658740862369,4.507116974496947,295,208,87,70.50847457627118,49.36539670814359,-51.69363531937066,335.38477583912857,-291.1547161185109,2.283124734563701,2.477966101694915,28,45,62.22222222222222,5.708980012920928,-1.5209089970708134,0.8970104068993281,1.943243568070188,50
7,42,0.45,0.3,-0.3,5,50,5,10000,15349.456242509,5349.456242508999,53.49456242508999,12.050972973577936,2.1072610383839376,2.399633454290383,-4.254161299999415,2.833658740862369,4.507116974496947,295,208,87,70.50847457627118,49.36539670814359,-51.69363531937066,335.38477583912857,-291.1547161185109,2.283124734563701,2.477966101694915,28,45,62.22222222222222,5.708980012920928,-1.5209089970708134,0.8970104068993281,1.9845341085104815,105
7,42,0.45,0.3,-0.5,5,50,5,10000,15349.456242509,5349.456242508999,53.49456242508999,12.050972973577936,2.1072610383839376,2.399633454290383,-4.254161299999415,2.833658740862369,4.507116974496947,295,208,87,70.50847457627118,49.36539670814359,-51.69363531937066,335.38477583912857,-291.1547161185109,2.283124734563701,2.477966101694915,28,45,62.22222222222222,5.708980012920928,-1.5209089970708134,0.8970104068993281,1.9644101158317948,65
7,42,0.45,0.2,-0.4,10,50,5,10000,15349.456242509,5349.456242508999,53.49456242508999,12.050972973577936,2.1072610383839376,2.399633454290383,-4.254161299999415,2.833658740862369,4.507116974496947,295,208,87,70.50847457627118,49.36539670814359,-51.69363531937066,335.38477583912857,-291.1547161185109,2.283124734563701,2.477966101694915,28,45,62.22222222222222,5.708980012920928,-1.5209089970708134,0.8970104068993281,1.9187906578769605,102
7,42,0.45,0.3,-0.4,10,45,5,10000,15349.456242509,5349.456242508999,53.49456242508999,12.050972973577936,2.1072610383839376,2.399633454290383,-4.254161299999415,2.833658740862369,4.507116974496947,295,208,87,70.50847457627118,49.36539670814359,-51.69363531937066,335.38477583912857,-291.1547161185109,2.283124734563701,2.477966101694915,28,45,62.22222222222222,5.708980012920928,-1.5209089970708134,0.8970104068993281,1.9664894974864104,155
7,42,0.45,0.5,-0.1999999999999999,5,35,5,10000,15349.456242509,5349.456242508999,53.49456242508999,12.050972973577936,2.1072610383839376,2.399633454290383,-4.254161299999415,2.833658740862369,4.507116974496947,295,208,87,70.50847457627118,49.36539670814359,-51.69363531937066,335.38477583912857,-291.1547161185109,2.283124734563701,2.477966101694915,28,45,62.22222222222222,5.708980012920928,-1.5209089970708134,0.8970104068993281,1.9687757390966207,103
7,42,0.45,0.3,-0.3,5,45,5,10000,15349.456242509,5349.456242508999,53.49456242508999,12.050972973577936,2.1072610383839376,2.399633454290383,-4.254161299999415,2.833658740862369,4.507116974496947,295,208,87,70.50847457627118,49.36539670814359,-51.69363531937066,335.38477583912857,-291.1547161185109,2.283124734563701,2.477966101694915,28,45,62.22222222222222,5.708980012920928,-1.5209089970708134,0.8970104068993281,1.9972173598475944,119
7,42,0.45,0.2,-0.3,10,45,5,10000,15349.456242509,5349.456242508999,53.49456242508999,12.050972973577936,2.1072610383839376,2.399633454290383,-4.254161299999415,2.833658740862369,4.507116974496947,295,208,87,70.50847457627118,49.36539670814359,-51.69363531937066,335.38477583912857,-291.1547161185109,2.283124734563701,2.477966101694915,28,45,62.22222222222222,5.708980012920928,-1.5209089970708134,0.8970104068993281,1.9197865985021771,102
7,42,0.45,0.3,-0.1999999999999999,5,55,5,10000,15349.456242509,5349.456242508999,53.49456242508999,12.050972973577936,2.1072610383839376,2.399633454290383,-4.254161299999415,2.833658740862369,4.507116974496947,295,208,87,70.50847457627118,49.36539670814359,-51.69363531937066,335.38477583912857,-291.1547161185109,2.283124734563701,2.477966101694915,28,45,62.22222222222222,5.708980012920928,-1.5209089970708134,0.8970104068993281,1.964225521713621,52
7,42,0.45,0.3,-0.3,10,60,5,10000,15349.456242509,5349.456242508999,53.49456242508999,12.050972973577936,2.1072610383839376,2.399633454290383,-4.254161299999415,2.833658740862369,4.507116974496947,295,208,87,70.50847457627118,49.36539670814359,-51.69363531937066,335.38477583912857,-291.1547161185109,2.283124734563701,2.477966101694915,28,45,62.22222222222222,5.708980012920928,-1.5209089970708134,0.8970104068993281,1.8205540340546584,35
7,42,0.45,0.3,-0.4,5,45,5,10000,15349.456242509,5349.456242508999,53.49456242508999,12.050972973577936,2.1072610383839376,2.399633454290383,-4.254161299999415,2.833658740862369,4.507116974496947,295,208,87,70.50847457627118,49.36539670814359,-51.69363531937066,335.38477583912857,-291.1547161185109,2.283124734563701,2.477966101694915,28,45,62.22222222222222,5.708980012920928,-1.5209089970708134,0.8970104068993281,2.0119764623692498,143
7,42,0.45,0.2,-0.5,10,35,5,10000,15349.456242509,5349.456242508999,53.49456242508999,12.050972973577936,2.1072610383839376,2.399633454290383,-4.254161299999415,2.833658740862369,4.507116974496947,295,208,87,70.50847457627118,49.36539670814359,-51.69363531937066,335.38477583912857,-291.1547161185109,2.283124734563701,2.477966101694915,28,45,62.22222222222222,5.708980012920928,-1.5209089970708134,0.8970104068993281,1.9169844668567324,67
7,42,0.45,0.2,-0.4,10,40,5,10000,15349.456242509,5349.456242508999,53.49456242508999,12.050972973577936,2.1072610383839376,2.399633454290383,-4.254161299999415,2.833658740862369,4.507116974496947,295,208,87,70.50847457627118,49.36539670814359,-51.69363531937066,335.38477583912857,-291.1547161185109,2.283124734563701,2.477966101694915,28,45,62.22222222222222,5.708980012920928,-1.5209089970708134,0.8970104068993281,1.910862844784719,124
7,42,0.45,0.2,-0.3,5,55,5,10000,15349.456242509,5349.456242508999,53.49456242508999,12.050972973577936,2.1072610383839376,2.399633454290383,-4.254161299999415,2.833658740862369,4.507116974496947,295,208,87,70.50847457627118,49.36539670814359,-51.69363531937066,335.38477583912857,-291.1547161185109,2.283124734563701,2.477966101694915,28,45,62.22222222222222,5.708980012920928,-1.5209089970708134,0.8970104068993281,1.965011069369043,59
7,42,0.45,0.5,-0.4,10,45,5,10000,15349.456242509,5349.456242508999,53.49456242508999,12.050972973577936,2.1072610383839376,2.399633454290383,-4.254161299999415,2.833658740862369,4.507116974496947,295,208,87,70.50847457627118,49.36539670814359,-51.69363531937066,335.38477583912857,-291.1547161185109,2.283124734563701,2.477966101694915,28,45,62.22222222222222,5.708980012920928,-1.5209089970708134,0.8970104068993281,1.891414105377728,50
7,42,0.45,0.3,-0.1999999999999999,5,35,5,10000,15349.456242509,5349.456242508999,53.49456242508999,12.050972973577936,2.1072610383839376,2.399633454290383,-4.254161299999415,2.833658740862369,4.507116974496947,295,208,87,70.50847457627118,49.36539670814359,-51.69363531937066,335.38477583912857,-291.1547161185109,2.283124734563701,2.477966101694915,28,45,62.22222222222222,5.708980012920928,-1.5209089970708134,0.8970104068993281,1.9910166923618644,95
7,42,0.45,0.3,-0.5,10,40,5,10000,15349.456242509,5349.456242508999,53.49456242508999,12.050972973577936,2.1072610383839376,2.399633454290383,-4.254161299999415,2.833658740862369,4.507116974496947,295,208,87,70.50847457627118,49.36539670814359,-51.69363531937066,335.38477583912857,-291.1547161185109,2.283124734563701,2.477966101694915,28,45,62.22222222222222,5.708980012920928,-1.5209089970708134,0.8970104068993281,1.916189621454004,115
7,42,0.45,0.3,-0.4,10,35,5,10000,15349.456242509,5349.456242508999,53.49456242508999,12.050972973577936,2.1072610383839376,2.399633454290383,-4.254161299999415,2.833658740862369,4.507116974496947,295,208,87,70.50847457627118,49.36539670814359,-51.69363531937066,335.38477583912857,-291.1547161185109,2.283124734563701,2.477966101694915,28,45,62.22222222222222,5.708980012920928,-1.5209089970708134,0.8970104068993281,1.9440579406717489,99
7,42,0.45,0.5,-0.3,10,35,5,10000,15349.456242509,5349.456242508999,53.49456242508999,12.050972973577936,2.1072610383839376,2.399633454290383,-4.254161299999415,2.833658740862369,4.507116974496947,295,208,87,70.50847457627118,49.36539670814359,-51.69363531937066,335.38477583912857,-291.1547161185109,2.283124734563701,2.477966101694915,28,45,62.22222222222222,5.708980012920928,-1.5209089970708134,0.8970104068993281,1.9419368566436352,133
7,42,0.45,0.3,-0.5,10,35,5,10000,15349.456242509,5349.456242508999,53.49456242508999,12.050972973577936,2.1072610383839376,2.399633454290383,-4.254161299999415,2.833658740862369,4.507116974496947,295,208,87,70.50847457627118,49.36539670814359,-51.69363531937066,335.38477583912857,-291.1547161185109,2.283124734563701,2.477966101694915,28,45,62.22222222222222,5.708980012920928,-1.5209089970708134,0.8970104068993281,1.946196789711052,80
7,42,0.45,0.4,-0.3,10,50,5,10000,15349.456242509,5349.456242508999,53.49456242508999,12.050972973577936,2.1072610383839376,2.399633454290383,-4.254161299999415,2.833658740862369,4.507116974496947,295,208,87,70.50847457627118,49.36539670814359,-51.69363531937066,335.38477583912857,-291.1547161185109,2.283124734563701,2.477966101694915,28,45,62.22222222222222,5.708980012920928,-1.5209089970708134,0.8970104068993281,1.9600878750003017,87
7,42,0.45,0.2,-0.5,10,45,5,10000,15349.456242509,5349.456242508999,53.49456242508999,12.050972973577936,2.1072610383839376,2.399633454290383,-4.254161299999415,2.833658740862369,4.507116974496947,295,208,87,70.50847457627118,49.36539670814359,-51.69363531937066,335.38477583912857,-291.1547161185109,2.283124734563701,2.477966101694915,28,45,62.22222222222222,5.708980012920928,-1.5209089970708134,0.8970104068993281,1.9279513606426533,94
7,42,0.45,0.4,-0.4,10,35,5,10000,15349.456242509,5349.456242508999,53.49456242508999,12.050972973577936,2.1072610383839376,2.399633454290383,-4.254161299999415,2.833658740862369,4.507116974496947,295,208,87,70.50847457627118,49.36539670814359,-51.69363531937066,335.38477583912857,-291.1547161185109,2.283124734563701,2.477966101694915,28,45,62.22222222222222,5.708980012920928,-1.5209089970708134,0.8970104068993281,1.9083678023057868,93
7,42,0.45,0.3,-0.5,10,45,5,10000,15349.456242509,5349.456242508999,53.49456242508999,12.050972973577936,2.1072610383839376,2.399633454290383,-4.254161299999415,2.833658740862369,4.507116974496947,295,208,87,70.50847457627118,49.36539670814359,-51.69363531937066,335.38477583912857,-291.1547161185109,2.283124734563701,2.477966101694915,28,45,62.22222222222222,5.708980012920928,-1.5209089970708134,0.8970104068993281,1.9705261384365764,108
7,42,0.45,0.4,-0.4,5,40,5,10000,15349.456242509,5349.456242508999,53.49456242508999,12.050972973577936,2.1072610383839376,2.399633454290383,-4.254161299999415,2.833658740862369,4.507116974496947,295,208,87,70.50847457627118,49.36539670814359,-51.69363531937066,335.38477583912857,-291.1547161185109,2.283124734563701,2.477966101694915,28,45,62.22222222222222,5.708980012920928,-1.5209089970708134,0.8970104068993281,1.9706939246100263,105
7,42,0.45,0.6,-0.4,10,35,5,10000,15349.456242509,5349.456242508999,53.49456242508999,12.050972973577936,2.1072610383839376,2.399633454290383,-4.254161299999415,2.833658740862369,4.507116974496947,295,208,87,70.50847457627118,49.36539670814359,-51.69363531937066,335.38477583912857,-291.1547161185109,2.283124734563701,2.477966101694915,28,45,62.22222222222222,5.708980012920928,-1.5209089970708134,0.8970104068993281,1.7809180810117666,40
7,42,0.45,0.3,-0.5,10,55,5,10000,15349.456242509,5349.456242508999,53.49456242508999,12.050972973577936,2.1072610383839376,2.399633454290383,-4.254161299999415,2.833658740862369,4.507116974496947,295,208,87,70.50847457627118,49.36539670814359,-51.69363531937066,335.38477583912857,-291.1547161185109,2.283124734563701,2.477966101694915,28,45,62.22222222222222,5.708980012920928,-1.5209089970708134,0.8970104068993281,1.8790089443350395,33
7,42,0.45,0.4,-0.3,10,60,5,10000,15349.456242509,5349.456242508999,53.49456242508999,12.050972973577936,2.1072610383839376,2.399633454290383,-4.254161299999415,2.833658740862369,4.507116974496947,295,208,87,70.50847457627118,49.36539670814359,-51.69363531937066,335.38477583912857,-291.1547161185109,2.283124734563701,2.477966101694915,28,45,62.22222222222222,5.708980012920928,-1.5209089970708134,0.8970104068993281,1.8719279163916016,30
7,42,0.45,0.6,-0.4,10,45,5,10000,15349.456242509,5349.456242508999,53.49456242508999,12.050972973577936,2.1072610383839376,2.399633454290383,-4.254161299999415,2.833658740862369,4.507116974496947,295,208,87,70.50847457627118,49.36539670814359,-51.69363531937066,335.38477583912857,-291.1547161185109,2.283124734563701,2.477966101694915,28,45,62.22222222222222,5.708980012920928,-1.5209089970708134,0.8970104068993281,1.8080683393607568,15
7,42,0.45,0.2,-0.5,5,40,5,10000,15349.456242509,5349.456242508999,53.49456242508999,12.050972973577936,2.1072610383839376,2.399633454290383,-4.254161299999415,2.833658740862369,4.507116974496947,295,208,87,70.50847457627118,49.36539670814359,-51.69363531937066,335.38477583912857,-291.1547161185109,2.283124734563701,2.477966101694915,28,45,62.22222222222222,5.708980012920928,-1.5209089970708134,0.8970104068993281,2.01279617499606,82
7,36,0.45,0.5,-0.3,10,25,2,10000,17972.382418665675,7972.382418665675,79.72382418665674,16.8446053389927,2.101096612089902,2.238180779875172,-6.750516395335026,2.4953061888173824,6.569869481281561,225,157,68,69.77777777777779,96.61248402252023,-99.41584665985518,722.6584276846917,-384.7623575152636,2.2437185201399745,3.373333333333333,27,45,60.0,7.673586664760235,-3.185226716250855,1.2896667249026872,1.959145123110486,101
7,45,0.45,0.4,-0.1999999999999999,10,45,5,10000,15238.348909415929,5238.348909415927,52.38348909415927,11.835020870736336,2.097661993371345,2.40770297530899,-3.644398984980393,3.2474547708721877,4.432393664980041,268,187,81,69.77611940298507,52.53570707578808,-51.89664584884901,335.38477583912857,-291.1547161185109,2.3370708563889497,2.626865671641791,28,45,62.22222222222222,5.676406646871324,-1.513585638450221,0.8939693736662234,1.7218930054876291,16
7,45,0.45,0.3,-0.1999999999999999,5,55,5,10000,15238.348909415929,5238.348909415927,52.38348909415927,11.835020870736336,2.097661993371345,2.40770297530899,-3.644398984980393,3.2474547708721877,4.432393664980041,268,187,81,69.77611940298507,52.53570707578808,-51.89664584884901,335.38477583912857,-291.1547161185109,2.3370708563889497,2.626865671641791,28,45,62.22222222222222,5.676406646871324,-1.513585638450221,0.8939693736662234,1.782456907208616,15
7,45,0.45,0.2,-0.1999999999999999,5,45,5,10000,15238.348909415929,5238.348909415927,52.38348909415927,11.835020870736336,2.097661993371345,2.40770297530899,-3.644398984980393,3.2474547708721877,4.432393664980041,268,187,81,69.77611940298507,52.53570707578808,-51.89664584884901,335.38477583912857,-291.1547161185109,2.3370708563889497,2.626865671641791,28,45,62.22222222222222,5.676406646871324,-1.513585638450221,0.8939693736662234,1.8239092012564524,14
7,45,0.45,0.2,-0.3,5,45,5,10000,15238.348909415929,5238.348909415927,52.38348909415927,11.835020870736336,2.097661993371345,2.40770297530899,-3.644398984980393,3.2474547708721877,4.432393664980041,268,187,81,69.77611940298507,52.53570707578808,-51.89664584884901,335.38477583912857,-291.1547161185109,2.3370708563889497,2.626865671641791,28,45,62.22222222222222,5.676406646871324,-1.513585638450221,0.8939693736662234,1.76231038853019,26
7,42,0.45,0.2,-0.1999999999999999,10,30,5,10000,15317.753087997322,5317.753087997322,53.177530879973226,11.989470990925488,2.0909251481332816,2.3773526195769525,-4.265657273473762,2.8116035766524874,4.516228572023509,294,207,87,70.40816326530613,49.44444135643571,-51.69363531937066,335.38477583912857,-291.1547161185109,2.275786372669846,2.4761904761904763,28,45,62.22222222222222,5.724858454369941,-1.525049184032068,0.8922423678640101,1.7789505126450311,71
7,42,0.45,0.6,-0.3,10,30,5,10000,15317.753087997322,5317.753087997322,53.177530879973226,11.989470990925488,2.0909251481332816,2.3773526195769525,-4.265657273473762,2.8116035766524874,4.516228572023509,294,207,87,70.40816326530613,49.44444135643571,-51.69363531937066,335.38477583912857,-291.1547161185109,2.275786372669846,2.4761904761904763,28,45,62.22222222222222,5.724858454369941,-1.525049184032068,0.8922423678640101,1.9278994669589464,74
7,42,0.45,0.3,-0.1999999999999999,5,30,5,10000,15317.753087997322,5317.753087997322,53.177530879973226,11.989470990925488,2.0909251481332816,2.3773526195769525,-4.265657273473762,2.8116035766524874,4.516228572023509,294,207,87,70.40816326530613,49.44444135643571,-51.69363531937066,335.38477583912857,-291.1547161185109,2.275786372669846,2.4761904761904763,28,45,62.22222222222222,5.724858454369941,-1.525049184032068,0.8922423678640101,1.951419892340799,118
7,42,0.45,0.5,-0.1999999999999999,10,30,5,10000,15317.753087997322,5317.753087997322,53.177530879973226,11.989470990925488,2.0909251481332816,2.3773526195769525,-4.265657273473762,2.8116035766524874,4.516228572023509,294,207,87,70.40816326530613,49.44444135643571,-51.69363531937066,335.38477583912857,-291.1547161185109,2.275786372669846,2.4761904761904763,28,45,62.22222222222222,5.724858454369941,-1.525049184032068,0.8922423678640101,1.868846223925837,140
7,42,0.45,0.4,-0.1999999999999999,5,30,5,10000,15317.753087997322,5317.753087997322,53.177530879973226,11.989470990925488,2.0909251481332816,2.3773526195769525,-4.265657273473762,2.8116035766524874,4.516228572023509,294,207,87,70.40816326530613,49.44444135643571,-51.69363531937066,335.38477583912857,-291.1547161185109,2.275786372669846,2.4761904761904763,28,45,62.22222222222222,5.724858454369941,-1.525049184032068,0.8922423678640101,1.9752656572904783,138
7,42,0.45,0.4,-0.1999999999999999,10,30,5,10000,15317.753087997322,5317.753087997322,53.177530879973226,11.989470990925488,2.0909251481332816,2.3773526195769525,-4.265657273473762,2.8116035766524874,4.516228572023509,294,207,87,70.40816326530613,49.44444135643571,-51.69363531937066,335.38477583912857,-291.1547161185109,2.275786372669846,2.4761904761904763,28,45,62.22222222222222,5.724858454369941,-1.525049184032068,0.8922423678640101,1.879010047735864,156
7,42,0.45,0.3,-0.3,10,30,5,10000,15317.753087997322,5317.753087997322,53.177530879973226,11.989470990925488,2.0909251481332816,2.3773526195769525,-4.265657273473762,2.8116035766524874,4.516228572023509,294,207,87,70.40816326530613,49.44444135643571,-51.69363531937066,335.38477583912857,-291.1547161185109,2.275786372669846,2.4761904761904763,28,45,62.22222222222222,5.724858454369941,-1.525049184032068,0.8922423678640101,1.917871945748755,136
7,42,0.45,0.3,-0.1999999999999999,10,30,5,10000,15317.753087997322,5317.753087997322,53.177530879973226,11.989470990925488,2.0909251481332816,2.3773526195769525,-4.265657273473762,2.8116035766524874,4.516228572023509,294,207,87,70.40816326530613,49.44444135643571,-51.69363531937066,335.38477583912857,-291.1547161185109,2.275786372669846,2.4761904761904763,28,45,62.22222222222222,5.724858454369941,-1.525049184032068,0.8922423678640101,1.8483448784946328,134
7,42,0.45,0.6,-0.1999999999999999,10,30,5,10000,15317.753087997322,5317.753087997322,53.177530879973226,11.989470990925488,2.0909251481332816,2.3773526195769525,-4.265657273473762,2.8116035766524874,4.516228572023509,294,207,87,70.40816326530613,49.44444135643571,-51.69363531937066,335.38477583912857,-291.1547161185109,2.275786372669846,2.4761904761904763,28,45,62.22222222222222,5.724858454369941,-1.525049184032068,0.8922423678640101,1.871104637310735,71
7,42,0.45,0.2,-0.4,5,30,5,10000,15317.753087997322,5317.753087997322,53.177530879973226,11.989470990925488,2.0909251481332816,2.3773526195769525,-4.265657273473762,2.8116035766524874,4.516228572023509,294,207,87,70.40816326530613,49.44444135643571,-51.69363531937066,335.38477583912857,-291.1547161185109,2.275786372669846,2.4761904761904763,28,45,62.22222222222222,5.724858454369941,-1.525049184032068,0.8922423678640101,1.923481172990206,40
7,42,0.45,0.2,-0.5,10,30,5,10000,15317.753087997322,5317.753087997322,53.177530879973226,11.989470990925488,2.0909251481332816,2.3773526195769525,-4.265657273473762,2.8116035766524874,4.516228572023509,294,207,87,70.40816326530613,49.44444135643571,-51.69363531937066,335.38477583912857,-291.1547161185109,2.275786372669846,2.4761904761904763,28,45,62.22222222222222,5.724858454369941,-1.525049184032068,0.8922423678640101,1.8157363705167997,33
7,39,0.45,0.1,-0.5,10,30,5,10000,15996.83671023202,5996.836710232019,59.96836710232019,13.28691858910691,2.087769606313462,2.4936163280470907,-4.153230380417444,3.2001185631327247,5.088641415720444,298,211,87,70.80536912751678,54.11911695100987,-56.73674674059023,416.2219642288031,-273.0836644471019,2.3133933053423736,2.389261744966443,29,45,64.44444444444444,4.242303960616667,-1.6426114869094954,0.994053999020306,1.7491383655494337,21
7,39,0.45,0.2,-0.3,5,45,2,10000,17703.801870505424,7703.801870505424,77.03801870505423,16.37836544124005,2.081909721529676,2.287974662481557,-6.480545015342666,2.527932940502285,6.435456614955217,234,165,69,70.51282051282051,89.90379126859098,-97.06411143206172,639.5422523691113,-384.7623575152636,2.2149002733838152,3.2777777777777777,28,45,62.22222222222222,7.949646565584434,-3.3327591885937147,1.2314617666524956,1.990190649892165,113
7,39,0.45,0.2,-0.4,5,40,2,10000,17703.801870505424,7703.801870505424,77.03801870505423,16.37836544124005,2.081909721529676,2.287974662481557,-6.480545015342666,2.527932940502285,6.435456614955217,234,165,69,70.51282051282051,89.90379126859098,-97.06411143206172,639.5422523691113,-384.7623575152636,2.2149002733838152,3.2777777777777777,28,45,62.22222222222222,7.949646565584434,-3.3327591885937147,1.2314617666524956,2.0039286789368527,129
7,39,0.45,0.2,-0.5,10,40,2,10000,17703.801870505424,7703.801870505424,77.03801870505423,16.37836544124005,2.081909721529676,2.287974662481557,-6.480545015342666,2.527932940502285,6.435456614955217,234,165,69,70.51282051282051,89.90379126859098,-97.06411143206172,639.5422523691113,-384.7623575152636,2.2149002733838152,3.2777777777777777,28,45,62.22222222222222,7.949646565584434,-3.3327591885937147,1.2314617666524956,1.9011488021458316,116
7,39,0.45,0.2,-0.4,10,45,2,10000,17703.801870505424,7703.801870505424,77.03801870505423,16.37836544124005,2.081909721529676,2.287974662481557,-6.480545015342666,2.527932940502285,6.435456614955217,234,165,69,70.51282051282051,89.90379126859098,-97.06411143206172,639.5422523691113,-384.7623575152636,2.2149002733838152,3.2777777777777777,28,45,62.22222222222222,7.949646565584434,-3.3327591885937147,1.2314617666524956,1.9403936270305704,155
7,33,0.45,0.2,-0.4,10,55,5,10000,18451.16319662125,8451.163196621255,84.51163196621255,17.663200871454098,2.060382715835719,2.481651001259523,-6.859656680910356,2.5755316666130783,7.056543444820987,303,211,92,69.63696369636963,77.94282873432479,-79.36819202523291,501.6123925403068,-363.8744700320137,2.2522899757628565,2.445544554455445,26,45,57.77777777777777,9.229625705161414,-2.2697455942240263,1.3273856016801078,1.9526059058932583,18
7,39,0.45,0.2,-0.5,10,30,2,10000,17535.41718686449,7535.417186864492,75.35417186864491,16.083403997857637,2.052660993150387,2.228045176782826,-6.5104687193662985,2.471006663834759,6.402316467503595,233,165,68,70.81545064377683,89.19925165756234,-99.31557847990378,639.5422523691113,-438.9640614220028,2.17930926801649,3.274678111587983,27,45,60.0,7.987694272148693,-3.370053161247555,1.209562409026915,1.83791113639106,39
7,39,0.45,0.4,-0.3,5,25,2,10000,17759.93891798465,7759.938917984651,77.59938917984651,16.476243315102778,2.0507068098406798,2.170640407410888,-6.734600517636145,2.446506407017883,6.577318682765728,224,156,68,69.64285714285714,95.9943634881594,-99.79679097306438,639.5422523691113,-384.7623575152636,2.2067078625384333,3.3794642857142856,27,45,60.0,7.673898662438883,-3.3206022094123377,1.2625409486187544,2.051055295121874,112
7,39,0.45,0.4,-0.5,10,25,2,10000,17759.93891798465,7759.938917984651,77.59938917984651,16.476243315102778,2.0507068098406798,2.170640407410888,-6.734600517636145,2.446506407017883,6.577318682765728,224,156,68,69.64285714285714,95.9943634881594,-99.79679097306438,639.5422523691113,-384.7623575152636,2.2067078625384333,3.3794642857142856,27,45,60.0,7.673898662438883,-3.3206022094123377,1.2625409486187544,1.8903579192499027,17
7,39,0.45,0.2,-0.1999999999999999,10,35,2,10000,17379.77661281348,7379.776612813479,73.7977661281348,15.808910712788691,2.0443778022573214,2.203328180262472,-6.201077638729815,2.5500259390356206,6.309392575991351,237,167,70,70.46413502109705,87.06494346366236,-96.232413508833,639.5422523691113,-387.55994501363466,2.158441961835452,3.2278481012658227,28,45,62.22222222222222,8.019206308194438,-2.3128667869998787,1.188690349134051,1.8028001126044,72
7,42,0.45,0.4,-0.1999999999999999,5,25,5,10000,15172.461253250682,5172.461253250682,51.72461253250682,11.706412552299897,2.0443553233730816,2.291028010464852,-4.312114222234534,2.714773298893192,4.492929994230662,290,205,85,70.6896551724138,48.79741327084464,-51.98715843850408,335.38477583912857,-291.1547161185109,2.263787492909272,2.486206896551724,28,45,62.22222222222222,5.789051112427823,-1.541781972205869,0.8937442668741908,1.9819725254752216,99
7,42,0.45,0.4,-0.1999999999999999,10,25,5,10000,15172.461253250682,5172.461253250682,51.72461253250682,11.706412552299897,2.0443553233730816,2.291028010464852,-4.312114222234534,2.714773298893192,4.492929994230662,290,205,85,70.6896551724138,48.79741327084464,-51.98715843850408,335.38477583912857,-291.1547161185109,2.263787492909272,2.486206896551724,28,45,62.22222222222222,5.789051112427823,-1.541781972205869,0.8937442668741908,1.8890751672528336,111
7,42,0.45,0.5,-0.1999999999999999,10,25,5,10000,15172.461253250682,5172.461253250682,51.72461253250682,11.706412552299897,2.0443553233730816,2.291028010464852,-4.312114222234534,2.714773298893192,4.492929994230662,290,205,85,70.6896551724138,48.79741327084464,-51.98715843850408,335.38477583912857,-291.1547161185109,2.263787492909272,2.486206896551724,28,45,62.22222222222222,5.789051112427823,-1.541781972205869,0.8937442668741908,1.8696406001831485,104
7,42,0.45,0.5,-0.3,10,25,5,10000,15172.461253250682,5172.461253250682,51.72461253250682,11.706412552299897,2.0443553233730816,2.291028010464852,-4.312114222234534,2.714773298893192,4.492929994230662,290,205,85,70.6896551724138,48.79741327084464,-51.98715843850408,335.38477583912857,-291.1547161185109,2.263787492909272,2.486206896551724,28,45,62.22222222222222,5.789051112427823,-1.541781972205869,0.8937442668741908,1.9610571925487443,97
7,42,0.45,0.2,-0.1999999999999999,10,25,5,10000,15172.461253250682,5172.461253250682,51.72461253250682,11.706412552299897,2.0443553233730816,2.291028010464852,-4.312114222234534,2.714773298893192,4.492929994230662,290,205,85,70.6896551724138,48.79741327084464,-51.98715843850408,335.38477583912857,-291.1547161185109,2.263787492909272,2.486206896551724,28,45,62.22222222222222,5.789051112427823,-1.541781972205869,0.8937442668741908,1.7844272684136362,45
14,36,0.45,0.5,-0.3,10,60,2,10000,22630.06198906015,12630.061989060148,126.30061989060148,24.21790537258033,2.0416268527951784,2.344977707910539,-11.66121189164194,2.0775270314304963,9.901560009303736,159,116,43,72.95597484276729,185.9180061029902,-193.71678432437443,793.4218750550083,-809.3841886420573,2.589069660490503,8.817610062893081,27,45,60.0,8.975523061090996,-3.5828008422376323,1.816453176602007,1.9273000986676083,8
7,39,0.45,0.6,-0.1999999999999999,5,30,2,10000,17486.373437663162,7486.373437663162,74.86373437663161,15.99710245272723,2.0395830285635395,2.142245083460589,-6.770806372834601,2.3632498382893297,6.407054901501742,232,162,70,69.82758620689656,91.6381899739766,-99.0373334017316,722.6584276846917,-387.55994501363466,2.141383927205641,3.3232758620689653,27,45,60.0,7.729465380303746,-2.30921311519654,1.2036170626252478,1.935836866285194,74
7,39,0.45,0.6,-0.1999999999999999,10,30,2,10000,17486.373437663162,7486.373437663162,74.86373437663161,15.99710245272723,2.0395830285635395,2.142245083460589,-6.770806372834601,2.3632498382893297,6.407054901501742,232,162,70,69.82758620689656,91.6381899739766,-99.0373334017316,722.6584276846917,-387.55994501363466,2.141383927205641,3.3232758620689653,27,45,60.0,7.729465380303746,-2.30921311519654,1.2036170626252478,1.8656078402708405,83
7,39,0.45,0.5,-0.1999999999999999,10,30,2,10000,17486.373437663162,7486.373437663162,74.86373437663161,15.99710245272723,2.0395830285635395,2.142245083460589,-6.770806372834601,2.3632498382893297,6.407054901501742,232,162,70,69.82758620689656,91.6381899739766,-99.0373334017316,722.6584276846917,-387.55994501363466,2.141383927205641,3.3232758620689653,27,45,60.0,7.729465380303746,-2.30921311519654,1.2036170626252478,1.8719284012333253,164
7,36,0.45,0.3,-0.1,5,30,5,10000,16842.89114233467,6842.891142334669,68.42891142334669,14.847958853099264,2.038135001135424,2.052478084502504,-5.244413433372177,2.831951367377554,5.907274330992081,301,214,87,71.09634551495017,63.00069637895887,-70.11215957198554,639.5422523691113,-333.37466906773125,2.2102760936128787,2.4152823920265782,27,45,60.0,8.171452108517041,-2.651483671983823,1.1179039726745792,1.9808645016102344,98
7,36,0.45,0.4,-0.4,5,40,2,10000,17831.604307962447,7831.604307962447,78.31604307962446,16.600866012322825,2.0335039864086286,2.143956194394721,-6.763939746696765,2.454914161137832,6.691058827025538,230,160,70,69.56521739130434,95.2061153894102,-99.43820220490495,639.5422523691113,-384.7623575152636,2.1884343562901165,3.360869565217391,27,45,60.0,7.693787919820361,-3.191669054936419,1.2496841553054017,2.030335745064289,97
7,39,0.45,0.5,-0.1999999999999999,10,25,2,10000,17377.262460275015,7377.262460275015,73.77262460275014,15.804461872540898,2.0296190776056697,2.1448996841031973,-6.307210804669385,2.505776699399434,6.353050798544206,227,158,69,69.60352422907489,92.02780113413488,-97.8221756364994,722.6584276846917,-387.55994501363466,2.154218364737106,3.330396475770925,27,45,60.0,7.740635348364222,-2.326289701275319,1.2123097739790207,1.8747526024850136,126
7,45,0.45,0.5,-0.4,5,25,5,10000,15055.887758250983,5055.887758250985,50.55887758250985,11.477860404442875,2.026941257441811,2.2930615780007173,-3.695834992591141,3.105620361150317,4.428922621051141,267,186,81,69.66292134831461,51.748706478027735,-51.74162526743833,335.38477583912857,-291.1547161185109,2.296610560828299,2.614232209737828,28,45,62.22222222222222,5.758435559944375,-1.52635656003538,0.8759611117615252,1.782781171570488,5
7,36,0.45,0.3,-0.3,10,25,2,10000,17635.500819455552,7635.500819455552,76.35500819455552,16.258971123258405,2.023551004393031,2.1333746942278364,-6.856467642783066,2.3713334577422183,6.5730354069553005,226,158,68,69.91150442477876,93.76690196550484,-99.21720133962292,639.5422523691113,-384.7623575152636,2.1958909506138298,3.349557522123894,27,45,60.0,7.576905046089477,-3.232929418168096,1.246412542906027,1.935649707165548,91
7,39,0.45,0.4,-0.1999999999999999,5,30,2,10000,17403.257262347583,7403.257262347583,74.03257262347583,15.850437359795544,2.021222786170231,2.121422860391031,-6.770806372834601,2.341587698179103,6.402410691890468,232,162,70,69.82758620689656,91.1251271633866,-99.0373334017316,639.5422523691113,-387.55994501363466,2.1293947722850084,3.3189655172413794,27,45,60.0,7.729465380303746,-2.30921311519654,1.1924241013836216,1.9919422545671064,160
7,39,0.45,0.4,-0.1999999999999999,10,25,2,10000,17294.146284959435,7294.146284959435,72.94146284959436,15.657119357130236,2.011007291376249,2.1236378653342243,-6.307210804669385,2.4824157368481927,6.348285881172479,227,158,69,69.60352422907489,91.50174939163122,-97.8221756364994,639.5422523691113,-387.55994501363466,2.1419043649398968,3.3259911894273126,27,45,60.0,7.740635348364222,-2.326289701275319,1.201042310974368,1.921762911459779,134
7,39,0.45,0.6,-0.1999999999999999,10,40,2,10000,17412.80475181589,7412.804751815889,74.1280475181589,15.86731078219541,2.0066780774756383,2.105091001202644,-6.292242498623423,2.5223616092008503,6.457848516531237,232,161,71,69.39655172413794,91.40124835618788,-96.96051033141586,722.6584276846917,-387.55994501363466,2.13759173709658,3.3232758620689653,27,45,60.0,7.76159639367886,-2.3206994296465555,1.195165256760243,1.6794975410976818,28
7,39,0.45,0.5,-0.1999999999999999,10,35,2,10000,17412.80475181589,7412.804751815889,74.1280475181589,15.86731078219541,2.0066780774756383,2.105091001202644,-6.292242498623423,2.5223616092008503,6.457848516531237,232,161,71,69.39655172413794,91.40124835618788,-96.96051033141586,722.6584276846917,-387.55994501363466,2.13759173709658,3.3232758620689653,27,45,60.0,7.76159639367886,-2.3206994296465555,1.195165256760243,1.855872161104409,139
7,36,0.45,0.3,-0.1,10,40,5,10000,16772.086750006536,6772.086750006536,67.72086750006537,14.719556574952565,2.000837319854164,2.012447620742149,-5.272259460363586,2.7926389422587032,5.96304751363347,303,215,88,70.95709570957096,62.84370616426171,-70.42284176488573,639.5422523691113,-333.37466906773125,2.1802386333725368,2.4125412541254128,27,45,60.0,8.22156951709716,-2.6645904270447,1.1092436264462626,1.7889568670589344,42
7,36,0.45,0.2,-0.1,5,60,5,10000,16772.086750006536,6772.086750006536,67.72086750006537,14.719556574952565,2.000837319854164,2.012447620742149,-5.272259460363586,2.7926389422587032,5.96304751363347,303,215,88,70.95709570957096,62.84370616426171,-70.42284176488573,639.5422523691113,-333.37466906773125,2.1802386333725368,2.4125412541254128,27,45,60.0,8.22156951709716,-2.6645904270447,1.1092436264462626,1.8338021639180888,11
7,39,0.45,0.3,-0.1999999999999999,10,30,2,10000,17320.406101380322,7320.406101380322,73.20406101380323,15.703727010338753,1.996749158196331,2.094227261519541,-6.8080814824858535,2.307217023679289,6.417814534593836,233,163,70,69.95708154506438,90.05778797240103,-99.0373334017316,639.5422523691113,-387.55994501363466,2.1174438445574117,3.300429184549356,27,45,60.0,7.496674413543825,-2.3221568305306417,1.1814826798747933,1.868495086496608,159
7,36,0.45,0.3,-0.5,10,55,2,10000,17643.30222142644,7643.302221426438,76.43302221426438,16.272625601907677,1.9947686641964055,2.0838911769418944,-6.853000063854085,2.375111567955957,6.679048264017736,231,161,70,69.6969696969697,93.1117340969459,-98.70838525974293,639.5422523691113,-384.7623575152636,2.16959266286688,3.341991341991342,27,45,60.0,7.596909104856198,-3.231267630773327,1.225717884337396,1.9602809851067065,32
7,36,0.45,0.3,-0.4,10,45,2,10000,17643.30222142644,7643.302221426438,76.43302221426438,16.272625601907677,1.9947686641964055,2.0838911769418944,-6.853000063854085,2.375111567955957,6.679048264017736,231,161,70,69.6969696969697,93.1117340969459,-98.70838525974293,639.5422523691113,-384.7623575152636,2.16959266286688,3.341991341991342,27,45,60.0,7.596909104856198,-3.231267630773327,1.225717884337396,2.0188198387580907,145
7,36,0.45,0.3,-0.4,10,35,2,10000,17643.30222142644,7643.302221426438,76.43302221426438,16.272625601907677,1.9947686641964055,2.0838911769418944,-6.853000063854085,2.375111567955957,6.679048264017736,231,161,70,69.6969696969697,93.1117340969459,-98.70838525974293,639.5422523691113,-384.7623575152636,2.16959266286688,3.341991341991342,27,45,60.0,7.596909104856198,-3.231267630773327,1.225717884337396,1.9541970766067105,97
7,36,0.45,0.3,-0.4,5,45,2,10000,17643.30222142644,7643.302221426438,76.43302221426438,16.272625601907677,1.9947686641964055,2.0838911769418944,-6.853000063854085,2.375111567955957,6.679048264017736,231,161,70,69.6969696969697,93.1117340969459,-98.70838525974293,639.5422523691113,-384.7623575152636,2.16959266286688,3.341991341991342,27,45,60.0,7.596909104856198,-3.231267630773327,1.225717884337396,2.0649507383106376,134
7,36,0.45,0.3,-0.3,5,55,2,10000,17643.30222142644,7643.302221426438,76.43302221426438,16.272625601907677,1.9947686641964055,2.0838911769418944,-6.853000063854085,2.375111567955957,6.679048264017736,231,161,70,69.6969696969697,93.1117340969459,-98.70838525974293,639.5422523691113,-384.7623575152636,2.16959266286688,3.341991341991342,27,45,60.0,7.596909104856198,-3.231267630773327,1.225717884337396,2.051799459830284,69
7,36,0.45,0.2,-0.1,10,25,5,10000,16705.385075984952,6705.385075984952,67.05385075984952,14.59822979157046,1.993460445274567,1.9894872773771255,-5.298763826061686,2.75502556271141,5.929204559673251,296,211,85,71.28378378378379,62.899451902966426,-70.9964620651902,639.5422523691113,-333.37466906773125,2.19924535516076,2.418918918918919,27,45,60.0,8.112037182538568,-2.6770568066466938,1.121763724709222,1.8799575568286404,35
7,36,0.45,0.4,-0.1,10,25,5,10000,16705.385075984952,6705.385075984952,67.05385075984952,14.59822979157046,1.993460445274567,1.9894872773771255,-5.298763826061686,2.75502556271141,5.929204559673251,296,211,85,71.28378378378379,62.899451902966426,-70.9964620651902,639.5422523691113,-333.37466906773125,2.19924535516076,2.418918918918919,27,45,60.0,8.112037182538568,-2.6770568066466938,1.121763724709222,1.9534922155577903,94
7,39,0.45,0.4,-0.1999999999999999,5,35,2,10000,17329.68857650031,7329.68857650031,73.2968857650031,15.720189743761528,1.988360148482484,2.0843703166614325,-6.292242498623423,2.4989794656196462,6.4531877960798125,232,161,71,69.39655172413794,90.88499882006624,-96.96051033141586,639.5422523691113,-387.55994501363466,2.125518261487219,3.3189655172413794,27,45,60.0,7.76159639367886,-2.3206994296465555,1.183922170968679,1.998332906574184,130
7,36,0.45,0.3,-0.1999999999999999,5,25,2,10000,17276.33343903762,7276.333439037618,72.76333439037619,15.62547434850905,1.9877128562400816,2.060689540654651,-6.316154389386291,2.473890501278152,6.4109391837092256,229,160,69,69.86899563318777,90.77011863946623,-98.90413830836414,639.5422523691113,-387.55994501363466,2.1281357699114443,3.296943231441048,27,45,60.0,7.643678570825263,-3.3116225215105266,1.199688694995847,2.011390626885058,83
7,39,0.45,0.6,-0.4,10,35,2,10000,17632.021799777598,7632.021799777598,76.32021799777598,16.25288050533744,1.984441575153873,2.0644128001607127,-6.833148044634201,2.379122161913468,6.706151188568976,229,159,70,69.43231441048034,94.57039173360516,-99.61529265522546,722.6584276846917,-384.7623575152636,2.1563947067682987,3.3755458515283845,27,45,60.0,7.694499349246331,-3.366769731129182,1.2249137176985876,1.8291982376146645,45
7,39,0.45,0.6,-0.4,5,35,2,10000,17632.021799777598,7632.021799777598,76.32021799777598,16.25288050533744,1.984441575153873,2.0644128001607127,-6.833148044634201,2.379122161913468,6.706151188568976,229,159,70,69.43231441048034,94.57039173360516,-99.61529265522546,722.6584276846917,-384.7623575152636,2.1563947067682987,3.3755458515283845,27,45,60.0,7.694499349246331,-3.366769731129182,1.2249137176985876,1.9702627404000943,37
7,39,0.45,0.5,-0.5,10,45,2,10000,17632.021799777598,7632.021799777598,76.32021799777598,16.25288050533744,1.984441575153873,2.0644128001607127,-6.833148044634201,2.379122161913468,6.706151188568976,229,159,70,69.43231441048034,94.57039173360516,-99.61529265522546,722.6584276846917,-384.7623575152636,2.1563947067682987,3.3755458515283845,27,45,60.0,7.694499349246331,-3.366769731129182,1.2249137176985876,1.9334279212902776,47
7,39,0.45,0.5,-0.4,10,35,2,10000,17632.021799777598,7632.021799777598,76.32021799777598,16.25288050533744,1.984441575153873,2.0644128001607127,-6.833148044634201,2.379122161913468,6.706151188568976,229,159,70,69.43231441048034,94.57039173360516,-99.61529265522546,722.6584276846917,-384.7623575152636,2.1563947067682987,3.3755458515283845,27,45,60.0,7.694499349246331,-3.366769731129182,1.2249137176985876,1.907103724789231,77
7,36,0.45,0.5,-0.1999999999999999,5,35,2,10000,17376.207984657718,7376.207984657718,73.76207984657718,15.80259581736656,1.975016512412008,2.0317304470764745,-6.309086745768809,2.505369533221546,6.535633385430159,233,162,71,69.52789699570815,91.5270994407894,-98.94059330634256,722.6584276846917,-387.55994501363466,2.110725976420925,3.313304721030043,27,45,60.0,7.761575562854417,-3.307879210564646,1.1913960661039442,1.9894790141210128,104
7,39,0.45,0.4,-0.1,10,30,2,10000,17401.019358719543,7401.019358719543,74.01019358719543,15.846481295369207,1.974051448272917,1.949559418737736,-7.173687528818131,2.2095304046495685,6.558867063313263,236,164,72,69.49152542372882,90.7551020005401,-98.0057967967946,639.5422523691113,-333.37466906773125,2.109262526434016,3.211864406779661,26,45,57.77777777777777,7.126317583407937,-2.3095608431429104,1.1917742829848894,1.908495126732496,148
7,39,0.45,0.3,-0.1999999999999999,5,35,2,10000,17265.485808206064,7265.485808206064,72.65485808206064,15.606191493349652,1.96939964709447,2.0636050650533737,-6.319332864412257,2.470226358647964,6.465598416158234,233,162,71,69.52789699570815,89.93569161565694,-96.96051033141586,639.5422523691113,-387.55994501363466,2.116380990241541,3.300429184549356,27,45,60.0,7.523791962063231,-2.330817219617676,1.1753531553192276,1.9820398535627783,116
7,39,0.45,0.3,-0.1999999999999999,5,55,2,10000,17265.485808206064,7265.485808206064,72.65485808206064,15.606191493349652,1.96939964709447,2.0636050650533737,-6.319332864412257,2.470226358647964,6.465598416158234,233,162,71,69.52789699570815,89.93569161565694,-96.96051033141586,639.5422523691113,-387.55994501363466,2.116380990241541,3.300429184549356,27,45,60.0,7.523791962063231,-2.330817219617676,1.1753531553192276,1.984388707499559,62
7,39,0.45,0.3,-0.1999999999999999,10,60,2,10000,17265.485808206064,7265.485808206064,72.65485808206064,15.606191493349652,1.96939964709447,2.0636050650533737,-6.319332864412257,2.470226358647964,6.465598416158234,233,162,71,69.52789699570815,89.93569161565694,-96.96051033141586,639.5422523691113,-387.55994501363466,2.116380990241541,3.300429184549356,27,45,60.0,7.523791962063231,-2.330817219617676,1.1753531553192276,1.9183398122190436,35
7,39,0.45,0.4,-0.4,10,45,2,10000,17550.205624462018,7550.205624462018,75.50205624462018,16.10939219764265,1.9672291394313608,2.045084074872028,-6.833148044634201,2.35812257863794,6.701795256306036,229,159,70,69.43231441048034,94.04764849262666,-99.61529265522546,639.5422523691113,-384.7623575152636,2.1444751118805008,3.37117903930131,27,45,60.0,7.694499349246331,-3.366769731129182,1.2139930718332026,1.941352554272218,139
7,39,0.45,0.4,-0.5,10,35,2,10000,17550.205624462018,7550.205624462018,75.50205624462018,16.10939219764265,1.9672291394313608,2.045084074872028,-6.833148044634201,2.35812257863794,6.701795256306036,229,159,70,69.43231441048034,94.04764849262666,-99.61529265522546,639.5422523691113,-384.7623575152636,2.1444751118805008,3.37117903930131,27,45,60.0,7.694499349246331,-3.366769731129182,1.2139930718332026,1.920181704616408,79
7,39,0.45,0.4,-0.3,10,45,2,10000,17550.205624462018,7550.205624462018,75.50205624462018,16.10939219764265,1.9672291394313608,2.045084074872028,-6.833148044634201,2.35812257863794,6.701795256306036,229,159,70,69.43231441048034,94.04764849262666,-99.61529265522546,639.5422523691113,-384.7623575152636,2.1444751118805008,3.37117903930131,27,45,60.0,7.694499349246331,-3.366769731129182,1.2139930718332026,1.941222818367648,125
7,39,0.45,0.4,-0.3,5,45,2,10000,17550.205624462018,7550.205624462018,75.50205624462018,16.10939219764265,1.9672291394313608,2.045084074872028,-6.833148044634201,2.35812257863794,6.701795256306036,229,159,70,69.43231441048034,94.04764849262666,-99.61529265522546,639.5422523691113,-384.7623575152636,2.1444751118805008,3.37117903930131,27,45,60.0,7.694499349246331,-3.366769731129182,1.2139930718332026,1.991918255375161,115
7,39,0.45,0.1,-0.1999999999999999,10,25,5,10000,15687.144035397405,5687.144035397403,56.87144035397404,12.700345221541465,1.9658983974814055,2.222073217603227,-4.195937701317938,3.02681930133336,5.139215619209365,294,209,85,71.08843537414967,53.297418082541625,-58.52842757475391,416.2219642288031,-333.37466906773125,2.2390648624699607,2.3843537414965987,28,45,62.22222222222222,4.294831078414019,-1.6169886156866098,0.9721836797230832,1.5516455488655834,20
7,36,0.45,0.6,-0.1,10,30,2,10000,17462.207828966217,7462.207828966217,74.62207828966217,15.954513203609434,1.9652623837584693,1.912044672837064,-7.175704661084469,2.2239650459408664,6.638410492341968,237,165,72,69.62025316455697,91.46556170724536,-99.91819239901986,722.6584276846917,-333.37466906773125,2.0978019505734515,3.2067510548523206,26,45,57.77777777777777,7.152137060107,-3.288801833441435,1.2011316746315228,1.89015350430295,57
7,39,0.45,0.4,-0.3,10,30,2,10000,17533.049281026368,7533.049281026368,75.33049281026368,16.07924130540055,1.965093831194902,2.0362764701473166,-6.840752346790194,2.351093555027042,6.695628093203377,228,159,69,69.73684210526315,94.04764849262666,-101.32647578697726,639.5422523691113,-438.9640614220028,2.138814092460795,3.3684210526315788,26,45,57.77777777777777,7.73120050504168,-3.3705794948207024,1.211383347526493,1.9504268646880187,181
7,39,0.45,0.3,-0.3,5,60,2,10000,17524.882160553323,7524.882160553323,75.24882160553324,16.06488063542788,1.9630903372106,2.03941899441206,-6.844378254688994,2.347749786814356,6.696171405248555,230,160,70,69.56521739130434,93.06670838770872,-99.0784454497176,639.5422523691113,-384.7623575152636,2.147025055960824,3.3521739130434782,27,45,60.0,7.45856373774727,-3.372396128816446,1.2106752026916976,1.9808769506838404,35
7,39,0.45,0.3,-0.5,5,45,2,10000,17524.882160553323,7524.882160553323,75.24882160553324,16.06488063542788,1.9630903372106,2.03941899441206,-6.844378254688994,2.347749786814356,6.696171405248555,230,160,70,69.56521739130434,93.06670838770872,-99.0784454497176,639.5422523691113,-384.7623575152636,2.147025055960824,3.3521739130434782,27,45,60.0,7.45856373774727,-3.372396128816446,1.2106752026916976,2.0328313896753314,117
7,39,0.45,0.3,-0.4,10,35,2,10000,17524.882160553323,7524.882160553323,75.24882160553324,16.06488063542788,1.9630903372106,2.03941899441206,-6.844378254688994,2.347749786814356,6.696171405248555,230,160,70,69.56521739130434,93.06670838770872,-99.0784454497176,639.5422523691113,-384.7623575152636,2.147025055960824,3.3521739130434782,27,45,60.0,7.45856373774727,-3.372396128816446,1.2106752026916976,1.9330168921146,118
7,39,0.45,0.3,-0.4,5,55,2,10000,17524.882160553323,7524.882160553323,75.24882160553324,16.06488063542788,1.9630903372106,2.03941899441206,-6.844378254688994,2.347749786814356,6.696171405248555,230,160,70,69.56521739130434,93.06670838770872,-99.0784454497176,639.5422523691113,-384.7623575152636,2.147025055960824,3.3521739130434782,27,45,60.0,7.45856373774727,-3.372396128816446,1.2106752026916976,1.9978214929028015,74
7,39,0.45,0.3,-0.4,10,55,2,10000,17524.882160553323,7524.882160553323,75.24882160553324,16.06488063542788,1.9630903372106,2.03941899441206,-6.844378254688994,2.347749786814356,6.696171405248555,230,160,70,69.56521739130434,93.06670838770872,-99.0784454497176,639.5422523691113,-384.7623575152636,2.147025055960824,3.3521739130434782,27,45,60.0,7.45856373774727,-3.372396128816446,1.2106752026916976,1.9387168080789443,81
7,39,0.45,0.3,-0.3,5,50,2,10000,17524.882160553323,7524.882160553323,75.24882160553324,16.06488063542788,1.9630903372106,2.03941899441206,-6.844378254688994,2.347749786814356,6.696171405248555,230,160,70,69.56521739130434,93.06670838770872,-99.0784454497176,639.5422523691113,-384.7623575152636,2.147025055960824,3.3521739130434782,27,45,60.0,7.45856373774727,-3.372396128816446,1.2106752026916976,2.005068233065457,120
7,39,0.45,0.3,-0.5,10,45,2,10000,17524.882160553323,7524.882160553323,75.24882160553324,16.06488063542788,1.9630903372106,2.03941899441206,-6.844378254688994,2.347749786814356,6.696171405248555,230,160,70,69.56521739130434,93.06670838770872,-99.0784454497176,639.5422523691113,-384.7623575152636,2.147025055960824,3.3521739130434782,27,45,60.0,7.45856373774727,-3.372396128816446,1.2106752026916976,1.963148830171908,131
7,39,0.45,0.3,-0.3,10,35,2,10000,17524.882160553323,7524.882160553323,75.24882160553324,16.06488063542788,1.9630903372106,2.03941899441206,-6.844378254688994,2.347749786814356,6.696171405248555,230,160,70,69.56521739130434,93.06670838770872,-99.0784454497176,639.5422523691113,-384.7623575152636,2.147025055960824,3.3521739130434782,27,45,60.0,7.45856373774727,-3.372396128816446,1.2106752026916976,1.934166792912208,165
7,36,0.45,0.1,-0.3,5,55,5,10000,15958.888220727278,5958.888220727278,59.58888220727279,13.215493108970724,1.9574003405644471,2.1318788457813724,-4.148515731499487,3.18653767924287,5.403798230316218,302,214,88,70.86092715231787,55.751734304376924,-61.86571500465477,416.2219642288031,-312.37016667493697,2.191489763580351,2.377483443708609,29,45,64.44444444444444,4.998561363933374,-2.733814196579998,0.9917708060598792,1.9508115177528589,17
7,36,0.45,0.1,-0.4,5,50,5,10000,15958.888220727278,5958.888220727278,59.58888220727279,13.215493108970724,1.9574003405644471,2.1318788457813724,-4.148515731499487,3.18653767924287,5.403798230316218,302,214,88,70.86092715231787,55.751734304376924,-61.86571500465477,416.2219642288031,-312.37016667493697,2.191489763580351,2.377483443708609,29,45,64.44444444444444,4.998561363933374,-2.733814196579998,0.9917708060598792,2.0471607299331067,38
7,36,0.45,0.4,-0.1999999999999999,10,35,2,10000,17293.09180934214,7293.091809342139,72.93091809342138,15.655246719104522,1.9568439794880388,2.011610525517774,-6.309086745768809,2.482013667120812,6.531002105279721,233,162,71,69.52789699570815,91.0140366301994,-98.94059330634256,639.5422523691113,-387.55994501363466,2.098894125434011,3.3090128755364807,27,45,60.0,7.761575562854417,-3.307879210564646,1.1801278782566669,1.925652380232639,125
7,36,0.45,0.3,-0.1999999999999999,10,45,2,10000,17260.985224064767,7260.985224064767,72.60985224064767,15.598188599021888,1.947315944313896,2.0001607608167085,-6.329303123852578,2.4650706617808216,6.537807865896653,234,163,71,69.65811965811966,90.17814516179828,-98.73735827195084,639.5422523691113,-387.55994501363466,2.0967615812218034,3.2905982905982905,27,45,60.0,7.664037239244137,-3.3185868518967987,1.1758651835861746,1.98525728519908,59
7,33,0.45,0.3,-0.1999999999999999,10,35,5,10000,18204.503435724822,8204.503435724822,82.04503435724823,17.243448734240307,1.940298574594628,2.1368395583825666,-6.859656680910356,2.514338133466181,7.318633696709542,305,213,92,69.83606557377048,77.81327200421127,-83.38721196926444,501.6123925403068,-428.8776545668176,2.160458856507261,2.419672131147541,26,45,57.77777777777777,9.229625705161414,-2.3402621099429366,1.298172384129102,1.7429332326246565,33
7,33,0.45,0.5,-0.1999999999999999,10,40,5,10000,18204.503435724822,8204.503435724822,82.04503435724823,17.243448734240307,1.940298574594628,2.1368395583825666,-6.859656680910356,2.514338133466181,7.318633696709542,305,213,92,69.83606557377048,77.81327200421127,-83.38721196926444,501.6123925403068,-428.8776545668176,2.160458856507261,2.419672131147541,26,45,57.77777777777777,9.229625705161414,-2.3402621099429366,1.298172384129102,1.5760651420276246,17
7,36,0.45,0.3,-0.1,10,30,2,10000,17331.255380931452,7331.255380931452,73.31255380931452,15.722967877057048,1.9337640310183328,1.8798624760979463,-7.175704661084469,2.191695975345292,6.643174320969149,238,166,72,69.74789915966386,90.14135682928143,-99.91819239901986,639.5422523691113,-333.37466906773125,2.0799606261202164,3.184873949579832,26,45,57.77777777777777,7.052919933009272,-3.2993861259696056,1.183667344103145,1.923834680679661,106
7,33,0.45,0.3,-0.3,5,55,2,10000,19854.78689502568,9854.786895025678,98.54786895025678,19.9764287384838,1.930116291545986,2.149898477427349,-9.06589775877164,2.203926325105442,8.606155362695231,238,162,76,68.0672268907563,123.23968319869284,-124.83344451529796,752.4185888104603,-618.9430958721332,2.104364861569568,3.256302521008404,28,45,62.22222222222222,9.286320827199956,-3.6761221201036975,1.4992635367392195,2.006564426476768,20
7,42,0.45,0.3,-0.1,10,30,5,10000,15059.126594036174,5059.126594036174,50.59126594036174,11.48422793749524,1.921251465318665,1.95507553631581,-4.265657273473762,2.693155125748059,4.683435990617475,298,211,87,70.80536912751678,48.552664916778966,-54.76190463683432,335.38477583912857,-360.01786832871585,2.1502934406556484,2.446308724832215,26,45,57.77777777777777,5.724858454369941,-1.525049184032068,0.854050432890461,1.857271011230464,111
7,42,0.45,0.5,-0.1999999999999999,10,30,2,10000,16208.303540124429,6208.303540124429,62.08303540124429,13.68267218039132,1.9206961366944784,1.963503883346572,-7.28868501946605,1.8777868511023172,5.731425381359906,228,159,69,69.73684210526315,78.95713549905271,-86.6185652786256,375.83510674298174,-426.7973934015324,2.100527790503509,3.3508771929824563,26,45,57.77777777777777,5.535042176776317,-2.4378200795837857,1.022589761401396,1.8875217260404096,136
7,42,0.45,0.4,-0.1999999999999999,10,30,2,10000,16208.303540124429,6208.303540124429,62.08303540124429,13.68267218039132,1.9206961366944784,1.963503883346572,-7.28868501946605,1.8777868511023172,5.731425381359906,228,159,69,69.73684210526315,78.95713549905271,-86.6185652786256,375.83510674298174,-426.7973934015324,2.100527790503509,3.3508771929824563,26,45,57.77777777777777,5.535042176776317,-2.4378200795837857,1.022589761401396,1.900178899783887,151
7,30,0.45,0.3,-0.4,5,25,2,10000,19776.646111732603,9776.646111732603,97.76646111732605,19.85086291798883,1.9195196210934784,2.126457373955025,-9.431523018454913,2.104735669853757,8.596803217533672,233,158,75,67.81115879828327,125.13835535665572,-124.96685379492052,752.4185888104603,-618.9430958721332,2.109557806296234,3.2618025751072963,27,45,60.0,9.339619262566876,-3.726537518652429,1.5240022100077892,1.9195196210934784,1
7,42,0.45,0.3,-0.1,5,45,5,10000,15042.02725817967,5042.027258179671,50.42027258179671,11.4505993681989,1.9158332265034532,1.949174734534028,-4.254161299999415,2.6925276717818543,4.68084803447759,298,211,87,70.80536912751678,48.537296818379765,-54.90623414366496,335.38477583912857,-360.01786832871585,2.143962231604601,2.442953020134228,26,45,57.77777777777777,5.708980012920928,-1.5209089970708134,0.8514223429056338,1.85558263862421,18
7,42,0.45,0.5,-0.1,5,35,5,10000,15042.02725817967,5042.027258179671,50.42027258179671,11.4505993681989,1.9158332265034532,1.949174734534028,-4.254161299999415,2.6925276717818543,4.68084803447759,298,211,87,70.80536912751678,48.537296818379765,-54.90623414366496,335.38477583912857,-360.01786832871585,2.143962231604601,2.442953020134228,26,45,57.77777777777777,5.708980012920928,-1.5209089970708134,0.8514223429056338,1.968767280624707,88
7,42,0.45,0.3,-0.1,5,60,5,10000,15042.02725817967,5042.027258179671,50.42027258179671,11.4505993681989,1.9158332265034532,1.949174734534028,-4.254161299999415,2.6925276717818543,4.68084803447759,298,211,87,70.80536912751678,48.537296818379765,-54.90623414366496,335.38477583912857,-360.01786832871585,2.143962231604601,2.442953020134228,26,45,57.77777777777777,5.708980012920928,-1.5209089970708134,0.8514223429056338,1.794796743191598,12
7,36,0.45,0.2,-0.1,10,35,2,10000,17250.986370285,7250.986370285002,72.50986370285003,15.5804032496494,1.913637782641412,1.870445354997971,-7.334153943051676,2.124906785125261,6.648689533995227,243,171,72,70.37037037037037,86.6005788742499,-98.90156412794308,639.5422523691113,-333.37466906773125,2.0796068964113874,3.119341563786008,27,45,60.0,7.575855274080401,-3.317300412162949,1.1731679183539951,1.832366098655044,42
7,36,0.45,0.5,-0.1,5,25,2,10000,17242.413526677643,7242.413526677643,72.42413526677643,15.565148370404058,1.9116034697297224,1.8474515961360225,-7.310580236412243,2.1291262618085764,6.646990924716345,233,162,71,69.52789699570815,91.171064701714,-100.0309711971856,722.6584276846917,-333.37466906773125,2.0795971184782585,3.2145922746781115,26,45,57.77777777777777,7.29214825356701,-3.34158050261284,1.1960659554321524,1.990089342774953,80
7,45,0.45,0.5,-0.1,10,35,5,10000,14930.919925086602,4930.919925086602,49.30919925086602,11.23140238687348,1.9019033144326625,1.9405277301150052,-3.71366447912655,3.024344942846074,4.607861171287319,271,190,81,70.11070110701108,51.56602282398228,-55.34721495642436,335.38477583912857,-360.01786832871585,2.185427714539655,2.5867158671586714,26,45,57.77777777777777,5.676406646871324,-1.5298323488550758,0.8480355190760581,1.6124234358141885,22
7,45,0.45,0.3,-0.1,5,35,5,10000,14930.919925086602,4930.919925086602,49.30919925086602,11.23140238687348,1.9019033144326625,1.9405277301150052,-3.71366447912655,3.024344942846074,4.607861171287319,271,190,81,70.11070110701108,51.56602282398228,-55.34721495642436,335.38477583912857,-360.01786832871585,2.185427714539655,2.5867158671586714,26,45,57.77777777777777,5.676406646871324,-1.5298323488550758,0.8480355190760581,1.8089024904764592,18
14,42,0.45,0.3,-0.3,10,35,5,10000,17867.715279869422,7867.715279869422,78.67715279869422,16.66352193727154,1.8674731015328656,2.300597010705905,-10.426029962697896,1.5986477707166913,7.338907711401545,149,108,41,72.48322147651007,126.14473809445478,-130.22055913969643,509.42389902045727,-338.7813757945786,2.5516992289205684,7.510067114093959,30,45,66.66666666666666,6.955938142781748,-2.793103940237851,1.264089478166033,1.94495824421444,139
14,42,0.45,0.3,-0.3,10,60,5,10000,17867.715279869422,7867.715279869422,78.67715279869422,16.66352193727154,1.8674731015328656,2.300597010705905,-10.426029962697896,1.5986477707166913,7.338907711401545,149,108,41,72.48322147651007,126.14473809445478,-130.22055913969643,509.42389902045727,-338.7813757945786,2.5516992289205684,7.510067114093959,30,45,66.66666666666666,6.955938142781748,-2.793103940237851,1.264089478166033,1.7760307863263174,36
14,42,0.45,0.3,-0.3,5,50,5,10000,17867.715279869422,7867.715279869422,78.67715279869422,16.66352193727154,1.8674731015328656,2.300597010705905,-10.426029962697896,1.5986477707166913,7.338907711401545,149,108,41,72.48322147651007,126.14473809445478,-130.22055913969643,509.42389902045727,-338.7813757945786,2.5516992289205684,7.510067114093959,30,45,66.66666666666666,6.955938142781748,-2.793103940237851,1.264089478166033,1.9845341085104815,105
7,39,0.45,0.1,-0.4,10,30,2,10000,16268.2191791833,6268.219179183301,62.682191791833006,13.794112549119353,1.8624502763634447,2.127792592311819,-6.440415089023317,2.142414878029136,5.970633098962576,254,181,73,71.25984251968504,72.77635812280869,-88.41783069925012,416.2219642288031,-384.7623575152636,2.040826937971803,2.921259842519685,28,45,62.22222222222222,5.400910785057889,-2.484096576395467,1.036245831097896,1.7154943246450582,26
14,39,0.45,0.5,-0.4,10,40,2,10000,20440.26926623724,10440.269266237236,104.40269266237236,20.905886616463487,1.8581928603739264,2.138717978674552,-12.675430912796443,1.6496528473975658,9.39390922778269,155,112,43,72.25806451612902,164.70084852934593,-174.70052187032152,766.5188027569925,-783.5969688255842,2.455563681446866,8.96774193548387,29,45,64.44444444444444,8.61156195862305,-3.930038120442248,1.5824267057643129,1.8969635496889097,74
7,36,0.45,0.4,-0.1,5,60,2,10000,17128.2194489474,7128.219448947399,71.28219448947398,15.361413318588667,1.8529772638060145,1.7820138027682626,-7.3296194074419105,2.096342951969352,6.768190221949154,238,165,73,69.32773109243698,90.07524233588248,-100.0355552941558,639.5422523691113,-333.37466906773125,2.035223628528944,3.2058823529411766,26,45,57.77777777777777,7.311929642828496,-3.34867154088877,1.159147288521698,2.092278160309347,6
14,39,0.45,0.2,-0.1999999999999999,10,25,2,10000,20034.945408372118,10034.945408372114,100.34945408372111,20.264551674875264,1.846832441655632,2.0388989605008803,-12.7184615369161,1.5933178408454658,9.14906394549904,159,116,43,72.95597484276729,169.2782154918054,-211.19126186166483,679.9413225312042,-712.0163629249464,2.1622935889194617,8.327044025157234,27,45,60.0,8.532551617529215,-3.5500381050161733,1.521107050262,1.8431841603586812,58
14,42,0.45,0.2,-0.4,5,40,5,10000,17764.69456475372,7764.694564753721,77.64694564753721,16.48452458813521,1.845627420572574,2.288639122564746,-10.447035350067516,1.5782990557655785,7.342573756118048,150,109,41,72.66666666666667,124.5590918875651,-131.5944619850426,448.59947456894776,-338.7813757945786,2.516404549461039,7.513333333333334,30,45,66.66666666666666,6.989371404553935,-2.79461978718184,1.2512115995598607,2.0019515071341254,109
7,42,0.45,0.2,-0.1999999999999999,10,30,2,10000,15915.013166595843,5915.013166595845,59.15013166595845,13.132757176567344,1.840680109821511,1.862988127510134,-7.069302340208193,1.85826864808274,5.716263427896452,233,164,69,70.3862660944206,74.51706190644971,-86.03746356611796,335.38477583912857,-426.7973934015324,2.05855692815813,3.2875536480686693,26,45,57.77777777777777,5.6422329368494895,-2.163958377803976,0.9811363661534844,1.817763941171953,69
14,33,0.45,0.5,-0.4,10,25,5,10000,21571.74590717992,11571.745907179917,115.71745907179915,22.648091652169544,1.825308630125856,2.207283610592293,-18.116602297979718,1.2501290959340186,10.400001336545174,171,122,49,71.34502923976608,167.84016040461782,-162.6883506231846,777.5877226762702,-645.3184536299524,2.5686396396103444,8.2046783625731,30,45,66.66666666666666,9.45562160208917,-4.763829490972671,1.6777471938680093,2.051770963344603,9
7,39,0.45,0.1,-0.1,10,35,5,10000,15580.156376134466,5580.156376134466,55.80156376134467,12.495729019779954,1.817229374800523,1.81550888951306,-4.776968993671127,2.6166409641824515,5.4712298776198445,303,216,87,71.28712871287128,53.76987318745578,-63.664784279957146,416.2219642288031,-333.37466906773125,2.096883193737184,2.33993399339934,28,45,62.22222222222222,4.327315643282015,-1.7446144822089171,0.9350884297002136,1.5977253638770392,19
7,42,0.45,0.3,-0.3,5,25,2,10000,15564.323819397649,5564.323819397649,55.64323819397649,12.465361331164493,1.8053880290726676,1.8211547556957008,-7.06795019174735,1.7636458935037835,5.490916152902775,223,155,68,69.50672645739911,75.41316236487985,-85.00318157586716,352.45180823673644,-407.3723122464216,2.0222495949138057,3.3721973094170403,26,45,57.77777777777777,5.609354507413644,-2.138513986919044,0.9535208142979484,2.055884964057862,77
7,42,0.45,0.5,-0.1,5,25,5,10000,14710.79055961948,4710.79055961948,47.10790559619479,10.793559524599662,1.7970003877552112,1.7888037442306746,-4.312114222234534,2.503078297171462,4.658364273519278,292,207,85,70.8904109589041,47.42702958746636,-55.275347823370005,335.38477583912857,-360.01786832871585,2.089516768685041,2.4452054794520546,25,45,55.55555555555556,5.789051112427823,-1.541781972205869,0.8239409383172605,1.964802113635335,80
14,42,0.45,0.5,-0.4,10,40,5,10000,17543.017795095504,7543.017795095504,75.43017795095504,16.096762802290844,1.794718276792923,2.219459508320952,-10.447035350067516,1.5411808533568545,7.365700853763711,149,108,41,72.48322147651007,123.63578005635549,-131.5944619850426,654.4852824347877,-338.7813757945786,2.474836195967284,7.570469798657718,30,45,66.66666666666666,6.989371404553935,-2.79461978718184,1.2219483962760074,1.8744221931651024,65
14,42,0.45,0.4,-0.4,5,40,5,10000,17543.017795095504,7543.017795095504,75.43017795095504,16.096762802290844,1.794718276792923,2.219459508320952,-10.447035350067516,1.5411808533568545,7.365700853763711,149,108,41,72.48322147651007,123.63578005635549,-131.5944619850426,654.4852824347877,-338.7813757945786,2.474836195967284,7.570469798657718,30,45,66.66666666666666,6.989371404553935,-2.79461978718184,1.2219483962760074,1.9706939246100263,105
14,42,0.45,0.4,-0.5,5,55,5,10000,17543.017795095504,7543.017795095504,75.43017795095504,16.096762802290844,1.794718276792923,2.219459508320952,-10.447035350067516,1.5411808533568545,7.365700853763711,149,108,41,72.48322147651007,123.63578005635549,-131.5944619850426,654.4852824347877,-338.7813757945786,2.474836195967284,7.570469798657718,30,45,66.66666666666666,6.989371404553935,-2.79461978718184,1.2219483962760074,1.9692035523808296,25
14,42,0.45,0.4,-0.5,10,45,5,10000,17543.017795095504,7543.017795095504,75.43017795095504,16.096762802290844,1.794718276792923,2.219459508320952,-10.447035350067516,1.5411808533568545,7.365700853763711,149,108,41,72.48322147651007,123.63578005635549,-131.5944619850426,654.4852824347877,-338.7813757945786,2.474836195967284,7.570469798657718,30,45,66.66666666666666,6.989371404553935,-2.79461978718184,1.2219483962760074,1.9514336904952083,81
14,42,0.45,0.5,-0.5,10,30,5,10000,17542.116542239408,7542.116542239408,75.42116542239408,16.095178985356352,1.7941670622549528,2.2186124715116478,-10.44785311011264,1.5409086263540976,7.367266205628957,149,108,41,72.48322147651007,123.63578005635549,-131.6164437620205,654.4852824347877,-338.7813757945786,2.474422863895989,7.563758389261745,30,45,66.66666666666666,6.989908932848143,-2.7948511695266243,1.2218369292224294,1.839229179040931,30
7,39,0.45,0.1,-0.5,10,45,2,10000,16128.560497726472,6128.560497726472,61.28560497726472,13.53388345643971,1.7916807292245651,2.0009727365360845,-6.577655927542157,2.0581500735013303,6.082247884357648,255,181,74,70.98039215686275,71.96814529982913,-87.20370002084863,416.2219642288031,-384.7623575152636,2.018609224049904,2.925490196078431,28,45,62.22222222222222,5.520248316772958,-2.521827032413926,1.018023942811798,1.902587864784763,53
14,39,0.45,0.5,-0.1999999999999999,10,25,2,10000,19925.935936131234,9925.935936131234,99.25935936131236,20.090444101742836,1.7773409883260618,1.9238204057152648,-12.732286456790192,1.5779132970283194,9.440467559917124,151,110,41,72.84768211920529,171.1429322584774,-204.6995922847697,679.9413225312042,-712.0163629249464,2.2431112806377493,8.682119205298013,29,45,64.44444444444444,8.496806330828965,-3.947329080369244,1.5051944501984682,1.86118394088944,127
14,36,0.45,0.2,-0.4,5,45,2,10000,20266.736158614884,10266.736158614884,102.66736158614884,20.632462978570757,1.767622859809591,1.9851914242356752,-15.7196734670661,1.313054815658435,9.769319097071458,162,120,42,74.07407407407408,165.1141035901271,-214.67745103749152,593.2225653166391,-783.5969688255842,2.197504113292689,8.296296296296296,28,45,62.22222222222222,8.778213697017412,-5.011926551319834,1.5747629429499148,2.035910969960685,115
7,45,0.45,0.6,-0.3,5,35,2,10000,15492.37864702047,5492.37864702047,54.9237864702047,12.327080153100756,1.7670071639871798,1.751098707833218,-7.347082199938661,1.6778198225689749,5.542072911255939,211,145,66,68.72037914691943,78.77743469638874,-85.04771793872905,375.83510674298174,-407.3723122464216,2.034994483422369,3.5639810426540284,26,45,57.77777777777777,5.612193745488825,-2.4619764633428964,0.9334674155621604,1.9272331426328453,13
7,45,0.45,0.5,-0.5,10,45,2,10000,15492.37864702047,5492.37864702047,54.9237864702047,12.327080153100756,1.7670071639871798,1.751098707833218,-7.347082199938661,1.6778198225689749,5.542072911255939,211,145,66,68.72037914691943,78.77743469638874,-85.04771793872905,375.83510674298174,-407.3723122464216,2.034994483422369,3.5639810426540284,26,45,57.77777777777777,5.612193745488825,-2.4619764633428964,0.9334674155621604,1.8458928732720776,9
7,45,0.45,0.4,-0.3,10,40,2,10000,15492.37864702047,5492.37864702047,54.9237864702047,12.327080153100756,1.7670071639871798,1.751098707833218,-7.347082199938661,1.6778198225689749,5.542072911255939,211,145,66,68.72037914691943,78.77743469638874,-85.04771793872905,375.83510674298174,-407.3723122464216,2.034994483422369,3.5639810426540284,26,45,57.77777777777777,5.612193745488825,-2.4619764633428964,0.9334674155621604,1.7970457147296732,29
7,42,0.45,0.4,-0.4,10,55,2,10000,15585.38621245472,5585.38621245472,55.85386212454719,12.505755144887388,1.7628972586258342,1.7487885211848844,-7.077646752682906,1.767485671698794,5.650701510814439,228,158,70,69.2982456140351,75.48069044394767,-85.56518396698932,375.83510674298174,-407.3723122464216,1.991121778613786,3.37280701754386,26,45,57.77777777777777,5.618832756561654,-2.238256688516149,0.9343534010463752,1.9823489734899808,53
7,42,0.45,0.4,-0.4,10,40,2,10000,15585.38621245472,5585.38621245472,55.85386212454719,12.505755144887388,1.7628972586258342,1.7487885211848844,-7.077646752682906,1.767485671698794,5.650701510814439,228,158,70,69.2982456140351,75.48069044394767,-85.56518396698932,375.83510674298174,-407.3723122464216,1.991121778613786,3.37280701754386,26,45,57.77777777777777,5.618832756561654,-2.238256688516149,0.9343534010463752,1.9119340769154969,112
7,42,0.45,0.4,-0.3,5,55,2,10000,15585.38621245472,5585.38621245472,55.85386212454719,12.505755144887388,1.7628972586258342,1.7487885211848844,-7.077646752682906,1.767485671698794,5.650701510814439,228,158,70,69.2982456140351,75.48069044394767,-85.56518396698932,375.83510674298174,-407.3723122464216,1.991121778613786,3.37280701754386,26,45,57.77777777777777,5.618832756561654,-2.238256688516149,0.9343534010463752,2.035122634897081,59
7,42,0.45,0.1,-0.1999999999999999,5,45,5,10000,14294.6202804901,4294.620280490099,42.946202804900985,9.952460838248967,1.7615561812282294,1.8897106598159812,-4.254161299999415,2.340357139186453,4.311978459856479,297,210,87,70.70707070707071,43.61723007972172,-51.19767857760765,241.70373900203575,-291.1547161185109,2.056401229175977,2.4074074074074074,27,45,60.0,3.669525168572663,-1.5209089970708134,0.7347191733855369,1.873051430051008,19
7,42,0.45,0.1,-0.3,10,60,5,10000,14294.6202804901,4294.620280490099,42.946202804900985,9.952460838248967,1.7615561812282294,1.8897106598159812,-4.254161299999415,2.340357139186453,4.311978459856479,297,210,87,70.70707070707071,43.61723007972172,-51.19767857760765,241.70373900203575,-291.1547161185109,2.056401229175977,2.4074074074074074,27,45,60.0,3.669525168572663,-1.5209089970708134,0.7347191733855369,1.5975610895187975,8
7,42,0.45,0.6,-0.1,10,30,2,10000,15572.543290058358,5572.543290058358,55.725432900583584,12.481129544854008,1.747232434612008,1.6267539476271664,-6.780112229752358,1.841416830791313,5.690166388789393,233,161,72,69.09871244635193,73.6825433088573,-82.4909192037213,375.83510674298174,-360.01786832871585,1.9973392875034028,3.257510729613734,26,45,57.77777777777777,4.844921359553234,-2.108230702096159,0.9292797639797508,1.9021479718272265,58
7,42,0.45,0.3,-0.4,10,45,2,10000,15530.43758834392,5530.437588343919,55.30437588343919,12.400289407267229,1.7457244868889872,1.7327085813745249,-7.084915242217013,1.7507859193776711,5.652542447851168,228,158,70,69.2982456140351,75.13291434198057,-85.56518396698932,352.45180823673644,-407.3723122464216,1.981947716126608,3.3640350877192984,26,45,57.77777777777777,5.625941546934543,-2.238256688516149,0.9263684136978936,1.9799598080831269,150
7,42,0.45,0.3,-0.3,5,45,2,10000,15530.43758834392,5530.437588343919,55.30437588343919,12.400289407267229,1.7457244868889872,1.7327085813745249,-7.084915242217013,1.7507859193776711,5.652542447851168,228,158,70,69.2982456140351,75.13291434198057,-85.56518396698932,352.45180823673644,-407.3723122464216,1.981947716126608,3.3640350877192984,26,45,57.77777777777777,5.625941546934543,-2.238256688516149,0.9263684136978936,2.0135652729937688,115
14,39,0.45,0.5,-0.3,5,35,5,10000,18025.708376412436,8025.708376412433,80.25708376412433,16.936566268144816,1.7341096698856768,1.984913830531632,-14.21891455116224,1.191413258278308,8.071083923688187,175,125,50,71.42857142857143,122.01149779607468,-134.89251038942513,656.9173583329641,-459.9089257326435,2.261272650420622,8.142857142857142,29,45,64.44444444444444,7.29225168705252,-3.421713939028581,1.2891357513429436,2.0326552784002647,141
14,39,0.45,0.5,-0.3,10,30,5,10000,18024.80712355634,8024.80712355634,80.2480712355634,16.93501371329258,1.7336331751023262,1.9843201105830208,-14.219964035625637,1.1912161425789507,8.07260583484284,175,125,50,71.42857142857143,122.01149779607468,-134.91053544654702,656.9173583329641,-459.9089257326435,2.260970527472573,8.137142857142857,29,45,64.44444444444444,7.292718875141868,-3.4219790026784103,1.289028197749409,1.927006856604951,165
7,36,0.45,0.1,-0.3,5,40,2,10000,16061.087425926124,6061.087425926124,60.61087425926124,13.407566108221156,1.732919848011954,1.864640328997988,-6.5754195127675565,2.0396388847243547,6.229431121505299,256,182,74,71.09375,72.9552911153294,-91.25237239275675,416.2219642288031,-384.7623575152636,1.9663114080906683,2.91796875,28,45,62.22222222222222,5.521955779882082,-3.4573926612656902,1.0097913777670422,1.949333355939113,36
14,42,0.45,0.3,-0.1999999999999999,10,30,5,10000,17140.844344432746,7140.844344432746,71.40844344432746,15.383986509249304,1.7135498315508264,1.97340605082039,-10.186090562555831,1.5106845811815806,7.354306752726559,145,105,40,72.41379310344827,134.2062461655758,-164.6756187037659,509.42389902045727,-381.0387206020311,2.1393051318566565,7.124137931034483,29,45,64.44444444444444,6.863686583865669,-4.513198121745409,1.1748179138008032,1.8483448784946328,134
14,39,0.45,0.3,-0.3,10,50,2,10000,19457.969327911564,9457.969327911564,94.57969327911565,19.33496986072949,1.7105167159180283,1.8208525879469504,-11.0137189636673,1.7559091322359135,9.442247085501592,160,116,44,72.5,154.51862985040003,-181.0951910479351,553.800414598478,-782.0762901200834,2.2494650162769867,8.75,29,45,64.44444444444444,8.491530846389761,-4.034236271667934,1.4649915694040565,1.954345722741612,129
14,39,0.45,0.6,-0.3,10,30,2,10000,19658.3102004661,9658.3102004661,96.583102004661,19.66001124499348,1.7075243759617578,1.839609188984944,-11.697819056178291,1.6810092735697852,9.628785545598571,158,115,43,72.78481012658227,157.21984801796685,-184.30858123196268,553.800414598478,-782.0762901200834,2.281346227881227,8.936708860759493,29,45,64.44444444444444,8.501422410425263,-4.067612906799678,1.4907236540820057,1.9350409341749208,83
7,42,0.45,0.2,-0.4,5,50,2,10000,15399.35674269876,5399.356742698761,53.99356742698761,12.147587859848151,1.7070549442639562,1.6828429919075183,-7.122769740528631,1.7060020212900109,5.648405231777167,232,162,70,69.82758620689656,72.4927137060973,-85.56518396698932,335.38477583912857,-407.3723122464216,1.9607139719882996,3.3017241379310347,26,45,57.77777777777777,5.727754254348549,-2.238256688516149,0.907320134853552,1.9865584098272209,91
7,45,0.45,0.5,-0.1999999999999999,10,40,2,10000,15368.203907723942,5368.203907723942,53.682039077239416,12.08729829407893,1.7069238834090972,1.6417926320335503,-7.831562645731179,1.5434082367543167,5.614156264012625,212,146,66,68.86792452830188,77.86607474443902,-86.10671219642995,375.83510674298174,-426.7973934015324,2.0004154293320107,3.542452830188679,26,45,57.77777777777777,5.612193745488825,-2.8737810610546144,0.915790239148185,1.6102066441826517,16
14,42,0.45,0.6,-0.1999999999999999,10,25,5,10000,17010.21272492602,7010.212724926019,70.10212724926019,15.14982522652364,1.7058908976688738,1.9858516186110595,-10.062322791797174,1.5055992080550038,7.262042935669679,142,103,39,72.53521126760563,133.91979429424308,-164.7087008353577,654.4852824347877,-381.0387206020311,2.1473401755837926,7.274647887323944,28,45,62.22222222222222,6.780720728702172,-4.461830905660225,1.158693369323006,1.83349072012016,53
14,36,0.45,0.2,-0.3,5,40,5,10000,18778.0079277012,8778.007927701201,87.780079277012,18.21310520073953,1.6874393319483647,2.0744656773990697,-16.032980157364424,1.1364866623196084,8.986852879079986,156,107,49,68.58974358974359,152.78162918762476,-143.17802177038587,536.5202905022513,-459.9089257326435,2.3301424767684504,7.673076923076923,30,45,66.66666666666666,8.566144524845875,-4.517852765944874,1.3823416898564147,1.985085883203728,86
14,39,0.45,0.2,-0.3,5,45,5,10000,17573.370624213792,7573.370624213792,75.73370624213793,16.15006849102778,1.6858849801935003,1.929587833941346,-14.228866551937156,1.1353032461111188,7.892590782246296,173,124,49,71.67630057803468,118.0390717384337,-134.2014478107412,448.59947456894776,-459.9089257326435,2.225841264685378,7.763005780346821,28,45,62.22222222222222,6.9934655666676,-3.4242275498053365,1.2308509563161645,1.9780447418541736,116
14,39,0.45,0.2,-0.3,10,30,5,10000,17572.4693713577,7572.4693713577,75.724693713577,16.148486683771157,1.685399795428888,1.9289826254029236,-14.229917506064249,1.1351082334909277,7.894125172720316,173,124,49,71.67630057803468,118.0390717384337,-134.2198407261717,448.59947456894776,-459.9089257326435,2.2255362448766705,7.757225433526012,28,45,62.22222222222222,6.994003724906106,-3.424493003047868,1.2307403326533652,1.8284238598749825,93
14,39,0.45,0.4,-0.1999999999999999,10,35,2,10000,19257.066255530808,9257.066255530808,92.57066255530808,19.006538551884013,1.68489341783587,1.8164117718075865,-13.688381160708976,1.3888163134545335,9.42042167880468,158,112,46,70.88607594936708,162.13543552566776,-182.64128684170208,683.402627441412,-712.0163629249464,2.161420046352057,8.60126582278481,28,45,62.22222222222222,8.67389232849549,-4.009485574962102,1.4507925293137776,1.9002750791892813,147
7,33,0.45,0.6,-0.1,10,30,5,10000,17191.695828990294,7191.695828990294,71.91695828990294,15.474785015349624,1.6835812956424785,1.7327640576291643,-6.807979542146827,2.273621931487706,7.540171703174379,306,214,92,69.93464052287581,76.27688813204358,-91.7245459920346,501.6123925403068,-428.8776545668176,1.934342357861572,2.369281045751634,24,45,53.333333333333336,9.15785680539285,-2.480723063349477,1.1687598759163011,1.6366218062815503,15
14,36,0.45,0.3,-0.3,10,55,2,10000,19505.290035751965,9505.290035751965,95.05290035751965,19.411965882382432,1.670499972191433,1.8234920547788889,-11.66121189164194,1.6653682097927731,9.72497385312848,158,116,42,73.41772151898735,158.35699364816782,-198.9766166383287,593.2225653166391,-656.6124391315897,2.1980820773165526,8.556962025316455,28,45,62.22222222222222,8.562566884746591,-3.5828008422376323,1.469755442985943,2.005452349528035,74
7,36,0.45,0.5,-0.4,15,50,2,10000,15203.76170279813,5203.7617027981305,52.03761702798131,11.76755998443535,1.66650938960956,1.5381413455430473,-6.933546188088887,1.6977486353930549,5.579270241724845,164,115,49,70.1219512195122,85.66820625535249,-89.57922482790975,497.0167216979924,-428.4943100730502,2.2444717006129964,3.4207317073170733,22,45,48.888888888888886,7.693787919820361,-5.28357613804864,0.8886710760008919,1.7845136113412352,24
14,39,0.45,0.3,-0.5,5,45,5,10000,17629.39400148931,7629.394001489309,76.2939400148931,16.24827951064114,1.6654464955281254,1.9391063005962383,-14.625145046878671,1.1112568622733257,8.047606678922522,170,123,47,72.35294117647058,116.0339986882675,-131.23796826684935,424.3159311127265,-504.44939078645007,2.3138383456091955,8.08235294117647,28,45,62.22222222222222,7.008264410187093,-4.3578918144216665,1.2390942119592985,2.025902289601634,119
14,39,0.45,0.3,-0.5,10,40,5,10000,17629.39400148931,7629.394001489309,76.2939400148931,16.24827951064114,1.6654464955281254,1.9391063005962383,-14.625145046878671,1.1112568622733257,8.047606678922522,170,123,47,72.35294117647058,116.0339986882675,-131.23796826684935,424.3159311127265,-504.44939078645007,2.3138383456091955,8.08235294117647,28,45,62.22222222222222,7.008264410187093,-4.3578918144216665,1.2390942119592985,1.9047204531237611,144
14,39,0.45,0.3,-0.5,10,55,5,10000,17629.39400148931,7629.394001489309,76.2939400148931,16.24827951064114,1.6654464955281254,1.9391063005962383,-14.625145046878671,1.1112568622733257,8.047606678922522,170,123,47,72.35294117647058,116.0339986882675,-131.23796826684935,424.3159311127265,-504.44939078645007,2.3138383456091955,8.08235294117647,28,45,62.22222222222222,7.008264410187093,-4.3578918144216665,1.2390942119592985,1.8911713824308227,42
7,36,0.45,0.6,-0.3,15,30,2,10000,15186.60535936248,5186.60535936248,51.866053593624805,11.734055431802194,1.6640701810131322,1.5294092521879652,-6.941551127340979,1.6909639725487586,5.569061113569024,163,115,48,70.5521472392638,85.66820625535249,-91.82996583340058,497.0167216979924,-438.9640614220028,2.23507372882846,3.4171779141104293,21,45,46.66666666666666,7.730482273007078,-5.289724397022855,0.8857130594414862,1.948595726082552,50
14,42,0.45,0.1,-0.4,10,45,5,10000,16366.681133767288,6366.681133767288,63.66681133767288,13.97659436132306,1.6633747624381117,2.018002585124771,-10.83609578164229,1.2901813993916302,6.8140724643272295,146,111,35,76.02739726027397,107.30612021685148,-147.71747015717546,448.59947456894776,-667.2330018257818,2.303814810683994,6.678082191780822,28,45,62.22222222222222,6.437335997283289,-2.626631317518524,1.0609928071154118,1.869217086471024,60
7,39,0.45,0.2,-0.5,15,35,5,10000,14187.35786134401,4187.3578613440095,41.873578613440095,9.732768690925564,1.6630985441010273,1.8192715534439547,-4.123252800169162,2.361377657335073,4.450228588322373,215,149,66,69.30232558139535,53.89406080049336,-53.39935148378422,416.2219642288031,-273.0836644471019,2.27849068873908,2.4790697674418603,22,45,48.888888888888886,7.950794645416503,-2.037037105888573,0.7273344463952353,1.8663616167617143,66
7,39,0.45,0.3,-0.3,15,40,5,10000,14187.35786134401,4187.3578613440095,41.873578613440095,9.732768690925564,1.6630985441010273,1.8192715534439547,-4.123252800169162,2.361377657335073,4.450228588322373,215,149,66,69.30232558139535,53.89406080049336,-53.39935148378422,416.2219642288031,-273.0836644471019,2.27849068873908,2.4790697674418603,22,45,48.888888888888886,7.950794645416503,-2.037037105888573,0.7273344463952353,1.883679539856886,99
7,39,0.45,0.3,-0.4,15,50,5,10000,14187.35786134401,4187.3578613440095,41.873578613440095,9.732768690925564,1.6630985441010273,1.8192715534439547,-4.123252800169162,2.361377657335073,4.450228588322373,215,149,66,69.30232558139535,53.89406080049336,-53.39935148378422,416.2219642288031,-273.0836644471019,2.27849068873908,2.4790697674418603,22,45,48.888888888888886,7.950794645416503,-2.037037105888573,0.7273344463952353,1.8949876099576344,90
7,39,0.45,0.3,-0.5,15,45,5,10000,14187.35786134401,4187.3578613440095,41.873578613440095,9.732768690925564,1.6630985441010273,1.8192715534439547,-4.123252800169162,2.361377657335073,4.450228588322373,215,149,66,69.30232558139535,53.89406080049336,-53.39935148378422,416.2219642288031,-273.0836644471019,2.27849068873908,2.4790697674418603,22,45,48.888888888888886,7.950794645416503,-2.037037105888573,0.7273344463952353,1.946029138000014,103
7,39,0.45,0.2,-0.4,15,50,5,10000,14187.35786134401,4187.3578613440095,41.873578613440095,9.732768690925564,1.6630985441010273,1.8192715534439547,-4.123252800169162,2.361377657335073,4.450228588322373,215,149,66,69.30232558139535,53.89406080049336,-53.39935148378422,416.2219642288031,-273.0836644471019,2.27849068873908,2.4790697674418603,22,45,48.888888888888886,7.950794645416503,-2.037037105888573,0.7273344463952353,1.900503112000755,71
7,39,0.45,0.2,-0.5,15,45,5,10000,14187.35786134401,4187.3578613440095,41.873578613440095,9.732768690925564,1.6630985441010273,1.8192715534439547,-4.123252800169162,2.361377657335073,4.450228588322373,215,149,66,69.30232558139535,53.89406080049336,-53.39935148378422,416.2219642288031,-273.0836644471019,2.27849068873908,2.4790697674418603,22,45,48.888888888888886,7.950794645416503,-2.037037105888573,0.7273344463952353,1.9048061550637605,88
7,39,0.45,0.5,-0.5,15,40,5,10000,14187.35786134401,4187.3578613440095,41.873578613440095,9.732768690925564,1.6630985441010273,1.8192715534439547,-4.123252800169162,2.361377657335073,4.450228588322373,215,149,66,69.30232558139535,53.89406080049336,-53.39935148378422,416.2219642288031,-273.0836644471019,2.27849068873908,2.4790697674418603,22,45,48.888888888888886,7.950794645416503,-2.037037105888573,0.7273344463952353,1.8600733104158385,53
7,39,0.45,0.3,-0.4,15,35,5,10000,14187.35786134401,4187.3578613440095,41.873578613440095,9.732768690925564,1.6630985441010273,1.8192715534439547,-4.123252800169162,2.361377657335073,4.450228588322373,215,149,66,69.30232558139535,53.89406080049336,-53.39935148378422,416.2219642288031,-273.0836644471019,2.27849068873908,2.4790697674418603,22,45,48.888888888888886,7.950794645416503,-2.037037105888573,0.7273344463952353,1.8952283153457388,95
7,39,0.45,0.5,-0.4,15,40,5,10000,14187.35786134401,4187.3578613440095,41.873578613440095,9.732768690925564,1.6630985441010273,1.8192715534439547,-4.123252800169162,2.361377657335073,4.450228588322373,215,149,66,69.30232558139535,53.89406080049336,-53.39935148378422,416.2219642288031,-273.0836644471019,2.27849068873908,2.4790697674418603,22,45,48.888888888888886,7.950794645416503,-2.037037105888573,0.7273344463952353,1.874533709844162,62
14,42,0.45,0.6,-0.1999999999999999,5,35,5,10000,16865.091049590443,6865.091049590443,68.65091049590443,14.888136271341468,1.655283864008668,1.9063613501940069,-10.185317331143317,1.4621147397636056,7.352493256108801,144,104,40,72.22222222222221,132.81155095852944,-164.65308738236354,654.4852824347877,-381.0387206020311,2.0971974348120463,7.152777777777778,29,45,64.44444444444444,6.863168292724842,-4.512877456373687,1.1371423364822304,1.8507391058232143,56
14,36,0.45,0.3,-0.4,5,50,5,10000,18935.4395413702,8935.4395413702,89.35439541370201,18.475472488621094,1.6520731492037617,2.0436059023221285,-16.959124663733114,1.0898943122102316,9.33268533333336,151,104,47,68.87417218543047,159.25316486044446,-150.51672926575017,536.5202905022513,-504.44939078645007,2.341201430152532,7.701986754966887,30,45,66.66666666666666,8.517294272951116,-4.565859942521843,1.4033348816597178,2.01494460045492,112
14,36,0.45,0.3,-0.4,10,45,5,10000,18935.4395413702,8935.4395413702,89.35439541370201,18.475472488621094,1.6520731492037617,2.0436059023221285,-16.959124663733114,1.0898943122102316,9.33268533333336,151,104,47,68.87417218543047,159.25316486044446,-150.51672926575017,536.5202905022513,-504.44939078645007,2.341201430152532,7.701986754966887,30,45,66.66666666666666,8.517294272951116,-4.565859942521843,1.4033348816597178,2.0037293007475654,150
14,39,0.45,0.2,-0.5,10,45,5,10000,17569.771988305547,7569.771988305547,75.69771988305547,16.143752095738083,1.6492958999968927,1.9248432354449496,-14.63538137359096,1.103337272828516,8.073002437645153,172,125,47,72.67441860465115,114.84894991544516,-134.18177494679637,351.51772060640184,-504.44939078645007,2.276384665522684,7.906976744186046,28,45,62.22222222222222,7.005145238619037,-4.361093146860262,1.231696025931125,1.917032362820929,115
14,39,0.45,0.2,-0.4,10,45,5,10000,17559.76148637496,7559.761486374959,75.59761486374958,16.126176469957333,1.6432989220963958,1.8982942176565591,-15.02013176730447,1.073904396371814,8.094354405778482,174,126,48,72.41379310344827,116.00877326628368,-137.00501284481496,351.51772060640184,-504.44939078645007,2.222714508767111,7.833333333333333,28,45,62.22222222222222,7.459877412287286,-4.361093146860262,1.2313624424877954,1.92777079689272,160
14,39,0.45,0.2,-0.4,10,55,5,10000,17559.76148637496,7559.761486374959,75.59761486374958,16.126176469957333,1.6432989220963958,1.8982942176565591,-15.02013176730447,1.073904396371814,8.094354405778482,174,126,48,72.41379310344827,116.00877326628368,-137.00501284481496,351.51772060640184,-504.44939078645007,2.222714508767111,7.833333333333333,28,45,62.22222222222222,7.459877412287286,-4.361093146860262,1.2313624424877954,1.9143920316808,72
14,39,0.45,0.3,-0.5,10,45,8,10000,15995.012846254684,5995.012846254684,59.95012846254684,13.283488616821248,1.6412950256288057,2.018932743408984,-9.145443252776982,1.4528983647245377,6.521929579033029,155,103,52,66.45161290322581,120.78413829231526,-114.15679611257224,544.9135996549389,-368.4355539207544,2.095762257189393,6.129032258064516,27,45,60.0,6.827130063520448,-2.6258608801113192,0.9776451593818802,1.9621182912761064,115
14,42,0.45,0.3,-0.4,10,35,8,10000,14807.039389704596,4807.039389704596,48.07039389704596,10.985588826574212,1.6372468400423847,1.9035479130293465,-7.205893265748238,1.525060116744149,5.2384879615929085,156,104,52,66.66666666666666,94.08391152339206,-89.04975786015737,477.4061601840081,-412.0224728608678,2.113063837212006,6.141025641025641,27,45,60.0,5.408725599421627,-2.069008513411174,0.8307547797640551,1.9794978593750887,85
14,39,0.45,0.3,-0.4,10,40,5,10000,17528.729952124748,7528.729952124748,75.28729952124748,16.071647018420453,1.6368607912255682,1.886116106640218,-15.009626337202786,1.071022945126148,8.09762628235286,171,123,48,71.9298245614035,117.67334590341092,-134.7747555285233,424.3159311127265,-504.44939078645007,2.237347400075038,8.017543859649123,28,45,62.22222222222222,7.052117808728631,-4.3578918144216665,1.2264964894512695,1.9170946906583308,185
14,39,0.45,0.3,-0.4,10,30,5,10000,17527.828699268648,7527.828699268648,75.27828699268649,16.07006225339076,1.636398005059393,1.885540087111948,-15.010734183345722,1.070838320686993,8.099156141752987,171,123,48,71.9298245614035,117.67334590341092,-134.79353162969196,424.3159311127265,-504.44939078645007,2.2370357481684127,8.011695906432749,28,45,62.22222222222222,7.052587533067856,-4.358229399249158,1.22638580762273,1.8116804691272568,81
14,39,0.45,0.5,-0.5,5,40,5,10000,17527.163584450125,7527.163584450125,75.27163584450125,16.068892675630853,1.6343889983199418,1.8951812199509048,-14.625145046878671,1.0989907939726986,8.10892240166305,169,122,47,72.18934911242604,116.51737216595924,-132.1989891738559,654.4852824347877,-504.44939078645007,2.287834051656621,8.124260355029586,28,45,62.22222222222222,7.240621867357988,-4.3578918144216665,1.2262485755505346,1.974684465440456,52
14,39,0.45,0.6,-0.5,10,40,5,10000,17527.163584450125,7527.163584450125,75.27163584450125,16.068892675630853,1.6343889983199418,1.8951812199509048,-14.625145046878671,1.0989907939726986,8.10892240166305,169,122,47,72.18934911242604,116.51737216595924,-132.1989891738559,654.4852824347877,-504.44939078645007,2.287834051656621,8.124260355029586,28,45,62.22222222222222,7.240621867357988,-4.3578918144216665,1.2262485755505346,1.8720481979771857,27
14,36,0.45,0.3,-0.5,10,45,2,10000,19252.316396002963,9252.316396002963,92.52316396002963,18.9987432105764,1.6338316454101889,1.8590640035242731,-13.312228869743686,1.4277819704069703,9.730908028565512,158,118,40,74.68354430379746,153.45479799034126,-208.8686609557901,593.2225653166391,-849.6648147131738,2.1673507744051905,8.860759493670885,30,45,66.66666666666666,8.666794168444603,-4.190655204757388,1.4438560034061425,2.013394115283728,105
7,33,0.45,0.1,-0.5,10,40,2,10000,17274.980941164227,7274.980941164227,72.74980941164227,15.623070620328129,1.6328195008767348,1.8339457144035545,-9.293907851508964,1.6814307361469478,7.868543167089445,261,181,80,69.34865900383141,91.88238389222204,-109.13038179160093,452.8049681695199,-500.7946326387366,1.9049130970066108,2.8735632183908044,29,45,64.44444444444444,5.900545214007646,-3.415805330725985,1.1760110585251349,1.762678069260126,13
14,39,0.45,0.3,-0.5,5,35,2,10000,18779.28293201977,8779.282932019774,87.79282932019774,18.215236533512,1.6321565617776892,1.841736867234946,-12.675430912796443,1.4373726502334956,9.308772673502302,157,112,45,71.3375796178344,155.25328937174905,-180.5929366442321,683.402627441412,-849.6648147131738,2.1396638986054106,8.910828025477707,28,45,62.22222222222222,8.769907995807657,-4.277879447322064,1.389382012935124,2.0485041788195875,81
7,45,0.45,0.2,-0.1999999999999999,10,50,2,10000,15093.962928430592,5093.962928430592,50.93962928430592,11.552652467590296,1.6307787516336416,1.5516878852156308,-7.881833615304543,1.4657315837215776,5.581557174481834,216,150,66,69.44444444444444,73.98737288929824,-86.10671219642995,335.38477583912857,-426.7973934015324,1.9528456715354916,3.462962962962963,26,45,57.77777777777777,5.719986349862039,-2.8923845790338576,0.8746579482964214,1.8457689491513667,17
14,36,0.45,0.2,-0.4,10,35,5,10000,18763.393117171163,8763.393117171163,87.63393117171164,18.18866708092015,1.6304628343829806,2.0219975209415044,-16.959124663733114,1.0729815753794003,9.30593196084972,154,107,47,69.48051948051948,153.00687653617783,-150.14977326753453,536.5202905022513,-504.44939078645007,2.3199156179111458,7.720779220779221,30,45,66.66666666666666,8.575127243806113,-4.565859942521843,1.382678144180388,1.8407881268555144,85
14,36,0.45,0.5,-0.3,5,45,5,10000,18849.961439157272,8849.961439157272,88.49961439157272,18.33321881496284,1.6301555390770242,1.9257450588855536,-16.032980157364424,1.1439788382709584,9.387780119439167,153,103,50,67.3202614379085,163.237378773354,-148.16570491744858,771.0323444305529,-459.9089257326435,2.269546791954748,7.718954248366013,30,45,66.66666666666666,8.414128197724402,-4.517852765944874,1.3889266461562728,1.969982402601092,42
14,39,0.45,0.3,-0.3,5,45,5,10000,17404.663638927974,7404.663638927974,74.04663638927974,15.852923297285004,1.627805745770852,1.8324368874745287,-14.21891455116224,1.1151992562891166,8.022996348410231,173,123,50,71.09826589595376,117.80107392530276,-132.17930250517185,448.59947456894776,-459.9089257326435,2.19240559122262,8.00578034682081,28,45,62.22222222222222,7.305626928254871,-3.421713939028581,1.2093313982996428,1.9961930329976487,143
14,39,0.45,0.3,-0.3,5,55,5,10000,17404.663638927974,7404.663638927974,74.04663638927974,15.852923297285004,1.627805745770852,1.8324368874745287,-14.21891455116224,1.1151992562891166,8.022996348410231,173,123,50,71.09826589595376,117.80107392530276,-132.17930250517185,448.59947456894776,-459.9089257326435,2.19240559122262,8.00578034682081,28,45,62.22222222222222,7.305626928254871,-3.421713939028581,1.2093313982996428,1.9853637594140912,86
14,39,0.45,0.3,-0.3,5,50,5,10000,17404.663638927974,7404.663638927974,74.04663638927974,15.852923297285004,1.627805745770852,1.8324368874745287,-14.21891455116224,1.1151992562891166,8.022996348410231,173,123,50,71.09826589595376,117.80107392530276,-132.17930250517185,448.59947456894776,-459.9089257326435,2.19240559122262,8.00578034682081,28,45,62.22222222222222,7.305626928254871,-3.421713939028581,1.2093313982996428,1.9943042290239996,123
14,36,0.45,0.2,-0.5,10,35,2,10000,19130.093168765,9130.093168764995,91.30093168764998,18.797666164325435,1.6264161535751005,1.8658916995569987,-15.29317400637998,1.2296904113685472,9.667146444065075,158,117,41,74.0506329113924,160.51673598467767,-222.6893076296725,593.2225653166391,-785.0156133371844,2.0569463293192265,8.354430379746836,28,45,62.22222222222222,8.677654286639092,-5.011926551319834,1.4457111042471835,1.8983805167750352,64
14,36,0.45,0.5,-0.4,10,45,5,10000,18771.67516671912,8771.675166719117,87.71675166719116,18.20251760562146,1.626099656586112,2.011907946115893,-16.959124663733114,1.073798332222028,9.340079886649225,150,103,47,68.66666666666667,159.18412398869066,-150.51672926575017,771.0323444305529,-504.44939078645007,2.317684658541596,7.7,30,45,66.66666666666666,8.517294272951116,-4.565859942521843,1.383270047697059,1.949666015204813,48
14,36,0.45,0.4,-0.4,10,35,5,10000,18771.67516671912,8771.675166719117,87.71675166719116,18.20251760562146,1.626099656586112,2.011907946115893,-16.959124663733114,1.073798332222028,9.340079886649225,150,103,47,68.66666666666667,159.18412398869066,-150.51672926575017,771.0323444305529,-504.44939078645007,2.317684658541596,7.7,30,45,66.66666666666666,8.517294272951116,-4.565859942521843,1.383270047697059,1.9336229810010443,88
14,39,0.45,0.4,-0.4,10,50,5,10000,17456.824504060878,7456.824504060878,74.56824504060879,15.945019785741298,1.6259207641636422,1.8769835873375085,-15.009626337202786,1.0625862524706922,8.08418964939014,170,122,48,71.76470588235294,117.7705699613128,-134.12253547070017,654.4852824347877,-504.44939078645007,2.231791480339219,8.058823529411764,28,45,62.22222222222222,7.2857780714858045,-4.3578918144216665,1.217375183324512,1.9070563694800649,117
14,39,0.45,0.4,-0.4,10,40,5,10000,17456.824504060878,7456.824504060878,74.56824504060879,15.945019785741298,1.6259207641636422,1.8769835873375085,-15.009626337202786,1.0625862524706922,8.08418964939014,170,122,48,71.76470588235294,117.7705699613128,-134.12253547070017,654.4852824347877,-504.44939078645007,2.231791480339219,8.058823529411764,28,45,62.22222222222222,7.2857780714858045,-4.3578918144216665,1.217375183324512,1.8984516488226244,144
7,39,0.45,0.4,-0.4,15,30,5,10000,14109.59911722754,4109.599117227539,41.09599117227539,9.572741275573216,1.6257302373803355,1.770989588106038,-4.150572805462822,2.3072777051925484,4.462967191193333,214,148,66,69.1588785046729,53.71524537268271,-53.39935148378422,416.2219642288031,-273.0836644471019,2.25568972402311,2.4766355140186915,22,45,48.888888888888886,8.004040501771815,-2.048610493510672,0.7146917851649389,1.817537617253385,61
7,39,0.45,0.4,-0.3,15,30,5,10000,14109.59911722754,4109.599117227539,41.09599117227539,9.572741275573216,1.6257302373803355,1.770989588106038,-4.150572805462822,2.3072777051925484,4.462967191193333,214,148,66,69.1588785046729,53.71524537268271,-53.39935148378422,416.2219642288031,-273.0836644471019,2.25568972402311,2.4766355140186915,22,45,48.888888888888886,8.004040501771815,-2.048610493510672,0.7146917851649389,1.895309120585439,139
14,39,0.45,0.6,-0.4,10,30,5,10000,17455.923251204782,7455.923251204782,74.55923251204783,15.943430228874613,1.6254584279982929,1.8764046262272545,-15.010734183345722,1.0624019314514062,8.08572018486078,170,122,48,71.76470588235294,117.7705699613128,-134.14131157186884,654.4852824347877,-504.44939078645007,2.23147909079918,8.052941176470588,28,45,62.22222222222222,7.286261740348965,-4.358229399249158,1.2172640476869243,1.845582647850917,37
14,45,0.45,0.4,-0.19999999999999996,10,50,5,10000,17193.19227113262,7193.192271132619,71.9319227113262,15.321442407381113,1.6227345221411704,1.815471183299165,-13.633630907442178,1.1240869285069293,7.750901419115112,84,55,29,65.47619047619048,237.31218200721074,-193.3959482618991,690.5331386685147,-480.4127262190464,2.3272195306553853,12.607142857142858,26,45,57.77777777777777,6.088794152670429,-4.649042233951195,1.1895923970693072,0.9301070449879946,6
14,36,0.45,0.3,-0.3,10,60,5,10000,18568.1520819084,8568.152081908396,85.68152081908397,17.860846470879,1.6225517301704524,1.942312433933981,-16.032980157364424,1.1145142622583852,9.172495144754828,152,103,49,67.76315789473685,158.4898687886016,-147.12043009575137,536.5202905022513,-459.9089257326435,2.264486128480248,7.6644736842105265,29,45,64.44444444444444,8.733550609395913,-4.517852765944874,1.3582496776308255,1.867388278414132,36
14,45,0.45,0.3,-0.5,15,35,8,10000,13903.169435808766,3903.169435808766,39.03169435808766,9.144743759834627,1.622153647252908,1.759234921492992,-4.150678956197772,2.204100076807796,4.225115783839401,114,78,36,68.42105263157895,86.9037878837171,-73.62294497558901,326.03410990461134,-412.0224728608678,2.557511662663749,6.06140350877193,23,45,51.11111111111111,5.400972504822588,-1.8865209131016856,0.6838395400458298,1.7984852264901563,12
14,39,0.45,0.3,-0.1999999999999999,10,50,5,10000,17347.648088600516,7347.648088600516,73.47648088600516,15.75202307052217,1.6159398623519874,1.8454120577356623,-14.7021978561173,1.0716778114884609,8.028025623555173,175,125,50,71.42857142857143,119.17590100256209,-141.39072416188137,448.59947456894776,-395.523230707186,2.1072086183340244,7.828571428571428,27,45,60.0,7.082026048251611,-3.4301624265277164,1.2019732517102648,1.9480245406066412,75
14,39,0.45,0.3,-0.1999999999999999,5,40,5,10000,17347.648088600516,7347.648088600516,73.47648088600516,15.75202307052217,1.6159398623519874,1.8454120577356623,-14.7021978561173,1.0716778114884609,8.028025623555173,175,125,50,71.42857142857143,119.17590100256209,-141.39072416188137,448.59947456894776,-395.523230707186,2.1072086183340244,7.828571428571428,27,45,60.0,7.082026048251611,-3.4301624265277164,1.2019732517102648,1.896537085670286,84
14,39,0.45,0.4,-0.3,5,25,5,10000,17390.3433139299,7390.343313929901,73.90343313929901,15.82760352299244,1.6155428428281695,1.8094146818822447,-16.126360528406376,0.9814739968830736,8.070618440969026,171,121,50,70.76023391812866,121.64379030188536,-137.00103967945083,654.4852824347877,-459.9089257326435,2.148728018556177,8.08187134502924,29,45,64.44444444444444,7.908599013819351,-3.5577149088349302,1.1922286492315295,2.032323402215677,115
14,39,0.45,0.3,-0.1999999999999999,5,30,5,10000,17346.746835744423,7346.746835744423,73.46746835744423,15.750426172235809,1.615474082062589,1.8448385619901928,-14.70328556403804,1.0714899197516985,8.029561019150917,175,125,50,71.42857142857143,119.17590100256209,-141.40874921900323,448.59947456894776,-395.523230707186,2.106940017162435,7.822857142857143,27,45,60.0,7.082577923065059,-3.4304288007714456,1.201861168606542,1.9354730624450456,144
14,39,0.45,0.3,-0.1999999999999999,10,30,5,10000,17346.746835744423,7346.746835744423,73.46746835744423,15.750426172235809,1.615474082062589,1.8448385619901928,-14.70328556403804,1.0714899197516985,8.029561019150917,175,125,50,71.42857142857143,119.17590100256209,-141.40874921900323,448.59947456894776,-395.523230707186,2.106940017162435,7.822857142857143,27,45,60.0,7.082577923065059,-3.4304288007714456,1.201861168606542,1.849129657546212,163
7,39,0.45,0.3,-0.1999999999999999,15,35,5,10000,14121.406168252512,4121.406168252513,41.214061682525134,9.597081815393803,1.6021332001659658,1.6501433438930475,-4.123252800169162,2.3284687947262026,4.544920046704628,216,150,66,69.44444444444444,54.17245662212835,-55.808520076772645,416.2219642288031,-333.37466906773125,2.206100778633407,2.467592592592593,21,45,46.66666666666666,7.950794645416503,-2.046844705128048,0.7169471182051028,1.8481454056647395,94
7,39,0.45,0.5,-0.1999999999999999,15,35,5,10000,14121.406168252512,4121.406168252513,41.214061682525134,9.597081815393803,1.6021332001659658,1.6501433438930475,-4.123252800169162,2.3284687947262026,4.544920046704628,216,150,66,69.44444444444444,54.17245662212835,-55.808520076772645,416.2219642288031,-333.37466906773125,2.206100778633407,2.467592592592593,21,45,46.66666666666666,7.950794645416503,-2.046844705128048,0.7169471182051028,1.8320439896316985,103
14,36,0.45,0.4,-0.5,10,45,8,10000,15899.805796059183,5899.805796059183,58.99805796059183,13.10404128683027,1.5998048449518878,1.9654737997630984,-9.40962640216723,1.3934507958504303,6.597073708167546,154,101,53,65.5844155844156,123.8113675028328,-114.83853437220571,544.9135996549389,-368.4355539207544,2.0545578938860443,6.175324675324675,27,45,60.0,6.82721180945014,-2.6982828627296507,0.9574956303502712,1.9924746671338167,72
14,39,0.45,0.4,-0.4,10,60,8,10000,15890.906019833586,5890.9060198335865,58.90906019833586,13.087226591267244,1.593546098072736,1.932775524109397,-9.210964458773356,1.4212551578122217,6.61210864654792,155,103,52,66.45161290322581,120.91874458738737,-116.4504744743708,544.9135996549389,-479.71624289447806,2.056772458704355,6.135483870967742,27,45,60.0,6.858799772509916,-2.6448168302173114,0.9629640057145372,1.8719867304411328,23
14,42,0.45,0.4,-0.3,10,45,8,10000,14748.324566328907,4748.324566328907,47.48324566328907,10.8685543411275,1.5811872506647924,1.7683172328521173,-7.586360722126704,1.4331485540258289,5.36156433269978,157,105,52,66.87898089171973,93.75759561148318,-91.30428793993909,572.2702218783858,-537.5451165931846,2.0734866475530493,6.10828025477707,27,45,60.0,5.45826145412267,-2.795647524776945,0.8234988056354957,1.9894344792083043,85
14,39,0.45,0.5,-0.1999999999999999,5,25,5,10000,17198.38313805723,7198.38313805723,71.98383138057231,15.4867109421575,1.5711264861760956,1.771388724153625,-14.51692608245328,1.066803733393422,8.112918019194323,168,120,48,71.42857142857143,125.84381968508708,-154.5119144901566,654.4852824347877,-395.523230707186,2.0361507411958213,7.863095238095238,26,45,57.77777777777777,7.192561724026403,-3.361193937474738,1.16533090502582,1.9040215319621336,115
7,39,0.45,0.5,-0.1999999999999999,15,30,5,10000,14043.647424136045,4043.647424136043,40.43647424136043,9.436504303857385,1.5652857000637292,1.605432730103454,-4.150572805462822,2.2744529165517258,4.558494686771001,215,149,66,69.30232558139535,53.99670972619316,-55.808520076772645,416.2219642288031,-333.37466906773125,2.184284096747513,2.4651162790697674,21,45,46.66666666666666,8.004040501771815,-2.0585301240538034,0.704247022829515,1.827939793263862,120
14,39,0.45,0.5,-0.5,10,50,5,10000,18236.9063976661,8236.906397666098,82.36906397666098,17.123134723954927,1.5621743978868634,1.9426466484910858,-15.568502146740165,1.0998575561451993,9.116297560650567,90,58,32,64.44444444444444,255.8653793649674,-195.67012857826944,1080.3241664003092,-528.5620936725428,2.3700909457597548,13.222222222222221,27,45,60.0,6.355070903745608,-5.931943016177477,1.2503913649282854,1.1882885975520103,7
14,42,0.45,0.5,-0.3,15,35,8,10000,13851.789971713428,3851.789971713428,38.51789971713428,9.037492315005036,1.5588338395983052,1.5700760328061814,-5.138639024125941,1.759465223417803,4.336698049150787,115,79,36,68.69565217391305,86.76007613737974,-77.00433453165567,326.03410990461134,-537.5451165931846,2.472460391187234,6.026086956521739,24,45,53.333333333333336,5.45826145412267,-2.795647524776945,0.6764984132818114,2.0024735983365245,82
14,39,0.45,0.3,-0.3,10,45,8,10000,15747.685863755709,5747.685863755709,57.47685863755709,12.81567903495282,1.5550224757161608,1.8524391665778288,-9.264908559126264,1.3836697612922368,6.621514608687301,156,103,53,66.02564102564102,119.21642565181814,-113.67181091285904,544.9135996549389,-368.4355539207544,2.03819003038536,6.089743589743589,27,45,60.0,6.904268275585235,-2.660424948572216,0.943255908327906,1.9706408207874733,127
14,39,0.45,0.3,-0.3,5,45,8,10000,15747.685863755709,5747.685863755709,57.47685863755709,12.81567903495282,1.5550224757161608,1.8524391665778288,-9.264908559126264,1.3836697612922368,6.621514608687301,156,103,53,66.02564102564102,119.21642565181814,-113.67181091285904,544.9135996549389,-368.4355539207544,2.03819003038536,6.089743589743589,27,45,60.0,6.904268275585235,-2.660424948572216,0.943255908327906,2.015904062517684,118
14,39,0.45,0.4,-0.1999999999999999,10,35,5,10000,17100.066293889624,7100.066293889624,71.00066293889624,15.31103170626804,1.5547373179278066,1.7582091044258086,-14.7021978561173,1.041681848089929,8.101997008389828,174,124,50,71.26436781609196,119.67681605572888,-145.20111136790166,654.4852824347877,-395.523230707186,2.044051185436162,7.867816091954023,26,45,57.77777777777777,7.244350032162106,-3.4301624265277164,1.1703605869129432,1.8759414842617737,152
14,39,0.45,0.4,-0.1999999999999999,5,30,5,10000,17099.165041033528,7099.165041033528,70.99165041033528,15.309417858923569,1.5542862005732014,1.7576677831243466,-14.70328556403804,1.041495022591299,8.103526129861093,174,124,50,71.26436781609196,119.67681605572888,-145.21913642502358,654.4852824347877,-395.523230707186,2.043797471357669,7.862068965517241,26,45,57.77777777777777,7.2448282160538335,-3.4304288007714456,1.1702468870196745,1.964893868681583,165
14,39,0.45,0.5,-0.1999999999999999,10,30,5,10000,17099.165041033528,7099.165041033528,70.99165041033528,15.309417858923569,1.5542862005732014,1.7576677831243466,-14.70328556403804,1.041495022591299,8.103526129861093,174,124,50,71.26436781609196,119.67681605572888,-145.21913642502358,654.4852824347877,-395.523230707186,2.043797471357669,7.862068965517241,26,45,57.77777777777777,7.2448282160538335,-3.4304288007714456,1.1702468870196745,1.8276423090639768,171
14,39,0.45,0.4,-0.1999999999999999,10,30,5,10000,17099.165041033528,7099.165041033528,70.99165041033528,15.309417858923569,1.5542862005732014,1.7576677831243466,-14.70328556403804,1.041495022591299,8.103526129861093,174,124,50,71.26436781609196,119.67681605572888,-145.21913642502358,654.4852824347877,-395.523230707186,2.043797471357669,7.862068965517241,26,45,57.77777777777777,7.2448282160538335,-3.4304288007714456,1.1702468870196745,1.8805221903086031,186
7,36,0.45,0.2,-0.3,15,30,5,10000,14024.50641106863,4024.506411068631,40.24506411068631,9.396876588700032,1.5491377468984808,1.586522920041851,-4.120820854456166,2.2812574658127147,4.5833269661165446,216,150,66,69.44444444444444,54.158506709270135,-57.0283272018504,416.2219642288031,-273.0836644471019,2.158357456508867,2.462962962962963,22,45,48.888888888888886,8.173960138811577,-2.2268690255601964,0.7016748584412985,1.7721652414364304,61
7,39,0.45,0.6,-0.3,15,40,2,10000,14748.318634314395,4748.318634314397,47.48318634314397,10.868542499748113,1.5488591162559728,1.4004557428801372,-6.937989896579008,1.5670778164158206,5.477266592759454,163,114,49,69.93865030674846,82.38592113597313,-89.62196684054527,450.05153916494857,-428.4943100730502,2.138687358667984,3.4355828220858897,22,45,48.888888888888886,7.694499349246331,-5.286989150799737,0.819428546107777,1.8169888877365723,33
14,42,0.45,0.3,-0.4,10,40,2,10000,17345.409436071473,7345.4094360714735,73.45409436071473,15.74805636841261,1.5432904636078155,1.679265928451456,-12.904592903462095,1.220654731327056,8.425073798550418,128,93,35,72.65625,158.32107978913731,-201.2732637004636,683.402627441412,-783.5969688255842,2.0901023740684823,8.234375,28,45,62.22222222222222,7.997711823045939,-4.565851473677585,1.2010381687304332,1.940174600370072,144
7,36,0.45,0.1,-0.1999999999999999,10,60,2,10000,15439.43528555797,5439.435285557969,54.39435285557968,12.22501958866098,1.5358058846913396,1.5350793111411216,-6.24553789076314,1.9580209407791116,6.350499932065026,259,184,75,71.04247104247105,70.77501715125733,-94.93823827031422,416.2219642288031,-387.55994501363466,1.828922801896051,2.8764478764478763,27,45,60.0,5.527626695294274,-3.580687711084652,0.9222228292944056,1.881352316825866,9
7,39,0.45,0.4,-0.3,15,55,2,10000,14706.760546656607,4706.760546656607,47.06760546656608,10.785499006266086,1.5356472709904865,1.3880524269446812,-6.937989896579008,1.5551080151242789,5.47545993229526,163,114,49,69.93865030674846,82.02137650739603,-89.62196684054527,450.05153916494857,-428.4943100730502,2.1292240064585526,3.4294478527607364,22,45,48.888888888888886,7.694499349246331,-5.286989150799737,0.8129479248212916,1.90415017838067,39
14,39,0.45,0.5,-0.4,10,30,8,10000,15649.164531383289,5649.164531383289,56.49164531383288,12.627826277387989,1.533576999154478,1.838352698990185,-9.294794328711408,1.3590095837304448,6.604515581277153,156,103,53,66.02564102564102,118.69388607574562,-114.61331574374488,544.9135996549389,-479.71624289447806,2.012586834272231,6.115384615384615,26,45,57.77777777777777,6.9294885335010825,-2.6690726593809,0.9259848693282606,1.8977549402905465,49
7,39,0.45,0.3,-0.4,15,40,2,10000,14681.437082747912,4681.437082747912,46.81437082747912,10.734811825104472,1.530390931099631,1.3822949095031,-6.949827182802272,1.5451657262125564,5.463910955247192,164,115,49,70.1219512195122,80.76116655259915,-88.85504226124833,416.2219642288031,-428.4943100730502,2.133154275932363,3.402439024390244,22,45,48.888888888888886,7.45856373774727,-5.2960810069385245,0.8089834489947276,1.8946878382564505,127
14,39,0.45,0.1,-0.5,10,35,5,10000,16499.259357119794,6499.259357119794,64.99259357119794,14.221035206717405,1.5282507076514762,1.9017602434616017,-14.607240689078717,0.9738306369153577,7.593611469012257,176,138,38,78.4090909090909,96.11587242067158,-164.26388706071535,224.29973728447388,-504.44939078645007,2.124948977140928,6.778409090909091,25,45,55.55555555555556,6.457908039496507,-4.324567186713701,1.088065529958987,1.8162268012591865,39
7,39,0.45,0.2,-0.3,15,25,2,10000,14529.25900540712,4529.259005407119,45.292590054071184,10.42885373152458,1.5237700918865014,1.3838894209777528,-7.021821338472432,1.4852063629681205,5.297662576992404,164,117,47,71.34146341463415,76.36717516867449,-88.37235083676536,416.2219642288031,-428.4943100730502,2.151187779486833,3.323170731707317,22,45,48.888888888888886,8.06413882125554,-5.351382790152304,0.8068891024288305,1.7534818012226352,45
7,39,0.45,0.6,-0.1999999999999999,15,25,5,10000,13924.275077316956,3924.275077316956,39.242750773169554,9.188716135991658,1.5165467203376568,1.533545246530858,-4.193225207961152,2.191324262418864,4.552864774757765,210,146,64,69.52380952380952,53.79285112305183,-56.52314354138842,416.2219642288031,-333.37466906773125,2.1710565608334464,2.4714285714285715,21,45,46.66666666666666,8.08718376884563,-2.0767310779349013,0.7072751502105826,1.807729893450188,48
7,39,0.45,0.3,-0.1999999999999999,15,25,5,10000,13924.275077316956,3924.275077316956,39.242750773169554,9.188716135991658,1.5165467203376568,1.533545246530858,-4.193225207961152,2.191324262418864,4.552864774757765,210,146,64,69.52380952380952,53.79285112305183,-56.52314354138842,416.2219642288031,-333.37466906773125,2.1710565608334464,2.4714285714285715,21,45,46.66666666666666,8.08718376884563,-2.0767310779349013,0.7072751502105826,1.8480136712209017,86
14,42,0.45,0.5,-0.1999999999999999,5,30,2,10000,17123.361101015118,7123.361101015118,71.23361101015118,15.352723383468025,1.5075819313990486,1.5995311965123606,-12.385816196565552,1.2398622348796238,8.395821005353191,134,97,37,72.38805970149254,154.29158806999567,-202.7361131614164,766.5188027569925,-596.8140261765445,1.9951756843467905,8.126865671641792,28,45,62.22222222222222,7.830938236115181,-4.7177466912591175,1.1759670728460772,1.960825135699806,122
7,36,0.45,0.2,-0.4,15,45,2,10000,14596.081969729805,4596.081969729803,45.96081969729803,10.563491525283354,1.5060036347479735,1.3483526737139442,-7.014957479707294,1.5063966648631908,5.448901219781206,169,120,49,71.00591715976331,76.76487234926381,-88.81230024861281,416.2219642288031,-428.4943100730502,2.1167744245677893,3.2958579881656807,22,45,48.888888888888886,8.0931949911617,-5.346109976016933,0.7954516966233283,1.9676162517840496,80
7,42,0.45,0.2,-0.1,5,25,2,10000,14631.581307489068,4631.581307489068,46.31581307489069,10.63483307122548,1.5029095476110568,1.3638964272272345,-6.858405918528566,1.5506275361297257,5.503079243618781,233,162,71,69.52789699570815,65.9370465912345,-80.52704563790452,335.38477583912857,-360.01786832871585,1.8682904349944904,3.1974248927038627,26,45,57.77777777777777,5.012198845917637,-2.5420706807456783,0.8118715657917465,1.9663350910140227,30
7,36,0.45,0.4,-0.4,15,45,5,10000,13953.7020187405,3953.702018740501,39.53702018740501,9.249943822474794,1.5019418221345262,1.5252663758280476,-4.145843967654945,2.232046254721215,4.639459393873109,218,151,67,69.26605504587155,53.99353514310988,-57.63166847566161,416.2219642288031,-273.0836644471019,2.111459301895794,2.458715596330275,22,45,48.888888888888886,8.224108411175933,-2.238889452602899,0.6910399253950412,1.941756758597772,78
7,36,0.45,0.3,-0.5,15,40,5,10000,13953.7020187405,3953.702018740501,39.53702018740501,9.249943822474794,1.5019418221345262,1.5252663758280476,-4.145843967654945,2.232046254721215,4.639459393873109,218,151,67,69.26605504587155,53.99353514310988,-57.63166847566161,416.2219642288031,-273.0836644471019,2.111459301895794,2.458715596330275,22,45,48.888888888888886,8.224108411175933,-2.238889452602899,0.6910399253950412,1.9194815650340045,95
7,36,0.45,0.3,-0.3,15,60,5,10000,13953.7020187405,3953.702018740501,39.53702018740501,9.249943822474794,1.5019418221345262,1.5252663758280476,-4.145843967654945,2.232046254721215,4.639459393873109,218,151,67,69.26605504587155,53.99353514310988,-57.63166847566161,416.2219642288031,-273.0836644471019,2.111459301895794,2.458715596330275,22,45,48.888888888888886,8.224108411175933,-2.238889452602899,0.6910399253950412,1.7961162230500405,20
14,42,0.45,0.4,-0.3,5,45,2,10000,17246.924703943347,7246.924703943347,72.46924703943347,15.573176443601987,1.4997767879549362,1.6171553355266193,-11.648241832940068,1.3372976492599755,8.577251396663428,132,95,37,71.96969696969697,153.98349553930268,-190.37082749968508,683.402627441412,-596.8140261765445,2.076804698913508,8.371212121212121,28,45,62.22222222222222,7.950614077034013,-4.565851473677585,1.1880963838894456,2.000483906747484,93
7,36,0.45,0.4,-0.1999999999999999,15,30,5,10000,13958.554717977137,3958.554717977137,39.58554717977136,9.260031565828264,1.492176534929169,1.455486386078628,-4.347569332705315,2.1308006574135088,4.677230295692129,217,151,66,69.5852534562212,54.433307552558034,-59.43749579483881,416.2219642288031,-333.37466906773125,2.0952566732192937,2.4516129032258065,21,45,46.66666666666666,8.173960138811577,-2.079432353119537,0.6910978947878419,1.876907067199532,106
7,36,0.45,0.4,-0.3,15,25,5,10000,13887.000344718916,3887.000344718917,38.87000344718917,9.111023220716133,1.491992859812799,1.5058455099388952,-4.163698697936172,2.188204258207302,4.580867419785829,211,147,64,69.66824644549763,53.83273015523292,-57.79392168907111,416.2219642288031,-273.0836644471019,2.139447340855611,2.4691943127962084,22,45,48.888888888888886,8.114553152526561,-2.2503326788095968,0.7016824300130157,1.9209268931920287,81
7,45,0.45,0.1,-0.5,10,40,2,10000,14243.92556942458,4243.92556942458,42.4392556942458,9.848780666999147,1.4851141402962844,1.5014856005340984,-6.232304980127467,1.5802789976426528,5.072744525027252,230,163,67,70.86956521739131,60.51385519318972,-78.98854965769587,241.70373900203575,-368.98118256414887,1.8638179231353031,3.152173913043478,26,45,57.77777777777777,4.28534747297582,-2.0389404957928403,0.742732332213823,1.713658930122563,11
7,45,0.45,0.1,-0.3,5,35,2,10000,14243.92556942458,4243.92556942458,42.4392556942458,9.848780666999147,1.4851141402962844,1.5014856005340984,-6.232304980127467,1.5802789976426528,5.072744525027252,230,163,67,70.86956521739131,60.51385519318972,-78.98854965769587,241.70373900203575,-368.98118256414887,1.8638179231353031,3.152173913043478,26,45,57.77777777777777,4.28534747297582,-2.0389404957928403,0.742732332213823,1.8169615353357251,8
14,42,0.45,0.2,-0.4,10,25,2,10000,17115.125475891164,7115.125475891164,71.15125475891165,15.33798850847965,1.4847482546008652,1.6164696601216044,-14.728500539486062,1.0413815355717708,8.520972764564604,131,94,37,71.7557251908397,159.48205242906317,-203.6702891253704,453.2942150208027,-783.5969688255842,1.989345728454492,8.305343511450381,27,45,60.0,7.520615554107057,-4.445089494848609,1.1808962933192024,1.7432044581979231,21
14,45,0.45,0.5,-0.1999999999999999,10,35,8,10000,14583.069428545774,4583.069428545774,45.83069428545774,10.537308843379932,1.4833206825960294,1.5454847100512836,-8.053446790763081,1.30889608383084,5.51921373152531,158,106,52,67.08860759493672,92.5804068224554,-93.98564797374068,572.2702218783858,-401.8064952885013,2.0079831611676053,6.056962025316456,27,45,60.0,5.502904844571455,-3.0943313190126,0.7987518817551795,1.6700791150157084,19
7,42,0.45,0.1,-0.5,5,55,2,10000,14287.534232298343,4287.534232298345,42.87534232298345,9.937984796231092,1.4816204345283366,1.4986480366535502,-6.8010546215186665,1.461799791530638,5.1443800778490845,250,178,72,71.2,57.34045678924336,-77.28009828037914,241.70373900203575,-368.98118256414887,1.8343448657690435,2.98,26,45,57.77777777777777,4.299677686197212,-2.240933987217897,0.7363161791546522,1.7760140722015405,11
7,39,0.45,0.6,-0.1,15,30,5,10000,13997.476130130995,3997.476130130995,39.974761301309954,9.340847979129574,1.481304916091846,1.3632332290952631,-4.587434274888127,2.0370041804827554,4.76436487644198,217,151,66,69.5852534562212,54.40515743376837,-59.01973700558005,416.2219642288031,-333.37466906773125,2.1089962775021567,2.4285714285714284,21,45,46.66666666666666,8.001584500277259,-2.4286645359096526,0.6971251357518778,1.835328357182411,49
14,39,0.45,0.2,-0.4,15,40,8,10000,14429.591418873166,4429.591418873166,44.29591418873166,10.22719158912373,1.4793736701986695,1.6399933629470462,-6.346692571834908,1.612020259279312,5.336768968878218,119,81,38,68.0672268907563,102.3324168137989,-92.59827218538176,283.52338789649286,-479.71624289447806,2.3556554584185805,5.722689075630252,23,45,51.11111111111111,7.0209587928026895,-3.1434113012873355,0.7402133497151074,1.873359503522752,91
14,42,0.45,0.2,-0.1999999999999999,5,45,2,10000,16837.813341265904,6837.8133412659045,68.37813341265905,14.838763577767168,1.465999023619297,1.511592096069013,-13.808019289777707,1.074935361072077,8.325004815780227,136,99,37,72.79411764705883,154.0440621805416,-218.0611367515041,453.2942150208027,-596.8140261765445,1.890166933452453,7.985294117647059,28,45,62.22222222222222,7.432191662424525,-4.860269899000002,1.14703014299688,1.9737690229345064,49
14,39,0.45,0.2,-0.5,10,30,8,10000,15263.647771609518,5263.647771609518,52.63647771609518,11.884294054122211,1.465053710133411,1.7511087511260073,-8.739187725384106,1.3603274185854082,6.4539385188007685,160,106,54,66.25,110.18942560432409,-109.3376174527556,322.2146635384746,-360.4449680809543,1.9782556672676035,5.875,26,45,57.77777777777777,7.014068079294988,-2.495141876249918,0.8694352574707619,1.7720173906374228,34
7,39,0.45,0.1,-0.1,5,45,2,10000,15247.210947600275,5247.210947600275,52.47210947600275,11.852287800635764,1.4599929278920765,1.3791945508246062,-7.386271186410555,1.6051603063759066,6.456803890855212,263,186,77,70.72243346007605,68.22571626901366,-90.95288673294158,416.2219642288031,-333.37466906773125,1.811981816975403,2.7984790874524714,26,45,57.77777777777777,4.995807316342216,-2.816430170187756,0.892502174359399,1.619803395892315,5
14,36,0.45,0.3,-0.1999999999999999,5,50,2,10000,18298.09172723838,8298.091727238381,82.98091727238382,17.403201118336643,1.4578941120036204,1.5996298767546455,-14.133049718343488,1.231956898532074,9.995607494001367,159,113,46,71.0691823899371,164.83592176739756,-213.11008921417096,683.402627441412,-656.6124391315897,1.9000650166509807,8.157232704402515,28,45,62.22222222222222,8.31038807248663,-3.677086482115421,1.331957377995945,2.032953147598535,56
7,39,0.45,0.4,-0.1999999999999999,15,30,2,10000,14406.2462979356,4406.246297935599,44.06246297935599,10.17980850169522,1.452861381203002,1.2459641965617447,-7.34421425097786,1.386616993180212,5.407120245264567,165,116,49,70.3030303030303,80.40971288805306,-95.18123259344358,450.05153916494857,-428.4943100730502,1.999949805929101,3.375757575757576,22,45,48.888888888888886,7.729465380303746,-5.666958561621094,0.7658128433023357,1.8618013803108957,124
14,39,0.45,0.1,-0.3,5,40,8,10000,15110.596191880995,5110.596191880997,51.105961918809975,11.585282142232137,1.4516016658370567,1.7290434684139575,-6.59337331464773,1.7576942622776324,6.3234019798352445,191,132,59,69.10994764397905,88.48246383189974,-101.44727176152114,322.2146635384746,-363.65065316681046,1.9513660949357523,4.895287958115183,29,45,64.44444444444444,6.605817528652636,-3.192349257980087,0.8574146380228896,1.860364993676519,38
7,36,0.45,0.5,-0.1999999999999999,15,25,5,10000,13821.04865162742,3821.04865162742,38.210486516274194,8.973181938088338,1.4352822749162215,1.3802751675861284,-4.39263740166033,2.042777747759616,4.676795017459336,212,148,64,69.81132075471697,54.11530247881744,-60.27837680059042,416.2219642288031,-333.37466906773125,2.076061825557313,2.457547169811321,21,45,46.66666666666666,8.114553152526561,-2.100857119759325,0.6909996632649523,1.8383243441019763,80
7,39,0.45,0.4,-0.1,15,25,5,10000,13878.103783311908,3878.103783311908,38.78103783311908,9.092457197473491,1.4332585752410063,1.30160805661255,-4.6285464729878845,1.964430356384431,4.762707913943964,212,148,64,69.81132075471697,54.21233302203924,-59.83471099922105,416.2219642288031,-333.37466906773125,2.09520557582534,2.4339622641509435,21,45,46.66666666666666,8.08467648610498,-2.450131202388628,0.7000939588326667,1.8785789866405145,81
14,45,0.45,0.5,-0.5,10,45,5,10000,16439.391203618718,6439.391203618718,64.39391203618717,13.969413462759528,1.4295480525018105,1.6379603247607464,-18.05355297489014,0.773992306547733,7.984968655866828,78,52,26,66.66666666666666,224.49729829917356,-191.82058529090335,893.4242968500167,-605.1741481434069,2.3407007955763945,13.23076923076923,28,45,62.22222222222222,6.5173180534596975,-5.831950463095803,1.086625329724799,0.9830343906070331,16
14,45,0.45,0.6,-0.5,10,40,5,10000,16439.391203618718,6439.391203618718,64.39391203618717,13.969413462759528,1.4295480525018105,1.6379603247607464,-18.05355297489014,0.773992306547733,7.984968655866828,78,52,26,66.66666666666666,224.49729829917356,-191.82058529090335,893.4242968500167,-605.1741481434069,2.3407007955763945,13.23076923076923,28,45,62.22222222222222,6.5173180534596975,-5.831950463095803,1.086625329724799,1.1944083384345503,10
14,45,0.45,0.5,-0.5,10,40,5,10000,16439.391203618718,6439.391203618718,64.39391203618717,13.969413462759528,1.4295480525018105,1.6379603247607464,-18.05355297489014,0.773992306547733,7.984968655866828,78,52,26,66.66666666666666,224.49729829917356,-191.82058529090335,893.4242968500167,-605.1741481434069,2.3407007955763945,13.23076923076923,28,45,62.22222222222222,6.5173180534596975,-5.831950463095803,1.086625329724799,1.127740025406761,14
14,45,0.45,0.5,-0.5,10,50,5,10000,16439.391203618718,6439.391203618718,64.39391203618717,13.969413462759528,1.4295480525018105,1.6379603247607464,-18.05355297489014,0.773992306547733,7.984968655866828,78,52,26,66.66666666666666,224.49729829917356,-191.82058529090335,893.4242968500167,-605.1741481434069,2.3407007955763945,13.23076923076923,28,45,62.22222222222222,6.5173180534596975,-5.831950463095803,1.086625329724799,0.9483548759381298,12
14,45,0.45,0.6,-0.5,10,45,5,10000,16439.391203618718,6439.391203618718,64.39391203618717,13.969413462759528,1.4295480525018105,1.6379603247607464,-18.05355297489014,0.773992306547733,7.984968655866828,78,52,26,66.66666666666666,224.49729829917356,-191.82058529090335,893.4242968500167,-605.1741481434069,2.3407007955763945,13.23076923076923,28,45,62.22222222222222,6.5173180534596975,-5.831950463095803,1.086625329724799,0.9903561065302812,12
7,39,0.5,0.3,-0.1999999999999999,5,45,5,10000,14080.450984472493,4080.450984472493,40.804509844724926,9.51258753215254,1.4278958931019878,1.464265545239466,-4.654254029690043,2.0438479445837303,5.060562792123337,243,163,80,67.07818930041152,57.14589550612239,-60.63537478782132,312.4403865898741,-473.1560622800391,1.9202447828707148,2.794238683127572,26,45,57.77777777777777,3.719896294770941,-3.162786131243456,0.7223680202540105,1.919193858992184,75
7,39,0.5,0.2,-0.1999999999999999,10,60,5,10000,14080.450984472493,4080.450984472493,40.804509844724926,9.51258753215254,1.4278958931019878,1.464265545239466,-4.654254029690043,2.0438479445837303,5.060562792123337,243,163,80,67.07818930041152,57.14589550612239,-60.63537478782132,312.4403865898741,-473.1560622800391,1.9202447828707148,2.794238683127572,26,45,57.77777777777777,3.719896294770941,-3.162786131243456,0.7223680202540105,1.8466977507087223,33
7,39,0.5,0.3,-0.1999999999999999,10,35,5,10000,14080.450984472493,4080.450984472493,40.804509844724926,9.51258753215254,1.4278958931019878,1.464265545239466,-4.654254029690043,2.0438479445837303,5.060562792123337,243,163,80,67.07818930041152,57.14589550612239,-60.63537478782132,312.4403865898741,-473.1560622800391,1.9202447828707148,2.794238683127572,26,45,57.77777777777777,3.719896294770941,-3.162786131243456,0.7223680202540105,1.8678493282994608,134
7,39,0.5,0.4,-0.1999999999999999,5,50,5,10000,14080.450984472493,4080.450984472493,40.804509844724926,9.51258753215254,1.4278958931019878,1.464265545239466,-4.654254029690043,2.0438479445837303,5.060562792123337,243,163,80,67.07818930041152,57.14589550612239,-60.63537478782132,312.4403865898741,-473.1560622800391,1.9202447828707148,2.794238683127572,26,45,57.77777777777777,3.719896294770941,-3.162786131243456,0.7223680202540105,1.905840639080506,61
14,39,0.45,0.2,-0.3,5,60,8,10000,15144.397323581145,5144.397323581143,51.44397323581143,11.651509044962394,1.418596247353258,1.6548922295276414,-8.747258831077177,1.3324589861121987,6.521414592007709,161,107,54,66.45962732919256,108.71775873650984,-110.62227520787734,292.58878966978097,-363.65065316681046,1.9473675192428672,5.869565217391305,27,45,60.0,7.021415141179577,-3.150211607074871,0.8549634402929327,1.8953484864026613,24
14,45,0.45,0.2,-0.1999999999999999,5,45,8,10000,14370.188102351096,4370.188102351096,43.70188102351096,10.106511016274734,1.4176272254831357,1.4671059349039022,-8.087040189882677,1.2501869693578036,5.498320579522598,161,108,53,67.08074534161491,88.85714225008425,-92.06194831430231,477.4061601840081,-401.8064952885013,1.966799394572329,5.925465838509317,27,45,60.0,5.528263224825891,-3.1077297432686057,0.7654064912975336,1.8811115050407643,11
14,45,0.45,0.5,-0.4,10,45,5,10000,16462.27100257639,6462.271002576392,64.62271002576392,14.011116455307505,1.4170580637080628,1.5607491991234426,-17.878758185408675,0.7838920008776472,8.087334902634687,78,52,26,66.66666666666666,224.49729829917356,-190.9405930233005,893.4242968500167,-582.2943491857332,2.351488436738836,13.192307692307692,28,45,62.22222222222222,6.50554091322606,-5.6315342117807425,1.0893595029738667,0.9812781747164485,19
7,39,0.5,0.3,-0.3,10,25,5,10000,13868.78214044808,3868.78214044808,38.6878214044808,9.072994701629144,1.4031974924996238,1.4710862605349422,-5.5646076894617895,1.630482364248519,4.855317364929271,238,160,78,67.22689075630252,54.34276681859556,-57.15590449394178,249.785267871518,-273.0836644471019,1.9503206742849524,2.8151260504201683,24,45,53.333333333333336,3.778814682622356,-3.2831975019731896,0.7021587117200947,1.9073647001026013,112
7,36,0.5,0.3,-0.1999999999999999,10,30,5,10000,13974.10501349903,3974.105013499029,39.74105013499029,9.292340025226697,1.398976538996969,1.4137255646828133,-4.575923212408193,2.030702788025233,5.019614291422802,243,163,80,67.07818930041152,55.87439018418014,-59.3090073315322,312.4403865898741,-473.1560622800391,1.9195072573696703,2.7818930041152266,24,45,53.333333333333336,3.930960096481839,-3.046430706319947,0.712151314477478,1.889193993639057,135
7,36,0.5,0.5,-0.1999999999999999,10,30,5,10000,13974.10501349903,3974.105013499029,39.74105013499029,9.292340025226697,1.398976538996969,1.4137255646828133,-4.575923212408193,2.030702788025233,5.019614291422802,243,163,80,67.07818930041152,55.87439018418014,-59.3090073315322,312.4403865898741,-473.1560622800391,1.9195072573696703,2.7818930041152266,24,45,53.333333333333336,3.930960096481839,-3.046430706319947,0.712151314477478,1.8756434744216877,143
7,39,0.5,0.1,-0.4,10,40,5,10000,13878.529574539005,3878.529574539005,38.78529574539005,9.093345970237433,1.397678658735083,1.4736537440401227,-6.154289137200889,1.4775623581399189,4.889031204598803,246,166,80,67.47967479674797,53.56598457704909,-57.89029831564255,249.785267871518,-273.0836644471019,1.920000781328556,2.731707317073171,24,45,53.333333333333336,3.7015790322406423,-3.2738687546883027,0.6897457174779269,1.894873786419216,70
7,36,0.5,0.4,-0.1999999999999999,5,25,5,10000,13952.53763395102,3952.53763395102,39.5253763395102,9.247522927556794,1.3948173048088102,1.398836352061665,-4.5983501314228565,2.0110523694930893,5.004597417104589,239,161,78,67.36401673640168,55.78558204958631,-59.57360353887963,312.4403865898741,-473.1560622800391,1.932855427712315,2.794979079497908,24,45,53.333333333333336,3.9372755841424967,-3.0519036698763657,0.7165276899083571,2.036480375780702,100
7,36,0.5,0.2,-0.3,5,30,5,10000,13958.009995108898,3958.009995108898,39.580099951088975,9.25889932964803,1.3937098517413216,1.417301841044036,-5.015798958595661,1.8459470577027204,5.016473857978985,243,163,80,67.07818930041152,55.87439018418014,-59.52644506140884,312.4403865898741,-473.1560622800391,1.912495696371972,2.794238683127572,24,45,53.333333333333336,3.935671214497383,-3.0505131361653337,0.7098421470852265,1.9408079108294976,64
14,45,0.45,0.4,-0.4,10,40,5,10000,16286.502821152655,6286.502821152655,62.86502821152655,13.689640420395065,1.393539987984441,1.522689295156421,-17.878758185408675,0.7659104931155586,8.016879454098607,79,53,26,67.08860759493672,216.96964773836396,-190.9405930233005,522.9386819610947,-582.2943491857332,2.316344968480492,13.113924050632912,28,45,62.22222222222222,6.50554091322606,-5.6315342117807425,1.0644751914137227,0.9947634170099738,11
7,42,0.45,0.4,-0.1999999999999999,15,35,5,10000,13031.206646650602,3031.206646650602,30.31206646650602,7.283597195572278,1.3771934913051058,1.3307128769236425,-4.254161299999415,1.712981825304531,3.7112252081636328,214,148,66,69.1588785046729,43.97633136290235,-48.43167265241308,335.38477583912857,-150.2249613006992,2.0361384635378768,2.4766355140186915,21,45,46.66666666666666,5.708980012920928,-1.5209089970708134,0.5282244802530116,1.8553611643130024,93
7,42,0.45,0.6,-0.1999999999999999,15,35,5,10000,13031.206646650602,3031.206646650602,30.31206646650602,7.283597195572278,1.3771934913051058,1.3307128769236425,-4.254161299999415,1.712981825304531,3.7112252081636328,214,148,66,69.1588785046729,43.97633136290235,-48.43167265241308,335.38477583912857,-150.2249613006992,2.0361384635378768,2.4766355140186915,21,45,46.66666666666666,5.708980012920928,-1.5209089970708134,0.5282244802530116,1.8130871087890448,47
7,42,0.45,0.2,-0.4,15,40,5,10000,13031.206646650602,3031.206646650602,30.31206646650602,7.283597195572278,1.3771934913051058,1.3307128769236425,-4.254161299999415,1.712981825304531,3.7112252081636328,214,148,66,69.1588785046729,43.97633136290235,-48.43167265241308,335.38477583912857,-150.2249613006992,2.0361384635378768,2.4766355140186915,21,45,46.66666666666666,5.708980012920928,-1.5209089970708134,0.5282244802530116,1.8780931759148836,86
7,42,0.45,0.3,-0.4,15,60,5,10000,13031.206646650602,3031.206646650602,30.31206646650602,7.283597195572278,1.3771934913051058,1.3307128769236425,-4.254161299999415,1.712981825304531,3.7112252081636328,214,148,66,69.1588785046729,43.97633136290235,-48.43167265241308,335.38477583912857,-150.2249613006992,2.0361384635378768,2.4766355140186915,21,45,46.66666666666666,5.708980012920928,-1.5209089970708134,0.5282244802530116,1.8188651979234745,18
7,42,0.45,0.3,-0.5,15,45,5,10000,13031.206646650602,3031.206646650602,30.31206646650602,7.283597195572278,1.3771934913051058,1.3307128769236425,-4.254161299999415,1.712981825304531,3.7112252081636328,214,148,66,69.1588785046729,43.97633136290235,-48.43167265241308,335.38477583912857,-150.2249613006992,2.0361384635378768,2.4766355140186915,21,45,46.66666666666666,5.708980012920928,-1.5209089970708134,0.5282244802530116,1.972774666097148,85
7,42,0.45,0.4,-0.4,15,45,5,10000,13031.206646650602,3031.206646650602,30.31206646650602,7.283597195572278,1.3771934913051058,1.3307128769236425,-4.254161299999415,1.712981825304531,3.7112252081636328,214,148,66,69.1588785046729,43.97633136290235,-48.43167265241308,335.38477583912857,-150.2249613006992,2.0361384635378768,2.4766355140186915,21,45,46.66666666666666,5.708980012920928,-1.5209089970708134,0.5282244802530116,1.938732473201328,77
7,36,0.5,0.3,-0.5,10,40,5,10000,13943.674970889537,3943.674970889535,39.43674970889536,9.229091528856802,1.3740848675965316,1.3980929433594682,-5.0070942318472165,1.8432030837678095,5.070207160566158,245,164,81,66.93877551020408,56.26502238791215,-60.40109507071976,312.4403865898741,-473.1560622800391,1.88604700716917,2.7918367346938777,24,45,53.333333333333336,3.939876688295474,-3.0541583745413603,0.7021412125441027,1.9374592450668209,117
7,36,0.5,0.2,-0.3,5,40,5,10000,13943.674970889537,3943.674970889535,39.43674970889536,9.229091528856802,1.3740848675965316,1.3980929433594682,-5.0070942318472165,1.8432030837678095,5.070207160566158,245,164,81,66.93877551020408,56.26502238791215,-60.40109507071976,312.4403865898741,-473.1560622800391,1.88604700716917,2.7918367346938777,24,45,53.333333333333336,3.939876688295474,-3.0541583745413603,0.7021412125441027,1.985085883203728,86
7,36,0.5,0.3,-0.4,10,40,5,10000,13943.674970889537,3943.674970889535,39.43674970889536,9.229091528856802,1.3740848675965316,1.3980929433594682,-5.0070942318472165,1.8432030837678095,5.070207160566158,245,164,81,66.93877551020408,56.26502238791215,-60.40109507071976,312.4403865898741,-473.1560622800391,1.88604700716917,2.7918367346938777,24,45,53.333333333333336,3.939876688295474,-3.0541583745413603,0.7021412125441027,1.9462819894280683,150
7,36,0.5,0.3,-0.3,5,50,5,10000,13943.674970889537,3943.674970889535,39.43674970889536,9.229091528856802,1.3740848675965316,1.3980929433594682,-5.0070942318472165,1.8432030837678095,5.070207160566158,245,164,81,66.93877551020408,56.26502238791215,-60.40109507071976,312.4403865898741,-473.1560622800391,1.88604700716917,2.7918367346938777,24,45,53.333333333333336,3.939876688295474,-3.0541583745413603,0.7021412125441027,2.0378780490619968,102
7,36,0.45,0.6,-0.1,15,40,5,10000,13841.579031643958,3841.579031643958,38.41579031643958,9.016142819722203,1.3707904779248803,1.215702080937199,-5.272259460363586,1.7108236979075806,4.937357055286739,221,154,67,69.68325791855203,54.66458612955568,-63.16816764638587,416.2219642288031,-333.37466906773125,1.9890866530564173,2.411764705882353,21,45,46.66666666666666,8.22156951709716,-2.466263795051993,0.6732099214919659,1.6958235310592475,14
7,39,0.5,0.4,-0.4,10,45,5,10000,13886.43532664384,3886.4353266438393,38.86435326643839,9.109844357705787,1.3654015991046566,1.389828812539977,-5.089428755424029,1.7899541963323535,5.020502685032915,243,163,80,67.07818930041152,55.810109484076186,-60.38765649076041,312.4403865898741,-473.1560622800391,1.8830520123132093,2.8065843621399176,24,45,53.333333333333336,3.773829644567206,-3.213652555620028,0.6924098009447546,1.929030118864696,144
7,39,0.5,0.6,-0.4,10,40,5,10000,13886.43532664384,3886.4353266438393,38.86435326643839,9.109844357705787,1.3654015991046566,1.389828812539977,-5.089428755424029,1.7899541963323535,5.020502685032915,243,163,80,67.07818930041152,55.810109484076186,-60.38765649076041,312.4403865898741,-473.1560622800391,1.8830520123132093,2.8065843621399176,24,45,53.333333333333336,3.773829644567206,-3.213652555620028,0.6924098009447546,1.8588720172812607,33
7,39,0.5,0.3,-0.3,10,45,5,10000,13886.43532664384,3886.4353266438393,38.86435326643839,9.109844357705787,1.3654015991046566,1.389828812539977,-5.089428755424029,1.7899541963323535,5.020502685032915,243,163,80,67.07818930041152,55.810109484076186,-60.38765649076041,312.4403865898741,-473.1560622800391,1.8830520123132093,2.8065843621399176,24,45,53.333333333333336,3.773829644567206,-3.213652555620028,0.6924098009447546,1.9538097606976224,154
7,39,0.5,0.2,-0.4,10,35,5,10000,13886.43532664384,3886.4353266438393,38.86435326643839,9.109844357705787,1.3654015991046566,1.389828812539977,-5.089428755424029,1.7899541963323535,5.020502685032915,243,163,80,67.07818930041152,55.810109484076186,-60.38765649076041,312.4403865898741,-473.1560622800391,1.8830520123132093,2.8065843621399176,24,45,53.333333333333336,3.773829644567206,-3.213652555620028,0.6924098009447546,1.865328820470328,98
7,39,0.5,0.3,-0.4,5,45,5,10000,13886.43532664384,3886.4353266438393,38.86435326643839,9.109844357705787,1.3654015991046566,1.389828812539977,-5.089428755424029,1.7899541963323535,5.020502685032915,243,163,80,67.07818930041152,55.810109484076186,-60.38765649076041,312.4403865898741,-473.1560622800391,1.8830520123132093,2.8065843621399176,24,45,53.333333333333336,3.773829644567206,-3.213652555620028,0.6924098009447546,2.006929794847102,172
7,39,0.5,0.2,-0.5,10,50,5,10000,13886.43532664384,3886.4353266438393,38.86435326643839,9.109844357705787,1.3654015991046566,1.389828812539977,-5.089428755424029,1.7899541963323535,5.020502685032915,243,163,80,67.07818930041152,55.810109484076186,-60.38765649076041,312.4403865898741,-473.1560622800391,1.8830520123132093,2.8065843621399176,24,45,53.333333333333336,3.773829644567206,-3.213652555620028,0.6924098009447546,1.895751071660834,83
7,39,0.5,0.3,-0.4,5,55,5,10000,13886.43532664384,3886.4353266438393,38.86435326643839,9.109844357705787,1.3654015991046566,1.389828812539977,-5.089428755424029,1.7899541963323535,5.020502685032915,243,163,80,67.07818930041152,55.810109484076186,-60.38765649076041,312.4403865898741,-473.1560622800391,1.8830520123132093,2.8065843621399176,24,45,53.333333333333336,3.773829644567206,-3.213652555620028,0.6924098009447546,1.98488069500307,76
7,39,0.5,0.3,-0.5,5,40,5,10000,13886.43532664384,3886.4353266438393,38.86435326643839,9.109844357705787,1.3654015991046566,1.389828812539977,-5.089428755424029,1.7899541963323535,5.020502685032915,243,163,80,67.07818930041152,55.810109484076186,-60.38765649076041,312.4403865898741,-473.1560622800391,1.8830520123132093,2.8065843621399176,24,45,53.333333333333336,3.773829644567206,-3.213652555620028,0.6924098009447546,2.0022552892937475,126
7,39,0.5,0.2,-0.5,10,60,5,10000,13886.43532664384,3886.4353266438393,38.86435326643839,9.109844357705787,1.3654015991046566,1.389828812539977,-5.089428755424029,1.7899541963323535,5.020502685032915,243,163,80,67.07818930041152,55.810109484076186,-60.38765649076041,312.4403865898741,-473.1560622800391,1.8830520123132093,2.8065843621399176,24,45,53.333333333333336,3.773829644567206,-3.213652555620028,0.6924098009447546,1.699888681200621,14
14,36,0.45,0.3,-0.1999999999999999,10,25,5,10000,17354.668727250857,7354.668727250857,73.54668727250856,15.76446060798229,1.3603857294348551,1.5455979931029704,-17.272441022720013,0.9126944238655011,9.646356460597156,158,108,50,68.35443037974683,157.04016062975663,-180.9313058427428,540.6863463282332,-475.5093291709276,1.8747819531855767,7.487341772151899,27,45,60.0,8.465486441189274,-4.877802020258592,1.2093170465858556,1.9111904742051025,96
7,39,0.5,0.3,-0.5,10,45,2,10000,14777.681327942675,4777.681327942677,47.77681327942677,10.927112978671635,1.350452070364304,1.2837114932151608,-6.45807770249776,1.692007046376263,6.357573091742331,200,137,63,68.5,82.29044115639468,-97.80966842037404,497.0167216979924,-492.42401250887104,1.829564065273081,3.705,29,45,64.44444444444444,4.351663001286732,-4.957172868169069,0.8256330137983547,1.963148830171908,131
7,39,0.5,0.6,-0.5,10,30,2,10000,14748.929382423445,4748.929382423443,47.48929382423443,10.86976164564495,1.3464971861271275,1.275475591326673,-6.472361150234028,1.6794121022205195,6.3368059394068,199,136,63,68.34170854271356,82.67454774196206,-97.80966842037404,497.0167216979924,-492.42401250887104,1.8246870933341552,3.698492462311558,29,45,64.44444444444444,4.360889340667318,-4.968187749801989,0.826824001525818,1.8668478790961116,21
14,33,0.45,0.4,-0.1999999999999999,5,30,5,10000,17947.26628223677,7947.266282236771,79.47266282236771,16.801222978561547,1.3422038569630552,1.5502683693659662,-18.902661635425588,0.889255106723335,10.511837936977807,181,124,57,68.50828729281768,155.0646838603127,-183.5216869334469,777.5877226762702,-567.8870864040451,1.8381135431953977,7.81767955801105,27,45,60.0,8.471221771543714,-5.905851151269681,1.2739742353722798,1.8809517927935675,32
14,36,0.45,0.5,-0.5,10,50,5,10000,17260.3189031826,7260.3189031826005,72.603189031826,15.43970832596775,1.339611583737314,1.5828323214355309,-20.1870471026145,0.7648324317808768,9.581026904917735,76,50,26,65.78947368421053,274.4309960764829,-235.71113114015984,1080.3241664003092,-538.4934078233294,2.2389774847666537,13.171052631578947,26,45,57.77777777777777,7.296953215152868,-6.720326184689595,1.1321957086966654,0.9800686446112111,4
14,42,0.45,0.6,-0.5,10,55,5,10000,15954.883753245256,5954.883753245256,59.54883753245256,13.076086849370917,1.3364824163957882,1.5472240074939116,-18.070103433667253,0.7238449958032329,7.949148566089809,88,57,31,64.77272727272727,201.96628365358316,-172.54021919917903,893.4242968500167,-605.1741481434069,2.15229447365877,13.238636363636363,27,45,60.0,6.204963433768795,-5.8330573690838055,1.0183862789308062,0.7122481990092018,6
7,39,0.45,0.1,-0.5,15,40,5,10000,13322.120257770675,3322.120257770677,33.22120257770677,7.914434857667718,1.3357847271492562,1.373430109788128,-4.125875493697445,1.9191467221095655,4.282635341793166,218,152,66,69.72477064220183,47.18077273486959,-53.39935148378422,416.2219642288031,-273.0836644471019,2.034832751888138,2.3577981651376145,22,45,48.888888888888886,3.831394161691404,-2.1363712553816527,0.5815876460037256,1.848434157436223,47
7,39,0.5,0.4,-0.1999999999999999,5,30,5,10000,13818.113176706132,3818.113176706133,38.18113176706133,8.967035475884334,1.3351827710020745,1.3432507797725124,-4.702505620270105,1.906863319255168,5.036513166132107,242,162,80,66.94214876033058,55.41425786609995,-59.75870747002889,312.4403865898741,-473.1560622800391,1.87778278563223,2.789256198347108,24,45,53.333333333333336,3.7931963895808,-3.231956794477442,0.6869914140455228,1.9609121580684443,166
7,39,0.5,0.6,-0.1999999999999999,10,30,5,10000,13818.113176706132,3818.113176706133,38.18113176706133,8.967035475884334,1.3351827710020745,1.3432507797725124,-4.702505620270105,1.906863319255168,5.036513166132107,242,162,80,66.94214876033058,55.41425786609995,-59.75870747002889,312.4403865898741,-473.1560622800391,1.87778278563223,2.789256198347108,24,45,53.333333333333336,3.7931963895808,-3.231956794477442,0.6869914140455228,1.8475293798096613,86
7,39,0.5,0.4,-0.1999999999999999,10,30,5,10000,13818.113176706132,3818.113176706133,38.18113176706133,8.967035475884334,1.3351827710020745,1.3432507797725124,-4.702505620270105,1.906863319255168,5.036513166132107,242,162,80,66.94214876033058,55.41425786609995,-59.75870747002889,312.4403865898741,-473.1560622800391,1.87778278563223,2.789256198347108,24,45,53.333333333333336,3.7931963895808,-3.231956794477442,0.6869914140455228,1.8715378971921277,188
7,39,0.5,0.3,-0.4,10,60,2,10000,14745.646597919038,4745.646597919038,47.456465979190384,10.863208273636824,1.3327851527591692,1.2552343859590782,-6.473995998114147,1.677975747405658,6.400626230469994,201,138,63,68.65671641791045,81.71951887499513,-98.35312709254698,497.0167216979924,-492.42401250887104,1.8200200205572428,3.6865671641791047,29,45,64.44444444444444,4.361945257027289,-4.969448500167328,0.8210656076519569,1.8606366278201047,37
7,39,0.5,0.5,-0.4,5,40,2,10000,14745.646597919038,4745.646597919038,47.456465979190384,10.863208273636824,1.3327851527591692,1.2552343859590782,-6.473995998114147,1.677975747405658,6.400626230469994,201,138,63,68.65671641791045,81.71951887499513,-98.35312709254698,497.0167216979924,-492.42401250887104,1.8200200205572428,3.6865671641791047,29,45,64.44444444444444,4.361945257027289,-4.969448500167328,0.8210656076519569,1.9955229260243423,65
7,39,0.5,0.6,-0.1999999999999999,5,25,5,10000,13797.368328354683,3797.368328354685,37.97368328354685,8.9235713893024,1.3311530383883166,1.3289899439204846,-4.725201655154441,1.888505939120758,5.021169401561737,238,160,78,67.22689075630252,55.319143026688906,-60.02428917840751,312.4403865898741,-473.1560622800391,1.890487446601399,2.802521008403361,24,45,53.333333333333336,3.7991161708058607,-3.23755590150846,0.6914628562838792,1.934942299615508,58
7,39,0.5,0.5,-0.4,10,30,5,10000,13802.018158316,3802.018158316001,38.02018158316001,8.933317767810035,1.3298145453719057,1.346218150299613,-5.142191890187746,1.737258732964917,5.033414474418217,242,162,80,66.94214876033058,55.41425786609995,-59.97614519990553,312.4403865898741,-473.1560622800391,1.8709750652502608,2.801652892561984,24,45,53.333333333333336,3.79778768225123,-3.236299209951221,0.6846539643647458,1.848634471544525,63
14,45,0.45,0.6,-0.5,10,35,8,10000,13911.237991087513,3911.2379910875134,39.112379910875134,9.07170052526245,1.3139508237529156,1.5300143888958975,-10.498530830871669,0.8644476851088311,5.199995191278208,140,99,41,70.71428571428572,82.50184496523748,-96.55474781636616,319.92556781093026,-412.0224728608678,2.0632001687592343,7.0,27,45,60.0,5.947126384103707,-3.348555606056214,0.7067175726288778,1.146160166154563,4
14,45,0.45,0.4,-0.4,10,40,8,10000,13911.237991087513,3911.2379910875134,39.112379910875134,9.07170052526245,1.3139508237529156,1.5300143888958975,-10.498530830871669,0.8644476851088311,5.199995191278208,140,99,41,70.71428571428572,82.50184496523748,-96.55474781636616,319.92556781093026,-412.0224728608678,2.0632001687592343,7.0,27,45,60.0,5.947126384103707,-3.348555606056214,0.7067175726288778,1.1830778696866673,9
14,45,0.45,0.6,-0.5,5,45,8,10000,13911.237991087513,3911.2379910875134,39.112379910875134,9.07170052526245,1.3139508237529156,1.5300143888958975,-10.498530830871669,0.8644476851088311,5.199995191278208,140,99,41,70.71428571428572,82.50184496523748,-96.55474781636616,319.92556781093026,-412.0224728608678,2.0632001687592343,7.0,27,45,60.0,5.947126384103707,-3.348555606056214,0.7067175726288778,1.1964777557122679,8
14,42,0.45,0.4,-0.5,10,45,5,10000,15768.222952262367,5768.2229522623675,57.68222952262367,12.726587644785115,1.3095009953619625,1.5024703087601476,-18.070103433667253,0.7045030391614494,7.871577017407523,89,58,31,65.1685393258427,195.2882304701957,-172.54021919917903,522.9386819610947,-605.1741481434069,2.117639477249122,13.168539325842696,27,45,60.0,6.204963433768795,-5.8330573690838055,0.9910073493531958,1.021039855532449,13
14,36,0.45,0.6,-0.1999999999999999,10,25,5,10000,17078.743659855827,7078.743659855827,70.78743659855827,15.272833126973584,1.307025346656007,1.4746740328982777,-17.272441022720013,0.8842313085269092,9.719518517577818,155,104,51,67.0967741935484,158.0169195841931,-172.57083624067687,518.3918151175135,-426.4661237976162,1.8672365976338183,7.458064516129032,27,45,60.0,8.61996736381525,-4.877802020258592,1.1718168767142012,1.8255589489930597,56
7,42,0.55,0.5,-0.1999999999999999,5,35,2,10000,14405.194470826696,4405.1944708266965,44.051944708266966,10.177672303663757,1.303929906900586,1.310028209759731,-6.472071367110688,1.5731402564442405,6.051542023094005,207,140,67,67.6328502415459,73.02690857325086,-82.63392133475665,309.2828326603573,-340.1116215498839,1.846621070832964,3.5169082125603865,27,45,60.0,3.5260896723052104,-3.308879559572675,0.7267491617545785,1.1257946584953655,12
7,33,0.45,0.3,-0.5,15,35,5,10000,14417.703106187577,4417.703106187575,44.17703106187575,10.203069179033776,1.300455789358617,1.3639315902640774,-6.859656680910356,1.4879569397026382,6.086405936056486,222,149,73,67.11711711711712,67.35360295835169,-71.15320184393123,501.6123925403068,-363.8744700320137,1.9321008561807749,2.4324324324324325,19,45,42.22222222222222,9.229625705161414,-2.8280610665973427,0.768068946668973,1.6721557696135545,14
14,45,0.45,0.30000000000000004,-0.4,10,50,8,10000,13863.805960240325,3863.8059602403246,38.638059602403246,8.973751656958818,1.296959375259988,1.5098473123718326,-10.498530830871669,0.8551175969622286,5.1987003076899425,140,99,41,70.71428571428572,82.0227335425386,-96.55474781636616,319.92556781093026,-412.0224728608678,2.0512185849706133,6.985714285714286,27,45,60.0,5.947126384103707,-3.348555606056214,0.6988990018218273,1.0211654246196835,5
7,42,0.45,0.3,-0.1999999999999999,15,25,5,10000,12873.108140343886,2873.1081403438857,28.731081403438857,6.936416921271449,1.2961946602954375,1.2231898541794095,-4.312114222234534,1.6085884009067375,3.6894600313744954,208,144,64,69.23076923076923,43.58831525683821,-48.915769635017625,335.38477583912857,-150.2249613006992,2.0049507563646176,2.480769230769231,21,45,46.66666666666666,5.789051112427823,-1.541781972205869,0.5233871293242055,1.821624920613606,70
7,42,0.45,0.3,-0.4,15,25,5,10000,12873.108140343886,2873.1081403438857,28.731081403438857,6.936416921271449,1.2961946602954375,1.2231898541794095,-4.312114222234534,1.6085884009067375,3.6894600313744954,208,144,64,69.23076923076923,43.58831525683821,-48.915769635017625,335.38477583912857,-150.2249613006992,2.0049507563646176,2.480769230769231,21,45,46.66666666666666,5.789051112427823,-1.541781972205869,0.5233871293242055,1.661262882840801,25
7,36,0.5,0.1,-0.4,10,45,5,10000,13691.695354687232,3691.695354687232,36.91695354687232,8.701419983893066,1.289238434182902,1.3016832873778132,-5.473584946965636,1.5897113259778364,5.026029358592283,248,167,81,67.33870967741935,53.73354213556309,-60.39266891298844,249.785267871518,-473.1560622800391,1.8343943326589816,2.717741935483871,24,45,53.333333333333336,3.939450229607577,-3.1015231932627563,0.6607181959014069,1.9844549712098456,58
14,36,0.45,0.6,-0.1999999999999999,5,30,5,10000,16693.76510403923,6693.76510403923,66.9376510403923,14.577057308627928,1.2775841045416478,1.4680607844683944,-18.983237226099032,0.7683077950411917,9.454413570508136,155,104,51,67.0967741935484,154.48092780141224,-173.13819722905686,771.0323444305529,-395.523230707186,1.8194710135864327,7.367741935483871,27,45,60.0,8.889708491077952,-4.974330186875598,1.1189431057308707,1.903807305362648,62
14,42,0.45,0.3,-0.1999999999999999,10,30,8,10000,13906.87823117361,3906.8782311736095,39.06878231173611,9.152474368163707,1.263036971306336,1.2732261292576137,-8.149373241009485,1.1235517641159924,5.48060033041585,160,105,55,65.625,87.41937689915964,-89.68829714978496,326.03410990461134,-401.8064952885013,1.860795031461668,6.00625,26,45,57.77777777777777,5.640587210827341,-3.149883513598062,0.6888131786705051,1.9189772546933237,107
7,45,0.45,0.5,-0.1999999999999999,15,25,5,10000,12755.784398310105,2755.784398310103,27.557843983101023,6.676747250378745,1.2540036037079825,1.1999457218291418,-3.695834992591141,1.8065598880261955,3.617351724721132,185,125,60,67.56756756756756,47.36292422188669,-48.69135215709994,335.38477583912857,-150.2249613006992,2.026494529813736,2.6648648648648647,21,45,46.66666666666666,5.758435559944375,-1.4654403627736956,0.5022141883761319,1.7029154304656535,17
14,42,0.45,0.6,-0.3,5,55,5,10000,15676.197373839557,5676.197373839557,56.761973738395575,12.553158015460442,1.2487586872912577,1.3468799302636183,-17.80242628928869,0.705353698561997,8.149264723367592,84,55,29,65.47619047619048,208.48353976612657,-192.48102391251564,893.4242968500167,-582.2943491857332,2.054227522072716,12.976190476190476,27,45,60.0,6.204963433768795,-5.626609766699165,0.9810023275795884,0.8199839275243961,4
14,39,0.45,0.1,-0.1999999999999999,10,45,5,10000,15347.108493510728,5347.108493510728,53.471084935107285,12.046421699134214,1.2443064348821289,1.4744888356116357,-14.586114319479105,0.8261480513093208,7.791616320648703,177,136,41,76.8361581920904,97.9016462021136,-181.4856600329516,448.59947456894776,-395.523230707186,1.789380626152699,6.531073446327683,24,45,53.333333333333336,6.513090112912634,-3.3779968492091195,0.9245207716700335,1.8357786626550552,23
7,30,0.45,0.3,-0.1999999999999999,15,30,5,10000,14325.564138284291,4325.564138284291,43.25564138284291,10.015614155625109,1.241369920413465,1.2063597827403525,-6.45512430231827,1.5521641099534889,6.246889064043714,221,148,73,66.9683257918552,69.04732901405528,-74.7663089835072,501.6123925403068,-428.8776545668176,1.8723187967351853,2.411764705882353,19,45,42.22222222222222,9.169416040840629,-3.305657121094563,0.752518922336454,1.5908342475040462,2
7,36,0.5,0.2,-0.5,10,35,2,10000,14346.956539295536,4346.956539295537,43.469565392955374,10.059215354784934,1.2382709281781674,1.1591255037465404,-6.514616477872198,1.544099393871068,6.295155575857582,202,139,63,68.8118811881188,77.93637639073265,-97.5904726828012,312.4403865898741,-492.42401250887104,1.7620046042233215,3.658415841584159,29,45,64.44444444444444,4.4200158170813575,-5.000774864527713,0.7585057408672579,1.8983805167750352,64
14,36,0.45,0.3,-0.1999999999999999,10,35,5,10000,16442.486902974284,6442.486902974284,64.42486902974284,14.116538366047315,1.2361233751361371,1.4179321241229694,-19.007935937226847,0.7430800713990456,9.444459559816734,155,104,51,67.0967741935484,152.21209007822912,-173.43857130462365,518.3918151175135,-395.523230707186,1.7896439032756195,7.296774193548387,27,45,60.0,8.979936566784241,-4.981439097555906,1.08529332726978,1.894505799013954,113
14,45,0.45,0.5,-0.3,5,40,8,10000,13696.62916088964,3696.629160889641,36.966291608896405,8.626543909691708,1.2320478778111859,1.3609516549360696,-11.510490104770534,0.7497733594080286,5.213985677693303,140,99,41,70.71428571428572,81.58885318275715,-99.61627571227633,319.92556781093026,-537.5451165931846,1.9776610744307053,6.985714285714286,27,45,60.0,6.015137267027204,-4.187342737292932,0.6731227855448779,1.3145744699331086,5
7,36,0.45,0.4,-0.1,15,35,2,10000,14011.364248948625,4011.364248948623,40.11364248948623,9.369645312658092,1.2268332010640062,0.967988496723282,-7.3296194074419105,1.2788414516898383,5.819905176231028,170,118,52,69.41176470588235,79.44645658090391,-98.0657236076582,450.05153916494857,-428.4943100730502,1.8383828431330191,3.252941176470588,21,45,46.66666666666666,7.311929642828496,-5.416739033985318,0.7048686092575098,1.9295556971827903,73
14,36,0.45,0.4,-0.1999999999999999,15,30,2,10000,15418.530532320356,5418.530532320356,54.18530532320356,12.184650057252377,1.2213061717111948,1.2540126675297514,-14.191085965600264,0.8591588207209034,8.059497298623377,118,81,37,68.64406779661016,148.97913290415042,-169.61015957540923,509.2785688840221,-405.9637432537418,1.9229007742519164,8.330508474576272,20,45,44.44444444444444,8.406837408039912,-3.693914083624361,0.9365229068545065,1.8901005069019792,104
14,42,0.45,0.6,-0.3,5,40,8,10000,13668.331377342363,3668.3313773423633,36.683313773423635,8.56746389302472,1.2162755964089382,1.3415584905266347,-11.183488108755748,0.7664135477041988,5.2378345991923485,139,98,41,70.50359712230215,82.74997209818252,-100.9967289824276,319.92556781093026,-537.5451165931846,1.9584061605509429,6.9784172661870505,26,45,57.77777777777777,5.998148647479606,-4.191183484341421,0.6684534970252748,1.2198068126195756,4
14,39,0.45,0.3,-0.1999999999999999,10,60,8,10000,14657.311040135895,4657.311040135897,46.573110401358974,10.68646162504554,1.211841119904014,1.2818184275713684,-9.920200675710683,1.0776276857855975,6.940191287563875,163,107,56,65.6441717791411,110.98551184442638,-119.95783441460192,544.9135996549389,-401.14447859709367,1.7678011946724863,5.846625766871166,25,45,55.55555555555556,7.370896428297424,-3.472716722040292,0.7852583463368978,1.9259388897176652,28
14,39,0.45,0.4,-0.1999999999999999,10,25,8,10000,14631.936136078308,4631.936136078308,46.31936136078308,10.635545513506028,1.202384230692244,1.261496675859206,-9.982227757182288,1.0654480915699076,6.954415530058252,159,104,55,65.40880503144653,114.03499683492086,-122.40733699551708,544.9135996549389,-401.14447859709367,1.761575878452762,5.90566037735849,24,45,53.333333333333336,7.346493488892025,-3.479511829423632,0.7918670323815474,1.9324287344937097,113
14,42,0.5,0.4,-0.1999999999999999,10,30,5,10000,14735.36844513128,4735.36844513128,47.3536844513128,10.84268322402082,1.1820698102249518,1.147001525482206,-7.609252504034575,1.4254369773138562,7.253312745304798,136,99,37,72.79411764705883,119.23041026847363,-183.42909905608465,491.1129160104792,-508.99790761468415,1.7392110095827449,7.477941176470588,29,45,64.44444444444444,4.63155536130615,-4.18711801470285,0.8337527680962863,1.8683390172247751,158
14,36,0.45,0.5,-0.1999999999999999,10,35,8,10000,14602.042025078788,4602.0420250787865,46.020420250787865,10.575478096223724,1.1793121746523012,1.2460493223134166,-10.18354297922721,1.0392368968477814,7.056283943980797,162,105,57,64.81481481481481,114.45366510974608,-121.0437335341147,544.9135996549389,-401.14447859709367,1.741814241271341,5.882716049382716,25,45,55.55555555555556,7.367936578476319,-3.4646862118947186,0.7702397662301173,1.9099090953995013,99
7,39,0.5,0.3,-0.3,5,50,2,10000,14216.312811438123,4216.312811438123,42.16312811438123,9.792193354416522,1.1750691828965876,1.06279653386774,-6.473995998114147,1.512542386073293,6.434428175581121,201,138,63,68.65671641791045,79.91873365145169,-102.83130845178384,406.7836736668597,-623.3791329534146,1.702400619735345,3.681592039800995,29,45,64.44444444444444,4.361945257027289,-4.969448500167328,0.7401323544590601,2.005068233065457,120
7,39,0.5,0.5,-0.1999999999999999,5,30,2,10000,14205.094318621155,4205.094318621157,42.05094318621157,9.76918003706475,1.171005322391042,1.0433876508830262,-6.776545797307455,1.4416164708790675,6.439116966774469,201,138,63,68.65671641791045,79.87595406129432,-102.91567209266088,406.7836736668597,-623.3791329534146,1.7000945726254693,3.63681592039801,29,45,64.44444444444444,4.365557577831258,-5.276900948934982,0.743727522256848,1.9544048918859376,145
14,36,0.45,0.4,-0.1999999999999999,5,35,8,10000,14529.229800721338,4529.229800721338,45.292298007213375,10.428794789332253,1.1610163698382912,1.226072083039932,-10.18354297922721,1.024831946033178,7.0527677487153,162,105,57,64.81481481481481,113.76021535396086,-121.0437335341147,544.9135996549389,-401.14447859709367,1.7312609692631913,5.87037037037037,25,45,55.55555555555556,7.367936578476319,-3.4646862118947186,0.7587393953650103,2.02315127206842,97
14,36,0.5,0.4,-0.1999999999999999,10,25,5,10000,15643.472035865174,5643.472035865174,56.43472035865174,12.61694575883987,1.135301263215724,1.1293562810461062,-11.063854028985018,1.1403752910862772,9.081562335093674,149,101,48,67.78523489932886,149.4608658202634,-187.71144568549903,569.332292312163,-544.3662227806096,1.6753936910008702,7.657718120805369,28,45,62.22222222222222,5.119141903169022,-5.1825562039612745,0.9407893447956456,1.9332971311559464,114
7,36,0.45,0.1,-0.4,15,40,5,10000,13000.961721001571,3000.9617210015717,30.009617210015715,7.217420352819426,1.1327004461447134,1.0806032466131197,-4.148515731499487,1.74065191716198,4.48551501021589,221,154,67,69.68325791855203,46.75508771993927,-57.63166847566161,416.2219642288031,-273.0836644471019,1.8647198820598048,2.339366515837104,22,45,48.888888888888886,3.857780147165335,-2.3580969683433817,0.5274186254461186,1.891516723478093,42
14,45,0.45,0.4,-0.3,10,55,5,10000,15124.076602725949,5124.076602725949,51.24076602725949,11.496578272318958,1.1319903806024973,1.1996783610852186,-17.78587583051158,0.6466024759732893,8.156061673875433,80,53,27,66.25,205.964516044506,-206.84796769623722,522.9386819610947,-582.2943491857332,1.9545791103622763,12.875,27,45,60.0,6.204963433768795,-5.625543172984859,0.9000298137800297,1.05279909140032,7
7,42,0.5,0.5,-0.1999999999999999,5,55,5,10000,12869.243270727206,2869.243270727205,28.69243270727205,6.927890647485535,1.127317742570234,1.106082774884102,-5.314646230533791,1.3035469054710185,4.255043270893489,242,161,81,66.52892561983471,45.495153254979726,-51.0737827570974,257.60146520350486,-251.03586945826584,1.770549058042694,2.789256198347108,24,45,53.333333333333336,4.376456816617158,-2.2141205558611987,0.5141895390710378,1.7650258548612852,11
14,36,0.5,0.4,-0.1999999999999999,10,40,2,10000,16015.571950980644,6015.571950980644,60.15571950980644,13.322135605414264,1.1252254186691588,1.1678946592458883,-9.147887955710662,1.4571626633190549,9.783075658494958,164,113,51,68.90243902439023,153.48142572121728,-213.85692424391144,842.3819022184066,-650.543606926644,1.5901598209410277,8.74390243902439,28,45,62.22222222222222,10.060545332093971,-4.943867525663048,0.999470914420141,1.8553287017209708,65
7,36,0.45,0.1,-0.5,15,25,5,10000,12950.960962408462,2950.9609624084624,29.509609624084625,7.107768721286423,1.1244658931890457,1.063831624798871,-4.166393531557897,1.705976323995657,4.421642987611178,214,150,64,70.09345794392523,46.5244796700585,-57.79392168907111,416.2219642288031,-273.0836644471019,1.8867338647364973,2.3457943925233646,22,45,48.888888888888886,3.873978384557164,-2.367602565986915,0.5403248907541874,1.7184800958299502,5
7,36,0.45,0.1,-0.1999999999999999,15,30,5,10000,13005.814420238206,3005.8144202382064,30.058144202382064,7.228045820572593,1.122824176609695,1.0284550390619216,-4.573868176661048,1.5811010323587311,4.535879683684584,220,154,66,70.0,47.18629313439818,-59.43749579483881,416.2219642288031,-333.37466906773125,1.8523887854725136,2.331818181818182,21,45,46.66666666666666,3.8350727279892194,-2.193499665461296,0.5275877397441321,1.517133676281837,22
7,36,0.5,0.2,-0.1999999999999999,10,30,2,10000,14022.11146701696,4022.111467016961,40.22111467016961,9.391915531038308,1.1155222364062467,0.9899955561963782,-6.835598918087829,1.373971124342324,6.451036865636136,203,140,63,68.96551724137932,77.36635340990948,-102.696476355088,312.4403865898741,-623.3791329534146,1.6741103093483205,3.5911330049261085,29,45,64.44444444444444,4.434173625670157,-5.323101037772271,0.7145009282667973,1.8549511162294567,67
7,45,0.45,0.2,-0.1999999999999999,15,35,2,10000,12984.788400705562,2984.788400705562,29.84788400705562,7.1819862134633095,1.109244634041189,0.9209883433073152,-6.627592957222378,1.0836492614768662,4.550402891791391,149,104,45,69.79865771812081,66.84915124595067,-83.74718508607796,335.38477583912857,-426.7973934015324,1.844788168749411,3.5906040268456376,21,45,46.66666666666666,5.719986349862039,-5.103194928646704,0.5365897882328382,1.6158411502738252,11
7,42,0.5,0.2,-0.3,5,50,5,10000,12823.137498374294,2823.137498374293,28.23137498374293,6.82603155419772,1.105368680422283,1.0968216361029255,-5.7103691226593405,1.1953748361224696,4.2531117565765735,242,161,81,66.52892561983471,45.495153254979726,-51.64298982318272,257.60146520350486,-279.60563726560093,1.751034133787937,2.801652892561984,24,45,53.333333333333336,4.392883676187842,-2.619849568364563,0.506476429103843,1.9833650555736555,86
7,42,0.5,0.5,-0.5,10,55,5,10000,12823.137498374294,2823.137498374293,28.23137498374293,6.82603155419772,1.105368680422283,1.0968216361029255,-5.7103691226593405,1.1953748361224696,4.2531117565765735,242,161,81,66.52892561983471,45.495153254979726,-51.64298982318272,257.60146520350486,-279.60563726560093,1.751034133787937,2.801652892561984,24,45,53.333333333333336,4.392883676187842,-2.619849568364563,0.506476429103843,1.9114106052027868,9
7,42,0.5,0.3,-0.4,5,40,5,10000,12823.137498374294,2823.137498374293,28.23137498374293,6.82603155419772,1.105368680422283,1.0968216361029255,-5.7103691226593405,1.1953748361224696,4.2531117565765735,242,161,81,66.52892561983471,45.495153254979726,-51.64298982318272,257.60146520350486,-279.60563726560093,1.751034133787937,2.801652892561984,24,45,53.333333333333336,4.392883676187842,-2.619849568364563,0.506476429103843,2.0154468684023787,134
7,42,0.5,0.4,-0.5,10,35,5,10000,12823.137498374294,2823.137498374293,28.23137498374293,6.82603155419772,1.105368680422283,1.0968216361029255,-5.7103691226593405,1.1953748361224696,4.2531117565765735,242,161,81,66.52892561983471,45.495153254979726,-51.64298982318272,257.60146520350486,-279.60563726560093,1.751034133787937,2.801652892561984,24,45,53.333333333333336,4.392883676187842,-2.619849568364563,0.506476429103843,1.9221002776661569,70
7,42,0.5,0.2,-0.5,10,40,5,10000,12823.137498374294,2823.137498374293,28.23137498374293,6.82603155419772,1.105368680422283,1.0968216361029255,-5.7103691226593405,1.1953748361224696,4.2531117565765735,242,161,81,66.52892561983471,45.495153254979726,-51.64298982318272,257.60146520350486,-279.60563726560093,1.751034133787937,2.801652892561984,24,45,53.333333333333336,4.392883676187842,-2.619849568364563,0.506476429103843,1.9119397412170351,95
7,42,0.5,0.3,-0.4,10,50,5,10000,12823.137498374294,2823.137498374293,28.23137498374293,6.82603155419772,1.105368680422283,1.0968216361029255,-5.7103691226593405,1.1953748361224696,4.2531117565765735,242,161,81,66.52892561983471,45.495153254979726,-51.64298982318272,257.60146520350486,-279.60563726560093,1.751034133787937,2.801652892561984,24,45,53.333333333333336,4.392883676187842,-2.619849568364563,0.506476429103843,1.922992671987912,122
7,39,0.5,0.2,-0.1999999999999999,5,60,2,10000,13990.125259456656,3990.125259456656,39.90125259456656,9.3255972859144,1.1010529903025654,0.979513899566773,-6.834818996622902,1.3644249087682054,6.482503802004537,203,140,63,68.96551724137932,77.21794715210082,-102.91567209266088,312.4403865898741,-623.3791329534146,1.6673402080227626,3.6108374384236455,29,45,64.44444444444444,4.435951363055413,-5.322490843438255,0.7037585487254696,1.9437340683856337,29
7,36,0.55,0.6,-0.5,15,60,2,10000,13845.120805025992,3845.120805025992,38.45120805025992,9.02354942957022,1.094115027388295,1.0534634215374676,-4.519664936366555,1.9973412673183557,6.259484616227722,147,98,49,66.66666666666666,86.83238287471427,-90.60311666726896,398.740923137762,-468.34353684393074,1.9167637067850036,3.707482993197279,23,45,51.11111111111111,5.385117033479481,-3.875675642853305,0.6445940779327402,1.094115027388295,1
7,42,0.5,0.4,-0.4,10,35,2,10000,13234.585435789331,3234.5854357893318,32.34585435789331,7.725691350893116,1.0939017844712786,1.064121847738721,-5.23719366271583,1.4751586151746077,5.101722536855487,199,135,64,67.8391959798995,62.55985078688607,-77.23741281938355,309.10240897804096,-309.85281853647865,1.708526741595758,3.698492462311558,27,45,60.0,3.685214169753581,-2.894834070390717,0.5686900849311018,1.922768475150451,89
28,45,0.45,0.4,-0.1999999999999999,5,60,14,10000,14834.216915193498,4834.216915193498,48.342169151934975,11.039645595530343,1.0824966737461597,1.136656143165523,-14.937928943331436,0.7395478448029865,8.152292774046009,110,75,35,68.18181818181817,143.11473103938104,-159.35305886502155,659.1851453648139,-469.41480230213887,1.9244966230336504,13.00909090909091,27,45,60.0,7.486594248820122,-5.717485993978499,0.8465151000577497,1.0824966737461597,1
14,42,0.45,0.4,-0.19999999999999996,10,50,8,10000,13407.827005148929,3407.827005148929,34.07827005148929,8.019303823584778,1.0644515280298736,1.0664196766469978,-11.790451293365317,0.6804657244681054,5.523413850799169,140,99,41,70.71428571428572,81.69624296611958,-106.85612313407134,319.92556781093026,-445.08498640114493,1.846094843309003,6.942857142857143,26,45,57.77777777777777,6.039856634731233,-4.0096789753276685,0.6265726862869263,1.0420316251929151,4
7,36,0.5,0.5,-0.1,5,40,5,10000,13149.819805877589,3149.819805877587,31.498198058775877,7.542042953831185,1.063428168086764,0.9897910835081996,-7.07318019468728,1.0662874048502358,5.086571074012477,249,167,82,67.06827309236948,51.15009240170384,-61.22494664886885,249.785267871518,-323.6030504640405,1.7014556214284111,2.682730923694779,22,45,48.888888888888886,4.187683242581275,-3.185718622248457,0.5698230806822695,1.6777261342582308,35
14,30,0.55,0.5,-0.5,5,60,2,10000,17842.03608575493,7842.036085754931,78.42036085754931,16.618975690538118,1.0625609293002314,1.3910882914192049,-11.486420528307312,1.4475378536196848,13.462744937631694,158,96,62,60.75949367088608,241.68387208656816,-236.36569710486648,869.4229072790026,-1099.8004249794774,1.5832254579277616,9.373417721518988,24,45,53.333333333333336,12.766264678803996,-7.311419101606765,1.3649165529641385,0.7128697025985938,2
7,39,0.5,0.2,-0.3,10,25,2,10000,13784.513853277933,3784.513853277933,37.84513853277932,8.896614924863844,1.0555158923122256,0.9271711772551436,-6.641558330787754,1.3395372714898095,6.383184364722287,199,137,62,68.84422110552764,77.03311012523172,-103.8939069980482,312.4403865898741,-623.3791329534146,1.6383860122768985,3.658291457286432,29,45,64.44444444444444,4.505438255208771,-5.098683747537647,0.6842330863944498,1.846166305157976,57
14,45,0.45,0.2,-0.3,5,45,5,10000,14052.351756163785,4052.3517561637855,40.52351756163786,9.361657716006523,1.046084721064214,1.1059179559686432,-12.274188957031672,0.7630156105287869,6.8832082486121156,101,69,32,68.31683168316832,132.6320421115591,-153.04098530310628,366.04979327084834,-451.0164659292315,1.8687009903695684,11.623762376237623,25,45,55.55555555555556,5.338830124440408,-4.125063434692821,0.7431167141224155,0.8881119157113192,3
14,39,0.45,0.6,-0.3,5,45,8,10000,13529.214760195986,3529.214760195986,35.29214760195986,8.275698635531814,1.0138457125501152,1.1338917957572667,-11.052125405616021,0.7487879780414548,6.0602369162336185,147,95,52,64.62585034013605,91.02876590406143,-90.52007544117455,518.9910852323112,-375.7029227613193,1.8371897314870433,6.965986394557823,25,45,55.55555555555556,4.5845090075147255,-3.708033802848776,0.5982970008103574,1.1150606544795267,2
14,36,0.45,0.5,-0.5,10,50,8,10000,13466.827683060323,3466.8276830603227,34.668276830603226,8.14413757906831,1.000913062219495,1.1881857937955083,-11.372661533982633,0.7161153574062522,6.013969925241335,136,91,45,66.91176470588235,95.24995259281373,-105.70986500304245,518.9910852323112,-360.44496808095425,1.822124839467512,6.8161764705882355,25,45,55.55555555555556,4.606725821326152,-3.6399623899678213,0.5887670796305551,0.9800686446112111,4
21,45,0.45,0.4,-0.5,5,45,14,10000,13271.129468367457,3271.129468367457,32.711294683674566,7.804599134585932,0.9946414579129446,1.1741997761468448,-8.250750261575025,0.9463770768754338,5.721864119567676,159,104,55,65.40880503144653,82.22405776239454,-86.5914662659154,388.97025460163263,-375.16013732502734,1.7955374244025963,6.490566037735849,29,45,64.44444444444444,4.306111145048108,-4.873972843607454,0.5873088221437138,0.9946414579129446,1
7,42,0.45,0.2,-0.4,15,55,2,10000,12857.65887453244,2857.658874532439,28.57658874532439,6.90232308456824,0.9907663514970894,0.753259706460286,-7.938901353339353,0.8698953932750351,4.8484814774259695,166,117,49,70.48192771084338,62.07155492003301,-85.35536839003382,335.38477583912857,-456.70296837757473,1.7364071498661693,3.3313253012048194,21,45,46.66666666666666,5.727754254348549,-6.45096855284698,0.503795743452654,1.8788131045065983,32
14,45,0.45,0.30000000000000004,-0.4,10,60,2,10000,14945.22721072028,4945.227210720281,49.4522721072028,11.148227753278729,0.9870620094825179,1.1028290767392197,-14.622964903441972,0.7626380142949177,9.119663129428524,82,57,25,69.51219512195121,212.70030181016736,-277.12012950628576,539.9859355147352,-629.3630000044051,1.7499872311375402,13.109756097560975,25,45,55.55555555555556,6.603210993754582,-4.508791609911722,0.8713295556689469,1.0595261950425077,2
14,42,0.45,0.6,-0.5,15,45,8,10000,12525.592797919096,2525.5927979190965,25.255927979190968,6.102507084547426,0.985613597207217,0.9744732540913761,-10.170657914635163,0.6003678169820835,4.075475903906086,99,70,29,70.70707070707071,76.09046048615738,-89.94273917627446,319.92556781093026,-412.0224728608678,2.0420395291690063,7.08080808080808,22,45,48.888888888888886,5.930519230209463,-3.3433818849799346,0.4678744826506575,1.1217252952901025,10
14,42,0.45,0.3,-0.1,5,35,2,10000,14690.96493698057,4690.96493698057,46.9096493698057,10.7538902080184,0.981824946314334,0.9383778127867716,-15.974987139122682,0.6734098571625882,8.775501903833923,134,88,46,65.67164179104478,159.0411645775969,-194.8754519792584,553.800414598478,-353.591740990163,1.5612672585491605,7.544776119402985,23,45,51.11111111111111,6.092328848246931,-3.4943740417481384,0.82344257239716,1.985802250007387,78
14,42,0.45,0.5,-0.1,10,40,2,10000,14679.848242560618,4679.848242560618,46.79848242560618,10.731629479015847,0.9817759698960172,0.955964374219378,-15.974987139122682,0.6720163350693015,8.753308677915571,135,89,46,65.92592592592592,154.83566592519776,-190.52259282565035,553.800414598478,-366.8585783758157,1.5723770561532615,7.644444444444445,23,45,51.11111111111111,6.337262059783066,-3.09535400323927,0.8225783019103212,1.673293138589944,38
14,39,0.5,0.4,-0.1,10,25,5,10000,14712.031925859805,4712.031925859805,47.120319258598045,10.796042082029732,0.9798735675275224,0.8996064214855908,-7.742950259524542,1.3943060100056317,8.834198927747664,156,106,50,67.94871794871796,127.36200401420987,-168.43554980215504,569.332292312163,-544.3662227806096,1.603031241488371,7.621794871794871,24,45,53.333333333333336,4.711623634501838,-2.9440339828126216,0.8000909627877985,1.9003736841035503,115
14,39,0.5,0.2,-0.1999999999999999,5,35,5,10000,14636.409016017566,4636.409016017566,46.36409016017566,10.644525293703833,0.9770187355231786,0.9696676525995312,-9.7489470466751,1.0922559191867305,8.711852060439528,158,114,44,72.15189873417721,117.90730959346094,-191.93093791132492,491.1129160104792,-544.3662227806096,1.5916512659958468,7.7215189873417724,26,45,57.77777777777777,4.856158210819506,-5.423724048298806,0.8067848773538542,1.8340215240320443,68
7,42,0.5,0.2,-0.1999999999999999,5,35,2,10000,12942.228028709089,2942.228028709087,29.422280287090867,7.088585521932722,0.967898238960995,0.9046734101666044,-4.685646216256602,1.5128298626855885,5.1551123867585975,200,136,64,68.0,60.79558909591504,-79.03393888024416,264.503485811977,-340.1116215498839,1.6346221466270965,3.645,27,45,60.0,3.772510811576346,-2.756160942315533,0.5189305508538876,1.9676570784659584,48
14,45,0.45,0.6,-0.19999999999999996,5,55,2,10000,14521.27048246785,4521.270482467849,45.2127048246785,10.310027449356141,0.9653811873281188,0.9648944012370306,-14.91943499937814,0.69129963352624,8.482287454372345,80,52,28,65.0,210.88845085574545,-222.87076222130207,770.1552868367966,-450.00480101269045,1.7572963643018227,12.7625,24,45,53.333333333333336,6.99066708332019,-5.6493843386474225,0.8072012416989408,0.9062125823475677,4
7,36,0.5,0.1,-0.1,10,30,5,10000,12887.332453879391,2887.332453879392,28.87332453879392,6.967780940170676,0.9643145705592708,0.8877468102180632,-7.889742497053416,0.883144277873826,5.0515785079454405,250,169,81,67.60000000000001,48.64000563340967,-61.29541355761906,249.785267871518,-323.6030504640405,1.6556453844362091,2.612,22,45,48.888888888888886,4.195642677934375,-3.263084620678302,0.5301187394959214,1.7326975550380412,18
7,42,0.5,0.4,-0.3,10,25,5,10000,12509.36240977023,2509.3624097702304,25.093624097702303,6.125582873878899,0.9575170666493136,0.9232124462956496,-5.8031487548749325,1.0555619255379427,4.220488781449117,237,158,79,66.66666666666666,43.90673067740219,-52.11646882607173,254.12576272147243,-279.60563726560093,1.6849464925926625,2.810126582278481,24,45,53.333333333333336,4.508038646228418,-2.6635100142769152,0.4649676954365154,1.938915164717844,108
7,42,0.45,0.4,-0.1,15,40,2,10000,12776.284815189938,2776.284815189938,27.762848151899377,6.72224641906225,0.9536042407971947,0.7197424066760227,-6.877655220778298,0.9779395181445488,4.860864396278659,167,115,52,68.8622754491018,64.01769363102807,-83.9374990842026,375.83510674298174,-360.01786832871585,1.6867025254347838,3.2934131736526946,21,45,46.66666666666666,4.918581474244865,-4.730755339330206,0.4869338394104764,1.7711652286393436,26
7,45,0.5,0.1,-0.4,5,50,5,10000,12421.074093472367,2421.074093472367,24.21074093472367,5.926170898034866,0.9490598801623696,0.9205251620207936,-5.286741461358205,1.1209496324627128,4.052319903000915,211,139,72,65.87677725118483,45.81768154654125,-50.98171724301646,254.12576272147243,-279.60563726560093,1.735005889085993,3.009478672985782,27,45,60.0,3.622224763748472,-2.68223851093895,0.4423480144037439,1.7764041715550996,11
7,42,0.5,0.3,-0.1,10,55,5,10000,12555.812901866437,2555.8129018664367,25.558129018664367,6.230083337405001,0.948786473326816,0.8823489750711683,-6.09257944729638,1.022569076250559,4.370017190539567,244,162,82,66.39344262295081,44.59831996149689,-53.04042599873686,254.12576272147243,-233.4998649126892,1.6611645619813111,2.737704918032787,24,45,53.333333333333336,4.490612137520289,-2.245545261283888,0.4597044831301779,1.8380329091937868,22
14,42,0.45,0.5,-0.19999999999999996,10,55,2,10000,14372.728808558359,4372.728808558359,43.72728808558359,10.01208160726148,0.9451041734764367,0.9269448405932429,-13.218252211823748,0.7577283104773926,8.36750829531023,78,51,27,65.38461538461539,208.41971958787335,-224.3936766884712,770.1552868367966,-415.4916487462241,1.7544241814862969,12.948717948717949,25,45,55.55555555555556,7.042630941335415,-5.71772721747188,0.7835822716004115,0.9658520160941781,7
14,39,0.45,0.2,-0.1999999999999999,15,35,5,10000,13730.278458214423,3730.278458214425,37.30278458214425,8.782676939477874,0.9446299071219904,0.9162649243223088,-14.71251233564536,0.5972081644235752,7.073198876443479,130,90,40,69.23076923076923,108.12608973707523,-142.6966988452392,448.59947456894776,-395.523230707186,1.7049007011176276,7.861538461538461,21,45,46.66666666666666,7.087259522940936,-3.4326884698252846,0.6711898050612054,1.7404562364776237,50
14,39,0.5,0.3,-0.3,10,40,5,10000,14218.613767311885,4218.613767311883,42.18613767311883,9.79691182549194,0.930854071654199,0.9895938414693736,-10.055472873094164,0.9746635002211153,8.276270774565834,156,110,46,70.51282051282051,114.29120959078256,-174.22078865512012,491.1129160104792,-690.3442851550654,1.5687282127608988,8.205128205128204,26,45,57.77777777777777,5.07600443837215,-6.434834312772941,0.7474225812921854,1.900166833274184,159
14,39,0.5,0.6,-0.3,5,30,5,10000,14260.733526014155,4260.733526014155,42.607335260141554,9.88318607278864,0.9288722885496604,0.9574372987552026,-10.082697105240747,0.9805887759442288,8.389030000602727,152,107,45,70.39473684210526,117.90085044678035,-178.11987693894827,491.1129160104792,-690.3442851550654,1.5738952159143058,8.019736842105264,26,45,57.77777777777777,5.091081558952681,-6.4522560119179335,0.7557871834772892,1.9926991130716727,77
14,39,0.5,0.6,-0.1999999999999999,10,40,5,10000,14435.463903175929,4435.463903175929,44.35463903175929,10.23910197974689,0.927611178566261,0.892975864096745,-9.745022507421478,1.0510912416287332,8.786991269672454,153,110,43,71.89542483660131,118.13830495350238,-191.0531774923409,569.332292312163,-544.3662227806096,1.5818332490063889,8.084967320261438,27,45,60.0,4.857634308556502,-5.397513335208592,0.776157845914961,1.5825244668465042,32
14,39,0.5,0.5,-0.1999999999999999,5,35,5,10000,14435.463903175929,4435.463903175929,44.35463903175929,10.23910197974689,0.927611178566261,0.892975864096745,-9.745022507421478,1.0510912416287332,8.786991269672454,153,110,43,71.89542483660131,118.13830495350238,-191.0531774923409,569.332292312163,-544.3662227806096,1.5818332490063889,8.084967320261438,27,45,60.0,4.857634308556502,-5.397513335208592,0.776157845914961,1.8994646859663384,125
7,36,0.5,0.6,-0.1,10,25,2,10000,13347.53550921984,3347.5355092198406,33.475355092198406,7.969064819989091,0.9275510214865628,0.7880120802793027,-5.773458638783462,1.3802930476467865,6.337135561489919,208,142,66,68.26923076923077,70.01292688401034,-95.06818345924027,301.5212615079102,-428.4943100730502,1.5844824999465126,3.3990384615384617,27,45,60.0,4.37289708382731,-4.588181664380276,0.6103824380280858,1.8880292755773849,46
14,36,0.45,0.4,-0.3,5,50,8,10000,13271.031034231466,3271.031034231466,32.710310342314656,7.728305399962654,0.9242137623809715,1.0448118133561404,-11.946238597297778,0.6469237439900778,6.101531344700633,137,92,45,67.15328467153284,92.51609291011665,-106.67500968334338,446.1788608748621,-375.7029227613193,1.7730864307699958,6.817518248175182,24,45,53.333333333333336,4.0801176622075275,-3.8593767520481936,0.555901695983151,0.6573684539792017,2
28,45,0.45,0.30000000000000004,-0.3,5,60,14,10000,14309.06526124435,4309.06526124435,43.090652612443506,9.883689864453116,0.901888402723276,0.9743441478900504,-14.293505840533772,0.6925330531071517,8.679604303158582,86,57,29,66.27906976744185,192.6932161379006,-220.2999725412067,459.57379877088607,-887.8452597658651,1.7192096496745166,13.732558139534884,29,45,64.44444444444444,7.052212674419245,-6.784234647493292,0.7805091135638456,0.6810918239131797,2
14,42,0.5,0.4,-0.3,5,50,5,10000,13589.641878847136,3589.641878847134,35.896418788471344,8.48567913521958,0.8970147908765077,0.9197234714208006,-11.104780661724638,0.7644837558712145,7.1502339428945945,134,97,37,72.38805970149254,108.01938077544447,-178.9452040540139,491.1129160104792,-531.6640357232861,1.5825288288229595,7.843283582089552,26,45,57.77777777777777,4.654163716263149,-5.389486243001118,0.6543379475384066,1.989790002013876,83
7,39,0.5,0.4,-0.1,10,35,2,10000,13273.56629386547,3273.5662938654696,32.7356629386547,7.809855177219882,0.8879435385664982,0.7526338908494986,-5.795889508090387,1.347481722403133,6.462507641007677,211,144,67,68.24644549763033,69.75928338691718,-96.2204554306094,301.5212615079102,-428.4943100730502,1.5581967414744724,3.4075829383886256,26,45,57.77777777777777,4.389952434085509,-4.606007530937772,0.5847002497395253,1.8895989973475669,124
14,36,0.45,0.6,-0.4,15,35,8,10000,12638.87846053957,2638.8784605395704,26.388784605395703,6.354098106841399,0.8728589385920124,0.9076357905980978,-12.323037054882674,0.5156276069399433,4.912686531797266,96,65,31,67.70833333333334,94.27918605258999,-104.16995589931373,518.9910852323112,-479.71624289447806,1.897688854691356,6.927083333333333,21,45,46.666666666666664,5.258681469109594,-3.759588080406129,0.44411006375250006,0.08866956728783298,2
14,36,0.45,0.3,-0.4,15,40,5,10000,13930.202288390668,3930.202288390669,39.30202288390669,9.201056330615298,0.8705711041980071,0.9052049173272264,-16.959124663733114,0.542987749334291,8.220620743512901,111,73,38,65.76576576576578,142.10704947576534,-160.86080681650867,518.3918151175135,-504.44939078645007,1.6970890968658376,7.90990990990991,23,45,51.11111111111111,7.422988973717182,-4.565859942521843,0.7018383556252421,1.9067276578957617,108
28,39,0.45,0.5,-0.3,5,55,2,10000,17225.193334852644,7225.193334852644,72.25193334852644,15.534489194259326,0.8508337028571329,1.170568553542148,-21.91473362918206,0.7094066189682579,16.169763456890298,106,53,53,50.0,405.41964621579547,-263.8659303942979,1565.1519382688969,-816.8097239418214,1.5364607534211492,19.9622641509434,23,45,51.11111111111111,10.24308606294575,-8.94743332460286,1.301429886137998,0.8508337028571329,1
14,39,0.45,0.5,-0.5,15,30,2,10000,13795.464474311344,3795.464474311344,37.95464474311344,8.919580078004042,0.8481995694800775,0.8286515072698644,-13.538203661937589,0.6591229216032639,8.120059719831083,117,80,37,68.37606837606837,134.5270430101009,-180.47019735632267,553.800414598478,-785.0156133371844,1.6117302825890187,9.085470085470083,21,45,46.66666666666666,8.61156195862305,-5.930337642835093,0.6901784625606753,1.8218357003940056,31
14,39,0.45,0.5,-0.1999999999999999,15,40,5,10000,13364.018137944611,3364.018137944613,33.64018137944613,8.004453324459915,0.8472149056845583,0.8207299291697598,-14.7021978561173,0.544692846774894,7.034798589871133,127,85,42,66.92913385826772,109.52824156411884,-134.7423983498265,448.59947456894776,-395.523230707186,1.645096874616076,8.094488188976378,21,45,46.66666666666666,7.082026048251611,-3.4301624265277164,0.6098463050752387,1.6400249444779529,39
7,42,0.5,0.6,-0.1,10,30,5,10000,12334.96264766598,2334.9626476659814,23.34962647665981,5.73067032742236,0.8397615941708289,0.771201169829503,-6.160839082763381,0.930176920779422,4.375810408742227,243,161,82,66.2551440329218,43.48743838237292,-53.04042599873686,254.12576272147243,-233.4998649126892,1.6097885964098717,2.732510288065844,24,45,53.333333333333336,4.5746920410909775,-2.271356345679054,0.4261897728998673,1.8851972159245955,60
14,39,0.5,0.2,-0.4,5,45,5,10000,13727.605585113675,3727.6055851136753,37.27605585113675,8.777053213969044,0.8373632751452208,0.9415130345448888,-13.529922304878747,0.6489917952599641,8.062800499447995,157,111,46,70.70063694267516,107.24422895046172,-170.54436562715017,491.1129160104792,-634.6362131321364,1.5174056691840037,8.203821656050955,26,45,57.77777777777777,4.824448920266522,-6.3980008233874734,0.6684992295864417,1.9920037753551507,144
14,42,0.45,0.2,-0.5,15,45,2,10000,13476.176890295168,3476.176890295168,34.76176890295168,8.24441286376707,0.83726454439415,0.769849460264284,-11.880974426125574,0.6942317634724047,7.4172668937044755,100,70,30,70.0,139.61334962014948,-201.83902761044192,384.4204732287124,-783.5969688255842,1.613981628348681,8.37,21,45,46.66666666666666,7.375265426401323,-4.703149461842616,0.6342511381829508,1.9091345371292967,71
14,42,0.45,0.4,-0.1,10,25,5,10000,13765.815825355949,3765.815825355947,37.65815825355947,8.857371264533276,0.8340029267075404,0.776512761986343,-15.336439648748948,0.5775376467676971,8.193827666278374,149,100,49,67.11409395973155,128.09486768364036,-177.14049363685734,553.800414598478,-383.0246405434893,1.4757670137775822,7.026845637583893,27,45,60.0,6.675458014712588,-4.058213737406213,0.6755852319472154,1.902290651211084,93
14,36,0.45,0.6,-0.4,15,35,5,10000,13688.267229096818,3688.2672290968185,36.88267229096818,8.694192136434964,0.8150538691063303,0.8453170166338559,-16.959124663733114,0.5130982824868533,8.207655469529884,110,72,38,65.45454545454545,140.68443822829192,-160.86080681650867,518.3918151175135,-504.44939078645007,1.6570847398899815,7.909090909090909,23,45,51.11111111111111,7.422988973717182,-4.565859942521843,0.6612433946835613,1.7905217867639225,32
14,39,0.45,0.4,-0.1999999999999999,15,30,5,10000,13219.600734433689,3219.600734433689,32.196007344336884,7.693289335466047,0.8119556557303295,0.780238994764515,-14.70328556403804,0.5234889330785373,6.979790655696708,127,85,42,66.92913385826772,107.8398162622973,-134.76385675116208,448.59947456894776,-395.523230707186,1.6194790833308834,8.062992125984252,21,45,46.66666666666666,7.082577923065059,-3.4304288007714456,0.5847168309146298,1.8442729560531264,128
14,39,0.45,0.4,-0.5,15,35,5,10000,13262.857445730422,3262.857445730422,32.62857445730422,7.786751737809694,0.8117405812720779,0.8045369121543852,-14.625145046878671,0.5326766248593476,7.0988823653855295,125,85,40,68.0,103.62575936599224,-131.53076090165342,351.51772060640184,-504.44939078645007,1.6741691232013958,8.344,22,45,48.888888888888886,7.0000322896342615,-4.3578918144216665,0.5930860503744141,1.9093422148878605,67
14,39,0.45,0.3,-0.4,15,30,2,10000,13613.667332129604,3613.667332129604,36.13667332129604,8.53657571006574,0.7997898347939378,0.7486902373488177,-12.675430912796443,0.6737698165154911,8.176786451621508,116,79,37,68.10344827586206,133.9467865083412,-180.50884155990707,553.800414598478,-783.5969688255842,1.5843794001497078,8.956896551724139,21,45,46.66666666666666,8.769907995807657,-4.484918932000559,0.6559598054003057,1.783136500796015,63
14,39,0.45,0.4,-0.4,15,45,5,10000,13220.024968828226,3220.0249688282256,32.200249688282256,7.69420704530861,0.7991356514779662,0.7833874648713377,-15.009626337202786,0.5128658662949052,7.103789080803836,126,85,41,67.46031746031747,105.81780892595025,-133.88017379426256,351.51772060640184,-504.44939078645007,1.6386174154195696,8.277777777777779,22,45,48.888888888888886,7.0257487318545975,-4.3578918144216665,0.5858530503323013,1.9179802778268036,94
14,36,0.45,0.1,-0.1999999999999999,10,30,5,10000,13577.60881184554,3577.608811845541,35.776088118455405,8.460162915670711,0.7929567921089324,0.8937788081454621,-20.03166465012584,0.4227133642800769,8.16040757487642,178,128,50,71.91011235955057,93.230800088723,-157.74463870396283,261.475167509555,-395.523230707186,1.5130203485079523,6.314606741573034,23,45,51.11111111111111,7.163428773385827,-4.975581377919413,0.6296921552570696,1.6056517580271077,25
14,42,0.45,0.6,-0.5,10,30,2,10000,13931.425872362192,3931.4258723621915,39.31425872362191,9.113314574839482,0.7838117511936983,0.8005242793048338,-18.6044932694342,0.49004538927740177,9.126108580160123,79,54,25,68.35443037974683,193.3315132724592,-252.36512898064584,770.1552868367966,-719.5571541874639,1.6547296782058103,13.518987341772151,26,45,57.77777777777777,7.244174898902966,-7.216200248825144,0.720458544723274,0.3711172079032865,2
14,42,0.45,0.6,-0.4,10,45,2,10000,13994.820785145674,3994.8207851456737,39.948207851456736,9.243704706082712,0.7837241300554326,0.7865898403484248,-17.534996127472798,0.527370560550178,9.300710081541322,81,55,26,67.90123456790124,189.84990140727845,-240.24139124693025,770.1552868367966,-621.5842768505491,1.6716751371809022,13.382716049382717,26,45,57.77777777777777,7.2349748413998105,-6.01764296347832,0.7277827618079296,1.0133530232081913,11
28,45,0.5,0.3,-0.1999999999999999,10,30,11,10000,13643.586116771634,3643.586116771634,36.43586116771634,8.599864830488846,0.7825903916156295,0.880617390889064,-18.360036656523107,0.4688097349144143,8.466069152596045,110,73,37,66.36363636363637,133.075591342666,-159.5216540205045,523.5805143126703,-442.6084636409268,1.6458865518516257,14.290909090909093,25,45,55.55555555555556,7.451345379887098,-6.611632811580426,0.6532245956401973,-0.0549379281519608,4
14,39,0.5,0.4,-0.4,10,45,5,10000,13544.938990938084,3544.9389909380843,35.44938990938084,8.390802425472522,0.7800039996395368,0.8485384094292449,-13.565742149246626,0.6188046588851711,8.215347688459277,152,108,44,71.05263157894737,106.5308542759578,-173.53250593924295,491.1129160104792,-634.6362131321364,1.506834830261987,8.43421052631579,26,45,57.77777777777777,4.868247111395441,-6.414939235049799,0.6383186730529868,1.914795543281868,145
7,39,0.55,0.4,-0.1,15,25,2,10000,12872.718394605128,2872.718394605128,28.727183946051284,6.93555718996155,0.7680673678191753,0.6263694841088123,-5.069653465321465,1.3680535045252389,6.40348701581124,150,100,50,66.66666666666666,83.53526202986126,-105.2741561676238,398.740923137762,-312.471453479942,1.5870041626712528,3.34,20,45,44.44444444444444,5.623530816592548,-4.138001019430559,0.4703145987574176,1.1107872084503088,9
7,42,0.5,0.3,-0.1,5,25,2,10000,12473.602299005432,2473.602299005432,24.73602299005432,6.044938415715695,0.7631669265190385,0.6699849785872121,-5.98026636654639,1.0108142422436366,5.260445669362182,203,137,66,67.48768472906403,58.732056327194286,-80.39680936091622,264.503485811977,-233.4998649126892,1.5163973773349857,3.502463054187192,28,45,62.22222222222222,3.921408843371621,-2.333566606902049,0.450600551685611,2.012002245368793,67
14,39,0.45,0.4,-0.3,15,25,5,10000,13029.044346924102,3029.044346924102,30.29044346924102,7.278869762573725,0.7442890391399855,0.7037675606903743,-16.126360528406376,0.4513646925945931,7.10298936835603,124,82,42,66.12903225806451,113.1243033748312,-141.7915920356967,385.1090986066783,-459.9089257326435,1.557650436034188,8.28225806451613,22,45,48.888888888888886,7.142750503063189,-3.719828035701611,0.5360629710136133,1.8948689239888064,96
14,33,0.45,0.2,-0.4,5,45,8,10000,12760.239927640612,2760.239927640612,27.60239927640612,6.621787224311704,0.7343284238085661,0.8474569023265305,-13.080399133585383,0.5062373981623792,6.286842859778588,149,101,48,67.78523489932886,81.708389185456,-105.59390375188376,308.37087777250974,-479.71624289447806,1.6282007085849077,6.87248322147651,25,45,55.55555555555556,4.159335375770001,-3.916488804825935,0.4741931687368894,0.7343284238085661,1
14,33,0.45,0.2,-0.4,5,35,8,10000,12760.239927640612,2760.239927640612,27.60239927640612,6.621787224311704,0.7343284238085661,0.8474569023265305,-13.080399133585383,0.5062373981623792,6.286842859778588,149,101,48,67.78523489932886,81.708389185456,-105.59390375188376,308.37087777250974,-479.71624289447806,1.6282007085849077,6.87248322147651,25,45,55.55555555555556,4.159335375770001,-3.916488804825935,0.4741931687368894,0.7343284238085661,2
14,39,0.5,0.5,-0.3,15,30,2,10000,13505.178087935044,3505.1780879350445,35.051780879350446,8.30622106723693,0.7256286081557843,0.6831321165625848,-13.291041876389226,0.6252301544305816,8.790911554115013,114,77,37,67.54385964912281,140.6630743769905,-191.28690890687983,403.950456187543,-586.5572175900625,1.53032564834408,9.280701754385966,22,45,48.888888888888886,10.420510518804749,-4.554171250316785,0.6301924186718487,1.936745791297932,117
14,33,0.45,0.2,-0.4,10,55,5,10000,14044.028264082352,4044.0282640823516,40.44028264082352,9.344614502519178,0.721743434744803,0.7722439382762016,-25.892937018422252,0.360894343344314,10.367256579098344,105,73,32,69.52380952380952,156.99437936448027,-215.95851168265895,566.843543263238,-626.2187677618879,1.6583899617325377,11.2,25,45,55.55555555555556,6.524172694357011,-10.027389170534207,0.7227096081481741,0.1427176411722341,3
14,45,0.45,0.30000000000000004,-0.4,15,35,5,10000,12783.826923005117,2783.8269230051174,27.83826923005117,6.673595505048824,0.7109132376961003,0.656576861599461,-13.963758687291039,0.47818383217557775,6.595740126072968,63,39,24,61.904761904761905,188.46015109438068,-183.51963957671975,426.4608904160144,-591.4046076803031,1.6687464417144455,12.698412698412698,22,45,48.888888888888886,4.81688668229916,-4.5197273397892594,0.5018163693233858,0.8114223034208233,4
14,30,0.45,0.6,-0.4,15,35,5,10000,13743.780715432218,3743.780715432218,37.437807154322186,8.724787257960731,0.7085639800265507,0.6630048583592224,-24.0839584504006,0.3622655003299762,9.654791528782999,69,46,23,66.66666666666666,225.8790372793396,-269.5333019016431,778.168860549253,-626.2187677618879,1.6760751690844227,12.710144927536232,20,45,44.44444444444444,7.731219054288463,-8.755003510557701,0.5941688972086546,0.7085639800265507,1
7,42,0.55,0.6,-0.1,10,60,2,10000,12713.213083453156,2713.2130834531563,27.13213083453157,6.582091509767252,0.698088368960307,0.6297558155431123,-6.664680774720594,0.988160019551884,6.593697752475538,211,141,70,66.82464454976304,67.10655313183841,-92.4744415448051,309.2828326603573,-312.471453479942,1.461720331048713,3.360189573459716,26,45,57.77777777777777,3.7493185471348056,-3.770932386192216,0.4932369836384468,0.9127030557652706,2
14,36,0.45,0.6,-0.1,5,35,2,10000,13808.930371599396,3808.930371599397,38.08930371599397,8.947801808589585,0.6974402228405511,0.6697550443469166,-19.349282805050912,0.4628246437966041,10.191592682761252,161,100,61,62.11180124223602,148.5023648454432,-174.15253194478922,553.800414598478,-438.31480473197576,1.3978923936851344,7.832298136645963,22,45,48.888888888888886,6.422710684387245,-5.90416422173794,0.7338743207456635,1.9556335930259257,44
21,30,0.45,0.4,-0.4,5,60,2,10000,15499.211751459916,5499.211751459916,54.99211751459916,12.340233867961391,0.6962523771262078,0.7692689390812018,-29.154968065053584,0.4236626447889491,15.634009226065412,129,86,43,66.66666666666666,232.3886531555933,-321.0390909737164,724.4537207920416,-1136.0149209584858,1.4477280785386917,14.30232558139535,21,45,46.66666666666666,11.104102181673614,-9.466568719293267,0.976322155003182,0.529715426511582,2
14,42,0.45,0.4,-0.1,5,25,8,10000,12429.86258936216,2429.8625893621597,24.29862589362159,5.946067558613932,0.6909778552349217,0.6052696058224216,-7.285252656130379,0.8161786336415454,5.711385764299911,164,105,59,64.02439024390245,81.04590893928034,-97.453522868853,326.03410990461134,-338.1914285449668,1.4800311007386535,5.664634146341464,24,45,53.333333333333336,4.281416853993347,-4.124686129646571,0.448459285293573,2.019818950899773,71
28,30,0.45,0.6,-0.4,10,30,11,10000,14189.610491266782,4189.6104912667815,41.896104912667816,9.737394989623605,0.6649460881889997,0.8335260713323317,-20.601670474204244,0.4739386374840876,12.123177709614051,79,47,32,59.49367088607595,256.52295506700443,-215.35804552751063,813.57553269462,-702.8075922707928,1.7494962369842504,13.734177215189874,24,45,53.333333333333336,7.391811825890437,-8.62266399808249,0.7476954686694064,0.6649460881889997,1
14,36,0.45,0.3,-0.1,10,40,8,10000,12762.79419998014,2762.7941999801387,27.627941999801383,6.692311028443143,0.6404696115700217,0.6047695083968316,-12.251918548738566,0.5468268800506453,7.448912577199464,170,109,61,64.11764705882354,103.265168588697,-131.02637993750471,446.1788608748621,-363.65065316681046,1.4082889739814188,5.494117647058824,23,45,51.11111111111111,4.925278167502656,-3.580666097040086,0.4688268475733152,1.8247299230019407,32
14,39,0.45,0.6,-0.1,10,30,5,10000,13229.010765505154,3229.0107655051543,32.29010765505154,7.713640168708591,0.634303507772458,0.6069466878697531,-18.25915666874237,0.4226569139253202,9.2581107951194,171,111,60,64.91228070175438,119.24490557788243,-160.14453482211684,569.332292312163,-367.3673525777981,1.377524843817624,7.239766081871345,23,45,51.11111111111111,7.130447399790341,-3.865828645570424,0.5945034945341974,1.8023954697788596,72
14,39,0.45,0.4,-0.1,5,45,5,10000,13086.395867706418,3086.3958677064184,30.863958677064183,7.404062773351772,0.6056987982711134,0.5768173535190018,-18.257725027378683,0.4057335026332045,9.21267479028514,171,111,60,64.91228070175438,117.95196728369478,-160.12951394118193,569.332292312163,-367.3673525777981,1.3627165542698625,7.228070175438597,23,45,51.11111111111111,7.129897931920026,-3.8655041340829865,0.5694066718521691,1.7382740852650158,22
14,39,0.45,0.4,-0.1,5,35,5,10000,13086.395867706418,3086.3958677064184,30.863958677064183,7.404062773351772,0.6056987982711134,0.5768173535190018,-18.257725027378683,0.4057335026332045,9.21267479028514,171,111,60,64.91228070175438,117.95196728369478,-160.12951394118193,569.332292312163,-367.3673525777981,1.3627165542698625,7.228070175438597,23,45,51.11111111111111,7.129897931920026,-3.8655041340829865,0.5694066718521691,1.949067283865478,114
14,39,0.45,0.4,-0.1,10,30,5,10000,13085.494614850324,3085.494614850324,30.85494614850324,7.402098542073832,0.6054125929822305,0.5765622916943168,-18.25915666874237,0.4055941115320133,9.21424400005806,171,111,60,64.91228070175438,117.95196728369478,-160.14453482211684,569.332292312163,-367.3673525777981,1.362588737213024,7.222222222222222,23,45,51.11111111111111,7.130447399790341,-3.865828645570424,0.5692568001244306,1.882052329138128,153
14,45,0.45,0.3,-0.1,15,30,2,10000,12298.958289410706,2298.958289410706,22.98958289410706,5.64863165828744,0.5828551144950952,0.507897291976522,-12.061679172565356,0.4686146038301944,6.360174904456836,110,70,40,63.63636363636363,120.76216027067376,-148.43765436836196,357.1544393510365,-281.2804690610567,1.423720829953527,7.8545454545454545,20,45,44.44444444444444,5.158919336445478,-3.3449532322439413,0.409166560727442,1.598764947718372,18
28,39,0.45,0.1,-0.4,10,50,11,10000,13075.85308078959,3075.853080789589,30.75853080789589,7.38107912648347,0.5348690944698018,0.5883419410790037,-23.559552818478743,0.3137666699219503,10.679684547924676,172,136,36,79.06976744186046,96.74181242766085,-247.82484012128916,270.7468046231,-949.7146639389144,1.474707172179743,9.715116279069768,23,45,51.11111111111111,6.200097839224883,-6.537783485393134,0.5800572035522721,0.0465008512016029,2
28,45,0.45,0.1,-0.4,10,55,14,10000,12563.810491558073,2563.8104915580734,25.638104915580733,6.187569787928426,0.5062328114800778,0.557048417786633,-22.20190782087219,0.2793498411534587,8.697883524101822,109,81,28,74.31192660550458,132.90316628498078,-271.4666754185163,356.4430010921686,-742.192752921505,1.4162691361770487,10.458715596330276,25,45,55.55555555555556,6.261243630173041,-5.523150109130737,0.46892860969729255,0.5062328114800778,1
14,39,0.45,0.5,-0.5,20,55,2,10000,11859.602557323686,1859.6025573236857,18.596025573236854,4.633025171697369,0.4990117886885766,0.3983948599570876,-7.931489894032414,0.5845859378451008,5.372797062367692,44,32,12,72.72727272727273,126.24709849568214,-175.40871621151504,553.800414598478,-391.7984844127921,1.919282784761174,9.363636363636363,13,45,28.88888888888889,5.523134369091243,-3.1732212295383366,0.3256373972344001,0.8770153779186848,3
7,39,0.5,0.3,-0.5,15,35,5,10000,11567.216183698169,1567.2161836981686,15.672161836981685,3.94173425133999,0.4861908656430478,0.4129910912366024,-5.540103666928284,0.7114910637629799,4.012226607587192,175,118,57,67.42857142857143,44.11280750048804,-59.53851055016937,312.4403865898741,-273.0836644471019,1.533818192144641,2.7142857142857144,15,45,33.33333333333333,4.5650051668467695,-2.503124581765448,0.2806895240085695,1.902594609856755,78
7,39,0.5,0.3,-0.3,15,35,5,10000,11567.216183698169,1567.2161836981686,15.672161836981685,3.94173425133999,0.4861908656430478,0.4129910912366024,-5.540103666928284,0.7114910637629799,4.012226607587192,175,118,57,67.42857142857143,44.11280750048804,-59.53851055016937,312.4403865898741,-273.0836644471019,1.533818192144641,2.7142857142857144,15,45,33.33333333333333,4.5650051668467695,-2.503124581765448,0.2806895240085695,1.9003703310681088,123
7,39,0.5,0.6,-0.4,15,35,5,10000,11567.216183698169,1567.2161836981686,15.672161836981685,3.94173425133999,0.4861908656430478,0.4129910912366024,-5.540103666928284,0.7114910637629799,4.012226607587192,175,118,57,67.42857142857143,44.11280750048804,-59.53851055016937,312.4403865898741,-273.0836644471019,1.533818192144641,2.7142857142857144,15,45,33.33333333333333,4.5650051668467695,-2.503124581765448,0.2806895240085695,1.8168493491891489,39
28,42,0.45,0.6,-0.5,10,45,2,10000,13610.93261422514,3610.932614225141,36.10932614225141,8.530785692461684,0.4816188608247632,0.6406215225660544,-21.85964176709029,0.3907670667520387,15.29565611764508,90,53,37,58.88888888888889,273.8072049865324,-290.90319993450646,939.0911629613382,-822.6875733157744,1.34825027962802,20.8,19,45,42.22222222222222,11.805179085256157,-6.842280015429836,0.8042381123669711,0.4816188608247632,1
7,36,0.5,0.6,-0.1999999999999999,15,40,5,10000,11561.738804441844,1561.738804441844,15.61738804441844,3.928662198881305,0.4776538870521953,0.3999162195368418,-5.570252199098298,0.7052934155328316,4.061791558972102,177,119,58,67.2316384180791,43.94771465730207,-58.98343516857482,312.4403865898741,-273.0836644471019,1.528710335564385,2.6779661016949152,15,45,33.33333333333333,4.790431827076236,-2.4395564556427995,0.2798031617635285,1.5145959322599143,17
21,42,0.45,0.4,-0.3,5,45,2,10000,12886.15629938301,2886.1562993830103,28.861562993830102,6.897547268779358,0.4674115956798702,0.582811735742436,-18.119892165050338,0.38106515178923994,11.40540716813022,72,40,32,55.55555555555556,292.00014181151636,-268.0660411927146,764.9517202761348,-711.9620093896194,1.3616054299171534,18.305555555555557,21,45,46.666666666666664,7.226176218386482,-5.8594156304693445,0.6183113960329802,0.9456058667526761,5
14,45,0.45,0.6,-0.1,5,55,2,10000,12314.602214044362,2314.602214044362,23.14602214044362,5.629422081380531,0.4656062812944583,0.4162402811301408,-14.569535567693928,0.3866310275357761,8.215810776718909,90,53,37,58.88888888888889,197.1772814179067,-213.86611030460116,445.76196623062975,-401.6638528941098,1.3206539944060964,11.28888888888889,22,45,48.888888888888886,6.241234220629632,-4.614529643000164,0.4260486942234915,0.7920305473663379,3
7,36,0.5,0.4,-0.4,15,55,5,10000,11526.401016242487,1526.4010162424877,15.264010162424874,3.844217202460865,0.4655249554579176,0.3991151530561998,-5.135663311071091,0.7485337277024722,3.986212030602269,177,119,58,67.2316384180791,43.29674900567467,-58.30193302470754,312.4403865898741,-273.0836644471019,1.5236713505063042,2.694915254237288,15,45,33.33333333333333,4.805823893915062,-2.4925158655025315,0.2730444518010391,1.8537077533447963,33
7,39,0.5,0.3,-0.1999999999999999,15,30,5,10000,11513.872167219628,1513.872167219628,15.13872167219628,3.814231962672943,0.4634542472673174,0.3927059598155574,-5.123195664729625,0.7445024965436758,3.937491325264282,174,117,57,67.24137931034483,42.80263505057864,-57.07958129295278,312.4403865898741,-273.0836644471019,1.5392201270023056,2.689655172413793,15,45,33.33333333333333,4.587124652189956,-2.444358352340592,0.2756701939250231,1.801883511665156,117
28,45,0.45,0.4,-0.19999999999999996,5,60,14,10000,12373.730421594671,2373.7304215946715,23.737304215946715,5.762598505047478,0.4602952451030834,0.4663729439561043,-20.466358633746246,0.2822715117420726,8.6946387633702,106,67,39,63.20754716981132,142.4653387401655,-177.2897030532167,487.03089960171644,-543.0572289621869,1.3804983697633673,13.839622641509434,24,45,53.333333333333336,6.002907246231004,-7.072594583381497,0.4529690888942473,0.6810918239131797,2
7,42,0.5,0.3,-0.1999999999999999,15,60,2,10000,11583.670715935154,1583.6707159351536,15.836707159351535,3.98097653136733,0.4403586008126675,0.3567816215807531,-9.053848360810171,0.439699934516144,4.570271488025631,144,98,46,68.05555555555556,57.836636706695565,-84.71999307220038,264.503485811977,-340.1116215498839,1.4544050120971854,3.5069444444444446,20,45,44.44444444444444,4.239145465112548,-3.7883971319991327,0.2724885682349392,1.8103606193645692,12
7,42,0.5,0.4,-0.1999999999999999,15,35,2,10000,11583.670715935154,1583.6707159351536,15.836707159351535,3.98097653136733,0.4403586008126675,0.3567816215807531,-9.053848360810171,0.439699934516144,4.570271488025631,144,98,46,68.05555555555556,57.836636706695565,-84.71999307220038,264.503485811977,-340.1116215498839,1.4544050120971854,3.5069444444444446,20,45,44.44444444444444,4.239145465112548,-3.7883971319991327,0.2724885682349392,1.8693710754178727,90
14,39,0.5,0.3,-0.5,10,45,5,10000,12094.298893764511,2094.298893764513,20.942988937645133,5.178918145131783,0.4177232549398098,0.4585553986955202,-13.559060699056833,0.3822203759351595,8.109381436022781,157,108,49,68.78980891719745,96.70517196359124,-164.2509524237694,245.5564580052396,-475.9771598491023,1.2976855851501414,8.420382165605096,23,45,51.11111111111111,5.012683192411149,-7.230802141868409,0.3824014637560724,1.954425151442532,134
21,39,0.5,0.3,-0.1999999999999999,5,60,11,10000,11967.671704370272,1967.671704370272,19.67671704370272,4.885365466349456,0.4140497694958073,0.4646713762269115,-16.790227907599846,0.2913961671897683,7.377340326181729,192,124,68,64.58333333333334,71.08404407352583,-93.53353715033084,321.908264602764,-430.65262475207845,1.3858541975902865,8.078125,23,45,51.11111111111111,5.15881447199058,-5.8936665270312165,0.3543945808500519,1.0148290455843598,3
14,45,0.45,0.5,-0.4,15,40,5,10000,11873.817776501535,1873.8177765015353,18.73817776501535,4.621478089798958,0.41159373586171566,0.3596202447763668,-17.878758185408675,0.2586900050319336,6.682351843168252,59,36,23,61.016949152542374,186.96646752541596,-204.70988845995612,446.71214842500837,-591.4046076803031,1.429550710828341,13.067796610169491,21,45,46.666666666666664,6.204963433768795,-5.6315342117807425,0.3476342554200573,1.1134161178416724,13
14,45,0.5,0.1,-0.1,10,25,5,10000,11848.732935940334,1848.7329359403336,18.487329359403336,4.6075513785935,0.4038682857675703,0.3515426356365016,-9.969911763491682,0.4621456526291095,6.786364227202185,158,111,47,70.25316455696202,81.04859342339982,-146.58500909967412,284.2498074622776,-402.6517277060714,1.305813170852303,6.544303797468355,24,45,53.333333333333336,4.353995731442417,-2.699078318380021,0.3342093804666958,1.5765476829413,5
21,42,0.45,0.2,-0.3,20,35,14,10000,11271.900818287717,1271.900818287717,12.71900818287717,3.230365425856352,0.3994644353516073,0.2911802795656385,-3.892713668600011,0.8316804193229376,3.0983474242700426,51,37,14,72.54901960784314,67.84586891077174,-78.5211665293441,220.30802313138972,-224.9637991901951,2.283549101339112,5.980392156862745,14,45,31.11111111111111,2.4430304448769258,-2.785361558265287,0.2089958179694773,-0.1536628634305211,2
28,45,0.45,0.1,-0.1999999999999999,10,30,14,10000,12064.736391612638,2064.736391612638,20.64736391612638,5.110587781477327,0.3916227190933903,0.3875830465493378,-26.00186537761796,0.1968261065686735,8.599952382720671,151,112,39,74.17218543046357,98.98032137239284,-214.8776103950465,279.4042216275314,-578.5959452058904,1.3228515469957909,8.947019867549669,25,45,55.55555555555556,5.958311896696977,-6.567338520927468,0.4050588112230992,-0.2184544239018647,2
14,33,0.45,0.5,-0.19999999999999996,5,55,8,10000,11835.898802852285,1835.8988028522854,18.358988028522855,4.533487998494601,0.3905231455774319,0.398476705181276,-17.59908759958947,0.2575978994843092,6.844836953657745,148,97,51,65.54054054054053,85.78865511096444,-119.31766162571006,518.9910852323112,-366.78344673918923,1.3674979507385114,6.79054054054054,21,45,46.666666666666664,4.783289155268222,-4.343782345604619,0.31282984472922476,0.6573684539792017,2
14,39,0.45,0.5,-0.1,15,55,2,10000,11943.382896203233,1943.382896203233,19.43382896203233,4.782365348034556,0.38138888052530806,0.30423300661221075,-16.65020063244068,0.2872256889635768,7.8242286529200396,69,39,30,56.52173913043478,218.27087187035178,-212.08367870806006,578.0805689477904,-401.9027959002645,1.3379253658743406,11.173913043478262,17,45,37.77777777777778,5.879699438749553,-4.154623674164782,0.28358695386040533,0.6632465270008724,2
28,45,0.45,0.1,-0.4,10,55,14,10000,11927.970660023182,1927.970660023182,19.279706600231822,4.792859178865716,0.3648513792308792,0.389874576561167,-24.52486131681664,0.1957236504312336,8.338701385398311,133,98,35,73.68421052631578,103.56721853927884,-217.1881131467876,259.4613677898612,-739.8710498048875,1.3351937530484963,9.165413533834586,27,45,60.0,5.871056018839327,-8.879843850783576,0.3873229248091798,0.3648513792308792,1
14,30,0.5,0.4,-0.5,10,60,5,10000,12156.780011659845,2156.780011659843,21.56780011659843,5.322933523087614,0.3631784758969563,0.4053995520487179,-15.5250228685833,0.3433300147461327,10.254968185767527,167,113,54,67.66467065868264,116.89202964566331,-194.82452584439892,561.587934812271,-617.2195213197243,1.2555267069659908,8.383233532934131,24,45,53.333333333333336,5.107369807959006,-7.984533898829538,0.4015563894930158,0.7073305941077986,3
7,42,0.5,0.1,-0.1999999999999999,15,40,5,10000,11314.868414863076,1314.8684148630746,13.148684148630746,3.334712112352878,0.3591619134681388,0.2982650588979902,-8.160720664651107,0.4086296112054762,3.7726270388438095,175,117,58,66.85714285714286,40.11818498531426,-54.335503938257936,254.12576272147243,-251.03586945826584,1.4894140469767687,2.617142857142857,16,45,35.55555555555556,4.908269655392927,-2.2217171605384056,0.2261540166288426,1.6349408193075916,10
14,42,0.45,0.30000000000000004,-0.1,10,45,8,10000,11569.076994850566,1569.0769948505658,15.69076994850566,3.9083863543092345,0.34895006999811906,0.3010493343841958,-11.56042584001268,0.3383906420521845,5.754213373638626,144,96,48,66.66666666666666,75.63820515648713,-112.62897292025531,319.92556781093026,-258.8729913027477,1.3431393929169761,6.444444444444445,21,45,46.666666666666664,4.508490702569801,-3.9423100330491456,0.29541454154139396,1.012045373389721,3
7,42,0.5,0.1,-0.4,15,50,5,10000,11268.762642510164,1268.7626425101626,12.687626425101625,3.222732934749461,0.3308732685112643,0.2787233881169978,-8.55776767816661,0.3765857003774014,3.766327671808488,175,117,58,66.85714285714286,40.11818498531426,-55.1304310477909,254.12576272147243,-279.60563726560093,1.4679381473554745,2.6342857142857143,16,45,35.55555555555556,4.929341591097791,-2.6288382214132544,0.2173334981497851,1.8629305478636309,27
21,45,0.45,0.30000000000000004,-0.4,10,50,8,10000,11760.372819112452,1760.372819112452,17.603728191124517,4.357610876366991,0.32129165080975597,0.33483940694138487,-21.183269134522817,0.2060470127184185,8.11445622392596,94,59,35,62.76595744680851,140.43432824042435,-178.97189977605237,380.4724063891369,-711.9620093896194,1.3227336448671303,13.77659574468085,27,45,60.0,5.149267715084371,-6.486859907040432,0.3776809474883193,1.0211654246196835,5
28,45,0.5,0.6,-0.4,5,50,11,10000,11781.540990240024,1781.5409902400245,17.81540990240024,4.449699733243717,0.3175676910934628,0.3545787390113785,-19.54095292178039,0.2280805987027704,8.620949754376293,125,74,51,59.2,107.86123466340456,-118.02190657821022,574.8770936775616,-739.8710498048875,1.3260634496420238,15.112,23,45,51.11111111111111,6.072754581735285,-6.4606689502595405,0.3233173820786684,0.3175676910934628,1
21,30,0.45,0.6,-0.3,15,45,8,10000,11679.366252593729,1679.366252593727,16.79366252593727,4.208392221717139,0.2566162595201884,0.2544052640646227,-19.79031512021836,0.2131945273497961,10.462510207094573,83,54,29,65.06024096385542,161.12348756642157,-214.82554568833345,678.7055842041997,-587.1053432558089,1.3965892410607763,12.180722891566266,18,45,40.0,10.49815840136299,-5.410898221570781,0.2673268591269768,0.2566162595201884,1
14,39,0.5,0.6,-0.1,15,30,5,10000,11373.78702637951,1373.7870263795105,13.737870263795102,3.4773236916433525,0.2260775453259618,0.1768060937337373,-9.850177011339683,0.3533841143585643,7.580541335393097,112,72,40,64.28571428571429,112.24912558443916,-161.65967515403582,491.1129160104792,-427.4385634685332,1.2498381297591417,7.553571428571429,18,45,40.0,4.933017202978718,-5.744724940990553,0.2414964091024892,1.835328357182411,49
21,45,0.5,0.4,-0.4,15,60,5,10000,11416.892642422712,1416.892642422712,14.168926424227122,3.581316844944493,0.2177171158343805,0.2213054520717469,-16.12859628143422,0.222269363084689,8.776419422576765,83,49,34,59.036144578313255,149.84669600377026,-169.9723043431206,524.5719495397841,-711.9620093896194,1.2705336514122654,14.963855421686748,20,45,44.44444444444444,5.028957059456229,-7.103314338386568,0.2370679481740835,0.5733605248153054,3
14,36,0.45,0.1,-0.3,15,50,2,10000,11309.947937648942,1309.9479376489417,13.099479376489418,3.2910533473005765,0.19652694782420047,0.18226118493646198,-25.3156998778016,0.13000048836044148,7.907537771751357,79,58,21,73.41772151898735,129.50000303416024,-283.5276901349345,444.70363452758454,-496.5978252384069,1.261487634158449,8.886075949367088,16,45,35.55555555555556,6.580932052778188,-6.55445967711411,0.23692720719197674,0.4591351912845017,2
28,39,0.45,0.1,-0.3,10,25,2,10000,11371.830257481995,1371.8302574819973,13.718302574819974,3.472596084273638,0.1781724154419025,0.1822873909945688,-27.54903199034093,0.1260514738046396,12.044571909095128,161,133,28,82.6086956521739,110.87859439157624,-437.2169104437893,376.8873838882253,-816.8097239418214,1.2046041925171576,9.15527950310559,21,45,46.66666666666666,6.620923014428981,-9.660726997755445,0.3044707299006642,0.1781724154419025,1
21,42,0.45,0.6,-0.1,5,30,2,10000,11214.43569297264,1214.43569297264,12.1443569297264,3.0903539276230907,0.1515325798471179,0.1522718982602531,-17.515668282915005,0.1768401022332378,10.847695127325816,99,47,52,47.474747474747474,260.559753968267,-206.38657300745788,746.0005912872028,-322.84663400699515,1.1410913415516044,11.808080808080808,20,45,44.44444444444444,8.217387690406873,-5.99359226372953,0.2069538055187189,1.2761064038153096,9
14,42,0.55,0.5,-0.19999999999999996,5,35,2,10000,11155.094912728739,1155.0949127287386,11.550949127287385,2.917149603354341,0.1428487783790668,0.14788213635411646,-17.913729786868476,0.16304082437536335,9.03836346739028,90,52,38,57.77777777777777,173.29248075831188,-201.89601527186866,480.2513418103693,-503.6652856810273,1.1745505656122202,12.21111111111111,20,45,44.44444444444444,9.342991958688284,-5.764782979499339,0.22656053585733452,-0.4013032570244538,2
21,45,0.45,0.5,-0.5,10,50,2,10000,11147.158479361173,1147.1584793611728,11.471584793611727,2.897883726898187,0.13151976954086367,0.1654535946965734,-29.195822012073023,0.09949787758490933,12.28824787126855,62,33,29,53.2258064516129,313.4572714481218,-310.6377732246914,764.9517202761348,-766.3184653638086,1.1482594452771206,19.516129032258064,17,45,37.77777777777778,8.826492748892512,-7.0113398450574405,0.3076629344331589,0.9080694090297425,10
21,36,0.45,0.1,-0.5,15,35,8,10000,11062.546466969436,1062.5464669694356,10.625464669694356,2.71772752831676,0.1294014390000455,0.1162767658903128,-18.05085161332128,0.1511489778659728,7.624591835129792,106,78,28,73.58490566037736,91.60842837192472,-201.6192583115329,258.24357953760705,-737.2717049178149,1.2657268444723129,8.5,22,45,48.888888888888886,4.248632492083315,-9.616653271199835,0.2080772825577395,1.019931980426004,6
21,45,0.55,0.6,-0.3,10,40,8,10000,11081.987988714904,1081.9879887149036,10.819879887149035,2.7656318605019825,0.1266424005980666,0.138684920890882,-12.569746692550073,0.2203051299286798,9.0146726041289,114,67,47,58.77192982456141,108.49568638567015,-126.3677847878529,593.8218980863975,-562.8427950744023,1.2239200349259332,13.035087719298245,24,45,53.333333333333336,5.792378248397623,-5.274248479702271,0.2021999201208596,0.1266424005980666,1
28,39,0.45,0.1,-0.4,10,50,11,10000,11091.869163459329,1091.8691634593288,10.918691634593287,2.7633863545061033,0.12292589910812202,0.1403134077674926,-31.177501200690326,0.08942343821688292,11.511902780153074,138,114,24,82.6086956521739,105.77417833453558,-415.95108100948136,559.8640352694752,-888.476489933656,1.207900087360493,10.05072463768116,22,45,48.888888888888886,6.3398802706158275,-8.875633574839725,0.2052194943773281,0.12292589910812202,1
21,30,0.45,0.4,-0.5,20,30,14,10000,10977.703042288062,977.7030422880616,9.777030422880616,2.507944817474961,0.1207758033592,0.095902999916618,-7.9062919537495935,0.3185517742134783,5.15322406761234,52,28,24,53.84615384615385,118.0767086317043,-80.82269997498706,647.3500106859723,-372.0055870264027,1.7044241297674336,5.846153846153846,11,45,24.444444444444443,5.06336315276692,-4.657862822475744,0.1825304965672735,0.1207758033592,1
21,45,0.45,0.6,-0.4,5,55,5,10000,11089.882524792893,1089.8825247928926,10.898825247928926,2.75854444967758,0.12069166200177145,0.15202735611721854,-25.121541061887147,0.11008773343920357,11.366170471050415,64,35,29,54.6875,262.8595144869557,-273.0971053948579,764.9517202761348,-711.9620093896194,1.16165362193605,19.25,20,45,44.44444444444444,6.189917057551564,-7.011722816526145,0.273943413388135,0.6600122472432673,6
14,39,0.45,0.5,-0.1,20,25,2,10000,10959.323922296006,959.3239222960055,9.593239222960054,2.4623440365605376,0.1073323131284915,0.0650959296704297,-10.187071315051671,0.2417126532649632,5.419999098459596,40,24,16,60.0,153.8210710629135,-165.98011145087094,553.800414598478,-301.80776640593183,1.3901159878583724,7.775,12,45,26.666666666666668,2.3810359729453667,-2.4159375767705216,0.1243526692513276,1.1584897989707823,11
14,39,0.45,0.5,-0.5,20,55,2,10000,10912.926145575877,912.926145575877,9.129261455758769,2.324672104726666,0.08052791920712941,0.05764840817983559,-12.172785147583944,0.19097290197289543,5.854562435560166,31,17,14,54.83870967741935,202.9083053153719,-176.72250319896116,492.9197154823635,-505.41829135823144,1.394212123495026,13.161290322580646,12,45,26.666666666666668,3.94761793626921,-3.896481977779487,0.06575134306049214,0.08052791920712941,1
28,42,0.45,0.4,-0.1999999999999999,15,25,8,10000,10825.149744953766,825.1497449537655,8.251497449537656,2.127728686838481,0.0566832032001281,0.053083065693324,-27.83492812921728,0.0764409621235948,8.895605615330023,61,40,21,65.57377049180327,175.71776657990057,-289.19941804185555,480.06035996469086,-435.0179371564662,1.1573346517688992,16.9672131147541,18,45,40.0,8.437068011681315,-7.071446785785208,0.1251768829110637,0.4196367974078788,2
28,45,0.45,0.5,-0.1,15,60,8,10000,10816.832590674485,816.8325906744849,8.16832590674485,2.106886589534596,0.0538003804035175,0.0458472081725569,-25.08773856315814,0.0842617725622415,8.514111219526034,79,44,35,55.69620253164557,160.4795079112114,-174.2740748015881,680.471280039242,-348.8460732793197,1.1576344176152906,14.759493670886076,19,45,42.22222222222222,7.743869262215575,-5.790944816570898,0.186396250626507,0.0538003804035175,1
14,36,0.45,0.1,-0.1999999999999999,20,25,5,10000,10837.398989569934,837.3989895699342,8.373989895699342,2.1584028702961837,0.0528737532356229,0.0311924461768196,-6.155010046216647,0.3506741425422867,4.662214413091951,49,35,14,71.42857142857143,96.62299435286631,-174.0361294843132,216.2233991033709,-375.6317918442478,1.3879732133662437,6.591836734693878,13,45,28.88888888888889,2.809391803468464,-3.5093039185069674,0.1171134750204627,1.062151442157575,4
28,39,0.45,0.3,-0.1999999999999999,15,55,2,10000,10629.95887684898,629.9588768489793,6.299588768489793,1.635462532138643,0.0391102821235899,0.0436265861579469,-22.846858483574017,0.0720445074389303,13.475333417614028,84,45,39,53.57142857142857,219.1294874090989,-230.33346008721009,939.0911629613382,-506.71718198166127,1.097720305792896,15.63095238095238,18,45,40.0,10.442023628395948,-7.491327374879853,0.1892839141181265,0.0391102821235899,1
14,30,0.45,0.3,-0.1,5,55,5,10000,10673.900275176782,673.9002751767821,6.7390027517678215,1.746857016604486,0.0275151342960144,0.0270965683216744,-24.3173381483372,0.0721247891670696,10.436262289757954,174,98,76,56.32183908045977,129.19438355805707,-151.23189466001568,360.4575642188221,-414.2305858464888,1.1015715839600684,6.666666666666667,23,45,51.11111111111111,8.652864287625306,-6.579246169251718,0.1626261370978906,0.0275151342960144,1
21,33,0.45,0.5,-0.5,5,50,5,10000,10388.191561751908,388.191561751908,3.88191561751908,1.0068438414823744,0.017575534601172088,0.023208797267538703,-31.067763772314038,0.03240799205444007,16.103865297792442,84,48,36,57.14285714285714,223.8951654763107,-269.2452597767149,939.8044915970685,-762.3442227718592,1.1087544774207576,18.714285714285715,24,45,53.333333333333336,11.082104593668918,-8.27093758322468,0.12189675610031281,0.7860333935193271,3
14,45,0.5,0.2,-0.3,20,25,8,10000,10775.147262866529,775.147262866527,7.75147262866527,2.0022489273854083,0.0082097694413148,0.0055814680372069,-3.5718296356790717,0.5605667491486457,2.759901929352078,51,29,22,56.86274509803921,65.13375664929791,-47.07871272559844,262.315059314516,-268.7725582965923,1.8237145579025011,5.568627450980392,10,45,22.22222222222222,1.7020789903355429,-1.3728402191441558,0.1191190792406058,0.8668663633440635,3
21,39,0.5,0.3,-0.5,5,25,5,10000,10483.149431213593,483.149431213591,4.83149431213591,1.2608202863639395,-0.0072930229081807,-0.0082771498991543,-26.262381575237058,0.0480086043511291,11.49746981620522,121,72,49,59.50413223140496,135.60466224374323,-183.5799390981944,366.5954404738448,-737.2717049178149,1.0853900007512538,14.727272727272728,22,45,48.888888888888886,8.049808406317794,-9.02159839864184,0.0829278272203964,1.144726736721372,4
28,33,0.45,0.5,-0.4,20,55,2,10000,10441.848084528126,441.8480845281265,4.418480845281265,1.154729535637555,-0.0105180846574089,-0.0083682865810381,-26.51648616405524,0.0444699584218172,11.88967862332234,21,10,11,47.61904761904761,475.7067133939475,-377.28354994648674,888.566411413659,-604.6994386634751,1.1462483551198872,19.904761904761905,9,45,20.0,15.57945181303495,-8.572000375594701,0.2247000073863115,-0.0105180846574089,1
14,30,0.55,0.1,-0.3,5,55,2,10000,10303.808441200968,303.8084412009666,3.0380844120096664,0.7978953670627176,-0.0349191716137516,-0.0402767751648533,-12.761279413966712,0.0630701423634068,12.384562575378126,179,124,55,69.27374301675978,101.20855023215796,-214.06553302246192,392.0815640529666,-554.9466761200177,1.065931883873637,7.016759776536313,20,45,44.44444444444444,6.325851180444664,-6.119416072033479,0.1398367438842871,-0.0349191716137516,1
21,39,0.45,0.6,-0.4,15,25,5,10000,10301.708502176512,301.7085021765124,3.017085021765124,0.7849661827402432,-0.041577335387125276,-0.048511332636718675,-25.04705141331535,0.03133966428970336,12.081766204076807,59,32,27,54.23728813559322,266.4254575545201,-296.0326962048076,939.0911629613382,-737.2717049178149,1.0666507764106685,18.627118644067796,16,45,35.55555555555556,8.508449896611747,-8.413088442095507,0.053379372987538434,0.3711172079032865,2
28,33,0.5,0.5,-0.4,5,35,2,10000,9637.479645205014,-362.5203547949859,-3.6252035479498583,-0.9757372019246092,-0.0637996463079608,-0.0741096564753739,-33.15674164155136,0.0287059211499969,18.769808823105212,78,39,39,50.0,331.9353182632072,-327.05214374008574,909.9956802581802,-689.7109217241886,1.014930874530522,19.371794871794872,20,45,44.44444444444444,15.71484124365634,-12.090522284731442,0.125510023972338,-0.3638077249884247,2
21,33,0.5,0.6,-0.1,5,55,2,10000,9958.017212471386,-41.9827875286137,-0.419827875286137,-0.1116545113465927,-0.0679230292214048,-0.0741160312766343,-31.948431906697223,0.0031709649093992,14.796685093018429,169,64,105,37.8698224852071,231.87279244823415,-135.57396552212202,730.3030073788167,-447.206136979404,1.0424714452636537,11.183431952662724,21,45,46.66666666666666,8.813260435108795,-7.5703830697753,-0.0609561807783521,-0.0679230292214048,1
14,30,0.5,0.4,-0.5,10,60,5,10000,10036.426569418712,36.42656941871246,0.3642656941871246,0.09569102719455547,-0.1119959003568815,-0.13021863856131072,-19.56356734941272,0.004891287232306742,11.306584582173183,78,41,37,52.56410256410257,231.29340084855727,-245.03400912249572,650.0604703085166,-530.7371235095228,1.0459694707278706,12.692307692307692,19,45,42.22222222222222,6.0130170311073705,-5.730548430382676,-0.013859969877898731,-0.1119959003568815,1
14,39,0.5,0.2,-0.5,15,35,5,10000,10385.939078524652,385.9390785246524,3.8593907852465232,1.0106239988123544,-0.1129504788105591,-0.1072777830387343,-13.559060699056833,0.0747921445499972,6.748142555002151,117,74,43,63.24786324786324,86.44636080696358,-134.98671189888438,245.5564580052396,-472.8640046126078,1.1020948189238928,8.606837606837606,18,45,40.0,4.300692401569006,-3.639992296001737,0.0306655185412865,1.8404368379891525,67
28,36,0.45,0.3,-0.5,5,35,8,10000,9778.692989819334,-221.3070101806661,-2.213070101806661,-0.5925025724206834,-0.1234932250583008,-0.1483827006343153,-32.83796851980366,0.017311287744832,13.467060559558696,111,73,38,65.76576576576578,120.8538551039077,-226.40461367385888,315.547382923595,-664.80026475724,1.0254500233739234,17.504504504504503,21,45,46.66666666666666,8.182065439662889,-7.2528860529193935,0.0274293853960643,-0.1234932250583008,1
28,39,0.5,0.5,-0.3,10,40,14,10000,10025.588411979526,25.588411979526427,0.2558841197952642,0.0678843988289878,-0.1322594509695948,-0.1484270992640641,-25.854468607070476,0.0030265619770749,10.416327285323602,139,86,53,61.87050359712231,93.4016997915178,-139.18669164022214,391.6806264747522,-546.2696000968385,1.0888790684468657,13.237410071942444,21,45,46.66666666666666,8.3414244391399,-9.056517434551814,-0.0309328227734855,-0.1593206815103119,2
21,36,0.55,0.5,-0.3,5,50,8,10000,9925.909302284674,-74.09069771532631,-0.7409069771532631,-0.1972800276942354,-0.1349833406453064,-0.1573537901811207,-17.152065893952877,0.0108990802448013,11.392861249526051,91,53,38,58.24175824175825,148.87372960997683,-199.25076664525355,525.5066537201634,-600.0340167361576,1.0421022664285853,12.274725274725276,21,45,46.66666666666666,5.829206335483517,-6.289339925565463,-0.0660655925904451,-0.0087799277377628,3
14,30,0.45,0.2,-0.19999999999999996,5,35,8,10000,10220.942848486675,220.94284848667485,2.2094284848667485,0.5765138504732592,-0.16031379472434545,-0.15910934419614656,-22.132208025943406,0.026048636891423976,7.245751423896783,141,83,58,58.86524822695035,77.53814290545365,-97.9118181115448,324.30204859587997,-377.2347093181483,1.1332621369604268,6.49645390070922,17,45,37.77777777777778,3.8620774035138083,-5.228924592490802,-0.028596261333546813,-0.16031379472434545,1
14,45,0.5,0.4,-0.4,10,40,2,10000,10070.951336570395,70.95133657039514,0.7095133657039514,0.18615013958860338,-0.17271483575016316,-0.1847608478950913,-19.36912053870404,0.009787559035376649,8.428172015319614,81,47,34,58.0246913580247,151.33790403066678,-202.39013666171977,399.09909146974,-608.3169050094338,1.0336590517646673,13.419753086419753,19,45,42.22222222222222,7.9740987442143085,-5.306426512399954,-0.006216311188692991,0.9329332095050678,9
28,45,0.55,0.4,-0.1999999999999999,5,35,14,10000,10011.638053722176,11.638053722175757,0.1163805372217575,0.0308908003921137,-0.1834428783027515,-0.1873302563149128,-22.70398943945361,0.0016648254377754,8.650117422238576,107,62,45,57.943925233644855,118.71183568761003,-156.6778588469498,518.087713437769,-456.4954880356698,1.043916034934889,12.757009345794392,21,45,46.66666666666666,6.557449031127804,-5.683621911176795,-0.021768419382225,0.2995737566564389,2
21,39,0.55,0.6,-0.4,10,35,11,10000,10168.203910385331,168.20391038533307,1.6820391038533309,0.4439207457852978,-0.1863819120510291,-0.2214804457467759,-15.121416992149864,0.0298157669692908,7.000024390935922,181,105,76,58.011049723756905,64.5360538745179,-81.14621726203414,271.6848491898642,-248.6154649558252,1.0987776927586272,8.204419889502763,19,45,42.22222222222222,4.790279015528287,-3.68468354639464,0.0077054190042454,-0.2109789014586996,3
28,30,0.45,0.5,-0.1,15,35,2,10000,9239.966860953442,-760.0331390465581,-7.600331390465581,-2.0771534219495846,-0.1993565790956318,-0.1801474878918147,-30.96348949334951,0.0663193124734828,14.891727665315504,57,19,38,33.33333333333333,495.7151557184257,-255.37160783412287,867.6556213429677,-468.030628598764,0.9705760948186894,11.526315789473683,13,45,28.88888888888889,12.866421052648104,-6.199303463283989,0.0402993508930693,-0.1993565790956318,1
14,45,0.55,0.5,-0.4,5,50,8,10000,10331.816738004278,331.8167380042778,3.318167380042778,0.8623659535372141,-0.20533668413674633,-0.21720210621722652,-13.850625566917223,0.06251092027864084,4.942164922274901,146,84,62,57.534246575342465,60.75529114503582,-73.18754384159452,220.22759734734547,-491.071851821442,1.1246943938872171,6.904109589041096,21,45,46.666666666666664,4.1322276937337366,-3.573524062963307,0.05324700642695549,-0.2561318942043168,2
21,45,0.55,0.6,-0.1999999999999999,15,50,14,10000,10300.634891906948,300.6348919069478,3.0063489190694783,0.7896505240251317,-0.2075195496331622,-0.1852854232520212,-10.488912118352063,0.075616052005825,5.179172441765995,123,71,52,57.72357723577236,59.14109911289773,-69.27588521178392,325.9423807078473,-340.2329213641638,1.165634284121014,6.373983739837398,17,45,37.77777777777778,3.72745373046004,-5.820253600187774,0.030849763235811,-0.2075195496331622,1
28,45,0.5,0.1,-0.3,20,60,2,10000,10163.29606451644,163.2960645164403,1.6329606451644032,0.4310447256766547,-0.2106136458690042,-0.1587995783922797,-12.043328771055236,0.0363669998868258,6.439153595012017,39,27,12,69.23076923076923,134.47571187992685,-278.0206796867984,601.5042206934224,-510.1523814458452,1.0883016042932248,12.512820512820513,12,45,26.666666666666668,5.700496848235237,-3.942788972737321,-0.0032178049149275,-0.2106136458690042,1
21,39,0.45,0.5,-0.5,20,45,11,10000,10251.164969420855,251.16496942085723,2.511649694208572,0.6608863918851293,-0.2246980404747573,-0.1615579980760474,-12.180344589864738,0.0548290952252576,5.308629903131274,46,24,22,52.17391304347826,110.18312653493248,-102.1059121553405,458.12044198954135,-339.9006797258402,1.1772068028624691,8.195652173913043,11,45,24.444444444444443,5.866075150731143,-3.19407741945551,-0.0051716176303459,-0.2246980404747573,1
21,36,0.45,0.1,-0.5,15,35,8,10000,9919.73979811594,-80.26020188406073,-0.8026020188406073,-0.21175016058861962,-0.23661905536006891,-0.2091181873789809,-23.353996341464704,0.008628522762272663,7.961544844061574,84,61,23,72.61904761904762,97.6793557020285,-243.48371295283312,187.68833326247852,-737.2717049178149,1.0639834422354135,9.833333333333334,20,45,44.44444444444444,5.819620825742078,-7.394868555627287,-0.0470684436391698,-0.23661905536006891,1
28,30,0.5,0.1,-0.4,15,50,11,10000,9761.387996691245,-238.61200330875727,-2.3861200330875727,-0.6392466421882959,-0.2412697915254233,-0.2386268499532787,-13.751229834489598,0.0447394815663362,9.12291995280278,67,45,22,67.16417910447761,128.4002389402899,-240.0613088918374,312.06956899340094,-702.8075922707928,1.0940407414682558,9.92537313432836,18,45,40.0,4.915397942429234,-5.986651492860096,-0.0766464318456727,-0.2412697915254233,1
21,42,0.55,0.3,-0.1999999999999999,5,40,5,10000,9450.784843196574,-549.215156803426,-5.49215156803426,-1.488785308973528,-0.2526221207755889,-0.273069904735681,-24.148191494783248,0.0613703460110838,11.300990606956017,88,43,45,48.86363636363637,192.80750477885817,-191.713349959962,576.2690984427736,-408.7728961203275,0.9610091440304974,12.5,19,45,42.22222222222222,5.398192427585591,-6.882257869482644,-0.1622222631701874,0.5517502288005962,3
28,36,0.5,0.30000000000000004,-0.4,5,60,14,10000,9417.662514735564,-582.3374852644356,-5.823374852644355,-1.5658511692728139,-0.29085649828153765,-0.3428749513681146,-27.127081073125442,0.0568537052987202,10.37150670414483,107,62,45,57.943925233644855,107.11240435619217,-144.18385952607986,323.8115059781521,-759.7717311511315,1.023534055277634,13.83177570093458,19,45,42.22222222222222,10.919684882933979,-7.847055758112553,-0.0813490954464556,-0.29085649828153765,1
21,36,0.45,0.4,-0.1,20,35,14,10000,10112.637748294732,112.63774829473186,1.1263774829473188,0.2978720900127518,-0.2962904825030449,-0.1651067373442604,-14.089532006234798,0.0218787725847722,5.244298617483365,55,38,17,69.0909090909091,85.36405970944814,-171.49391298025367,479.5403340847466,-337.956396201805,1.1126562873923846,5.381818181818182,11,45,24.444444444444443,2.927682733425008,-3.554146323045393,-0.0274841359857926,-0.2962904825030449,1
28,36,0.45,0.5,-0.19999999999999996,15,55,8,10000,9189.337876823618,-810.662123176382,-8.106621231763821,-2.199294663939466,-0.29858195225473355,-0.31400438907834216,-32.83761819616377,0.0662615135946821,11.768027113015677,77,35,42,45.45454545454545,193.3029707426674,-173.67349554046936,1056.3852086294955,-441.783371377153,0.9275209694543555,17.09090909090909,18,45,40.0,7.317400932580842,-9.667498796415064,-0.3395725441496401,-0.29858195225473355,1
21,33,0.45,0.5,-0.1,20,45,8,10000,9743.795780470764,-256.20421952923607,-2.5620421952923604,-0.6868289843678266,-0.2985905579872264,-0.1914495651267227,-20.241304445805245,0.0334238048756734,7.922198812752422,48,18,30,37.5,244.49658887755783,-146.57142731084332,659.6320665879416,-397.3771081174355,1.0008632379312443,8.125,10,45,22.22222222222222,7.153243799026487,-6.084642518100603,-0.1661272270288519,-0.2985905579872264,1
28,45,0.55,0.1,-0.5,5,50,5,10000,9170.860176241844,-829.1398237581561,-8.29139823758156,-2.272166773510642,-0.3009816714821361,-0.3937939738299311,-25.792972752248964,0.0878308385888199,11.921608228991392,117,87,30,74.35897435897436,90.41827639887856,-280.1318583820342,601.5042206934224,-668.4309559240711,0.9360342057173328,14.512820512820513,21,45,46.66666666666666,5.602662011708692,-5.744010522391296,-0.2112081116487447,-0.3009816714821361,1
14,45,0.5,0.6,-0.5,10,50,5,10000,9844.921816432889,-155.0781835671114,-1.550781835671114,-0.41028225866027723,-0.30692710427188735,-0.3400902017483752,-19.558269442629435,0.020803291729252275,7.039028749565114,84,45,39,53.57142857142857,141.74837344335333,-163.1207017611182,446.71214842500837,-489.5872288531056,1.0026674342725705,13.214285714285714,19,45,42.22222222222222,4.5941977280276936,-6.759613208569504,-0.06545211840348027,0.8221184026465709,12
28,42,0.5,0.5,-0.5,15,35,8,10000,9510.95610797452,-489.0438920254801,-4.890438920254801,-1.3226245771271294,-0.3142953413554751,-0.3273529939932182,-22.57684904259949,0.0581304707667232,9.217474117899345,58,33,25,56.896551724137936,165.9839777493221,-233.3639892604369,408.90638667965607,-748.7166927719451,0.9388717227686244,19.43103448275862,19,45,42.22222222222222,6.358519013124031,-6.331011448319456,-0.0893883136272511,-0.2503386267032521,2
21,45,0.55,0.4,-0.5,5,25,14,10000,10035.138505781453,35.138505781453205,0.35138505781453205,0.09231170842001202,-0.31446553012490064,-0.35073401098867646,-13.810339702108148,0.0066842460367517705,5.572377006962977,145,86,59,59.310344827586206,55.11205387672598,-74.43043166727652,191.83688255904377,-332.59691853724013,1.0793007980122624,7.36551724137931,21,45,46.666666666666664,4.151701751754389,-4.4920973716407016,-0.032756070983496303,-0.31446553012490064,1
21,45,0.55,0.4,-0.5,20,25,14,10000,10392.411207909405,392.41120790940295,3.9241120790940296,1.0273350373729784,-0.3174745795971551,-0.2345410284485405,-5.541340738664507,0.1853946699586229,2.940772470445135,50,29,21,57.99999999999999,64.82337952133834,-65.1984189623523,325.9423807078473,-256.90937024864,1.3730087587409538,6.24,11,45,24.444444444444443,2.622701242593584,-5.261610848378884,0.0367130139169789,-0.3174745795971551,1
21,30,0.45,0.1,-0.3,5,45,8,10000,9199.334832095505,-800.6651679044953,-8.006651679044953,-2.1916833524163293,-0.3174890570080156,-0.3338478192540878,-20.73899020400271,0.1051908333278532,11.253313079914571,148,106,42,71.62162162162163,85.8650013716781,-211.34724702449745,285.8468773641653,-548.6248566209676,1.025359503256933,8.445945945945946,16,45,35.55555555555556,6.493931194154712,-5.607587073410459,-0.1950864306363438,-0.3174890570080156,1
14,45,0.55,0.4,-0.4,20,55,2,10000,10021.885219799364,21.885219799363767,0.2188521979936376,0.0580679514170512,-0.3651086429213302,-0.2291129975613977,-7.384837248315648,0.0083308938085081,4.969831659285083,37,22,15,59.45945945945946,143.57447824716616,-205.73688677588947,254.54440646306472,-585.4729268879418,1.023520403798852,9.216216216216216,10,45,22.22222222222222,6.283905216876562,-5.733557214090301,-0.0136950324980666,-0.0736957635434748,2
14,39,0.5,0.1,-0.3,10,25,8,10000,9732.637175033136,-267.36282496686545,-2.6736282496686545,-0.7170428053070332,-0.383262514373872,-0.3842864010642509,-21.23020855243637,0.0337746472690559,6.538698862709545,182,107,75,58.7912087912088,66.61488307132544,-92.81273751464845,218.9960282562033,-368.3920809603102,1.0239675687483962,5.307692307692308,20,45,44.44444444444444,3.1926827610608832,-6.787201366226093,-0.1157845116231582,1.636986983839841,13
28,45,0.55,0.5,-0.4,5,35,2,10000,8423.27254443072,-1576.7274555692802,-15.767274555692804,-4.454115265639159,-0.3863798478126067,-0.5361198732489181,-27.57048772244401,0.1613144327490648,14.327979933749887,92,45,47,48.91304347826087,182.4978886887231,-206.39234756946755,763.1459589557659,-520.4130269839958,0.8466012579566998,21.80434782608696,20,45,44.44444444444444,7.990828467161637,-8.565874695007292,-0.2614831302270817,-0.3863798478126067,1
21,33,0.45,0.2,-0.5,15,60,2,10000,8727.772720435627,-1272.227279564373,-12.722272795643727,-3.5488659875770545,-0.3887803059882811,-0.3735488482649921,-32.11555391436183,0.1101919304675558,12.42811271031287,98,68,30,69.38775510204081,146.1948978133628,-354.8003130866511,478.9958452611425,-851.1009760742754,0.9339763508871508,12.571428571428571,17,45,37.77777777777778,9.392191567385888,-8.938765073591792,-0.3545474279112302,-0.3887803059882811,1
14,39,0.5,0.2,-0.19999999999999996,5,35,5,10000,9300.496613032252,-699.5033869677482,-6.995033869677482,-1.8894744052773915,-0.403203788599521,-0.3628918320624047,-23.653053734727454,0.07988289488825123,8.744048506205633,113,65,48,57.52212389380531,119.52195440676263,-171.19915995643086,388.4078234947649,-398.3178129185364,0.9454056119999746,10.451327433628318,20,45,44.44444444444444,4.617938520498899,-5.7853515448954,-0.17421058335301187,-0.403203788599521,1
28,45,0.55,0.6,-0.4,5,60,5,10000,8373.491644864658,-1626.5083551353418,-16.265083551353417,-4.6043854964913695,-0.4101210644368871,-0.5522198554543283,-28.955237478841823,0.1587898630878663,13.99684913430895,81,37,44,45.67901234567901,189.95687416968605,-194.83455883220145,763.1459589557659,-508.9800159224332,0.8198569254211934,20.901234567901238,18,45,40.0,7.457046391779554,-7.496219634839774,-0.2919092119629324,-0.4101210644368871,1
21,36,0.45,0.6,-0.1,5,30,8,10000,8925.764770256488,-1074.2352297435118,-10.742352297435117,-2.972630525177611,-0.4134800021884995,-0.3980235783901982,-35.22834708674756,0.0840964727507895,10.72124757645551,116,59,57,50.86206896551724,170.32002044885803,-186.78825578188167,554.6585281610851,-416.5163808894738,0.9438289403114584,9.370689655172416,18,45,40.0,6.269223145349745,-7.845045909710901,-0.3208311499236474,1.004721124593684,8
14,33,0.55,0.6,-0.4,5,35,8,10000,9281.849807748678,-718.1501922513216,-7.181501922513217,-1.959484019426749,-0.4141692164504264,-0.4949830272370202,-17.299979040261313,0.1128737830484009,8.68520303381715,159,77,82,48.42767295597484,102.72229627345432,-98.60569518667506,442.6797831104295,-572.2425222637913,0.9782268807093076,6.213836477987422,17,45,37.77777777777778,5.389848582912071,-5.95447224707314,-0.2063223987508735,-0.4141692164504264,1
21,42,0.5,0.6,-0.1,10,40,5,10000,8936.915405945436,-1063.084594054564,-10.63084594054564,-2.940458112255495,-0.4272241327981538,-0.4108720177519611,-27.324254181930645,0.1073681972396644,10.38917690713936,98,45,53,45.91836734693878,212.7591976577553,-196.0983278218398,540.9079645807999,-359.11481538047406,0.9211939938060392,11.43877551020408,19,45,42.22222222222222,4.73047960880677,-6.591860686950513,-0.3173542888357859,0.9136562352170916,7
14,33,0.55,0.5,-0.4,20,60,8,10000,9855.598653378358,-144.401346621642,-1.44401346621642,-0.3854977016277461,-0.4374980276197844,-0.3225082415164333,-10.844701480936802,0.0349128167498821,5.13851219447162,52,22,30,42.30769230769231,117.1067881753203,-85.36168954929006,442.6797831104295,-297.3770725303974,1.006052150349951,5.634615384615385,7,45,15.555555555555555,2.935827948412184,-2.2915791827968213,-0.0921595516588125,-0.2014463130458405,3
28,36,0.45,0.5,-0.1999999999999999,15,55,8,10000,8711.666220267452,-1288.3337797325476,-12.883337797325476,-3.596163026641086,-0.4386177791655997,-0.4178316742355767,-35.383633389772164,0.1009747690726545,11.379277958920888,87,46,41,52.87356321839081,147.12173664994774,-187.59129695372485,478.7054329895589,-441.783371377153,0.8799097534459651,15.505747126436782,18,45,40.0,8.199278364219765,-7.40669947980761,-0.2447646074085763,-0.4386177791655997,1
28,36,0.5,0.2,-0.5,5,50,11,10000,8655.379409836056,-1344.620590163944,-13.44620590163944,-3.7619563912088094,-0.4418673920665959,-0.5122216145719238,-27.04209900579373,0.1382543440980651,11.624821496584048,120,70,50,58.333333333333336,112.90066314878815,-168.9712308115622,245.21697695197236,-759.7717311511315,0.935431005912326,13.541666666666666,17,45,37.77777777777778,6.196327604991092,-8.856177177606316,-0.3678985179052902,-0.2587590607138558,3
14,42,0.55,0.6,-0.5,20,45,5,10000,9950.881653686363,-49.1183463136349,-0.491183463136349,-0.1306661073792181,-0.4530169427768567,-0.347807228974952,-9.393865946075762,0.01354269694254,4.47555520760018,42,24,18,57.14285714285714,111.8288945405414,-148.65621196037137,543.8831107632316,-300.1378052588079,1.0030202623518365,8.5,9,45,20.0,5.287164024384095,-3.024137926868697,-0.0349141378926836,-0.4530169427768567,1
28,36,0.45,0.3,-0.4,20,50,8,10000,9039.249243722656,-960.7507562773426,-9.607507562773426,-2.646567198778116,-0.4834745815054433,-0.3914276597179452,-21.1498669650335,0.1240210536906892,8.832807332619547,29,16,13,55.172413793103445,167.86918944777418,-263.7121374955178,333.15007955180954,-522.024770011564,0.7834612207411306,16.862068965517242,8,45,17.77777777777778,4.313677023458684,-5.894458734946384,-0.1998740036210038,-0.4834745815054433,1
21,30,0.45,0.2,-0.3,5,55,5,10000,7988.744259893993,-2011.2557401060067,-20.112557401060066,-5.735717174923927,-0.49011745905230114,-0.5066212308561232,-34.24835661193984,0.1674742306591234,14.10769880450126,77,47,30,61.038961038961034,189.92078246048146,-339.9840747962232,662.1925622301129,-586.5145594973395,0.8751661658459333,13.792207792207792,18,45,40.0,8.357129413824893,-8.749555172368561,-0.5864388759668531,0.11581298784625091,2
28,33,0.5,0.5,-0.4,5,35,2,10000,7020.255704064866,-2979.744295935134,-29.79744295935134,-8.88635031904177,-0.4974173677806991,-0.5507598244877018,-53.23447951360848,0.16692847192711122,19.08014156209267,71,29,42,40.845070422535215,347.8315152733393,-303.1176278801525,1020.2116881192829,-780.7057578206277,0.7923306251540574,22.197183098591548,19,45,42.22222222222222,11.70144371052495,-14.428468180790544,-0.8082554095065327,-0.4974173677806991,1
21,33,0.45,0.6,-0.3,20,25,11,10000,9499.59174149215,-500.4082585078504,-5.004082585078504,-1.3539475969721826,-0.5014036185325014,-0.3365516727802851,-15.095010659219346,0.0896950408011307,6.313052534056974,55,26,29,47.27272727272727,109.14536241493404,-107.0409545274541,424.3118727735445,-434.6737248918844,0.9141777863132796,8.636363636363637,9,45,20.0,6.706168568056814,-4.235661333047069,-0.1478444840832709,-0.5014036185325014,1
28,42,0.45,0.1,-0.1,20,35,2,10000,9583.737677884512,-416.2623221154881,-4.162623221154881,-1.122669524085007,-0.5283655370871806,-0.2939406309082937,-17.96447643326882,0.0619237138126424,5.605601794437098,43,28,15,65.11627906976744,111.38113593861476,-223.5289418931133,251.26481069477788,-378.2383022752965,0.9301321430291546,8.86046511627907,14,45,31.11111111111111,3.471150927697142,-4.022062532640403,-0.1488312459814955,-0.5283655370871806,1
14,39,0.5,0.2,-0.5,10,60,5,10000,8887.013648969927,-1112.986351030073,-11.129863510300728,-3.0561357011841483,-0.5375903299068459,-0.5455081240114854,-25.080221126636793,0.12185441610553974,8.781444596687345,109,62,47,56.88073394495413,103.48998609001201,-155.1935051726001,268.74821244956036,-467.0906670624822,0.8796676439718192,12.055045871559633,19,45,42.22222222222222,4.497320288146045,-6.904654116928377,-0.28183451494228245,-0.5375903299068459,1
21,39,0.55,0.4,-0.4,20,45,14,10000,9877.435778600911,-122.56422139908682,-1.225642213990868,-0.3269356492995867,-0.5376131058793195,-0.4050963434245468,-8.252251987509892,0.0387837138048863,4.156637275438626,51,25,26,49.01960784313725,89.82275879549657,-83.98204581871211,420.3979696031519,-325.7338998381883,1.0284107330488292,6.294117647058823,11,45,24.444444444444443,3.5679411573244835,-6.264939269879766,-0.0549715603040426,-0.5376131058793195,1
28,45,0.5,0.4,-0.4,20,25,5,10000,9029.930944658508,-970.0690553414934,-9.700690553414931,-2.673226843475196,-0.5493013524144893,-0.4521279214430909,-18.855982866096323,0.1417707505601177,7.999207324016462,31,16,15,51.61290322580645,199.6934180106491,-272.5642495674602,601.5042206934224,-510.8789769092058,0.7814902830533279,21.161290322580644,10,45,22.22222222222222,6.516996952513932,-6.318371116708876,-0.2873948099478282,-0.5493013524144893,1
14,33,0.55,0.5,-0.4,20,25,5,10000,9033.754318757308,-966.2456812426916,-9.662456812426916,-2.662285730535962,-0.5496233157457833,-0.3450551575958621,-17.501608725782788,0.1521166295195465,7.973739726904645,47,26,21,55.319148936170215,175.84843100016877,-258.46689939271926,509.5551060687002,-608.2455806502413,0.8423403753415432,8.595744680851064,9,45,20.0,5.352949869288981,-8.280447957445213,-0.3013899874736845,-0.5496233157457833,1
21,33,0.45,0.4,-0.5,15,55,14,10000,9158.37381305757,-841.6261869424306,-8.416261869424305,-2.307517288851113,-0.5657687711931493,-0.6017032153723625,-19.743852946839617,0.1163601452802485,7.190335623515236,127,62,65,48.81889763779528,75.62693962701249,-70.6034693160572,485.5125080144792,-274.0684106801486,1.0217127598569054,6.448818897637795,16,45,35.55555555555556,4.140636385726526,-4.8352407563890925,-0.2091683104236784,-0.5657687711931493,1
28,36,0.5,0.5,-0.5,20,25,14,10000,9196.960999973242,-803.039000026758,-8.03039000026758,-2.198385976261064,-0.5692028164737905,-0.4380275065466682,-14.191240854730305,0.1549114696005096,6.993294994891166,36,19,17,52.77777777777778,151.8569808491268,-201.20715506824615,462.6548998682195,-595.1971387896818,0.8435212353670053,13.055555555555555,10,45,22.22222222222222,2.777837090579971,-5.805584568813793,-0.229315991588344,-0.6317278265404812,2
28,42,0.55,0.6,-0.3,15,60,5,10000,7989.613200183333,-2010.386799816667,-20.10386799816667,-5.785786294626261,-0.5775442745151876,-0.6099388358210043,-28.17413349264582,0.2050116965884793,12.43675588809141,45,18,27,40.0,336.9187695521293,-295.8826867021523,783.1727970337429,-500.4966236598822,0.7591269213425018,19.53333333333333,17,45,37.77777777777778,8.138340182509495,-9.201842247830438,-0.3648103888429837,-0.5775442745151876,1
28,42,0.5,0.3,-0.4,20,55,14,10000,9624.11255055618,-375.8874494438187,-3.7588744944381873,-1.012226946346484,-0.577714536493934,-0.4258246590692024,-9.906225641255478,0.1011457961443991,4.991217596303048,31,15,16,48.38709677419355,161.51042003905988,-166.62148437685713,301.29637255507777,-572.396528641755,0.9087424671127798,13.096774193548388,13,45,28.88888888888889,2.4562469074980164,-5.436097396799866,-0.1554863934085583,-0.577714536493934,1
21,45,0.5,0.1,-0.4,15,50,5,10000,8995.34780408143,-1004.6521959185702,-10.046521959185702,-2.772346178910668,-0.5817441666112323,-0.5374716697382772,-22.348114070362904,0.1239026050335009,7.751865218497965,101,74,27,73.26732673267327,79.81398401542788,-249.1833295912704,159.3988778860238,-591.4046076803031,0.877865457656108,10.643564356435643,17,45,37.77777777777778,4.559618435847912,-5.152202414297335,-0.2822773199428304,0.6396317134070096,3
28,45,0.55,0.5,-0.5,15,50,11,10000,8993.559172240288,-1006.4408277597122,-10.06440827759712,-2.777480214166705,-0.5858641411015271,-0.6116282114483474,-19.677453463136253,0.1408092142364841,7.707369995834483,86,46,40,53.48837209302325,98.7372487406381,-136.36155397580507,352.20175112255026,-723.7618901506138,0.8326968470297783,15.616279069767442,15,45,33.33333333333333,6.966372868356285,-7.799902449874763,-0.2674030239032799,-0.5858641411015271,1
7,33,0.55,0.6,-0.1999999999999999,20,60,2,10000,9535.770802239023,-464.2291977609766,-4.642291977609766,-1.2543245321723462,-0.5890907606697644,-0.2815256280308475,-10.250795817280732,0.1220310617061119,5.295569213018505,57,33,24,57.89473684210527,79.87607615707368,-125.70582128935308,290.1888864624935,-372.3825821307371,0.8737034099890055,3.263157894736842,7,45,15.555555555555555,2.47560416392556,-4.927048968126591,-0.1757904936522907,-0.5890907606697644,1
28,39,0.45,0.1,-0.5,10,60,2,10000,7572.284077314949,-2427.715922685051,-24.277159226850507,-7.11842154054354,-0.6099131518768313,-0.6448934461607797,-48.41985038299195,0.146815823280959,13.810129948949992,141,119,22,84.39716312056737,95.79595747515468,-588.4620581693425,270.7468046231,-1005.1910979425812,0.880547922356286,10.46808510638298,19,45,42.22222222222222,6.597436508433496,-7.960629819085375,-0.5990888541793918,-0.6099131518768313,1
28,45,0.55,0.1,-0.4,15,30,8,10000,8768.479898382671,-1231.5201016173287,-12.315201016173289,-3.429613693121647,-0.6260139965988509,-0.624331987710846,-22.013088162900992,0.1554959143107316,8.223331001225615,72,46,26,63.888888888888886,102.87055634167804,-219.85352208980373,188.8085307035858,-567.0941665013027,0.82783187550319,12.833333333333334,18,45,40.0,5.638080366179321,-6.061656584301344,-0.3253451558165555,-0.6260139965988509,1
21,30,0.5,0.6,-0.5,15,60,8,10000,7979.387872389362,-2020.6121276106376,-20.20612127610638,-5.817819946970182,-0.6323658669756548,-0.6317207680898419,-31.9787043220814,0.1816228643712641,11.572407197217656,75,43,32,57.333333333333336,126.29982263427992,-215.955198210473,616.1149368154772,-827.2990949287461,0.7858823870468106,12.813333333333333,14,45,31.11111111111111,4.991960990995414,-9.774793425410287,-0.5869681966505064,-0.5349319472977196,2
28,30,0.45,0.2,-0.1999999999999999,15,45,5,10000,8000.913359469832,-1999.086640530168,-19.99086640530168,-5.750420442733184,-0.6457365394349498,-0.5227937198639754,-28.952635858042232,0.1978276699103205,11.251794837339878,61,34,27,55.73770491803278,202.4239611826076,-307.7257722495478,479.26097243947646,-549.0291423863366,0.8283487130496917,10.737704918032788,14,45,31.11111111111111,6.041490535308292,-9.020155320786438,-0.5488805296043566,-0.9744622260202922,3
21,30,0.5,0.3,-0.5,5,35,5,10000,7344.038614563544,-2655.961385436456,-26.55961385436456,-7.870225483408577,-0.6602180088535327,-0.7540657339425056,-37.74038908212522,0.2082830147869242,13.96062248610541,153,81,72,52.94117647058824,126.61662320131992,-172.95514309093005,470.4700538944985,-829.2622304152278,0.8235875415777375,14.529411764705882,16,45,35.55555555555556,10.049056390994073,-10.951870447622202,-0.7469468764917173,-0.6602180088535327,1
28,36,0.55,0.5,-0.5,5,60,11,10000,7659.186048927062,-2340.813951072938,-23.408139510729377,-6.836554319138887,-0.6607632240682743,-0.8102217681687364,-34.06973894766922,0.2000023829128573,12.527965796712875,124,60,64,48.38709677419355,107.4512305643406,-130.79083672929215,444.6446937211917,-676.4326764649288,0.770203258677589,14.701612903225806,20,45,44.44444444444444,8.338429101237654,-13.77879270611876,-0.5808092239227717,-0.6607632240682743,1
21,30,0.55,0.6,-0.3,10,40,2,10000,6532.3578621419,-3467.6421378581,-34.676421378581004,-10.691419929099066,-0.6638158036688886,-0.7236981937614512,-47.64648650375255,0.2241963570968177,17.68054653921902,130,53,77,40.76923076923077,187.9655661847077,-168.45167516231228,685.1575242245622,-510.1871963929892,0.768047548832002,14.346153846153848,16,45,35.55555555555556,10.599120306017308,-10.802611934887086,-0.924226282929883,-0.3638077249884247,2
28,36,0.5,0.6,-0.4,10,45,8,10000,7259.2910789496,-2740.7089210504,-27.407089210504,-8.15374000066843,-0.6713604422075191,-0.7549547807859232,-40.36840256870905,0.2014331163004701,14.131029274373336,97,45,52,46.39175257731959,132.10845445530822,-159.6206058393021,419.0436963983316,-664.80026475724,0.7162272279743073,19.36082474226804,17,45,37.77777777777778,8.315198293328496,-8.213769753529586,-0.6429366180640257,-0.4031718914264127,2
28,30,0.5,0.4,-0.3,20,45,8,10000,8718.595007510106,-1281.4049924898936,-12.814049924898937,-3.575808648419798,-0.683806384483939,-0.3953740184841151,-19.297948706914017,0.1840866594098413,7.775442558111992,20,11,9,55.00000000000001,169.14448401590752,-330.76603518498626,537.440579561339,-532.6932650371205,0.6250102040100197,13.4,8,45,17.77777777777778,3.503444787342413,-6.163659841991964,-0.2498921601581901,-0.683806384483939,1
21,36,0.55,0.2,-0.5,20,55,8,10000,8906.141433803736,-1093.8585661962643,-10.938585661962644,-3.029320587239115,-0.6864412928449954,-0.5411829074531206,-15.016424709262749,0.2010648822019796,7.025480281323534,35,17,18,48.57142857142857,177.87103083548527,-221.3925605777516,525.5066537201634,-492.0486310178486,0.7587847869042729,10.971428571428572,9,45,20.0,3.2678788211866205,-5.389484152098978,-0.3291916451076705,-0.6864412928449954,1
28,33,0.55,0.4,-0.4,15,30,11,10000,7961.422892955876,-2038.577107044124,-20.38577107044124,-5.874173279504335,-0.694252836607172,-0.6915063388308738,-28.93488036115433,0.2022270413644675,10.740559055710996,62,31,31,50.0,158.31601487897737,-209.79189033712635,438.4057237336232,-614.6276795439842,0.7546336258497433,13.774193548387096,14,45,31.11111111111111,6.353029458952109,-7.123633436823629,-0.5229992994930439,-0.6317278265404812,2
14,36,0.5,0.5,-0.4,15,35,8,10000,9252.68193799776,-747.3180620022395,-7.4731806200223945,-2.022406574457236,-0.6955198040163464,-0.6242287853235293,-21.93022962635116,0.09222003640249764,5.5909895677197206,104,60,44,57.692307692307686,72.31560563253852,-109.89441818078421,259.4955426161556,-479.71624289447806,0.8973357439928571,6.846153846153846,15,45,33.33333333333333,3.299965974382846,-7.048286514386604,-0.22673022796996406,0.08866956728783298,2
21,45,0.5,0.6,-0.1,15,25,14,10000,9327.051047835585,-672.9489521644173,-6.729489521644173,-1.8329286582980164,-0.7015293208963937,-0.570619136887955,-21.80967525614197,0.0840419968097339,5.290407759103954,125,74,51,59.2,59.44565164689872,-93.69588352821366,240.12978789964723,-255.69332345576683,0.9205791299536062,6.016,16,45,35.55555555555556,3.224500975318678,-4.3698292598632005,-0.1789606069320669,-0.7015293208963937,1
7,30,0.55,0.6,-0.1,20,35,5,10000,9430.87759271154,-569.1224072884597,-5.691224072884597,-1.5439294820984717,-0.7027030754992766,-0.3136920643919837,-13.649603977102526,0.1128626477053662,4.8874649041141325,69,39,30,56.52173913043478,66.50704258161397,-102.17990226571634,397.0488961512518,-365.9822828453005,0.8461463892504344,2.27536231884058,7,45,15.555555555555555,4.330653006730367,-5.446308631887609,-0.1909328477545736,-0.7027030754992766,1
28,45,0.5,0.2,-0.1999999999999999,20,35,11,10000,9364.187688216349,-635.8123117836531,-6.358123117836531,-1.7292893731471803,-0.7067901622126496,-0.46523549955425,-13.506679868297429,0.1275297523849605,5.10548367387321,36,20,16,55.55555555555556,121.2157879494344,-184.02675442327129,254.59162307835965,-436.3103733631218,0.8233571005022976,13.22222222222222,10,45,22.22222222222222,3.889403929342383,-4.403914981710999,-0.2071815818993472,-0.1536628634305211,2
28,36,0.5,0.6,-0.4,20,30,5,10000,7423.614856974301,-2576.385143025699,-25.76385143025699,-7.606190147406188,-0.7101664365199487,-0.5701448742253233,-28.997991709519777,0.2615302109162168,12.785416726014438,27,9,18,33.33333333333333,363.0950122109456,-316.4466807180126,781.1138926115566,-553.4183416046694,0.5737064635771952,20.03703703703704,10,45,22.22222222222222,8.03859311566848,-10.33616559058772,-0.5618366525021332,-0.7101664365199487,1
21,33,0.55,0.3,-0.4,15,45,2,10000,6984.000393254322,-3015.9996067456777,-30.159996067456778,-9.091806714526872,-0.717551740630239,-0.722642253910097,-36.90907050222473,0.2460747362363664,14.58503891677444,95,48,47,50.526315789473685,160.5458347243731,-220.0523726673624,610.8626749293412,-589.9018538512977,0.745103093235651,13.473684210526317,12,45,26.666666666666668,11.21980306632504,-10.063105850564211,-0.8044442910846341,-0.717551740630239,1
14,39,0.5,0.2,-0.4,5,45,11,10000,9295.355111842737,-704.6448881572633,-7.0464488815726325,-1.921624262125177,-0.7354245246602439,-0.7712539388432307,-19.324057708809093,0.0992668461883724,5.173779110444096,325,171,154,52.61538461538462,31.83532206743861,-36.11808416681463,168.25096624495117,-272.15734405794694,0.9787233094597588,2.7046153846153844,20,45,44.44444444444444,2.443052607158158,-5.184882486313769,-0.1793215331310261,0.7663730389488611,6
21,36,0.55,0.4,-0.1999999999999999,15,60,5,10000,7573.059961939679,-2426.940038060321,-24.26940038060321,-7.115894467341699,-0.7414839257992991,-0.6767583505835889,-30.761369260412973,0.2310128915909678,11.718558334661246,68,25,43,36.76470588235294,231.3469879562473,-186.10418883033196,448.4750509979152,-450.0255125521181,0.7227352786125902,12.191176470588236,11,45,24.444444444444443,5.509231354662014,-7.007568248934327,-0.6412151714515771,-0.7414839257992991,1
28,42,0.5,0.1,-0.5,20,40,14,10000,9313.650204902304,-686.3497950976962,-6.863497950976962,-1.870401549351708,-0.7591964787416089,-0.6393081527982614,-10.941132033981155,0.1700223132679468,4.949291715791419,41,25,16,60.97560975609756,93.68272323721328,-179.03861725175318,215.86833910939444,-431.7893776356535,0.8175848166449822,10.51219512195122,11,45,24.444444444444443,1.4077771758483235,-3.728305054861669,-0.2173940902972742,-0.7591964787416089,1
14,39,0.55,0.4,-0.1999999999999999,20,50,8,10000,9449.351235601898,-550.6487643981018,-5.506487643981018,-1.4927536283130038,-0.764043834647241,-0.4536085396636345,-13.757205841293027,0.1082598342728723,4.453452972941912,54,26,28,48.14814814814815,88.75564157819007,-97.6712659082513,279.5116453887463,-370.25641017119005,0.8438096110216495,5.351851851851852,8,45,17.77777777777778,2.214651595072903,-5.953107949024561,-0.1816533413912475,-0.764043834647241,1
14,30,0.55,0.2,-0.3,20,25,8,10000,9165.558307155345,-834.4416928446553,-8.344416928446554,-2.287172732289944,-0.7990903998808678,-0.5022010826627684,-14.773137027527516,0.1548197060670419,5.230045275529652,52,23,29,44.230769230769226,99.254153637538,-101.6202491899326,398.524769672975,-408.5139750226468,0.7746370642971436,5.134615384615385,7,45,15.555555555555555,2.236202979836488,-4.116478894571818,-0.2660680006200342,-0.7990903998808678,1
21,42,0.55,0.1,-0.1999999999999999,5,55,8,10000,8099.113085909795,-1900.8869140902048,-19.00886914090205,-5.444621191077892,-0.8179087355695256,-0.8127473038844387,-24.611646584177656,0.2209560376737867,8.81148240296963,120,73,47,60.83333333333333,89.72190819229942,-173.50104463897844,215.39146936610453,-425.3873523345154,0.8031957646338236,8.866666666666667,18,45,40.0,4.17463247877754,-5.388035344794462,-0.4749692844892166,-0.8179087355695256,1
21,42,0.5,0.1,-0.1,15,25,11,10000,8886.375423487252,-1113.6245765127478,-11.136245765127478,-3.086515639877341,-0.8285315668971198,-0.6410380146353771,-23.43023957490083,0.1317321417056148,5.984420095924565,111,62,49,55.85585585585585,79.63894541346552,-117.71840975615396,150.99488459851267,-278.0128566686243,0.8560058314223887,6.5225225225225225,16,45,35.55555555555556,3.90108673371774,-6.420476821852006,-0.3075616582722038,-0.2184544239018647,2
14,30,0.5,0.2,-0.1,20,45,5,10000,8766.212305477342,-1233.787694522658,-12.33787694522658,-3.4362459345051555,-0.8325425810314375,-0.4334188098932804,-18.555984704296417,0.1848232807205874,6.35404132854749,50,25,25,50.0,137.58981846926835,-181.74132625017532,301.6740875199159,-375.6317918442478,0.7570640167986318,6.26,7,45,15.555555555555555,3.7710920291875514,-8.132743810750842,-0.316976077704837,-0.8325425810314375,1
21,36,0.55,0.2,-0.4,10,50,14,10000,8413.0894382344,-1586.9105617656005,-15.869105617656004,-4.484801149177198,-0.8692788845447734,-0.9867250382657546,-24.35643667393333,0.1837258485826987,7.26822202044442,165,85,80,51.51515151515152,63.59924272668443,-79.7876447033951,207.96894972781612,-476.6709857435084,0.8469255565608494,6.296969696969697,18,45,40.0,3.148561222504398,-8.27568930859427,-0.3945953750026795,-0.6821902670905379,3
28,42,0.55,0.4,-0.1,15,25,14,10000,8085.235924274271,-1914.7640757257288,-19.147640757257285,-5.487669609567525,-0.8755824291208496,-0.7004730710150735,-37.053390927948,0.1481016844109773,8.336967092834774,97,54,43,55.67010309278351,111.99790440326078,-179.27578610941637,420.0254874750992,-349.9614317791745,0.7845372437816586,10.783505154639176,13,45,28.88888888888889,5.768693841430794,-7.624394442954818,-0.4967686457575172,-0.04649601875261,2
21,42,0.45,0.6,-0.1,5,30,2,10000,7628.844191653335,-2371.1558083466653,-23.711558083466652,-6.871843504748954,-0.8946217178150215,-0.8016669965595521,-34.786243034419606,0.1973617325089175,9.667641644318747,67,22,45,32.83582089552239,235.48854570672987,-163.80523969865064,506.628454181652,-248.9885046117605,0.7028330331094523,15.223880597014926,17,45,37.77777777777778,5.559474154259236,-5.245579225526198,-0.5706292773263852,-0.8946217178150215,1
21,39,0.55,0.2,-0.1999999999999999,5,25,14,10000,8222.019422782665,-1777.980577217335,-17.779805772173347,-5.065697718888751,-0.9017283161680304,-0.9143312888963429,-25.49019949373552,0.1987311915755582,7.661701788723482,170,85,85,50.0,66.25312688295156,-80.05719700007101,250.642083170257,-389.9928398984071,0.8275724028021215,6.064705882352941,17,45,37.77777777777778,3.167045386282608,-7.268059875697364,-0.461525913564242,-0.9017283161680304,1
28,42,0.5,0.6,-0.1,5,60,8,10000,7272.9008569238995,-2727.0991430761005,-27.270991430761004,-8.035020964977269,-0.9113604508065327,-0.9670949683874376,-45.74778540983127,0.1754310946121612,10.748710327850802,100,34,66,34.0,174.64621016790966,-127.9038615536802,664.2628849150593,-378.2383022752965,0.7034131627504401,15.01,16,45,35.55555555555556,11.123327836702067,-7.313517602543218,-0.8045764235392631,-0.9113604508065327,1
28,30,0.55,0.5,-0.4,15,55,2,10000,5607.040061732892,-4392.959938267108,-43.92959938267108,-14.241324819129352,-0.9250839503762378,-0.8887252494237251,-48.07430516456084,0.2958043756274284,17.159953878356777,47,19,28,40.42553191489361,273.4274120753057,-330.744845423411,624.8911140892452,-622.8097451564267,0.5609763302131143,17.893617021276597,14,45,31.11111111111111,12.338999851520205,-11.724148375077691,-1.0411538402278382,-0.9250839503762378,1
28,33,0.45,0.3,-0.1999999999999999,5,35,14,10000,7037.687152106424,-2962.312847893576,-29.62312847893576,-8.906761436948374,-0.9276397088083532,-0.8690219037245198,-39.12587052188132,0.2270808678528079,11.478555161936342,99,56,43,56.56565656565656,109.0002814170128,-192.95020987775223,313.2852511141042,-483.6218342040226,0.7357019977257642,10.292929292929292,16,45,35.55555555555556,4.400630493005386,-11.12642101117184,-0.8178648616538007,-0.9276397088083532,1
28,33,0.5,0.1,-0.3,15,25,5,10000,7012.255507523484,-2987.744492476516,-29.87744492476516,-8.994288449362486,-0.9328825297178562,-0.7384556553363167,-46.948646391102834,0.1915771622984849,11.535166465520817,73,53,20,72.6027397260274,115.70076933810942,-425.9306073249372,242.11604637427573,-648.6230632580053,0.7198520920382772,9.945205479452056,16,45,35.55555555555556,5.569301544817296,-14.16699409247375,-0.7803936607614445,-1.040103282676915,2
21,42,0.5,0.6,-0.1,10,40,5,10000,7278.254632785558,-2721.745367214442,-27.21745367214442,-8.017218003183835,-0.9454552924279744,-0.8699281011700877,-40.49960317217087,0.19780258105247708,10.381115589073834,73,29,44,39.726027397260275,183.0315669448159,-178.82778135928604,489.1858535450198,-358.89086265102645,0.6745844573647286,14.520547945205479,19,45,42.22222222222222,5.771324424411639,-11.241183976658164,-0.6575623159323044,-0.4013032570244538,2
28,30,0.5,0.5,-0.1,20,40,14,10000,8446.711309129532,-1553.2886908704677,-15.532886908704675,-4.383588027025409,-0.9738038288911572,-0.4764662270131344,-24.97900529170221,0.1745653818470731,6.423425464323275,27,9,18,33.33333333333333,209.8627280236073,-179.23629128238542,492.6538645978941,-363.64734290975485,0.5854359251748023,6.7407407407407405,5,45,11.11111111111111,1.9390552320090797,-5.683374093775095,-0.4513831274285791,-1.2348755786166496,2
21,30,0.45,0.5,-0.3,5,55,14,10000,7645.233225441985,-2354.7667745580147,-23.54766774558015,-6.881651573048375,-0.983961391667128,-1.1642196963664475,-32.43075734333664,0.2118977867378312,8.874159052778102,166,77,89,46.3855421686747,75.76087507233827,-78.73565763609426,485.5125080144792,-349.56211372403016,0.8324808300621187,6.391566265060241,17,45,37.77777777777778,3.969950537860223,-6.8863865331726615,-0.5954514759108007,-0.983961391667128,1
28,42,0.5,0.6,-0.1,5,60,8,10000,7094.1534443464825,-2905.846555653517,-29.05846555653517,-8.713251086425721,-0.998549631673944,-0.9952887989771986,-45.137399283105765,0.1928288976587142,10.568358208975656,99,38,61,38.38383838383838,158.23992664223815,-142.29423511174463,464.3304564911638,-378.2383022752965,0.6927595621089496,13.787878787878787,13,45,28.88888888888889,11.43564658882099,-6.810921423118965,-0.7240829736608216,-0.998549631673944,1
21,42,0.55,0.4,-0.3,20,40,2,10000,7597.529964155601,-2402.470035844399,-24.024700358443987,-7.036292523562282,-1.1227909673891858,-0.7128353085957533,-26.792821587643665,0.2623789781965271,7.993060671134984,29,13,16,44.82758620689656,194.83493436171744,-304.4765114091699,403.795849578894,-449.6522565518306,0.5199198566623087,14.310344827586206,9,45,20.0,4.031341812625855,-8.496096520968289,-0.6535764029696903,-1.1227909673891858,1
21,42,0.55,0.4,-0.1,20,40,14,10000,9166.321346812185,-833.6786531878151,-8.336786531878152,-2.2850126971506235,-1.1231833506386466,-0.5798384228717979,-10.83598619086082,0.2102499206885928,3.77098649792969,52,29,23,55.76923076923077,62.36839672785413,-109.00705036067568,217.29492047189825,-254.06014192163903,0.7214066705351752,5.4423076923076925,9,45,20.0,2.4213253582851424,-4.6813192625065785,-0.2275114962348991,-1.1231833506386466,1
14,36,0.55,0.3,-0.1,20,25,8,10000,8798.147175077764,-1201.8528249222363,-12.018528249222364,-3.342958861144263,-1.1285951238531604,-0.5641037632421567,-17.876427273922467,0.1870037457664071,4.68976778657009,52,23,29,44.230769230769226,86.70746763351373,-106.35602001700192,279.5116453887463,-301.03440324544334,0.6465829725521348,4.788461538461538,7,45,15.555555555555555,2.3498324858595154,-4.655015828044173,-0.3507627906800469,-0.3325704382929215,2
21,30,0.5,0.1,-0.3,20,45,2,10000,7403.878987761394,-2596.1210122386065,-25.961210122386063,-7.671479516437108,-1.1357131954984476,-0.6667674712947307,-28.83491880777798,0.26571656101485,8.467566687231406,58,40,18,68.96551724137932,90.55073715794704,-331.8750276975835,188.7915617643356,-545.0120470716272,0.6063241990426463,8.982758620689655,9,45,20.0,4.108310804615556,-11.083257433809578,-0.7023872577432592,-0.8907248674666988,2
28,30,0.5,0.3,-0.1999999999999999,10,50,8,10000,6118.901939665979,-3881.098060334021,-38.81098060334021,-12.228664103673026,-1.1419369431274793,-1.039653721580427,-42.01692172798747,0.2905363357935073,12.474207661540314,83,42,41,50.60240963855421,138.9580210732345,-223.15848696119969,259.5216007920324,-470.596407759717,0.6378750951298604,11.855421686746988,17,45,37.77777777777778,6.588303370210147,-10.620863687389017,-0.988810200839508,-0.8938367412812145,2
21,36,0.5,0.6,-0.1,10,35,14,10000,7128.603493408837,-2871.3965065911634,-28.713965065911637,-8.595745548386702,-1.1439902039095535,-1.0320523532623036,-39.77637773190168,0.2158637293396988,9.22781401201271,183,100,83,54.644808743169406,65.98080864307684,-106.64870787514042,322.2039561966024,-416.5163808894738,0.7453906545726827,5.759562841530054,16,45,35.55555555555556,4.055966977855152,-6.4331952559150585,-0.7542201860281424,-1.1439902039095535,1
21,30,0.55,0.2,-0.1999999999999999,10,30,5,10000,5282.977793458607,-4717.022206541393,-47.17022206541392,-15.586386625488547,-1.1473240356359735,-1.242033622377931,-51.23807254789799,0.3040247550367271,15.467986510447314,143,65,78,45.45454545454545,118.5595678832273,-153.48101306934996,509.382664822352,-436.0096376573017,0.6437254871261964,11.216783216783217,14,45,31.11111111111111,5.540802013536417,-11.675958317355883,-1.42052200014557,-1.040103282676915,2
21,45,0.55,0.3,-0.1,10,60,2,10000,6680.928755776444,-3319.0712442235563,-33.190712442235565,-10.156490984487531,-1.17351877150462,-1.0647098013422482,-40.674459746693366,0.2496256703938515,10.373571479826712,106,41,65,38.67924528301887,147.7917663368962,-141.63071615292804,376.29069830959736,-375.2285300496016,0.6582082001597127,11.669811320754716,14,45,31.11111111111111,5.495011394952609,-10.586754214385508,-0.8526603521931776,-1.17351877150462,1
21,39,0.5,0.1,-0.1,15,55,8,10000,7219.517485485519,-2780.4825145144805,-27.804825145144807,-8.287637398894166,-1.184030337206034,-0.8863850337750309,-38.169427503293626,0.2169617145612946,8.67599958848234,118,70,48,59.32203389830508,89.3068831544989,-180.30895245973295,211.33653069726213,-416.5163808894738,0.722311359605931,6.957627118644068,12,45,26.666666666666668,3.683198139874877,-6.038811557077628,-0.7656630428602279,-1.184030337206034,1
21,33,0.45,0.3,-0.1999999999999999,15,55,14,10000,7507.87617188886,-2492.12382811114,-24.9212382811114,-7.328865909699034,-1.191785841727624,-1.0525547788297764,-30.28765561027325,0.2416583990454982,7.804855000933735,133,61,72,45.86466165413533,72.11503427222937,-85.38251275996085,284.4043583769367,-377.21764881821696,0.7155734542916946,6.0,14,45,31.11111111111111,3.2943739448169085,-5.1023736863908375,-0.6433377075281568,-1.191785841727624,1
28,36,0.55,0.1,-0.4,10,25,11,10000,6083.821080710547,-3916.178919289453,-39.16178919289453,-12.362570153260489,-1.2029874245132113,-1.3456757063408251,-46.49087590203997,0.2659139005965261,12.0368055954789,139,86,53,61.87050359712231,72.4504472091259,-177.9677789326772,273.06087286922576,-564.1979633360277,0.6605752104320717,11.237410071942444,16,45,35.55555555555556,5.672161754735972,-12.474393868917598,-1.1044480173675066,-1.3337169613520432,2
28,33,0.55,0.4,-0.1999999999999999,5,30,2,10000,4505.697871013478,-5494.302128986522,-54.94302128986522,-19.079407779257217,-1.2415717484126068,-1.247516555360083,-59.457262482606254,0.320563741985344,17.423862459792836,79,29,50,36.70886075949368,256.172920720538,-249.2166703597557,623.468692320277,-562.1165793485901,0.5961892268419666,13.873417721518988,14,45,31.11111111111111,8.476946659292416,-10.820933243653752,-1.5266081562681697,-1.2415717484126068,1
21,30,0.45,0.6,-0.1999999999999999,15,60,14,10000,7259.840259254464,-2740.159740745536,-27.40159740745536,-8.15189496620513,-1.2576804040960694,-1.151035109444102,-32.83114427673443,0.2480078247890545,8.088042174718463,127,58,69,45.66929133858268,76.052529571416,-92.43052834619864,485.5125080144792,-377.21764881821696,0.6916352682036632,6.039370078740157,13,45,28.88888888888889,2.4992929400942554,-6.894809458782591,-0.7184223252119089,-1.2576804040960694,1
28,30,0.55,0.5,-0.5,20,40,8,10000,7320.96437218057,-2679.0356278194304,-26.790356278194302,-7.947179013109218,-1.258471732509961,-0.7362815644674936,-28.785011338427047,0.2753141941062038,7.906166615392844,17,9,8,52.94117647058824,83.70114127023822,-414.4182374064479,263.9959580214341,-661.801320623748,0.2272192085906326,14.764705882352942,6,45,13.333333333333334,3.398705578490091,-7.404687552833833,-0.5797368184007919,-1.258471732509961,1
14,42,0.55,0.3,-0.4,5,25,11,10000,8921.514766242262,-1078.4852337577377,-10.784852337577377,-2.9849006347758,-1.3155456583638796,-1.478991751505619,-16.1699054801701,0.1845960471714767,3.7720624430920937,341,159,182,46.62756598240469,26.08213598451428,-26.176070633494383,243.4440011622767,-146.53117377160757,0.8704913046584077,2.592375366568915,14,45,31.11111111111111,3.0141280795963787,-2.320614951543054,-0.2859102117978108,-1.3155456583638796,1
14,45,0.55,0.1,-0.5,15,35,11,10000,9058.249339082124,-941.7506609178764,-9.417506609178764,-2.5922704201802538,-1.3275243191017518,-1.240954982975527,-15.030775006349955,0.1722404582767289,3.439879307914847,245,126,119,51.42857142857142,26.26424855736029,-32.99198301803049,141.7346251937326,-146.53117377160757,0.8429079373511447,2.583673469387755,11,45,24.444444444444443,2.801134397181704,-2.331270149561948,-0.2557948297383788,-1.3275243191017518,1
21,30,0.45,0.3,-0.1999999999999999,15,30,14,10000,7049.493027445064,-2950.506972554936,-29.505069725549355,-8.866208590481584,-1.3811055105634462,-1.2176150639181644,-34.39238934232945,0.2575211686307151,7.93937048897662,131,60,71,45.80152671755725,69.3893040612361,-89.465707270833,284.4043583769367,-377.21764881821696,0.6554338001815595,5.900763358778626,14,45,31.11111111111111,2.6453332759346138,-6.831210873472815,-0.7873931914675221,-1.3811055105634462,1
21,33,0.5,0.1,-0.5,15,30,14,10000,7318.081047210747,-2681.918952789253,-26.81918952789253,-7.956807533454846,-1.4644464981908754,-1.5141508664561572,-31.242981409841107,0.2543698673261829,6.864325256862343,147,61,86,41.49659863945578,54.04145864577362,-59.901276418975485,284.4043583769367,-310.5097932858079,0.6399151167856472,5.9523809523809526,12,45,26.666666666666668,2.107314406760552,-5.084306437838848,-0.6985986859579543,-1.3337169613520432,2
14,30,0.5,0.1,-0.1,5,40,8,10000,6746.048703172711,-3253.9512968272893,-32.539512968272895,-9.924778383063938,-1.4650609742139429,-1.3427359800321297,-38.96532425014618,0.2545483364655246,8.266598523114308,217,118,99,54.377880184331794,52.59507667090382,-89.80576105044341,273.8705341672785,-285.59607778195203,0.6980518905607793,4.382488479262673,12,45,26.666666666666668,3.659412306363508,-6.46496247252335,-0.926709648869612,-1.4650609742139429,1
21,33,0.55,0.5,-0.1,20,45,14,10000,7573.050785351873,-2426.949214648127,-24.26949214648127,-7.115924354577762,-1.495947328342142,-0.8415124078667554,-24.65725943676132,0.2882032681167636,6.1421837050742845,62,21,41,33.87096774193548,113.54164950459436,-109.32741107913704,396.119711879783,-255.44664985131817,0.5319386825363703,4.629032258064516,7,45,15.555555555555555,2.5112786789283303,-7.3930554914025,-0.5979384338989278,-1.2348755786166496,2
28,36,0.5,0.5,-0.1999999999999999,20,35,5,10000,5868.407693583988,-4131.592306416012,-41.31592306416013,-13.19749569672164,-1.5140789661626617,-0.945288201367348,-43.75915524293724,0.3011143210409494,10.306434927154942,33,8,25,24.24242424242424,223.58994333072303,-230.15647412247225,525.5824684217627,-392.6808598831869,0.3108701683870878,14.727272727272728,8,45,17.77777777777778,5.768198965432969,-7.166723991292468,-1.092465299074563,-1.5140789661626617,1
28,39,0.55,0.5,-0.1,20,50,2,10000,6178.198451737108,-3821.801548262893,-38.21801548262893,-12.00360165428609,-1.5222032976641138,-0.8841852871523532,-43.58892981492012,0.2751727652860897,9.421336392502251,42,9,33,21.428571428571427,255.31106736796573,-179.96670165377566,618.7812493821698,-351.8831414216784,0.3869065247098363,11.80952380952381,5,45,11.11111111111111,2.9573737049726656,-8.085031091344963,-1.168257407427839,-1.5222032976641138,1
14,39,0.55,0.6,-0.1,10,60,11,10000,7642.957236238632,-2357.0427637613684,-23.570427637613683,-6.889013585309778,-1.5483253081702355,-1.461658937988771,-29.32351865216401,0.2348217197358904,5.794826104727154,352,163,189,46.30681818181818,29.25711609755853,-34.697633268060834,227.21091515132093,-281.5541933824011,0.7272060156022137,2.508522727272727,14,45,31.11111111111111,3.5934190555697576,-4.938092214452938,-0.6329091552667089,-1.5483253081702355,1
14,33,0.55,0.6,-0.1,20,30,11,10000,8290.7282392958,-1709.2717607041996,-17.092717607041997,-4.855676552978572,-1.5646650341087482,-0.7738334011630874,-18.07396552152207,0.2682923455796001,4.395984235097937,84,37,47,44.04761904761904,44.05922968414597,-66.95879274505594,247.0115861107926,-264.04985818645525,0.5180040450862348,2.5,6,45,13.333333333333334,1.1225834373069787,-3.599561040196197,-0.3791500792523432,-1.5646650341087482,1
14,30,0.55,0.4,-0.5,10,45,11,10000,7294.282000696455,-2705.717999303545,-27.05717999303545,-8.036388218264046,-1.605355653753741,-1.8260610123818928,-31.99172916307672,0.2510035598264001,6.3396726059112245,346,155,191,44.79768786127168,34.26062426331193,-38.04196209485265,247.0115861107926,-303.46217351729126,0.7308541113847044,2.5953757225433525,13,45,28.88888888888889,2.2081394291716405,-5.738500714257655,-0.7130594823367205,-1.605355653753741,1
21,30,0.5,0.3,-0.5,5,60,14,10000,6313.872266609772,-3686.127733390228,-36.86127733390228,-11.494550930806636,-1.6707313654159632,-1.992930303108699,-39.87157530195017,0.288059421064516,8.299033865555986,167,68,99,40.7185628742515,65.86151569485328,-71.44012770192609,284.4043583769367,-310.5097932858079,0.6332325298920991,6.544910179640719,12,45,26.666666666666668,3.589752263678414,-7.173500757216022,-0.9954834289624002,-1.6707313654159632,1
14,33,0.55,0.6,-0.1,10,40,8,10000,5700.753364361165,-4299.246635638835,-42.99246635638835,-13.863028752868756,-1.760513724363585,-1.6405148626589774,-45.73933061650951,0.3029576645877092,9.364709277240458,191,84,107,43.97905759162304,66.92781856587902,-88.45685416049162,398.524769672975,-264.04985818645525,0.593978449053182,4.9109947643979055,13,45,28.88888888888889,3.068723880562052,-6.339634353791079,-1.2431736046415771,-0.0731438897415419,3
28,39,0.55,0.3,-0.4,20,40,8,10000,5762.971155790726,-4237.028844209274,-42.37028844209274,-13.614387551794891,-1.841038381236896,-1.3023731931670897,-43.18540757137863,0.3150471391260686,8.823336044578053,36,13,23,36.11111111111111,127.7180299701811,-249.34187973137577,270.3328530095868,-649.9909566057931,0.2895159521539152,16.63888888888889,8,45,17.77777777777778,1.7835843800048543,-10.08816745732577,-1.190891555906428,-1.841038381236896,1
28,36,0.5,0.2,-0.1,5,25,8,10000,4101.738094328719,-5898.261905671281,-58.982619056712814,-21.072841606203376,-2.008197213577537,-1.8777358923814496,-64.72933237597705,0.3255532049025755,12.400562774042331,159,61,98,38.36477987421384,108.89757463061667,-120.93891794019292,262.5834373037913,-342.41844601134005,0.5604745384142894,8.465408805031446,11,45,24.444444444444443,5.057746749836878,-11.021252019259377,-1.9382774918120305,-2.008197213577537,1
28,42,0.55,0.1,-0.1,20,40,2,10000,6796.940842143375,-3203.059157856625,-32.03059157856625,-9.744832751124466,-2.077262887852811,-1.097400761022765,-32.740292265489536,0.2973548125765509,5.815727267228354,41,16,25,39.02439024390244,94.4552470804475,-183.16572444575152,174.6050746289066,-263.4204685715984,0.3300364100019727,8.585365853658537,1,45,2.2222222222222223,1.3737655727451337,-4.538692209221451,-0.856103993474777,-2.077262887852811,1
28,45,0.55,0.1,-0.1,10,35,8,10000,5014.8526409943925,-4985.147359005608,-49.85147359005608,-16.7458763308716,-2.07949614430493,-1.825890620041108,-52.31570019668624,0.3199828610944187,9.556571685805968,136,66,70,48.52941176470589,75.41604710405763,-137.5686638267625,183.47540015413557,-260.88724424889074,0.516880492403812,8.852941176470589,10,45,22.22222222222222,3.622299105958504,-6.873309284368934,-1.5069283363295551,-2.07949614430493,1
21,33,0.55,0.5,-0.1,20,45,14,10000,6665.736582372776,-3334.263417627224,-33.34263417627224,-10.119888094212259,-2.368570493154628,-1.1183540248403125,-35.08447745095005,0.2884434607401634,5.292872539994215,49,16,33,32.6530612244898,41.14381338462354,-115.70801308427863,153.67514735562256,-455.00327537478773,0.17240392474714408,5.8979591836734695,3,45,6.666666666666667,1.6043911161744973,-5.207511562237144,-0.9266858830892826,-2.368570493154628,1
28,33,0.55,0.6,-0.1,15,55,11,10000,3484.754043640321,-6515.245956359679,-65.15245956359679,-24.41647153621248,-2.4368188704530858,-1.988522189303384,-67.61639301887443,0.3608325677984791,12.005589236513083,87,24,63,27.58620689655172,116.63792929449,-141.18753338857616,268.7202897806695,-390.0028074641037,0.3147126081720092,8.25287356321839,6,45,13.333333333333334,5.864960606570913,-21.36205589528806,-2.140555240940735,-2.4368188704530858,1
28,36,0.55,0.1,-0.1,20,30,8,10000,4939.237100185901,-5060.762899814099,-50.60762899814099,-17.08108263043675,-2.6437573073873715,-1.3449288581979664,-50.66769310566591,0.3367241173587429,7.722667891516707,45,14,31,31.11111111111111,76.27488496930616,-189.85520288336787,132.32745310476315,-434.5012078612944,0.1814368093212812,7.177777777777778,1,45,2.2222222222222223,1.998382440393609,-8.640752724837453,-1.5221848879308033,-2.6437573073873715,1
28,33,0.5,0.5,-0.1,5,55,11,10000,2522.297075562132,-7477.702924437868,-74.77702924437868,-30.63324612219237,-2.7987738900412307,-2.5774626081728416,-77.04094882711165,0.397405209583218,13.452353117206156,121,35,86,28.92561983471074,146.56402642491503,-139.3599163838457,465.8647785036666,-339.403241432093,0.4280151125013439,8.190082644628099,6,45,13.333333333333334,5.174871707764805,-15.440455898380057,-3.01861447629415,-2.7987738900412307,1
28,36,0.55,0.2,-0.1,5,45,2,10000,2274.8410981555157,-7725.158901844485,-77.25158901844485,-32.509434842125216,-2.9071287314393435,-2.6535070187938805,-78.77697293602264,0.412469730109179,13.873436599658254,149,46,103,30.87248322147651,89.01187390621831,-110.04665147117018,206.58608739245807,-373.0066437330859,0.3612365773393986,8.463087248322148,8,45,17.77777777777778,6.3521562443857205,-12.483257144994386,-3.143060145640288,-2.9071287314393435,1
28,36,0.55,0.3,-0.1,10,45,14,10000,2213.9390761285417,-7786.060923871459,-77.86060923871459,-32.99402388512821,-3.201821105001085,-2.9019838279897323,-79.5145618320346,0.4147394164584998,12.863979793798826,159,51,108,32.075471698113205,69.74198049227743,-99.65239231863826,259.2168107819192,-351.0702138658209,0.3304859245620181,8.09433962264151,4,45,8.88888888888889,6.923737075250869,-14.278056532554109,-3.20345816847854,-3.201821105001085,1
